,random_seed,accuracy,f1_weighted,balanced_acc,auc,model_weights.random_forest,model_weights.bagging_svc,model_weights.bagging_knn,model_weights.gradient_boosting,model_weights.mlp,feature_importance.C_top_CO2_scaled,feature_importance.C_mid_humidity_scaled,feature_importance.C_CO2_vd_scaled,feature_importance.C_top_temperature_scaled,feature_importance.C_top_humidity_scaled,feature_importance.C_mid_CO2_scaled,feature_importance.C_top_temperature_fd3_scaled,feature_importance.C_mid_temperature_scaled,feature_importance.C_mid_humidity_fd1_scaled,feature_importance.C_top_temperature_fd1_scaled,feature_importance.C_mid_humidity_fd3_scaled,feature_importance.C_top_humidity_fd1_scaled,feature_importance.C_top_humidity_fd3_scaled,feature_importance.C_mid_temperature_fd3_scaled,feature_importance.C_top_CO2_fd3_scaled,feature_importance.C_mid_humidity_fd2_scaled,feature_importance.C_mid_CO2_fd3_scaled,feature_importance.C_mid_CO2_fd2_scaled,feature_importance.C_top_CO2_fd1_scaled,feature_importance.C_mid_temperature_fd1_scaled,feature_importance.C_mid_temperature_fd2_scaled,feature_importance.C_CO2_vd_fd3_scaled,feature_importance.C_CO2_vd_fd1_scaled,feature_importance.C_mid_CO2_fd1_scaled,feature_importance.C_top_temperature_fd2_scaled,feature_importance.C_CO2_vd_fd2_scaled,feature_importance.C_top_humidity_fd2_scaled,feature_importance.C_top_CO2_fd2_scaled
0,0,0.9823008849557522,0.982290880997443,0.9797955419173547,0.9978853126921463,2.635884738929165,-0.2889227901118551,0.5762804595049128,5.049514508153316,1.4543679860866912,0.027192276749798804,0.022526146419951664,0.011987127916331474,0.010297666934835092,0.010056315366049895,0.004907481898632349,0.00482703137570395,0.004344328238133554,0.002574416733708773,0.002172164119066777,0.002011263073209979,0.0013676588897827858,0.0012067578439259874,0.0004022526146419958,0.0001609010458567983,0.0001609010458567983,0.0,-0.000482703137570395,-0.000482703137570395,-0.0005631536604987942,-0.0007240547063555924,-0.0008849557522123908,-0.00096540627514079,-0.00096540627514079,-0.001045856798069189,-0.0011263073209975883,-0.0017699115044247816,-0.0022526146419951766
1,1,0.9790828640386162,0.9791062165604539,0.9778901193729326,0.9976355529987055,3.2912039572138925,-0.6960220504683292,0.16782033670003152,5.392771515041553,1.608888359877036,0.01415929203539822,0.012630732099758646,0.0011263073209975883,0.006757843925985529,0.002091713596138378,0.0012067578439259874,0.002172164119066777,-0.000482703137570395,-0.0001609010458567983,0.0005631536604987942,8.045052292839915e-05,-0.0006436041834271932,-0.0012067578439259874,0.0002413515687851975,-0.0018503620273531806,-0.0014481094127111848,-0.0013676588897827858,-0.0012872083668543865,-0.0016894609814963823,-0.0018503620273531806,-0.0031375703942075673,-0.0006436041834271932,-0.002574416733708773,-0.0017699115044247816,-0.0013676588897827858,-0.0032984714400643655,-0.00193081255028158,-0.0017699115044247816
2,2,0.9871279163314561,0.9871354660827795,0.9861722488038278,0.9976917500362475,2.73226394622741,0.0858001875107929,0.05305543063658841,4.741118379743086,1.8789102535319038,0.03041029766693477,0.02268704746580852,0.010860820595333887,0.01520514883346744,0.017618664521319417,0.006355591311343533,0.008286403861625113,0.003539823008849563,0.003459372485921164,0.002172164119066777,0.0016894609814963823,-0.001045856798069189,0.001045856798069189,-0.000482703137570395,-0.0004022526146419958,-0.001045856798069189,-0.0005631536604987942,-0.0008849557522123908,0.0007240547063555924,-8.045052292839915e-05,-0.000482703137570395,-0.0004022526146419958,0.0,-0.0004022526146419958,0.0002413515687851975,-0.0001609010458567983,-0.00096540627514079,-0.0004022526146419958
3,3,0.9879324215607401,0.9879354706388809,0.9870876901610544,0.9983871969992262,3.5374290127447834,0.23013446764615936,0.0638722617657231,4.6656677962970905,0.9840737075449519,0.03435237329042633,0.027514078841512423,0.01053901850362029,0.010136765888978294,0.007803700724054718,0.006194690265486735,0.007320997586484324,0.006516492357200332,0.005711987127916341,0.0,0.004424778761061954,0.0017699115044247816,0.0003218020917135966,0.002413515687851975,-0.0003218020917135966,0.0001609010458567983,0.002091713596138378,-0.0011263073209975883,0.0006436041834271932,-0.0001609010458567983,0.000482703137570395,-0.0013676588897827858,-0.00096540627514079,-0.0001609010458567983,0.0016894609814963823,-0.002172164119066777,0.0004022526146419958,-0.0006436041834271932
4,4,0.9855189058728882,0.9855281980464229,0.984122060734964,0.997184804442869,2.5286107626737024,-0.36721742238360533,0.5789706366967471,5.440034559435686,1.5665203828700616,0.029123089300080385,0.02502011263073204,0.008205953338696715,0.013113435237329062,0.011102172164119083,0.0096540627514079,0.006355591311343533,0.005470635559131143,0.0026548672566371724,0.003459372485921164,0.0037811745776347603,0.0027353177795655715,0.0037811745776347603,0.002574416733708773,0.0032180209171359664,0.0013676588897827858,0.0032180209171359664,0.002493966210780374,0.0028962188254223697,0.00096540627514079,0.0005631536604987942,0.0005631536604987942,0.0003218020917135966,0.002413515687851975,0.0008849557522123908,0.0014481094127111848,0.0006436041834271932,-0.0001609010458567983
5,5,0.9871279163314561,0.9871449259088133,0.9865331594523941,0.9980825458075042,3.4796204550724923,-0.4266586393479183,0.7181125773840573,5.497022078782296,0.5769877229090316,0.03129525341914716,0.027433628318584025,0.009090909090909104,0.01246983105390187,0.00482703137570395,0.005631536604987941,0.008125502815768315,0.006516492357200332,0.0023330651649235757,0.002574416733708773,0.002413515687851975,0.0008045052292839916,0.00096540627514079,0.0033789219629927645,0.0007240547063555924,0.0006436041834271932,0.00193081255028158,0.0006436041834271932,0.0018503620273531806,0.0015285599356395841,0.0006436041834271932,0.0005631536604987942,0.0007240547063555924,0.0002413515687851975,0.00193081255028158,0.0012067578439259874,0.0012067578439259874,0.0001609010458567983
6,6,0.9798873692679002,0.9799062197013391,0.9781132807448597,0.995988267519368,3.0093834368926053,0.10846527936923482,0.6219227472772136,5.3157675369607,0.8534339361485869,0.022445695897023256,0.019871279163314493,0.007079646017699126,0.009814963797264698,0.008125502815768315,0.006757843925985529,0.002574416733708773,0.0033789219629927645,0.0014481094127111848,-0.0005631536604987942,0.0003218020917135966,-0.0005631536604987942,0.0005631536604987942,-0.0005631536604987942,-0.000482703137570395,0.0005631536604987942,-0.0016090104585679832,-0.0006436041834271932,-0.001045856798069189,-0.0004022526146419958,-0.0005631536604987942,-0.0002413515687851975,-8.045052292839915e-05,-0.0015285599356395841,-0.0004022526146419958,-0.0002413515687851975,-0.0006436041834271932,-0.000482703137570395
7,7,0.9823008849557522,0.9822518996163948,0.9768852997372821,0.9954621447336995,3.2762892731003093,0.07232444340094119,0.357300602442201,5.084924338510299,1.1838233435358492,0.02662912308930001,0.02204344328238127,0.008205953338696715,0.007884151246983117,0.003459372485921164,0.0022526146419951766,0.004183427192276756,0.0031375703942075673,0.0006436041834271932,0.0003218020917135966,0.004263877715205156,-0.001045856798069189,0.003459372485921164,0.0008849557522123908,0.001045856798069189,-0.0008849557522123908,0.00096540627514079,-0.0006436041834271932,-0.0017699115044247816,0.0004022526146419958,-0.0001609010458567983,-0.0001609010458567983,0.0006436041834271932,0.0004022526146419958,0.0001609010458567983,0.0003218020917135966,0.0,0.0013676588897827858
8,8,0.99597747385358,0.9959727628512017,0.9940357699250724,0.9989243057444546,3.2714195267490496,-0.1934154037854085,0.08794346100872068,5.119747424116776,1.4299143912547627,0.03845534995977469,0.024215607401448146,0.010941271118262286,0.011906677393403075,0.013113435237329062,0.009814963797264698,0.007803700724054718,0.009895414320193096,0.004424778761061954,0.00482703137570395,0.004344328238133554,0.0033789219629927645,0.0028962188254223697,0.002574416733708773,0.00096540627514079,0.0011263073209975883,0.0027353177795655715,0.0016090104585679832,0.0032984714400643655,0.00096540627514079,0.0012067578439259874,-0.0002413515687851975,0.0,0.0018503620273531806,0.0031375703942075673,0.0004022526146419958,0.0011263073209975883,0.001045856798069189
9,9,0.9855189058728882,0.9854799915193546,0.9815337927904932,0.9972063870217532,2.4606991882830376,0.4684910377090942,0.4799236116768761,4.961653127012443,1.2674092275340694,0.028962188254223586,0.02421560740144806,0.01528559935639584,0.011343523732904282,0.01520514883346744,0.010056315366049895,0.00764279967819792,0.0039420756234915585,0.0032984714400643655,0.002413515687851975,0.004585679806918752,0.0016894609814963823,0.004263877715205156,0.0,0.0006436041834271932,0.0014481094127111848,0.0008045052292839916,0.000482703137570395,-0.000482703137570395,0.0003218020917135966,0.0015285599356395841,-0.0004022526146419958,0.0,0.0005631536604987942,0.0006436041834271932,0.0001609010458567983,0.0015285599356395841,0.0016090104585679832
10,10,0.9887369267900241,0.9887434523437648,0.9879968755424406,0.9993230341954522,3.472296787042276,0.0397956216678829,0.319889646045353,5.100223287770744,0.5358259377999127,0.036041834271922715,0.024778761061946885,0.0094931617055511,0.010860820595333887,0.010217216411906694,0.005631536604987941,0.006355591311343533,0.004907481898632349,0.002493966210780374,0.0032984714400643655,0.00096540627514079,0.0001609010458567983,0.0004022526146419958,-0.0005631536604987942,0.000482703137570395,0.0006436041834271932,0.001045856798069189,-0.0014481094127111848,0.0007240547063555924,-0.0003218020917135966,0.0002413515687851975,-0.0008045052292839916,0.0,0.0,-0.0008045052292839916,-0.0012872083668543865,0.0006436041834271932,0.0006436041834271932
11,11,0.9895414320193081,0.9895178743390955,0.985920729341782,0.9976870084525586,3.0173285967230945,-0.07191171163738692,-0.04069896202378588,4.9699725727320505,1.6938394132506511,0.026387771520514868,0.022445695897023343,0.016894609814963824,0.015607401448109437,0.016814159292035426,0.007320997586484324,0.006436041834271933,0.008045052292839916,0.004424778761061954,0.002493966210780374,0.0037811745776347603,0.0012872083668543865,0.0059533386967015375,0.004344328238133554,0.0018503620273531806,0.0015285599356395841,0.0017699115044247816,0.0004022526146419958,0.002493966210780374,0.0005631536604987942,0.0006436041834271932,0.0001609010458567983,0.0008045052292839916,0.00096540627514079,0.0027353177795655715,0.0005631536604987942,0.0012872083668543865,0.0016894609814963823
12,12,0.9855189058728882,0.9855189058728882,0.983798978149547,0.9974164098523993,2.7463543299089372,0.0419331755856831,0.20551237607966494,4.961009910629545,1.616337505279273,0.024296057924376457,0.029283990345937184,0.012228479485116673,0.01335478680611426,0.007160096540627525,0.007481898632341122,0.004666130329847151,0.010941271118262286,0.003459372485921164,0.0016090104585679832,0.005068382944489147,-0.000482703137570395,0.0005631536604987942,0.0028157683024939706,0.000482703137570395,0.0022526146419951766,0.0017699115044247816,0.002011263073209979,0.002091713596138378,-0.002011263073209979,0.0003218020917135966,0.0003218020917135966,0.0007240547063555924,-0.0001609010458567983,-0.0002413515687851975,-0.0003218020917135966,-0.0007240547063555924,-0.0001609010458567983
13,13,0.9839098954143202,0.9839573702045651,0.9849105866565535,0.9968814726217218,2.4347679868536867,-0.12306679305203473,0.8758836357247688,4.9497984065953995,1.825698380512458,0.023732904263877662,0.01971037811745775,0.010860820595333887,0.016894609814963813,0.009090909090909104,0.004505229283990353,0.0053901850362027435,0.007803700724054718,0.0037007240547063613,0.00474658085277555,0.004263877715205156,0.0022526146419951766,0.002574416733708773,0.003539823008849563,0.004987932421560748,0.0016090104585679832,0.0013676588897827858,0.0022526146419951766,0.0004022526146419958,0.0012067578439259874,0.002091713596138378,0.0006436041834271932,0.0003218020917135966,0.0012067578439259874,0.0017699115044247816,0.0006436041834271932,0.0028157683024939706,0.0002413515687851975
14,14,0.9911504424778761,0.9911532401932254,0.9902581351413386,0.9973162420325935,3.2844167866414686,-0.2505161903886149,0.6694034046426061,5.3611227333290286,0.740926495364352,0.02872083668543842,0.03193885760257435,0.01238938053097347,0.022606596942880152,0.009090909090909104,0.008205953338696715,0.007964601769911516,0.0059533386967015375,0.007240547063555924,0.004666130329847151,0.003459372485921164,0.0032984714400643655,0.0061142397425583365,0.0032984714400643655,0.004505229283990353,0.0028157683024939706,0.003620273531777962,0.0032180209171359664,0.0033789219629927645,0.00096540627514079,0.0017699115044247816,0.0007240547063555924,0.0008849557522123908,0.002574416733708773,0.0028962188254223697,0.0014481094127111848,0.002091713596138378,0.0018503620273531806
15,15,0.9871279163314561,0.987118700553938,0.9842579549095833,0.9975997726736839,3.1717408158553115,-0.5153274341944136,0.20275385930979256,5.179466897131474,1.6161713991050373,0.03451327433628313,0.019629927594529382,0.009010458567980707,0.01440064360418345,0.007884151246983117,0.006436041834271933,0.006275140788415135,0.006194690265486735,0.0032180209171359664,0.0013676588897827858,0.0028157683024939706,0.0015285599356395841,0.0023330651649235757,0.00096540627514079,0.0006436041834271932,0.0008045052292839916,0.0012067578439259874,0.0006436041834271932,0.0016090104585679832,0.0007240547063555924,0.0005631536604987942,0.0002413515687851975,0.0004022526146419958,0.0001609010458567983,0.0007240547063555924,-8.045052292839915e-05,0.0016090104585679832,0.0012067578439259874
16,16,0.9847144006436042,0.9847187879731254,0.9832463589080476,0.9962593300275354,3.1373971691510647,-0.12507581837269074,0.41282348566228444,5.138306155094806,1.3770114235450917,0.03129525341914716,0.020917135961383705,0.013515687851971058,0.0095736122284795,0.014722445695897046,0.004263877715205156,0.006838294448913929,0.005792437650844739,0.0030571198712791682,0.0015285599356395841,0.006918744971842328,0.002574416733708773,0.0037811745776347603,0.0001609010458567983,0.0006436041834271932,0.0002413515687851975,0.0006436041834271932,0.00096540627514079,0.0008849557522123908,0.0002413515687851975,0.0014481094127111848,0.001045856798069189,0.000482703137570395,-0.0001609010458567983,-8.045052292839915e-05,8.045052292839915e-05,-0.0012067578439259874,0.0008045052292839916
17,17,0.9911504424778761,0.9911530297812905,0.990392636188799,0.9988472321987163,2.4455225233958537,0.30836579989542845,0.9014005850388803,5.038768281619698,1.0562791273580707,0.029203539823008808,0.023169750603378936,0.0096540627514079,0.009814963797264698,0.018905872888173803,0.0023330651649235757,0.0059533386967015375,0.002172164119066777,0.0032180209171359664,0.0026548672566371724,0.0037007240547063613,0.0018503620273531806,0.0012872083668543865,0.0,0.003459372485921164,0.0007240547063555924,0.002172164119066777,0.0005631536604987942,0.002493966210780374,0.0012872083668543865,0.0008849557522123908,0.0006436041834271932,-0.0015285599356395841,8.045052292839915e-05,-0.0001609010458567983,0.0,0.000482703137570395,0.000482703137570395
18,18,0.9895414320193081,0.9895557999007463,0.9898014533682326,0.9987486797997888,3.6864439058659464,0.011927608425227304,-0.01575136977128085,4.989677766058536,0.9959444969703329,0.032984714400643544,0.018905872888173803,0.013515687851971058,0.014641995172968648,0.012872083668543866,0.007481898632341122,0.00860820595333871,0.008930008045052307,0.003459372485921164,0.002091713596138378,0.0039420756234915585,0.0015285599356395841,0.002493966210780374,0.0022526146419951766,0.0026548672566371724,0.0016894609814963823,0.0037007240547063613,0.000482703137570395,0.0015285599356395841,0.00096540627514079,0.0004022526146419958,0.0004022526146419958,0.000482703137570395,0.0008849557522123908,0.00096540627514079,8.045052292839915e-05,0.00096540627514079,-0.0002413515687851975
19,19,0.9895414320193081,0.9895382225780621,0.987894746065683,0.9976487563235311,2.7457721027618804,-0.4758127295629916,1.0930627840617848,5.099374863637021,1.4048264527399346,0.025422365245374057,0.027433628318584025,0.01045856798069189,0.011102172164119083,0.009734513274336299,0.006838294448913929,0.0053901850362027435,0.005229283990345945,0.0016090104585679832,0.0039420756234915585,0.002091713596138378,0.0001609010458567983,0.0028962188254223697,0.0039420756234915585,0.0005631536604987942,0.0013676588897827858,0.0027353177795655715,0.00096540627514079,0.0017699115044247816,0.0012067578439259874,0.0012067578439259874,-8.045052292839915e-05,0.000482703137570395,0.000482703137570395,0.0029766693483507687,0.0011263073209975883,0.00096540627514079,0.002172164119066777
20,20,0.9887369267900241,0.9887430188128278,0.9881133347810682,0.9981684249025635,2.9654294996492703,0.06472691216177244,0.18851423951948543,5.261326092527755,1.0270032794308137,0.021078037007240556,0.020032180209171392,0.011745776347546278,0.01641190667739343,0.01432019308125505,0.009090909090909104,0.007562349155269521,0.005631536604987941,0.0016090104585679832,0.00482703137570395,0.004344328238133554,0.0012872083668543865,0.0029766693483507687,0.003620273531777962,0.0026548672566371724,0.0001609010458567983,0.002172164119066777,-0.0002413515687851975,0.0016894609814963823,0.0002413515687851975,0.0016090104585679832,-0.0004022526146419958,-8.045052292839915e-05,0.002091713596138378,0.0003218020917135966,-8.045052292839915e-05,0.0003218020917135966,0.0017699115044247816
21,21,0.9847144006436042,0.9847100673080069,0.9827340716237596,0.9981993384150727,2.769157297264582,-0.31364407039588144,0.46790375989852356,5.374726871065194,1.3806952415030687,0.025502815768302434,0.021319388576025722,0.009975864843121495,0.013596138374899458,0.004183427192276756,0.0059533386967015375,0.0031375703942075673,0.006194690265486735,0.00096540627514079,0.0028962188254223697,0.0027353177795655715,-8.045052292839915e-05,0.0028962188254223697,0.0007240547063555924,0.0016090104585679832,0.0001609010458567983,0.0016894609814963823,-0.000482703137570395,-0.0022526146419951766,0.000482703137570395,0.0015285599356395841,0.0,-0.0003218020917135966,0.0003218020917135966,0.00193081255028158,0.000482703137570395,0.00193081255028158,-0.0012067578439259874
22,22,0.9847144006436042,0.9847093655960053,0.9821619217081851,0.9981198102016609,3.188769307489052,0.004189596867934811,0.11881491652466865,5.502316480216657,0.7178192179896836,0.021882542236524506,0.028157683024939595,0.008286403861625113,0.011665325824617878,0.00482703137570395,0.006355591311343533,0.002091713596138378,0.004666130329847151,0.0023330651649235757,0.0008045052292839916,0.0023330651649235757,0.00096540627514079,-0.0005631536604987942,0.0002413515687851975,-0.0012872083668543865,-0.000482703137570395,0.0005631536604987942,0.0003218020917135966,-0.0002413515687851975,0.0,-0.000482703137570395,0.0,-8.045052292839915e-05,-0.0006436041834271932,-0.0007240547063555924,-0.0011263073209975883,-0.000482703137570395,-0.00096540627514079
23,23,0.9895414320193081,0.9895381451537997,0.9878287542561934,0.9984266760596454,2.5725412081922374,0.23475769629369994,0.2087462556150576,5.175142514783512,1.1236735760308623,0.024296057924376502,0.02011263073209978,0.008045052292839916,0.013837489943684656,0.018020917135961413,0.005631536604987941,0.005631536604987941,0.005711987127916341,0.002011263073209979,0.0016090104585679832,0.002574416733708773,0.0022526146419951766,0.0013676588897827858,0.0018503620273531806,0.0016090104585679832,0.000482703137570395,0.0003218020917135966,-0.0005631536604987942,0.00096540627514079,0.0001609010458567983,0.0006436041834271932,-0.0005631536604987942,0.0002413515687851975,0.0005631536604987942,-0.00096540627514079,0.0008045052292839916,0.0017699115044247816,0.0
24,24,0.9863234111021721,0.986327434173316,0.984976076555024,0.9963694359866608,2.3936403750212203,0.23324241226395176,0.33211579675485703,5.278897385214039,1.3817263772958246,0.020434432823813353,0.01882542236524539,0.013757039420756257,0.0095736122284795,0.009251810136765903,0.0061142397425583365,0.0053901850362027435,0.004907481898632349,0.003620273531777962,0.0030571198712791682,0.004666130329847151,0.0012067578439259874,0.0037811745776347603,0.002413515687851975,-0.0003218020917135966,0.0016090104585679832,0.0,0.002172164119066777,0.0012067578439259874,-0.0005631536604987942,8.045052292839915e-05,0.0003218020917135966,0.0001609010458567983,0.00096540627514079,0.00096540627514079,0.0004022526146419958,0.0012067578439259874,-0.0005631536604987942
25,25,0.9847144006436042,0.9847011572715447,0.9821195871533184,0.9977627861384998,2.493206185685746,0.24220235737867213,0.11909879938351885,5.233348959500203,1.3997781769239577,0.02888173773129519,0.022687047465808498,0.013596138374899458,0.016733708769107025,0.015044247787610631,0.007320997586484324,0.008447304907481912,0.007240547063555924,0.0053901850362027435,0.004424778761061954,0.005470635559131143,0.002574416733708773,0.002011263073209979,0.0022526146419951766,0.004505229283990353,0.0016894609814963823,0.0016894609814963823,0.0005631536604987942,0.0003218020917135966,0.0016090104585679832,0.0014481094127111848,0.0012872083668543865,0.0002413515687851975,0.0,0.0013676588897827858,0.0012067578439259874,0.0016894609814963823,0.0016894609814963823
26,26,0.9806918744971842,0.9806402500302857,0.9752992814874927,0.9956936637029754,3.6290333361938165,-0.07908308389540275,0.45707026155000946,4.981577728527454,1.0080368396610975,0.025181013676588825,0.01834271922767492,0.011102172164119083,0.013837489943684644,0.011665325824617868,0.005711987127916341,0.0018503620273531806,0.007964601769911516,0.0017699115044247816,0.0016894609814963823,0.0008045052292839916,0.0012872083668543865,0.002091713596138378,0.0014481094127111848,0.0018503620273531806,0.000482703137570395,0.00096540627514079,-0.0008045052292839916,0.0022526146419951766,0.0,0.0012067578439259874,0.0,0.0008849557522123908,0.0023330651649235757,0.0017699115044247816,0.0002413515687851975,0.0008045052292839916,0.0018503620273531806
27,27,0.9903459372485921,0.9903519157402969,0.9896908878764958,0.9988918400731738,2.8567124445352987,-0.010508657240546018,0.4389180184521248,5.001518476347715,1.259659442739033,0.03346741753821394,0.02622687047465807,0.007160096540627525,0.006436041834271933,0.004907481898632349,0.005148833467417546,0.0059533386967015375,0.005631536604987941,0.0013676588897827858,0.0006436041834271932,0.00193081255028158,0.002011263073209979,0.0017699115044247816,0.0005631536604987942,0.0008849557522123908,0.0008045052292839916,-8.045052292839915e-05,-0.0003218020917135966,0.0011263073209975883,0.0004022526146419958,0.000482703137570395,0.0001609010458567983,0.0002413515687851975,0.0012067578439259874,0.0002413515687851975,8.045052292839915e-05,0.0004022526146419958,0.0
28,28,0.9831053901850362,0.9831104513018386,0.981309295151621,0.9984750596589256,2.6989742053614356,0.06418902531288642,0.33820869688851585,5.795596736358208,0.9086174401237699,0.015929203539823,0.01786001609010457,0.007079646017699126,0.005792437650844739,0.011102172164119083,0.004022526146419958,0.00386162510056316,0.002172164119066777,-0.0008849557522123908,-0.0008849557522123908,-0.0012872083668543865,0.0002413515687851975,-0.00193081255028158,-0.0016894609814963823,-0.0007240547063555924,-0.0016090104585679832,-0.0013676588897827858,-0.002413515687851975,0.0003218020917135966,-0.0012872083668543865,-0.0002413515687851975,-0.0013676588897827858,-0.0005631536604987942,-0.0003218020917135966,-0.0006436041834271932,-0.0002413515687851975,-0.000482703137570395,-8.045052292839915e-05
29,29,0.9903459372485921,0.9903526938080452,0.9894631337794659,0.9975100982697294,3.3835784857815154,-0.413135187475151,-0.3515625449734785,5.260348019597566,1.903238485497358,0.024296057924376512,0.023008849557522148,0.008688656476267109,0.01150442477876108,0.01343523732904266,0.0037811745776347603,0.009090909090909104,0.005470635559131143,0.00193081255028158,0.002172164119066777,0.0037007240547063613,-0.0004022526146419958,0.0011263073209975883,0.0002413515687851975,-0.0001609010458567983,-0.0005631536604987942,0.000482703137570395,-0.0011263073209975883,-8.045052292839915e-05,0.0003218020917135966,-0.0005631536604987942,-0.0003218020917135966,-0.0012872083668543865,-0.0012872083668543865,-0.001045856798069189,-0.0007240547063555924,-8.045052292839915e-05,8.045052292839915e-05
30,30,0.9879324215607401,0.9879362819249069,0.9865690532104462,0.9969111035060598,2.953979723203458,-0.3359284762821599,-0.03147504854810852,5.291226848308694,1.5828357639574067,0.028479485116653203,0.01987127916331457,0.01255028157683027,0.008849557522123908,0.013274336283185861,0.006596942880128731,0.009814963797264698,0.006838294448913929,0.0030571198712791682,0.003539823008849563,0.00193081255028158,0.0014481094127111848,0.002574416733708773,0.0012872083668543865,0.001045856798069189,0.0003218020917135966,0.0003218020917135966,0.00096540627514079,0.002091713596138378,0.0001609010458567983,0.0007240547063555924,-0.000482703137570395,0.0003218020917135966,0.0008045052292839916,0.002011263073209979,-0.0003218020917135966,0.0016090104585679832,0.001045856798069189
31,31,0.9790828640386162,0.9790967648440856,0.9766124181955684,0.99651642638941,3.535288864499278,-0.16322658304966559,-0.21651076846840295,5.151521844476352,1.1610133823288769,0.02123893805309727,0.019549477071600884,0.010378117457763491,0.014802896218825402,0.012872083668543843,0.007481898632341122,0.006999195494770727,0.004263877715205156,-0.0004022526146419958,0.002574416733708773,-0.0005631536604987942,0.0023330651649235757,0.0012872083668543865,0.0028962188254223697,8.045052292839915e-05,-0.0022526146419951766,0.0007240547063555924,0.001045856798069189,0.00096540627514079,0.0003218020917135966,0.001045856798069189,0.0016090104585679832,-0.0012067578439259874,0.0012067578439259874,0.0031375703942075673,0.0016090104585679832,0.0016090104585679832,-0.0001609010458567983
32,32,0.9887369267900241,0.988751896888222,0.9883739997376361,0.9980382335754237,3.165523530010935,-0.3759789918523956,0.4419461341563026,5.3260363063817975,1.092612964221649,0.03129525341914717,0.016733708769107025,0.01343523732904266,0.013515687851971058,0.01625100563153663,0.008205953338696715,0.0031375703942075673,0.0059533386967015375,0.002493966210780374,0.0039420756234915585,0.0061142397425583365,0.0018503620273531806,0.0028962188254223697,0.002574416733708773,0.0023330651649235757,0.0018503620273531806,0.0006436041834271932,-0.0001609010458567983,0.0022526146419951766,8.045052292839915e-05,0.002091713596138378,0.0001609010458567983,0.0002413515687851975,0.0015285599356395841,0.0018503620273531806,0.000482703137570395,0.0033789219629927645,0.002091713596138378
33,33,0.9911504424778761,0.9911473896453642,0.9894092184464855,0.9993255233938463,3.283556798270286,-0.06900804715827107,-0.4137289011478947,5.07456235086948,1.5950313364906512,0.023008849557522137,0.023572003218020943,0.011987127916331474,0.01230893000804507,0.012791633145615466,0.005792437650844739,0.005872888173773139,0.007160096540627525,0.0017699115044247816,0.0016090104585679832,0.0015285599356395841,0.0013676588897827858,0.0014481094127111848,0.0029766693483507687,0.0014481094127111848,-8.045052292839915e-05,0.0028157683024939706,0.0,0.0015285599356395841,8.045052292839915e-05,0.000482703137570395,0.001045856798069189,0.0003218020917135966,0.001045856798069189,0.0013676588897827858,0.0004022526146419958,0.0002413515687851975,0.0017699115044247816
34,34,0.9774738535800482,0.9775354877600448,0.9766078878767993,0.9954907497155379,2.8872975597061084,-0.6347641330526512,0.5856337270159526,5.168917488017053,1.5852108017905884,0.030088495575221176,0.025985518905872817,0.008286403861625113,0.011504424778761058,0.011504424778761046,0.006436041834271933,0.005551086082059542,0.007803700724054718,0.0001609010458567983,0.0011263073209975883,-0.0008045052292839916,0.0008045052292839916,-8.045052292839915e-05,0.0005631536604987942,0.0,-0.0001609010458567983,-0.0002413515687851975,0.0013676588897827858,0.0011263073209975883,-0.0002413515687851975,-0.000482703137570395,-8.045052292839915e-05,-0.0001609010458567983,-8.045052292839915e-05,-0.0002413515687851975,-0.000482703137570395,-0.000482703137570395,0.0008849557522123908
35,35,0.9823008849557522,0.9823112658638218,0.9807655502392345,0.9957314774539656,2.5205529244506386,-0.37648465579575346,0.19956154215838515,5.439761265274879,1.6342846371862478,0.023008849557522047,0.02590506838294442,0.01432019308125505,0.013998390989541453,0.013515687851971058,0.004987932421560748,0.004666130329847151,0.00764279967819792,0.00193081255028158,0.00193081255028158,0.0059533386967015375,0.0011263073209975883,0.0003218020917135966,-0.0004022526146419958,0.0002413515687851975,0.0002413515687851975,0.0012067578439259874,0.0,0.0015285599356395841,0.0002413515687851975,0.0008045052292839916,0.0001609010458567983,0.0,0.000482703137570395,0.0003218020917135966,0.0,0.0001609010458567983,0.0005631536604987942
36,36,0.9774738535800482,0.9774973003475009,0.9763252731262009,0.995776633357207,2.8573447264754415,-0.4583251100999575,1.0418197732333685,4.951520662484397,1.7984987409896318,0.021158487530168867,0.023974255832662838,0.00860820595333871,0.011665325824617856,0.004344328238133554,0.00764279967819792,0.005470635559131143,0.004022526146419958,0.0012067578439259874,0.002413515687851975,-0.0002413515687851975,-0.000482703137570395,0.00096540627514079,-0.0003218020917135966,-0.0003218020917135966,-0.000482703137570395,-0.0004022526146419958,0.000482703137570395,0.0002413515687851975,-0.0005631536604987942,-0.0004022526146419958,-0.0001609010458567983,0.0005631536604987942,0.0001609010458567983,-0.0023330651649235757,-0.0008849557522123908,-0.0002413515687851975,-0.002172164119066777
37,37,0.9935639581657281,0.993556362199289,0.9916420760284673,0.9989006538216745,2.8506686817196654,-0.5245576513178846,0.5741227319716199,5.5255914245485815,1.1009290259637068,0.02365245374094934,0.02493966210780373,0.011665325824617878,0.01697506033789222,0.01255028157683027,0.007079646017699126,0.0074014481094127225,0.012228479485116673,0.004183427192276756,0.0030571198712791682,0.005711987127916341,0.0013676588897827858,0.005711987127916341,0.0028962188254223697,0.00096540627514079,0.0016894609814963823,0.0007240547063555924,0.0014481094127111848,0.0013676588897827858,0.0008849557522123908,0.0023330651649235757,0.0012067578439259874,0.0006436041834271932,0.001045856798069189,0.001045856798069189,0.001045856798069189,0.0013676588897827858,0.0005631536604987942
38,38,0.9887369267900241,0.9887223871380308,0.985905595332803,0.9975131854209023,2.954125195261444,-0.2288574148589936,0.4934806944462385,5.0274017807656515,1.5054242768030515,0.03306516492357194,0.02719227674979883,0.013917940466613054,0.006838294448913929,0.011826226870474677,0.006194690265486735,0.007240547063555924,0.0053901850362027435,8.045052292839915e-05,0.002091713596138378,0.0017699115044247816,0.00096540627514079,0.0014481094127111848,0.0016090104585679832,0.001045856798069189,0.00193081255028158,0.0005631536604987942,0.0002413515687851975,0.0007240547063555924,-0.0007240547063555924,0.0012067578439259874,0.0,-0.0007240547063555924,0.0004022526146419958,0.0004022526146419958,0.0,0.0004022526146419958,-0.0007240547063555924
39,39,0.9839098954143202,0.9838691068387679,0.9800807729924792,0.9941795105280317,2.9910267284670207,-0.956759230439028,0.5229229803215428,5.432147318399545,1.9256650331019889,0.01858407079646015,0.02204344328238128,0.011343523732904282,0.006918744971842328,0.008930008045052307,0.004987932421560748,0.004183427192276756,0.006757843925985529,0.0001609010458567983,0.002091713596138378,0.0004022526146419958,-0.002011263073209979,0.0001609010458567983,0.0012872083668543865,0.0008045052292839916,-0.0017699115044247816,0.0006436041834271932,0.0002413515687851975,0.0012067578439259874,-0.000482703137570395,-0.0006436041834271932,-0.0006436041834271932,0.0004022526146419958,0.0002413515687851975,0.0003218020917135966,-0.0006436041834271932,-0.001045856798069189,0.0008045052292839916
40,40,0.9831053901850362,0.9831006007088499,0.9809463540917589,0.9972040845678124,2.550884520868843,0.1472916524626982,0.7921245073120463,4.828865824562116,1.261425461386106,0.017618664521319383,0.02276749798873686,0.006918744971842328,0.009975864843121495,0.004183427192276756,0.004907481898632349,0.006436041834271933,0.004666130329847151,0.0004022526146419958,0.0006436041834271932,0.0001609010458567983,0.0004022526146419958,0.0016090104585679832,0.0015285599356395841,0.0008849557522123908,-0.0004022526146419958,-0.000482703137570395,-0.0029766693483507687,-0.0028157683024939706,-0.0002413515687851975,0.000482703137570395,-0.0016090104585679832,0.0006436041834271932,-0.002011263073209979,-0.0023330651649235757,-0.0023330651649235757,-0.0004022526146419958,-0.0015285599356395841
41,41,0.9863234111021721,0.9862896225195819,0.981720459157331,0.9980007924786571,2.9580644277744064,-0.5633662885573062,0.06180650215804219,5.435191423324009,1.9888196063381844,0.02574416733708764,0.018744971842316993,0.009171359613837504,0.014963797264682244,0.0095736122284795,0.009090909090909104,0.009412711182622702,0.006355591311343533,0.002091713596138378,0.0031375703942075673,0.0041029766693483575,0.0007240547063555924,0.0033789219629927645,0.004424778761061954,0.0015285599356395841,-0.0002413515687851975,0.0017699115044247816,0.0002413515687851975,0.0008045052292839916,0.0,0.0016894609814963823,-0.0002413515687851975,0.0008849557522123908,0.0017699115044247816,0.0012872083668543865,0.0004022526146419958,0.0007240547063555924,0.00096540627514079
42,42,0.9782783588093322,0.9782494517145998,0.9748695425044432,0.995508514516413,3.0186019175116328,0.40379911947274266,0.43650031539043166,4.3525279028097055,1.3095514141595064,0.03218020917135955,0.022284794851166457,0.01134352373290426,0.012630732099758634,0.009975864843121495,0.005631536604987941,0.005148833467417546,0.005068382944489147,0.0014481094127111848,0.002574416733708773,0.003539823008849563,0.0008849557522123908,0.0029766693483507687,0.002091713596138378,0.0016090104585679832,0.0006436041834271932,0.0031375703942075673,-0.0004022526146419958,0.0005631536604987942,-0.0007240547063555924,-0.0006436041834271932,0.0,-0.0008849557522123908,-0.0005631536604987942,0.0016090104585679832,-0.0001609010458567983,8.045052292839915e-05,0.0005631536604987942
43,43,0.9887369267900241,0.9887498978119855,0.988579818318579,0.9982063299195741,3.111299376676433,-0.7921771737621738,0.5302979988910819,5.439734473391465,1.6269618835975965,0.02590506838294444,0.026307320997586436,0.010136765888978294,0.013596138374899458,0.01335478680611426,0.009975864843121495,0.008447304907481912,0.0053901850362027435,0.0032984714400643655,0.005309734513274345,0.007240547063555924,0.002413515687851975,0.0039420756234915585,0.00482703137570395,0.0017699115044247816,0.0006436041834271932,0.005470635559131143,0.0022526146419951766,0.001045856798069189,0.0007240547063555924,0.0017699115044247816,0.0012872083668543865,0.0003218020917135966,0.0016894609814963823,0.0022526146419951766,0.0006436041834271932,0.002172164119066777,0.0030571198712791682
44,44,0.9847144006436042,0.9846992955008075,0.98153369545258,0.9976839374248465,3.155472501070736,0.11621069164115534,0.8454085555102342,4.871816132163987,0.5599542350306858,0.024698310539018442,0.021641190667739306,0.010217216411906694,0.008849557522123908,0.010378117457763491,0.005229283990345945,0.005148833467417546,0.004183427192276756,0.002091713596138378,0.0008045052292839916,0.005872888173773139,-0.0006436041834271932,0.002574416733708773,0.0003218020917135966,0.0,0.0007240547063555924,0.0008045052292839916,-0.000482703137570395,0.0008849557522123908,-0.00096540627514079,-0.0001609010458567983,0.0003218020917135966,8.045052292839915e-05,-0.0004022526146419958,8.045052292839915e-05,0.0006436041834271932,0.0006436041834271932,0.0004022526146419958
45,45,0.9831053901850362,0.9830896497846294,0.9799928060078608,0.9968972253415684,2.997021332037938,0.4888706223804231,0.4765057632872154,4.941340109647618,0.7578534243052111,0.03362831858407074,0.023974255832662848,0.00386162510056316,0.0096540627514079,0.009412711182622702,0.005068382944489147,0.005309734513274345,0.0023330651649235757,0.0007240547063555924,0.0007240547063555924,-0.0006436041834271932,-0.000482703137570395,0.0,-0.0005631536604987942,-0.0004022526146419958,-0.0005631536604987942,0.0001609010458567983,-0.0008849557522123908,-0.0008045052292839916,-0.00096540627514079,-8.045052292839915e-05,-0.00096540627514079,0.0003218020917135966,-0.0005631536604987942,-0.000482703137570395,-0.0007240547063555924,-0.0017699115044247816,-0.00096540627514079
46,46,0.9887369267900241,0.9887085251441436,0.9848151202507954,0.9983477213176117,3.3720120876314645,-0.23817523771529645,0.02825128262380954,4.891490997955543,1.7032893672676157,0.02614641995172965,0.022687047465808553,0.01238938053097347,0.012067578439259874,0.011987127916331474,0.010297666934835092,0.011584875301689479,0.008286403861625113,0.0014481094127111848,0.0030571198712791682,0.0023330651649235757,0.0002413515687851975,0.0018503620273531806,0.0037007240547063613,0.0026548672566371724,-0.000482703137570395,0.0028157683024939706,0.003539823008849563,0.00096540627514079,-0.0005631536604987942,0.002413515687851975,-0.00096540627514079,0.0,0.0018503620273531806,0.0018503620273531806,0.0,0.0002413515687851975,0.0027353177795655715
47,47,0.9871279163314561,0.9871407119315095,0.9869779909706546,0.9960750564334085,3.16279068339381,-0.10940907920897906,0.26558905428834245,5.074222458676736,1.0488021730708739,0.026629123089300023,0.024456958970233266,0.013998390989541453,0.013515687851971058,0.007562349155269521,0.00860820595333871,0.007240547063555924,0.005872888173773139,0.0032984714400643655,0.002493966210780374,0.00482703137570395,0.00096540627514079,0.005229283990345945,0.0005631536604987942,0.0003218020917135966,0.0001609010458567983,0.0013676588897827858,0.0006436041834271932,0.0018503620273531806,0.0003218020917135966,0.0013676588897827858,0.0013676588897827858,8.045052292839915e-05,0.0023330651649235757,0.0011263073209975883,0.001045856798069189,0.0002413515687851975,0.0012872083668543865
48,48,0.9806918744971842,0.9806791913720393,0.9772584571824595,0.9970619768867617,2.970788589041489,-0.4022252471263909,-0.04668690146038015,5.244894300645655,1.7016518799689189,0.030329847144006373,0.019710378117457693,0.009010458567980707,0.0061142397425583365,0.006918744971842328,0.0027353177795655715,0.006275140788415135,0.0039420756234915585,-0.0004022526146419958,8.045052292839915e-05,0.0007240547063555924,-0.000482703137570395,-0.0011263073209975883,0.0005631536604987942,-0.0002413515687851975,-0.0004022526146419958,0.0004022526146419958,-0.0007240547063555924,-0.0002413515687851975,-0.0007240547063555924,-0.0002413515687851975,0.0002413515687851975,-0.0006436041834271932,-0.001045856798069189,-0.0002413515687851975,-0.0007240547063555924,0.0,-0.0005631536604987942
49,49,0.9847144006436042,0.9847189245028782,0.983155364328392,0.997625144436509,3.0261340621216077,-0.2760736259219758,0.5416802143248673,4.859778069549678,1.5278295909360118,0.02148028962188252,0.022687047465808474,0.008930008045052307,0.013998390989541453,0.012791633145615466,0.007884151246983117,0.005792437650844739,0.004505229283990353,0.0012872083668543865,0.0001609010458567983,0.00096540627514079,-0.0002413515687851975,0.0026548672566371724,-0.0013676588897827858,-0.0017699115044247816,-0.0006436041834271932,-0.0013676588897827858,-0.0012872083668543865,-0.0016090104585679832,-0.0011263073209975883,-0.0012872083668543865,-0.0002413515687851975,-0.0001609010458567983,-0.0005631536604987942,0.0,0.0003218020917135966,-0.0001609010458567983,-0.0004022526146419958
50,50,0.9847144006436042,0.9846993832841857,0.9815621653918281,0.9967463514768606,2.5669903270429884,-0.14521009470192678,0.7211579467360355,5.4801504150465306,1.053868233131516,0.02493966210780364,0.023813354786806063,0.011745776347546278,0.018584070796460184,0.00667739340305713,0.006516492357200332,0.004424778761061954,0.005631536604987941,0.0014481094127111848,0.0022526146419951766,0.006033789219629937,0.0012067578439259874,0.0028157683024939706,0.0026548672566371724,0.0016894609814963823,0.0015285599356395841,0.0015285599356395841,0.0002413515687851975,0.00193081255028158,-0.0003218020917135966,-0.0002413515687851975,0.0008045052292839916,-0.0005631536604987942,-0.0003218020917135966,0.0002413515687851975,0.0001609010458567983,0.0005631536604987942,-8.045052292839915e-05
51,51,0.9879324215607401,0.9879436647038878,0.9872578372666432,0.9978601620288835,2.5206044380712713,-0.12218861786760121,0.7889460734897333,5.294190372207174,1.267254974025968,0.017940466613033012,0.018423169750603395,0.011343523732904282,0.00772325020112632,0.009412711182622702,0.0037007240547063613,0.002493966210780374,0.007079646017699126,0.0032180209171359664,0.0017699115044247816,0.004022526146419958,0.0016090104585679832,0.0026548672566371724,0.0028157683024939706,0.001045856798069189,0.0006436041834271932,0.0001609010458567983,0.0003218020917135966,0.0008045052292839916,8.045052292839915e-05,0.00096540627514079,-0.0004022526146419958,0.0,0.0008045052292839916,0.0007240547063555924,-0.0007240547063555924,0.000482703137570395,0.0
52,52,0.9847144006436042,0.9847183139161648,0.9835460772104607,0.9963262764632628,3.261609806649959,-0.44415721374277894,0.3549517107243466,5.150077651756254,1.4555241980452294,0.024537409493161667,0.015768302493966223,0.011182622687047483,0.014078841512469853,0.009332260659694303,0.00860820595333871,0.002574416733708773,0.005711987127916341,0.0005631536604987942,-0.000482703137570395,0.0012067578439259874,0.0,8.045052292839915e-05,0.001045856798069189,-0.0003218020917135966,0.0006436041834271932,0.0007240547063555924,-0.001045856798069189,-0.0017699115044247816,-0.0004022526146419958,-0.000482703137570395,-0.001045856798069189,-0.0011263073209975883,-0.0004022526146419958,0.0005631536604987942,-0.00096540627514079,0.0003218020917135966,-0.0008045052292839916
53,53,0.9879324215607401,0.9879440026532408,0.9871986884083659,0.9966087675765095,3.0954625162898037,-0.2968210554568149,0.22691635710180633,5.283962436204254,1.4427059133170868,0.03789219629927589,0.025100563153660473,0.012791633145615466,0.015687851971037836,0.015848753016894635,0.007481898632341122,0.007320997586484324,0.006355591311343533,0.0033789219629927645,0.0017699115044247816,0.003459372485921164,0.0001609010458567983,0.0032984714400643655,-0.0011263073209975883,0.0008045052292839916,-0.0006436041834271932,0.0007240547063555924,-0.0006436041834271932,0.0018503620273531806,0.0,-0.0005631536604987942,0.0003218020917135966,-0.0008045052292839916,0.0007240547063555924,0.0006436041834271932,0.0,-0.0002413515687851975,0.0014481094127111848
54,54,0.9823008849557522,0.9823008849557522,0.9803572557335034,0.9956528235098062,3.559634520652874,-0.35156407766962294,0.24758015603439884,5.207707460254986,1.0381208152728008,0.020514883346741696,0.02381335478680604,0.006436041834271933,0.0096540627514079,0.008366854384553512,0.007562349155269521,0.0023330651649235757,0.00482703137570395,0.0012872083668543865,0.00096540627514079,0.0018503620273531806,-0.000482703137570395,-0.0012067578439259874,-0.0007240547063555924,-0.0004022526146419958,0.0,0.0005631536604987942,0.0004022526146419958,-0.0005631536604987942,-0.0007240547063555924,-0.0011263073209975883,-0.0006436041834271932,-8.045052292839915e-05,-0.00096540627514079,-0.000482703137570395,-0.0001609010458567983,-0.0006436041834271932,0.0003218020917135966
55,55,0.9895414320193081,0.9895518879033007,0.9889643185097731,0.9985003518061369,3.141176173361865,-0.38236014197333995,0.7674310447773648,5.350656033683086,0.8789639293450822,0.020756234915526982,0.021480289621882576,0.006436041834271933,0.008286403861625113,0.0094931617055511,0.005711987127916341,0.005068382944489147,0.004585679806918752,0.0017699115044247816,0.0017699115044247816,0.00482703137570395,0.0008849557522123908,0.0011263073209975883,0.001045856798069189,0.0013676588897827858,0.0007240547063555924,0.0015285599356395841,-0.0017699115044247816,-0.0001609010458567983,0.0005631536604987942,0.000482703137570395,0.0,-0.0007240547063555924,0.0017699115044247816,0.0004022526146419958,0.0008849557522123908,0.0005631536604987942,0.0
56,56,0.9879324215607401,0.9879447678974409,0.9870590421832658,0.9971821866231805,2.647099757224008,0.06295966505618351,0.6159324583190621,4.591310817455033,1.6836571581641515,0.04022526146419947,0.016492357200321828,0.014481094127111849,0.009171359613837504,0.005309734513274345,0.0029766693483507687,0.00474658085277555,0.003539823008849563,0.0022526146419951766,0.0008045052292839916,0.0041029766693483575,0.00096540627514079,-0.0004022526146419958,0.001045856798069189,0.0,0.0,0.0011263073209975883,-0.0006436041834271932,0.0,-0.0006436041834271932,-0.00096540627514079,-0.0001609010458567983,-0.0007240547063555924,0.001045856798069189,-0.0006436041834271932,-0.0005631536604987942,8.045052292839915e-05,-0.0006436041834271932
57,57,0.9847144006436042,0.9846896627342775,0.9810085742066649,0.9971389846489289,3.4543036522724107,-0.6033561365782382,0.4146259934478916,5.1397470557285265,1.2047453021148467,0.02421560740144805,0.02960579243765078,0.010217216411906694,0.013113435237329062,0.015687851971037826,0.006757843925985529,0.008125502815768315,0.0059533386967015375,0.00386162510056316,0.004505229283990353,0.003459372485921164,0.0016894609814963823,0.0005631536604987942,0.002413515687851975,0.0032180209171359664,-0.0002413515687851975,0.0028962188254223697,0.0017699115044247816,0.0023330651649235757,-0.0003218020917135966,0.0012067578439259874,0.0002413515687851975,-8.045052292839915e-05,0.0029766693483507687,0.001045856798069189,0.0002413515687851975,0.0006436041834271932,0.0018503620273531806
58,58,0.9935639581657281,0.9935522846051206,0.991001387751784,0.99957322277771,2.2949951721815975,0.3941764221201178,0.4621500166102392,5.5327469801470786,0.6819705926231927,0.0264682220434433,0.027272727272727282,0.011745776347546278,0.014722445695897046,0.01061946902654869,0.007320997586484324,0.006999195494770727,0.006355591311343533,0.00386162510056316,0.0029766693483507687,0.00482703137570395,0.003539823008849563,0.005148833467417546,0.00096540627514079,0.00096540627514079,0.0026548672566371724,0.0016894609814963823,0.0003218020917135966,0.0002413515687851975,0.0008849557522123908,0.0012067578439259874,0.0013676588897827858,-0.0002413515687851975,0.0005631536604987942,0.0001609010458567983,0.0007240547063555924,0.002172164119066777,0.0001609010458567983
59,59,0.9855189058728882,0.9855275558381331,0.9843227984401373,0.9981491182119784,3.141615952794705,-1.1740171029906847,0.29713145956602305,6.199978613476616,1.070273819376489,0.02872083668543839,0.02075623491552695,0.009090909090909104,0.01053901850362029,0.011263073209975882,0.005792437650844739,0.0074014481094127225,0.004344328238133554,-0.00096540627514079,0.002574416733708773,0.0029766693483507687,0.002091713596138378,0.0007240547063555924,0.0015285599356395841,8.045052292839915e-05,0.000482703137570395,0.0029766693483507687,0.00096540627514079,0.0002413515687851975,0.0003218020917135966,0.0005631536604987942,-0.000482703137570395,8.045052292839915e-05,0.0008045052292839916,0.001045856798069189,-0.0008849557522123908,0.0002413515687851975,-0.00096540627514079
60,60,0.9871279163314561,0.9871485384429084,0.9874261369480988,0.9982855771318848,3.0400413301052907,0.2754010747711272,0.6204170491130805,4.8583529856407495,0.988571866997456,0.027514078841512402,0.024296057924376467,0.009975864843121495,0.010941271118262286,0.006033789219629937,0.0037007240547063613,0.005551086082059542,0.00482703137570395,0.002493966210780374,0.0013676588897827858,0.0016894609814963823,0.0007240547063555924,0.002574416733708773,0.0007240547063555924,-0.0003218020917135966,-0.0005631536604987942,-0.0016894609814963823,-0.002172164119066777,-0.0006436041834271932,-0.00096540627514079,-0.0005631536604987942,-0.0001609010458567983,-0.0005631536604987942,-0.0015285599356395841,0.0005631536604987942,-0.0001609010458567983,0.0008045052292839916,-0.0007240547063555924
61,61,0.9887369267900241,0.9887568662019269,0.9891420755485711,0.9970839881264187,3.003977316635728,-0.12265936596869714,0.23015146738665432,4.801762188210961,1.5026388712529049,0.02011263073209978,0.027594529364440835,0.008688656476267109,0.00860820595333871,0.009895414320193096,0.0074014481094127225,0.008125502815768315,0.005068382944489147,0.001045856798069189,0.0017699115044247816,0.0030571198712791682,0.0004022526146419958,0.000482703137570395,0.0015285599356395841,-8.045052292839915e-05,-0.0003218020917135966,0.001045856798069189,0.001045856798069189,-8.045052292839915e-05,-0.0002413515687851975,0.0005631536604987942,-0.000482703137570395,8.045052292839915e-05,0.0011263073209975883,8.045052292839915e-05,-0.0004022526146419958,-0.0002413515687851975,-8.045052292839915e-05
62,62,0.9774738535800482,0.9775260580099735,0.9771137085488995,0.9949715772176448,3.220932013566754,-0.20307364973786357,0.3451542701309278,5.4345002679563486,0.5941230728770557,0.019308125502815687,0.029203539823008783,0.011263073209975872,0.009251810136765903,0.007240547063555924,0.005872888173773139,0.005229283990345945,0.005309734513274345,0.0028157683024939706,0.0006436041834271932,0.0033789219629927645,-0.000482703137570395,0.0026548672566371724,0.00096540627514079,0.0006436041834271932,0.0012067578439259874,0.001045856798069189,-0.0012872083668543865,-0.0008849557522123908,0.0005631536604987942,0.0001609010458567983,-0.000482703137570395,-0.00096540627514079,0.000482703137570395,0.0006436041834271932,-0.0001609010458567983,0.0016090104585679832,-0.00096540627514079
63,63,0.9863234111021721,0.9863421998702068,0.9862340427974469,0.9977671396427424,3.341171072994259,-0.699704284802902,-0.03190036594465513,5.5836700532659655,1.4005424178718555,0.030329847144006373,0.026548672566371622,0.011102172164119083,0.019469026548672573,0.011343523732904282,0.00764279967819792,0.005711987127916341,0.0041029766693483575,0.0017699115044247816,0.0002413515687851975,0.0029766693483507687,-0.0016090104585679832,0.0029766693483507687,0.0006436041834271932,0.0003218020917135966,0.0011263073209975883,8.045052292839915e-05,-0.002172164119066777,-0.0001609010458567983,-0.0002413515687851975,-0.0002413515687851975,-0.000482703137570395,-0.0007240547063555924,-0.0001609010458567983,-0.0003218020917135966,-0.0003218020917135966,0.0005631536604987942,-0.0012872083668543865
64,64,0.9927594529364441,0.9927617828169046,0.9920610303674819,0.9987770294221907,3.160035239587827,0.061176905699136905,-0.023015964795379346,4.9525495118139675,1.3863428211189195,0.03250201126307316,0.016814159292035426,0.011826226870474677,0.01625100563153663,0.014159292035398252,0.009010458567980707,0.011745776347546278,0.00667739340305713,0.0028962188254223697,0.002413515687851975,0.003459372485921164,0.003620273531777962,0.0037007240547063613,0.0028157683024939706,0.0028962188254223697,0.0013676588897827858,0.0022526146419951766,0.0007240547063555924,-0.0001609010458567983,0.0005631536604987942,0.0007240547063555924,8.045052292839915e-05,0.0008045052292839916,8.045052292839915e-05,0.0012067578439259874,8.045052292839915e-05,0.0012872083668543865,0.0008849557522123908
65,65,0.9847144006436042,0.9847098767843301,0.9825837320574162,0.9972596781209221,2.4397044608126475,0.044454968556555424,-0.10586399008153119,5.2676751566446764,1.8840933840303857,0.03507642799678192,0.029123089300080385,0.008849557522123908,0.010941271118262286,0.010699919549477088,0.007803700724054718,0.006838294448913929,0.0059533386967015375,0.0007240547063555924,0.004505229283990353,0.0008849557522123908,-0.0018503620273531806,0.0008849557522123908,0.00193081255028158,-8.045052292839915e-05,-0.0014481094127111848,-0.0005631536604987942,0.0013676588897827858,0.00096540627514079,0.0003218020917135966,0.0008849557522123908,-0.001045856798069189,-0.0002413515687851975,8.045052292839915e-05,0.002493966210780374,-0.0013676588897827858,-0.00096540627514079,-0.0007240547063555924
66,66,0.9895414320193081,0.9895379467246438,0.9876557342927657,0.9975320388926883,3.370804965258813,-0.46075718377041525,-0.16024980401148028,5.053618450249468,2.1027245356332633,0.030168946098149595,0.02381335478680612,0.013596138374899458,0.01061946902654869,0.016894609814963824,0.0074014481094127225,0.006436041834271933,0.006918744971842328,0.0026548672566371724,0.0023330651649235757,0.004585679806918752,0.0007240547063555924,0.002413515687851975,0.0015285599356395841,0.0003218020917135966,0.0012872083668543865,0.0023330651649235757,0.0015285599356395841,0.0015285599356395841,0.0017699115044247816,0.0008849557522123908,0.0016894609814963823,0.002011263073209979,0.0005631536604987942,0.0012872083668543865,0.002172164119066777,8.045052292839915e-05,0.0012067578439259874
67,67,0.9911504424778761,0.9911426805676331,0.98925337078327,0.998901930867879,2.8452547089917894,0.11691396809290411,0.5824699846905809,5.395373095880669,0.6781650999702781,0.03258246178600156,0.017779565567176213,0.007320997586484324,0.0095736122284795,0.008849557522123908,0.005711987127916341,0.00482703137570395,0.004344328238133554,0.00193081255028158,0.0015285599356395841,0.003459372485921164,-0.000482703137570395,0.002091713596138378,0.0004022526146419958,0.0004022526146419958,0.0004022526146419958,0.0017699115044247816,0.0006436041834271932,0.0008849557522123908,0.0007240547063555924,0.0003218020917135966,-0.0001609010458567983,-8.045052292839915e-05,0.0008045052292839916,0.001045856798069189,-0.0007240547063555924,0.0,0.0006436041834271932
68,68,0.9943684633950121,0.9943667558649971,0.9933596731991865,0.9993094526319469,3.0025323778082247,-0.5002931711638605,0.7224386640312482,5.283981492535497,1.2923324301054302,0.030571198712791615,0.01842316975060341,0.010136765888978294,0.014239742558326652,0.010217216411906694,0.005309734513274345,0.006918744971842328,0.004424778761061954,0.0028157683024939706,0.004505229283990353,0.00474658085277555,0.0028962188254223697,0.0016894609814963823,0.002091713596138378,0.0030571198712791682,0.0012067578439259874,0.00193081255028158,0.0012067578439259874,0.0008849557522123908,0.0,0.0018503620273531806,8.045052292839915e-05,0.0,0.0011263073209975883,0.002574416733708773,8.045052292839915e-05,0.0016090104585679832,0.0008045052292839916
69,69,0.9871279163314561,0.9871048497574698,0.9838395277706977,0.9983229835252682,3.4395081772378133,0.24511165409758298,-0.3578131629515072,4.782867405769243,1.3019376872477024,0.023813354786806084,0.020434432823813353,0.006596942880128731,0.006757843925985529,0.013113435237329062,0.004424778761061954,0.013676588897827857,0.004022526146419958,0.0017699115044247816,-0.0003218020917135966,0.002574416733708773,0.0001609010458567983,0.0016090104585679832,0.002172164119066777,0.0016090104585679832,0.0005631536604987942,0.0017699115044247816,-0.0004022526146419958,0.0001609010458567983,0.0002413515687851975,0.0001609010458567983,0.0001609010458567983,0.0,-0.0004022526146419958,-0.0001609010458567983,-0.0007240547063555924,0.0003218020917135966,0.0007240547063555924
70,70,0.9814963797264682,0.9814686640868368,0.977799043062201,0.9964477308974917,2.738732473617247,-0.2695904794783445,0.3391869054621006,5.131740645816836,1.6315846062623351,0.03419147224456953,0.02284794851166525,0.011906677393403075,0.014883346741753812,0.015124698310539008,0.009332260659694303,0.009251810136765903,0.012228479485116673,0.003620273531777962,0.003539823008849563,0.00482703137570395,0.00193081255028158,0.002493966210780374,0.0016090104585679832,0.0023330651649235757,0.0028157683024939706,0.0026548672566371724,0.0016090104585679832,-0.0002413515687851975,0.0012067578439259874,0.002172164119066777,8.045052292839915e-05,0.0011263073209975883,0.00096540627514079,0.002413515687851975,0.0008045052292839916,0.002413515687851975,0.00386162510056316
71,71,0.9831053901850362,0.9830728966685529,0.9795127305904827,0.998608616314544,2.5544748344046466,0.19203087126189625,0.7037356143499642,5.11649068507649,0.9709559016326785,0.0277554304102976,0.024537409493161643,0.008125502815768315,0.01238938053097347,0.011906677393403075,0.006436041834271933,0.004022526146419958,0.006436041834271933,0.0005631536604987942,0.0014481094127111848,0.00386162510056316,-0.0006436041834271932,0.002172164119066777,-0.0012872083668543865,0.0001609010458567983,0.00193081255028158,-0.0018503620273531806,-0.00193081255028158,-0.001045856798069189,-0.001045856798069189,0.0004022526146419958,-0.0005631536604987942,-0.0002413515687851975,-0.0012067578439259874,0.0015285599356395841,-0.0002413515687851975,-0.0004022526146419958,-0.0018503620273531806
72,72,0.9782783588093322,0.9782421653647424,0.9734756820877817,0.995017793594306,2.9028173622439137,0.4559732890317591,0.6155288690260543,4.957157108661853,0.6467980009981549,0.024296057924376436,0.017055510860820522,0.010619469026548667,0.005229283990345945,0.011584875301689456,0.007481898632341122,0.008286403861625113,0.0029766693483507687,-0.0001609010458567983,0.0004022526146419958,0.004907481898632349,0.0005631536604987942,0.0016090104585679832,-8.045052292839915e-05,0.0002413515687851975,-0.0004022526146419958,-0.0003218020917135966,0.0004022526146419958,0.0003218020917135966,-0.0008849557522123908,0.0008045052292839916,0.0001609010458567983,-0.0002413515687851975,-0.000482703137570395,0.0012872083668543865,-0.0014481094127111848,0.0007240547063555924,0.0006436041834271932
73,73,0.9823008849557522,0.98231306134758,0.980170022693707,0.9977696528703337,2.9936783597052203,-0.19412403425911498,-0.05892886870209779,4.815678876654931,1.968139497789588,0.019871279163314513,0.017618664521319372,0.006999195494770727,0.008366854384553512,0.008527755430410311,0.007320997586484324,0.0015285599356395841,0.006596942880128731,0.0,0.0008849557522123908,0.002011263073209979,0.0,0.003539823008849563,0.0014481094127111848,0.000482703137570395,-0.0007240547063555924,0.0018503620273531806,-0.0014481094127111848,-0.0012872083668543865,-0.001045856798069189,-8.045052292839915e-05,-0.0012872083668543865,-0.0008045052292839916,0.0008849557522123908,-0.0008849557522123908,-0.0011263073209975883,0.000482703137570395,0.00096540627514079
74,74,0.9847144006436042,0.9846670294958452,0.9801355537014389,0.9976112374704262,2.2349970897374,-0.14777280750087535,0.09904864541032915,5.38194350807167,1.9490586718083054,0.03145615446500396,0.0213193885760257,0.004907481898632349,0.011343523732904282,0.006436041834271933,0.00667739340305713,0.0003218020917135966,0.0032984714400643655,-0.0006436041834271932,0.0011263073209975883,0.0026548672566371724,-0.0015285599356395841,0.0003218020917135966,-0.0005631536604987942,-0.0026548672566371724,-0.0001609010458567983,-0.0013676588897827858,-0.0016090104585679832,-0.0015285599356395841,-0.0014481094127111848,-0.001045856798069189,-0.0012067578439259874,-0.001045856798069189,-0.0015285599356395841,-0.0004022526146419958,-0.0008849557522123908,-0.0008045052292839916,-0.00096540627514079
75,75,0.9871279163314561,0.9871059535444242,0.984055712448914,0.9982005097120815,2.6067723784943655,-0.14983572806835582,0.5759072002015805,5.2564555689422106,1.4039150551563782,0.01995172968624298,0.02164119066773934,0.00772325020112632,0.010056315366049895,0.010780370072405487,0.0059533386967015375,0.004907481898632349,0.004505229283990353,0.0008045052292839916,0.0018503620273531806,0.0022526146419951766,0.0008849557522123908,0.000482703137570395,0.0007240547063555924,0.0008849557522123908,0.0005631536604987942,0.0007240547063555924,-0.0008045052292839916,0.0017699115044247816,-8.045052292839915e-05,0.00096540627514079,0.0001609010458567983,8.045052292839915e-05,-0.0007240547063555924,0.0008849557522123908,0.0002413515687851975,0.00096540627514079,0.0012872083668543865
76,76,0.9823008849557522,0.9822902485921625,0.9795309738628964,0.9960992000744118,2.602735633744196,-0.14435830150152537,0.5369212935074021,5.524628602604294,1.0105207362247428,0.025824617860016018,0.01946902654867253,0.00772325020112632,0.015446500402252617,0.012148028962188273,0.006516492357200332,0.0029766693483507687,0.004022526146419958,-0.0001609010458567983,0.0011263073209975883,-0.0004022526146419958,0.0015285599356395841,0.0008045052292839916,-0.000482703137570395,0.0006436041834271932,-0.0008045052292839916,-0.0016894609814963823,-0.000482703137570395,-0.0006436041834271932,0.0006436041834271932,0.0012067578439259874,0.0008045052292839916,0.0,0.0013676588897827858,0.0008045052292839916,0.0003218020917135966,0.0011263073209975883,0.0007240547063555924
77,77,0.9879324215607401,0.9879528806898057,0.9877470083215425,0.997973572507734,2.386256326876167,-0.1180600667585376,0.44716684024000436,5.54753481390862,1.1209056394059682,0.02960579243765078,0.02872083668543839,0.013274336283185861,0.008769106999195508,0.015124698310539041,0.007320997586484324,0.008045052292839916,0.005551086082059542,0.0032180209171359664,0.0026548672566371724,0.006033789219629937,0.0022526146419951766,0.004022526146419958,0.0023330651649235757,0.0031375703942075673,0.0030571198712791682,0.0039420756234915585,0.00193081255028158,0.0013676588897827858,-8.045052292839915e-05,0.0003218020917135966,0.000482703137570395,-0.0004022526146419958,0.00193081255028158,0.002091713596138378,0.0008849557522123908,0.0011263073209975883,0.0032180209171359664
78,78,0.9871279163314561,0.9871148639872794,0.9849840453720304,0.9985031965632717,2.5304580754312265,-0.2053723887852093,0.5168569221925379,5.341800101642915,1.2872724818944863,0.030490748189863172,0.024135156878519658,0.010780370072405487,0.012791633145615466,0.012148028962188273,0.010378117457763491,0.00860820595333871,0.006596942880128731,0.002413515687851975,0.0014481094127111848,0.0017699115044247816,-0.0001609010458567983,0.0026548672566371724,0.0028157683024939706,0.0023330651649235757,0.0003218020917135966,0.0033789219629927645,0.0016894609814963823,-0.0003218020917135966,0.0001609010458567983,0.000482703137570395,-0.0001609010458567983,0.0,0.0016090104585679832,0.0006436041834271932,-0.0004022526146419958,-8.045052292839915e-05,0.0012067578439259874
79,79,0.9895414320193081,0.9895510603430461,0.9891005182560829,0.998688255790121,2.473282204757433,-0.006769433183870854,0.5642255663490522,5.071635161560327,1.4920191706809482,0.019790828640386192,0.01987127916331457,0.011584875301689479,0.011021721641190686,0.01238938053097347,0.006918744971842328,0.007481898632341122,0.006516492357200332,0.0032984714400643655,0.002091713596138378,0.004022526146419958,0.000482703137570395,0.002413515687851975,0.0014481094127111848,0.0,0.0013676588897827858,0.0012872083668543865,0.0003218020917135966,-0.0013676588897827858,-0.0008045052292839916,0.0001609010458567983,-0.0002413515687851975,-0.0016090104585679832,0.0008849557522123908,0.0005631536604987942,-0.0003218020917135966,0.0008045052292839916,0.0001609010458567983
80,80,0.9879324215607401,0.9879213119564272,0.985489658391435,0.9980279471396482,2.7429338464480084,0.060451840595683176,0.21487993815606257,5.1347669998062315,1.3948913298434586,0.023250201126307303,0.027514078841512423,0.011021721641190686,0.01842316975060341,0.013113435237329062,0.011906677393403075,0.007079646017699126,0.008125502815768315,0.0028157683024939706,0.0022526146419951766,0.004585679806918752,0.0032984714400643655,0.005229283990345945,0.0028962188254223697,0.00096540627514079,0.0018503620273531806,0.0015285599356395841,0.0011263073209975883,-0.000482703137570395,0.0008045052292839916,0.0011263073209975883,-0.0001609010458567983,0.0001609010458567983,0.0012067578439259874,0.0008045052292839916,-8.045052292839915e-05,0.0004022526146419958,0.0006436041834271932
81,81,0.9790828640386162,0.9790180970451481,0.973482335137652,0.9973168034456668,2.3771011148196286,0.3885900737565098,0.7709723231729739,4.880652822067887,1.1120071540618215,0.030168946098149574,0.02123893805309728,0.006838294448913929,0.0095736122284795,0.0053901850362027435,0.00386162510056316,0.00193081255028158,0.004505229283990353,0.0026548672566371724,0.0012872083668543865,0.0015285599356395841,0.0006436041834271932,0.0029766693483507687,0.0003218020917135966,-0.000482703137570395,0.0001609010458567983,0.0028157683024939706,-0.0013676588897827858,-0.0003218020917135966,-0.0017699115044247816,0.0001609010458567983,-0.003539823008849563,-0.0014481094127111848,-0.0014481094127111848,-0.0005631536604987942,0.0004022526146419958,0.0003218020917135966,-0.0003218020917135966
82,82,0.9823008849557522,0.9822717990505692,0.9788954466398654,0.9972685541584695,2.30443920835735,0.09919311622172883,0.08148904568805142,5.808487971257116,1.2128459594647643,0.023330651649235645,0.0202735317779565,0.008930008045052307,0.013113435237329062,0.01600965406275141,0.005872888173773139,0.004344328238133554,0.007884151246983117,0.004907481898632349,0.0016894609814963823,0.0032984714400643655,-0.0006436041834271932,0.004022526146419958,0.0002413515687851975,-0.0005631536604987942,0.000482703137570395,0.0003218020917135966,-0.0006436041834271932,0.0012872083668543865,-8.045052292839915e-05,0.0001609010458567983,-0.0018503620273531806,-0.0008045052292839916,-0.0004022526146419958,-0.0003218020917135966,-0.0001609010458567983,-0.0003218020917135966,0.0002413515687851975
83,83,0.9871279163314561,0.9871045692102414,0.9837839171761864,0.9964261036691229,3.7438263776128613,-0.2985145728734182,0.7903441637675234,4.7984909939191365,0.8302891637951025,0.02984714400643599,0.019710378117457773,0.008527755430410311,0.010217216411906694,0.009814963797264698,0.007562349155269521,0.006999195494770727,0.004585679806918752,0.0012067578439259874,0.0008045052292839916,0.0005631536604987942,0.0008849557522123908,0.0008045052292839916,0.000482703137570395,0.0012067578439259874,-0.0003218020917135966,0.0013676588897827858,0.000482703137570395,-0.0003218020917135966,0.000482703137570395,0.0006436041834271932,-8.045052292839915e-05,0.0004022526146419958,0.0006436041834271932,-0.0004022526146419958,-8.045052292839915e-05,0.0006436041834271932,-0.0001609010458567983
84,84,0.9871279163314561,0.9871178939512122,0.9838568584782017,0.9974715002843789,2.684700714896674,0.03865295903527343,0.29233865186521707,5.119346254787761,1.5777746472057315,0.02590506838294443,0.02606596942880125,0.009895414320193096,0.01432019308125505,0.0059533386967015375,0.006918744971842328,0.006355591311343533,0.004987932421560748,0.0041029766693483575,0.004183427192276756,0.0028157683024939706,-0.0004022526146419958,0.0003218020917135966,0.0006436041834271932,0.0022526146419951766,0.0008849557522123908,0.00193081255028158,0.0,-0.0001609010458567983,0.0,0.0004022526146419958,-0.0001609010458567983,0.0004022526146419958,-8.045052292839915e-05,0.00096540627514079,0.0,0.0007240547063555924,0.0007240547063555924
85,85,0.9831053901850362,0.9831194039496755,0.9821084171373468,0.9968745694999311,3.7325635629626883,-0.7528577241229183,-0.15546794673899303,5.375318781145338,1.5407357814524119,0.027996781979082796,0.027272727272727205,0.009814963797264698,0.010699919549477088,0.006194690265486735,0.005872888173773139,0.008930008045052307,0.004344328238133554,0.0016090104585679832,0.00096540627514079,0.002413515687851975,0.0005631536604987942,0.0029766693483507687,0.0008849557522123908,0.00096540627514079,0.0012872083668543865,0.00193081255028158,-0.0006436041834271932,-0.000482703137570395,-0.0006436041834271932,0.0003218020917135966,0.0,0.0001609010458567983,-0.0015285599356395841,-0.0002413515687851975,0.0002413515687851975,0.0001609010458567983,-0.0003218020917135966
86,86,0.9831053901850362,0.9831002675949916,0.9806836127573527,0.9952535794828762,3.126730296833534,0.09573732803916685,0.6488499868628246,4.606956656274909,1.2691886142491533,0.02839903459372479,0.02872083668543839,0.011423974255832681,0.012228479485116673,0.012952534191472265,0.00667739340305713,0.007884151246983117,0.006194690265486735,0.002011263073209979,0.0031375703942075673,0.0032180209171359664,0.0004022526146419958,0.004987932421560748,0.0023330651649235757,0.0030571198712791682,0.001045856798069189,0.0014481094127111848,0.0007240547063555924,0.0012067578439259874,0.0001609010458567983,0.001045856798069189,0.0001609010458567983,0.0004022526146419958,0.0015285599356395841,0.00096540627514079,0.0003218020917135966,0.0,0.0013676588897827858
87,87,0.9911504424778761,0.9911297988094806,0.9875904064067859,0.9981400418194419,2.267083279910622,0.21610891821416833,0.31155880301932254,5.760577777062046,0.7642223758904858,0.021721641190667763,0.02622687047465807,0.014722445695897046,0.01440064360418345,0.017618664521319417,0.009010458567980707,0.006918744971842328,0.010699919549477088,0.0030571198712791682,0.00386162510056316,0.0061142397425583365,0.00386162510056316,0.004505229283990353,0.0027353177795655715,0.003459372485921164,0.0023330651649235757,0.0022526146419951766,0.0022526146419951766,0.0028157683024939706,0.0013676588897827858,0.0037007240547063613,0.0008045052292839916,0.0002413515687851975,0.0023330651649235757,0.002172164119066777,0.0011263073209975883,0.00386162510056316,0.0032180209171359664
88,88,0.9831053901850362,0.9831208506347163,0.9818395564289726,0.9978973657121467,3.1977670220871537,-0.5180281231380826,0.2379092499497444,5.458586269261086,1.3140466401387514,0.0277554304102976,0.017377312952534186,0.009332260659694303,0.01423974255832664,0.012630732099758669,0.006355591311343533,0.0041029766693483575,0.00386162510056316,0.0030571198712791682,0.0016090104585679832,0.002493966210780374,0.0011263073209975883,0.0028962188254223697,-0.0002413515687851975,-0.001045856798069189,0.0008045052292839916,-0.0012872083668543865,-0.0006436041834271932,-0.0012872083668543865,-0.0002413515687851975,-0.0007240547063555924,-0.0005631536604987942,-0.0007240547063555924,-0.0014481094127111848,-0.001045856798069189,-0.001045856798069189,-0.0006436041834271932,-0.0027353177795655715
89,89,0.9847144006436042,0.9847097937755424,0.98251702462022,0.9972236773179676,2.8805036281200267,-0.1371153396536628,0.507962009824676,4.890088146751986,1.3813935960712294,0.02888173773129519,0.028157683024939595,0.014802896218825445,0.015929203539823012,0.013998390989541453,0.008527755430410311,0.01061946902654869,0.008688656476267109,0.008045052292839916,0.005631536604987941,0.006436041834271933,0.0029766693483507687,0.0022526146419951766,0.004263877715205156,0.002493966210780374,0.0016894609814963823,0.004022526146419958,0.0039420756234915585,0.0028962188254223697,0.0007240547063555924,0.0028962188254223697,0.0,0.0,0.0032180209171359664,0.002091713596138378,0.001045856798069189,0.0013676588897827858,0.002011263073209979
90,90,0.9806918744971842,0.9806685273759694,0.9771271277090503,0.9962706957492325,2.8311660920259407,0.05547727139101184,0.8285867773562967,5.111479196683405,1.1703503829120148,0.013032984714400642,0.017779565567176147,0.00860820595333871,0.01061946902654869,0.010056315366049895,0.005792437650844739,0.008366854384553512,0.004987932421560748,0.0004022526146419958,0.0022526146419951766,-0.0008045052292839916,0.0002413515687851975,0.0003218020917135966,0.000482703137570395,0.0001609010458567983,0.0,-0.00096540627514079,-0.0011263073209975883,0.0002413515687851975,-0.0001609010458567983,-0.0001609010458567983,-0.0003218020917135966,-0.0001609010458567983,0.0004022526146419958,-0.0001609010458567983,-0.0001609010458567983,-0.0002413515687851975,8.045052292839915e-05
91,91,0.9903459372485921,0.9903391033546464,0.9880554048351118,0.99877916440586,2.698761529829767,0.20826964311459292,0.1241738650898801,5.096271915993025,1.3607530610394225,0.028962188254223597,0.024939662107803705,0.009895414320193096,0.014641995172968648,0.007964601769911516,0.005792437650844739,0.005309734513274345,0.005551086082059542,-0.0006436041834271932,0.00386162510056316,0.002172164119066777,0.00193081255028158,0.0028157683024939706,0.0002413515687851975,0.0016894609814963823,0.0004022526146419958,0.0017699115044247816,0.0014481094127111848,8.045052292839915e-05,0.0016090104585679832,0.0007240547063555924,0.0003218020917135966,0.00096540627514079,0.0008849557522123908,0.0005631536604987942,0.0014481094127111848,0.0012872083668543865,-0.0002413515687851975
92,92,0.9903459372485921,0.9903524653272081,0.9895323252796662,0.9995545670331772,2.830412404980553,-0.1486803451550395,0.606535670621337,4.908604739767743,1.6292585817055907,0.027674979887369233,0.027111826226870438,0.004987932421560748,0.014078841512469853,0.008286403861625113,0.0041029766693483575,0.005872888173773139,0.003539823008849563,0.0014481094127111848,0.0014481094127111848,0.0012067578439259874,-0.001045856798069189,-0.0008045052292839916,0.0005631536604987942,0.0004022526146419958,0.0003218020917135966,0.0,-0.0017699115044247816,0.0018503620273531806,0.0,-0.0014481094127111848,0.0003218020917135966,-0.0002413515687851975,-0.0003218020917135966,-0.0005631536604987942,-0.0001609010458567983,-0.0015285599356395841,0.001045856798069189
93,93,0.9855189058728882,0.9855266391646829,0.9845892852051435,0.9968836426881077,3.3973508805459733,-0.2332882178512179,-0.24855273061212105,5.081322573152923,1.3698390401518348,0.022928399034593695,0.027031375703942005,0.009332260659694303,0.010056315366049895,0.007320997586484324,0.009895414320193096,0.010860820595333887,0.004666130329847151,0.003539823008849563,0.004022526146419958,0.0026548672566371724,0.0029766693483507687,0.002493966210780374,0.002574416733708773,0.0004022526146419958,-0.0005631536604987942,0.0002413515687851975,0.0007240547063555924,0.0013676588897827858,0.0016894609814963823,0.001045856798069189,0.0001609010458567983,0.0006436041834271932,0.002011263073209979,0.0011263073209975883,0.0001609010458567983,0.0017699115044247816,0.0015285599356395841
94,94,0.9887369267900241,0.9887441116079326,0.9878066769728224,0.997852228607843,2.6764000405219632,0.006042064049572395,0.2748045749801135,5.569370862688451,1.1191424298716788,0.029444891391793994,0.025261464199517247,0.011021721641190686,0.01061946902654869,0.01255028157683027,0.006918744971842328,0.0053901850362027435,0.008366854384553512,0.0026548672566371724,0.0016090104585679832,0.0029766693483507687,0.0018503620273531806,0.0028157683024939706,0.0018503620273531806,0.0017699115044247816,0.00096540627514079,0.0014481094127111848,0.0003218020917135966,0.002493966210780374,0.0005631536604987942,-0.0002413515687851975,0.0006436041834271932,-0.0008849557522123908,0.0016090104585679832,0.0006436041834271932,-0.0008849557522123908,0.0015285599356395841,0.0005631536604987942
95,95,0.9887369267900241,0.9887432534138585,0.9880512009204659,0.9983431612253704,3.1396478051498207,-0.03395534122180002,0.15944649117418636,5.195919300690546,1.167980995264524,0.03145615446500396,0.02960579243765078,0.014963797264682244,0.013193885760257462,0.011906677393403075,0.005631536604987941,0.006918744971842328,0.006757843925985529,-0.0002413515687851975,0.002493966210780374,0.0029766693483507687,0.001045856798069189,0.002413515687851975,0.0016894609814963823,0.0003218020917135966,0.00096540627514079,-8.045052292839915e-05,8.045052292839915e-05,0.00096540627514079,0.0002413515687851975,0.0008045052292839916,-0.0008045052292839916,8.045052292839915e-05,0.0008045052292839916,0.0005631536604987942,-0.0007240547063555924,-0.0003218020917135966,-0.0011263073209975883
96,96,0.9847144006436042,0.9847494411489137,0.984760109807004,0.9978681720468525,2.8907792623210193,-0.3430254636365449,0.18588418572774673,5.243121668242474,1.742887880911848,0.024456958970233256,0.02220434432823809,0.006436041834271933,0.009171359613837504,0.006918744971842328,0.004987932421560748,0.008045052292839916,0.004585679806918752,0.0008045052292839916,0.0027353177795655715,0.002172164119066777,-0.0008849557522123908,0.0003218020917135966,0.002011263073209979,-0.0001609010458567983,-0.0011263073209975883,0.0005631536604987942,0.0003218020917135966,-0.0006436041834271932,0.000482703137570395,0.0,-0.0005631536604987942,-0.0007240547063555924,-0.000482703137570395,0.0013676588897827858,8.045052292839915e-05,-0.0015285599356395841,-0.0006436041834271932
97,97,0.9806918744971842,0.9807036185508827,0.9788285841131869,0.9971171707966773,2.8427414871276486,-0.34108067317146645,0.5713064839080714,5.117448267934401,1.7624757936421414,0.027192276749798804,0.02389380530973444,0.009412711182622702,0.008849557522123908,0.009734513274336299,0.005711987127916341,0.0031375703942075673,0.004505229283990353,0.0011263073209975883,-0.0008045052292839916,0.0001609010458567983,0.0003218020917135966,0.0022526146419951766,-0.0018503620273531806,0.0005631536604987942,0.0006436041834271932,0.002091713596138378,0.000482703137570395,-0.0016090104585679832,-0.000482703137570395,-0.0011263073209975883,0.000482703137570395,8.045052292839915e-05,-0.00096540627514079,-0.00193081255028158,-0.0015285599356395841,0.0006436041834271932,-0.0008849557522123908
98,98,0.9879324215607401,0.987936259235905,0.9865847550016206,0.998123103214591,3.3652984220373945,-0.6751268105241568,0.17929451034770932,5.66656826944092,1.456252990311641,0.03499597747385352,0.021238938053097345,0.0059533386967015375,0.011343523732904282,0.010297666934835092,0.005631536604987941,0.005148833467417546,0.0037811745776347603,0.0014481094127111848,0.0,0.0039420756234915585,-0.0007240547063555924,0.0013676588897827858,0.0005631536604987942,-0.001045856798069189,0.0012872083668543865,0.002413515687851975,-0.001045856798069189,-0.0012872083668543865,-0.000482703137570395,-0.0007240547063555924,-0.0001609010458567983,-0.0001609010458567983,-0.0011263073209975883,-0.0002413515687851975,-0.0008849557522123908,0.0005631536604987942,0.0002413515687851975
99,99,0.9871279163314561,0.9871356987051945,0.9861037369818256,0.997908340383325,3.3321074154305435,-0.22929490213093934,-0.38658607306235004,5.104217019660069,1.590752434940802,0.027514078841512423,0.023974255832662893,0.0074014481094127225,0.012952534191472265,0.009332260659694303,0.010378117457763491,0.0053901850362027435,0.007884151246983117,0.0030571198712791682,0.002172164119066777,0.003539823008849563,0.0028962188254223697,0.0039420756234915585,0.0030571198712791682,0.002091713596138378,0.0012872083668543865,0.0003218020917135966,0.000482703137570395,0.0006436041834271932,0.000482703137570395,0.0004022526146419958,-0.0008849557522123908,0.0005631536604987942,0.0008849557522123908,0.0014481094127111848,0.0,0.0005631536604987942,0.0005631536604987942
100,100,0.9814963797264682,0.9814473929190121,0.9768191777662457,0.996136769878337,3.3616706166613795,-0.0653896113219588,0.2656218854492934,4.921612599218664,1.3746215555619106,0.020353982300884886,0.02019308125502811,0.008849557522123908,0.011584875301689479,0.007964601769911516,0.00386162510056316,0.004505229283990353,0.0016090104585679832,0.0018503620273531806,-8.045052292839915e-05,0.0018503620273531806,-8.045052292839915e-05,0.002091713596138378,0.000482703137570395,0.0007240547063555924,-0.0016090104585679832,-0.0002413515687851975,0.0008045052292839916,-0.0032180209171359664,-0.0012872083668543865,0.0007240547063555924,0.0002413515687851975,-0.000482703137570395,-0.00193081255028158,-0.0016090104585679832,-0.001045856798069189,-0.0007240547063555924,-0.0007240547063555924
101,101,0.9839098954143202,0.9838676183305038,0.9790975819870426,0.9962650019471554,2.611219472296904,-0.09222907037867312,0.2572090227879733,5.193483260995714,1.5355662618576846,0.01850362027353175,0.029364440868865593,0.007884151246983117,0.01255028157683027,0.01230893000804507,0.012067578439259874,0.006516492357200332,0.010136765888978294,0.002091713596138378,0.0016090104585679832,0.00667739340305713,0.0030571198712791682,0.0032180209171359664,0.00193081255028158,0.002493966210780374,0.0013676588897827858,0.002011263073209979,0.0018503620273531806,0.0005631536604987942,0.000482703137570395,0.0005631536604987942,-0.0003218020917135966,-0.0007240547063555924,0.0013676588897827858,0.0018503620273531806,-0.0006436041834271932,0.0026548672566371724,0.0012872083668543865
102,102,0.9863234111021721,0.9863021740540042,0.9830403771336441,0.9982562826399355,3.269691913353703,-0.3381959411296536,-0.25558967327256815,5.113748062480646,2.0081894263627555,0.02582461786001603,0.029364440868865582,0.011423974255832681,0.008447304907481912,0.016733708769107025,0.005470635559131143,0.005792437650844739,0.004344328238133554,0.002091713596138378,0.0006436041834271932,0.0017699115044247816,0.0007240547063555924,0.003459372485921164,0.000482703137570395,0.0011263073209975883,-8.045052292839915e-05,0.0004022526146419958,-0.0012067578439259874,-0.0027353177795655715,0.000482703137570395,0.0002413515687851975,-0.000482703137570395,-0.0012872083668543865,-0.0012872083668543865,0.0007240547063555924,0.0,0.0005631536604987942,-0.0013676588897827858
103,103,0.9855189058728882,0.9855080610866087,0.9821482093158393,0.9970639508211763,2.9098231448788217,-0.5751693538191494,0.6385321113577324,5.355246158766462,1.65426838242898,0.02791633145615441,0.018744971842316983,0.010217216411906694,0.017377312952534196,0.009171359613837504,0.004344328238133554,0.007884151246983117,0.004505229283990353,0.0039420756234915585,0.0008849557522123908,0.0017699115044247816,0.0011263073209975883,0.0004022526146419958,0.0016894609814963823,0.0016894609814963823,0.0002413515687851975,0.0030571198712791682,0.001045856798069189,0.0016090104585679832,0.0002413515687851975,0.0005631536604987942,0.0008045052292839916,-0.0002413515687851975,0.0023330651649235757,-0.0004022526146419958,-0.0014481094127111848,0.0016894609814963823,0.00096540627514079
104,104,0.9863234111021721,0.9863558729202895,0.9865638845862901,0.997475475187013,3.593758167236339,-0.633853805434247,-0.47101377379836507,4.8149670717694155,2.003558503142072,0.03338696701528554,0.016492357200321817,0.007240547063555924,0.01882542236524538,0.013032984714400665,0.005551086082059542,0.00386162510056316,0.0037811745776347603,0.0012067578439259874,0.00193081255028158,0.0037811745776347603,0.0003218020917135966,0.002574416733708773,0.00096540627514079,-0.0015285599356395841,-0.002574416733708773,-0.001045856798069189,-0.0004022526146419958,0.0002413515687851975,8.045052292839915e-05,0.0005631536604987942,-0.0003218020917135966,-0.0008849557522123908,-0.0002413515687851975,0.0017699115044247816,-0.0004022526146419958,0.0,-0.0007240547063555924
105,105,0.9839098954143202,0.9839098954143202,0.9817341264709686,0.9980426272292301,2.522886898118701,0.16937109777920967,0.24413121080425418,5.32669935255546,1.3842793348562838,0.025985518905872817,0.018181818181818188,0.009171359613837504,0.010056315366049895,0.012872083668543866,0.0027353177795655715,0.004263877715205156,0.005068382944489147,0.0006436041834271932,0.0004022526146419958,0.004907481898632349,-0.000482703137570395,0.002172164119066777,0.0012067578439259874,-0.001045856798069189,0.0016090104585679832,-0.0007240547063555924,-0.0013676588897827858,-0.0001609010458567983,-0.0007240547063555924,0.0004022526146419958,-0.0001609010458567983,-0.0002413515687851975,0.0003218020917135966,0.0002413515687851975,-0.0008045052292839916,0.000482703137570395,-0.0004022526146419958
106,106,0.9895414320193081,0.9895381840001765,0.9878619740579158,0.9979826076772172,2.7196560022442204,0.2075733114088439,0.4793598242055567,4.994325811133698,1.1725031173399412,0.01898632341110219,0.02518101367658888,0.010941271118262286,0.012952534191472265,0.010297666934835092,0.008286403861625113,0.005068382944489147,0.006918744971842328,0.0013676588897827858,0.0032984714400643655,0.0037007240547063613,0.0016090104585679832,0.0015285599356395841,0.0041029766693483575,0.0039420756234915585,0.0016894609814963823,0.0017699115044247816,0.0015285599356395841,0.00096540627514079,0.0003218020917135966,0.0016894609814963823,0.0,0.0003218020917135966,0.0011263073209975883,0.0023330651649235757,0.0014481094127111848,0.0015285599356395841,0.0002413515687851975
107,107,0.9855189058728882,0.9855600860985734,0.9867315846791946,0.9984909748128925,2.9877214833150147,-0.4632203785095482,0.5508380716266398,5.699334927463784,0.7952626212917616,0.027916331456154398,0.020112630732099745,0.010056315366049895,0.010780370072405487,0.010378117457763491,0.010136765888978294,0.006355591311343533,0.004022526146419958,0.0012067578439259874,0.0028962188254223697,0.00096540627514079,0.00096540627514079,8.045052292839915e-05,0.0013676588897827858,0.0008045052292839916,-0.001045856798069189,0.0016090104585679832,0.0002413515687851975,0.0003218020917135966,0.0003218020917135966,8.045052292839915e-05,-0.0008849557522123908,-0.000482703137570395,-0.0008849557522123908,0.000482703137570395,-8.045052292839915e-05,0.000482703137570395,0.00096540627514079
108,108,0.9919549477071601,0.9919501129964374,0.9903700818528509,0.9983984047995536,3.0525150654273525,-0.37996638533592786,0.4041640629182116,5.615004542718642,0.9278842842583362,0.028801287208366843,0.023169750603378936,0.011987127916331474,0.010699919549477088,0.01617055510860823,0.010297666934835092,0.006194690265486735,0.008125502815768315,0.004263877715205156,0.003459372485921164,0.004666130329847151,0.0007240547063555924,0.006033789219629937,0.0033789219629927645,0.0018503620273531806,0.0028962188254223697,0.003620273531777962,0.002493966210780374,0.002413515687851975,0.0004022526146419958,0.0012067578439259874,8.045052292839915e-05,0.0003218020917135966,0.0030571198712791682,0.0023330651649235757,0.0,0.002574416733708773,0.0012067578439259874
109,109,0.9839098954143202,0.9839001674471473,0.9813122053431116,0.9960712414876899,2.786797450898571,-0.17493650655804893,0.380295143997432,5.21121073356051,1.6146636271113513,0.024537409493161643,0.015607401448109437,0.011826226870474677,0.013032984714400665,0.011584875301689479,0.00482703137570395,0.004987932421560748,0.005068382944489147,0.003620273531777962,0.0017699115044247816,0.0018503620273531806,-0.0001609010458567983,0.002574416733708773,0.0012067578439259874,0.0005631536604987942,0.0003218020917135966,0.000482703137570395,0.00096540627514079,0.0,0.0012067578439259874,0.0008849557522123908,-0.0012872083668543865,8.045052292839915e-05,0.0011263073209975883,0.0004022526146419958,0.0001609010458567983,-0.00096540627514079,0.0001609010458567983
110,110,0.9758648431214803,0.975941823313357,0.9756376037959668,0.9954122182680902,3.1083579727745905,-0.17956112680256753,0.48425492060513325,4.923145090328903,1.2872775049678098,0.01898632341110209,0.018342719227674897,0.010699919549477055,0.013917940466612965,0.01343523732904257,0.006838294448913929,0.007481898632341122,0.008045052292839916,0.0030571198712791682,0.0027353177795655715,0.005470635559131143,0.003539823008849563,0.0007240547063555924,0.0026548672566371724,0.0011263073209975883,-0.000482703137570395,0.00096540627514079,0.0007240547063555924,0.0016894609814963823,8.045052292839915e-05,0.002011263073209979,8.045052292839915e-05,-0.0005631536604987942,0.0003218020917135966,0.0014481094127111848,-8.045052292839915e-05,0.0005631536604987942,0.0016090104585679832
111,111,0.9887369267900241,0.9887228099288621,0.9860231897637104,0.9970837115333939,3.0567946456299206,-0.5150932236177489,0.2516074973531183,5.175200823614095,1.8271131925578354,0.03177795655671756,0.019790828640386192,0.006757843925985529,0.011182622687047483,0.01255028157683027,0.0061142397425583365,0.0031375703942075673,0.00764279967819792,0.00096540627514079,0.0023330651649235757,0.002172164119066777,-0.0004022526146419958,0.0016894609814963823,0.0023330651649235757,0.0008045052292839916,0.0001609010458567983,0.0001609010458567983,0.0006436041834271932,-0.00096540627514079,-8.045052292839915e-05,0.0002413515687851975,0.0003218020917135966,-0.000482703137570395,0.001045856798069189,0.0008849557522123908,0.0,-0.0001609010458567983,0.000482703137570395
112,112,0.9879324215607401,0.9879214445820731,0.985533438100227,0.9969181072114546,3.0071109571596213,0.314778920628214,-0.02044928694726454,4.573794755840188,1.6985560723365094,0.025663716814159254,0.019790828640386192,0.010941271118262286,0.006596942880128731,0.013596138374899458,0.005551086082059542,0.004263877715205156,0.005631536604987941,0.0016894609814963823,0.0028157683024939706,0.004505229283990353,0.0007240547063555924,0.0033789219629927645,0.0015285599356395841,-0.0005631536604987942,8.045052292839915e-05,0.0002413515687851975,-0.0002413515687851975,0.00193081255028158,-8.045052292839915e-05,0.000482703137570395,-8.045052292839915e-05,0.0,-0.0001609010458567983,0.0011263073209975883,-8.045052292839915e-05,0.0013676588897827858,0.0003218020917135966
113,113,0.9879324215607401,0.9879128916323242,0.9846710274315684,0.9982380152626772,2.614054364344603,0.07249708213579018,0.7451616069353427,5.5204816290891445,0.9418796240223668,0.019388576025744186,0.01882542236524539,0.01061946902654869,0.014239742558326652,0.00764279967819792,0.005711987127916341,0.0016090104585679832,0.004505229283990353,0.0012067578439259874,0.0002413515687851975,0.003539823008849563,-0.0002413515687851975,0.0022526146419951766,8.045052292839915e-05,0.0008045052292839916,0.000482703137570395,-0.0005631536604987942,0.000482703137570395,0.0014481094127111848,-0.000482703137570395,-0.0011263073209975883,-0.0005631536604987942,-0.0001609010458567983,8.045052292839915e-05,-0.0008849557522123908,-0.0008045052292839916,0.0006436041834271932,8.045052292839915e-05
114,114,0.9847144006436042,0.9847191195083362,0.9830219892835182,0.9977395836383334,2.874761646981006,-0.27319404458791463,0.38104234275607185,5.497299436065515,1.2610742898491947,0.034030571198712736,0.019147224456958954,0.015607401448109437,0.011263073209975882,0.013998390989541453,0.007079646017699126,0.0061142397425583365,0.006436041834271933,0.004424778761061954,0.0032984714400643655,0.0039420756234915585,0.0012872083668543865,0.0041029766693483575,0.002172164119066777,0.0022526146419951766,0.0012872083668543865,0.002493966210780374,-0.0014481094127111848,-0.0015285599356395841,-0.000482703137570395,-8.045052292839915e-05,0.000482703137570395,-0.0008849557522123908,-0.0001609010458567983,0.0002413515687851975,0.0006436041834271932,0.0012872083668543865,-0.0004022526146419958
115,115,0.9903459372485921,0.9903167533470735,0.986266712236717,0.9978305952684385,3.424310091148208,-0.4891544446237598,0.7069760332579884,4.719895239488257,1.2163093151305304,0.028962188254223607,0.023169750603378947,0.009734513274336299,0.009010458567980707,0.014883346741753845,0.006757843925985529,0.005792437650844739,0.007803700724054718,0.0015285599356395841,0.0012872083668543865,0.0041029766693483575,-0.001045856798069189,0.0005631536604987942,0.0012067578439259874,0.0018503620273531806,0.0008045052292839916,0.0012872083668543865,0.0004022526146419958,0.0004022526146419958,8.045052292839915e-05,-0.0002413515687851975,-0.0002413515687851975,-0.0007240547063555924,0.002413515687851975,0.0003218020917135966,-0.0003218020917135966,-0.0008045052292839916,0.0007240547063555924
116,116,0.9919549477071601,0.9919655786930084,0.9920845466292704,0.9987494863961985,2.246291086869873,0.20822899618494525,0.5436255885280652,5.3895034906494965,1.157339056566643,0.03250201126307315,0.017699115044247815,0.010297666934835092,0.013193885760257462,0.013837489943684656,0.010136765888978294,0.008930008045052307,0.00474658085277555,0.004022526146419958,0.004183427192276756,0.0033789219629927645,0.0004022526146419958,0.0033789219629927645,0.002574416733708773,0.002091713596138378,0.0008045052292839916,0.0018503620273531806,0.0004022526146419958,0.0008045052292839916,0.0014481094127111848,0.00096540627514079,0.0004022526146419958,-0.0003218020917135966,0.0003218020917135966,0.00193081255028158,-0.0001609010458567983,0.0015285599356395841,0.0011263073209975883
117,117,0.9919549477071601,0.9919496938168545,0.9901591921486503,0.9980300637123538,2.3662544609712506,0.14681576500183763,0.45454655335808525,5.3513500722645615,1.4306033524806516,0.027111826226870472,0.018905872888173803,0.01246983105390187,0.010860820595333887,0.013757039420756257,0.006918744971842328,0.007964601769911516,0.005470635559131143,0.005309734513274345,0.0032984714400643655,0.006194690265486735,0.003620273531777962,0.005229283990345945,0.0029766693483507687,0.003620273531777962,0.004585679806918752,0.0029766693483507687,0.002172164119066777,0.0023330651649235757,0.00096540627514079,0.0012872083668543865,0.0005631536604987942,0.0012067578439259874,0.002172164119066777,0.0032984714400643655,0.0005631536604987942,0.0022526146419951766,0.0033789219629927645
118,118,0.9782783588093322,0.9783169087435148,0.9763639285021343,0.9969956587116803,3.2762021493035927,-0.18978965013784968,0.08665670973023022,5.0202653722696375,1.2787092238093978,0.03024939662107797,0.020514883346741675,0.004907481898632349,0.007481898632341122,0.010056315366049895,0.004022526146419958,0.005711987127916329,0.0030571198712791682,-0.0005631536604987942,-0.0016090104585679832,0.0018503620273531806,-0.001045856798069189,0.0007240547063555924,-0.001045856798069189,0.0001609010458567983,0.0,0.0013676588897827858,-0.0027353177795655715,-0.0008045052292839916,-0.0015285599356395841,-0.000482703137570395,-0.00193081255028158,-0.000482703137570395,-0.00193081255028158,-0.0023330651649235757,-0.0012067578439259874,-0.0006436041834271932,-0.0008045052292839916
119,119,0.9847144006436042,0.984746067658523,0.9849128511739306,0.9972902571633363,2.699709024156297,-0.25090147563864695,0.09334700320788858,5.443679236532834,1.6651427954652283,0.029042638777151984,0.02276749798873686,0.013274336283185861,0.010217216411906694,0.018905872888173768,0.0074014481094127225,0.004907481898632349,0.007240547063555924,0.0014481094127111848,0.0015285599356395841,0.00386162510056316,8.045052292839915e-05,0.0017699115044247816,-0.0008849557522123908,0.0005631536604987942,0.0,0.0026548672566371724,-0.0012067578439259874,-8.045052292839915e-05,-0.0001609010458567983,-0.00096540627514079,-0.0002413515687851975,-0.0008849557522123908,0.0005631536604987942,-0.0006436041834271932,0.0004022526146419958,-0.0008045052292839916,-0.0011263073209975883
120,120,0.9855189058728882,0.9855479446355188,0.9853186489928432,0.997321423233066,2.1755952976659936,-0.3261652933437865,0.0546412269302709,5.3369391632633105,2.3243565219413633,0.02477876106194684,0.027192276749798804,0.0168141592920354,0.009814963797264698,0.01528559935639584,0.010699919549477088,0.007803700724054718,0.010860820595333887,0.004585679806918752,0.004263877715205156,0.009251810136765903,0.003620273531777962,0.00386162510056316,0.006033789219629937,0.0028157683024939706,0.0027353177795655715,0.0017699115044247816,-0.0002413515687851975,0.0008045052292839916,0.0004022526146419958,0.0027353177795655715,0.0007240547063555924,0.0007240547063555924,0.0012067578439259874,0.0030571198712791682,0.0008045052292839916,0.002011263073209979,-0.000482703137570395
121,121,0.9847144006436042,0.9847097937755424,0.98251702462022,0.995698736976893,3.0430592865966437,0.16575371118738103,-0.06474063623345785,4.765938125388773,1.6978921987973767,0.03282381335478675,0.025502815768302423,0.011745776347546278,0.01150442477876108,0.0096540627514079,0.008527755430410311,0.004424778761061954,0.009010458567980707,0.004022526146419958,0.0011263073209975883,0.003459372485921164,-0.0003218020917135966,0.0007240547063555924,0.0029766693483507687,8.045052292839915e-05,0.0013676588897827858,0.0008045052292839916,0.0002413515687851975,0.0032180209171359664,0.0003218020917135966,0.000482703137570395,0.000482703137570395,0.0001609010458567983,-0.0001609010458567983,0.0013676588897827858,-0.0008045052292839916,-0.0008045052292839916,0.0016090104585679832
122,122,0.9879324215607401,0.9879147808556424,0.9851065917762987,0.9982682083460812,3.043516267150525,-0.053288000416146966,0.6963948565034896,4.7743973317106905,1.1954547420548813,0.02518101367658888,0.02107803700724057,0.015607401448109437,0.009412711182622702,0.010780370072405487,0.009895414320193096,0.00482703137570395,0.004907481898632349,0.0008849557522123908,0.002172164119066777,0.002413515687851975,-0.0001609010458567983,0.002413515687851975,0.0011263073209975883,-0.0004022526146419958,0.0013676588897827858,0.002413515687851975,0.0002413515687851975,0.0014481094127111848,0.0,0.0003218020917135966,0.0002413515687851975,-0.0001609010458567983,-0.0005631536604987942,0.0007240547063555924,0.0001609010458567983,0.0013676588897827858,-0.0003218020917135966
123,123,0.9879324215607401,0.9879537168859021,0.9876789876789877,0.998041352586807,3.023647416802594,-0.12583598254668296,0.07786430755562584,4.8889194614274984,1.5109274979283334,0.019469026548672587,0.02437650844730488,0.0094931617055511,0.015044247787610644,0.01238938053097347,0.005792437650844739,0.0061142397425583365,0.00860820595333871,0.003539823008849563,0.00193081255028158,0.005631536604987941,0.002172164119066777,0.003620273531777962,0.0006436041834271932,0.0004022526146419958,0.000482703137570395,0.000482703137570395,-0.0015285599356395841,-8.045052292839915e-05,0.0,0.0003218020917135966,-0.0007240547063555924,-0.0004022526146419958,-0.0012872083668543865,0.0012872083668543865,-0.0001609010458567983,0.0007240547063555924,-0.001045856798069189
124,124,0.9839098954143202,0.9839193903723691,0.9825500374518787,0.9978022424675272,2.2914396375390833,0.02741714354956909,0.6851931567520727,4.805764714516052,1.786346947105355,0.027111826226870406,0.025020112630732026,0.019549477071600964,0.013917940466613044,0.014481094127111849,0.0096540627514079,0.0059533386967015375,0.005792437650844739,0.0032180209171359664,0.002172164119066777,0.0037811745776347603,0.0005631536604987942,0.003459372485921164,0.002493966210780374,-0.0003218020917135966,8.045052292839915e-05,0.0008045052292839916,0.0006436041834271932,8.045052292839915e-05,0.0002413515687851975,-0.000482703137570395,0.0006436041834271932,0.0006436041834271932,0.0014481094127111848,8.045052292839915e-05,0.0008849557522123908,0.000482703137570395,0.0
125,125,0.9879324215607401,0.9879055578345866,0.9841544857023916,0.9975696704250292,2.5935879245610076,0.04443907340638395,0.8635438453537719,4.998844018930412,1.3582770411352607,0.0234915526950925,0.02067578439259855,0.008366854384553512,0.010217216411906694,0.007481898632341122,0.004666130329847151,0.005309734513274345,0.00474658085277555,0.0016090104585679832,0.0008045052292839916,0.0030571198712791682,0.0005631536604987942,0.0013676588897827858,0.0013676588897827858,8.045052292839915e-05,0.00096540627514079,0.0015285599356395841,0.0005631536604987942,0.0006436041834271932,-0.0011263073209975883,-0.0011263073209975883,-0.0008849557522123908,-0.0007240547063555924,0.0008849557522123908,-0.0008045052292839916,-0.0007240547063555924,-0.0007240547063555924,0.0006436041834271932
126,126,0.9887369267900241,0.9887138139725254,0.9850124622851895,0.9986196081237404,2.562553933731942,-0.29871451675288596,0.533027479504444,5.135300317870712,1.8798446532878363,0.021158487530168957,0.02783588093322601,0.010217216411906694,0.007240547063555924,0.009734513274336299,0.005631536604987941,0.008688656476267109,0.00764279967819792,0.001045856798069189,0.0016090104585679832,-0.0002413515687851975,8.045052292839915e-05,-0.0004022526146419958,-0.001045856798069189,-0.0003218020917135966,0.0003218020917135966,0.000482703137570395,0.0006436041834271932,0.0007240547063555924,0.0003218020917135966,8.045052292839915e-05,8.045052292839915e-05,-8.045052292839915e-05,0.0005631536604987942,8.045052292839915e-05,8.045052292839915e-05,0.0,-0.0001609010458567983
127,127,0.9839098954143202,0.9839201594399037,0.9823059630158486,0.9987343490010502,2.959739518332463,0.10835137192805304,-0.06807784470797221,4.886257734294862,1.6850089989480248,0.03483507642799673,0.018101367658889766,0.008769106999195508,0.008930008045052307,0.003620273531777962,0.008930008045052307,0.004424778761061954,0.006838294448913929,0.0008849557522123908,0.0012067578439259874,0.0028157683024939706,0.0016090104585679832,0.0013676588897827858,0.0012872083668543865,0.00096540627514079,0.0001609010458567983,0.0002413515687851975,-0.00193081255028158,-0.0007240547063555924,0.0008849557522123908,0.001045856798069189,-0.002011263073209979,-0.00096540627514079,0.0008849557522123908,0.0013676588897827858,-0.0003218020917135966,-0.0006436041834271932,0.0013676588897827858
128,128,0.9831053901850362,0.9831001120636733,0.9805573634002334,0.9969569576612548,2.279215512255925,0.11538804119996951,0.30170350300355064,5.477384942731752,1.3999374847378692,0.025502815768302423,0.016894609814963803,0.008688656476267109,0.012630732099758669,0.007320997586484324,0.004666130329847151,0.004263877715205156,0.007964601769911516,0.002413515687851975,8.045052292839915e-05,0.0015285599356395841,0.0008849557522123908,0.0023330651649235757,-0.0005631536604987942,-0.0014481094127111848,0.001045856798069189,0.0,-0.000482703137570395,-0.0012067578439259874,-0.0011263073209975883,0.0,0.0,-0.0011263073209975883,-0.0002413515687851975,-0.0007240547063555924,0.000482703137570395,0.0007240547063555924,-0.0003218020917135966
129,129,0.9847144006436042,0.9847283048165822,0.9836727302466324,0.9975991027303635,2.967827653236059,0.11982800421208578,0.3137819055340166,4.997038661851258,1.3196540313269656,0.02855993563958159,0.02968624296057918,0.013676588897827857,0.012630732099758669,0.01061946902654869,0.00482703137570395,0.008366854384553512,0.00474658085277555,0.002091713596138378,0.0014481094127111848,0.00482703137570395,-0.00096540627514079,0.0016090104585679832,0.0011263073209975883,-0.0008045052292839916,0.0007240547063555924,0.000482703137570395,0.000482703137570395,8.045052292839915e-05,-0.000482703137570395,0.0003218020917135966,0.0,-0.0003218020917135966,0.0006436041834271932,0.0006436041834271932,-0.0001609010458567983,0.0006436041834271932,-0.0003218020917135966
130,130,0.9814963797264682,0.9815025103351392,0.9790803128066368,0.9963248193630876,2.4048603990445097,-0.1365387487021384,0.48407942702372436,5.275802668807338,1.783915897610121,0.02558326629123082,0.023652453740949254,0.015124698310539008,0.01255028157683027,0.009412711182622702,0.006194690265486735,0.006838294448913929,0.0053901850362027435,-8.045052292839915e-05,0.0011263073209975883,0.0014481094127111848,0.0003218020917135966,0.0004022526146419958,0.0016894609814963823,-0.0003218020917135966,-0.0001609010458567983,0.0005631536604987942,-0.0002413515687851975,0.0003218020917135966,-0.0012067578439259874,0.0006436041834271932,-0.000482703137570395,0.0004022526146419958,8.045052292839915e-05,0.0018503620273531806,-0.0007240547063555924,-0.0006436041834271932,0.00096540627514079
131,131,0.9814963797264682,0.9814671308841811,0.9774894021213347,0.9951774521702931,2.956108612720939,-0.4149993802121667,0.2565791829515054,5.419508595853155,1.340756306066578,0.03338696701528554,0.029927594529364377,0.01415929203539823,0.015607401448109414,0.014883346741753822,0.007803700724054718,0.007562349155269521,0.006033789219629937,0.0014481094127111848,0.0030571198712791682,0.00667739340305713,0.0002413515687851975,0.003620273531777962,0.0012872083668543865,0.0029766693483507687,0.0015285599356395841,0.002091713596138378,8.045052292839915e-05,0.0008045052292839916,0.0016894609814963823,-0.0006436041834271932,-8.045052292839915e-05,-0.0005631536604987942,0.0014481094127111848,0.00193081255028158,0.0003218020917135966,0.0032984714400643655,0.00096540627514079
132,132,0.9895414320193081,0.9895164649828688,0.9856324919163229,0.9980289523673413,2.655129600048617,-0.46967735153334167,0.8807889109456041,5.563488573008808,1.06865801536503,0.03475462590506832,0.02904263877715201,0.010217216411906694,0.010699919549477088,0.005631536604987941,0.004183427192276756,0.0061142397425583365,0.0016090104585679832,0.0031375703942075673,0.0016090104585679832,0.005872888173773139,8.045052292839915e-05,0.0013676588897827858,0.0005631536604987942,0.00096540627514079,0.0011263073209975883,0.002172164119066777,0.0014481094127111848,0.0004022526146419958,0.0,0.0008045052292839916,0.0001609010458567983,0.0,0.0005631536604987942,0.0004022526146419958,-8.045052292839915e-05,0.0008849557522123908,-0.0005631536604987942
133,133,0.9863234111021721,0.9862880815539229,0.9823265371722459,0.9986912797906048,2.4026229049212793,-0.31057886770420323,0.5058738558808356,5.290041429570421,1.802697319227275,0.02325020112630727,0.02493966210780365,0.006918744971842328,0.012067578439259874,0.016733708769107025,0.006275140788415135,0.005229283990345945,0.006275140788415135,0.0014481094127111848,-0.0004022526146419958,0.002413515687851975,0.001045856798069189,0.0028962188254223697,0.000482703137570395,0.0001609010458567983,0.001045856798069189,0.0006436041834271932,-0.0003218020917135966,0.0004022526146419958,0.0001609010458567983,-0.0004022526146419958,-0.000482703137570395,0.0002413515687851975,0.0006436041834271932,-0.0003218020917135966,0.0016894609814963823,0.0014481094127111848,0.0012067578439259874
134,134,0.9814963797264682,0.9814786220513007,0.9780164321321162,0.9965069948384743,3.3906028692681067,-0.3874952165667524,0.08268233501763786,4.737025854901699,1.963637068772311,0.02888173773129519,0.020756234915526882,0.014481094127111826,0.012550281576830257,0.013032984714400665,0.007884151246983117,0.006355591311343533,0.005068382944489147,0.0011263073209975883,0.00193081255028158,0.0037811745776347603,-0.000482703137570395,0.0028962188254223697,0.0,0.0016090104585679832,0.0011263073209975883,-0.0008045052292839916,-0.002011263073209979,-0.001045856798069189,0.0002413515687851975,-0.002011263073209979,-0.0016090104585679832,-0.0015285599356395841,0.0,0.0011263073209975883,-0.0006436041834271932,-0.0001609010458567983,0.0007240547063555924
135,135,0.9871279163314561,0.9871525499928567,0.9872412609958531,0.9988671387414887,2.429549325634628,0.12256723666042862,0.4842441991580476,5.508701181352089,1.1491484627401523,0.01794046661303299,0.023732904263877676,0.008045052292839916,0.010378117457763491,0.01053901850362029,0.006033789219629937,0.0041029766693483575,0.00667739340305713,0.0030571198712791682,0.0008045052292839916,0.004987932421560748,0.0013676588897827858,0.002091713596138378,0.0001609010458567983,-0.0004022526146419958,0.0002413515687851975,-0.0005631536604987942,0.0,-0.0011263073209975883,-0.001045856798069189,-0.0011263073209975883,-0.0004022526146419958,-0.0008849557522123908,-0.0006436041834271932,-0.0016090104585679832,-0.0004022526146419958,-0.0001609010458567983,0.0005631536604987942
136,136,0.9871279163314561,0.9871363717482196,0.9858963166209362,0.9972621126275404,2.5886329963746255,0.07603042870031455,0.7226321331911347,5.283089686356763,0.9105963130746922,0.026387771520514858,0.021882542236524517,0.009975864843121495,0.01528559935639584,0.011182622687047483,0.008366854384553512,0.005631536604987941,0.004344328238133554,0.003539823008849563,-0.0005631536604987942,0.002011263073209979,-8.045052292839915e-05,0.0023330651649235757,0.0013676588897827858,0.0002413515687851975,0.0004022526146419958,-8.045052292839915e-05,-0.0013676588897827858,0.0,0.0002413515687851975,0.0004022526146419958,-0.002011263073209979,-0.0012067578439259874,-0.0017699115044247816,0.0002413515687851975,-0.0003218020917135966,0.001045856798069189,-0.0006436041834271932
137,137,0.9823008849557522,0.9822803760725672,0.979145764861904,0.9960243325837513,2.607868601927327,0.28198153264654724,0.4369748727963184,5.154499917935883,1.091723386433876,0.02260659694288005,0.02204344328238127,0.013193885760257462,0.011102172164119083,0.011263073209975882,0.012228479485116673,0.008366854384553512,0.006757843925985529,0.007160096540627525,0.004022526146419958,0.004907481898632349,-0.0002413515687851975,0.002011263073209979,-0.0003218020917135966,0.0012067578439259874,0.0014481094127111848,0.0001609010458567983,8.045052292839915e-05,0.0006436041834271932,-0.0007240547063555924,-0.0001609010458567983,-0.000482703137570395,-0.0003218020917135966,0.0012067578439259874,0.0006436041834271932,0.0005631536604987942,0.0004022526146419958,-0.001045856798069189
138,138,0.9847144006436042,0.9847375742652343,0.9842726464533034,0.9976166245554932,3.377381404677356,-0.25165491681000374,0.28872890151459424,4.9287038857184555,1.3989890975715353,0.030008045052292775,0.02558326629123082,0.01343523732904266,0.010941271118262286,0.007079646017699126,0.005711987127916341,0.010378117457763491,0.0039420756234915585,0.0041029766693483575,0.002172164119066777,0.002172164119066777,0.0018503620273531806,0.0017699115044247816,0.00096540627514079,0.0006436041834271932,0.0007240547063555924,-0.0007240547063555924,0.0004022526146419958,0.0016894609814963823,0.001045856798069189,0.000482703137570395,0.0008849557522123908,-0.0002413515687851975,0.0002413515687851975,0.001045856798069189,0.0001609010458567983,0.0001609010458567983,0.0014481094127111848
139,139,0.9806918744971842,0.9806662114717024,0.9765688018979835,0.99679418742586,3.3026010077961905,-0.6546126213587177,0.09772194522071255,5.290613520532374,1.595467076545285,0.03475462590506832,0.020353982300884876,0.0094931617055511,0.00764279967819792,0.012067578439259874,0.0015285599356395841,0.0028157683024939706,0.006999195494770727,-8.045052292839915e-05,0.00193081255028158,-0.0001609010458567983,-0.0008045052292839916,0.0003218020917135966,0.0004022526146419958,-0.001045856798069189,-0.001045856798069189,-0.0006436041834271932,-0.002011263073209979,-0.0014481094127111848,-0.0016894609814963823,0.000482703137570395,-0.0008849557522123908,-0.00096540627514079,-0.00096540627514079,-0.0002413515687851975,-0.0014481094127111848,-0.0008045052292839916,-0.0002413515687851975
140,140,0.9847144006436042,0.9847276440156637,0.9837933229184748,0.9984088410576867,2.917932385000161,0.25425531874380697,0.2478495339289783,4.66983511188453,1.482257092323494,0.03161705551086076,0.01335478680611426,0.010860820595333887,0.007160096540627525,0.0061142397425583365,0.00667739340305713,0.007240547063555924,0.004907481898632349,0.003539823008849563,0.0002413515687851975,0.0031375703942075673,0.0004022526146419958,0.0030571198712791682,0.0018503620273531806,0.0007240547063555924,0.0001609010458567983,0.0016894609814963823,-0.001045856798069189,-0.0032180209171359664,-0.0005631536604987942,0.0001609010458567983,-0.0002413515687851975,8.045052292839915e-05,-0.0005631536604987942,0.0001609010458567983,-0.000482703137570395,0.0008045052292839916,-0.0004022526146419958
141,141,0.9847144006436042,0.9847096535387195,0.9824027171844347,0.9982666237226598,3.0957728684946857,-0.7114872256684687,0.06103678822100179,5.807973663945017,1.4379881816352897,0.02316975060337887,0.017699115044247794,0.006516492357200332,0.011584875301689479,0.012791633145615466,0.002091713596138378,0.0023330651649235757,0.0032180209171359664,0.0022526146419951766,0.0018503620273531806,0.001045856798069189,0.0002413515687851975,-0.0005631536604987942,0.0003218020917135966,-0.0006436041834271932,-0.0023330651649235757,0.0015285599356395841,0.0011263073209975883,-0.0006436041834271932,8.045052292839915e-05,8.045052292839915e-05,-0.0003218020917135966,-0.0002413515687851975,0.0005631536604987942,0.0002413515687851975,-0.0011263073209975883,-0.0011263073209975883,-0.0007240547063555924
142,142,0.9887369267900241,0.9887369267900241,0.9875417375417375,0.998576771304044,2.917890495464543,0.42921646990835305,0.16581453491482942,4.907170541705397,0.7395828989163264,0.034111021721641134,0.02260659694288013,0.004907481898632349,0.010860820595333887,0.008527755430410311,0.0053901850362027435,0.005711987127916341,0.005068382944489147,0.0026548672566371724,0.0016894609814963823,0.00096540627514079,0.00096540627514079,0.0002413515687851975,8.045052292839915e-05,0.0007240547063555924,-0.0001609010458567983,-0.0008045052292839916,-0.0007240547063555924,-0.0015285599356395841,-0.0004022526146419958,-0.0017699115044247816,-0.0012067578439259874,-0.000482703137570395,0.0001609010458567983,-0.0006436041834271932,-0.0001609010458567983,0.0001609010458567983,8.045052292839915e-05
143,143,0.9895414320193081,0.9895583579572685,0.989661921708185,0.9989768683274022,3.159562447860089,-0.21634883201598581,0.43517946697278076,5.132077370122744,1.1563822317966403,0.02260659694288014,0.02067578439259856,0.007964601769911516,0.012228479485116673,0.011263073209975882,0.005551086082059542,0.007964601769911516,0.004183427192276756,0.0037811745776347603,0.001045856798069189,0.0022526146419951766,0.0006436041834271932,0.0004022526146419958,0.0001609010458567983,-0.0002413515687851975,0.0005631536604987942,-0.0005631536604987942,0.000482703137570395,0.0014481094127111848,-0.0008045052292839916,-0.0002413515687851975,-0.0011263073209975883,8.045052292839915e-05,-0.0007240547063555924,0.0001609010458567983,-0.002413515687851975,0.0002413515687851975,0.000482703137570395
144,144,0.9847144006436042,0.9847099589701431,0.9826490628846853,0.9960325028463108,3.0815727716110746,0.16696474506173004,0.29170341856806037,4.926979987964883,1.1903924817062612,0.02333065164923568,0.02767497988736921,0.011263073209975882,0.01528559935639584,0.014802896218825435,0.007562349155269521,0.002011263073209979,0.009171359613837504,0.0016894609814963823,0.0017699115044247816,0.0028157683024939706,0.0006436041834271932,-0.0005631536604987942,0.000482703137570395,0.0003218020917135966,0.001045856798069189,0.0008045052292839916,-0.0007240547063555924,-0.0018503620273531806,-0.0004022526146419958,0.000482703137570395,0.0001609010458567983,-0.0008849557522123908,-0.00096540627514079,-0.0008045052292839916,0.000482703137570395,0.0003218020917135966,0.0008045052292839916
145,145,0.9903459372485921,0.9903348192297681,0.9881240352938466,0.9961066187481281,3.5282529689846456,-0.4859931832855819,0.5878833304935455,5.20658487163404,0.9386789232269356,0.021399839098954175,0.021560740144810974,0.008688656476267109,0.012630732099758669,0.015848753016894635,0.00764279967819792,0.005148833467417546,0.00764279967819792,0.0031375703942075673,0.001045856798069189,0.0028157683024939706,-0.0005631536604987942,0.0012872083668543865,0.0015285599356395841,0.0006436041834271932,-0.0001609010458567983,0.0016894609814963823,0.0012067578439259874,-0.00096540627514079,0.0002413515687851975,0.0006436041834271932,-0.0001609010458567983,-8.045052292839915e-05,8.045052292839915e-05,0.0008045052292839916,-0.0001609010458567983,0.0004022526146419958,0.0005631536604987942
146,146,0.9831053901850362,0.9831330537418597,0.9822574410514109,0.9961255984062324,3.2807283023729044,-0.5086698408830345,0.8405648844143239,5.290708124115042,1.2178063349488641,0.018342719227674963,0.016331456154464997,0.008125502815768315,0.009975864843121495,0.008045052292839916,0.006194690265486735,0.005551086082059542,0.0074014481094127225,0.002091713596138378,0.0011263073209975883,0.0031375703942075673,-8.045052292839915e-05,0.002493966210780374,0.0023330651649235757,0.0023330651649235757,-0.0008849557522123908,0.0013676588897827858,0.0006436041834271932,-0.0008045052292839916,-0.000482703137570395,0.0016090104585679832,0.000482703137570395,0.00096540627514079,0.000482703137570395,0.0001609010458567983,-0.0005631536604987942,0.0027353177795655715,-0.0007240547063555924
147,147,0.9927594529364441,0.9927617419762753,0.9920870338000483,0.9978135612173431,3.5401123131621066,0.06420228690713084,0.035360915892693065,4.854380952884239,0.9131090514136266,0.037811745776347494,0.0189863234111022,0.01150442477876108,0.011665325824617878,0.01230893000804507,0.006918744971842328,0.006355591311343533,0.004907481898632349,0.0017699115044247816,0.0016894609814963823,0.005470635559131143,0.0017699115044247816,0.0032984714400643655,0.002413515687851975,0.0022526146419951766,0.0011263073209975883,0.0014481094127111848,0.0012067578439259874,0.002574416733708773,0.0,0.0014481094127111848,0.0001609010458567983,0.0,0.0015285599356395841,0.002172164119066777,0.0,0.002011263073209979,0.0008045052292839916
148,148,0.9806918744971842,0.9806659125023786,0.976494900538194,0.9963961820939015,3.22586883137419,-0.1144530136965591,0.2361982935208239,5.24994365074239,1.0135039838703905,0.017779565567176137,0.02477876106194683,0.007320997586484324,0.008849557522123908,0.007240547063555924,0.00386162510056316,0.0059533386967015375,0.004505229283990353,0.0017699115044247816,8.045052292839915e-05,0.0014481094127111848,-0.0002413515687851975,0.001045856798069189,-0.0027353177795655715,-0.003459372485921164,-0.0002413515687851975,-0.0028157683024939706,-0.0008849557522123908,-0.002172164119066777,-0.0015285599356395841,-0.002011263073209979,-0.0016090104585679832,-0.0008045052292839916,-0.003539823008849563,-0.0014481094127111848,-0.0007240547063555924,-0.0031375703942075673,-0.0011263073209975883
149,149,0.9847144006436042,0.9847096535387195,0.9824027171844347,0.9982022077123534,1.9641819698195728,0.2289328962381902,0.5593236621300115,5.358204608975543,1.5678599639916877,0.0180209171359614,0.0213998390989541,0.011343523732904282,0.007964601769911516,0.004424778761061954,0.003459372485921164,0.001045856798069189,0.002493966210780374,-0.000482703137570395,-8.045052292839915e-05,-0.0002413515687851975,-0.00096540627514079,-0.0011263073209975883,-0.000482703137570395,0.0,-0.0002413515687851975,-0.001045856798069189,-0.0022526146419951766,8.045052292839915e-05,-0.0006436041834271932,-0.0011263073209975883,-0.0014481094127111848,-0.0012872083668543865,-0.0013676588897827858,-0.00096540627514079,-0.0014481094127111848,-0.0014481094127111848,-0.0003218020917135966
150,150,0.9855189058728882,0.9855274513351323,0.9843544050957781,0.9977703067570156,2.1359679876715627,-0.37875912532976885,0.520266680352607,5.198646929985053,2.3176124758189216,0.02148028962188251,0.022606596942880097,0.011343523732904282,0.014239742558326652,0.01045856798069189,0.008849557522123908,0.005148833467417546,0.007240547063555924,0.0023330651649235757,0.0031375703942075673,0.0011263073209975883,0.0012872083668543865,0.0016894609814963823,-0.000482703137570395,0.0007240547063555924,0.002172164119066777,0.002091713596138378,0.000482703137570395,0.0002413515687851975,0.0008849557522123908,0.0013676588897827858,0.0005631536604987942,0.0,0.0016894609814963823,0.0012872083668543865,-0.0004022526146419958,-0.0004022526146419958,-0.000482703137570395
151,151,0.9871279163314561,0.9871198973643914,0.9848227095716335,0.9973647995783679,2.954777440940331,-0.3238001109417922,-0.050049707323234396,5.139291373875948,1.835396482526763,0.01697506033789222,0.017377312952534207,0.00772325020112632,0.008769106999195508,0.007803700724054718,0.006757843925985529,0.006033789219629937,0.0061142397425583365,0.0016894609814963823,-0.0001609010458567983,0.002172164119066777,0.0003218020917135966,0.0015285599356395841,0.0015285599356395841,0.0002413515687851975,-0.0018503620273531806,0.0012067578439259874,-0.0003218020917135966,-0.0011263073209975883,0.0001609010458567983,0.0002413515687851975,-0.000482703137570395,-0.0003218020917135966,-0.0002413515687851975,0.0003218020917135966,-0.0006436041834271932,-0.001045856798069189,-8.045052292839915e-05
152,152,0.9823008849557522,0.9822573038248705,0.9777006577032769,0.9961701879983702,2.777230268128739,-0.33287045380428076,0.11175558614700509,5.1897607467371145,2.0950440457622515,0.023974255832662848,0.017538213998390985,0.011102172164119083,0.013998390989541443,0.013998390989541443,0.0061142397425583365,0.009010458567980707,0.004505229283990353,0.0008849557522123908,0.002011263073209979,0.0028962188254223697,-0.0002413515687851975,0.00096540627514079,0.0001609010458567983,0.0003218020917135966,-0.000482703137570395,0.0004022526146419958,0.000482703137570395,8.045052292839915e-05,8.045052292839915e-05,-0.0001609010458567983,-0.0003218020917135966,-0.000482703137570395,-0.0002413515687851975,-0.0002413515687851975,-0.000482703137570395,-0.0003218020917135966,-8.045052292839915e-05
153,153,0.9863234111021721,0.9863105928074337,0.9836031973765116,0.9965800954528152,3.3062136943359386,0.4576761973247643,-0.01200032440084733,5.327221907237416,0.590497369645305,0.026950925181013607,0.015929203539823033,0.01045856798069189,0.012711182622687067,0.007803700724054718,0.00764279967819792,0.006355591311343533,0.0037811745776347603,-0.000482703137570395,0.0011263073209975883,0.0008849557522123908,-0.0014481094127111848,0.0006436041834271932,-0.0006436041834271932,-0.0007240547063555924,-0.0013676588897827858,-0.000482703137570395,-0.0018503620273531806,-0.0012067578439259874,-0.0013676588897827858,-0.0016894609814963823,-0.002011263073209979,-0.0005631536604987942,-0.0016090104585679832,-0.0011263073209975883,-0.0002413515687851975,-0.0016090104585679832,-0.0017699115044247816
154,154,0.9863234111021721,0.9863089302810619,0.9830481689072443,0.9931578598821214,3.2725502357037333,0.1718136897268774,0.08723154438114314,4.658761598000317,1.4388001108386714,0.031214802896218762,0.027514078841512413,0.011423974255832681,0.01255028157683027,0.013274336283185861,0.011826226870474677,0.00860820595333871,0.009010458567980707,0.004505229283990353,0.00482703137570395,0.008045052292839916,0.002172164119066777,0.0030571198712791682,0.0026548672566371724,0.0013676588897827858,0.0003218020917135966,0.0030571198712791682,0.0018503620273531806,0.0008849557522123908,0.0002413515687851975,0.0001609010458567983,0.0,-0.0003218020917135966,0.0011263073209975883,0.0029766693483507687,0.0,0.002091713596138378,0.0026548672566371724
155,155,0.9863234111021721,0.9862943830919196,0.9825848764088003,0.9985570865341624,3.025655598983233,-0.4732038579548843,0.1504314618540118,5.1886459192616226,1.899416848736773,0.018342719227675008,0.0180209171359614,0.01061946902654869,0.005470635559131143,0.005792437650844739,0.005148833467417546,0.004907481898632349,0.005872888173773139,-0.0006436041834271932,-0.0003218020917135966,0.0013676588897827858,-0.002011263073209979,0.0028962188254223697,0.00096540627514079,-0.0005631536604987942,0.0006436041834271932,-0.0002413515687851975,-0.0014481094127111848,8.045052292839915e-05,-0.0015285599356395841,-0.0012067578439259874,0.0,-0.0005631536604987942,-0.0006436041834271932,-0.0006436041834271932,-0.0001609010458567983,-0.00193081255028158,0.000482703137570395
156,156,0.9887369267900241,0.9887109847461014,0.9852532165658168,0.9966871814321261,2.892390605927558,0.13658244178000498,0.5407626389599947,5.013772008453734,1.192959323757297,0.03547868061142392,0.022204344328238135,0.007884151246983117,0.012711182622687067,0.005631536604987941,0.005470635559131143,0.0030571198712791682,0.006194690265486735,8.045052292839915e-05,0.0004022526146419958,0.0023330651649235757,0.0008849557522123908,0.0001609010458567983,8.045052292839915e-05,0.0005631536604987942,-0.0001609010458567983,8.045052292839915e-05,-0.0003218020917135966,0.0005631536604987942,0.0001609010458567983,0.0006436041834271932,0.0,0.0,-0.000482703137570395,-0.000482703137570395,-8.045052292839915e-05,-0.0001609010458567983,-8.045052292839915e-05
157,157,0.9823008849557522,0.9822635116209463,0.977402351020016,0.9973223827191623,2.7889638606282303,0.10412680955799952,0.49531994156144843,5.171288430930411,1.1910418124107136,0.02558326629123082,0.02485921158487523,0.011906677393403075,0.009895414320193096,0.011423974255832681,0.008366854384553512,0.005551086082059542,0.006033789219629937,0.001045856798069189,0.00193081255028158,0.0039420756234915585,-0.0016894609814963823,0.0007240547063555924,-8.045052292839915e-05,-0.0002413515687851975,-0.0013676588897827858,0.0022526146419951766,-0.0003218020917135966,0.0004022526146419958,-0.0013676588897827858,-0.0004022526146419958,-0.0004022526146419958,-8.045052292839915e-05,-0.0008045052292839916,-0.0001609010458567983,-0.0006436041834271932,-0.0012872083668543865,-0.0008849557522123908
158,158,0.9806918744971842,0.9807153626045813,0.979421088339884,0.9982775360284484,2.866804532914852,0.22973749028765858,0.25736527081793387,5.021946619852084,1.1208397603090385,0.027514078841512402,0.025341914722445624,0.009895414320193086,0.006918744971842328,0.011906677393403075,0.005470635559131143,0.006838294448913929,0.0041029766693483575,0.00096540627514079,0.0017699115044247816,0.00386162510056316,-0.0006436041834271932,0.0026548672566371724,0.0012067578439259874,-0.0004022526146419958,-0.0005631536604987942,0.0012067578439259874,0.0002413515687851975,-0.0016894609814963823,-0.0008849557522123908,-0.0012872083668543865,-0.0008045052292839916,-0.000482703137570395,-0.000482703137570395,-0.0005631536604987942,-0.0003218020917135966,0.0008045052292839916,-0.0006436041834271932
159,159,0.9871279163314561,0.9871110054979295,0.9839950071284481,0.9959506865198384,3.1602200540547116,-0.253186503358246,0.29533513434171393,5.328069787953203,1.113235422736224,0.0276749798873692,0.022767497988736916,0.009734513274336299,0.010860820595333887,0.011263073209975882,0.006757843925985529,0.0031375703942075673,0.0053901850362027435,0.0015285599356395841,0.0008045052292839916,0.0031375703942075673,0.001045856798069189,0.004344328238133554,0.000482703137570395,0.0,-0.0003218020917135966,0.0005631536604987942,0.0005631536604987942,0.0006436041834271932,0.0002413515687851975,0.0001609010458567983,0.0008849557522123908,-0.0004022526146419958,0.0002413515687851975,0.0016894609814963823,-0.0008045052292839916,0.0003218020917135966,0.0007240547063555924
160,160,0.9879324215607401,0.987928469624051,0.9858681680596608,0.9986109547982776,3.289531829978708,-0.2065905691235931,0.4630839655020991,4.7883708743488445,1.343046307854694,0.02952534191472238,0.022284794851166533,0.005711987127916341,0.009010458567980707,0.014963797264682244,0.006596942880128731,0.003539823008849563,0.004907481898632349,0.00096540627514079,0.002011263073209979,0.004424778761061954,0.0006436041834271932,0.0032180209171359664,0.0008045052292839916,-8.045052292839915e-05,-0.0002413515687851975,-0.0002413515687851975,0.000482703137570395,-0.0011263073209975883,-0.0004022526146419958,0.000482703137570395,-0.0006436041834271932,-0.0008849557522123908,0.0007240547063555924,0.0006436041834271932,-0.0008849557522123908,-0.000482703137570395,-0.0007240547063555924
161,161,0.9806918744971842,0.9806675302292867,0.9768898817376417,0.9952419482506905,2.795307459381584,-0.3249479424675941,0.13676693371669194,5.412862976316907,1.8157276420374076,0.028962188254223586,0.025422365245374022,0.009010458567980707,0.008045052292839916,0.011343523732904282,0.005068382944489147,0.006596942880128731,0.0027353177795655715,0.0005631536604987942,0.0015285599356395841,0.0033789219629927645,0.0006436041834271932,0.000482703137570395,-0.0005631536604987942,0.0008849557522123908,0.0003218020917135966,0.0003218020917135966,-0.0008849557522123908,-0.0004022526146419958,-0.0002413515687851975,-0.0005631536604987942,-0.0007240547063555924,-0.0006436041834271932,-0.0001609010458567983,0.0,-0.0002413515687851975,-0.0003218020917135966,0.0002413515687851975
162,162,0.9823008849557522,0.9822790943903114,0.9788398144636659,0.997327810029464,2.6339541472089594,-0.1777764108609899,0.5278328243688257,5.325593265653674,1.394390011742637,0.022204344328238056,0.019629927594529317,0.008527755430410311,0.013113435237329062,0.013193885760257462,0.0028157683024939706,0.003459372485921164,0.005631536604987941,0.00096540627514079,0.00193081255028158,0.0022526146419951766,0.0012872083668543865,0.0011263073209975883,0.002011263073209979,0.0001609010458567983,0.001045856798069189,0.0003218020917135966,0.0007240547063555924,0.0002413515687851975,-0.0002413515687851975,0.0012067578439259874,0.0007240547063555924,0.0012067578439259874,-0.0012067578439259874,0.00193081255028158,8.045052292839915e-05,0.0005631536604987942,-0.0001609010458567983
163,163,0.9823008849557522,0.9823008849557522,0.9797522227684945,0.9966206810764064,2.506807004441471,-0.20590441950671165,0.6438949659337829,5.824536479163328,1.011598317859875,0.025663716814159222,0.020434432823813298,0.009814963797264698,0.013757039420756257,0.0095736122284795,0.009814963797264698,0.005068382944489147,0.01053901850362029,0.0022526146419951766,0.0005631536604987942,0.006516492357200332,0.003620273531777962,0.004666130329847151,0.0011263073209975883,0.0033789219629927645,0.0008045052292839916,0.0022526146419951766,0.0029766693483507687,0.0032984714400643655,0.0008849557522123908,0.0014481094127111848,0.00096540627514079,-0.0001609010458567983,-0.001045856798069189,0.00193081255028158,0.0030571198712791682,0.002011263073209979,0.0013676588897827858
164,164,0.9847144006436042,0.9846906651191811,0.9812251001834262,0.9977568259086608,3.210782351940403,0.31422373397043113,0.18943442383956818,4.497415692522847,1.217277361861977,0.02035398230088492,0.01802091713596139,0.011906677393403075,0.01061946902654869,0.013998390989541453,0.005229283990345945,0.003459372485921164,0.00482703137570395,0.002011263073209979,0.0012067578439259874,0.004505229283990353,-0.0006436041834271932,0.0004022526146419958,-0.0006436041834271932,0.00193081255028158,-0.0016090104585679832,0.0027353177795655715,-0.0016090104585679832,-0.0013676588897827858,0.0004022526146419958,8.045052292839915e-05,0.0001609010458567983,-0.0008045052292839916,0.0005631536604987942,-0.001045856798069189,-0.00096540627514079,-0.0008849557522123908,0.0005631536604987942
165,165,0.9879324215607401,0.9879200040972207,0.985045111298452,0.9975964556689566,2.363870277993777,-0.5585716935053688,0.5680694383240698,5.190738723241575,2.0760745021360774,0.02703137570394204,0.02268704746580852,0.009010458567980707,0.01335478680611426,0.010217216411906694,0.005631536604987941,0.006757843925985529,0.004022526146419958,0.0016894609814963823,0.00386162510056316,0.004505229283990353,-0.0005631536604987942,0.0012872083668543865,0.0014481094127111848,0.0005631536604987942,0.0007240547063555924,0.0006436041834271932,-0.0015285599356395841,0.0,-8.045052292839915e-05,-0.0004022526146419958,-0.0002413515687851975,0.0003218020917135966,-0.0008045052292839916,-0.0001609010458567983,-8.045052292839915e-05,0.0003218020917135966,-0.0005631536604987942
166,166,0.9814963797264682,0.9815017564890788,0.9796143609327084,0.9964647341318058,2.2696434767619103,-0.32483211018345026,-0.09114117490269713,6.373005849440003,1.49019597361126,0.022445695897023256,0.027916331456154398,0.010780370072405487,0.011182622687047483,0.007481898632341122,0.00772325020112632,0.005309734513274345,0.005470635559131143,0.004907481898632349,0.0016894609814963823,0.0014481094127111848,0.0,0.0016894609814963823,0.0026548672566371724,0.0015285599356395841,-0.0003218020917135966,0.0008045052292839916,-0.000482703137570395,-0.0007240547063555924,0.0001609010458567983,-0.0003218020917135966,-0.0011263073209975883,-0.0004022526146419958,-0.0012067578439259874,0.0006436041834271932,8.045052292839915e-05,0.0008045052292839916,-0.0016894609814963823
167,167,0.9871279163314561,0.9871102052160702,0.9837760757654571,0.9974768763490043,3.346410535972249,-0.09579402951121775,0.7082091270373558,5.22384689443938,0.7768339687366521,0.03024939662107797,0.020112630732099755,0.00772325020112632,0.012067578439259874,0.010378117457763491,0.0074014481094127225,0.004585679806918752,0.0037007240547063613,0.0011263073209975883,0.0018503620273531806,0.002172164119066777,0.0015285599356395841,0.001045856798069189,0.0012872083668543865,0.0006436041834271932,0.002091713596138378,0.0016894609814963823,0.0001609010458567983,0.0018503620273531806,8.045052292839915e-05,0.0002413515687851975,0.00096540627514079,0.0002413515687851975,-0.000482703137570395,0.0006436041834271932,8.045052292839915e-05,0.0002413515687851975,0.0001609010458567983
168,168,0.9839098954143202,0.9839098954143202,0.9819988646106077,0.9958697314456519,2.7197871524304706,0.30885290566918633,0.8030462561635096,5.0905375162228905,0.8659981123616645,0.03024939662107797,0.019227674979887345,0.008930008045052307,0.014481094127111849,0.01238938053097347,0.0061142397425583365,0.008769106999195508,0.008366854384553512,0.006275140788415135,0.0033789219629927645,0.006999195494770727,0.002011263073209979,0.003459372485921164,0.0028962188254223697,0.001045856798069189,0.0032180209171359664,0.0016090104585679832,0.0013676588897827858,0.0029766693483507687,0.0008045052292839916,0.0016894609814963823,0.0006436041834271932,0.0008045052292839916,0.0017699115044247816,0.001045856798069189,0.0004022526146419958,8.045052292839915e-05,0.00096540627514079
169,169,0.9879324215607401,0.9879052396220332,0.9840941419888789,0.9952682129715623,2.8477946679942194,-0.8630544636096317,0.3221749876863787,5.5068470506656935,1.829860911914263,0.03234111021721636,0.026548672566371646,0.012228479485116673,0.017377312952534217,0.01045856798069189,0.007079646017699126,0.005872888173773139,0.0074014481094127225,0.002413515687851975,0.0016894609814963823,0.0027353177795655715,0.0005631536604987942,0.002011263073209979,0.0017699115044247816,0.0002413515687851975,0.000482703137570395,0.0015285599356395841,-0.0001609010458567983,0.0007240547063555924,0.0012067578439259874,0.000482703137570395,0.0,0.0004022526146419958,0.0,0.002011263073209979,-8.045052292839915e-05,0.0016090104585679832,0.0
170,170,0.9871279163314561,0.9871197534284347,0.9847568860726755,0.9980808342052361,2.890585581048723,0.09084683879233335,-0.5467006424368281,5.475083271754382,1.6804648515850646,0.022284794851166523,0.03234111021721635,0.009412711182622702,0.009332260659694303,0.009814963797264698,0.005792437650844739,0.002172164119066777,0.0053901850362027435,0.0014481094127111848,8.045052292839915e-05,0.0014481094127111848,0.0005631536604987942,0.000482703137570395,0.002091713596138378,0.0004022526146419958,-0.0004022526146419958,-0.0001609010458567983,8.045052292839915e-05,0.0008045052292839916,0.0002413515687851975,-0.0002413515687851975,0.0003218020917135966,0.0,-0.0005631536604987942,0.0001609010458567983,0.0008849557522123908,-8.045052292839915e-05,-0.0002413515687851975
171,171,0.9871279163314561,0.9871198973643914,0.9848227095716335,0.997066143530583,2.6424352938253657,-0.06941051895971374,0.17322549900605705,5.264559944335546,1.4158592262162695,0.01979082864038618,0.022123893805309713,0.011745776347546278,0.01255028157683027,0.017779565567176213,0.00860820595333871,0.008769106999195508,0.0094931617055511,0.0022526146419951766,0.004183427192276756,0.00482703137570395,0.002172164119066777,0.004987932421560748,0.00386162510056316,0.0007240547063555924,0.0033789219629927645,0.0015285599356395841,0.0007240547063555924,0.0011263073209975883,0.0,0.00193081255028158,0.001045856798069189,0.0007240547063555924,0.0008849557522123908,0.0017699115044247816,0.0001609010458567983,0.0022526146419951766,-0.0001609010458567983
172,172,0.9871279163314561,0.9871132744734347,0.984590940173887,0.9994799478223892,2.7728347884814917,0.09029343843251321,-0.04496381824046938,5.16459810803199,1.2914455363303283,0.01987127916331457,0.016492357200321828,0.009251810136765903,0.01536604987932424,0.006033789219629937,0.004585679806918752,0.004424778761061954,0.00482703137570395,0.0013676588897827858,0.0002413515687851975,0.00096540627514079,-0.0001609010458567983,0.0016090104585679832,-0.001045856798069189,-0.00193081255028158,-0.0012872083668543865,-0.0015285599356395841,-0.002091713596138378,-0.0008849557522123908,-8.045052292839915e-05,-0.0001609010458567983,0.0004022526146419958,-0.0007240547063555924,-0.000482703137570395,-0.0013676588897827858,-0.0007240547063555924,-0.0006436041834271932,-0.0012872083668543865
173,173,0.9871279163314561,0.9871279163314561,0.9854419816707171,0.9977220156355224,2.4752176309447123,0.09317450714464337,0.455492071415011,5.246482385390002,1.2853566323883827,0.028962188254223586,0.016009654062751434,0.011102172164119083,0.011102172164119083,0.01061946902654869,0.0033789219629927645,0.004263877715205156,0.0028962188254223697,0.0014481094127111848,0.002413515687851975,0.003459372485921164,0.0008045052292839916,0.0008849557522123908,0.0011263073209975883,8.045052292839915e-05,-0.000482703137570395,0.0001609010458567983,-0.0005631536604987942,-0.0005631536604987942,-0.0004022526146419958,-0.0001609010458567983,0.0,-0.001045856798069189,-0.0006436041834271932,-0.000482703137570395,-0.0011263073209975883,0.0004022526146419958,-0.001045856798069189
174,174,0.9879324215607401,0.9879363046948411,0.986553231714522,0.9977697034148647,3.100248568748004,-0.8050885020810588,-0.3103633295617594,5.372410247716251,2.0948114545130085,0.021238938053097334,0.02027353177795659,0.009814963797264698,0.013837489943684656,0.016572807723250225,0.006436041834271933,0.003620273531777962,0.0061142397425583365,0.00193081255028158,0.0014481094127111848,0.004424778761061954,0.0018503620273531806,0.0008045052292839916,0.0016090104585679832,0.0011263073209975883,0.0006436041834271932,0.001045856798069189,0.000482703137570395,0.0008045052292839916,0.0006436041834271932,0.0006436041834271932,0.0001609010458567983,-0.000482703137570395,0.0007240547063555924,0.0004022526146419958,0.0003218020917135966,0.001045856798069189,0.0011263073209975883
175,175,0.9927594529364441,0.9927664015919445,0.9927064870613258,0.9988183859151601,3.2712893426028407,-0.24216470086014924,0.13713145328190626,4.901380708104455,1.320830483295555,0.028640386162510034,0.01995172968624299,0.01045856798069189,0.009010458567980707,0.01053901850362029,0.006436041834271933,0.006516492357200332,0.00474658085277555,0.0018503620273531806,0.0015285599356395841,0.0023330651649235757,0.0012872083668543865,0.0012067578439259874,0.0031375703942075673,0.0005631536604987942,0.0008045052292839916,0.0012872083668543865,-0.001045856798069189,0.0005631536604987942,-0.0002413515687851975,0.0014481094127111848,0.0,0.0,0.0002413515687851975,0.0013676588897827858,-0.0001609010458567983,-0.0004022526146419958,0.0007240547063555924
176,176,0.9879324215607401,0.9879437991721156,0.9872344933524022,0.998154916397408,2.680502486886895,-0.14099888612399192,-0.06407347128514061,5.10337015415402,1.6630783261450053,0.02510056315366046,0.026950925181013618,0.011182622687047483,0.013998390989541453,0.013596138374899458,0.0032180209171359664,0.005068382944489147,0.006275140788415135,0.0026548672566371724,0.0028962188254223697,0.0033789219629927645,0.0008045052292839916,0.004022526146419958,0.002011263073209979,0.002413515687851975,-0.000482703137570395,0.0012067578439259874,0.0001609010458567983,0.0012067578439259874,0.0003218020917135966,0.0012067578439259874,0.0002413515687851975,-8.045052292839915e-05,0.0011263073209975883,0.001045856798069189,0.001045856798069189,0.0005631536604987942,0.0003218020917135966
177,177,0.9831053901850362,0.9831203903499977,0.9819275532508603,0.9927797414194027,3.000832753981891,-0.4630264019790953,0.31666429946350566,4.723443911267952,1.7968432938824113,0.021560740144810898,0.024456958970233235,0.01061946902654869,0.008849557522123908,0.01432019308125505,0.007481898632341122,0.00667739340305713,0.004987932421560748,0.003620273531777962,0.002172164119066777,0.0018503620273531806,0.0001609010458567983,0.0014481094127111848,0.0015285599356395841,0.0007240547063555924,0.0008849557522123908,0.0014481094127111848,-0.0005631536604987942,0.0012067578439259874,-0.0002413515687851975,0.0008045052292839916,0.0001609010458567983,0.0006436041834271932,0.0014481094127111848,0.002091713596138378,0.0,0.0007240547063555924,0.00096540627514079
178,178,0.9927594529364441,0.9927533712779884,0.9911501634080615,0.9984662576687117,3.5118762415647624,-0.017925707046851133,-0.15562420648001632,5.063145530154376,1.3685170862955205,0.03403057119871274,0.020675784392598585,0.010056315366049895,0.010860820595333887,0.014883346741753845,0.009090909090909104,0.006033789219629937,0.004505229283990353,0.002574416733708773,0.003459372485921164,0.00386162510056316,0.0013676588897827858,0.0015285599356395841,0.004183427192276756,0.0006436041834271932,0.0013676588897827858,0.0015285599356395841,0.0013676588897827858,0.0022526146419951766,0.0003218020917135966,0.0011263073209975883,0.0005631536604987942,0.0016090104585679832,-0.0003218020917135966,0.002011263073209979,0.0006436041834271932,-0.0001609010458567983,0.0012872083668543865
179,179,0.9831053901850362,0.9830911996486393,0.9804598360185769,0.9979215641304972,2.0884926294899886,0.04905565681706349,0.7852530181050211,5.417267369066499,1.090587405101937,0.021962992759452894,0.01850362027353174,0.007481898632341122,0.006918744971842328,0.012148028962188273,0.004666130329847151,0.005551086082059542,0.006596942880128731,0.0007240547063555924,0.0008045052292839916,0.0037811745776347603,-0.0016090104585679832,-0.0002413515687851975,0.0013676588897827858,0.0004022526146419958,0.0008849557522123908,0.0028157683024939706,-0.0014481094127111848,-0.0008849557522123908,0.0005631536604987942,0.001045856798069189,-0.0013676588897827858,-0.0014481094127111848,-0.000482703137570395,-8.045052292839915e-05,-0.0012872083668543865,-0.0005631536604987942,-0.0005631536604987942
180,180,0.9863234111021721,0.986327434173316,0.984976076555024,0.9979556328838626,2.167312237223705,-0.23460665417922727,0.8540288816413456,5.15319266424123,1.6921449739712637,0.03234111021721635,0.026629123089300023,0.008125502815768315,0.011745776347546278,0.016814159292035426,0.0053901850362027435,0.0028157683024939706,0.005711987127916341,0.0005631536604987942,-0.0001609010458567983,0.003459372485921164,0.0015285599356395841,0.0023330651649235757,8.045052292839915e-05,-0.0006436041834271932,0.0006436041834271932,-0.0003218020917135966,0.0012067578439259874,-0.0007240547063555924,-0.0008045052292839916,-0.0013676588897827858,-8.045052292839915e-05,-0.0006436041834271932,0.001045856798069189,-0.0012872083668543865,-0.0005631536604987942,8.045052292839915e-05,-0.002091713596138378
181,181,0.9863234111021721,0.9863351876182552,0.9856037357467737,0.9976102548098318,2.947367814823232,-0.35861372087029486,0.3860293190392296,5.191885835913122,1.4772736004025657,0.024617860016090044,0.022445695897023322,0.011182622687047483,0.013676588897827857,0.01609010458567982,0.007079646017699126,0.0061142397425583365,0.005470635559131143,0.005792437650844739,0.0031375703942075673,0.004505229283990353,0.0017699115044247816,0.004424778761061954,0.0039420756234915585,0.0007240547063555924,0.0011263073209975883,0.0012067578439259874,0.001045856798069189,0.0016090104585679832,0.0008849557522123908,0.0014481094127111848,0.0015285599356395841,8.045052292839915e-05,0.002172164119066777,0.0028962188254223697,-8.045052292839915e-05,0.0026548672566371724,0.002172164119066777
182,182,0.9814963797264682,0.981490836598542,0.9789263789414938,0.9965671797972282,2.8914577643427855,-0.001698537483905152,0.0563374411788706,4.60139126882937,1.9943600964061523,0.02373290426387765,0.01938857602574411,0.009251810136765903,0.01230893000804506,0.011343523732904282,0.004987932421560748,0.005711987127916341,0.004424778761061954,0.0027353177795655715,0.0033789219629927645,0.0022526146419951766,0.0007240547063555924,0.0031375703942075673,0.0018503620273531806,-0.0016894609814963823,-0.0008045052292839916,0.000482703137570395,0.0003218020917135966,-0.0005631536604987942,-0.0007240547063555924,-0.0008849557522123908,-0.0012872083668543865,-0.0013676588897827858,-0.0008045052292839916,-0.0008849557522123908,-0.0016090104585679832,0.0005631536604987942,-0.0016894609814963823
183,183,0.9863234111021721,0.9862894300490779,0.9816845522589954,0.9986292722517811,2.7056325902174128,-0.14594482339817144,0.8025573376043541,5.317229145684295,1.173109228857052,0.023652453740949285,0.015607401448109437,0.007803700724054718,0.010860820595333887,0.008930008045052307,0.005470635559131143,0.005551086082059542,0.0016090104585679832,0.0017699115044247816,0.0008849557522123908,0.002574416733708773,0.0004022526146419958,0.00193081255028158,0.0006436041834271932,8.045052292839915e-05,-0.0015285599356395841,-0.0002413515687851975,0.0008045052292839916,0.0011263073209975883,-0.0001609010458567983,-0.0004022526146419958,-0.001045856798069189,-8.045052292839915e-05,-0.000482703137570395,-0.0007240547063555924,-0.0008045052292839916,-0.0008045052292839916,0.0001609010458567983
184,184,0.9847144006436042,0.9847381361680273,0.9842234579076685,0.9963438862960394,2.4571541290438472,-0.14132827014020888,0.47211802735365416,5.070107055064639,1.725674935362807,0.03515687851971032,0.025020112630732026,0.011343523732904282,0.014159292035398252,0.006918744971842328,0.005551086082059542,0.009251810136765903,0.007160096540627525,0.00482703137570395,0.004183427192276756,0.00482703137570395,0.0007240547063555924,0.0028157683024939706,0.00193081255028158,0.0016090104585679832,0.000482703137570395,0.0028157683024939706,0.0012872083668543865,0.00193081255028158,-0.0002413515687851975,0.0005631536604987942,-0.000482703137570395,0.0004022526146419958,8.045052292839915e-05,0.002011263073209979,-0.0013676588897827858,0.002413515687851975,0.0017699115044247816
185,185,0.9798873692679002,0.9798550098170588,0.9755533779449241,0.9965717346140038,2.6559352453855087,0.0225372028752208,0.874107411858936,4.816985724611671,1.3197817471181934,0.019308125502815722,0.018503620273531717,0.01061946902654869,0.011584875301689479,0.010699919549477088,0.004585679806918752,0.00482703137570395,0.0053901850362027435,-0.001045856798069189,0.0002413515687851975,0.0029766693483507687,-0.0012872083668543865,0.0016090104585679832,0.000482703137570395,-0.0008045052292839916,-0.0016090104585679832,-0.0012067578439259874,-0.0005631536604987942,-0.00096540627514079,-0.0011263073209975883,0.0001609010458567983,-0.0015285599356395841,0.0001609010458567983,-0.0006436041834271932,-8.045052292839915e-05,-0.0008849557522123908,8.045052292839915e-05,-0.00096540627514079
186,186,0.9823008849557522,0.9823008849557522,0.9799075391180654,0.9971844397681718,2.5297201862700263,0.25692315096164725,0.4280881622435204,5.440036489123092,0.8704994770499765,0.031214802896218762,0.023169750603378857,0.012228479485116673,0.014722445695897035,0.013837489943684656,0.009814963797264698,0.008125502815768315,0.008286403861625113,0.0026548672566371724,0.004585679806918752,0.004424778761061954,0.002413515687851975,0.003539823008849563,0.002091713596138378,0.0037007240547063613,0.0028157683024939706,0.0026548672566371724,0.0001609010458567983,0.0016894609814963823,0.0028157683024939706,0.0011263073209975883,-8.045052292839915e-05,0.0003218020917135966,-0.0002413515687851975,0.0022526146419951766,0.000482703137570395,0.002172164119066777,0.0007240547063555924
187,187,0.9919549477071601,0.9919454527491111,0.9898440664236533,0.9982236880171267,2.864539424566649,-0.1159239871761178,0.27238307132492195,5.184521881967309,1.3829608635751618,0.026950925181013684,0.028559935639581636,0.012791633145615466,0.014481094127111849,0.014641995172968648,0.007320997586484324,0.004987932421560748,0.00474658085277555,0.002172164119066777,0.002413515687851975,0.0026548672566371724,-0.0001609010458567983,0.0018503620273531806,0.00096540627514079,0.001045856798069189,0.0001609010458567983,0.0017699115044247816,-8.045052292839915e-05,0.0006436041834271932,0.0,0.0006436041834271932,-0.0003218020917135966,0.0002413515687851975,-0.0003218020917135966,0.0012872083668543865,0.000482703137570395,-0.0001609010458567983,0.0011263073209975883
188,188,0.9855189058728882,0.9855189058728882,0.9837799043062201,0.9960968537045092,3.2208429340509315,0.4614508654719418,0.419513873053243,4.89111859363683,0.5422261696034002,0.02670957361222842,0.02325020112630727,0.011826226870474677,0.011906677393403075,0.012148028962188273,0.00860820595333871,0.007240547063555924,0.005229283990345945,0.0011263073209975883,0.004585679806918752,0.005229283990345945,0.0017699115044247816,0.0037007240547063613,0.0023330651649235757,0.003459372485921164,0.0008045052292839916,0.0028157683024939706,0.0003218020917135966,-0.0005631536604987942,0.0008045052292839916,0.0014481094127111848,0.0007240547063555924,0.0,0.0003218020917135966,0.0,8.045052292839915e-05,-8.045052292839915e-05,-0.0001609010458567983
189,189,0.9823008849557522,0.9823008849557522,0.9804867675937343,0.9965406220030142,2.6766477841655703,-0.4126312209988441,0.4483209839196481,5.009817839824612,2.3018057717043843,0.036926790024135105,0.0276749798873692,0.012630732099758669,0.01673370876910698,0.008205953338696715,0.00386162510056316,0.005148833467417546,0.0041029766693483575,0.004183427192276756,0.002413515687851975,0.0028962188254223697,0.0012872083668543865,0.0013676588897827858,-0.0003218020917135966,-8.045052292839915e-05,0.0004022526146419958,0.002413515687851975,-0.0003218020917135966,-0.0004022526146419958,-0.0016090104585679832,-0.0016090104585679832,0.00096540627514079,-0.0011263073209975883,0.0001609010458567983,-0.0006436041834271932,0.0,0.0001609010458567983,-0.0012872083668543865
190,190,0.9847144006436042,0.984730401776374,0.9832579731114728,0.998218484355218,3.0280398166323073,0.14824256047879655,0.23015219500317943,4.878678013534674,1.2416245681523923,0.02606596942880123,0.018503620273531786,0.009332260659694303,0.009332260659694303,0.009975864843121495,0.00386162510056316,0.009895414320193096,0.00474658085277555,0.0026548672566371724,0.0003218020917135966,0.002574416733708773,0.0011263073209975883,0.0017699115044247816,0.0015285599356395841,-0.0008045052292839916,0.0005631536604987942,-0.0006436041834271932,0.0007240547063555924,0.0008045052292839916,-0.0002413515687851975,-8.045052292839915e-05,8.045052292839915e-05,-8.045052292839915e-05,0.0007240547063555924,0.0006436041834271932,8.045052292839915e-05,0.0005631536604987942,0.0007240547063555924
191,191,0.9839098954143202,0.9838896085244055,0.9805339102800888,0.9965025534584557,2.936781671957737,0.4662409419817772,0.49293200338815496,4.899991245226547,0.7279828175069721,0.025985518905872817,0.02477876106194683,0.013193885760257462,0.013917940466613054,0.013113435237329062,0.006757843925985529,0.011021721641190686,0.007160096540627525,0.004263877715205156,0.0041029766693483575,0.0022526146419951766,0.0008849557522123908,0.0028157683024939706,0.0028962188254223697,0.004907481898632349,0.002172164119066777,0.0028157683024939706,0.0027353177795655715,0.0008045052292839916,0.000482703137570395,-8.045052292839915e-05,0.0,-8.045052292839915e-05,0.0016090104585679832,0.0023330651649235757,0.0004022526146419958,0.0,0.0014481094127111848
192,192,0.9831053901850362,0.9830684433354958,0.9787979157174068,0.9982825698363184,2.8983584395775077,-0.37152463139295805,0.7747997743070094,5.371847355341108,1.253402381906824,0.02839903459372479,0.02051488334674171,0.009090909090909104,0.009734513274336299,0.008205953338696715,0.006757843925985529,0.005631536604987941,0.00474658085277555,0.002493966210780374,0.0029766693483507687,0.00482703137570395,0.0003218020917135966,0.0015285599356395841,0.00193081255028158,0.0016894609814963823,0.0008849557522123908,0.0004022526146419958,-0.0016090104585679832,-0.0012872083668543865,0.0001609010458567983,0.0014481094127111848,0.0005631536604987942,-8.045052292839915e-05,-0.0016894609814963823,8.045052292839915e-05,0.0001609010458567983,-8.045052292839915e-05,0.0007240547063555924
193,193,0.9911504424778761,0.9911476777476383,0.9896674347563514,0.9988126857926861,3.13847023841651,0.11729599196822123,0.05810630388081522,4.982989028738238,1.2196719684350588,0.030490748189863182,0.022526146419951754,0.007562349155269521,0.01544650040225264,0.016894609814963824,0.011584875301689479,0.007160096540627525,0.005229283990345945,0.0012872083668543865,0.0028962188254223697,0.0002413515687851975,8.045052292839915e-05,0.002493966210780374,0.0017699115044247816,0.0008849557522123908,-0.0005631536604987942,0.0026548672566371724,8.045052292839915e-05,0.0016090104585679832,-0.001045856798069189,0.0008045052292839916,0.0001609010458567983,0.0001609010458567983,0.00096540627514079,0.0018503620273531806,0.00096540627514079,-0.0006436041834271932,0.00193081255028158
194,194,0.9879324215607401,0.9879357163449545,0.9869404159157871,0.9987270802940588,3.337368805375361,-0.2791914167673806,-0.20390599949942423,5.150495356906386,1.439577375604083,0.03161705551086076,0.014078841512469853,0.008286403861625113,0.009090909090909104,0.007803700724054718,0.00482703137570395,0.002011263073209979,0.0031375703942075673,0.0016090104585679832,0.002493966210780374,0.0022526146419951766,0.0012872083668543865,0.002091713596138378,0.0011263073209975883,0.0,0.0003218020917135966,-0.0008045052292839916,-0.0008849557522123908,0.0,-0.0012067578439259874,0.0,0.0,0.0,-0.0005631536604987942,0.0,8.045052292839915e-05,8.045052292839915e-05,0.0005631536604987942
195,195,0.9831053901850362,0.9830796227689026,0.9795064315231943,0.9976776671905011,2.9081358392958485,-0.29323718635173474,0.3788186862102567,5.177082513541711,1.5152724127939925,0.01786001609010458,0.0210780370072405,0.011102172164119083,0.008286403861625113,0.009412711182622702,0.009412711182622702,0.004424778761061954,0.0032984714400643655,0.0002413515687851975,0.0013676588897827858,0.0008045052292839916,-0.000482703137570395,0.0008045052292839916,0.000482703137570395,0.0,-0.002574416733708773,0.0017699115044247816,-0.0005631536604987942,-0.0012872083668543865,-0.00096540627514079,-0.0001609010458567983,-0.0012067578439259874,-0.0001609010458567983,0.0,-0.002011263073209979,-0.001045856798069189,-0.0014481094127111848,-0.002493966210780374
196,196,0.9863234111021721,0.9863348270164047,0.9856640865182937,0.9971583889300716,3.7184422148803957,-0.4520760109451336,0.1319207253932565,4.824965781215329,1.4163315359207462,0.0288817377312952,0.019066773934030577,0.011021721641190686,0.014239742558326652,0.011021721641190686,0.005148833467417546,0.011021721641190686,0.0037811745776347603,0.0027353177795655715,0.0006436041834271932,0.0032984714400643655,0.0004022526146419958,0.0015285599356395841,0.0001609010458567983,-0.0004022526146419958,0.0006436041834271932,-0.0013676588897827858,0.0001609010458567983,0.000482703137570395,-0.0006436041834271932,-0.000482703137570395,-0.0005631536604987942,-8.045052292839915e-05,0.0001609010458567983,-0.0002413515687851975,-0.0001609010458567983,0.0001609010458567983,-0.0006436041834271932
197,197,0.9919549477071601,0.9919596375122779,0.9915859536112335,0.9974048242463562,3.2948787462972424,-0.11617213276935479,-0.05129906656836654,4.666103268474671,1.7273262144065782,0.03507642799678192,0.025100563153660514,0.01440064360418345,0.012791633145615466,0.018744971842317004,0.0061142397425583365,0.006838294448913929,0.006918744971842328,0.0023330651649235757,0.0016090104585679832,0.0028962188254223697,0.0004022526146419958,0.0008849557522123908,0.0016090104585679832,0.002413515687851975,0.0037811745776347603,0.0016894609814963823,0.0005631536604987942,0.0,0.0005631536604987942,0.0008045052292839916,0.0004022526146419958,0.0001609010458567983,0.0008849557522123908,0.0007240547063555924,0.001045856798069189,-8.045052292839915e-05,0.0016894609814963823
198,198,0.9863234111021721,0.9863119235250889,0.9840232784817384,0.997150392752709,2.3626438513677908,-0.19188478982309679,0.33165438835882943,5.348648489641533,1.7945026094965981,0.020917135961383736,0.02164119066773933,0.010136765888978294,0.01625100563153663,0.014239742558326652,0.01053901850362029,0.006516492357200332,0.007884151246983117,0.0015285599356395841,0.002011263073209979,0.0029766693483507687,0.0011263073209975883,0.0012067578439259874,0.0016894609814963823,0.0033789219629927645,-0.0005631536604987942,0.0015285599356395841,-0.0012872083668543865,-0.0017699115044247816,-0.0004022526146419958,0.0012067578439259874,-0.0004022526146419958,-0.0005631536604987942,-0.0006436041834271932,-0.0004022526146419958,-0.0008849557522123908,0.0002413515687851975,0.0004022526146419958
199,199,0.9839098954143202,0.9838992024870362,0.9808837852926153,0.9974581002268705,2.5031505417626603,-0.20748518096042884,0.393272291325881,5.248311367227424,1.600339224419325,0.033547868061142336,0.02405470635559125,0.010780370072405487,0.007562349155269521,0.008769106999195508,0.008688656476267109,0.004183427192276756,0.0037811745776347603,0.00386162510056316,0.0013676588897827858,0.005068382944489147,0.0016894609814963823,0.002574416733708773,0.0016894609814963823,0.0007240547063555924,0.0001609010458567983,0.002413515687851975,0.0012872083668543865,8.045052292839915e-05,0.0005631536604987942,0.0001609010458567983,-0.0008045052292839916,-0.0003218020917135966,-0.0013676588897827858,0.0008849557522123908,-0.000482703137570395,0.0016090104585679832,0.0006436041834271932
200,200,0.9879324215607401,0.9879527630330356,0.9877563239036073,0.9984164047298308,2.805959651853079,-0.5808163736507815,0.5161040752240988,5.121928794581803,2.0049899404934886,0.027514078841512402,0.021078037007240556,0.008527755430410311,0.01818181818181821,0.013274336283185861,0.008366854384553512,0.00772325020112632,0.006436041834271933,0.002574416733708773,0.0012872083668543865,0.0030571198712791682,0.0013676588897827858,0.0033789219629927645,0.0007240547063555924,-0.000482703137570395,0.0001609010458567983,0.0,0.0007240547063555924,0.0012067578439259874,0.0001609010458567983,-0.0001609010458567983,0.0001609010458567983,0.0,-0.0002413515687851975,0.0008849557522123908,-0.0003218020917135966,0.0018503620273531806,0.0008045052292839916
201,201,0.9847144006436042,0.9847496459767968,0.9847500983864621,0.9977818324925763,2.747118834065374,-0.3007692818821098,0.40390941410617526,4.770025876366939,1.6516007051878399,0.031858407079645955,0.023652453740949264,0.012067578439259874,0.013917940466613054,0.015446500402252627,0.006194690265486735,0.011987127916331474,0.00667739340305713,0.0006436041834271932,8.045052292839915e-05,0.0026548672566371724,0.001045856798069189,0.0037007240547063613,0.002493966210780374,0.0018503620273531806,-0.0007240547063555924,0.0012067578439259874,8.045052292839915e-05,0.0002413515687851975,0.0003218020917135966,0.0004022526146419958,0.0002413515687851975,0.0012872083668543865,-0.001045856798069189,-0.0007240547063555924,0.0012872083668543865,0.0004022526146419958,-0.0011263073209975883
202,202,0.9839098954143202,0.9839098954143202,0.9823363232268113,0.9979480008639997,3.143087420218527,-0.06870236552170497,-0.10051726698942942,5.237007051120752,1.38134757951972,0.022606596942880076,0.017216411906677397,0.008366854384553512,0.010699919549477088,0.006194690265486735,0.0026548672566371724,0.002574416733708773,0.004666130329847151,0.0002413515687851975,0.0005631536604987942,0.00096540627514079,8.045052292839915e-05,0.001045856798069189,0.0006436041834271932,-8.045052292839915e-05,-0.0012067578439259874,0.0003218020917135966,-0.0012872083668543865,0.0033789219629927645,0.0007240547063555924,-0.001045856798069189,-0.0002413515687851975,-0.0003218020917135966,-0.0007240547063555924,-0.000482703137570395,-0.000482703137570395,-0.0007240547063555924,0.0002413515687851975
203,203,0.9839098954143202,0.9839182692598389,0.9828786958225211,0.9983987371600865,3.118976052652574,-0.4480690741423751,-0.18881229015409662,4.806786774979098,2.2636141277683746,0.021882542236524482,0.023974255832662838,0.012228479485116673,0.01544650040225264,0.012952534191472265,0.0074014481094127225,0.006194690265486735,0.005631536604987941,0.0022526146419951766,0.0028962188254223697,0.0026548672566371724,0.0013676588897827858,0.004022526146419958,-0.0008849557522123908,-0.0001609010458567983,-0.00096540627514079,0.0014481094127111848,-0.0017699115044247816,0.0001609010458567983,0.0007240547063555924,-0.0003218020917135966,0.0007240547063555924,0.00096540627514079,-0.00096540627514079,0.0002413515687851975,-0.0007240547063555924,-0.0029766693483507687,-0.0005631536604987942
204,204,0.9855189058728882,0.9855363108314893,0.9848989177047172,0.9963709559788793,3.2630794890227315,-0.21960234523075553,0.6630992629622561,5.170064017966784,1.0951662335068442,0.022606596942880086,0.022284794851166488,0.006838294448913929,0.011987127916331474,0.006838294448913929,0.005872888173773139,0.006194690265486735,0.004344328238133554,0.004344328238133554,0.002172164119066777,0.004022526146419958,0.0012067578439259874,0.0011263073209975883,0.002493966210780374,0.0008045052292839916,0.0012067578439259874,0.0016894609814963823,8.045052292839915e-05,0.0002413515687851975,0.0001609010458567983,0.000482703137570395,0.000482703137570395,0.0006436041834271932,0.0001609010458567983,0.0013676588897827858,-0.0002413515687851975,0.0006436041834271932,0.0011263073209975883
205,205,0.9831053901850362,0.983110574667049,0.9812239729552685,0.9981927288040426,3.0404161935324394,0.1634993168271378,0.18092737788849061,4.94951714834228,1.2931125413512121,0.029766693483507578,0.01681415929203539,0.011665325824617878,0.012228479485116673,0.01045856798069189,0.008286403861625113,0.0032180209171359664,0.004987932421560748,0.0030571198712791682,-8.045052292839915e-05,0.00193081255028158,-0.0011263073209975883,0.0006436041834271932,0.0,-0.00096540627514079,-0.0002413515687851975,-0.002413515687851975,-0.0022526146419951766,-0.0002413515687851975,-0.0006436041834271932,-0.0016090104585679832,-0.0015285599356395841,0.0005631536604987942,-0.0014481094127111848,-0.0016090104585679832,-0.00096540627514079,-0.0001609010458567983,-0.0003218020917135966
206,206,0.9847144006436042,0.984691227021974,0.9813447586271045,0.9962532555111153,2.5946476997283545,0.04446580247866565,0.7742867690782024,4.965504957734923,1.1568978984944753,0.030812550281576766,0.019227674979887366,0.01150442477876108,0.010136765888978294,0.00860820595333871,0.011263073209975882,0.006275140788415135,0.005872888173773139,0.001045856798069189,0.0027353177795655715,0.0037007240547063613,-0.0004022526146419958,0.00096540627514079,0.002091713596138378,0.00193081255028158,0.002091713596138378,0.0028962188254223697,0.0006436041834271932,-8.045052292839915e-05,0.0008849557522123908,0.0004022526146419958,0.0004022526146419958,-0.001045856798069189,0.0014481094127111848,0.0008849557522123908,-0.0002413515687851975,-8.045052292839915e-05,0.0003218020917135966
207,207,0.9823008849557522,0.9822518996163948,0.9768852997372821,0.9965846668258896,2.8439259723455765,-0.056289739305647846,0.8886961814296641,5.476703542322544,0.7596482462927073,0.0203539823008849,0.016653258246178592,0.004666130329847151,0.009734513274336299,0.00667739340305713,0.004424778761061954,0.002574416733708773,0.0041029766693483575,0.002413515687851975,0.0023330651649235757,0.0007240547063555924,0.0003218020917135966,0.0008849557522123908,0.001045856798069189,0.0002413515687851975,-0.0016894609814963823,0.0004022526146419958,-0.0026548672566371724,0.002574416733708773,-0.00096540627514079,-0.00096540627514079,-0.00096540627514079,0.0006436041834271932,-0.0012872083668543865,-0.0006436041834271932,-0.0012872083668543865,-0.0003218020917135966,0.0003218020917135966
208,208,0.9863234111021721,0.9863107446757862,0.9836522846494457,0.9969039524260161,2.6789960002920554,-0.5204403813015412,0.8770312746426163,5.665619912288311,0.951856943360563,0.028399034593724802,0.01810136765888979,0.012148028962188273,0.015687851971037836,0.016733708769107025,0.007884151246983117,0.008527755430410311,0.009412711182622702,0.0012872083668543865,0.0015285599356395841,0.0037811745776347603,0.0008045052292839916,0.002011263073209979,0.002574416733708773,0.0032984714400643655,0.0011263073209975883,0.00386162510056316,0.002574416733708773,0.00193081255028158,0.0004022526146419958,0.0006436041834271932,0.0005631536604987942,0.0006436041834271932,0.002574416733708773,8.045052292839915e-05,0.00096540627514079,0.0017699115044247816,0.002413515687851975
209,209,0.9895414320193081,0.9895445084854769,0.9885805422647528,0.9983500072495288,2.805970759776952,-0.09501473074033129,0.052752497166855566,5.508099053775583,1.216538181597509,0.032260659694287964,0.02276749798873694,0.009010458567980707,0.014239742558326652,0.015848753016894635,0.006436041834271933,0.0074014481094127225,0.008366854384553512,0.005148833467417546,0.0022526146419951766,0.0027353177795655715,0.002091713596138378,0.0028962188254223697,0.0017699115044247816,0.0016090104585679832,0.0013676588897827858,0.002172164119066777,0.0005631536604987942,0.002172164119066777,0.0007240547063555924,0.0016894609814963823,0.0005631536604987942,0.0005631536604987942,0.0012067578439259874,0.003539823008849563,0.0012872083668543865,0.002172164119066777,0.0011263073209975883
210,210,0.9927594529364441,0.992762111485405,0.9918399707263523,0.9990730011587485,2.9743217330869474,-0.45691935120727284,0.20122961188856892,5.355769362289154,1.5149788071331365,0.033789219629927536,0.025261464199517324,0.009010458567980707,0.011745776347546278,0.014722445695897046,0.011021721641190686,0.009090909090909104,0.005068382944489147,0.0016894609814963823,0.0016894609814963823,0.005792437650844739,0.0023330651649235757,0.002413515687851975,0.0016894609814963823,0.0016090104585679832,0.0015285599356395841,0.002011263073209979,0.0001609010458567983,-8.045052292839915e-05,-0.0003218020917135966,0.0011263073209975883,-8.045052292839915e-05,-0.00096540627514079,0.000482703137570395,0.000482703137570395,-0.0003218020917135966,0.000482703137570395,8.045052292839915e-05
211,211,0.9879324215607401,0.9879284926411042,0.9858880389964565,0.9971693257848687,2.428686254499171,0.2617704531570401,0.24761797381228612,5.433747579902745,0.9791711111033664,0.025261464199517258,0.029042638777151984,0.011263073209975882,0.013515687851971058,0.013676588897827857,0.009171359613837504,0.010297666934835092,0.009090909090909104,0.003459372485921164,0.0028157683024939706,0.004424778761061954,0.0030571198712791682,0.004505229283990353,0.003539823008849563,0.0016090104585679832,0.0012067578439259874,0.0037811745776347603,0.00193081255028158,0.0015285599356395841,0.0008045052292839916,0.002172164119066777,0.001045856798069189,0.0002413515687851975,0.000482703137570395,0.0028157683024939706,0.0001609010458567983,0.0014481094127111848,0.002413515687851975
212,212,0.9863234111021721,0.9863098959744065,0.983374402473626,0.9982407401922747,2.9388116814523935,0.11872104131045715,0.014621650391887592,4.9929366119215715,1.5692333801323426,0.021319388576025732,0.01979082864038617,0.005148833467417546,0.008125502815768315,0.006355591311343533,0.004666130329847151,0.005792437650844739,0.0033789219629927645,0.0012872083668543865,0.001045856798069189,0.00096540627514079,8.045052292839915e-05,0.0015285599356395841,0.0011263073209975883,0.000482703137570395,-0.0011263073209975883,0.00193081255028158,-0.0012872083668543865,8.045052292839915e-05,-0.0005631536604987942,0.0003218020917135966,0.0,-0.0008045052292839916,-0.0015285599356395841,0.0002413515687851975,0.0003218020917135966,0.0006436041834271932,-0.000482703137570395
213,213,0.9895414320193081,0.9895243069603222,0.9864527945173107,0.9976042774429872,2.8636635108958455,-0.5703013197204877,0.3924835555393486,5.309098161207643,1.7354854225989251,0.02622687047465805,0.022847948511665328,0.011263073209975882,0.013757039420756257,0.007079646017699126,0.009251810136765903,0.007160096540627525,0.005792437650844739,0.00193081255028158,0.0027353177795655715,0.00193081255028158,0.001045856798069189,0.004263877715205156,0.0014481094127111848,0.0006436041834271932,0.0012872083668543865,0.0014481094127111848,0.0004022526146419958,0.0012067578439259874,0.0,0.0005631536604987942,0.0001609010458567983,0.0002413515687851975,0.0016090104585679832,0.0012872083668543865,0.0,0.001045856798069189,0.00096540627514079
214,214,0.9839098954143202,0.9839531335849129,0.9849564245169429,0.9971905280660514,3.0502830733430235,-0.07307893531329959,0.3650535643986085,4.623234323117012,1.8563866324261005,0.028318584070796394,0.021802091713596105,0.009090909090909104,0.008769106999195508,0.008286403861625113,0.005872888173773139,0.008769106999195508,0.006275140788415135,0.004666130329847151,0.000482703137570395,0.002011263073209979,0.0011263073209975883,0.0016894609814963823,0.00096540627514079,-8.045052292839915e-05,0.001045856798069189,-0.0013676588897827858,-0.0014481094127111848,0.0003218020917135966,-0.0003218020917135966,-0.0005631536604987942,0.0,8.045052292839915e-05,-0.0005631536604987942,0.0003218020917135966,-0.0003218020917135966,0.0003218020917135966,0.0008045052292839916
215,215,0.9871279163314561,0.9871366204362775,0.985816397912145,0.9950673530519633,2.8931445164225584,0.1401067944042827,0.12821363211430842,4.748132997954307,1.7912361013220246,0.029283990345937195,0.022847948511665318,0.010297666934835092,0.01432019308125505,0.013837489943684656,0.00667739340305713,0.008205953338696715,0.007079646017699126,0.00193081255028158,0.002574416733708773,0.0032180209171359664,-0.000482703137570395,0.00193081255028158,0.0027353177795655715,0.0013676588897827858,-0.0003218020917135966,0.0016894609814963823,0.000482703137570395,0.0002413515687851975,-0.0007240547063555924,0.000482703137570395,-0.0001609010458567983,0.0004022526146419958,0.0013676588897827858,0.0006436041834271932,0.0001609010458567983,0.0006436041834271932,0.0
216,216,0.9871279163314561,0.9871196079588885,0.9846897532423087,0.9974037928226673,2.6468702318976973,0.4920629829347606,0.4041236713030992,4.762541015539865,1.409328635194362,0.03161705551086076,0.025341914722445645,0.010378117457763491,0.015848753016894635,0.01255028157683027,0.007079646017699126,0.006757843925985529,0.004585679806918752,0.005148833467417546,0.00193081255028158,0.004907481898632349,0.0006436041834271932,0.0028157683024939706,0.002091713596138378,0.0012872083668543865,0.0029766693483507687,0.0031375703942075673,0.0007240547063555924,0.002413515687851975,-8.045052292839915e-05,0.0022526146419951766,-8.045052292839915e-05,-8.045052292839915e-05,0.0028962188254223697,0.0015285599356395841,-8.045052292839915e-05,0.0005631536604987942,0.002172164119066777
217,217,0.9895414320193081,0.9895384301622674,0.9880672317361472,0.9978521593726575,2.5283030232355905,-0.3048226003253555,0.10625678243152245,5.38973150227512,2.144968461814587,0.025583266291230887,0.022284794851166544,0.012791633145615466,0.0096540627514079,0.007964601769911516,0.005068382944489147,0.011826226870474677,0.005711987127916341,0.0029766693483507687,0.0028157683024939706,0.004505229283990353,0.0031375703942075673,0.0018503620273531806,0.0017699115044247816,0.002413515687851975,0.001045856798069189,0.0028962188254223697,-0.0001609010458567983,-0.0006436041834271932,0.0003218020917135966,0.0005631536604987942,-0.0008045052292839916,0.0004022526146419958,0.001045856798069189,0.0006436041834271932,-0.0001609010458567983,0.0008045052292839916,0.000482703137570395
218,218,0.9831053901850362,0.9830655208993372,0.9783092209195976,0.9961782418130634,3.5381559616815785,-0.41630167600461265,0.4390810915112546,4.932270384046287,1.1523281648228325,0.02107803700724049,0.014561544650040248,0.004424778761061954,0.009171359613837504,0.013193885760257462,0.0053901850362027435,0.0039420756234915585,0.003539823008849563,-0.00096540627514079,0.002172164119066777,0.0016894609814963823,0.0012067578439259874,0.0015285599356395841,-0.0008849557522123908,-0.000482703137570395,8.045052292839915e-05,-0.0004022526146419958,-0.0001609010458567983,0.0002413515687851975,-0.0005631536604987942,-0.001045856798069189,-0.0002413515687851975,-0.0008045052292839916,0.0002413515687851975,-0.0003218020917135966,8.045052292839915e-05,0.0003218020917135966,-0.0004022526146419958
219,219,0.9871279163314561,0.9871350568285316,0.9862885728061717,0.9977671396427423,2.934257314172027,-0.4259953261652387,0.3692023085018438,5.155084974005773,1.4306127047473387,0.028238133547867993,0.02075623491552696,0.01230893000804507,0.013757039420756257,0.017538213998391016,0.005551086082059542,0.005229283990345945,0.006596942880128731,0.0018503620273531806,0.0033789219629927645,0.0012872083668543865,0.002011263073209979,0.0008045052292839916,0.00096540627514079,0.002172164119066777,-0.0001609010458567983,0.00193081255028158,0.0011263073209975883,0.00096540627514079,0.0006436041834271932,0.0002413515687851975,0.0006436041834271932,-0.0007240547063555924,0.0002413515687851975,0.0008849557522123908,-0.0002413515687851975,-8.045052292839915e-05,0.00193081255028158
220,220,0.9919549477071601,0.9919325539883902,0.98798975205228,0.9969836116542006,3.655036009304216,-0.09132771716789799,0.15517452006432658,4.775658345558672,0.9676152867782545,0.02397425583266294,0.02308930008045056,0.011584875301689479,0.016090104585679832,0.01729686242960582,0.009734513274336299,0.004987932421560748,0.006355591311343533,0.0027353177795655715,0.004585679806918752,0.00386162510056316,0.0011263073209975883,0.0037007240547063613,0.0017699115044247816,0.002493966210780374,0.001045856798069189,0.0023330651649235757,0.0008045052292839916,0.0008849557522123908,-8.045052292839915e-05,0.001045856798069189,8.045052292839915e-05,0.000482703137570395,0.001045856798069189,0.0014481094127111848,0.0001609010458567983,0.0012067578439259874,0.0007240547063555924
221,221,0.9895414320193081,0.9895449578745061,0.9882777048005732,0.9984445903988536,2.534446264410644,0.6513676428169701,-0.022695606605985533,5.065044994405702,1.1910977377000196,0.025020112630732082,0.020675784392598585,0.008205953338696715,0.009332260659694303,0.011745776347546278,0.006838294448913929,0.009010458567980707,0.0032984714400643655,0.0006436041834271932,0.0026548672566371724,0.0013676588897827858,0.0008849557522123908,0.0001609010458567983,0.0008045052292839916,0.0014481094127111848,8.045052292839915e-05,0.0011263073209975883,-8.045052292839915e-05,0.000482703137570395,0.0003218020917135966,0.0006436041834271932,8.045052292839915e-05,-0.0005631536604987942,0.0006436041834271932,8.045052292839915e-05,0.0002413515687851975,0.000482703137570395,0.0006436041834271932
222,222,0.9879324215607401,0.9879278649092115,0.9853247932464599,0.9970643451373039,3.6882938769978026,-0.36150551717866397,0.3904939373874239,5.20361382251951,0.59595221557752,0.024456958970233277,0.027353177795655614,0.009895414320193096,0.013193885760257462,0.007160096540627525,0.006355591311343533,0.00482703137570395,0.006436041834271933,0.0023330651649235757,0.0017699115044247816,0.0027353177795655715,0.0023330651649235757,0.0008849557522123908,0.002091713596138378,0.00096540627514079,0.0008045052292839916,0.001045856798069189,0.0011263073209975883,0.001045856798069189,0.0,-8.045052292839915e-05,0.000482703137570395,-0.0001609010458567983,0.0003218020917135966,-0.0001609010458567983,-0.000482703137570395,0.000482703137570395,0.0006436041834271932
223,223,0.9798873692679002,0.9798818779608764,0.9775296309419039,0.9976312390705542,2.2632585074554123,0.31521738449770026,0.8318301584094644,5.205724452855314,1.2418683250308817,0.025181013676588825,0.0277554304102976,0.00860820595333871,0.004022526146419958,0.0023330651649235757,0.005792437650844739,0.0037007240547063613,0.0012067578439259874,0.0026548672566371724,0.0012067578439259874,0.00193081255028158,-0.0016894609814963823,-8.045052292839915e-05,0.0013676588897827858,0.0007240547063555924,-0.0002413515687851975,0.0006436041834271932,-0.0018503620273531806,-0.002011263073209979,-8.045052292839915e-05,-0.0011263073209975883,-0.0007240547063555924,-0.0013676588897827858,-0.0018503620273531806,0.0014481094127111848,-0.0012872083668543865,-0.000482703137570395,-0.0016894609814963823
224,224,0.9879324215607401,0.9879292302257887,0.9864886372679422,0.9982663165194456,2.2940531774261594,0.2848577808326554,0.4066195645623111,4.845421286590481,1.5562600712436798,0.021882542236524527,0.021078037007240556,0.011021721641190686,0.013757039420756257,0.01432019308125505,0.008527755430410311,0.0061142397425583365,0.006516492357200332,0.004424778761061954,0.0011263073209975883,0.0028157683024939706,0.002574416733708773,0.002091713596138378,0.002011263073209979,0.00193081255028158,0.0018503620273531806,0.0037007240547063613,0.00096540627514079,0.002413515687851975,-0.0001609010458567983,0.002011263073209979,0.0012067578439259874,0.0005631536604987942,0.00096540627514079,0.0012872083668543865,-0.0003218020917135966,0.0016894609814963823,0.0012872083668543865
225,225,0.9879324215607401,0.9879368028882811,0.9861919355917568,0.9980966974965187,2.566884250114066,-0.16946913980955375,0.4826844534839038,4.982577991521634,1.8737807999848568,0.03411102172164114,0.02968624296057918,0.009010458567980707,0.014963797264682244,0.010780370072405487,0.011584875301689479,0.006275140788415135,0.010136765888978294,0.0029766693483507687,0.0041029766693483575,0.005229283990345945,0.0032984714400643655,0.0028157683024939706,0.0032984714400643655,0.0029766693483507687,0.002493966210780374,0.0026548672566371724,0.0,-0.0002413515687851975,0.0014481094127111848,0.002172164119066777,0.00096540627514079,0.000482703137570395,8.045052292839915e-05,0.0037007240547063613,0.0008045052292839916,0.00193081255028158,-0.0002413515687851975
226,226,0.9814963797264682,0.981523098810448,0.9807649975670227,0.9958118034154366,2.5714607624470225,-0.34240619817497686,0.2601691454080896,5.585524829170521,1.706498369553102,0.03459372485921153,0.02493966210780363,0.014963797264682221,0.017779565567176137,0.017779565567176157,0.009412711182622702,0.005148833467417546,0.0074014481094127225,0.0030571198712791682,0.002493966210780374,0.0032984714400643655,0.0029766693483507687,0.005229283990345945,0.00096540627514079,0.0011263073209975883,0.002413515687851975,0.0023330651649235757,0.00193081255028158,0.0033789219629927645,-0.0002413515687851975,0.0006436041834271932,-0.0001609010458567983,0.0003218020917135966,0.0002413515687851975,0.0015285599356395841,0.0,0.0013676588897827858,0.0031375703942075673
227,227,0.9855189058728882,0.9855189058728882,0.9838179135566743,0.9984667013828618,2.666797289961804,0.12514184497513237,0.7604831128611645,5.110479221489656,1.0420986008854005,0.028238133547868007,0.02855993563958159,0.010860820595333887,0.010136765888978294,0.010217216411906694,0.004585679806918752,0.003459372485921164,0.007320997586484324,0.0027353177795655715,0.0011263073209975883,0.004424778761061954,-0.0004022526146419958,0.0023330651649235757,-0.0001609010458567983,0.000482703137570395,0.0001609010458567983,0.0013676588897827858,-0.0007240547063555924,0.0003218020917135966,-0.0006436041834271932,0.0008045052292839916,0.0002413515687851975,-0.0012872083668543865,-0.00096540627514079,-0.0001609010458567983,-8.045052292839915e-05,-0.0002413515687851975,0.00096540627514079
228,228,0.9823008849557522,0.9822680032513761,0.9782315703491934,0.9967793692931533,3.3526674586457608,-0.4864130507959627,-0.13117171981562478,5.275184129566969,1.6250909993297007,0.026950925181013607,0.01737731295253416,0.006436041834271933,0.008366854384553512,0.0074014481094127225,0.00386162510056316,0.0037811745776347603,0.004263877715205156,-8.045052292839915e-05,0.0017699115044247816,0.0,0.0006436041834271932,0.0016894609814963823,0.0013676588897827858,0.001045856798069189,0.0003218020917135966,-0.0002413515687851975,-0.0001609010458567983,-0.0003218020917135966,-0.0007240547063555924,0.0001609010458567983,-0.0003218020917135966,0.0003218020917135966,-0.00096540627514079,0.0014481094127111848,0.0,0.0004022526146419958,-0.0003218020917135966
229,229,0.9823008849557522,0.982333963194894,0.9817845813396425,0.9963951715898323,2.5360122842466253,-0.17280485699254092,0.7486076721362377,5.397134795133409,1.1671566079437963,0.026950925181013607,0.015687851971037815,0.01246983105390187,0.011343523732904282,0.0095736122284795,0.007240547063555924,0.004907481898632349,0.008045052292839916,0.0031375703942075673,0.0017699115044247816,0.0031375703942075673,0.002091713596138378,0.002413515687851975,0.0016090104585679832,0.0029766693483507687,0.000482703137570395,0.001045856798069189,0.0007240547063555924,0.0006436041834271932,-0.000482703137570395,0.0016894609814963823,-0.00096540627514079,-0.00096540627514079,-0.0002413515687851975,0.0013676588897827858,-0.0008849557522123908,0.0008849557522123908,0.002172164119066777
230,230,0.9839098954143202,0.9839098954143202,0.9817110134129043,0.9960979571658104,3.2561384800127624,0.06053435122381215,0.6441604453400921,4.786258852426717,1.0681948943007114,0.026226870474658014,0.023491552695092455,0.012952534191472265,0.013596138374899447,0.015044247787610631,0.01061946902654869,0.012228479485116673,0.009171359613837504,0.0030571198712791682,0.0022526146419951766,0.005470635559131143,0.002011263073209979,0.00193081255028158,0.002091713596138378,0.0022526146419951766,-8.045052292839915e-05,0.0030571198712791682,0.0006436041834271932,0.0007240547063555924,0.000482703137570395,-0.000482703137570395,0.0,-0.0003218020917135966,0.0012872083668543865,0.00096540627514079,-0.0002413515687851975,0.0007240547063555924,0.0005631536604987942
231,231,0.9911504424778761,0.9911429628229667,0.9893522982963677,0.9980541396886623,3.276360754406455,0.05982635304357824,0.603269509109594,4.962604960618085,0.9538261451284844,0.026950925181013663,0.021560740144810974,0.011423974255832681,0.01520514883346744,0.014078841512469853,0.010056315366049895,0.0061142397425583365,0.007803700724054718,0.0028962188254223697,0.0023330651649235757,0.005229283990345945,0.0023330651649235757,0.004022526146419958,0.0026548672566371724,0.0017699115044247816,0.0023330651649235757,0.0031375703942075673,0.0007240547063555924,0.002091713596138378,0.0006436041834271932,0.001045856798069189,0.0002413515687851975,0.0001609010458567983,0.0008045052292839916,0.0002413515687851975,8.045052292839915e-05,0.0028157683024939706,0.0011263073209975883
232,232,0.9895414320193081,0.9895382608921376,0.987927075866972,0.9977477083733968,3.159295066935938,-0.0008466943580566731,0.7782440838079194,5.314838157269828,0.5176058117146348,0.03435237329042633,0.025905068382944464,0.00764279967819792,0.011102172164119083,0.008688656476267109,0.006596942880128731,0.004424778761061954,0.008286403861625113,0.00096540627514079,0.0013676588897827858,0.0037007240547063613,0.0017699115044247816,0.0017699115044247816,0.002091713596138378,0.0016090104585679832,0.0006436041834271932,0.0013676588897827858,0.0005631536604987942,0.0004022526146419958,-0.00096540627514079,-0.0007240547063555924,-0.0002413515687851975,0.0001609010458567983,0.0004022526146419958,0.0008045052292839916,0.000482703137570395,0.0,0.0
233,233,0.9855189058728882,0.9855363108314893,0.9848989177047172,0.9966976866302986,3.16038475008834,-0.19230111556241533,0.8933159886807551,4.919595649151061,1.0404233486710215,0.027433628318584,0.017457763475462608,0.011021721641190686,0.012148028962188273,0.009734513274336299,0.006918744971842328,0.004263877715205156,0.0039420756234915585,0.0016090104585679832,0.0008849557522123908,0.0032984714400643655,0.0005631536604987942,0.0015285599356395841,0.001045856798069189,0.0013676588897827858,-0.0001609010458567983,0.0016090104585679832,-0.0014481094127111848,-0.0006436041834271932,0.0014481094127111848,0.0001609010458567983,0.0008045052292839916,-8.045052292839915e-05,-0.0006436041834271932,0.0006436041834271932,0.0,0.001045856798069189,0.0007240547063555924
234,234,0.9911504424778761,0.9911633789949478,0.9915602626857352,0.99828998786443,2.6185301706854447,-0.6072983320749419,0.2375401956321963,5.232775217523691,2.1021898106897217,0.03338696701528554,0.02815768302493963,0.011987127916331474,0.009412711182622702,0.012148028962188273,0.0041029766693483575,0.006596942880128731,0.005711987127916341,0.0012872083668543865,0.00096540627514079,0.002172164119066777,-0.0002413515687851975,0.002413515687851975,0.002011263073209979,0.0003218020917135966,0.0004022526146419958,0.002413515687851975,-0.0007240547063555924,-0.0004022526146419958,-0.0005631536604987942,-0.0005631536604987942,-0.0007240547063555924,-0.0007240547063555924,-0.0008045052292839916,8.045052292839915e-05,-0.000482703137570395,-0.0001609010458567983,-0.0008045052292839916
235,235,0.9839098954143202,0.9839098954143202,0.9819348200167426,0.9983896846804948,2.431198238182387,0.10476550197544188,0.3727160629639381,5.216428879411069,1.4570229629836433,0.028318584070796394,0.018101367658889755,0.008527755430410311,0.010217216411906694,0.006999195494770727,0.005711987127916341,0.004344328238133554,0.004666130329847151,0.000482703137570395,0.00096540627514079,0.0016090104585679832,0.0004022526146419958,0.0001609010458567983,0.000482703137570395,0.0016090104585679832,-8.045052292839915e-05,0.0028157683024939706,-0.0002413515687851975,0.0012067578439259874,-0.0002413515687851975,-0.0007240547063555924,-0.0001609010458567983,-0.0005631536604987942,-0.0003218020917135966,0.0007240547063555924,-8.045052292839915e-05,-0.000482703137570395,0.0001609010458567983
236,236,0.9847144006436042,0.984691227021974,0.9813447586271045,0.9970874802343969,2.618044883115367,-0.04611971525051356,-0.08726115364025942,5.8052344248914,1.1163019626494524,0.025341914722445635,0.01753821399839097,0.007803700724054718,0.0096540627514079,0.01528559935639584,0.007160096540627525,0.0041029766693483575,0.0032984714400643655,-0.0016090104585679832,8.045052292839915e-05,0.002413515687851975,0.0013676588897827858,0.0027353177795655715,0.000482703137570395,-0.0001609010458567983,-0.000482703137570395,-0.0013676588897827858,-0.0016090104585679832,-0.0005631536604987942,-0.002011263073209979,-0.0003218020917135966,-0.002574416733708773,-0.0016090104585679832,-0.0004022526146419958,0.000482703137570395,-0.00193081255028158,-0.000482703137570395,-0.0002413515687851975
237,237,0.9855189058728882,0.9855189058728882,0.983323494687131,0.9975254314097289,2.56658611384665,-0.10278246254820364,0.7842715157663738,5.14863767035492,1.130437308618395,0.027996781979082806,0.02220434432823811,0.006757843925985529,0.011102172164119083,0.01150442477876108,0.0039420756234915585,0.00474658085277555,0.004666130329847151,0.002091713596138378,0.0018503620273531806,0.002413515687851975,0.0006436041834271932,0.0014481094127111848,0.000482703137570395,-0.0004022526146419958,-0.0008849557522123908,0.0013676588897827858,0.0,-8.045052292839915e-05,8.045052292839915e-05,8.045052292839915e-05,-0.0004022526146419958,-0.0001609010458567983,0.0,0.0003218020917135966,-0.0004022526146419958,-0.001045856798069189,0.0013676588897827858
238,238,0.9855189058728882,0.9855018149484001,0.9826520280043973,0.9978302378059365,2.1291421176620666,-0.21087618946623748,0.3176862828531731,5.767208879073724,1.6152442352052272,0.023411102172164057,0.017940466613033,0.006436041834271933,0.010699919549477088,0.015848753016894635,0.005631536604987941,0.0032984714400643655,0.004585679806918752,0.0,0.0015285599356395841,0.0005631536604987942,-0.0006436041834271932,0.0015285599356395841,0.0001609010458567983,0.0005631536604987942,0.0001609010458567983,0.0011263073209975883,-0.0012872083668543865,-0.0006436041834271932,0.0003218020917135966,8.045052292839915e-05,8.045052292839915e-05,-0.0006436041834271932,-0.0004022526146419958,0.000482703137570395,-0.0008045052292839916,-0.00096540627514079,-0.0016090104585679832
239,239,0.9831053901850362,0.983110481986578,0.9812882059171459,0.9985198393967472,2.148818313132763,0.46677611770332406,0.041780275229768765,5.0444735270920456,1.579234627612397,0.021480289621882497,0.018101367658889766,0.0096540627514079,0.0059533386967015375,0.011584875301689479,0.005309734513274345,0.006757843925985529,0.0033789219629927645,-0.0011263073209975883,0.0004022526146419958,-0.0007240547063555924,-0.0008849557522123908,8.045052292839915e-05,0.0006436041834271932,-0.0007240547063555924,-0.0008045052292839916,-0.002574416733708773,-0.0027353177795655715,-0.00096540627514079,-0.0008045052292839916,-0.000482703137570395,-0.0012067578439259874,-0.00193081255028158,-0.002091713596138378,-0.0013676588897827858,-0.0003218020917135966,-0.0003218020917135966,0.0
240,240,0.9887369267900241,0.9887369267900241,0.9874430673493775,0.9981325513331909,2.9549833665570073,0.06577655171329322,0.5701340304244641,4.873828852232227,1.6725804930920964,0.03177795655671756,0.012952534191472265,0.009010458567980707,0.008286403861625113,0.00772325020112632,0.002011263073209979,0.008527755430410311,0.005148833467417546,0.0026548672566371724,0.0018503620273531806,0.004183427192276756,-0.0002413515687851975,0.0003218020917135966,0.0011263073209975883,0.0007240547063555924,-0.0001609010458567983,-0.00096540627514079,-0.00096540627514079,8.045052292839915e-05,0.0,-0.0005631536604987942,-0.0008045052292839916,-0.0001609010458567983,-0.0002413515687851975,-0.0002413515687851975,-8.045052292839915e-05,0.000482703137570395,0.0006436041834271932
241,241,0.9887369267900241,0.9887369267900241,0.987686799501868,0.998358428619948,3.0405442586685076,0.048126764196508416,0.11071769238983449,5.383807384656113,1.2930663505049826,0.029927594529364387,0.024859211584875286,0.01061946902654869,0.013032984714400665,0.013193885760257462,0.005551086082059542,0.004666130329847151,0.006999195494770727,0.0023330651649235757,0.0028157683024939706,0.0037811745776347603,0.0016894609814963823,0.0030571198712791682,0.002413515687851975,0.0027353177795655715,0.002574416733708773,0.0028157683024939706,0.002493966210780374,0.0007240547063555924,0.0001609010458567983,0.00096540627514079,0.000482703137570395,0.0004022526146419958,0.0008849557522123908,0.0006436041834271932,-0.0011263073209975883,0.0011263073209975883,0.0007240547063555924
242,242,0.9782783588093322,0.9783029647275872,0.9753266093549042,0.9926862888685131,3.1860758015230934,0.006488054359329481,0.634810232027531,4.555161505160626,1.2160863513819569,0.026307320997586415,0.02260659694288005,0.010699919549477077,0.012550281576830247,0.012550281576830236,0.007884151246983117,0.009895414320193096,0.005711987127916341,0.000482703137570395,0.0031375703942075673,0.0022526146419951766,0.0006436041834271932,-0.0003218020917135966,0.0017699115044247816,-0.0008045052292839916,-0.000482703137570395,0.0003218020917135966,0.0007240547063555924,0.0015285599356395841,-0.0007240547063555924,-0.0001609010458567983,-8.045052292839915e-05,0.0003218020917135966,0.0001609010458567983,0.0013676588897827858,-0.0001609010458567983,-0.0006436041834271932,-8.045052292839915e-05
243,243,0.9879324215607401,0.9879292915517977,0.9865351488570813,0.9989432110518025,3.557325334068315,-0.32816459034041223,0.1687034134366353,4.925710998768626,1.6629289311015074,0.016009654062751434,0.01544650040225264,0.008045052292839916,0.008688656476267109,0.010378117457763491,0.006596942880128731,0.004263877715205156,0.00474658085277555,0.005631536604987941,0.0027353177795655715,0.004344328238133554,0.001045856798069189,0.0029766693483507687,0.0016090104585679832,8.045052292839915e-05,0.0012872083668543865,0.0006436041834271932,0.0015285599356395841,0.0011263073209975883,-0.0003218020917135966,-0.0011263073209975883,0.0003218020917135966,8.045052292839915e-05,0.0008849557522123908,0.0001609010458567983,0.0001609010458567983,0.00096540627514079,-0.0003218020917135966
244,244,0.9806918744971842,0.9806918744971842,0.979120473022912,0.9946471365540102,4.12841476615643,-0.05894735401650734,-0.40776967660650254,4.922534183759883,1.251970760112452,0.025020112630732026,0.018744971842316927,0.009332260659694303,0.01319388576025744,0.016090104585679766,0.0061142397425583365,0.007481898632341122,0.004183427192276756,0.0023330651649235757,0.0022526146419951766,0.0003218020917135966,0.0004022526146419958,0.0008045052292839916,0.0008849557522123908,0.0013676588897827858,0.0006436041834271932,0.0012872083668543865,0.0007240547063555924,-0.0008849557522123908,-0.00096540627514079,0.0008045052292839916,-0.0012067578439259874,0.0004022526146419958,-0.0003218020917135966,0.0004022526146419958,-0.0008045052292839916,0.002011263073209979,0.0002413515687851975
245,245,0.9863234111021721,0.9863048586176412,0.9836189071106731,0.997715789533645,3.6288836736030725,-0.2282304681111612,-0.09659226571064831,5.044980833168871,1.3380792597147013,0.02590506838294442,0.01979082864038617,0.01053901850362029,0.011665325824617878,0.011102172164119083,0.004987932421560748,0.00386162510056316,0.008045052292839916,0.0031375703942075673,0.0022526146419951766,0.0037007240547063613,0.0012067578439259874,0.002172164119066777,0.0026548672566371724,0.000482703137570395,0.0012067578439259874,8.045052292839915e-05,8.045052292839915e-05,-0.0008045052292839916,0.00096540627514079,0.0003218020917135966,0.0008045052292839916,0.0005631536604987942,0.0008045052292839916,0.0003218020917135966,0.0003218020917135966,0.0004022526146419958,-0.0014481094127111848
246,246,0.9823008849557522,0.9823303395061885,0.9820307780814037,0.9984294549115489,3.428882259831801,0.28455041815096654,0.25657824353040015,5.1681242112293155,0.4738211969213203,0.0275945293644408,0.022606596942880065,0.005872888173773139,0.009010458567980707,0.01432019308125504,0.005229283990345945,0.008045052292839916,0.0032180209171359664,0.0022526146419951766,0.0012872083668543865,0.0016090104585679832,0.0008849557522123908,0.00096540627514079,0.001045856798069189,-0.0008045052292839916,8.045052292839915e-05,-0.0012067578439259874,-0.0008849557522123908,-0.0012067578439259874,0.0014481094127111848,0.0005631536604987942,-0.0001609010458567983,0.0002413515687851975,-0.0015285599356395841,0.0005631536604987942,-0.0007240547063555924,-0.001045856798069189,0.0008045052292839916
247,247,0.9863234111021721,0.9862995400029664,0.9834624887690926,0.9948983602875112,3.109880299583716,0.1754349856079712,0.11498107358820045,5.339189915606015,1.0499902451625747,0.02389380530973446,0.022123893805309713,0.012228479485116673,0.008688656476267109,0.013113435237329062,0.008366854384553512,0.006275140788415135,0.00474658085277555,0.0006436041834271932,0.00096540627514079,0.0026548672566371724,0.0008849557522123908,0.0031375703942075673,0.00096540627514079,0.00096540627514079,0.0012067578439259874,0.0031375703942075673,0.0013676588897827858,0.000482703137570395,0.0008045052292839916,0.0008849557522123908,-0.0003218020917135966,-0.000482703137570395,8.045052292839915e-05,-0.001045856798069189,0.0007240547063555924,-8.045052292839915e-05,0.0015285599356395841
248,248,0.9871279163314561,0.9871279163314561,0.9853688107303236,0.9974663206031393,3.1217391795537974,0.3741654357814469,0.11342557652361196,5.137026678188712,0.9386177084207082,0.028238133547867993,0.029364440868865582,0.013837489943684656,0.016492357200321817,0.01246983105390187,0.011102172164119083,0.006194690265486735,0.008527755430410311,0.0013676588897827858,-0.0003218020917135966,0.004183427192276756,0.0007240547063555924,0.0030571198712791682,0.0003218020917135966,0.0004022526146419958,0.00096540627514079,0.0012067578439259874,0.0,0.00096540627514079,-0.0006436041834271932,0.0016090104585679832,0.0,-8.045052292839915e-05,0.0003218020917135966,0.0014481094127111848,-0.002172164119066777,0.0004022526146419958,0.0016090104585679832
249,249,0.9863234111021721,0.986311268111489,0.9838192529601223,0.9950645318256597,3.039726407041317,-0.5108933399694836,0.342642750702461,5.263552429370685,1.3590842958113312,0.02083668543845535,0.019227674979887387,0.0096540627514079,0.011263073209975882,0.015607401448109437,0.007160096540627525,0.007481898632341122,0.004022526146419958,0.0030571198712791682,0.002172164119066777,0.004183427192276756,0.0018503620273531806,0.0031375703942075673,0.0012067578439259874,0.0013676588897827858,0.0012872083668543865,0.0008849557522123908,-0.0011263073209975883,0.0014481094127111848,0.0006436041834271932,8.045052292839915e-05,0.0,0.0014481094127111848,0.00096540627514079,0.0013676588897827858,0.0002413515687851975,0.0018503620273531806,0.0011263073209975883
