,random_seed,accuracy,f1_weighted,balanced_acc,auc,model_weights.random_forest,model_weights.bagging_svc,model_weights.bagging_knn,model_weights.gradient_boosting,model_weights.mlp,feature_importance.C_mid_CO2_fd3_scaled,feature_importance.C_mid_CO2_fd2_scaled,feature_importance.C_top_CO2_fd3_scaled,feature_importance.C_CO2_vd_scaled,feature_importance.C_top_CO2_fd2_scaled,feature_importance.C_mid_CO2_fd1_scaled,feature_importance.C_top_CO2_fd1_scaled,feature_importance.C_mid_CO2_scaled,feature_importance.C_top_CO2_scaled,feature_importance.C_CO2_vd_fd1_scaled,feature_importance.C_CO2_vd_fd3_scaled,feature_importance.C_CO2_vd_fd2_scaled
0,0,0.9267900241351569,0.9265117714134153,0.9150993270927072,0.9740922072623419,1.6778763817726319,-0.051917276070018434,-0.6890498462223046,3.7627217526246604,1.9122444315159468,0.0755430410297667,0.05116653258246175,0.048511665325824585,0.04481094127111822,0.04328238133547864,0.03282381335478681,0.031214802896218863,0.02115848753016898,0.017779565567176213,-0.00096540627514079,-0.0012067578439259874,-0.002011263073209979
1,1,0.9275945293644409,0.9272506242949088,0.915030921904214,0.9756910686034804,1.793666552178767,-0.3870180893464891,-0.7745946574565644,4.1034767119307425,1.8709206882102174,0.060981496379726455,0.041190667739340284,0.05156878519710375,0.037248592115848723,0.030651649235720068,0.026548672566371723,0.03419147224456959,0.02405470635559135,0.024537409493161744,-0.0012872083668543865,-0.0023330651649235757,-0.002413515687851975
2,2,0.9251810136765889,0.9248345496607384,0.9117703349282297,0.9701493402928809,2.461421062251913,-0.2045484475705934,-0.7932682591701292,3.664513696174385,1.6646605149151936,0.06403861625100563,0.0384553499597747,0.05374094931617053,0.038535800482703095,0.052775543041029736,0.027835880933226108,0.037892196299275906,0.015848753016894635,0.0193081255028158,-0.0008849557522123908,-0.004505229283990353,-0.0039420756234915585
3,3,0.9340305711987128,0.9338577915368258,0.9254918907926178,0.9735200908366803,2.6216304526612033,-0.22304058976514113,-1.0684682705361062,3.8823325421967163,1.3854629322739633,0.07851971037811747,0.04279967819790827,0.06025744167337086,0.04481094127111823,0.04698310539018504,0.04714400643604181,0.03250201126307325,0.021319388576025777,0.040627514078841534,0.0011263073209975883,-0.002574416733708773,0.0
4,4,0.9388576025744167,0.9385268465912094,0.9250708968450905,0.9766660758596242,2.8756549986498205,-0.5776600893177803,-1.2283000989344037,3.8665284716051986,1.6134499432733855,0.06122284794851165,0.045615446500402265,0.06677393403057119,0.053982300884955724,0.04456958970233309,0.03258246178600166,0.03403057119871285,0.03354786806114245,0.03644408688656482,0.0028962188254223697,0.003459372485921164,0.005148833467417546
5,5,0.9412711182622687,0.941329492318744,0.9334607666243875,0.9777527675057017,2.1575995137086914,-0.06442784199725933,-0.7759899216258137,4.124382378260082,1.1057207733193353,0.07063555913113435,0.04368463395012072,0.08640386162510058,0.045454545454545504,0.029364440868865693,0.04207562349155276,0.03934030571198719,0.037892196299276,0.05197103781174578,0.0037811745776347603,0.0032984714400643655,0.002574416733708773
6,6,0.9292035398230089,0.9292479071009464,0.920260571576361,0.9740633412882216,2.8228532844216807,-0.22906698197384437,-0.9272062759016525,3.5590023295009887,1.4806217903504069,0.052212389380530945,0.0478680611423974,0.04344328238133545,0.04794851166532579,0.031617055510860845,0.030651649235720058,0.033145615446500444,0.030893000804505265,0.03314561544650042,-0.0006436041834271932,0.0018503620273531806,-0.0008849557522123908
7,7,0.9340305711987128,0.9336569849963438,0.9185171363744925,0.9686111774540244,1.9964083987923347,-0.36147946945691795,-0.8605843504003314,3.8760196546253334,2.0626322599415023,0.06773934030571198,0.06170555108608204,0.06234915526950924,0.05148833467417535,0.03797264682220437,0.043604183427192265,0.04818986323411101,0.03258246178600166,0.03201930812550287,0.0005631536604987942,8.045052292839915e-05,0.0006436041834271932
8,8,0.9340305711987128,0.9341812831882914,0.923557704196444,0.9770518558816984,2.3607476211412632,0.03938595847439091,-0.8862678121790556,3.6246033489837446,1.4187339234853131,0.05993563958165726,0.04923572003218017,0.05518905872888171,0.04537409493161704,0.03201930812550287,0.04127111826226872,0.039501206757843965,0.03153660498793247,0.025502815768302534,0.0001609010458567983,0.0017699115044247816,0.002574416733708773
9,9,0.9300080450522928,0.9293852751723707,0.9152570974786579,0.9742363651833574,2.537768018896726,-0.30935774501323027,-1.0642194978227517,3.864870833990323,1.612901931805373,0.053982300884955724,0.046580852775543004,0.05124698310539015,0.04046661303298471,0.027031375703942116,0.024296057924376547,0.03435237329042641,0.04022526146419949,0.043845534995977445,-0.0022526146419951766,-0.0007240547063555924,-0.0011263073209975883
10,10,0.9275945293644409,0.9274215300595434,0.9167577966788173,0.9770468090030666,2.1376508261779317,-0.2789962800711926,-1.0978316459956923,4.136941711103812,1.653618033521465,0.06090104585679805,0.03507642799678198,0.05937248592115847,0.042558326629123046,0.03958165728077229,0.028399034593724892,0.03362831858407082,0.025583266291230932,0.030651649235720058,-0.0031375703942075673,-0.0015285599356395841,0.0004022526146419958
11,11,0.9324215607401448,0.9318732021364062,0.9157183499288762,0.9727966330837146,1.928978257582418,-0.17509847089748806,-0.6511704846831758,4.129639618825141,1.5381498445440713,0.050281576830249364,0.05205148833467414,0.0563153660498793,0.04440868865647625,0.03395012067578442,0.023732904263877752,0.034995977473853614,0.03515687851971042,0.04312148028962186,8.045052292839915e-05,0.000482703137570395,0.0015285599356395841
12,12,0.9259855189058729,0.9261133761223492,0.9189543411265844,0.9687709989109531,2.3863722357894064,-0.29420971429226983,-1.1509806276428707,3.868869474306865,1.801366901465331,0.06918744971842317,0.04505229283990342,0.062429605792437635,0.0469026548672566,0.024456958970233346,0.02308930008045056,0.02493966210780374,0.03282381335478681,0.0277554304102977,-0.0001609010458567983,-0.0029766693483507687,0.002011263073209979
13,13,0.9364440868865648,0.9367211070471595,0.9329458268910995,0.9786195629977538,2.356575389353972,0.0676442497684651,-0.6969193755112316,3.5955863671526958,1.2881809059608522,0.0563153660498793,0.05068382944489138,0.06476267095736121,0.04127111826226874,0.03161705551086087,0.02308930008045056,0.03829444891391798,0.034111021721641245,0.02968624296057929,-0.0026548672566371724,-0.0032180209171359664,0.0016894609814963823
14,14,0.9388576025744167,0.9388961476652546,0.9311360064975193,0.9785593634314436,2.0717854739229473,-0.2602881820836075,-1.0040453267416143,4.319660559734748,1.4861031936194828,0.06331456154465002,0.04456958970233309,0.057200321802091704,0.04754625905068384,0.025181013676588936,0.027433628318584112,0.03612228479485121,0.027433628318584112,0.02679002413515692,-0.0012067578439259874,-0.0012872083668543865,0.0028962188254223697
15,15,0.9477071600965407,0.9476127653239741,0.9371602952823743,0.9781954159890206,2.771606452950818,-0.28692400796954776,-0.8005729924329937,3.7539720363432982,1.2077857964656886,0.07135961383748994,0.051086082059533446,0.06122284794851165,0.05213193885760263,0.04762670957361229,0.030490748189863283,0.04440868865647633,0.03258246178600166,0.02695092518101372,0.0018503620273531806,0.002172164119066777,0.005229283990345945
16,16,0.9259855189058729,0.9258552856955458,0.9157555518354106,0.9704671796618388,2.3113648977601775,-0.22091206880949488,-0.7921477278471435,3.5306254693524393,1.867860912653209,0.06773934030571198,0.057683024939662084,0.06170555108608204,0.038053097345132715,0.03467417538213996,0.03226065969428803,0.05012067578439257,0.02510056315366054,0.02099758648431218,0.0015285599356395841,0.0006436041834271932,0.00193081255028158
17,17,0.9348350764279968,0.9345351171115441,0.9226964918784901,0.9776658479505063,2.1238766500455837,-0.25583347701323533,-0.8073826370461692,3.862534174574249,1.6554088307245902,0.06524537409493161,0.047465808527755414,0.05156878519710376,0.047787610619469,0.03057119871279168,0.024537409493161744,0.03346741753821405,0.031053901850362074,0.028157683024939706,-8.045052292839915e-05,-0.0011263073209975883,0.002493966210780374
18,18,0.9380530973451328,0.9381044811488094,0.932164669146347,0.9756509161041467,2.711159662993648,-0.7413291424904871,-0.6366035798395775,3.528584005283503,2.038057791287668,0.06468222043443281,0.05100563153660498,0.06790024135156877,0.04505229283990349,0.031858407079646066,0.035076427996782025,0.047144006436041844,0.02308930008045056,0.020032180209171392,-0.0003218020917135966,-0.0003218020917135966,-0.0006436041834271932
19,19,0.9211584875301689,0.9204249527184829,0.902484724218102,0.9763940976481721,2.7859190063526187,-0.6530474515519836,-1.2364223202381155,3.5929411448801587,2.2330438083189255,0.06009654062751406,0.038857602574416686,0.05261464199517294,0.029283990345937216,0.02630732099758649,0.028962188254223652,0.03266291230892997,0.02091713596138377,0.02196299275945297,-0.0007240547063555924,0.00193081255028158,-0.0017699115044247816
20,20,0.9364440868865648,0.9363562228066845,0.9284928508566399,0.9773610460265393,2.0755220252455246,-0.4786591011430564,-0.7291806061989737,4.35385871978212,1.5214746075076853,0.06379726468222043,0.054143201930812526,0.05341914722445693,0.053982300884955724,0.03403057119871285,0.02292839903459376,0.04151246983105392,0.03250201126307326,0.03708769106999201,-0.002011263073209979,0.003459372485921164,0.0023330651649235757
21,21,0.9404666130329847,0.9402206936195164,0.9298978858046887,0.976726592837624,2.2929875418483086,-0.4868057207464835,-1.1211923587008148,4.041988575046048,1.8707798103838318,0.05856798069187448,0.03596138374899442,0.0662107803700724,0.043041029766693537,0.03057119871279168,0.03346741753821405,0.051005631536605,0.02574416733708773,0.03773129525341921,0.0003218020917135966,-0.0006436041834271932,0.000482703137570395
22,22,0.9316170555108608,0.9318562705961342,0.9252802491103203,0.9727431791221827,2.5903046190278114,-0.4603869874473868,-1.0986662462448327,3.776264178124154,1.8845032254449796,0.07111826226870474,0.03684633950120678,0.06403861625100563,0.04143201930812549,0.0560740144810941,0.03732904263877716,0.03338696701528565,0.028399034593724903,0.022847948511665363,-0.000482703137570395,-0.0012067578439259874,-0.002493966210780374
23,23,0.9259855189058729,0.9255453960917551,0.9104423505929318,0.9772777973464835,2.685485325793798,-0.8165174442528335,-0.8683310507145993,3.7311218512474698,1.9445361117785183,0.04440868865647622,0.04151246983105387,0.04835076427996778,0.039742558326629075,0.017699115044247815,0.02590506838294453,0.02944489139179407,0.017779565567176213,0.020595333869670183,-0.004424778761061954,0.0,-0.0012067578439259874
24,24,0.9436846339501207,0.9435831050249478,0.9351515151515151,0.9735479193852399,3.2273838377165105,-0.16886372656870402,-1.4170861858524233,3.715403112618196,1.3224208683473333,0.053097345132743355,0.03145615446500407,0.05414320193081255,0.048270313757039475,0.03773129525341921,0.027674979887369312,0.03934030571198719,0.030812550281576877,0.03145615446500407,0.0012872083668543865,0.000482703137570395,0.0013676588897827858
25,25,0.9300080450522928,0.929947404348652,0.9211987545407369,0.9711583924349881,2.403984273503097,-0.3777151193025383,-0.6311445290429867,3.424028605139536,1.8398538268261195,0.06564762670957361,0.05856798069187448,0.07063555913113435,0.044408688656476236,0.03853580048270313,0.04408688656476264,0.04875301689460978,0.026146419951729727,0.030008045052292886,0.0023330651649235757,0.0022526146419951766,0.0014481094127111848
26,26,0.9332260659694288,0.9330246324032619,0.9206718950841424,0.9707382375415382,2.888152962089822,-0.4732442289296813,-0.9907735917909004,3.2630288923156168,2.129319767657183,0.06283185840707964,0.055913113435237305,0.07256637168141593,0.03604183427192281,0.042799678197908274,0.037087691069991977,0.04891391794046659,0.02791633145615451,0.026468222043443325,0.0029766693483507687,-0.0014481094127111848,0.0032984714400643655
27,27,0.9356395816572808,0.9353033326777208,0.9221356411203556,0.9739084038392758,2.4607679989592612,-0.35351409226980707,-0.9179842759350143,4.006833323597481,1.4452811858018517,0.07111826226870474,0.040949316170555125,0.055752212389380516,0.04151246983105391,0.047385358004827016,0.03563958165728082,0.03169750603378927,0.02590506838294453,0.030168946098149685,0.0005631536604987942,0.0005631536604987942,0.0012067578439259874
28,28,0.9380530973451328,0.9379586168193096,0.9288632792037717,0.9773761713520749,2.958238662537674,-0.4781266041165785,-0.7952469098092988,3.211605007780525,1.8049452990258616,0.05253419147224455,0.05237329042638776,0.07272727272727272,0.03668543845535001,0.0487530168946098,0.029364440868865693,0.03507642799678203,0.0189863234111022,0.021882542236524572,0.0013676588897827858,-0.0007240547063555924,0.001045856798069189
29,29,0.9404666130329847,0.9402065067488286,0.9264589738952191,0.9816904804967745,2.41435487578057,-0.3874140292642283,-1.0305556161801923,4.065262604244407,1.5549126305529108,0.07031375703942075,0.039501206757843986,0.054223652453740924,0.04416733708769112,0.026226870474658125,0.03378921962992765,0.038696701528559994,0.03660498793242162,0.023491552695092555,0.0016894609814963823,-0.00096540627514079,0.0014481094127111848
30,30,0.9292035398230089,0.9288722828270756,0.9148311285240562,0.9725805119248516,2.4982214051769054,-0.6227083089026997,-0.8657217094149463,3.8193392203327403,1.852986144606943,0.0662107803700724,0.028157683024939706,0.06677393403057119,0.040788415124698274,0.027514078841512513,0.03137570394207565,0.03499597747385358,0.02944489139179408,0.03708769106999195,-0.0002413515687851975,0.0003218020917135966,-0.0013676588897827858
31,31,0.9308125502815768,0.9303742629915808,0.9144142534731527,0.9743079002685627,1.8401689153199532,-0.28091684989735344,-0.5176693976028842,4.188174419845929,1.3929238823502514,0.04416733708769105,0.027192276749798905,0.04883346741753819,0.04223652453740948,0.029686242960579277,0.02325020112630736,0.030812550281576877,0.029364440868865693,0.03925985518905871,0.001045856798069189,0.0004022526146419958,-0.003539823008849563
32,32,0.9388576025744167,0.9388984719440447,0.9302603961694871,0.9794491550689898,1.8762602510377953,-0.3965402059095697,-0.7254292252926247,3.920586564541017,1.9821249765627373,0.052775543041029736,0.04915526950925181,0.06267095736122283,0.04609814963797269,0.03805309734513279,0.03765084473049081,0.052936444086886546,0.02389380530973455,0.0386162510056316,0.0018503620273531806,-0.0016090104585679832,0.0002413515687851975
33,33,0.9364440868865648,0.9361959395324555,0.9226255425789587,0.9801464063886425,2.045500928287594,-0.3175244725464544,-0.7916533985823164,3.9445476757695217,1.7966111982287307,0.05068382944489136,0.05462590506838292,0.06299275945293643,0.04167337087691072,0.030812550281576877,0.0287208366854385,0.03837489943684639,0.025583266291230932,0.021641190667739375,0.0005631536604987942,0.005148833467417546,0.0016090104585679832
34,34,0.9275945293644409,0.9277926392287154,0.9186122466180623,0.9680017820268146,2.4694729371867075,-0.18494193342121115,-0.49054069019072033,3.4292046470130493,1.5044052812741298,0.05494770716009652,0.03531777956556718,0.06983105390185036,0.03298471440064362,0.05060337892196296,0.030651649235720058,0.04014481094127108,0.024296057924376547,0.0189863234111022,0.0003218020917135966,-0.0029766693483507687,-0.0012067578439259874
35,35,0.9324215607401448,0.9322160398004197,0.9213556618819777,0.9752385094968826,2.228507509949665,-0.12536016612018192,-0.8601081214177794,3.6236592708048883,1.7971246027049583,0.044489139179404655,0.0412711182622687,0.0660498793242156,0.0466613032984714,0.04746580852775539,0.03266291230893004,0.05301689460981494,0.02574416733708773,0.03539823008849563,-0.0016894609814963823,-0.002091713596138378,-0.000482703137570395
36,36,0.9219629927594529,0.9217286237756774,0.9114315109762059,0.9592925434557712,2.589494852381775,-0.5277610158002228,-0.9437329524969141,3.429483820843695,2.3214849825746584,0.07047465808527756,0.04014481094127107,0.06009654062751406,0.04159292035398225,0.0560740144810941,0.02196299275945296,0.029766693483507634,0.022204344328238156,0.02397425583266294,8.045052292839915e-05,-0.0012872083668543865,0.0016894609814963823
37,37,0.9396621078037007,0.9393860283451264,0.9282025689984378,0.9774113290516693,2.1138822424013,-0.04820150392563318,-0.7678861897686359,3.716279121979197,1.5520795860027123,0.05921158487530168,0.04818986323411102,0.0654867256637168,0.0382139983909896,0.04271922767497993,0.031214802896218873,0.04706355591311347,0.03338696701528565,0.03234111021721646,0.0012872083668543865,0.0016894609814963823,0.0022526146419951766
38,38,0.9388576025744167,0.9387786730350247,0.9291375703467987,0.9797047644303014,2.0298588089854546,0.0929846477695186,-0.9188998932276201,3.71743969198167,1.716496463607431,0.07095736122284795,0.05687851971037809,0.06516492357200321,0.04328238133547872,0.03427192276749804,0.032984714400643655,0.04593724859211588,0.03403057119871285,0.024376508447304945,-0.0029766693483507687,-0.0012067578439259874,0.0006436041834271932
39,39,0.9235720032180209,0.9230192412689553,0.9104105538880083,0.9707008195339112,2.6113825535571613,-0.07289356784293291,-1.2077102453624438,3.962887137163285,1.3028859594899105,0.0467417538213998,0.041351568785197065,0.0473049074818986,0.04014481094127107,0.03531777956556714,0.028720836685438466,0.02735317779565568,0.027353177795655693,0.04135156878519706,-0.001045856798069189,0.00096540627514079,-0.0005631536604987942
40,40,0.9380530973451328,0.9380355359324493,0.9308902631957428,0.9686552567237163,2.6332104751757166,-0.7373631848471189,-0.8433118621115738,3.7305188171915797,1.9917534391868312,0.06709573612228478,0.046983105390185034,0.07111826226870474,0.046419951729686236,0.052936444086886546,0.03266291230893006,0.04577634754625905,0.037650844730490796,0.03346741753821405,0.0027353177795655715,-0.0002413515687851975,0.00193081255028158
41,41,0.9283990345937249,0.9277909584543935,0.9090225496199704,0.9704831718357888,2.423529345345111,-0.4566504623756277,-0.8826064496355082,3.7019499573033348,1.8637566646909143,0.047546259050683805,0.023330651649235756,0.05172968624296055,0.029203539823008873,0.031777956556717654,0.027192276749798915,0.039903459372485905,0.02180209171359617,0.030893000804505265,-0.0002413515687851975,-0.00193081255028158,0.000482703137570395
42,42,0.9235720032180209,0.9232570150480285,0.9122570424334653,0.9716599190283401,2.016763004754033,-0.05421201416917895,-0.748903207415494,3.7195741662935586,1.798084752638502,0.045374094931617016,0.037811745776347515,0.05181013676588895,0.03909895414320188,0.02944489139179405,0.03161705551086079,0.03451327433628315,0.025985518905872917,0.030410297666934826,0.0005631536604987942,-0.001045856798069189,0.0
43,43,0.9404666130329847,0.9403605756365456,0.9317248162934676,0.9758172770930973,2.582528934416287,-0.39488912117123914,-0.7402573455851176,3.627407150644307,1.7705779452866284,0.062429605792437635,0.05301689460981494,0.06082059533386965,0.039581657280772384,0.03877715205148839,0.037570394207562405,0.04987932421560739,0.029042638777152095,0.020595333869670183,0.0008849557522123908,0.002493966210780374,0.002493966210780374
44,44,0.9348350764279968,0.9345934197371272,0.9218595435401994,0.9748046747738729,2.6912785960910965,-0.573175267902003,-1.038828855098004,4.2106644257297186,1.4627909199346685,0.056798069187449694,0.038696701528559974,0.054786806114239715,0.044650040225261464,0.029123089300080496,0.024698310539018543,0.045293644408688646,0.021480289621882576,0.020756234915526982,0.0013676588897827858,-0.0008849557522123908,0.0007240547063555924
45,45,0.9372485921158488,0.9371306154904238,0.9272704941044357,0.9699899401085532,1.96318028337345,0.059299958394162994,-0.8050409564540083,3.6881643322146576,1.7261626813053832,0.06741753821399839,0.0563153660498793,0.06291230893000803,0.057683024939662084,0.04263877715205152,0.03909895414320198,0.051005631536604965,0.03443282381335484,0.02300884955752216,0.004987932421560748,0.002493966210780374,0.0033789219629927645
46,46,0.9292035398230089,0.9289790599899176,0.916951794403893,0.9770845030881528,1.9445595108282088,-0.1272946173315078,-1.1258722214925134,3.9625990884399878,1.8965570138773629,0.06846339501206758,0.04513274336283184,0.05840707964601768,0.030168946098149674,0.03234111021721643,0.028399034593724882,0.04102976669348348,0.027674979887369312,0.023572003218020953,-0.0011263073209975883,0.0002413515687851975,-0.0014481094127111848
47,47,0.9275945293644409,0.9271215803688844,0.915040914221219,0.97252539503386,2.194938584884356,0.08597490267636239,-0.6876690956181569,3.483565786480627,1.5226729968637818,0.06991150442477875,0.04320193081255026,0.05076427996781976,0.0470635559131134,0.03032984714400646,0.027031375703942106,0.039501206757843896,0.025583266291230932,0.02944489139179407,-0.0004022526146419958,0.0004022526146419958,-0.0014481094127111848
48,48,0.9235720032180209,0.923546974285657,0.9122398872178225,0.9731549984895244,1.8463423438139863,-0.4683688437260936,-0.9414809426156129,3.8495697193406673,2.377776421260112,0.06138374899436845,0.04159292035398225,0.058728881737731276,0.03113435237329041,0.03652453740949313,0.03950120675784389,0.03258246178600157,0.020032180209171392,0.0190667739340306,-0.002574416733708773,-0.00096540627514079,-0.0005631536604987942
49,49,0.9275945293644409,0.9270402719829294,0.9116788893340533,0.9666533117331801,2.1289966215973215,-0.39556720525559547,-0.5990652982861356,3.6856309106132934,1.9544631216630308,0.05012067578439257,0.02960579243765089,0.08262268704746582,0.04296057924376506,0.03676588897827833,0.03032984714400645,0.03507642799678198,0.02212389380530977,0.02397425583266295,-0.0023330651649235757,0.002011263073209979,0.003539823008849563
50,50,0.9308125502815768,0.9304361111190879,0.9157586029424813,0.9707319526032145,2.177711258001387,-0.32855848591338377,-0.8177662073800402,3.539696902993465,2.053107539827332,0.06106194690265485,0.042316975060337866,0.05840707964601768,0.04617860016090101,0.02976669348350769,0.043201930812550235,0.04440868865647625,0.025261464199517338,0.02196299275945297,0.002172164119066777,0.0014481094127111848,0.0004022526146419958
51,51,0.9332260659694288,0.933119890289869,0.9227251379593754,0.9760479041916167,2.5074692333597723,-0.4498438991623582,-0.8658282517956005,3.775033157907207,1.752476051385859,0.061625100563153644,0.031214802896218863,0.05687851971037809,0.04577634754625903,0.023169750603378957,0.034432823813354815,0.032019308125502854,0.024135156878519748,0.025341914722445735,0.002172164119066777,0.005551086082059542,0.001045856798069189
52,52,0.9251810136765889,0.9245234870172799,0.9102428393524284,0.978359560738141,1.4726828626040003,-0.23855170392753414,-0.7278242474231319,3.978396467760766,2.1286285909551745,0.04279967819790825,0.036122284794851155,0.06057924376508446,0.030651649235720037,0.034191472244569567,0.027272727272727292,0.03917940466613028,0.026146419951729716,0.03290426387771519,-0.002413515687851975,-0.003459372485921164,-0.002493966210780374
53,53,0.9356395816572808,0.9352914174644309,0.9213990310764504,0.9722645633935957,2.126601344613306,0.15357892703305026,-0.7824852109079682,3.980876410118598,1.15254815597552,0.05229283990345936,0.049637972646822195,0.06886564762670958,0.053901850362027326,0.0287208366854385,0.04505229283990346,0.043443282381335505,0.03137570394207567,0.04143201930812553,0.0014481094127111848,0.0022526146419951766,0.001045856798069189
54,54,0.9340305711987128,0.9337597238699891,0.9228541382936543,0.9795024738393643,2.1144398068262364,-0.36760538113288427,-0.8944581746954325,3.9012167692925903,1.9377818384961385,0.07087691069991955,0.04070796460176991,0.060981496379726455,0.04135156878519712,0.03869670152855995,0.036846339501206804,0.035961383748994415,0.02510056315366054,0.02027353177795659,-0.0006436041834271932,-0.0008849557522123908,-0.00193081255028158
55,55,0.9396621078037007,0.939600730416504,0.9295060999606455,0.9771981920742252,2.207613158521331,-0.26396010464873737,-0.9173734652892128,3.954242413027573,1.6282180406082445,0.05969428801287206,0.03925985518905878,0.07385358004827032,0.0445695897023331,0.05269509251810135,0.031938857602574464,0.03652453740949322,0.03161705551086087,0.026468222043443325,-0.0012872083668543865,0.0028157683024939706,0.0028962188254223697
56,56,0.9316170555108608,0.9310927329879285,0.9135965490779155,0.9689560900741025,2.2458660672524435,-0.4073369088341623,-0.7030871767394757,3.924707253504328,1.6381330766392415,0.05913113435237327,0.039340305711987135,0.057039420756234895,0.04545454545454543,0.03821399839098958,0.028157683024939706,0.037489943684633986,0.01713596138374902,0.02099758648431218,0.0029766693483507687,0.0003218020917135966,-8.045052292839915e-05
57,57,0.9308125502815768,0.9308564258853173,0.9218951648545921,0.9759244526945402,2.4011824177511825,-0.36910237234246446,-0.7921510839882455,3.5125678666325353,1.9671352803759363,0.06870474658085277,0.058487530168946075,0.06299275945293643,0.044408688656476236,0.053982300884955724,0.023330651649235756,0.031134352373290475,0.021319388576025777,0.024215607401448146,-0.0029766693483507687,0.00096540627514079,0.0017699115044247816
58,58,0.9356395816572808,0.9351906219910985,0.9212944414444231,0.9797179205787911,1.994915294132824,0.05724954066325637,-0.7701538523658819,3.6589281993280527,1.687192186941849,0.055671761866452105,0.050362027353177775,0.06629123089300079,0.043845534995977486,0.039420756234915554,0.02027353177795659,0.04151246983105391,0.02791633145615451,0.04094931617055514,0.0004022526146419958,0.000482703137570395,0.0032984714400643655
59,59,0.9275945293644409,0.9272768999882964,0.9144025376869798,0.9718293463709913,2.1284851183591473,-0.2730219542481231,-0.6431548719883294,3.5291283370762083,1.9496604821141441,0.06500402252614641,0.04223652453740945,0.06234915526950924,0.048270313757039385,0.03708769106999197,0.02944489139179407,0.0390185036202735,0.022445695897023367,0.02212389380530977,0.002493966210780374,0.0022526146419951766,-0.0032984714400643655
60,60,0.9283990345937249,0.9280061478892921,0.9158032642611409,0.9783239802041306,2.1250570195511966,-0.10896017410766606,-1.1357662609165668,3.853117609698972,1.9426954447035985,0.06082059533386965,0.03604183427192277,0.04762670957361219,0.04304102976669345,0.0394207562349155,0.0274336283185841,0.039823008849557494,0.023491552695092555,0.022526146419951765,0.002091713596138378,-0.0015285599356395841,-0.002574416733708773
61,61,0.9308125502815768,0.930974869935028,0.9246304056806938,0.9679034980501717,2.1052500740235978,-0.7802646872213117,-1.0593119272197797,4.021813624609846,2.378670436746958,0.06677393403057119,0.05092518101367656,0.06323411102172163,0.04754625905068379,0.04722445695897021,0.0365245374094932,0.03716814159292035,0.025502815768302534,0.028318584070796505,0.0016090104585679832,0.0003218020917135966,0.0011263073209975883
62,62,0.9211584875301689,0.9212963678006313,0.9133671271215473,0.9693562341410166,1.4591916091490758,-0.34178822167135464,-0.8222571397148386,4.629614276592573,1.7482364141770221,0.05728077232502009,0.029525341914722447,0.07280772325020113,0.048270313757039385,0.0468222043443282,0.023974255832662928,0.03201930812550278,0.021319388576025777,0.022365245374094966,0.0003218020917135966,-0.000482703137570395,0.002091713596138378
63,63,0.9219629927594529,0.9215727548585099,0.9087454653992744,0.972129425540708,2.73263158779044,-0.06139623791995938,-1.1160413824455537,3.6586598978595646,1.3719655347876059,0.06138374899436845,0.03950120675784389,0.07079646017699115,0.03515687851971033,0.031536604987932385,0.03604183427192272,0.03362831858407077,0.02091713596138378,0.019549477071600995,-0.002172164119066777,-0.0032984714400643655,-0.0013676588897827858
64,64,0.9388576025744167,0.9386544369560197,0.9270072669266218,0.9825623301429752,2.351497228391693,-0.27628516679962334,-1.08987604892908,4.179451232168566,1.4050363521371736,0.04907481898632341,0.03563958165728083,0.05036202735317778,0.046178600160901064,0.03089300080450528,0.03089300080450528,0.038535800482703185,0.022526146419951765,0.03073209975864848,0.0008045052292839916,0.0008849557522123908,0.002091713596138378
65,65,0.9316170555108608,0.9315559704440054,0.9225199362041467,0.9739335943163694,2.0503843938051354,-0.03784145751236048,-0.8260095457647241,3.777544092420224,1.7111326382437437,0.06146419951729685,0.046661303298471415,0.06500402252614641,0.04714400643604181,0.04296057924376506,0.0288817377312953,0.0355591311343524,0.031053901850362074,0.030973451327433666,0.0016894609814963823,-0.0032180209171359664,0.0006436041834271932
66,66,0.9356395816572808,0.9351384294345905,0.9187698849275965,0.9740537004549373,2.4383185389686046,-0.4230251350648644,-0.783872420470505,3.740323759424526,1.7147956516222913,0.042316975060337936,0.0436846339501207,0.06958970233306516,0.04577634754625903,0.05068382944489136,0.026146419951729727,0.03169750603378927,0.02679002413515692,0.027996781979082907,0.002574416733708773,-0.0018503620273531806,-8.045052292839915e-05
67,67,0.9316170555108608,0.9314338003102943,0.9210661673341771,0.9759956308407164,2.4303150637528157,-0.43550471859278256,-0.7480243249877989,3.9233678063992463,1.557478117317879,0.07184231697506034,0.03950120675784393,0.066130329847144,0.042638777152051464,0.03684633950120678,0.03386967015285604,0.03588093322606599,0.015124698310539041,0.030329847144006484,-0.003539823008849563,-0.0013676588897827858,0.0012872083668543865
68,68,0.9292035398230089,0.928399058547171,0.9100438220777026,0.9759444764951661,2.4919326549071514,-0.35961638660772094,-0.932019522828303,3.5227874243972015,1.870103470386643,0.05245374094931614,0.04746580852775539,0.05888978278358807,0.029123089300080486,0.026307320997586515,0.028157683024939706,0.03893805309734512,0.022847948511665363,0.023411102172164154,-0.001045856798069189,-0.0032180209171359664,-0.002574416733708773
69,69,0.9308125502815768,0.9307717219619662,0.922008596519684,0.9683423314873602,1.8626628358904516,-0.02790121891914422,-0.9073949908029584,3.7667746076036908,1.9161365304909763,0.06218825422365244,0.04625905068382942,0.05551086082059531,0.040627514078841485,0.04698310539018501,0.03169750603378925,0.04891391794046658,0.023411102172164154,0.02687047465808532,0.002574416733708773,0.002172164119066777,0.0030571198712791682
70,70,0.9227674979887369,0.9225326169147654,0.910542264752791,0.9644338118022329,2.582015765444002,-0.46243808221204913,-0.622138645456953,3.6170268021252627,1.7133779661932977,0.048270313757039385,0.029364440868865672,0.0563153660498793,0.04328238133547864,0.041592920353982266,0.017618664521319417,0.03169750603378922,0.02115848753016898,0.019549477071600995,0.0008849557522123908,-0.0012872083668543865,8.045052292839915e-05
71,71,0.9356395816572808,0.9350698841743429,0.9210575086248681,0.9800900977960254,2.2710034764743208,-0.19602847350956482,-1.087839350946517,3.7931629731342515,1.6643075197325794,0.050281576830249364,0.04006436041834273,0.06017699115044246,0.039662107803700754,0.03966210780370074,0.03588093322606602,0.036524537409493206,0.027996781979082907,0.025341914722445735,0.0,-0.0012067578439259874,0.0013676588897827858
72,72,0.9275945293644409,0.9276418143771915,0.9177164887307236,0.9675593119810203,1.9086221254196374,-0.037805381107072766,-0.8404874793098143,3.855682669440512,1.788330140314354,0.07884151246983107,0.04794851166532579,0.06371681415929202,0.04392598551890583,0.04931617055510858,0.03845534995977471,0.04947707160096537,0.027031375703942116,0.027835880933226108,0.0008045052292839916,0.001045856798069189,0.0016894609814963823
73,73,0.9444891391794047,0.9446938086261525,0.939441422619262,0.9768680282890866,2.8402762187701436,-0.6220835789866247,-1.226950623689054,4.011711548412056,1.6934403149287047,0.06500402252614641,0.04987932421560744,0.0756234915526951,0.054223652453740966,0.03990345937248598,0.0287208366854385,0.046017699115044296,0.03515687851971043,0.043041029766693537,0.0017699115044247816,-0.0003218020917135966,0.0012872083668543865
74,74,0.9372485921158488,0.9369233900652458,0.9258426388396785,0.9712405563873682,2.419381606741382,-0.41509117130303613,-0.9846783881454317,3.743218468412149,1.8706883170346207,0.05864843121480288,0.02389380530973455,0.06926790024135157,0.04843121480289623,0.034754625905068434,0.029283990345937295,0.03805309734513279,0.03531777956556723,0.028157683024939706,-0.0005631536604987942,0.0028962188254223697,-0.0037811745776347603
75,75,0.9364440868865648,0.9362040027473826,0.9259152431464389,0.9802543968407035,2.1779103772534394,-0.03024458023635363,-1.1008470097512215,3.9566648723704163,1.5135965477302733,0.05060337892196298,0.04304102976669348,0.07884151246983107,0.0415124698310539,0.054143201930812526,0.03644408688656481,0.047707160096540614,0.03459372485921164,0.03748994368463401,-0.0002413515687851975,0.0030571198712791682,0.002413515687851975
76,76,0.9428801287208367,0.9427581629511376,0.9337779625151148,0.9795106269184262,2.965258651645154,-0.10859037717966748,-1.164493326207115,3.5457321163742,1.3997551257610878,0.0659694288012872,0.040466613032984766,0.07160096540627514,0.04328238133547875,0.03684633950120682,0.03483507642799684,0.05317779565567175,0.0288817377312953,0.02461786001609014,0.00096540627514079,-0.0032984714400643655,-8.045052292839915e-05
77,77,0.9243765084473049,0.9242712579690865,0.9110605170387779,0.9722984963668194,1.996016685372049,-0.01945768075608987,-0.43594486178095787,3.5777373883932246,1.5838716514514333,0.05358004827031373,0.03998390989541427,0.0659694288012872,0.03354786806114237,0.030490748189863238,0.02099758648431218,0.0319388576025744,0.023732904263877752,0.03499597747385354,0.0,-0.0028157683024939706,-0.00096540627514079
78,78,0.9356395816572808,0.9353322271500876,0.9254205707584932,0.9727841107690921,2.216823137928233,0.2361650921712021,-0.46256534715091885,3.3484358813335593,1.3172464749281438,0.0747385358004827,0.05744167337087689,0.05913113435237327,0.041914722445695905,0.04424778761061948,0.04489139179404663,0.03925985518905876,0.03073209975864848,0.03909895414320198,0.0018503620273531806,-8.045052292839915e-05,-0.0003218020917135966
79,79,0.9356395816572808,0.9355994868219574,0.9265906362545018,0.97655550024888,1.4643822460824738,0.17444037970766907,-0.8596840978603445,4.420273558648567,1.2696650544833248,0.06701528559935639,0.04995977473853578,0.07393403057119871,0.04698310539018501,0.040305711987127936,0.030168946098149685,0.05269509251810134,0.0429605792437651,0.03789219629927598,0.0004022526146419958,0.0012872083668543865,0.0006436041834271932
80,80,0.9219629927594529,0.9215386100587089,0.9068963505353131,0.9731059832550542,1.8321613166322597,-0.12178138681770333,-1.0119484237750676,3.853576908002665,2.017960795888381,0.05060337892196296,0.03105390185036202,0.05543041029766691,0.03845534995977469,0.04529364440868862,0.03716814159292031,0.050201126307320966,0.02550281576830251,0.02091713596138378,-0.0029766693483507687,-0.0005631536604987942,0.00193081255028158
81,81,0.9243765084473049,0.9237907681812907,0.9077803969501194,0.97759443571387,2.512062216450684,0.015467996646122369,-0.8098461612883263,3.387975749593183,1.5320833965429117,0.04416733708769103,0.03628318584070792,0.05880933226065967,0.04448913917940463,0.03628318584070794,0.019871279163314593,0.04030571198712788,0.019871279163314593,0.02196299275945297,-0.0004022526146419958,-0.0029766693483507687,-0.002413515687851975
82,82,0.9324215607401448,0.9321952209131017,0.9223505260456761,0.9768511390528326,2.8835587217457146,-0.37509383468743,-1.080028055170262,3.546297805650665,1.7534115450753966,0.05880933226065967,0.03547868061142401,0.0658889782783588,0.04746580852775541,0.042075623491552694,0.022687047465808564,0.03419147224456963,0.02115848753016898,0.02099758648431218,0.0006436041834271932,0.001045856798069189,0.0023330651649235757
83,83,0.9380530973451328,0.9375576839437181,0.9231104220739631,0.9735804576677641,2.052934769036633,-0.4584455606494789,-1.1566023270801322,4.317776471321936,1.8001478796782973,0.05744167337087689,0.035559131134352426,0.04979887369267897,0.04971842316975059,0.041432019308125546,0.03354786806114245,0.032180209171359664,0.04102976669348356,0.04561544650040228,0.002011263073209979,0.002011263073209979,0.0022526146419951766
84,84,0.9388576025744167,0.9390878299813467,0.9308696431662504,0.9723194193723881,2.0648874119805956,-0.10516389891027844,-0.9675381606189807,4.395184023194131,1.2496299615242685,0.06025744167337086,0.04987932421560738,0.06017699115044246,0.04987932421560739,0.03435237329042644,0.04521319388576028,0.043201930812550325,0.051086082059533376,0.05197103781174576,0.00193081255028158,0.0012872083668543865,0.0027353177795655715
85,85,0.9324215607401448,0.9320626513258938,0.9200604422096708,0.972186825549892,2.449083490651769,-0.11538852496832895,-0.877064340590485,3.3454373295761015,1.8358799479014836,0.06259050683829444,0.04239742558326627,0.06749798873692678,0.046661303298471415,0.053982300884955724,0.04304102976669345,0.04593724859211583,0.030973451327433676,0.027674979887369312,0.0018503620273531806,0.0027353177795655715,-0.0007240547063555924
86,86,0.9203539823008849,0.9200802740073518,0.9070368816395984,0.9717866237769736,1.372267435990434,-0.2063953837602819,-0.6011891069068518,4.2040563619889015,1.8949412253599112,0.0563958165728077,0.029686242960579222,0.046259050683829406,0.039742558326629075,0.022123893805309748,0.023008849557522137,0.03314561544650037,0.026548672566371678,0.03250201126307317,0.0012067578439259874,-0.0014481094127111848,0.0
87,87,0.9356395816572808,0.9355112665298722,0.9244125434631947,0.9749290668814898,2.05782821563671,-0.5360533027363028,-0.8719824388768086,3.979462526888705,2.055323230979833,0.06427996781979081,0.03306516492357205,0.05341914722445693,0.03781174577634759,0.029847144006436087,0.028399034593724903,0.029525341914722492,0.032180209171359664,0.039581657280772356,-0.0008849557522123908,-0.0012067578439259874,0.0006436041834271932
88,88,0.9275945293644409,0.9272693032907244,0.9139031209058581,0.9689985728991204,2.417929214889943,-0.6206888765741929,-0.9227548198991066,3.8268206929291035,2.0049341137809793,0.07127916331456155,0.037329042638777135,0.03893805309734512,0.03998390989541428,0.030651649235720058,0.03580048270313757,0.03724859211584873,0.02389380530973455,0.02292839903459376,-0.0002413515687851975,-0.0013676588897827858,0.0004022526146419958
89,89,0.9275945293644409,0.9274162429199249,0.9162054013154066,0.9758861533088878,1.9984074506578253,0.11521072049348167,-0.7590731696372003,3.76515986951155,1.4838006759847466,0.05518905872888171,0.03620273531777955,0.06194690265486724,0.04529364440868862,0.03942075623491551,0.03242156074014483,0.0386967015285599,0.024456958970233346,0.028077232502011308,-0.0014481094127111848,8.045052292839915e-05,0.0012067578439259874
90,90,0.9203539823008849,0.9198220805230418,0.9043054134499116,0.9639655613431309,2.7773859820814297,-0.4663056222873584,-1.2295865222478881,3.7637421071943464,1.9850220137013923,0.04867256637168138,0.045132743362831816,0.06427996781979081,0.04609814963797261,0.0466613032984714,0.02566371681415931,0.04022526146419947,0.02268704746580854,0.021399839098954175,-0.0005631536604987942,-0.0011263073209975883,0.0011263073209975883
91,91,0.9388576025744167,0.9387262777447812,0.9266971121962984,0.9836890335805148,2.56631810241227,-0.29093361564509135,-0.9397215784780483,3.5605366612994724,1.7223137832277644,0.05880933226065967,0.03974255832662917,0.04947707160096543,0.04183427192276753,0.029042638777152095,0.024296057924376547,0.04521319388576028,0.020193081255028188,0.029042638777152095,-0.005068382944489147,-0.0015285599356395841,0.0007240547063555924
92,92,0.9412711182622687,0.9408258653812083,0.9250431980293328,0.9808284455286302,1.9270582123960915,-0.292842888850132,-1.0177776905827036,3.822442135249417,2.171713312188232,0.07707160096540629,0.04094931617055515,0.07860016090104587,0.04505229283990351,0.04304102976669353,0.03909895414320199,0.03765084473049081,0.020514883346741786,0.017860016090104614,0.000482703137570395,0.0008045052292839916,0.0012067578439259874
93,93,0.9324215607401448,0.9324932767918233,0.9266501297294214,0.974667122858039,2.7919491589333902,0.050449905134168097,-1.0052027370671883,3.9561778349122183,0.7549600464817481,0.051327433628318556,0.041914722445695884,0.0654867256637168,0.037489943684633965,0.03998390989541432,0.03314561544650043,0.04247787610619467,0.022606596942880162,0.025985518905872928,-0.002493966210780374,0.0008849557522123908,-0.0022526146419951766
94,94,0.9243765084473049,0.9245195310212035,0.9157471766246947,0.9677981802947875,2.583169428556321,-0.46269088770041517,-0.886765518652422,3.8878531927703905,1.6241084014116287,0.05864843121480288,0.04843121480289618,0.04239742558326624,0.04014481094127107,0.04046661303298467,0.03330651649235718,0.02751407884151249,0.02292839903459376,0.019710378117457794,-0.0013676588897827858,-0.0017699115044247816,-0.0003218020917135966
95,95,0.9380530973451328,0.9379641961943096,0.9297598159068028,0.9756709334100389,2.583785302141299,-0.06677585236787453,-0.9805754529457389,3.5355547564323833,1.5411126399779018,0.06975060337892196,0.0751407884151247,0.07337087691069992,0.05446500402252612,0.045052292839903474,0.0435237329042639,0.05446500402252612,0.034674175382140036,0.03258246178600166,0.004344328238133554,0.0011263073209975883,0.003459372485921164
96,96,0.9267900241351569,0.9267159811760015,0.9148013172076627,0.9721730949020728,2.17972290686814,-0.6672235395911756,-1.0124770555093345,3.822260766047698,2.360813905326931,0.044489139179404634,0.046017699115044206,0.07393403057119871,0.042316975060337846,0.03491552695092519,0.02775543041029771,0.03829444891391792,0.021399839098954175,0.024698310539018543,-0.0008849557522123908,0.0003218020917135966,0.00096540627514079
97,97,0.9428801287208367,0.9430332007118982,0.9383112520883717,0.9803985138971644,1.7621901578137835,-0.8658078763609087,-0.8932119980944264,4.7229468832547665,1.9420397256254822,0.056154465004022505,0.04432823813354793,0.05004022526146422,0.04601769911504431,0.03177795655671767,0.03459372485921164,0.0386162510056316,0.029927594529364488,0.03065164923572008,-0.0003218020917135966,0.0033789219629927645,0.0039420756234915585
98,98,0.9380530973451328,0.9379932970799778,0.9285409116355815,0.9813813017472525,2.083300648907422,-0.38424741281837343,-0.9910853240248911,3.8069035578580896,2.1962769056788343,0.07168141592920355,0.03885760257441678,0.06444086886564762,0.0433628318584071,0.03644408688656482,0.03250201126307326,0.04376508447304911,0.022365245374094966,0.03378921962992765,0.0008849557522123908,0.0017699115044247816,0.005792437650844739
99,99,0.9283990345937249,0.9282885138144751,0.917798068788471,0.974585022900318,2.169223723727906,-0.1449648442456836,-0.6888904117279808,3.439075312002748,1.8809366364259077,0.06798069187449718,0.04883346741753819,0.06975060337892196,0.0464199517296862,0.031858407079646045,0.0349959774738536,0.03853580048270313,0.024215607401448146,0.019147224456959,-0.0016090104585679832,-0.0022526146419951766,-0.0053901850362027435
100,100,0.9324215607401448,0.9319223586954999,0.9178775298391282,0.9682926829268292,2.226043059041261,-0.5599592378258237,-0.8363025922748845,3.7393911197425167,2.1526577937896163,0.04915526950925179,0.038616251005631555,0.05977473853580047,0.04360418342719228,0.03451327433628324,0.028318584070796505,0.03925985518905874,0.01995172968624299,0.019147224456959,-0.0011263073209975883,-0.00096540627514079,0.002172164119066777
101,101,0.9211584875301689,0.9206222805836004,0.9037382433118163,0.967016367906159,2.122575596440389,-0.2812607597940037,-0.8342915468881842,3.96150955370209,1.6753081668351837,0.06822204344328238,0.048270313757039385,0.04561544650040221,0.046580852775543004,0.030249396621078027,0.03403057119871274,0.03032984714400643,0.022606596942880152,0.0255028157683025,0.0008849557522123908,0.00193081255028158,0.0023330651649235757
102,102,0.9316170555108608,0.9315960707027139,0.9225447758578389,0.9742356267451777,1.445440171254732,-0.5134214833240878,-1.002301840327459,4.259828783021361,2.4145390958880473,0.06741753821399839,0.04111021721641191,0.0655671761866452,0.03732904263877716,0.03660498793242158,0.03153660498793247,0.03346741753821403,0.020595333869670183,0.023572003218020953,-0.0027353177795655715,0.0,0.0032180209171359664
103,103,0.9324215607401448,0.9323709517375075,0.9194222711563752,0.9725234731015077,2.0056134928726923,-0.529976527129873,-0.43316263470775,4.378596615504069,1.4171542064868217,0.05575221238938051,0.04746580852775541,0.04843121480289621,0.027031375703942116,0.02791633145615451,0.03137570394207566,0.03177795655671767,0.020595333869670183,0.04336283185840707,0.0014481094127111848,0.0016090104585679832,0.0013676588897827858
104,104,0.9380530973451328,0.9379444016270396,0.9264435719174381,0.9747817681879855,2.8214409370058857,-0.6035859956783317,-0.7835996793587071,3.4165041234910696,1.8385183564537424,0.07634754625905069,0.04078841512469835,0.06709573612228478,0.04794851166532584,0.05462590506838292,0.032099758648431266,0.03153660498793247,0.022847948511665363,0.03370876910699925,0.0011263073209975883,0.0005631536604987942,0.0018503620273531806
105,105,0.9300080450522928,0.9295153822338363,0.9139240915556706,0.9706687984199945,2.436491942483508,-0.7309431633435391,-0.8585752443058982,3.989571278878418,1.9700346054899671,0.0756234915526951,0.03411102172164121,0.06773934030571198,0.042156074014481085,0.03330651649235724,0.03982300884955751,0.029364440868865693,0.031134352373290475,0.030973451327433666,0.0002413515687851975,0.002011263073209979,0.002574416733708773
106,106,0.9396621078037007,0.939369158877463,0.9271147483383597,0.979940268790443,2.762752248296865,-0.33379002821563203,-1.3697998420264266,3.9091027682957598,1.610643306324005,0.056154465004022526,0.047868061142397444,0.06146419951729685,0.04352373290426394,0.032099758648431266,0.03934030571198719,0.041512469831053944,0.014883346741753845,0.020595333869670183,-0.002011263073209979,0.002091713596138378,-0.0004022526146419958
107,107,0.9332260659694288,0.9330449433145822,0.9226559422573395,0.9761770975739741,1.5660385667024916,-0.2884241186378817,-0.6156652124807936,3.9958167632897945,1.9912370089243083,0.06814159292035397,0.04368463395012066,0.06323411102172163,0.055349959774738514,0.029525341914722492,0.039259855189058744,0.03354786806114245,0.03475462590506843,0.038535800482703164,8.045052292839915e-05,-0.0011263073209975883,0.0014481094127111848
108,108,0.9300080450522928,0.9294449906076515,0.9139498651288253,0.9749441912380244,2.5979866780619254,-0.3404907119731943,-1.2274683352518923,3.676131217917771,2.0606238293021915,0.05012067578439257,0.04304102976669345,0.06781979082864038,0.04505229283990342,0.029927594529364478,0.033145615446500444,0.03732904263877716,0.02180209171359617,0.026307320997586526,-0.0012067578439259874,-0.0027353177795655715,-0.0016894609814963823
109,109,0.9332260659694288,0.9328225983871015,0.9192305453698854,0.9753564984575986,1.9315144774547592,-0.25452780342849635,-0.8538175366508691,3.8730573231725316,1.9844196738371234,0.05720032180209169,0.02695092518101372,0.049316170555108584,0.05317779565567173,0.0360418342719228,0.03073209975864848,0.03531777956556721,0.02574416733708773,0.01745776347546262,-0.0002413515687851975,0.0012872083668543865,-0.0002413515687851975
110,110,0.9227674979887369,0.922817935335671,0.9121871293001186,0.9641992882562278,2.097148938890689,-0.19513719835065527,-0.8235782051752993,3.9818873861447757,1.7463139796403113,0.06741753821399839,0.05229283990345934,0.06065969428801286,0.04102976669348346,0.03917940466613029,0.026065969428801294,0.04078841512469826,0.02606596942880133,0.0267900241351569,0.0008849557522123908,-0.0008045052292839916,0.0008849557522123908
111,111,0.9308125502815768,0.9307258324201533,0.9205121072819371,0.9731912277105964,2.06385120537751,-0.23733966046327212,-1.0776070075637583,3.858831592811004,2.064326611255071,0.07160096540627514,0.053901850362027326,0.07530168946098151,0.048511665325824585,0.05993563958165726,0.03073209975864847,0.04505229283990344,0.02308930008045056,0.017538213998391016,0.001045856798069189,0.004505229283990353,0.002011263073209979
112,112,0.9348350764279968,0.9346124621936716,0.923443047552529,0.9764419998835924,2.256253725375565,-0.6443929505379521,-0.8831640114608388,3.6653844803678943,2.3548747143013857,0.06878519710378117,0.04102976669348354,0.06025744167337086,0.04465004022526144,0.034995977473853634,0.02574416733708773,0.03507642799678203,0.028238133547868104,0.02485921158487534,0.0015285599356395841,0.0005631536604987942,0.001045856798069189
113,113,0.9292035398230089,0.9291121477247654,0.9181502106720881,0.9731253130616695,2.642137260161495,-0.3946026131749864,-1.0214921756237103,3.714817691046055,1.81689134472947,0.06387771520514882,0.04344328238133545,0.05720032180209169,0.04923572003218017,0.035156878519710374,0.02968624296057929,0.043443282381335435,0.032984714400643635,0.0192276749798874,0.0011263073209975883,0.003539823008849563,0.0029766693483507687
114,114,0.9356395816572808,0.9353052932461561,0.922255731560917,0.9754838520774164,2.5715261111431937,-0.10598942480693331,-0.8096313217481566,3.73649700563946,1.309208743411364,0.05406275140788412,0.043201930812550304,0.06323411102172163,0.046580852775543025,0.03893805309734516,0.029123089300080496,0.04159292035398231,0.03539823008849563,0.03451327433628324,8.045052292839915e-05,0.0006436041834271932,-8.045052292839915e-05
115,115,0.9372485921158488,0.9371361425676654,0.9280360080635819,0.977266144542021,2.5087544434353743,-0.611725403168532,-1.1678872573471994,3.8107829219922413,2.0852656115870007,0.06082059533386965,0.048833467417538176,0.055832662912308914,0.04553499597747386,0.03901850362027359,0.034674175382140036,0.039581657280772356,0.03378921962992765,0.031858407079646066,-0.0011263073209975883,0.0037811745776347603,-0.0008045052292839916
116,116,0.9388576025744167,0.9386472830792074,0.9263402826160745,0.9805902424209944,3.1944619734091226,-0.8609263869554842,-0.8930670056632702,3.5279510919124375,1.8784778219627285,0.06267095736122283,0.04094931617055515,0.055832662912308914,0.038374899436846396,0.02968624296057929,0.02791633145615451,0.03354786806114245,0.020675784392598585,0.027996781979082907,0.0011263073209975883,0.000482703137570395,-0.000482703137570395
117,117,0.9404666130329847,0.940427734244723,0.9313332268502907,0.9779077265278838,2.5735873952074195,-0.49548885177902247,-1.117615963010171,3.63071487293377,2.1021112849856323,0.06942880128720837,0.04304102976669353,0.0743362831858407,0.04835076427996784,0.03563958165728083,0.029364440868865693,0.04786806114239746,0.029123089300080496,0.0288012872083669,0.0006436041834271932,0.002172164119066777,0.0012872083668543865
118,118,0.9332260659694288,0.9332975734891675,0.9228875630578193,0.9732398379899108,2.5888858845098723,-0.08340283941146168,-1.0111294513730473,3.8675913004156555,1.3177389788144458,0.06291230893000803,0.050281576830249364,0.05583266291230891,0.05800482703137568,0.040466613032984725,0.03459372485921162,0.040305711987127936,0.034915526950925216,0.034835076427996825,0.002574416733708773,0.0007240547063555924,-8.045052292839915e-05
119,119,0.9348350764279968,0.9346111332787423,0.9233346736362418,0.9721216995040879,2.066637446875893,-0.5214940506394002,-0.8792304461893852,4.08519336553591,1.909278819286256,0.061303298471440046,0.0425583266291231,0.061303298471440046,0.05245374094931614,0.04006436041834275,0.032180209171359664,0.04062751407884154,0.03330651649235724,0.03467417538214003,0.0014481094127111848,0.0039420756234915585,0.0016894609814963823
120,120,0.9219629927594529,0.9221956893407443,0.9129492445576461,0.9671724871900654,2.4158163965195905,-0.3649175632970593,-0.5454845503586795,3.7533356719964273,1.5625004237673519,0.048511665325824585,0.03193885760257439,0.0569589702333065,0.04955752212389377,0.03901850362027348,0.03853580048270309,0.031053901850361987,0.03330651649235715,0.027996781979082876,-0.0002413515687851975,-0.0008849557522123908,-0.0003218020917135966
121,121,0.9275945293644409,0.9275064489617015,0.9174073104010243,0.975862871776963,1.8540321212671902,0.020915350335247402,-0.99814635304643,3.6198392397374994,2.1984898912805666,0.06057924376508446,0.05430410297666932,0.0666130329847144,0.04030571198712788,0.04987932421560737,0.03604183427192274,0.04022526146419949,0.027835880933226097,0.02461786001609014,-0.0015285599356395841,-0.0017699115044247816,-0.0013676588897827858
122,122,0.9324215607401448,0.9320947010431366,0.9200518382968406,0.9730042544348299,2.832399236718579,-0.38389212424552716,-1.1773724223725441,3.5057509549670285,1.9018476558504138,0.07272727272727272,0.04537409493161702,0.08696701528559939,0.05800482703137568,0.04416733708769105,0.032582461786001646,0.04416733708769103,0.02791633145615451,0.03821399839098958,0.0007240547063555924,0.002574416733708773,0.0037811745776347603
123,123,0.9404666130329847,0.9402922303233541,0.9275224775224775,0.977458904731632,2.103736634699336,-0.3088232261175694,-0.8339690103166023,3.9531169214322968,1.7460859707491816,0.04127111826226876,0.0502815768302494,0.06411906677393402,0.048672566371681436,0.05953338696701528,0.021721641190667773,0.0443282381335479,0.0286403861625101,0.028399034593724903,-0.000482703137570395,0.0011263073209975883,0.0004022526146419958
124,124,0.9283990345937249,0.9281573389798917,0.916440213446676,0.9719604461709083,2.3466757312013597,0.1839741494477913,-0.8961973096177281,3.453624017351594,1.6180339943542907,0.06403861625100563,0.04810941271118259,0.06693483507642799,0.0468222043443282,0.041592920353982286,0.03893805309734512,0.03652453740949317,0.02606596942880133,0.03515687851971041,0.0008045052292839916,-0.0027353177795655715,0.0008045052292839916
125,125,0.9364440868865648,0.9363841647999865,0.9270959760309112,0.9749784524458673,2.534079590776309,-0.4568470738186129,-0.8911660817291505,3.8076438313341745,1.667848317205559,0.049316170555108584,0.04328238133547868,0.05414320193081253,0.04537409493161707,0.03515687851971042,0.025985518905872928,0.05004022526146418,0.03266291230893006,0.04448913917940468,0.0011263073209975883,-0.004183427192276756,0.0017699115044247816
126,126,0.9396621078037007,0.9397620633798569,0.9321953299226027,0.9791987168020225,2.036049422645568,-0.44395843511858657,-0.9476077851057313,3.8970608398814965,2.110342891264574,0.06210780370072404,0.04754625905068386,0.061303298471440046,0.047144006436041844,0.036685438455350015,0.03258246178600166,0.03974255832662917,0.020675784392598585,0.018905872888173803,0.002172164119066777,0.00096540627514079,8.045052292839915e-05
127,127,0.9372485921158488,0.937041287891808,0.925282337530535,0.9782125113584065,1.3482408130199097,-0.4902896189970514,-0.7201353769608505,4.52113570470658,1.9720945800373761,0.039098954143201956,0.041271118262268744,0.06564762670957361,0.05060337892196298,0.04440868865647627,0.03314561544650045,0.042156074014481126,0.02477876106194694,0.030973451327433676,0.002493966210780374,0.00096540627514079,0.005792437650844739
128,128,0.9292035398230089,0.9288817872273014,0.9154705575392987,0.9714253047439798,2.0079913622406473,-0.6001465410568066,-0.3440931098167036,3.8098870418450557,1.9357990617222622,0.04553499597747381,0.02091713596138378,0.05913113435237327,0.042880128720836665,0.037087691069991935,0.02091713596138378,0.031697506033789256,0.021721641190667773,0.030008045052292875,-0.00193081255028158,0.0012872083668543865,-0.0012067578439259874
129,129,0.9316170555108608,0.931510870270021,0.9213209608262358,0.9744546867150351,2.4975281306777495,-0.25206077871464205,-0.804458307314426,3.17386594254112,1.9811567257839156,0.06653258246178599,0.05036202735317776,0.07988736926790026,0.036363636363636376,0.042156074014481085,0.03966210780370074,0.04440868865647625,0.03338696701528565,0.03234111021721645,0.00193081255028158,0.0028157683024939706,0.0015285599356395841
130,130,0.918744971842317,0.9183221006867321,0.9016918914097113,0.9708988730635425,2.2105226835692613,-0.42511573669681724,-0.5988701948686825,3.8480495958411285,1.666194467957901,0.037570394207562294,0.036524537409493116,0.04296057924376504,0.030249396621078006,0.021238938053097366,0.019469026548672597,0.030410297666934805,0.021560740144810953,0.02107803700724057,-0.0033789219629927645,-0.005068382944489147,-0.004666130329847151
131,131,0.9251810136765889,0.9243900250386297,0.9056202470786208,0.9714428945840883,2.129366124615296,-0.2313867003583564,-0.7697302131263566,3.6558124726483427,1.9313866716517107,0.06677393403057119,0.048511665325824585,0.06267095736122283,0.03684633950120673,0.04609814963797261,0.03403057119871278,0.04561544650040221,0.01617055510860823,0.018825422365245405,0.0016894609814963823,0.0001609010458567983,0.000482703137570395
132,132,0.9348350764279968,0.934349347257295,0.9180377655108347,0.9766660116357313,2.5140649398270525,-0.13602290492650815,-0.9055251311718089,3.61762936244908,1.5557504934894713,0.056154465004022505,0.05164923572003216,0.06194690265486724,0.03773129525341919,0.04086886564762674,0.03700724054706359,0.02944489139179409,0.027272727272727317,0.03515687851971042,0.0013676588897827858,0.0006436041834271932,0.0014481094127111848
133,133,0.9388576025744167,0.9388576025744167,0.9322191991550719,0.9780416264866603,2.531484903424929,-0.3234475756466894,-1.012885838376566,3.726199289722872,1.6574511705343598,0.08181818181818183,0.0566371681415929,0.07361222847948512,0.04086886564762676,0.037650844730490796,0.033145615446500444,0.036846339501206804,0.02204344328238137,0.027433628318584112,-0.0012067578439259874,-0.0029766693483507687,0.001045856798069189
134,134,0.9219629927594529,0.9217343296366326,0.9084447151744148,0.9652200269552883,2.5179195061625625,-0.05919080840810562,-0.8814743812891928,3.6251000964197484,1.500894597420521,0.06926790024135157,0.05977473853580047,0.07441673370876911,0.0468222043443282,0.04416733708769103,0.03451327433628314,0.04448913917940463,0.03161705551086078,0.03081255028157681,0.0008849557522123908,0.0,0.0008045052292839916
135,135,0.9364440868865648,0.9363394108970077,0.925763572151135,0.9750178950668773,1.5076942325548657,-0.1312676803207892,-1.1355076260194514,4.156276763982216,2.213415562439584,0.06918744971842317,0.04666130329847142,0.08262268704746582,0.05454545454545452,0.043362831858407114,0.05012067578439259,0.046580852775543045,0.035237329042638835,0.04384553499597747,0.003459372485921164,0.0013676588897827858,0.005229283990345945
136,136,0.9292035398230089,0.929250044615207,0.9194565204480395,0.9715817980971385,2.6730584663438184,-0.5159642735353897,-1.0316226942415527,3.650124682712374,1.9261759952555957,0.06540627514078841,0.04304102976669346,0.0650844730490748,0.037972646822204324,0.04392598551890583,0.0343523732904264,0.03411102172164121,0.023652453740949354,0.030168946098149674,0.0028157683024939706,0.002574416733708773,0.00386162510056316
137,137,0.9308125502815768,0.9306502306281257,0.9206639566395663,0.9710113590497607,1.4623736438240842,-0.32935790970527073,-0.7938121806600653,3.634318716890701,2.6789041942982266,0.06347546259050682,0.062429605792437635,0.06846339501206758,0.042719227674979855,0.030893000804505265,0.03298471440064364,0.045615446500402224,0.027835880933226108,0.03057119871279168,8.045052292839915e-05,0.0012067578439259874,-0.0032984714400643655
138,138,0.9300080450522928,0.9298088985869809,0.9181683394160585,0.9732974218603782,2.142983494930801,-0.22826555827630615,-0.7481258836262964,3.6295320966223565,1.9421660412925956,0.06926790024135157,0.03966210780370072,0.05164923572003215,0.04778761061946899,0.03201930812550287,0.037489943684633965,0.03386967015285604,0.01995172968624299,0.0288817377312953,0.0001609010458567983,-0.0015285599356395841,-0.00096540627514079
139,139,0.9292035398230089,0.9292497740576984,0.9195596085409252,0.9716518386714117,2.540836702619323,-0.21486768778668033,-0.723124231499857,3.5505495048289357,1.5282303421099424,0.061786001609010446,0.030008045052292875,0.06114239742558325,0.039018503620273516,0.02574416733708773,0.02606596942880133,0.03700724054706356,0.025583266291230932,0.02212389380530977,-0.002574416733708773,-0.0016894609814963823,-0.0015285599356395841
140,140,0.9292035398230089,0.9289467214896453,0.9173899207313545,0.9689984377712202,2.5016018628878225,-0.4161537398010831,-0.9893584958047449,3.815208692424193,1.841880156320563,0.05929203539823007,0.04119066773934027,0.05543041029766691,0.046500402252614606,0.04191472244569587,0.018744971842317004,0.03515687851971039,0.022606596942880162,0.028318584070796505,0.002011263073209979,-0.0012067578439259874,0.0022526146419951766
141,141,0.9364440868865648,0.9364637074293979,0.9284294205487074,0.9803414048546247,2.4789123997836175,-0.7496881209298786,-1.0416408118082954,4.023878765315571,1.9049132497383694,0.057039420756234895,0.04167337087691073,0.0569589702333065,0.04593724859211584,0.05004022526146419,0.037489943684634,0.02759452936444091,0.02099758648431218,0.02485921158487534,-0.002172164119066777,-0.0006436041834271932,0.0006436041834271932
142,142,0.9340305711987128,0.9341376167422619,0.9286839286839287,0.9750577023304295,2.2871416911084834,-0.403509163765094,-0.7969400692172215,3.890905864698751,1.6749833739404152,0.04979887369267899,0.03901850362027354,0.051246983105390165,0.04698310539018502,0.03982300884955755,0.024296057924376547,0.04577634754625903,0.022687047465808564,0.019710378117457794,-0.001045856798069189,-0.0033789219629927645,-0.0037811745776347603
143,143,0.9469026548672567,0.946796179404278,0.9372064056939502,0.9819839857651246,2.110569500882393,-0.4092340583672518,-0.499807931950718,3.636270428665424,1.8676162281361608,0.06500402252614641,0.038374899436846396,0.05036202735317783,0.04947707160096547,0.04545454545454551,0.028318584070796505,0.035237329042638835,0.02493966210780374,0.03338696701528565,0.002413515687851975,8.045052292839915e-05,0.0029766693483507687
144,144,0.9267900241351569,0.9270154959912407,0.9214721639475008,0.9813732799324977,2.5192281469456383,-0.1941416784778647,-1.169369856346135,3.9427503263781882,1.4280997157433921,0.057924376508447284,0.040788415124698274,0.06210780370072404,0.044328238133547825,0.03797264682220432,0.024698310539018543,0.03298471440064362,0.02485921158487534,0.022526146419951765,-0.0011263073209975883,-0.0008849557522123908,0.0037007240547063613
145,145,0.9388576025744167,0.9384879398218481,0.9263022093210773,0.9790327596931371,1.942214804433042,-0.09082291647118011,-0.6714097091946358,3.5958831400325453,1.8798375776543308,0.06114239742558325,0.046983105390185076,0.055189058728881725,0.04102976669348354,0.04440868865647629,0.027835880933226108,0.03475462590506843,0.031053901850362074,0.023169750603378957,-0.0018503620273531806,-0.000482703137570395,-0.0004022526146419958
146,146,0.9324215607401448,0.9326396555200438,0.9257069370521245,0.9753798578692279,2.096671464532302,-0.2885163186482296,-0.6192101827987501,3.9185271429582333,1.6454828303799915,0.0658889782783588,0.05446500402252612,0.05993563958165726,0.0566371681415929,0.03805309734513276,0.030893000804505265,0.05156878519710376,0.027272727272727317,0.02679002413515692,0.000482703137570395,0.002091713596138378,0.00096540627514079
147,147,0.9420756234915527,0.9418473272389439,0.9303547151155604,0.978079700549111,2.581544844436,-0.27138548841755944,-1.0088425002218333,3.9258409783694437,1.389809927769839,0.04666130329847148,0.04143201930812557,0.07039420756234915,0.04545454545454549,0.029927594529364488,0.027272727272727317,0.037892196299276,0.03057119871279168,0.034674175382140036,-0.0006436041834271932,0.0012067578439259874,0.0001609010458567983
148,148,0.9251810136765889,0.9252549493755419,0.9150649698195117,0.9709702357943565,2.067452573931746,-0.7726344351447241,-0.7547109697872462,4.497513062659457,1.7474620519494144,0.0470635559131134,0.02461786001609014,0.03789219629927589,0.03917940466613029,0.02590506838294453,0.02590506838294452,0.02928399034593728,0.02847948511665329,0.02847948511665329,0.0023330651649235757,0.0005631536604987942,-0.002172164119066777
149,149,0.9340305711987128,0.933597231089594,0.9191974350715897,0.9756361081017774,2.283767364750313,-0.6455841024144481,-1.163451366794989,4.551411320754816,1.6364360574779429,0.05148833467417537,0.05358004827031373,0.05687851971037809,0.04062751407884152,0.03982300884955754,0.03298471440064364,0.03467417538214,0.031295253419147274,0.03563958165728083,-0.0002413515687851975,-0.00096540627514079,0.0013676588897827858
150,150,0.9267900241351569,0.926352871022526,0.9122609902392855,0.9746575620859246,3.016195966944665,-0.7007984718053303,-0.9236669278538866,3.582885758586112,1.7804734997740044,0.04875301689460978,0.03636363636363636,0.05164923572003215,0.03580048270313755,0.033386967015285596,0.02590506838294452,0.027031375703942116,0.02493966210780374,0.033467417538213994,0.0001609010458567983,-0.0037811745776347603,-0.000482703137570395
151,151,0.9267900241351569,0.9266749838423592,0.9156530905044945,0.9723918835827013,2.291809561160336,-0.5647004134338856,-0.8746188345990021,4.378524128429684,1.4244987900862687,0.04408688656476263,0.027111826226870517,0.05189058728881735,0.03668543845534995,0.032421560740144816,0.023572003218020953,0.04408688656476264,0.019871279163314593,0.023652453740949354,-0.0005631536604987942,-0.0006436041834271932,0.0005631536604987942
152,152,0.9283990345937249,0.9279180332185333,0.9132035387928525,0.9706390780513359,2.334449633638041,-0.360519798618339,-1.229366719395876,3.8735528168707845,2.009979014721826,0.055028157683024916,0.050522928399034564,0.05864843121480288,0.04360418342719223,0.038616251005631506,0.027192276749798915,0.04022526146419948,0.020756234915526982,0.014481094127111849,-0.0028962188254223697,-0.0006436041834271932,-0.002413515687851975
153,153,0.9388576025744167,0.9384559702781604,0.9246566919450707,0.9794776447164231,2.545553145558731,-0.20136255989220114,-0.9218370812729662,3.621664007996924,1.5673101217445882,0.04738535800482703,0.05277554304102976,0.05358004827031374,0.03934030571198719,0.033869670152856045,0.02485921158487534,0.03378921962992765,0.015124698310539041,0.0193081255028158,-0.0016894609814963823,-0.0012872083668543865,-0.0023330651649235757
154,154,0.9251810136765889,0.9250482305699596,0.911256870736832,0.9666351601114972,1.9763764413880058,-0.10677519478073348,-0.6772051405228604,3.5267950130544015,2.026324136766148,0.0660498793242156,0.049155269509251774,0.06677393403057119,0.044006436041834227,0.04633950120675782,0.03652453740949313,0.056798069187449694,0.021480289621882576,0.02204344328238137,0.001045856798069189,-0.0018503620273531806,0.0016894609814963823
155,155,0.9332260659694288,0.933245828091521,0.9254155997236109,0.9752643405856429,2.0490313894779613,-0.5852356452391695,-0.9263165997084308,3.9159314581285423,2.2064386537230103,0.06291230893000803,0.045695897023330635,0.06468222043443281,0.040466613032984725,0.028238133547868104,0.028318584070796505,0.047546259050683805,0.01995172968624299,0.018905872888173803,-0.0002413515687851975,0.0016090104585679832,0.002493966210780374
156,156,0.9332260659694288,0.9328482967520517,0.9205570017411692,0.9751380580504652,1.5706997314266198,-0.27855701172583514,-0.8957071397343134,4.023826079991074,2.268742506272914,0.07272727272727272,0.05116653258246175,0.05543041029766691,0.048350764279967796,0.030329847144006484,0.04119066773934031,0.041271118262268716,0.020032180209171392,0.030651649235720068,0.0012067578439259874,-0.0004022526146419958,-0.0030571198712791682
157,157,0.9211584875301689,0.9212127278210387,0.9092762028265072,0.9721912034869059,2.4667238800640994,-0.23974840889386873,-1.1574940592424516,3.635131726007678,1.8999203147949162,0.05840707964601768,0.03427192276749793,0.06709573612228478,0.034352373290426355,0.03370876910699914,0.022043443282381357,0.031053901850361998,0.02284794851166535,0.015526950925181037,-0.0032984714400643655,-0.0012067578439259874,-0.0008849557522123908
158,158,0.9267900241351569,0.9265817215105203,0.9145333263148044,0.9717591942728804,2.5519606625692,-0.05714206587260828,-1.1027380945593863,3.449742124674832,1.782476606924603,0.07288817377312953,0.050201126307320966,0.06468222043443281,0.04360418342719223,0.050281576830249364,0.03620273531777955,0.03467417538213996,0.04038616251005628,0.03588093322606595,-0.0028157683024939706,-0.0003218020917135966,0.0004022526146419958
159,159,0.9452936444086887,0.9451108077550892,0.9342511580030881,0.9771593873675617,2.3830004241933276,-0.2455202088449016,-0.8875181993263418,3.693925810981589,1.7001018855731778,0.06798069187449718,0.04102976669348357,0.05921158487530168,0.047385358004827106,0.043041029766693537,0.0386162510056316,0.03427192276749804,0.03491552695092524,0.03041029766693488,0.0,0.0028157683024939706,0.0027353177795655715
160,160,0.9340305711987128,0.9337629199754595,0.9206126607471818,0.9790103126980648,2.4280516436783057,-0.30187346086121924,-0.7896872584868218,3.5918063955495922,1.790555224056153,0.06862429605792437,0.04094931617055512,0.053258246178600144,0.041995172968624296,0.0365245374094932,0.02510056315366054,0.05156878519710375,0.02115848753016898,0.022445695897023367,0.0018503620273531806,0.0007240547063555924,0.0033789219629927645
161,161,0.9283990345937249,0.9282858542909614,0.9173629311709557,0.9739611733596008,2.2183459562277137,-0.5293534589735325,-0.7687793716168023,3.8899092574632403,1.872759923229415,0.057039420756234895,0.04312148028962184,0.046983105390185,0.049396621078036974,0.04070796460176991,0.036604987932421576,0.041432019308125456,0.035317779565567184,0.03821399839098951,0.002493966210780374,0.002091713596138378,-0.0005631536604987942
162,162,0.9235720032180209,0.9232578960856321,0.9099259021558388,0.974296216342367,2.599494751839225,-0.016855487100712913,-1.1159743318817406,3.8741865331679715,1.2951621288983446,0.050281576830249364,0.047385358004826995,0.050201126307320966,0.04947707160096537,0.02493966210780374,0.029605792437650845,0.04352373290426383,0.026065969428801315,0.03403057119871274,0.0014481094127111848,-0.0018503620273531806,-0.002493966210780374
163,163,0.9364440868865648,0.9361189666867792,0.9223941334312674,0.9760841364522187,1.6788502734873896,-0.512015999412259,-1.0459745056925256,4.238335023454229,2.393796878372889,0.065728077232502,0.03169750603378927,0.06846339501206758,0.04778761061946901,0.04448913917940467,0.039420756234915554,0.048189863234110994,0.03089300080450528,0.029123089300080496,0.0041029766693483575,0.00193081255028158,0.005792437650844739
164,164,0.9404666130329847,0.940502823865222,0.9334466603577396,0.9783773205752807,1.8346473205263394,0.04333196677468997,-0.7772325445304343,3.7578325163496555,1.7598009299844135,0.061786001609010446,0.046259050683829496,0.0668543845534996,0.0455349959774739,0.04674175382139987,0.034754625905068434,0.042477876106194745,0.02695092518101372,0.02582461786001613,-0.0002413515687851975,-0.0013676588897827858,0.0008045052292839916
165,165,0.9283990345937249,0.9280705187108932,0.9128999180881658,0.974694026415072,1.8816564200561297,-0.26210846224239226,-0.8250153714210313,3.4564788925756478,2.3667241435567594,0.06910699919549476,0.05358004827031373,0.07980691874497185,0.04094931617055507,0.04328238133547865,0.03330651649235722,0.04786806114239739,0.018342719227675008,0.01713596138374902,-0.0004022526146419958,0.0022526146419951766,0.0
166,166,0.9283990345937249,0.928205989138552,0.9173653300931551,0.9729618700457097,2.515051971569319,-0.6630413362493421,-0.6922933897066942,3.805325814923827,1.8231955089637903,0.05953338696701527,0.03781174577634753,0.05446500402252612,0.03789219629927594,0.04448913917940463,0.01721641190667742,0.036122284794851155,0.025020112630732137,0.02212389380530977,0.0015285599356395841,0.0008045052292839916,0.0015285599356395841
167,167,0.9283990345937249,0.9280178185779182,0.9122198107059365,0.9706313190196887,2.3213320712732393,-0.5377255012868412,-1.2273040328576712,3.5797020847103767,2.602708838752633,0.06476267095736121,0.04891391794046659,0.06709573612228478,0.03604183427192278,0.03354786806114242,0.03660498793242155,0.040466613032984676,0.017940466613033012,0.021882542236524572,-0.0008045052292839916,0.0022526146419951766,-0.0005631536604987942
168,168,0.9227674979887369,0.922675789970195,0.9124215075190583,0.9678238756169335,2.4808397412952137,-0.22468090499528168,-1.0756849998569709,3.818533093903231,1.7129447036162393,0.06065969428801286,0.05068382944489136,0.062429605792437635,0.03966210780370068,0.03724859211584871,0.03435237329042634,0.046580852775543004,0.023652453740949354,0.02461786001609012,0.0027353177795655715,8.045052292839915e-05,0.0011263073209975883
169,169,0.9308125502815768,0.930494415225858,0.9170438380964696,0.9697724039829303,2.548091319956434,-0.34573211493218825,-0.9352336931745671,3.6111821592325413,1.741147500711335,0.0660498793242156,0.04102976669348348,0.05470635559131132,0.03845534995977473,0.036363636363636376,0.027192276749798915,0.03692679002413517,0.02389380530973455,0.029927594529364488,-0.0007240547063555924,-0.0006436041834271932,-0.0005631536604987942
170,170,0.9275945293644409,0.9271614658094367,0.9121298331824648,0.9754123414410496,2.1251383267169714,-0.6335673332591435,-0.7556116656709139,3.985027864536737,2.0113601038711146,0.042880128720836644,0.03491552695092519,0.05253419147224454,0.03459372485921158,0.031214802896218863,0.03218020917135964,0.03724859211584873,0.03153660498793245,0.04038616251005628,-8.045052292839915e-05,-0.001045856798069189,0.0004022526146419958
171,171,0.9292035398230089,0.9289777312601709,0.9168345386935262,0.9698210991713758,2.0171298235224797,0.2044812851158745,-1.0148260850805806,4.038659675056797,1.3369578189830906,0.05349959774738533,0.04320193081255025,0.05808527755430408,0.050201126307320966,0.04963797264682217,0.03306516492357201,0.029042638777152095,0.03604183427192278,0.031295253419147254,0.0037007240547063613,0.0006436041834271932,0.0013676588897827858
172,172,0.9308125502815768,0.9302654731134513,0.9159124473483085,0.9750058900937244,1.9728784838254259,-0.26551855040843136,-0.9078991654694784,3.6198550507238103,2.2022216398529983,0.05969428801287206,0.05888978278358807,0.06315366049879323,0.03845534995977473,0.03869670152855992,0.03218020917135964,0.03523732904263881,0.024376508447304945,0.021399839098954175,0.002011263073209979,0.0001609010458567983,0.0029766693483507687
173,173,0.9316170555108608,0.931638166221504,0.9229701636752262,0.9756946681111468,2.657181879923279,-0.3608265070053991,-1.054853089892132,3.5682466377644877,1.8038605192571897,0.05382139983909893,0.03435237329042641,0.07023330651649236,0.043684633950120656,0.032582461786001646,0.022526146419951765,0.038294448913917936,0.024537409493161744,0.031053901850362064,0.0015285599356395841,-0.002413515687851975,-0.0011263073209975883
174,174,0.9267900241351569,0.9266701487222557,0.9148514120288314,0.9693755169561622,2.713102438281203,-0.6604645010963612,-1.2858806453192164,3.7234694850043484,2.303027895489318,0.066130329847144,0.048028962188254185,0.06741753821399839,0.041673370876910656,0.0467417538213998,0.03378921962992759,0.041834271922767466,0.03209975864843123,0.027111826226870517,0.0027353177795655715,0.00386162510056316,0.0011263073209975883
175,175,0.9428801287208367,0.9426707429413949,0.9312743707904998,0.9829315845444877,2.4606130238288415,-0.6341282460196982,-1.2602936200416188,3.7453211748551865,2.296846832213717,0.06540627514078842,0.046580852775543094,0.06307320997586482,0.0509251810136766,0.03901850362027359,0.0379726468222044,0.03282381335478686,0.021399839098954175,0.032099758648431266,-0.0016894609814963823,-0.0016894609814963823,-0.0039420756234915585
176,176,0.9243765084473049,0.9241295756029406,0.910870985398238,0.9707170224411604,1.2218128035789602,-0.23216660478870574,-0.6146484570896009,4.113450265992433,2.200457701777086,0.05752212389380529,0.03740949316170551,0.06170555108608204,0.0371681415929203,0.033628318584070796,0.03290426387771519,0.036685438455349925,0.03105390185036202,0.028238133547868072,-0.00386162510056316,-0.0012067578439259874,-0.00193081255028158
177,177,0.9340305711987128,0.9338691024415263,0.9235434494465631,0.9721479397265371,2.7255534426971963,-0.591741022699561,-0.5903858729566819,3.322515627406544,1.9611496092765757,0.06202735317779564,0.043201930812550284,0.05832662912308928,0.04513274336283184,0.037248592115848765,0.03507642799678203,0.036283185840707985,0.017538213998391016,0.01729686242960582,0.002413515687851975,0.0006436041834271932,-0.0001609010458567983
178,178,0.9356395816572808,0.9354172212808003,0.9254027865374692,0.9747548879078035,2.111078372322379,-0.3659695846464624,-1.1745267789433407,4.06192768614812,1.9172776404674063,0.0659694288012872,0.06387771520514882,0.0658889782783588,0.03958165728077238,0.0438455349959775,0.019147224456959,0.044730490748189855,0.030008045052292886,0.0286403861625101,8.045052292839915e-05,0.0008045052292839916,0.003539823008849563
179,179,0.9275945293644409,0.9273873494370759,0.9170489077461155,0.9753884524969899,2.3451993769775408,-0.5299637366089003,-0.8929355581336855,4.067282199604649,1.6850148934855802,0.06057924376508446,0.06484312148028962,0.05382139983909893,0.04344328238133545,0.04094931617055507,0.03113435237329045,0.042638777152051444,0.03218020917135963,0.0479485116653258,-0.002091713596138378,0.0012067578439259874,0.002011263073209979
180,180,0.9267900241351569,0.9268963905259338,0.9194736842105262,0.9695461794983325,2.115851737076529,-0.23552193957393622,-1.0977734759516242,3.964527871098363,1.865404812161527,0.06693483507642799,0.04867256637168138,0.06138374899436845,0.0396621078037007,0.04432823813354784,0.029927594529364453,0.04593724859211581,0.03467417538213998,0.0394207562349155,-0.0016090104585679832,-0.0005631536604987942,-0.0014481094127111848
181,181,0.9364440868865648,0.9363506096452836,0.9276126821205448,0.9801105004305587,2.143409371663959,-0.4245901717008061,-0.6354078518479532,4.072187765382664,1.4847622512741443,0.05937248592115847,0.044810941271118274,0.05100563153660498,0.04577634754625903,0.04006436041834275,0.027111826226870517,0.032180209171359664,0.017377312952534217,0.023732904263877752,-0.002574416733708773,-0.0001609010458567983,0.0001609010458567983
182,182,0.9356395816572808,0.9357155413216723,0.9289339363780114,0.976714375406939,2.263261292893314,-0.4220199531919394,-1.0319491571738992,3.897017008686336,2.004943588186932,0.07103781174577635,0.05776347546259049,0.07940466613032986,0.04955752212389377,0.04086886564762674,0.032421560740144864,0.043604183427192286,0.025341914722445735,0.024135156878519748,0.0037811745776347603,-0.000482703137570395,0.0005631536604987942
183,183,0.9428801287208367,0.9423010287736178,0.9242838248113746,0.9797907836594824,2.3967734508554206,-0.7368782493130654,-0.7138741072741377,3.8740888988437163,1.8943165276807017,0.05486725663716814,0.033869670152856045,0.04376508447304913,0.04352373290426394,0.026226870474658125,0.027674979887369312,0.03161705551086087,0.024296057924376547,0.02574416733708773,0.0001609010458567983,-0.0033789219629927645,0.0002413515687851975
184,184,0.9275945293644409,0.9273594828253688,0.914651493598862,0.970577689477211,2.357842460397358,-0.1186157812250509,-0.9460959650137687,3.9382808962998896,1.4342911524005901,0.07256637168141593,0.03765084473049072,0.06492357200321801,0.045132743362831816,0.04352373290426385,0.03781174577634753,0.039340305711987114,0.029525341914722492,0.023330651649235756,0.0016090104585679832,0.0017699115044247816,0.003539823008849563
185,185,0.9275945293644409,0.9270559628786261,0.9107238495447616,0.9732536445550906,2.315282372625446,-0.08200079786513784,-0.5355407682681266,3.7219856723475258,1.2102204420174127,0.04247787610619465,0.04867256637168138,0.051971037811745745,0.0464199517296862,0.02590506838294453,0.018342719227675008,0.027353177795655714,0.03201930812550284,0.03113435237329044,-0.0008849557522123908,-0.0012872083668543865,-0.0028962188254223697
186,186,0.9283990345937249,0.9278950461932348,0.9120975042027674,0.9699810728518863,2.141270921130588,-0.48729131408609416,-0.8557138096417223,3.6470492182077505,2.346570748704228,0.057683024939662084,0.04223652453740945,0.05156878519710375,0.03234111021721644,0.036202735317779566,0.032099758648431245,0.03563958165728078,0.030008045052292865,0.03193885760257444,-0.0012067578439259874,-0.0008045052292839916,-0.0012067578439259874
187,187,0.9324215607401448,0.9324215607401448,0.9244835965978129,0.9785193542787711,2.222930279614397,-0.13727262568517504,-1.2644242108598744,4.123296600610058,1.6310152167175183,0.050040225261464163,0.04279967819790825,0.053901850362027326,0.047385358004827,0.04320193081255026,0.03427192276749802,0.043765084473049054,0.02590506838294453,0.03789219629927597,0.0027353177795655715,-0.0011263073209975883,0.00096540627514079
188,188,0.9316170555108608,0.9314727878005079,0.9213397129186602,0.9740234884732493,2.7526556485700358,-0.29281927609009956,-1.2487930733373824,3.5074995469971166,1.9348716189908486,0.0762670957361223,0.04223652453740948,0.07401448109412712,0.0464199517296862,0.046419951729686215,0.03346741753821404,0.05261464199517294,0.03250201126307325,0.02389380530973455,-0.002413515687851975,0.0011263073209975883,-0.0003218020917135966
189,189,0.9283990345937249,0.9281367933594795,0.9175443553911495,0.9733896195825913,2.3741399843809115,-0.4609804408925694,-0.8633642715049299,3.8566634722850432,1.8422173781773001,0.060981496379726455,0.046983105390185,0.06902654867256637,0.047385358004826995,0.050040225261464163,0.04111021721641188,0.038938053097345125,0.023169750603378957,0.030249396621078062,-0.0012872083668543865,-0.0018503620273531806,0.000482703137570395
190,190,0.9283990345937249,0.9281130799495515,0.9127599927654186,0.9706667872430217,2.3188698665487024,-0.2081588695404693,-0.9922319048278394,3.402451056769244,2.222813992275064,0.07160096540627514,0.03982300884955749,0.06532582461786,0.03829444891391791,0.05044247787610616,0.03419147224456961,0.0403057119871279,0.02300884955752216,0.017377312952534217,-0.0002413515687851975,0.0005631536604987942,0.0013676588897827858
191,191,0.9227674979887369,0.9224683965763041,0.9088054739582416,0.968898231048413,1.9379227538911796,-0.2212209403845603,-0.7476103340973008,3.770861180535071,1.9743444273855761,0.07345132743362832,0.06983105390185036,0.057683024939662084,0.05470635559131132,0.034674175382139946,0.03909895414320188,0.0464199517296862,0.024376508447304924,0.02300884955752216,0.0003218020917135966,0.0007240547063555924,-0.0002413515687851975
192,192,0.9348350764279968,0.9347338881396671,0.9249515147266716,0.9753513721916511,2.635823619091157,-0.28719775137276715,-0.7572082479262969,3.7794638071937063,1.3426741954679113,0.06894609814963797,0.047868061142397424,0.06307320997586482,0.04955752212389377,0.02325020112630736,0.03161705551086087,0.032904263877715244,0.02381335478680615,0.027192276749798915,0.0016090104585679832,0.0,0.0002413515687851975
193,193,0.9404666130329847,0.9400732665565994,0.9263557369263513,0.9774937995813618,2.257073436240806,-0.18426350442585016,-0.9780491410150097,3.8528078493049156,1.5917407460476096,0.05366049879324214,0.060418342719227656,0.06814159292035397,0.044247787610619524,0.0288012872083669,0.03451327433628324,0.036041834271922826,0.025181013676588936,0.024537409493161744,-0.001045856798069189,-0.0013676588897827858,-0.0011263073209975883
194,194,0.9388576025744167,0.9386126698602876,0.9286092279527447,0.9823993821333562,2.0954410362349916,-0.5602872529064508,-0.8623934488631876,3.6936507018345197,2.2498038845384953,0.05800482703137568,0.04730490748189864,0.04738535800482705,0.036041834271922826,0.04352373290426392,0.03636363636363641,0.03620273531777962,0.019147224456959,0.01826226870474661,0.0005631536604987942,0.0018503620273531806,0.0033789219629927645
195,195,0.9372485921158488,0.9372106530438746,0.928860369012281,0.977608986671323,1.6519743391526038,-0.0023498178242415914,-0.8247289587496484,4.147447078267484,1.6411521154430828,0.05446500402252613,0.05929203539823008,0.05374094931617054,0.04086886564762674,0.027111826226870517,0.03073209975864848,0.05084473049074817,0.02679002413515692,0.020756234915526982,-0.0015285599356395841,-0.0023330651649235757,-0.0004022526146419958
196,196,0.9300080450522928,0.9296558983224813,0.9175473075088638,0.9701731400233304,2.4027096691579626,-0.012199749994750382,-1.0119116404444748,3.3288218423450653,1.9071171718588182,0.07272727272727272,0.04328238133547865,0.06379726468222043,0.04891391794046658,0.04456958970233303,0.03757039420756235,0.05382139983909893,0.026548672566371723,0.027433628318584112,0.0031375703942075673,0.0006436041834271932,-0.0016090104585679832
197,197,0.9324215607401448,0.932460955103134,0.9249817526704822,0.9762668860208077,2.5767086352379587,-0.0278224394452557,-0.7622617554226722,3.2194498521518597,1.651502176775032,0.06701528559935639,0.053016894609814944,0.08085277554304104,0.04400643604183424,0.038616251005631555,0.034593724859211604,0.03716814159292041,0.02123893805309738,0.03821399839098958,-0.0016090104585679832,-0.0008849557522123908,0.0029766693483507687
198,198,0.9259855189058729,0.9254549877041877,0.9113840949486842,0.9758041396708905,2.039008794214986,-0.3058317823100394,-0.6173817752619293,3.9021120700024277,1.6121445801241905,0.04947707160096537,0.030651649235720047,0.058165728077232484,0.04979887369267897,0.03338696701528561,0.029364440868865672,0.029525341914722447,0.016894609814963824,0.0192276749798874,-0.0012872083668543865,-0.0004022526146419958,0.0004022526146419958
199,199,0.9428801287208367,0.9425845590276378,0.9295276104954329,0.98054971552103,2.1236706711726336,-0.14031979081553492,-0.775406611179845,4.150263558761654,1.2015551533736208,0.050281576830249405,0.037811745776347605,0.06049879324215607,0.048028962188254275,0.0449718423169751,0.02590506838294453,0.04818986323411104,0.03306516492357205,0.04658085277554308,0.0005631536604987942,0.0016090104585679832,0.003539823008849563
200,200,0.9308125502815768,0.9304162718482911,0.9145262685226763,0.9713935039664721,2.417673904023174,-0.495561401751925,-0.8258831384328308,3.565798034092922,2.1009201772628647,0.05189058728881735,0.036765888978278385,0.0662107803700724,0.03789219629927596,0.03821399839098953,0.032019308125502854,0.044569589702333025,0.019147224456959,0.023732904263877752,0.0018503620273531806,0.0008849557522123908,0.000482703137570395
201,201,0.9251810136765889,0.9252060917510916,0.9141742096287551,0.9732836034488926,2.86273832046098,-0.7568079078381142,-0.9512835540731669,3.8766894306997397,1.776876810108606,0.04593724859211581,0.04770716009654059,0.06146419951729685,0.03773129525341912,0.04376508447304903,0.030812550281576846,0.03475462590506835,0.028720836685438466,0.04199517296862425,0.0005631536604987942,-8.045052292839915e-05,-0.0012872083668543865
202,202,0.9308125502815768,0.9299394015250902,0.9129747734843059,0.9796476927799189,2.0801487959172356,-0.3397500234743518,-0.7562317718932966,3.962169018712957,1.6720770645197285,0.0565567176186645,0.040144810941271106,0.06057924376508446,0.04135156878519709,0.03869670152855993,0.023491552695092555,0.0355591311343524,0.020836685438455384,0.022204344328238167,-0.0026548672566371724,-0.0029766693483507687,-0.0007240547063555924
203,203,0.917135961383749,0.9170256861705102,0.9078180806423222,0.9737864187926932,2.208861561217827,0.016824297796910217,-0.973808101459471,3.8940443514516834,1.502005399316092,0.04183427192276745,0.032662912308929946,0.05446500402252612,0.03386967015285595,0.02437650844730489,0.028640386162510002,0.03129525341914717,0.034674175382139925,0.02333065164923571,-0.003620273531777962,-0.005068382944489147,-0.0012872083668543865
204,204,0.9292035398230089,0.9292035398230089,0.9202252107704425,0.9697482423641297,2.625456666230895,-0.5733493051509815,-1.0540182638005657,4.002862576292431,1.7724240072003818,0.05245374094931614,0.04288012872083665,0.06806114239742558,0.04352373290426385,0.038938053097345125,0.020756234915526982,0.04215607401448107,0.022606596942880162,0.02493966210780374,-0.0012067578439259874,-0.0028157683024939706,-0.00482703137570395
205,205,0.9364440868865648,0.9363448079371198,0.9266695325659742,0.9750842223469961,1.581708765083182,-0.3895566592120157,-0.9140510578414406,4.406635077934192,1.9534594658422855,0.04537409493161707,0.03861625100563156,0.06749798873692678,0.046661303298471436,0.044006436041834275,0.022204344328238167,0.03378921962992765,0.03153660498793247,0.04086886564762675,0.0023330651649235757,-0.0007240547063555924,-0.0001609010458567983
206,206,0.9203539823008849,0.9202332355355486,0.909084038694075,0.9735460654822807,1.9002730082186512,-0.2464505620097083,-0.6751397015577388,3.8818921061816445,1.8598317219616751,0.06532582461786,0.04223652453740945,0.0569589702333065,0.03346741753821394,0.05189058728881735,0.019710378117457784,0.044328238133547825,0.012067578439259874,0.020675784392598585,-0.0004022526146419958,-0.0022526146419951766,-0.0016090104585679832
207,207,0.9396621078037007,0.939516404433814,0.928054096011464,0.975967279675185,2.9879476738829975,-0.06692753561322365,-0.8839593429301669,3.356801535336111,1.1942214123436308,0.0659694288012872,0.04368463395012071,0.06468222043443282,0.04907481898632341,0.04086886564762674,0.025502815768302534,0.03572003218020923,0.02606596942880133,0.026548672566371723,-0.0007240547063555924,-0.0033789219629927645,-0.0008045052292839916
208,208,0.919549477071601,0.9190821311146745,0.9037289848468917,0.9708241328145994,2.8793398711580918,-0.4588153487411266,-0.7389862138688513,3.2598136508940603,1.7862083523516428,0.07956556717618665,0.02550281576830249,0.08592115848753018,0.046983105390185,0.058165728077232484,0.027755430410297655,0.039742558326629075,0.021480289621882576,0.02461786001609013,0.0006436041834271932,-0.0018503620273531806,0.000482703137570395
209,209,0.9292035398230089,0.9291615069811773,0.9201116427432217,0.9771030882992607,2.3820894003392334,-0.4065482382958907,-1.0246249190731958,3.878626936024687,1.8249486135723372,0.0563153660498793,0.03443282381335483,0.05390185036202734,0.035076427996782,0.029847144006436087,0.023732904263877752,0.034432823813354815,0.022526146419951765,0.03628318584070798,-0.0027353177795655715,-0.00193081255028158,-0.002574416733708773
210,210,0.9364440868865648,0.9364674230385545,0.9255092394950296,0.9734951515521132,1.7582966644210682,-0.4499071282791293,-1.0863159791203847,4.467361229962369,1.918735988812612,0.059050683829444874,0.05341914722445693,0.05470635559131132,0.043925985518905884,0.04730490748189862,0.04263877715205151,0.05301689460981494,0.04239742558326633,0.045454545454545435,0.0015285599356395841,-8.045052292839915e-05,0.0026548672566371724
211,211,0.9300080450522928,0.9298927689625275,0.9184103264888399,0.971489165350418,2.8069435479413483,-0.39191613819038096,-1.0956153406415432,3.4525727466738503,2.0623097943036846,0.06283185840707964,0.04279967819790827,0.06765888978278359,0.04288012872083665,0.06065969428801286,0.030249396621078083,0.04835076427996778,0.0287208366854385,0.02325020112630736,-0.0001609010458567983,-0.0006436041834271932,0.0015285599356395841
212,212,0.9428801287208367,0.9427855041087422,0.9330222543403961,0.9791850539920981,2.5477086590508016,-0.17157609570295623,-1.3753755412665811,4.04531843278095,1.4957069426579623,0.05623491552695091,0.047224456958970276,0.06267095736122284,0.04135156878519717,0.02493966210780374,0.031053901850362074,0.04851166532582465,0.0382139983909896,0.04030571198712798,0.0017699115044247816,0.002574416733708773,0.0008849557522123908
213,213,0.9348350764279968,0.9341718913843584,0.9162855961243058,0.9763943046201111,2.6794351774242564,-0.4202427751669409,-1.318852279461772,3.8923119739612497,1.7690463204945504,0.05036202735317776,0.03765084473049078,0.053901850362027326,0.04947707160096537,0.03813354786806119,0.032904263877715244,0.03757039420756238,0.0287208366854385,0.025502815768302534,8.045052292839915e-05,0.0004022526146419958,0.0008849557522123908
214,214,0.9324215607401448,0.9326031610566344,0.9279413451063585,0.9758242073275616,2.0880127853855734,-0.47668639507740196,-1.1772688500855133,3.96161927705172,2.2842444031291986,0.08181818181818183,0.042638777152051485,0.07779565567176187,0.049074818986323376,0.05060337892196296,0.034754625905068406,0.055671761866452105,0.027353177795655714,0.0286403861625101,-0.0006436041834271932,0.0037811745776347603,0.0029766693483507687
215,215,0.9324215607401448,0.9323285773843681,0.9206053105175991,0.9703951498627826,2.228040863568231,-0.4583368320362792,-1.1046132746032356,4.124201712984644,1.9355304594490055,0.06065969428801286,0.046661303298471415,0.05092518101367657,0.041995172968624296,0.03692679002413518,0.036926790024135195,0.03781174577634756,0.02775543041029771,0.02960579243765089,0.0005631536604987942,0.0004022526146419958,0.0008849557522123908
216,216,0.9356395816572808,0.9350606640103302,0.9183153565654539,0.9757048112439372,2.062637768970337,-0.1648754462616579,-0.6691466394534628,4.2647457450659845,1.1313870913955422,0.05100563153660496,0.0363636363636364,0.06403861625100563,0.0559935639581657,0.02670957361222852,0.023411102172164154,0.027433628318584112,0.040466613032984745,0.05494770716009652,0.0004022526146419958,-0.0008849557522123908,0.0012067578439259874
217,217,0.9275945293644409,0.9271071693961034,0.9130744392550308,0.9761373464798477,1.8875238906898535,-0.21792656222931112,-0.7593735735327601,3.808728870234848,1.907736739778124,0.048028962188254185,0.03282381335478683,0.0562349155269509,0.042638777152051444,0.021399839098954175,0.028881737731295286,0.03362831858407082,0.017538213998391016,0.019549477071600995,-0.0032180209171359664,-0.004022526146419958,-0.002413515687851975
218,218,0.9235720032180209,0.9231765226426141,0.907381011771134,0.9687340388886909,2.7481747846294606,-0.43499294162024543,-1.0160723445406399,3.49276978454314,1.9228170075093556,0.06226870474658084,0.038777152051488295,0.0562349155269509,0.053982300884955724,0.03869670152855988,0.035639581657280726,0.03386967015285598,0.017940466613033012,0.01432019308125505,-0.0006436041834271932,0.0016894609814963823,-0.0003218020917135966
219,219,0.9340305711987128,0.9338406383771355,0.9240770078523213,0.9790059466409515,2.4919210932125058,-0.451776829545311,-1.1373973160072401,3.414086602366583,2.2798271134065895,0.07055510860820595,0.03451327433628322,0.06757843925985518,0.04440868865647626,0.04601769911504423,0.03161705551086087,0.04851166532582459,0.02944489139179409,0.037248592115848786,-0.00096540627514079,0.0002413515687851975,0.004505229283990353
220,220,0.9340305711987128,0.9337519699756146,0.9197428446724424,0.9780990475507165,1.3607064658373518,-0.2515628607935614,-0.6583391724008935,3.930382120448229,2.274942825583915,0.07530168946098151,0.039179404666130346,0.05832662912308928,0.03893805309734516,0.048109412711182596,0.03234111021721644,0.043201930812550284,0.013757039420756257,0.018825422365245405,0.00096540627514079,-0.0028157683024939706,0.002493966210780374
221,221,0.9380530973451328,0.9381153880463168,0.9295796513016479,0.9811738715070455,1.6546223400322446,-0.4194100672522489,-0.6033266488987641,4.110411681967111,1.8729899078789314,0.066130329847144,0.04609814963797265,0.05084473049074817,0.046661303298471436,0.03234111021721645,0.03451327433628324,0.03467417538214003,0.03563958165728083,0.031295253419147274,0.0012872083668543865,0.000482703137570395,-0.002091713596138378
222,222,0.9292035398230089,0.9294627573643516,0.9198799357039437,0.9694839137156739,2.465595601547133,-0.8315354510677313,-1.0334736190580645,4.1527390135627265,2.051089968163673,0.057039420756234895,0.03974255832662911,0.0650844730490748,0.041512469831053854,0.050281576830249364,0.03113435237329045,0.029203539823008894,0.0286403861625101,0.018744971842317004,0.0028962188254223697,0.002172164119066777,0.0014481094127111848
223,223,0.9243765084473049,0.9239845982837578,0.9116357880058976,0.9735178814305144,2.6642629855640227,-0.4867122021997321,-0.8966806221489342,3.7724159489196,1.6769559230582802,0.051086082059533355,0.03395012067578438,0.06017699115044246,0.03740949316170551,0.030651649235720037,0.02944489139179406,0.02590506838294453,0.026387771520514913,0.020595333869670183,0.0001609010458567983,-0.0030571198712791682,0.0005631536604987942
224,224,0.9324215607401448,0.9320013944911584,0.9200132442049498,0.9774024305673976,2.181170704592104,0.013391481510685258,-0.7701556853910946,3.5447966996116955,1.6307378348590822,0.0482703137570394,0.04183427192276749,0.05269509251810134,0.038213998390989545,0.03322606596942884,0.028962188254223697,0.045293644408688646,0.018342719227675008,0.03893805309734516,0.0018503620273531806,-0.0003218020917135966,-0.001045856798069189
225,225,0.9283990345937249,0.9283728919021053,0.9155477923515212,0.9733659266286007,3.119901995129074,-0.8933564698716987,-0.9898125714089371,3.793125989912888,1.7321650952827174,0.05012067578439257,0.031777956556717626,0.06387771520514882,0.037248592115848744,0.025502815768302534,0.021882542236524572,0.030168946098149664,0.027996781979082907,0.03958165728077229,0.0001609010458567983,0.0012872083668543865,0.001045856798069189
226,226,0.9340305711987128,0.9339522372662082,0.9250223022916328,0.9767303102625298,2.4166515833300855,-0.5955192057494672,-0.7357815939271186,3.702911131905624,1.9098686273182188,0.08037007240547064,0.037248592115848786,0.0655671761866452,0.045454545454545435,0.04046661303298473,0.02493966210780374,0.04481094127111825,0.033226065969428856,0.03161705551086087,-0.0013676588897827858,-0.0012067578439259874,0.0017699115044247816
227,227,0.9308125502815768,0.9306472398346749,0.9203538158884452,0.9785714285714286,2.2936483170448083,-0.3892177021915361,-0.8938075184164429,4.234869367614197,1.4335614029814723,0.051327433628318556,0.04955752212389377,0.05438455349959772,0.04770716009654059,0.025181013676588936,0.026226870474658125,0.040466613032984725,0.028479485116653304,0.0287208366854385,0.0030571198712791682,0.0008045052292839916,0.004666130329847151
228,228,0.9420756234915527,0.9421106441733749,0.9353379620175617,0.976851716794539,1.7017614117213717,-0.7927280437229195,-0.8559726941950948,4.54078692191646,2.044108316455455,0.0758648431214803,0.05358004827031375,0.05261464199517298,0.054786806114239736,0.03395012067578444,0.024698310539018543,0.0509251810136766,0.03250201126307326,0.041673370876910754,0.0018503620273531806,0.0027353177795655715,0.0015285599356395841
229,229,0.9324215607401448,0.9321552151121011,0.9193813231633032,0.9738098180812307,2.1843175743504184,-0.12805647921673524,-0.5959970695786103,3.721395605310072,1.44384414788547,0.054223652453740924,0.04851166532582459,0.0658889782783588,0.04794851166532579,0.03684633950120678,0.02582461786001613,0.04513274336283184,0.026226870474658125,0.031053901850362074,-0.0001609010458567983,-0.0008849557522123908,0.0018503620273531806
230,230,0.9275945293644409,0.9273581043006879,0.914528782715657,0.9717352025472159,2.595730085792762,-0.0858694657144524,-0.8368455911908536,3.675319328745904,1.3754521095906176,0.05261464199517294,0.04159292035398228,0.052855993563958134,0.040064360418342694,0.0390185036202735,0.029203539823008884,0.041592920353982266,0.019790828640386192,0.025341914722445725,0.0012067578439259874,-0.0012067578439259874,0.0013676588897827858
231,231,0.9324215607401448,0.931934221899315,0.9183857969417275,0.977823506451761,2.493698696936992,0.008838449072232614,-0.8196023366527624,3.360755782697006,1.5515227029087189,0.06234915526950924,0.03459372485921162,0.07119871279163315,0.04135156878519709,0.04416733708769105,0.03153660498793245,0.029123089300080496,0.021641190667739375,0.02300884955752216,0.0011263073209975883,0.0007240547063555924,-0.0016090104585679832
232,232,0.9283990345937249,0.9285473695583445,0.9215325489647617,0.974068052423326,2.524719806054191,-0.2815148278331694,-1.0781020128668486,3.8761204372429785,1.642977421135843,0.06524537409493161,0.04352373290426385,0.06339501206757843,0.0467417538213998,0.04078841512469829,0.0337087691069992,0.03475462590506839,0.021399839098954175,0.024376508447304945,0.0012067578439259874,0.0005631536604987942,0.0037007240547063613
233,233,0.9420756234915527,0.9419680106408673,0.932904985559672,0.9784386942442895,2.014888392104136,-0.3204904714823536,-0.5437212598883886,3.7207617115644176,1.9456162727534532,0.04818986323411105,0.06194690265486724,0.065728077232502,0.04022526146419958,0.0565567176186645,0.04102976669348356,0.03652453740949322,0.03901850362027359,0.03338696701528565,0.0002413515687851975,0.0002413515687851975,0.0007240547063555924
234,234,0.9219629927594529,0.9221217241426123,0.9145661678889334,0.9675358986418613,2.8417639643548642,-0.4126862820043742,-0.8921797343064725,3.792426771891154,1.4697781989805758,0.05575221238938051,0.05921158487530167,0.045454545454545414,0.0372485921158487,0.029766693483507623,0.02984714400643602,0.03242156074014478,0.02373290426387774,0.02308930008045056,-0.0027353177795655715,-0.0022526146419951766,-0.002091713596138378
235,235,0.9348350764279968,0.9345719868783399,0.922953388056925,0.9754005441354292,2.2062895022113156,0.14348118452360467,-0.8074818713810074,3.416373416350439,1.6334339403060356,0.07127916331456155,0.053097345132743355,0.07345132743362832,0.0423169750603379,0.04271922767497989,0.03089300080450528,0.040225261464199545,0.029364440868865693,0.027996781979082907,0.001045856798069189,0.0003218020917135966,0.0007240547063555924
236,236,0.9316170555108608,0.9312063000300449,0.9175483675937122,0.9710056041298485,2.292515135405769,-0.12050001293923238,-0.783647998853041,3.935459319645297,1.348221581355836,0.06516492357200321,0.051971037811745745,0.0476267095736122,0.04794851166532579,0.03604183427192279,0.03660498793242158,0.03475462590506843,0.0288012872083669,0.02662912308930012,-0.0003218020917135966,-0.0006436041834271932,0.0
237,237,0.9308125502815768,0.9309045094562197,0.9216679784861603,0.9724130323303876,2.6783385606633505,-0.6410218678034613,-1.0361444725881501,3.935871078447789,1.70139120099024,0.06403861625100563,0.0404666130329847,0.07152051488334674,0.048511665325824585,0.04448913917940463,0.02590506838294453,0.034754625905068406,0.03483507642799679,0.04923572003218017,-0.002172164119066777,-0.001045856798069189,-0.0013676588897827858
238,238,0.9348350764279968,0.9347386467961012,0.9257232540646878,0.9760487183937974,2.8722065450507688,-0.0626506894142518,-1.0073027676023807,3.495221646930318,1.3532094956084713,0.07095736122284795,0.03491552695092522,0.06476267095736121,0.05068382944489136,0.0476267095736122,0.03258246178600166,0.04119066773934034,0.03290426387771526,0.03829444891391799,0.0005631536604987942,0.00096540627514079,0.0028962188254223697
239,239,0.9283990345937249,0.9284633830787825,0.9203233626451752,0.9722411612850591,2.2809378323256597,-0.4069750292082727,-0.9949991136504591,3.8223095519737416,2.057167997777893,0.05929203539823007,0.03169750603378925,0.06138374899436845,0.03885760257441671,0.0466613032984714,0.030651649235720047,0.04408688656476265,0.021721641190667773,0.024456958970233346,-8.045052292839915e-05,-0.002011263073209979,0.0004022526146419958
240,240,0.9452936444086887,0.9451312447925208,0.9361300806437647,0.9851816360813018,2.135237123529267,-0.47082371549304264,-0.9921627647518977,4.098770400276476,1.8536075926586197,0.05736122284794851,0.044086886564762715,0.04987932421560746,0.050603378921963024,0.03073209975864848,0.02662912308930012,0.029364440868865693,0.02325020112630736,0.03161705551086087,-0.0033789219629927645,-0.00096540627514079,-0.0008045052292839916
241,241,0.9308125502815768,0.9307038255187308,0.9228206724782068,0.9761604211479679,1.8002661960635808,-0.29696109904132145,-0.7928707661802695,4.188660307240864,1.8073290951997345,0.05711987127916329,0.04561544650040221,0.050844730490748155,0.04561544650040224,0.030973451327433676,0.02759452936444091,0.041673370876910684,0.03073209975864848,0.03395012067578442,0.0004022526146419958,-0.00096540627514079,-0.0015285599356395841
242,242,0.9396621078037007,0.9394501126966798,0.9248629256075273,0.9702497800040615,2.2836889251850923,-0.8414097890246248,-0.867021318509441,4.027794788814154,2.179328194685596,0.06757843925985518,0.04658085277554306,0.06500402252614641,0.05012067578439259,0.037570394207562405,0.030008045052292886,0.031938857602574464,0.02695092518101372,0.02180209171359617,0.0037811745776347603,0.00386162510056316,0.0008849557522123908
243,243,0.9243765084473049,0.9238699383582085,0.9110356531692336,0.9743480773807499,3.3878009488598044,-0.4473037978072322,-0.8044135655310564,3.3000378565145403,1.3408509048638797,0.0562349155269509,0.036926790024135125,0.06934835076427996,0.03909895414320189,0.032502011263073206,0.02606596942880133,0.030732099758648414,0.014078841512469853,0.01528559935639584,-0.0022526146419951766,-0.0028157683024939706,-0.0011263073209975883
244,244,0.9235720032180209,0.9230332864841196,0.9109078590785908,0.9762592667248986,1.7406385049433573,-0.24231401810349876,-0.8017793924038725,3.9437524985057415,1.9933089591468303,0.0464199517296862,0.041351568785197065,0.06210780370072404,0.042880128720836644,0.03113435237329043,0.03330651649235718,0.032502011263073186,0.016653258246178627,0.01641190667739343,0.0004022526146419958,0.0004022526146419958,-0.0015285599356395841
245,245,0.9227674979887369,0.9223746152624117,0.9102279653437992,0.9667507818151784,2.1188036753369954,-0.18505553792140003,-1.0198561149206526,3.854826912603202,1.9265907817573544,0.05824617860016088,0.035800482703137536,0.057602574416733686,0.036765888978278316,0.05736122284794849,0.025100563153660504,0.04360418342719223,0.03274336283185837,0.024456958970233332,-0.0003218020917135966,-8.045052292839915e-05,-0.002493966210780374
246,246,0.9235720032180209,0.923506598880149,0.9142355817632677,0.9676053502085431,2.136314905344606,-0.2002475783133002,-0.7464769684935769,4.001710071845883,1.608520728918227,0.0565567176186645,0.048270313757039385,0.05687851971037809,0.05172968624296055,0.03201930812550281,0.03443282381335474,0.03451327433628315,0.027111826226870507,0.0307320997586484,-0.0005631536604987942,-0.0012872083668543865,-0.002011263073209979
247,247,0.9203539823008849,0.920048129156019,0.909968834231806,0.965810309973046,2.799647535416143,-0.6988347487929255,-1.295596386535468,3.791002860443089,2.224880964334594,0.057924376508447284,0.060418342719227656,0.05068382944489136,0.03925985518905868,0.02719227674979886,0.03628318584070791,0.036765888978278316,0.0255028157683025,0.0243765084473049,-0.001045856798069189,0.0005631536604987942,-0.0003218020917135966
248,248,0.9324215607401448,0.9325478594714136,0.9250887229196462,0.9743130227001194,2.4310280180734476,0.04404147115227291,-0.7972156382320551,3.754332434092534,1.2511190490502089,0.04979887369267897,0.044569589702333046,0.0659694288012872,0.055913113435237305,0.03934030571198712,0.02679002413515692,0.042075623491552694,0.01617055510860823,0.020756234915526982,-0.0029766693483507687,-0.0003218020917135966,-0.0018503620273531806
249,249,0.9308125502815768,0.930730395181633,0.9214220752137544,0.9738483907593206,2.00658210470289,-0.19460731512292792,-0.9166671657767634,3.860227903405412,1.9446339356195013,0.06291230893000803,0.05044247787610616,0.059050683829444874,0.04239742558326624,0.04553499597747381,0.03588093322606599,0.03877715205148833,0.024698310539018543,0.0286403861625101,0.0029766693483507687,0.0015285599356395841,-0.0032984714400643655
