,random_seed,accuracy,f1_weighted,balanced_acc,auc,model_weights.random_forest,model_weights.bagging_svc,model_weights.bagging_knn,model_weights.gradient_boosting,model_weights.mlp,feature_importance.B_CO2_vd_scaled,feature_importance.B_top_temperature_scaled,feature_importance.B_top_humidity_scaled,feature_importance.B_top_CO2_scaled,feature_importance.B_low_humidity_scaled,feature_importance.B_low_CO2_scaled,feature_importance.B_top_temperature_fd3_scaled,feature_importance.B_low_temperature_scaled,feature_importance.B_top_CO2_fd3_scaled,feature_importance.B_top_temperature_fd1_scaled,feature_importance.B_low_humidity_fd1_scaled,feature_importance.B_low_CO2_fd3_scaled,feature_importance.B_top_humidity_fd3_scaled,feature_importance.B_low_temperature_fd3_scaled,feature_importance.B_low_CO2_fd2_scaled,feature_importance.B_CO2_vd_fd1_scaled,feature_importance.B_top_humidity_fd1_scaled,feature_importance.B_top_humidity_fd2_scaled,feature_importance.B_CO2_vd_fd3_scaled,feature_importance.B_low_humidity_fd2_scaled,feature_importance.B_top_CO2_fd1_scaled,feature_importance.B_CO2_vd_fd2_scaled,feature_importance.B_low_CO2_fd1_scaled,feature_importance.B_low_temperature_fd1_scaled,feature_importance.B_low_humidity_fd3_scaled,feature_importance.B_top_CO2_fd2_scaled,feature_importance.B_low_temperature_fd2_scaled,feature_importance.B_top_temperature_fd2_scaled
0,0,0.9823008849557522,0.9823301548965265,0.9820423971819493,0.9974198516271024,3.8233152075580423,-1.5438200882626136,0.4417742676286954,5.3494864546981,1.5288682657557688,0.03346741753821394,0.020595333869670107,0.01850362027353176,0.011665325824617878,0.0096540627514079,0.00860820595333871,0.004263877715205156,0.0030571198712791682,0.0027353177795655715,0.002574416733708773,0.0018503620273531806,0.0017699115044247816,0.0016894609814963823,0.0013676588897827858,0.0008849557522123908,0.0007240547063555924,0.0004022526146419958,-8.045052292839915e-05,-0.0003218020917135966,-0.0003218020917135966,-0.0004022526146419958,-0.000482703137570395,-0.0007240547063555924,-0.00096540627514079,-0.0011263073209975883,-0.0016894609814963823,-0.00193081255028158,-0.0027353177795655715
1,1,0.9790828640386162,0.9791289863695335,0.9790205666618725,0.9966201639580038,3.503525895142212,-1.0970403418060226,0.3237585262463743,5.750297009024398,1.22172172437123,0.03169750603378916,0.019710378117457683,0.0190667739340305,0.011665325824617868,0.010217216411906694,0.007884151246983117,0.0037811745776347603,0.005631536604987941,0.002493966210780374,0.004022526146419958,0.00193081255028158,0.0014481094127111848,0.011182622687047472,0.003539823008849563,0.002011263073209979,-0.0001609010458567983,0.00096540627514079,-0.0002413515687851975,8.045052292839915e-05,0.000482703137570395,-0.0004022526146419958,0.0003218020917135966,-0.0006436041834271932,0.000482703137570395,0.0013676588897827858,-8.045052292839915e-05,0.0001609010458567983,0.0016090104585679832
2,2,0.9863234111021721,0.9863354067816387,0.9855661881977671,0.9988545744526606,2.737894147983236,-0.3770017645116632,0.2320889053714973,5.364354206099063,1.3961788676561078,0.03137570394207556,0.01842316975060341,0.0180209171359614,0.013676588897827857,0.011021721641190686,0.010941271118262286,0.004666130329847151,0.003539823008849563,0.0015285599356395841,0.002413515687851975,0.002172164119066777,0.0001609010458567983,0.009010458567980707,0.002574416733708773,-0.000482703137570395,0.0001609010458567983,-0.000482703137570395,0.0002413515687851975,-0.0008849557522123908,0.0012067578439259874,-0.0007240547063555924,-0.00096540627514079,-0.0006436041834271932,0.000482703137570395,0.0002413515687851975,-0.0013676588897827858,-0.0004022526146419958,-0.001045856798069189
3,3,0.9790828640386162,0.9790828640386162,0.9771792612175956,0.9975822077606612,3.7438453117164365,-0.992303070650069,-0.1624443509139289,5.516376056219269,1.4443357167768507,0.028157683024939595,0.014320193081254994,0.013837489943684611,0.012872083668543843,0.010217216411906682,0.0074014481094127225,0.006596942880128731,0.006275140788415135,0.004022526146419958,0.0029766693483507687,0.0037811745776347603,0.0003218020917135966,0.005872888173773139,0.004585679806918752,0.0011263073209975883,8.045052292839915e-05,-0.000482703137570395,0.0,0.0001609010458567983,0.0004022526146419958,-0.0003218020917135966,0.0,8.045052292839915e-05,8.045052292839915e-05,-0.0006436041834271932,0.0007240547063555924,-0.0008849557522123908,-0.0002413515687851975
4,4,0.9847144006436042,0.9847669305181207,0.986108649415101,0.9973945409429281,3.237669749030993,-0.20602343912888457,-0.03503700083889197,5.140313212846098,1.3913374960482168,0.02839903459372479,0.018342719227674987,0.012067578439259874,0.009975864843121495,0.009814963797264698,0.01061946902654869,0.004585679806918752,0.0037007240547063613,0.0030571198712791682,0.0011263073209975883,0.002011263073209979,0.0018503620273531806,0.0061142397425583365,0.0033789219629927645,0.002091713596138378,8.045052292839915e-05,0.0001609010458567983,-0.0003218020917135966,0.0001609010458567983,-0.0016894609814963823,8.045052292839915e-05,0.0006436041834271932,8.045052292839915e-05,-0.0005631536604987942,0.0011263073209975883,0.00096540627514079,0.0,0.0012067578439259874
5,5,0.9863234111021721,0.9862811917262062,0.9812631378363732,0.998761396049568,3.0209330974254622,-0.7114873403388646,0.10317594607867207,5.639435545589259,1.4473275681535451,0.02510056315366045,0.015768302493966234,0.01625100563153663,0.011102172164119083,0.013193885760257462,0.008286403861625113,0.009090909090909104,0.006757843925985529,0.0016894609814963823,0.002413515687851975,0.001045856798069189,0.0016894609814963823,0.0037811745776347603,0.004263877715205156,0.0016090104585679832,-0.0006436041834271932,0.0007240547063555924,0.001045856798069189,8.045052292839915e-05,8.045052292839915e-05,0.0006436041834271932,-0.0011263073209975883,0.0001609010458567983,-0.0002413515687851975,0.0015285599356395841,0.0012872083668543865,0.0023330651649235757,0.001045856798069189
6,6,0.9782783588093322,0.9782987172774463,0.9762866933919565,0.9963380082997307,2.8278026893273327,-0.9799855979903018,0.3930437760303166,5.587668626686566,2.1182921902168794,0.02405470635559124,0.014481094127111793,0.011584875301689456,0.014963797264682189,0.0094931617055511,0.004424778761061954,0.003459372485921164,0.005470635559131143,0.0008045052292839916,0.0005631536604987942,-0.0005631536604987942,-0.0005631536604987942,0.0031375703942075673,0.0002413515687851975,-0.0008849557522123908,0.0002413515687851975,-0.0012067578439259874,-8.045052292839915e-05,-0.0002413515687851975,-0.000482703137570395,0.0,-0.000482703137570395,-0.0006436041834271932,-0.0007240547063555924,-0.0015285599356395841,-0.00193081255028158,8.045052292839915e-05,-0.0008045052292839916
7,7,0.9839098954143202,0.9838878832071787,0.980093145450203,0.9964682350131359,3.1824556089780467,-0.031648182053207706,0.032938057952369246,5.504738945354949,0.6656174733093121,0.03588093322606591,0.011263073209975882,0.016572807723250205,0.012791633145615466,0.004022526146419958,0.008045052292839916,0.0026548672566371724,0.006838294448913929,0.004263877715205156,0.0014481094127111848,0.0028962188254223697,0.0032984714400643655,0.00667739340305713,0.004183427192276756,0.0013676588897827858,0.0008045052292839916,0.00193081255028158,-0.0008045052292839916,0.0004022526146419958,0.0012872083668543865,0.0005631536604987942,0.00096540627514079,-0.0003218020917135966,0.0016090104585679832,0.002011263073209979,-0.002091713596138378,0.0006436041834271932,0.0001609010458567983
8,8,0.9855189058728882,0.9855076306951136,0.9819357550879102,0.9984420979747274,2.9052920115839496,-0.31365883182312504,0.2862620170712176,5.7145079215069385,0.8196531622742712,0.02872083668543839,0.013113435237329062,0.01633145615446502,0.016492357200321828,0.007160096540627525,0.0053901850362027435,0.004666130329847151,0.004022526146419958,0.0016090104585679832,0.0022526146419951766,0.0012872083668543865,0.0008045052292839916,0.0012872083668543865,0.000482703137570395,-0.0012872083668543865,-0.0012067578439259874,-0.0013676588897827858,-0.0012067578439259874,-0.0002413515687851975,-0.0012067578439259874,-0.000482703137570395,-0.0005631536604987942,-0.0007240547063555924,-0.0012067578439259874,-0.0002413515687851975,0.0003218020917135966,-0.0006436041834271932,-0.0005631536604987942
9,9,0.9806918744971842,0.9807117116124269,0.9798888227119317,0.9972687824385263,3.0109088620205475,-0.7155780264749018,0.39431245602594805,5.047556954979159,1.7427421132493064,0.03966210780370068,0.018020917135961333,0.013837489943684634,0.011826226870474665,0.011826226870474677,0.004585679806918752,0.007803700724054718,0.0041029766693483575,0.0033789219629927645,0.002413515687851975,0.0016090104585679832,0.0012872083668543865,0.0028962188254223697,0.0028962188254223697,-0.0001609010458567983,0.0,0.001045856798069189,8.045052292839915e-05,-0.0004022526146419958,0.00096540627514079,0.0002413515687851975,-0.0002413515687851975,0.0,0.0006436041834271932,0.0004022526146419958,0.0001609010458567983,0.0006436041834271932,0.001045856798069189
10,10,0.9855189058728882,0.9855518500534364,0.9861496846612279,0.9975901174564601,3.1271989650854604,-1.2312870959604616,0.4688684339006174,5.742150304914832,1.4256363465578927,0.034674175382139925,0.016894609814963803,0.01810136765888979,0.01150442477876108,0.010378117457763491,0.010217216411906694,0.0037007240547063613,0.00474658085277555,0.00474658085277555,0.004022526146419958,0.0022526146419951766,0.0004022526146419958,0.0096540627514079,0.004344328238133554,0.0008849557522123908,0.0008849557522123908,0.0013676588897827858,0.0013676588897827858,0.0004022526146419958,0.0012872083668543865,0.0004022526146419958,8.045052292839915e-05,0.0005631536604987942,0.0012872083668543865,0.000482703137570395,0.0008045052292839916,0.0005631536604987942,0.0018503620273531806
11,11,0.9831053901850362,0.9831000490920969,0.9805056252424673,0.9980249932403042,2.6599128107840104,-1.0172175814029698,0.3012154014270233,5.872724049901437,1.9370540505759504,0.033547868061142336,0.021721641190667718,0.017216411906677376,0.012067578439259874,0.010699919549477088,0.008849557522123908,0.0032984714400643655,0.006596942880128731,0.0004022526146419958,0.006194690265486735,0.003459372485921164,0.0016090104585679832,0.009975864843121495,0.0023330651649235757,-0.0003218020917135966,-0.0001609010458567983,0.0012872083668543865,0.0013676588897827858,-0.0005631536604987942,-0.0008045052292839916,0.0003218020917135966,0.0002413515687851975,0.000482703137570395,0.0008045052292839916,0.0014481094127111848,0.0006436041834271932,0.000482703137570395,8.045052292839915e-05
12,12,0.9782783588093322,0.978271969225751,0.9754052065713557,0.9963708089070139,3.5454742276663818,-0.952907311077198,0.28809295490725667,5.548609472984018,1.1132851838643871,0.03499597747385352,0.0179404666130329,0.02003218020917128,0.008205953338696715,0.01657280772325014,0.008769106999195508,0.0039420756234915585,0.0074014481094127225,0.0016894609814963823,0.0026548672566371724,0.005148833467417546,0.0016894609814963823,0.0016894609814963823,0.00482703137570395,-0.0004022526146419958,0.0,0.0,0.0007240547063555924,0.0001609010458567983,-0.0011263073209975883,0.0003218020917135966,8.045052292839915e-05,0.0002413515687851975,0.0017699115044247816,0.000482703137570395,-0.0002413515687851975,0.0032180209171359664,0.000482703137570395
13,13,0.9831053901850362,0.9831406039294588,0.9830916887890546,0.9964380524519385,2.6993733404110674,-1.0987123022570686,0.7370352552840211,5.839113673359407,1.4417978936212361,0.040868865647626665,0.020193081255028122,0.013032984714400665,0.010378117457763491,0.011423974255832681,0.008688656476267109,0.008527755430410311,0.006436041834271933,0.00193081255028158,0.004987932421560748,0.0016894609814963823,0.0007240547063555924,0.005792437650844739,0.004505229283990353,0.0003218020917135966,8.045052292839915e-05,0.0006436041834271932,-0.0004022526146419958,0.0001609010458567983,0.001045856798069189,0.0004022526146419958,-8.045052292839915e-05,0.0001609010458567983,0.0018503620273531806,0.0003218020917135966,-0.0007240547063555924,0.0001609010458567983,8.045052292839915e-05
14,14,0.9774738535800482,0.97754318719736,0.9775661964204789,0.995815456327136,2.786294011619776,-1.0461765979201418,0.6969685350856218,5.779504914456151,1.589154790164687,0.022445695897023256,0.013757039420756201,0.011504424778761058,0.007079646017699126,0.0012872083668543865,0.0030571198712791682,0.0028962188254223697,0.0037811745776347603,-0.0001609010458567983,0.00193081255028158,0.003459372485921164,0.0,0.008205953338696715,0.0016090104585679832,-0.0022526146419951766,-0.000482703137570395,-8.045052292839915e-05,-0.0008849557522123908,-0.00096540627514079,-0.0001609010458567983,-0.0003218020917135966,-0.0004022526146419958,-0.000482703137570395,-0.0011263073209975883,-8.045052292839915e-05,-0.0016894609814963823,-0.000482703137570395,-0.0001609010458567983
15,15,0.9823008849557522,0.9822882132616646,0.9786216528316032,0.9962152586743732,3.7878645849145496,-0.6893412956663391,0.008119365651422177,4.94043805764193,1.2259081649377879,0.02872083668543839,0.018503620273531772,0.014159292035398252,0.008688656476267109,0.008930008045052307,0.010860820595333887,0.005631536604987941,0.006355591311343533,0.0001609010458567983,0.0030571198712791682,-0.0001609010458567983,0.0008849557522123908,0.005470635559131143,0.00193081255028158,0.0001609010458567983,-0.000482703137570395,-0.0007240547063555924,-0.0008045052292839916,-0.0004022526146419958,-0.0012872083668543865,-0.000482703137570395,0.0003218020917135966,-8.045052292839915e-05,-0.0007240547063555924,-0.0016090104585679832,0.0003218020917135966,0.0011263073209975883,0.0013676588897827858
16,16,0.9814963797264682,0.9815016907043096,0.9796586638650127,0.9942562243478361,3.966866057170359,-1.5165516753705839,0.14810270131745512,5.480144623379669,1.6874442675102357,0.028962188254223586,0.013757039420756245,0.01737731295253416,0.014883346741753812,0.01150442477876108,0.010217216411906694,0.003539823008849563,0.0095736122284795,0.00386162510056316,0.006033789219629937,0.003459372485921164,0.0026548672566371724,0.010860820595333887,0.005229283990345945,0.0016894609814963823,-0.0003218020917135966,0.002091713596138378,0.0015285599356395841,0.0017699115044247816,-0.0007240547063555924,0.0006436041834271932,8.045052292839915e-05,0.00096540627514079,0.0003218020917135966,0.002493966210780374,0.00096540627514079,0.0011263073209975883,0.0028157683024939706
17,17,0.9887369267900241,0.9887563833229661,0.989158769145214,0.9984620107977848,3.2792232480930754,-0.6962469576448969,0.4555476652484864,5.479184211631164,1.088562862701153,0.029444891391794004,0.02011263073209979,0.017618664521319417,0.012067578439259874,0.009412711182622702,0.00772325020112632,0.005229283990345945,0.004987932421560748,0.002011263073209979,0.0028157683024939706,0.0028962188254223697,0.0003218020917135966,0.005068382944489147,0.0016090104585679832,0.0001609010458567983,0.0004022526146419958,8.045052292839915e-05,0.0002413515687851975,0.0005631536604987942,-0.00096540627514079,-0.0001609010458567983,8.045052292839915e-05,0.0003218020917135966,0.002172164119066777,-0.0006436041834271932,0.0005631536604987942,0.0008849557522123908,0.0016090104585679832
18,18,0.9863234111021721,0.9863347555783087,0.9856758277081324,0.9982091197134592,3.3726359081078674,-0.8517385025605344,0.21493820770039349,5.1301785991262925,1.6535172419765354,0.02389380530973447,0.017618664521319417,0.012791633145615466,0.01625100563153663,0.009814963797264698,0.009412711182622702,0.004183427192276756,0.00667739340305713,0.0002413515687851975,0.0039420756234915585,0.0016090104585679832,0.00096540627514079,0.009171359613837504,0.004666130329847151,-0.0003218020917135966,-0.0008849557522123908,0.000482703137570395,0.0008849557522123908,-0.0012872083668543865,-0.00096540627514079,-0.0014481094127111848,-0.0002413515687851975,-0.0003218020917135966,0.0008045052292839916,-0.0008045052292839916,-0.0008849557522123908,0.00096540627514079,8.045052292839915e-05
19,19,0.9847144006436042,0.9847190633189045,0.9830608227308308,0.9977860339046417,3.968639731963552,-0.855021855073596,0.1955641220411258,5.008209125367061,1.2410150101157136,0.03338696701528554,0.02067578439259852,0.013837489943684656,0.014641995172968648,0.009332260659694303,0.007562349155269521,0.005229283990345945,0.007160096540627525,0.0037007240547063613,0.0026548672566371724,0.0032984714400643655,0.003620273531777962,0.006596942880128731,0.0028157683024939706,0.0016090104585679832,8.045052292839915e-05,0.0012067578439259874,0.0008045052292839916,-0.0001609010458567983,-0.0001609010458567983,0.0022526146419951766,0.0016894609814963823,0.0013676588897827858,0.002493966210780374,0.000482703137570395,0.002091713596138378,0.00096540627514079,0.0006436041834271932
20,20,0.9863234111021721,0.9863271215990783,0.985177385619421,0.9982941492462254,3.871819184714091,-0.9948258009890342,0.5403561639229479,4.987987130591213,1.0967578392314825,0.036926790024135105,0.014963797264682244,0.018664521319388595,0.014078841512469853,0.010378117457763491,0.012952534191472265,0.008366854384553512,0.011584875301689479,0.00386162510056316,0.005711987127916341,0.002413515687851975,0.004263877715205156,0.006355591311343533,0.00667739340305713,0.0008849557522123908,0.0,0.0006436041834271932,0.00096540627514079,0.0005631536604987942,0.0006436041834271932,0.0008045052292839916,-0.0005631536604987942,-0.0007240547063555924,0.0014481094127111848,0.0006436041834271932,0.0001609010458567983,0.00193081255028158,0.0037007240547063613
21,21,0.9823008849557522,0.9822703104039862,0.9786394362145836,0.9984093197181072,3.198682681373041,-1.0063072524850292,0.5807425918109899,5.555766194625665,1.3838535766741424,0.03041029766693477,0.02067578439259852,0.01600965406275142,0.010780370072405487,0.018342719227674942,0.008769106999195508,0.0028962188254223697,0.006436041834271933,0.0006436041834271932,0.002011263073209979,0.004424778761061954,0.0007240547063555924,0.006275140788415135,0.00193081255028158,0.000482703137570395,-0.0001609010458567983,0.000482703137570395,0.0001609010458567983,-0.0004022526146419958,0.0012872083668543865,0.0014481094127111848,-0.0003218020917135966,0.0,0.0,-0.0004022526146419958,-0.0004022526146419958,0.0004022526146419958,-0.000482703137570395
22,22,0.9855189058728882,0.9855189058728882,0.9834119217081851,0.998199881376038,3.3114248449483226,-0.5790252612567341,0.11823054666010563,5.264896388595229,1.2673007190229035,0.037811745776347494,0.023411102172164067,0.0181818181818182,0.010699919549477088,0.013917940466613054,0.009975864843121495,0.00482703137570395,0.005068382944489147,0.0031375703942075673,0.0028157683024939706,0.0003218020917135966,0.002172164119066777,0.01045856798069189,0.0032984714400643655,0.0,-0.0004022526146419958,0.0012067578439259874,-0.0003218020917135966,-0.0003218020917135966,-0.0006436041834271932,-0.0004022526146419958,0.0,0.0006436041834271932,-8.045052292839915e-05,-0.0004022526146419958,8.045052292839915e-05,0.00096540627514079,0.0008849557522123908
23,23,0.9863234111021721,0.986336153331073,0.9854335446753552,0.9989550311142421,3.3788708685214552,-0.8377779683941702,0.17776955548676562,5.1797733988892185,1.4593572171622842,0.035237329042638724,0.014078841512469853,0.011182622687047483,0.010860820595333887,0.010136765888978294,0.006918744971842328,0.005068382944489147,0.005631536604987941,0.0016894609814963823,0.0008849557522123908,0.0015285599356395841,0.0008045052292839916,0.005872888173773139,0.0006436041834271932,0.0001609010458567983,0.0003218020917135966,0.0006436041834271932,0.0011263073209975883,0.0004022526146419958,-0.000482703137570395,0.0001609010458567983,0.0006436041834271932,0.0,-0.0006436041834271932,0.0002413515687851975,0.0008045052292839916,0.0001609010458567983,-8.045052292839915e-05
24,24,0.9782783588093322,0.9782974107708376,0.976555023923445,0.9954008989415688,3.64892309924418,-0.886997924257595,-0.04130443143952257,5.096361013745785,1.771950592577494,0.022526146419951654,0.014963797264682189,0.011826226870474655,0.012872083668543843,0.006757843925985529,0.006355591311343533,0.00386162510056316,0.0037007240547063613,-0.0002413515687851975,0.001045856798069189,0.0005631536604987942,-0.0032984714400643655,0.003459372485921164,0.0013676588897827858,-0.0033789219629927645,0.0,0.0001609010458567983,-0.0001609010458567983,0.0,-0.0004022526146419958,-0.002011263073209979,0.0,-0.0001609010458567983,-0.0004022526146419958,0.0002413515687851975,-0.0014481094127111848,0.0001609010458567983,-0.0002413515687851975
25,25,0.9814963797264682,0.9814910687486267,0.9791082857637087,0.997722424032751,3.611127874694497,-1.2709311245495576,0.1340291243339043,5.3930333994589805,1.5836425079791863,0.02389380530973444,0.0161705551086082,0.015124698310539008,0.006436041834271933,0.012872083668543855,0.006838294448913929,0.004183427192276756,0.003459372485921164,0.00193081255028158,0.0026548672566371724,0.004183427192276756,-0.0008045052292839916,0.011987127916331474,0.004344328238133554,0.0,-0.001045856798069189,-0.0003218020917135966,0.0012067578439259874,-0.002172164119066777,-0.000482703137570395,-0.0016090104585679832,-0.0007240547063555924,-0.001045856798069189,-0.002172164119066777,0.0003218020917135966,0.0001609010458567983,-0.0007240547063555924,-0.0004022526146419958
26,26,0.9806918744971842,0.9806663601311484,0.9766053986174705,0.9969198144780567,3.8558178477496794,-1.0372481865182916,0.0559945759672936,5.000143783766156,1.4397923716483605,0.03362831858407074,0.015366049879324184,0.015285599356395795,0.006275140788415135,0.009010458567980707,0.010941271118262286,0.006436041834271933,0.007320997586484324,0.002574416733708773,0.001045856798069189,0.002172164119066777,0.0006436041834271932,0.0033789219629927645,0.0012872083668543865,-8.045052292839915e-05,-0.0005631536604987942,-0.001045856798069189,-0.0004022526146419958,-0.000482703137570395,-0.0004022526146419958,-0.00096540627514079,-8.045052292839915e-05,-0.0003218020917135966,0.0,-0.001045856798069189,-0.0004022526146419958,-0.001045856798069189,0.0002413515687851975
27,27,0.9847144006436042,0.9846902385564974,0.981133430663782,0.998607470991422,2.9411390537338455,-1.1965780044108152,0.40880771788275627,5.997165524221811,1.374788888749145,0.03282381335478675,0.018342719227674997,0.01053901850362029,0.0096540627514079,0.00667739340305713,0.0032180209171359664,0.004505229283990353,0.003539823008849563,0.0,-0.0001609010458567983,0.0008045052292839916,-0.0004022526146419958,0.0059533386967015375,0.0015285599356395841,-0.00096540627514079,-0.0006436041834271932,-8.045052292839915e-05,-0.0012067578439259874,-0.0003218020917135966,-0.0004022526146419958,-0.001045856798069189,0.0,-0.0001609010458567983,-0.0004022526146419958,-0.0006436041834271932,-0.0001609010458567983,-0.0002413515687851975,-0.0004022526146419958
28,28,0.9871279163314561,0.9871279163314561,0.9855305279087363,0.9983877539142075,3.651151371115296,-0.6422308768551492,-0.06285157217137001,5.28776397057316,1.1375766122336395,0.028077232502011207,0.019066773934030577,0.011343523732904282,0.012791633145615466,0.011987127916331474,0.008125502815768315,0.0029766693483507687,0.005631536604987941,0.0016894609814963823,0.00667739340305713,0.0015285599356395841,0.0,0.00482703137570395,0.002011263073209979,-0.0005631536604987942,-0.0002413515687851975,0.0014481094127111848,0.001045856798069189,-0.000482703137570395,0.001045856798069189,0.0005631536604987942,-0.0002413515687851975,-0.0007240547063555924,8.045052292839915e-05,-0.0004022526146419958,-0.0006436041834271932,0.0006436041834271932,0.0017699115044247816
29,29,0.9806918744971842,0.9806643833480623,0.9761108096702237,0.9965002712967987,3.103578988714359,-0.07916308345056765,-0.14211954862390141,5.085607081144019,1.5875164966366644,0.034111021721641134,0.016331456154464984,0.011504424778761069,0.013998390989541431,0.007240547063555924,0.0061142397425583365,0.0016090104585679832,0.002493966210780374,0.0023330651649235757,0.00482703137570395,0.0015285599356395841,-0.0002413515687851975,0.0061142397425583365,0.0012067578439259874,0.0003218020917135966,-0.0012067578439259874,-0.0007240547063555924,-0.0003218020917135966,-0.0002413515687851975,-0.0015285599356395841,-0.0003218020917135966,-8.045052292839915e-05,0.0,8.045052292839915e-05,0.0008045052292839916,-0.0005631536604987942,-0.0008045052292839916,-0.00096540627514079
30,30,0.9814963797264682,0.9815022989515241,0.9792347679344812,0.997380190939237,3.834501550624609,-1.0178752264240085,0.34579634469367143,4.807165425036624,1.594977050667167,0.028077232502011197,0.020434432823813298,0.013435237329042638,0.014641995172968625,0.008930008045052307,0.006436041834271933,0.005551086082059542,0.005711987127916341,0.002172164119066777,0.002011263073209979,0.0030571198712791682,0.0014481094127111848,0.004424778761061954,0.0027353177795655715,-0.0006436041834271932,-0.0006436041834271932,0.0008849557522123908,-0.0002413515687851975,0.0005631536604987942,-0.000482703137570395,0.002091713596138378,-0.0002413515687851975,0.0,0.0017699115044247816,0.0037811745776347603,0.0002413515687851975,8.045052292839915e-05,-0.0005631536604987942
31,31,0.9806918744971842,0.9807047060099251,0.9784628805878606,0.9974721760723154,4.017652732055434,-0.7703417804856435,-0.1179397477212166,5.090501834694518,1.1640223823033538,0.024296057924376436,0.01745776347546254,0.011584875301689479,0.01238938053097346,0.008125502815768315,0.008769106999195508,0.006757843925985529,0.0041029766693483575,0.000482703137570395,0.0016894609814963823,-0.0016090104585679832,-0.0008045052292839916,0.005872888173773139,0.00193081255028158,0.000482703137570395,-0.0005631536604987942,-0.0001609010458567983,-0.0005631536604987942,-0.000482703137570395,-0.0016090104585679832,8.045052292839915e-05,8.045052292839915e-05,-0.0006436041834271932,-8.045052292839915e-05,-0.0015285599356395841,-0.0011263073209975883,-0.001045856798069189,0.0011263073209975883
32,32,0.9887369267900241,0.9887369267900241,0.9870293847566576,0.9984586120949757,3.4716224669692526,-0.6651535151633852,-0.1826493232543944,5.377551372787055,1.3409870552911025,0.032662912308929946,0.014239742558326652,0.016090104585679832,0.010297666934835092,0.008125502815768315,0.00764279967819792,0.004344328238133554,0.005711987127916341,0.002011263073209979,0.0032180209171359664,0.002011263073209979,0.0001609010458567983,0.008205953338696715,0.0039420756234915585,0.0004022526146419958,0.0,0.0016090104585679832,0.0011263073209975883,0.0006436041834271932,0.0016894609814963823,0.0012872083668543865,0.0001609010458567983,0.000482703137570395,0.0015285599356395841,0.0006436041834271932,0.000482703137570395,0.0006436041834271932,0.0015285599356395841
33,33,0.9871279163314561,0.98715402864592,0.9871594642557375,0.9987080025899902,3.5678354305140343,-1.2963082942590023,0.08092726172075579,5.370511539077617,1.632332512109224,0.030088495575221176,0.022847948511665293,0.014159292035398252,0.0095736122284795,0.009895414320193096,0.008286403861625113,0.0032180209171359664,0.005792437650844739,0.002172164119066777,0.002091713596138378,0.0008045052292839916,0.0003218020917135966,0.005229283990345945,0.0032180209171359664,0.0005631536604987942,-0.000482703137570395,-0.0005631536604987942,-0.0005631536604987942,0.0002413515687851975,-0.002091713596138378,-0.0005631536604987942,-8.045052292839915e-05,-0.0008849557522123908,8.045052292839915e-05,0.0002413515687851975,0.0003218020917135966,0.0012067578439259874,0.002011263073209979
34,34,0.9766693483507642,0.9766611608810898,0.9725230730329976,0.9959242156974888,3.5209519160104046,-0.6749566429251789,0.20407693912675207,5.0331270354339095,1.4422484352289988,0.03145615446500396,0.015607401448109338,0.012711182622687011,0.009895414320193075,0.010297666934835071,0.008125502815768315,0.0031375703942075673,0.0041029766693483575,0.0,0.0016090104585679832,0.0031375703942075673,-0.002011263073209979,0.004666130329847151,0.0017699115044247816,-0.0018503620273531806,-0.0003218020917135966,-0.002413515687851975,-0.002172164119066777,-0.0007240547063555924,-0.00193081255028158,-0.002091713596138378,-0.0004022526146419958,-0.0001609010458567983,-0.0012872083668543865,-0.0022526146419951766,-0.002574416733708773,-0.0014481094127111848,-0.0007240547063555924
35,35,0.9766693483507642,0.9767165133424851,0.975933014354067,0.9942873713208642,3.6482506241866717,-0.9997793569194717,0.4590854500465967,5.489489365242774,1.106985363451638,0.04384553499597743,0.011423974255832659,0.01287208366854382,0.007160096540627525,0.01351568785197097,0.00949316170555109,0.004987932421560748,0.00772325020112632,0.003620273531777962,0.0032180209171359664,-0.0008045052292839916,0.0008045052292839916,0.010619469026548655,0.0027353177795655715,0.0013676588897827858,0.0006436041834271932,0.0006436041834271932,-0.0015285599356395841,0.0004022526146419958,0.0008045052292839916,0.0015285599356395841,0.0002413515687851975,0.000482703137570395,0.0008849557522123908,-0.0022526146419951766,0.001045856798069189,0.000482703137570395,0.0015285599356395841
36,36,0.9847144006436042,0.9847342240335738,0.984537532826302,0.998451053283767,3.719115066901607,-1.354693936785689,0.3359416923423284,5.206665681680836,1.764890477437818,0.03588093322606591,0.022526146419951674,0.015687851971037836,0.014481094127111849,0.011263073209975882,0.010297666934835092,0.008205953338696715,0.005309734513274345,0.0032984714400643655,0.0031375703942075673,0.002574416733708773,0.0027353177795655715,0.008125502815768315,0.005792437650844739,0.0014481094127111848,0.000482703137570395,0.0017699115044247816,0.0026548672566371724,0.0007240547063555924,0.0008045052292839916,-0.001045856798069189,0.0001609010458567983,0.0014481094127111848,0.00096540627514079,0.0007240547063555924,-0.0006436041834271932,0.0016090104585679832,0.0014481094127111848
37,37,0.9887369267900241,0.9887498978119855,0.988579818318579,0.9979199213099578,2.560297858580804,-0.9850538797445458,0.6238377064063984,5.93137667888219,1.4285678084263251,0.027996781979082806,0.019227674979887387,0.014722445695897046,0.006275140788415135,0.011182622687047483,0.008849557522123908,0.007160096540627525,0.005711987127916341,0.002493966210780374,0.0037811745776347603,0.0018503620273531806,0.0023330651649235757,0.007562349155269521,0.0008849557522123908,0.001045856798069189,0.0002413515687851975,0.0016090104585679832,0.0,0.0003218020917135966,0.0001609010458567983,0.0002413515687851975,0.0001609010458567983,0.0005631536604987942,0.0012872083668543865,0.001045856798069189,0.0001609010458567983,0.0012872083668543865,0.0007240547063555924
38,38,0.9855189058728882,0.9855002120346112,0.9822431421078994,0.9955478947523497,2.99930544823625,-1.2365156838065305,0.932590937843779,5.555463315047216,1.5495107066349216,0.02679002413515682,0.017055510860820612,0.016090104585679832,0.010297666934835092,0.007160096540627525,0.008688656476267109,0.004987932421560748,0.00474658085277555,0.0015285599356395841,0.0029766693483507687,0.0016090104585679832,0.0008849557522123908,0.00386162510056316,0.004585679806918752,0.0002413515687851975,0.0,-0.000482703137570395,-0.000482703137570395,0.0,0.0001609010458567983,0.0012067578439259874,-0.0001609010458567983,8.045052292839915e-05,0.003539823008849563,0.0005631536604987942,-0.0001609010458567983,0.0012872083668543865,0.002172164119066777
39,39,0.9790828640386162,0.9790514667545691,0.9758215012422291,0.9959191932818455,3.3917826130736675,-0.5294034225245187,0.19636052884842123,5.251069949205552,1.2172202840321988,0.02960579243765078,0.01625100563153655,0.011021721641190673,0.011906677393403075,0.013113435237329042,0.009975864843121495,0.0026548672566371724,0.007884151246983117,0.0059533386967015375,0.0012872083668543865,0.0028157683024939706,0.00193081255028158,0.011021721641190673,0.005068382944489147,0.00096540627514079,-0.0008045052292839916,0.000482703137570395,0.0013676588897827858,-0.0004022526146419958,0.0008849557522123908,0.0008849557522123908,0.0008045052292839916,-0.0011263073209975883,0.0012872083668543865,0.002172164119066777,0.0013676588897827858,0.0005631536604987942,0.0008045052292839916
40,40,0.9798873692679002,0.9798816675105355,0.9773709190277577,0.9979318279879188,3.212153065141639,-0.8946008420665814,0.6100328365276738,5.492018930293765,1.1388833364629254,0.030812550281576766,0.016492357200321762,0.01222847948511666,0.0094931617055511,0.009171359613837504,0.007240547063555924,0.0011263073209975883,0.0013676588897827858,-0.0002413515687851975,0.0015285599356395841,0.0008849557522123908,-0.000482703137570395,0.0016090104585679832,0.0,-0.0016090104585679832,-8.045052292839915e-05,-0.0002413515687851975,-0.0013676588897827858,-0.0008045052292839916,-0.00096540627514079,-0.0012067578439259874,-0.0003218020917135966,-0.0008045052292839916,-0.0002413515687851975,-0.0001609010458567983,-0.0013676588897827858,-0.000482703137570395,-0.00096540627514079
41,41,0.9823008849557522,0.9822761109044239,0.9780942689384389,0.9969771742132247,4.194757897416862,-0.7532391463175689,0.03498925228106742,4.997319424761106,1.0000666601102066,0.029203539823008783,0.01432019308125505,0.010699919549477088,0.012630732099758669,0.010941271118262286,0.006838294448913929,0.004666130329847151,0.005229283990345945,0.0033789219629927645,0.001045856798069189,0.0004022526146419958,0.002091713596138378,0.005711987127916341,0.0017699115044247816,0.0008045052292839916,8.045052292839915e-05,0.002172164119066777,0.000482703137570395,0.0007240547063555924,0.0,0.0011263073209975883,-8.045052292839915e-05,-0.0012067578439259874,0.0012872083668543865,0.0018503620273531806,0.000482703137570395,0.00096540627514079,0.0006436041834271932
42,42,0.9823008849557522,0.9822821021803125,0.9795427315727012,0.9965987360244392,3.372832642624711,-0.35445601305378294,0.432865940241393,4.913205225189581,0.8748925777847446,0.030973451327433565,0.021721641190667662,0.019951729686242904,0.014963797264682221,0.009814963797264698,0.011423974255832681,0.00482703137570395,0.0033789219629927645,0.0014481094127111848,0.0037007240547063613,0.007320997586484324,0.0016894609814963823,0.008930008045052307,0.0028962188254223697,0.0,-0.0012067578439259874,0.0022526146419951766,0.0006436041834271932,-0.0004022526146419958,0.0016090104585679832,-0.0008045052292839916,-0.0001609010458567983,-0.0008045052292839916,0.0017699115044247816,0.001045856798069189,0.0002413515687851975,0.0008045052292839916,-0.0004022526146419958
43,43,0.9847144006436042,0.9847449226679444,0.9849592084707517,0.9973760342533124,3.837629417292572,-0.8108359468720533,-0.15113876192043868,4.921420643039606,1.7402896176388065,0.034674175382139925,0.0181818181818182,0.01230893000804507,0.01230893000804507,0.007562349155269521,0.00667739340305713,0.0037811745776347603,0.007562349155269521,0.003539823008849563,0.004505229283990353,0.0023330651649235757,0.0012067578439259874,0.004907481898632349,0.004424778761061954,-0.0001609010458567983,0.0001609010458567983,0.0018503620273531806,0.0004022526146419958,0.0004022526146419958,0.0003218020917135966,0.0012067578439259874,0.0,0.0011263073209975883,0.0012872083668543865,0.002091713596138378,0.0003218020917135966,0.0008849557522123908,0.0008045052292839916
44,44,0.9831053901850362,0.9830998574736717,0.980346046996523,0.9980067645612809,3.533209114301393,-0.44136570340069065,0.1566167416258991,4.879464989348654,1.10537793814158,0.030973451327433565,0.020273531777956523,0.018423169750603364,0.011102172164119083,0.0094931617055511,0.012148028962188273,0.0096540627514079,0.006194690265486735,0.0039420756234915585,0.005551086082059542,0.0018503620273531806,0.0005631536604987942,0.006757843925985529,0.006355591311343533,0.0005631536604987942,-8.045052292839915e-05,0.0017699115044247816,0.0006436041834271932,0.0003218020917135966,0.0001609010458567983,0.0011263073209975883,0.0001609010458567983,0.00096540627514079,0.0002413515687851975,0.002413515687851975,0.000482703137570395,0.0016090104585679832,0.0003218020917135966
45,45,0.9806918744971842,0.9807382877201204,0.9806522552872918,0.9969820325659742,3.479702807097951,-0.8268099549379215,0.3146590361178866,5.256979922161809,1.2969598731558463,0.03145615446500396,0.0156878519710378,0.01230893000804506,0.007884151246983117,0.008769106999195508,0.00386162510056316,0.001045856798069189,0.0037811745776347603,-0.0011263073209975883,0.0004022526146419958,-0.0022526146419951766,-0.0007240547063555924,0.0023330651649235757,0.0008849557522123908,-0.0004022526146419958,-0.0007240547063555924,-0.0004022526146419958,-0.0013676588897827858,-0.0008045052292839916,-0.0031375703942075673,-0.0016894609814963823,-0.0004022526146419958,-0.0013676588897827858,-0.0011263073209975883,-0.0011263073209975883,-0.0016090104585679832,0.0004022526146419958,-0.0002413515687851975
46,46,0.9847144006436042,0.9847096817788721,0.9824258960321917,0.9977160537151413,3.3107881186389405,-0.9658851076048192,0.037293296135764084,6.009814423987722,1.1483695229832998,0.039501206757843875,0.015848753016894625,0.017538213998390995,0.011423974255832681,0.009171359613837504,0.011182622687047483,0.006033789219629937,0.005470635559131143,0.0027353177795655715,0.004585679806918752,0.0023330651649235757,0.001045856798069189,0.0023330651649235757,0.0028157683024939706,0.0,0.0002413515687851975,0.0001609010458567983,-8.045052292839915e-05,0.0002413515687851975,0.0008849557522123908,-8.045052292839915e-05,-0.0005631536604987942,-0.0001609010458567983,0.00096540627514079,0.0008045052292839916,-0.0008045052292839916,0.0018503620273531806,0.001045856798069189
47,47,0.9831053901850362,0.9831096307730406,0.9818383182844244,0.9968566591422122,3.057330035110713,-1.1221881563903053,0.23029594980832524,5.627768543052226,1.676146550692837,0.028801287208366787,0.01432019308125505,0.012630732099758657,0.01061946902654869,0.006033789219629937,0.00764279967819792,0.0001609010458567983,0.006355591311343533,0.002413515687851975,0.0006436041834271932,0.00096540627514079,-0.00096540627514079,0.005551086082059542,-0.0001609010458567983,-0.0011263073209975883,-0.00096540627514079,0.0005631536604987942,-0.00096540627514079,-0.000482703137570395,-0.0004022526146419958,-0.002091713596138378,0.0,-0.0008849557522123908,-0.001045856798069189,-0.0014481094127111848,-0.0012067578439259874,-0.0005631536604987942,-0.0004022526146419958
48,48,0.9871279163314561,0.9871279163314561,0.9852743438316323,0.9976720905574543,3.6043157026618378,-1.1863157216513707,0.3913585907527836,4.7045834227888275,1.8722190895295319,0.03483507642799673,0.020595333869670163,0.01544650040225264,0.01045856798069189,0.0094931617055511,0.006275140788415135,0.006436041834271933,0.008447304907481912,0.0018503620273531806,0.00482703137570395,0.0037007240547063613,0.0012067578439259874,0.004666130329847151,0.003459372485921164,-0.0007240547063555924,0.0004022526146419958,0.0013676588897827858,0.0005631536604987942,-0.0001609010458567983,0.0004022526146419958,-0.0008045052292839916,0.0005631536604987942,-0.0004022526146419958,0.00193081255028158,0.0002413515687851975,-0.0017699115044247816,0.0014481094127111848,0.0017699115044247816
49,49,0.9839098954143202,0.9839098954143202,0.9819563235610059,0.9987225715795403,3.1821601849809813,-0.6871207791938655,0.42607671358807175,5.483847262226693,1.1748995407049896,0.025663716814159233,0.025020112630732026,0.015687851971037826,0.01238938053097347,0.008286403861625113,0.010056315366049895,0.0032180209171359664,0.004505229283990353,0.0004022526146419958,-0.0002413515687851975,-0.0001609010458567983,-0.000482703137570395,0.008366854384553512,-0.0001609010458567983,0.0001609010458567983,-8.045052292839915e-05,-0.0018503620273531806,-0.0013676588897827858,0.0001609010458567983,-0.00096540627514079,0.0002413515687851975,-0.0001609010458567983,0.0012872083668543865,-0.0007240547063555924,-0.0008849557522123908,0.0004022526146419958,-0.0014481094127111848,-0.0012067578439259874
50,50,0.9855189058728882,0.9855189058728882,0.9834551972598364,0.996991854047243,3.573203676849179,-0.8901737050346673,-0.011080077012940828,5.206154908788461,1.3865505249546766,0.0370072405470635,0.011906677393403075,0.014481094127111849,0.015929203539823033,0.011584875301689479,0.0094931617055511,0.008045052292839916,0.006838294448913929,0.0028157683024939706,0.0037811745776347603,0.0018503620273531806,0.0004022526146419958,0.008125502815768315,0.0029766693483507687,-0.0012872083668543865,-0.00096540627514079,0.0008849557522123908,-0.0012067578439259874,-0.0006436041834271932,0.0001609010458567983,0.0008045052292839916,8.045052292839915e-05,8.045052292839915e-05,0.0011263073209975883,0.0001609010458567983,0.0001609010458567983,0.0004022526146419958,0.0007240547063555924
51,51,0.9855189058728882,0.9855543502342218,0.9860881178818833,0.9975137959375368,3.57007145536864,-0.7579361464143486,0.0567161565599908,5.388373778541042,1.170557260076696,0.03282381335478675,0.01802091713596139,0.013274336283185861,0.005068382944489147,0.008045052292839916,0.010297666934835092,0.0023330651649235757,0.006033789219629937,0.002493966210780374,0.0016090104585679832,0.0026548672566371724,0.0022526146419951766,0.010780370072405487,0.0022526146419951766,0.0015285599356395841,0.0,0.001045856798069189,0.0004022526146419958,-0.0003218020917135966,0.00193081255028158,0.0008045052292839916,-0.0004022526146419958,0.0,-0.0001609010458567983,0.0011263073209975883,8.045052292839915e-05,-0.0001609010458567983,-0.0003218020917135966
52,52,0.9855189058728882,0.9855262962334095,0.9846824408468244,0.9972121589493943,3.7007377629317526,-0.9817936480727847,0.14463110595923537,5.348797089565043,1.3001031456603442,0.027192276749798804,0.010297666934835092,0.011745776347546278,0.01633145615446503,0.007160096540627525,0.006355591311343533,0.0053901850362027435,0.006596942880128731,0.0006436041834271932,0.002413515687851975,0.00193081255028158,0.002091713596138378,0.009734513274336299,0.00386162510056316,0.001045856798069189,-0.0004022526146419958,0.00096540627514079,0.0011263073209975883,8.045052292839915e-05,0.0004022526146419958,-0.001045856798069189,-0.0002413515687851975,-0.0005631536604987942,0.0002413515687851975,0.0017699115044247816,-0.0002413515687851975,0.00096540627514079,0.002574416733708773
53,53,0.9839098954143202,0.9838994489014725,0.9809952144629563,0.9974270353302612,3.213775695310411,-0.7492206682209549,0.23085947871206705,5.407111278591411,1.6020345094194506,0.03539823008849552,0.018342719227674976,0.01432019308125505,0.018905872888173747,0.016814159292035412,0.010378117457763491,0.004183427192276756,0.005309734513274345,0.0015285599356395841,0.0028962188254223697,0.0012067578439259874,-8.045052292839915e-05,0.009090909090909104,0.0037811745776347603,0.0012067578439259874,0.0003218020917135966,-8.045052292839915e-05,0.0015285599356395841,0.0003218020917135966,0.0013676588897827858,0.0005631536604987942,0.0006436041834271932,-0.0001609010458567983,0.0011263073209975883,-0.0008849557522123908,-0.0008045052292839916,0.0003218020917135966,-0.00096540627514079
54,54,0.9782783588093322,0.9783201361876681,0.9778589940294562,0.9947075352974641,3.313454570402279,-0.13577393061573484,0.4010946267056641,5.301702020587147,0.6616077467555711,0.03201930812550276,0.013274336283185839,0.016009654062751344,0.007481898632341122,0.011906677393403065,0.007320997586484324,0.004585679806918752,0.004987932421560748,0.0012872083668543865,0.0053901850362027435,0.0029766693483507687,0.0016090104585679832,0.009814963797264686,0.002574416733708773,-0.0007240547063555924,0.0006436041834271932,0.000482703137570395,0.0004022526146419958,0.0004022526146419958,-0.0012872083668543865,0.0007240547063555924,0.0006436041834271932,0.0001609010458567983,0.001045856798069189,-0.0003218020917135966,-0.0005631536604987942,8.045052292839915e-05,0.000482703137570395
55,55,0.9887369267900241,0.9887592518603054,0.9890463072281255,0.9991383731053152,3.279305980553893,-0.5066076947935189,0.1282454790102194,5.3247122447603035,1.2118003158994126,0.03644408688656471,0.017779565567176213,0.012711182622687067,0.008849557522123908,0.007240547063555924,0.006355591311343533,0.005792437650844739,0.004666130329847151,0.0015285599356395841,0.0029766693483507687,0.0012872083668543865,0.0006436041834271932,0.00772325020112632,0.0030571198712791682,-0.000482703137570395,0.0004022526146419958,-0.0002413515687851975,0.0015285599356395841,0.0002413515687851975,-0.0003218020917135966,0.0003218020917135966,-0.0001609010458567983,0.0016090104585679832,0.0011263073209975883,0.0014481094127111848,0.001045856798069189,-0.0001609010458567983,0.0014481094127111848
56,56,0.9847144006436042,0.9847504728544748,0.984708865920046,0.9983003189524928,2.9052974359036345,-1.0391089558323274,0.614340560240639,5.475429897346517,1.758923184984111,0.026146419951729626,0.01544650040225264,0.016653258246178616,0.016331456154464997,0.01061946902654869,0.007240547063555924,0.005872888173773139,0.006436041834271933,0.00096540627514079,0.0026548672566371724,0.0008849557522123908,0.0022526146419951766,0.0095736122284795,0.0028962188254223697,0.0004022526146419958,0.0012872083668543865,0.0023330651649235757,0.0018503620273531806,0.0008849557522123908,0.0026548672566371724,0.0008849557522123908,0.0006436041834271932,-0.0003218020917135966,-0.0001609010458567983,0.0014481094127111848,-0.0003218020917135966,0.0012872083668543865,0.0016894609814963823
57,57,0.9798873692679002,0.9798809353276221,0.9767907127493445,0.9976929196499602,3.424716405930775,-0.9982961563167436,-0.06360202457478037,5.556692190849246,1.4992350903695406,0.03314561544650034,0.0192276749798873,0.015526950925180994,0.005631536604987941,0.006516492357200332,0.008125502815768315,0.0005631536604987942,0.0018503620273531806,0.0017699115044247816,0.0008849557522123908,0.0012872083668543865,0.0008045052292839916,0.008366854384553512,0.0017699115044247816,-0.0008045052292839916,-0.001045856798069189,-0.0018503620273531806,-8.045052292839915e-05,-0.0006436041834271932,-0.0012067578439259874,-0.0001609010458567983,-0.0001609010458567983,0.000482703137570395,-0.0002413515687851975,-0.0001609010458567983,-0.0012067578439259874,0.0,-0.0008849557522123908
58,58,0.9879324215607401,0.9879500622658378,0.9879515273979363,0.9983451495462226,4.202633338523863,-0.7197223313375258,0.09679900454662999,5.369269663743225,0.6187607771861806,0.025824617860016042,0.01826226870474661,0.01255028157683027,0.016572807723250225,0.009975864843121495,0.009171359613837504,0.004666130329847151,0.004183427192276756,0.0012872083668543865,0.0027353177795655715,0.0023330651649235757,0.0013676588897827858,0.005309734513274345,0.002493966210780374,-0.0002413515687851975,0.0,0.0007240547063555924,0.0012872083668543865,0.0002413515687851975,-0.0005631536604987942,8.045052292839915e-05,-8.045052292839915e-05,0.0007240547063555924,0.0002413515687851975,-0.0008045052292839916,0.001045856798069189,0.0012067578439259874,0.0015285599356395841
59,59,0.9847144006436042,0.9847370199399746,0.9843198882486468,0.9979133927012398,2.779191544466569,-0.8409250445447334,0.38637617445704076,5.76493923727517,1.2952537897023182,0.03813354786806109,0.026548672566371622,0.016492357200321817,0.008286403861625113,0.012952534191472265,0.011584875301689479,0.004987932421560748,0.007240547063555924,0.0016894609814963823,0.0032180209171359664,-0.0007240547063555924,0.002493966210780374,0.01230893000804507,0.004183427192276756,0.000482703137570395,-0.0005631536604987942,0.0013676588897827858,-0.0008849557522123908,-0.0004022526146419958,0.0002413515687851975,-0.000482703137570395,-8.045052292839915e-05,-0.00096540627514079,-0.002011263073209979,0.0003218020917135966,0.0016894609814963823,0.0011263073209975883,0.000482703137570395
60,60,0.9798873692679002,0.9799143069847164,0.9791626187237836,0.9968854651229241,3.9221621988248794,-0.6960128208511169,0.12457460248939316,4.767449821154885,1.2905997845565622,0.031858407079645955,0.02003218020917129,0.014481094127111816,0.010941271118262286,0.008205953338696715,0.009251810136765903,-0.0006436041834271932,0.006194690265486735,0.0008045052292839916,-0.0008849557522123908,0.0007240547063555924,0.0005631536604987942,0.0018503620273531806,0.002413515687851975,0.000482703137570395,0.0008045052292839916,-0.0001609010458567983,0.0008045052292839916,8.045052292839915e-05,-0.0015285599356395841,-0.000482703137570395,0.0003218020917135966,0.0005631536604987942,-0.0014481094127111848,0.0001609010458567983,-0.0007240547063555924,-0.0002413515687851975,-0.0018503620273531806
61,61,0.9855189058728882,0.9855361011263647,0.9849237529829463,0.9959926663174437,3.5220743029751738,-0.8477451624795953,0.012430561603506158,5.350393706365173,1.1820739866594805,0.036041834271922715,0.020032180209171368,0.014722445695897035,0.007320997586484324,0.011584875301689479,0.010378117457763491,0.009010458567980707,0.005229283990345945,0.002493966210780374,0.005551086082059542,0.0028962188254223697,0.0006436041834271932,0.007240547063555924,0.003620273531777962,0.0002413515687851975,-0.000482703137570395,0.00193081255028158,-0.0007240547063555924,-0.0004022526146419958,0.0001609010458567983,-0.0005631536604987942,-0.0008849557522123908,-8.045052292839915e-05,0.0002413515687851975,0.0016090104585679832,0.0004022526146419958,0.002011263073209979,0.0008045052292839916
62,62,0.9814963797264682,0.9815234288076181,0.9807340568223388,0.9966293309178322,3.5875152154786276,-0.8294946354794048,0.18857936514828103,4.859548992838551,1.717852514396801,0.029123089300080385,0.016251005631536575,0.013596138374899447,0.015366049879324207,0.010136765888978294,0.010780370072405487,0.006033789219629937,0.004987932421560748,0.0027353177795655715,0.002413515687851975,0.0028962188254223697,0.0018503620273531806,0.0028157683024939706,0.0022526146419951766,0.0002413515687851975,-8.045052292839915e-05,0.0023330651649235757,0.0001609010458567983,0.0001609010458567983,-8.045052292839915e-05,0.001045856798069189,0.0004022526146419958,-0.0002413515687851975,-0.0004022526146419958,0.0013676588897827858,0.0005631536604987942,-0.0007240547063555924,-0.0001609010458567983
63,63,0.9871279163314561,0.9871350568285316,0.9862885728061717,0.9985764797722367,3.7268883728887814,-1.0450425038725129,-0.15034189016891455,5.33845179595681,1.5270111905955301,0.023572003218020898,0.015607401448109437,0.0193081255028158,0.012148028962188273,0.008930008045052307,0.006838294448913929,0.0023330651649235757,0.0059533386967015375,0.0015285599356395841,0.0018503620273531806,0.0008849557522123908,0.0018503620273531806,0.006999195494770727,0.0026548672566371724,-8.045052292839915e-05,0.0014481094127111848,-0.0001609010458567983,8.045052292839915e-05,8.045052292839915e-05,0.0005631536604987942,8.045052292839915e-05,0.0001609010458567983,8.045052292839915e-05,0.0005631536604987942,0.0007240547063555924,0.0005631536604987942,0.0017699115044247816,0.0
64,64,0.9879324215607401,0.9879440026532408,0.9871986884083659,0.9984166371263146,2.8423764282177726,-0.6521670214292334,0.3590556059497245,5.677301775864484,1.5565688455389717,0.027192276749798815,0.015848753016894635,0.013757039420756257,0.014078841512469853,0.008125502815768315,0.006436041834271933,0.005631536604987941,0.005229283990345945,0.0037007240547063613,0.0017699115044247816,0.0006436041834271932,0.0008045052292839916,0.00474658085277555,0.0015285599356395841,0.0008849557522123908,0.0003218020917135966,0.0003218020917135966,0.001045856798069189,0.0006436041834271932,-0.0017699115044247816,0.0016090104585679832,-0.0004022526146419958,-0.0008849557522123908,-0.0018503620273531806,0.002172164119066777,-0.0003218020917135966,-0.0008045052292839916,0.0011263073209975883
65,65,0.9831053901850362,0.9831395441445581,0.9831419457735247,0.9975525590836596,3.6583900197014865,-0.5885012657085961,0.04613511429776343,5.302672185508952,1.0791604737214768,0.030812550281576766,0.013596138374899458,0.020112630732099724,0.013274336283185861,0.018905872888173747,0.011021721641190686,0.004987932421560748,0.008125502815768315,0.002172164119066777,0.0023330651649235757,0.0004022526146419958,0.0008849557522123908,0.006757843925985529,0.0032180209171359664,-0.0011263073209975883,0.00096540627514079,8.045052292839915e-05,0.0004022526146419958,-0.0006436041834271932,-0.002172164119066777,-0.0001609010458567983,-0.00096540627514079,-0.0001609010458567983,0.0011263073209975883,0.0011263073209975883,0.0006436041834271932,0.0004022526146419958,-8.045052292839915e-05
66,66,0.9879324215607401,0.9879364197837863,0.9864723023401029,0.9979780559602747,3.407115487148373,-0.8582643447797847,0.08380784414042922,5.922924937409023,0.943426603686764,0.030008045052292775,0.025663716814159233,0.021399839098954144,0.014963797264682244,0.016009654062751434,0.01255028157683027,0.006516492357200332,0.005229283990345945,0.0032180209171359664,0.0028962188254223697,0.003539823008849563,-8.045052292839915e-05,0.004907481898632349,0.004987932421560748,-0.0004022526146419958,0.0008849557522123908,0.0018503620273531806,8.045052292839915e-05,0.0003218020917135966,0.0016894609814963823,0.0006436041834271932,0.0012872083668543865,0.0015285599356395841,0.0016090104585679832,-0.0007240547063555924,0.0002413515687851975,0.002493966210780374,0.0013676588897827858
67,67,0.9831053901850362,0.9831102693221107,0.98143251787252,0.9971768064682052,3.5254831214866043,-1.4355716038049309,0.9463361887465082,5.250758471970756,1.7588591000265552,0.037570394207562294,0.018744971842316948,0.011182622687047483,0.013837489943684644,0.009895414320193096,0.009734513274336299,0.0039420756234915585,0.004424778761061954,0.0014481094127111848,0.002172164119066777,0.0026548672566371724,0.0005631536604987942,0.011021721641190686,0.0022526146419951766,0.0011263073209975883,-0.0002413515687851975,-0.0008045052292839916,0.0012872083668543865,0.0008849557522123908,0.0003218020917135966,-0.0007240547063555924,0.0008045052292839916,0.0012067578439259874,-0.0004022526146419958,0.0001609010458567983,0.0005631536604987942,8.045052292839915e-05,0.0007240547063555924
68,68,0.9919549477071601,0.9919549477071601,0.9909456711129758,0.9994201733069935,3.8468833282956556,-0.9727236189633042,0.13521761904141139,5.4985156224070195,1.1988484302730755,0.03258246178600155,0.01625100563153663,0.014802896218825445,0.013032984714400665,0.010780370072405487,0.008125502815768315,0.004666130329847151,0.004505229283990353,0.0017699115044247816,0.0014481094127111848,0.0027353177795655715,0.0016090104585679832,0.005148833467417546,0.0032984714400643655,0.0,8.045052292839915e-05,0.0001609010458567983,0.0006436041834271932,0.0,0.0006436041834271932,0.001045856798069189,0.0,0.0003218020917135966,-0.0004022526146419958,0.0003218020917135966,-0.0002413515687851975,-0.0005631536604987942,-0.000482703137570395
69,69,0.9887369267900241,0.9887369267900241,0.9873992052274254,0.9981260282225363,3.179788248497792,-1.1568883001150352,0.6384724232832759,5.301547421329067,1.609785454245423,0.030249396621077985,0.019790828640386192,0.018503620273531807,0.01520514883346744,0.011021721641190686,0.008527755430410311,0.009734513274336299,0.008688656476267109,0.004666130329847151,0.0037007240547063613,0.0029766693483507687,0.0011263073209975883,0.008688656476267109,0.0022526146419951766,0.0,-0.0007240547063555924,0.0002413515687851975,-0.0003218020917135966,-8.045052292839915e-05,-8.045052292839915e-05,0.0007240547063555924,0.0,0.0,0.00096540627514079,8.045052292839915e-05,-0.000482703137570395,0.0004022526146419958,0.0005631536604987942
70,70,0.9758648431214803,0.9758789989052115,0.9735566188197767,0.9951979121357112,2.743982764201023,-0.9462975140439612,0.42611311443878136,5.644207661119788,1.6292732104465906,0.031858407079645955,0.021480289621882465,0.009010458567980672,0.009895414320193063,0.009654062751407877,0.010780370072405432,0.0027353177795655715,0.004585679806918752,0.0012067578439259874,0.00096540627514079,0.0004022526146419958,0.002011263073209979,0.009734513274336276,0.000482703137570395,-0.0017699115044247816,0.0008045052292839916,0.0016090104585679832,0.0012067578439259874,0.0008045052292839916,8.045052292839915e-05,-0.0013676588897827858,0.0013676588897827858,-0.0015285599356395841,0.0008849557522123908,0.0008045052292839916,0.0001609010458567983,0.0007240547063555924,-8.045052292839915e-05
71,71,0.9798873692679002,0.9798599127327813,0.9765061443275453,0.9978587517463575,3.255695386517916,-0.7886220600534376,0.1769916469902349,5.128639926337887,1.8203426990363136,0.038938053097345084,0.015607401448109381,0.01737731295253415,0.01238938053097346,0.00667739340305713,0.009734513274336287,0.0018503620273531806,0.007160096540627525,-0.0001609010458567983,0.002172164119066777,0.001045856798069189,0.0013676588897827858,0.013354786806114238,0.0001609010458567983,0.0,0.0002413515687851975,0.0013676588897827858,0.0005631536604987942,0.0005631536604987942,0.0016894609814963823,0.0005631536604987942,0.0001609010458567983,0.0002413515687851975,-0.0016090104585679832,0.0002413515687851975,0.0001609010458567983,-0.0007240547063555924,0.0007240547063555924
72,72,0.9790828640386162,0.9790828640386162,0.9760394424673784,0.9960053380782918,3.337307231167005,-0.898939231600947,0.35004038336287685,5.75361084874091,1.1361979785924408,0.032099758648431155,0.02091713596138368,0.017135961383748934,0.006516492357200332,0.006838294448913929,0.010056315366049895,0.007240547063555924,0.004183427192276756,0.00193081255028158,0.0037811745776347603,0.0011263073209975883,0.0003218020917135966,0.008527755430410311,0.004505229283990353,-0.0005631536604987942,-0.0022526146419951766,0.000482703137570395,0.0018503620273531806,8.045052292839915e-05,8.045052292839915e-05,0.0008045052292839916,0.0004022526146419958,0.0001609010458567983,0.00193081255028158,0.000482703137570395,-0.0001609010458567983,0.0004022526146419958,0.0041029766693483575
73,73,0.9847144006436042,0.9847301294307288,0.9833144219108341,0.9967250219132355,4.2666976528248854,-0.8488437596082902,-0.1023093470221847,5.15244972084112,0.9539739718710002,0.029364440868865582,0.018503620273531786,0.01609010458567982,0.012872083668543866,0.011021721641190686,0.011745776347546278,0.006436041834271933,0.006999195494770727,0.0031375703942075673,0.004505229283990353,0.0033789219629927645,0.0029766693483507687,0.003539823008849563,0.004505229283990353,0.0011263073209975883,0.0003218020917135966,0.00096540627514079,0.0001609010458567983,0.0007240547063555924,-0.0008045052292839916,8.045052292839915e-05,0.0007240547063555924,-0.0003218020917135966,0.00193081255028158,0.002091713596138378,0.0001609010458567983,0.003539823008849563,0.002493966210780374
74,74,0.9823008849557522,0.9822613653034115,0.9782882630610449,0.9969797583806704,3.3018084556113143,-1.0565516870545888,0.3052250528096275,4.99512483711866,1.8019462289894408,0.03660498793242151,0.01673370876910698,0.014641995172968636,0.020997586484312093,0.013917940466613054,0.006033789219629937,0.0016894609814963823,0.005068382944489147,0.0004022526146419958,-8.045052292839915e-05,0.0031375703942075673,0.0004022526146419958,0.0028962188254223697,0.0014481094127111848,-0.0006436041834271932,-0.0001609010458567983,-0.0004022526146419958,0.001045856798069189,-0.0012067578439259874,-8.045052292839915e-05,-0.0004022526146419958,-0.0016894609814963823,-0.0016894609814963823,-0.0003218020917135966,-0.0006436041834271932,-0.002011263073209979,-8.045052292839915e-05,-0.0017699115044247816
75,75,0.9847144006436042,0.984683878619264,0.9811010469761675,0.9987314597970336,3.0494624501197785,-0.8405869963477948,0.16457696529541005,5.260059339753487,1.9077505917884112,0.02679002413515681,0.01617055510860823,0.01255028157683027,0.014239742558326652,0.00772325020112632,0.008286403861625113,0.004987932421560748,0.004424778761061954,-0.0008045052292839916,0.001045856798069189,0.0008045052292839916,-0.0011263073209975883,0.005792437650844739,0.003539823008849563,0.000482703137570395,-0.001045856798069189,0.00096540627514079,0.001045856798069189,0.0006436041834271932,0.0005631536604987942,-0.0005631536604987942,0.0002413515687851975,-0.0005631536604987942,0.0,0.0011263073209975883,0.000482703137570395,0.0006436041834271932,0.0001609010458567983
76,76,0.9790828640386162,0.9791075509295436,0.9777099223328063,0.9960207190028834,2.6872051074702603,-1.0249779871162508,0.17960876385163194,6.001216522663383,1.4313713279729905,0.04561544650040221,0.02220434432823807,0.015929203539822967,0.011665325824617868,0.007562349155269521,0.013596138374899402,0.00386162510056316,0.004263877715205156,0.0029766693483507687,0.0012872083668543865,0.0014481094127111848,0.0016090104585679832,0.007964601769911516,0.004263877715205156,0.0001609010458567983,-0.0005631536604987942,0.0012872083668543865,-0.0008849557522123908,-0.001045856798069189,0.0006436041834271932,0.0016090104585679832,-0.0006436041834271932,-0.0008045052292839916,-0.000482703137570395,0.0014481094127111848,0.0011263073209975883,0.0004022526146419958,0.0
77,77,0.9839098954143202,0.9839098954143202,0.9813694573011343,0.9972751145111394,2.796094192872497,-0.9118710011750558,0.3300812683729994,5.80414211892067,1.2386899629617225,0.046500402252614606,0.0203539823008849,0.014802896218825445,0.011263073209975882,0.009975864843121495,0.008045052292839916,0.008769106999195508,0.0074014481094127225,0.002493966210780374,0.005148833467417546,0.002011263073209979,0.0006436041834271932,0.007964601769911516,0.00474658085277555,0.000482703137570395,0.0006436041834271932,0.0008045052292839916,0.0017699115044247816,-0.0005631536604987942,0.0007240547063555924,0.0023330651649235757,0.0003218020917135966,0.0004022526146419958,0.0022526146419951766,0.0008849557522123908,0.0002413515687851975,0.0012872083668543865,0.002011263073209979
78,78,0.9855189058728882,0.9855042219856894,0.9832321370181195,0.9976829144538781,3.485618136065678,-1.0583933656134097,0.4787945365690104,5.517560306269276,0.962491077182971,0.035800482703137515,0.01882542236524537,0.017618664521319417,0.011665325824617878,0.012148028962188273,0.012067578439259874,0.00667739340305713,0.008769106999195508,0.0028157683024939706,0.002574416733708773,0.0041029766693483575,0.001045856798069189,0.009814963797264698,0.002493966210780374,0.0014481094127111848,0.0,0.00193081255028158,0.0014481094127111848,0.0011263073209975883,0.0030571198712791682,0.0002413515687851975,0.0002413515687851975,0.0007240547063555924,-8.045052292839915e-05,0.00193081255028158,-0.0008045052292839916,0.0008045052292839916,0.001045856798069189
79,79,0.9855189058728882,0.9855278201951139,0.9842415014786402,0.9986150557784089,2.9551329389873517,-0.37843283179512965,0.06286680848491422,5.547636386658571,1.1604506413021434,0.03234111021721635,0.01962992759452936,0.012791633145615466,0.01255028157683027,0.0095736122284795,0.008527755430410311,0.00386162510056316,0.005229283990345945,0.0012872083668543865,0.004505229283990353,0.0023330651649235757,0.0004022526146419958,0.008447304907481912,0.0011263073209975883,-0.0004022526146419958,0.0,0.0008849557522123908,-0.000482703137570395,0.0007240547063555924,0.0005631536604987942,0.0005631536604987942,0.0005631536604987942,-0.0002413515687851975,-0.0007240547063555924,0.0007240547063555924,8.045052292839915e-05,0.0007240547063555924,0.0011263073209975883
80,80,0.9863234111021721,0.986310820217284,0.983676594999854,0.9986580705388138,2.449685377028196,-0.7062638372747433,0.10405633941907641,5.597748397045482,1.853801974253218,0.030490748189863172,0.017699115044247805,0.014883346741753845,0.016894609814963813,0.008125502815768315,0.00772325020112632,0.0059533386967015375,0.004022526146419958,0.00193081255028158,0.004263877715205156,0.003459372485921164,0.0007240547063555924,0.0059533386967015375,0.002413515687851975,0.0005631536604987942,0.0007240547063555924,0.0008045052292839916,-0.0004022526146419958,0.0002413515687851975,-0.0006436041834271932,0.00096540627514079,0.0004022526146419958,-0.0006436041834271932,-0.0002413515687851975,-0.0006436041834271932,-0.0012067578439259874,0.0002413515687851975,0.0007240547063555924
81,81,0.9855189058728882,0.9855101507024326,0.9831208893545196,0.9983732029567546,2.9649763018671567,-0.4015391928434188,-0.006395763994261339,5.257830513102837,1.2688984664226652,0.033869670152855934,0.022847948511665273,0.014159292035398252,0.008125502815768315,0.009332260659694303,0.007160096540627525,0.006757843925985529,0.0033789219629927645,0.0016894609814963823,0.0033789219629927645,0.0016894609814963823,-0.0003218020917135966,0.009171359613837504,0.0037007240547063613,-0.0002413515687851975,8.045052292839915e-05,-0.0012067578439259874,-0.0012067578439259874,-0.0005631536604987942,0.0002413515687851975,-0.0001609010458567983,0.0006436041834271932,-8.045052292839915e-05,0.0002413515687851975,-0.0016090104585679832,-0.0015285599356395841,0.0011263073209975883,0.0004022526146419958
82,82,0.9839098954143202,0.983892378784855,0.9812049154620364,0.9978986684914322,3.4679387797434704,-0.4282586105871155,0.09930775190540635,5.287683499181957,1.2766487326383693,0.032662912308929946,0.01617055510860822,0.01230893000804506,0.011021721641190686,0.009895414320193096,0.006999195494770727,0.005229283990345945,0.003459372485921164,0.0028962188254223697,0.003539823008849563,0.0013676588897827858,0.0012067578439259874,0.005792437650844739,0.0033789219629927645,-0.0016894609814963823,0.0,-0.0002413515687851975,0.0008045052292839916,-0.0001609010458567983,0.0,0.0008045052292839916,-0.00096540627514079,0.000482703137570395,-0.0015285599356395841,0.000482703137570395,0.0004022526146419958,0.0003218020917135966,-0.0001609010458567983
83,83,0.9798873692679002,0.9798813805358556,0.977148547505821,0.9965073945686066,4.022022093040745,-1.7871670653992386,-0.035963114008440246,5.355149274463416,2.0420546325081594,0.027835880933225997,0.020032180209171302,0.01665325824617856,0.017618664521319338,0.012791633145615456,0.008930008045052307,0.006355591311343533,0.006033789219629937,0.002172164119066777,0.0030571198712791682,0.001045856798069189,0.0008045052292839916,0.005792437650844739,0.00193081255028158,0.0018503620273531806,-0.0002413515687851975,0.0011263073209975883,0.0002413515687851975,0.000482703137570395,0.0001609010458567983,0.001045856798069189,0.0006436041834271932,0.000482703137570395,0.001045856798069189,-0.0001609010458567983,0.002493966210780374,0.0016894609814963823,0.0030571198712791682
84,84,0.9839098954143202,0.9839098954143202,0.9807889660970845,0.9982133583916517,2.5139474527917405,-0.9819644851942508,0.34186636703604245,5.594534461755969,2.232308912961859,0.03507642799678192,0.01255028157683027,0.013757039420756257,0.00764279967819792,0.0094931617055511,0.00482703137570395,0.002574416733708773,0.0039420756234915585,0.004505229283990353,0.002493966210780374,0.001045856798069189,0.0012067578439259874,0.0094931617055511,0.0029766693483507687,-8.045052292839915e-05,0.0002413515687851975,0.0014481094127111848,-0.0005631536604987942,0.0002413515687851975,0.000482703137570395,8.045052292839915e-05,0.0011263073209975883,8.045052292839915e-05,0.0007240547063555924,-0.0001609010458567983,0.0012067578439259874,0.001045856798069189,0.0008045052292839916
85,85,0.9774738535800482,0.9775347738080844,0.9778192014510723,0.9970467695274832,3.560301009753206,-1.4647014058923389,0.5838218300160989,5.546485022788931,1.276312040137862,0.02855993563958159,0.012389380530973427,0.01914722445695889,0.008205953338696715,0.007803700724054718,0.005792437650844739,0.0031375703942075673,0.0059533386967015375,0.0006436041834271932,0.0022526146419951766,0.0030571198712791682,0.0016090104585679832,0.0028157683024939706,0.0028962188254223697,0.0006436041834271932,-0.0001609010458567983,0.002011263073209979,-0.0001609010458567983,0.00096540627514079,0.0003218020917135966,0.0003218020917135966,-0.0006436041834271932,0.000482703137570395,-8.045052292839915e-05,-0.0003218020917135966,0.0002413515687851975,-8.045052292839915e-05,-0.0002413515687851975
86,86,0.9839098954143202,0.9839478752465161,0.9843097148651248,0.9966055371992331,2.912372859639178,-0.5081678371520975,0.2832200466019796,5.614012204210162,1.0715851215478915,0.03596138374899431,0.012711182622687067,0.01520514883346743,0.01061946902654869,0.008447304907481912,0.0094931617055511,0.004585679806918752,0.006355591311343533,0.004344328238133554,0.004907481898632349,0.002413515687851975,0.0027353177795655715,0.004907481898632349,0.004666130329847151,0.0012067578439259874,0.0,0.0007240547063555924,0.0004022526146419958,-0.0003218020917135966,0.0,0.0007240547063555924,-8.045052292839915e-05,0.00096540627514079,0.00096540627514079,0.0018503620273531806,0.002413515687851975,0.00096540627514079,0.002011263073209979
87,87,0.9831053901850362,0.9831108906725268,0.9809991055615119,0.9977905592313752,3.016441401109682,-0.6671135253627883,-0.015167715600170946,5.734507972980852,1.2767684709010514,0.03958165728077227,0.021882542236524506,0.017216411906677387,0.008849557522123908,0.009814963797264698,0.007803700724054718,0.0023330651649235757,0.005711987127916341,0.002493966210780374,0.0018503620273531806,0.00096540627514079,0.0018503620273531806,0.009010458567980707,0.0017699115044247816,-0.0001609010458567983,0.0,-0.002091713596138378,-0.0007240547063555924,-8.045052292839915e-05,-0.0007240547063555924,-0.0003218020917135966,-0.0001609010458567983,0.0001609010458567983,-0.0011263073209975883,-0.0002413515687851975,-0.0007240547063555924,0.0,0.0016894609814963823
88,88,0.9863234111021721,0.9863276080638016,0.9848589860565226,0.9985202601534718,2.579444131084687,-0.7366257677787484,0.3698622384593287,5.554695434958643,1.829912846167995,0.024537409493161667,0.013998390989541453,0.02083668543845534,0.008527755430410311,0.010780370072405487,0.009010458567980707,0.005872888173773139,0.0037007240547063613,0.0002413515687851975,0.0028962188254223697,0.0011263073209975883,0.0001609010458567983,0.00474658085277555,0.004907481898632349,-0.0007240547063555924,0.0001609010458567983,0.0015285599356395841,0.0003218020917135966,0.000482703137570395,-0.0013676588897827858,-0.0003218020917135966,0.0001609010458567983,-0.0012067578439259874,-0.0002413515687851975,-0.0002413515687851975,0.0,0.0008849557522123908,0.0001609010458567983
89,89,0.9782783588093322,0.9783105020199643,0.977085152203015,0.9957918631045922,3.8363812604739316,-1.2885410110328643,0.01272924522369671,5.207818083717967,1.6275480129529254,0.034111021721641134,0.01922767497988729,0.01295253419147222,0.006757843925985529,0.009171359613837504,0.005872888173773139,0.0023330651649235757,0.0032180209171359664,-0.0016894609814963823,0.004344328238133554,-8.045052292839915e-05,-0.0005631536604987942,0.006999195494770727,0.0028962188254223697,0.0001609010458567983,-8.045052292839915e-05,0.00096540627514079,0.0006436041834271932,0.00096540627514079,-0.0002413515687851975,-0.0006436041834271932,8.045052292839915e-05,-0.0003218020917135966,-0.001045856798069189,0.0017699115044247816,-0.0018503620273531806,-0.0005631536604987942,-0.0008045052292839916
90,90,0.9782783588093322,0.978271851659158,0.9753133429448424,0.9963637103525254,3.3341546486724245,-0.4781437161305057,0.08444730633289134,5.4142607031971846,1.504588477276228,0.028962188254223586,0.015768302493966147,0.011745776347546266,0.012228479485116673,0.006838294448913929,0.006033789219629937,0.004022526146419958,0.0027353177795655715,0.0022526146419951766,0.0032180209171359664,-0.00193081255028158,0.0011263073209975883,0.005872888173773139,0.0014481094127111848,-0.0001609010458567983,8.045052292839915e-05,0.0002413515687851975,0.0005631536604987942,8.045052292839915e-05,-0.0001609010458567983,0.0016894609814963823,0.0001609010458567983,0.0003218020917135966,0.0006436041834271932,0.0001609010458567983,0.0012872083668543865,0.0003218020917135966,-0.0002413515687851975
91,91,0.9782783588093322,0.9782552288488227,0.9736525592331344,0.9970579369385664,3.021492347936078,-0.7186456069617049,0.4284149383853155,5.604293475387352,1.199549177145142,0.033869670152855934,0.013274336283185816,0.00949316170555109,0.0061142397425583365,0.003620273531777962,0.005229283990345945,0.002011263073209979,0.0023330651649235757,-0.0008045052292839916,-0.0003218020917135966,-0.0012067578439259874,-0.0005631536604987942,0.0030571198712791682,0.0005631536604987942,-0.0028157683024939706,-0.001045856798069189,-0.0006436041834271932,-0.001045856798069189,-0.0003218020917135966,-0.00193081255028158,8.045052292839915e-05,-8.045052292839915e-05,-0.0005631536604987942,-0.0007240547063555924,-0.002091713596138378,-0.0008849557522123908,0.0008045052292839916,-0.0005631536604987942
92,92,0.9871279163314561,0.9871191114485995,0.9844561831476865,0.9983079526226735,3.3577422316465895,-1.8607382138602322,0.19445979650037132,5.990365496755476,2.021993172142645,0.029927594529364377,0.013032984714400665,0.012148028962188273,0.00860820595333871,0.013676588897827857,0.009734513274336299,0.005148833467417546,0.0033789219629927645,0.0032984714400643655,0.0029766693483507687,0.0022526146419951766,0.0016894609814963823,0.008205953338696715,0.003459372485921164,0.00096540627514079,0.0007240547063555924,0.0013676588897827858,-0.000482703137570395,0.0013676588897827858,0.0003218020917135966,0.0002413515687851975,0.0006436041834271932,0.0003218020917135966,-0.0008045052292839916,-0.0006436041834271932,0.0,0.0007240547063555924,0.002574416733708773
93,93,0.9855189058728882,0.9854951083141021,0.9824394833632708,0.9969634761782569,3.5963170396080644,-0.9820597428188286,0.13216615645538798,5.13424372065916,1.7458038293076248,0.030973451327433565,0.018744971842316983,0.015526950925181037,0.01440064360418345,0.008366854384553512,0.008045052292839916,0.00482703137570395,0.005792437650844739,0.002091713596138378,0.002172164119066777,0.0031375703942075673,0.001045856798069189,0.0096540627514079,0.0032180209171359664,0.0001609010458567983,-8.045052292839915e-05,8.045052292839915e-05,0.0008045052292839916,8.045052292839915e-05,0.0013676588897827858,0.0008045052292839916,0.0004022526146419958,-0.0012872083668543865,0.0007240547063555924,0.002574416733708773,0.0007240547063555924,8.045052292839915e-05,0.0016894609814963823
94,94,0.9839098954143202,0.9839403257491922,0.9835893154273712,0.9970704162192143,3.6257724522226837,-0.7105156752928596,0.36299037007703516,5.583126099247714,0.6841971536685895,0.024135156878519637,0.01440064360418345,0.01255028157683027,0.016733708769107004,0.0096540627514079,0.003620273531777962,0.0016090104585679832,0.0028962188254223697,0.002011263073209979,0.0013676588897827858,0.0017699115044247816,0.0005631536604987942,0.0013676588897827858,0.002493966210780374,8.045052292839915e-05,0.0,-0.0003218020917135966,-0.000482703137570395,-0.0003218020917135966,-0.0005631536604987942,-0.0001609010458567983,0.0,-0.0013676588897827858,0.000482703137570395,0.0001609010458567983,8.045052292839915e-05,0.0002413515687851975,0.0006436041834271932
95,95,0.9814963797264682,0.9815519517535489,0.9825499784265784,0.9976039119804401,3.4312975016528866,-0.7874624793788397,0.025137434946223492,5.696556420025945,1.1505132447849153,0.02968624296057918,0.020756234915526882,0.015526950925181016,0.010136765888978294,0.0096540627514079,0.009010458567980707,0.005631536604987941,0.003539823008849563,0.002011263073209979,0.0012872083668543865,0.00096540627514079,0.0002413515687851975,0.009010458567980707,0.00193081255028158,-8.045052292839915e-05,0.0002413515687851975,0.00096540627514079,0.0003218020917135966,-0.0005631536604987942,0.0002413515687851975,0.0,-0.0004022526146419958,-8.045052292839915e-05,-0.0008849557522123908,0.0003218020917135966,-0.000482703137570395,0.0014481094127111848,-0.0006436041834271932
96,96,0.9871279163314561,0.9871532825817461,0.9872015887477595,0.9979842911672056,3.289523505994188,-1.155672424127945,0.1970120331156802,6.255335816260742,1.0260551992878266,0.033869670152855934,0.015124698310539041,0.016653258246178627,0.014802896218825445,0.009975864843121495,0.00764279967819792,0.007079646017699126,0.005711987127916341,0.0033789219629927645,0.004263877715205156,0.0028962188254223697,0.003539823008849563,0.008447304907481912,0.005068382944489147,0.0017699115044247816,-0.0005631536604987942,0.0001609010458567983,0.00096540627514079,0.0002413515687851975,0.0004022526146419958,-0.0001609010458567983,8.045052292839915e-05,-0.000482703137570395,0.0008045052292839916,0.0023330651649235757,0.0016090104585679832,0.0008849557522123908,0.0016894609814963823
97,97,0.9839098954143202,0.9839098954143202,0.9818472304978211,0.9980284602712838,3.100918988068995,-0.5895288155022675,0.43593882487812924,5.362751957738894,1.2387612786074833,0.03660498793242151,0.014963797264682244,0.009814963797264686,0.014883346741753845,0.009412711182622702,0.01230893000804507,0.002413515687851975,0.002172164119066777,0.002172164119066777,0.001045856798069189,-8.045052292839915e-05,-0.0016894609814963823,0.012711182622687067,0.0007240547063555924,0.0008849557522123908,-0.0008045052292839916,-8.045052292839915e-05,0.0007240547063555924,0.0,-0.0011263073209975883,0.00096540627514079,-0.0002413515687851975,-0.0004022526146419958,-0.0017699115044247816,0.0004022526146419958,8.045052292839915e-05,-0.0016894609814963823,-0.0006436041834271932
98,98,0.9814963797264682,0.981502264161721,0.9792598485518136,0.9976280974689885,3.423901712010571,-1.0139575864336754,0.36874652351210363,5.33135538898629,1.5863166604209114,0.030812550281576766,0.01834271922767493,0.015607401448109393,0.01681415929203537,0.011584875301689479,0.008849557522123908,0.005551086082059542,0.003620273531777962,0.0007240547063555924,0.002172164119066777,0.0017699115044247816,0.0017699115044247816,0.0028157683024939706,0.0008849557522123908,0.0032984714400643655,0.0006436041834271932,0.0016894609814963823,0.0015285599356395841,0.0011263073209975883,0.0007240547063555924,0.002413515687851975,0.0002413515687851975,0.0013676588897827858,-0.0011263073209975883,0.00096540627514079,-0.0006436041834271932,0.0013676588897827858,0.00096540627514079
99,99,0.9806918744971842,0.9807150811086524,0.9794597275299746,0.997613699349456,3.728240819343767,-1.3386850490993525,-0.053357045404427414,5.524665927021616,1.4602998119880886,0.03499597747385352,0.014320193081255029,0.014320193081255029,0.005470635559131143,0.008527755430410311,0.004987932421560748,8.045052292839915e-05,0.0041029766693483575,0.0031375703942075673,-0.00096540627514079,0.0005631536604987942,-8.045052292839915e-05,0.0028157683024939706,0.00193081255028158,-0.0012872083668543865,-0.0004022526146419958,-0.00193081255028158,-0.0026548672566371724,-0.0004022526146419958,-0.0012872083668543865,-0.0013676588897827858,0.0003218020917135966,-0.0006436041834271932,-8.045052292839915e-05,-0.0016090104585679832,-0.0017699115044247816,-0.0012872083668543865,-0.0012872083668543865
100,100,0.9798873692679002,0.9798699437783482,0.9767442195698552,0.9942887620365566,3.1745124900093353,-1.0329141390430603,0.1890227445096826,5.507430871082107,1.760887984864435,0.035800482703137515,0.01673370876910698,0.011343523732904282,0.01794046661303291,0.011021721641190686,0.005631536604987941,0.006275140788415135,0.00386162510056316,0.0037811745776347603,0.0028962188254223697,0.004344328238133554,0.00193081255028158,0.014722445695897002,0.0031375703942075673,0.0008849557522123908,0.0,0.002574416733708773,0.0004022526146419958,0.0,0.00193081255028158,0.001045856798069189,8.045052292839915e-05,0.0001609010458567983,0.000482703137570395,0.0012872083668543865,0.000482703137570395,-0.0001609010458567983,0.0006436041834271932
101,101,0.9823008849557522,0.9823233329390614,0.9811140679026187,0.9969878096272082,2.7060763711463025,-1.2402938291886048,0.36515313332886784,6.132574324248248,1.6328661906931063,0.03370876910699914,0.025020112630732026,0.018181818181818143,0.012952534191472265,0.013113435237329052,0.013193885760257462,0.008769106999195508,0.008930008045052307,0.0033789219629927645,0.003620273531777962,0.00096540627514079,0.0016894609814963823,0.004183427192276756,0.005068382944489147,0.001045856798069189,0.0008045052292839916,0.0027353177795655715,-0.0003218020917135966,0.0008045052292839916,-8.045052292839915e-05,0.0003218020917135966,0.0004022526146419958,0.0007240547063555924,0.0003218020917135966,0.0032180209171359664,0.0,0.0011263073209975883,0.00193081255028158
102,102,0.9871279163314561,0.9871199924894777,0.9848658768824554,0.9975436075379996,3.6585080314800407,-0.45187657594618286,-0.11859827693970273,5.368586281828468,1.0542787686062718,0.03515687851971032,0.02083668543845535,0.015044247787610644,0.01520514883346744,0.008769106999195508,0.009412711182622702,0.0074014481094127225,0.005872888173773139,0.0015285599356395841,0.004344328238133554,0.004344328238133554,0.0016894609814963823,0.007240547063555924,0.004344328238133554,-8.045052292839915e-05,0.0004022526146419958,0.002172164119066777,0.0013676588897827858,8.045052292839915e-05,0.0005631536604987942,-8.045052292839915e-05,0.0004022526146419958,0.0001609010458567983,-0.0006436041834271932,0.0005631536604987942,0.0007240547063555924,0.002091713596138378,0.0033789219629927645
103,103,0.9742558326629123,0.9743308182583448,0.9725662904853656,0.9964889745236566,3.784200755745976,-0.8480810330576358,-0.1283400977840604,5.11940099266168,1.641093184709494,0.039501206757843875,0.015044247787610533,0.013032984714400564,0.009493161705551067,0.0069991954947707154,0.004263877715205156,0.009332260659694258,0.002574416733708773,-0.0006436041834271932,0.002011263073209979,-0.000482703137570395,-0.0005631536604987942,0.007481898632341122,-0.0008045052292839916,-0.0008045052292839916,-0.00096540627514079,0.0004022526146419958,-0.0005631536604987942,-0.0004022526146419958,-0.0017699115044247816,-0.0008849557522123908,-0.0003218020917135966,-0.0014481094127111848,-0.0014481094127111848,-0.0008849557522123908,-0.002091713596138378,-0.002493966210780374,-0.0005631536604987942
104,104,0.9839098954143202,0.9839209648614364,0.9820356495323175,0.9978266873191407,3.645009691522496,-0.8955713933787054,-0.28057804354171073,5.466531519703716,1.2456358662764915,0.027272727272727205,0.019549477071600964,0.01440064360418345,0.014802896218825435,0.005631536604987941,0.008930008045052307,0.0005631536604987942,0.00386162510056316,-0.001045856798069189,0.002011263073209979,0.000482703137570395,-0.0012067578439259874,0.002493966210780374,0.0001609010458567983,-0.0008849557522123908,0.0001609010458567983,-0.0005631536604987942,-0.0006436041834271932,-0.0008849557522123908,-0.0012067578439259874,-0.0006436041834271932,-0.0007240547063555924,-0.002011263073209979,-0.0008045052292839916,-0.001045856798069189,-0.0012067578439259874,-0.0017699115044247816,-0.0013676588897827858
105,105,0.9831053901850362,0.9831520505231511,0.9836577007629639,0.9984834769523765,3.410558787949944,-0.9709661911971964,0.31599353760579746,4.891195382840336,1.8959811871324594,0.03547868061142392,0.02139983909895409,0.013193885760257462,0.014722445695897046,0.009090909090909104,0.010297666934835092,0.003459372485921164,0.0030571198712791682,0.00193081255028158,0.0022526146419951766,0.0032984714400643655,-0.0013676588897827858,0.00482703137570395,0.003620273531777962,-0.0002413515687851975,-0.0007240547063555924,0.0003218020917135966,-0.0011263073209975883,-0.0003218020917135966,-0.0016090104585679832,-0.000482703137570395,-0.00193081255028158,-0.0016894609814963823,-0.0005631536604987942,0.0007240547063555924,0.0,0.0003218020917135966,8.045052292839915e-05
106,106,0.9847144006436042,0.9847096535387195,0.9824027171844347,0.9982900477264077,3.6054972019681255,-1.344716701523735,0.2762648310960978,5.364007829731813,1.7359408883163197,0.023330651649235666,0.017216411906677408,0.013596138374899458,0.006275140788415135,0.00667739340305713,0.007320997586484324,0.002574416733708773,0.006033789219629937,0.0030571198712791682,0.0001609010458567983,0.0011263073209975883,0.0003218020917135966,0.007964601769911516,0.0016090104585679832,-0.0007240547063555924,-0.0005631536604987942,-0.0013676588897827858,0.0005631536604987942,-0.0002413515687851975,-0.0013676588897827858,0.0,-0.0003218020917135966,-0.0016894609814963823,-0.0003218020917135966,0.0003218020917135966,-0.0001609010458567983,-0.000482703137570395,0.0004022526146419958
107,107,0.9847144006436042,0.9847188696222289,0.9831921820330422,0.9979667261394444,3.0645811358363737,-0.6575819577257186,0.44927305940770895,5.224453068045414,1.3293127676872838,0.03531777956556712,0.020595333869670118,0.016572807723250225,0.013998390989541443,0.011343523732904282,0.017618664521319393,0.007320997586484324,0.0053901850362027435,0.0017699115044247816,0.003459372485921164,0.002172164119066777,0.001045856798069189,0.010860820595333887,0.0028157683024939706,0.0,-0.0002413515687851975,0.0018503620273531806,0.0006436041834271932,0.000482703137570395,-0.0007240547063555924,-0.0004022526146419958,0.0001609010458567983,-0.0008045052292839916,0.0017699115044247816,0.0011263073209975883,0.0005631536604987942,0.0,-0.0017699115044247816
108,108,0.9887369267900241,0.9887436138330429,0.9879517021672403,0.9984652590456702,3.525308258746608,-0.3540038916468251,-0.5082731912876453,5.165161067153996,1.5124350486541516,0.02759452936444081,0.0189863234111022,0.016090104585679832,0.011343523732904282,0.008447304907481912,0.008205953338696715,0.006516492357200332,0.007884151246983117,0.002172164119066777,0.0032180209171359664,0.004183427192276756,0.0028962188254223697,0.011665325824617878,0.0030571198712791682,-0.0007240547063555924,0.0008849557522123908,0.0022526146419951766,0.0015285599356395841,8.045052292839915e-05,0.002574416733708773,0.001045856798069189,-0.0003218020917135966,0.0015285599356395841,-8.045052292839915e-05,0.0015285599356395841,0.0,0.0002413515687851975,0.0016090104585679832
109,109,0.9895414320193081,0.9895254807617017,0.986741167568826,0.9953786159129271,3.111360553471456,-0.8083210674605609,0.234680623598344,5.8403472179041165,1.2641030899874803,0.027111826226870438,0.02389380530973454,0.01697506033789222,0.014561544650040248,0.014561544650040248,0.009975864843121495,0.008688656476267109,0.0095736122284795,0.002172164119066777,0.0039420756234915585,0.003459372485921164,0.00193081255028158,0.006999195494770727,0.0041029766693483575,0.0012872083668543865,-0.0004022526146419958,0.0013676588897827858,0.002574416733708773,8.045052292839915e-05,0.0028157683024939706,0.0016090104585679832,0.000482703137570395,0.0002413515687851975,0.0015285599356395841,0.0017699115044247816,0.00096540627514079,0.002574416733708773,0.0005631536604987942
110,110,0.9726468222043443,0.9727675291993367,0.9732651245551601,0.9958778173190985,3.345691853501808,-0.4184787727322675,-0.15794139152879336,5.550459574183063,1.154227038092164,0.027996781979082796,0.018825422365245294,0.008608205953338633,0.010941271118262208,0.005309734513274345,0.009090909090909028,0.004585679806918752,0.004907481898632338,0.002011263073209979,0.0029766693483507687,0.00096540627514079,-0.0014481094127111848,0.011745776347546167,0.00386162510056316,0.0001609010458567983,0.0004022526146419958,0.00193081255028158,0.0007240547063555924,-0.0005631536604987942,0.000482703137570395,0.0004022526146419958,8.045052292839915e-05,0.0013676588897827858,0.0015285599356395841,0.0006436041834271932,0.0006436041834271932,0.002011263073209979,0.0007240547063555924
111,111,0.9871279163314561,0.9871358401734346,0.9860612537698006,0.9985330717652915,2.6880213535412176,-1.2400546860406632,0.19402554202222436,5.863438106464365,1.8286335429402503,0.03177795655671756,0.01842316975060341,0.010699919549477088,0.013837489943684656,0.01238938053097347,0.010699919549477088,0.004263877715205156,0.004022526146419958,0.0016894609814963823,0.0028962188254223697,0.0012872083668543865,0.0015285599356395841,0.006033789219629937,0.0026548672566371724,8.045052292839915e-05,0.0,0.0003218020917135966,0.0008045052292839916,8.045052292839915e-05,-0.0008849557522123908,-8.045052292839915e-05,0.0002413515687851975,0.000482703137570395,0.0006436041834271932,-0.0001609010458567983,-0.0002413515687851975,0.0002413515687851975,-0.0001609010458567983
112,112,0.9831053901850362,0.9831002983834943,0.980708340608812,0.996871544147605,3.5751687692999377,-0.5634379683504682,-0.07194257562524255,5.046415145496957,1.621191652016361,0.029927594529364377,0.022687047465808474,0.012711182622687067,0.013193885760257462,0.007964601769911516,0.009090909090909104,0.006757843925985529,0.00386162510056316,0.004907481898632349,0.0041029766693483575,0.0022526146419951766,0.0017699115044247816,0.009814963797264698,0.00474658085277555,-0.0002413515687851975,0.0002413515687851975,0.0006436041834271932,0.0014481094127111848,0.0005631536604987942,-0.0002413515687851975,0.0014481094127111848,-0.0001609010458567983,0.0013676588897827858,0.0003218020917135966,0.0022526146419951766,-0.0003218020917135966,0.0004022526146419958,0.0007240547063555924
113,113,0.9879324215607401,0.9879513842463662,0.9878605733816552,0.9982262294115913,3.587340527857014,-0.7747795817868993,0.4801224114351536,5.1785489041294115,1.353255512765998,0.031214802896218762,0.020193081255028167,0.017055510860820623,0.013837489943684656,0.009171359613837504,0.0061142397425583365,0.0039420756234915585,0.008688656476267109,0.002493966210780374,0.0030571198712791682,0.0028962188254223697,0.0016090104585679832,0.012711182622687067,0.0028962188254223697,-8.045052292839915e-05,8.045052292839915e-05,0.0011263073209975883,0.002413515687851975,0.0006436041834271932,0.0012872083668543865,-0.0007240547063555924,0.0,0.0004022526146419958,8.045052292839915e-05,0.0008849557522123908,0.000482703137570395,0.0016894609814963823,0.0016894609814963823
114,114,0.9839098954143202,0.9839198002167934,0.9824217491874798,0.9981758557081368,3.4419138092030854,-1.2386540344821226,0.12136484090943178,5.413475125524749,1.7984171677816725,0.030329847144006373,0.015687851971037836,0.011584875301689479,0.01802091713596138,0.014641995172968648,0.00764279967819792,0.005551086082059542,0.007320997586484324,0.0032180209171359664,0.0031375703942075673,0.0041029766693483575,0.000482703137570395,0.018181818181818177,0.00482703137570395,-0.000482703137570395,0.0005631536604987942,0.002172164119066777,0.0012872083668543865,0.0004022526146419958,-0.000482703137570395,0.0001609010458567983,0.0004022526146419958,0.0007240547063555924,0.0012872083668543865,0.002011263073209979,0.0014481094127111848,0.000482703137570395,0.002413515687851975
115,115,0.9831053901850362,0.9830699623674202,0.9790459832703848,0.9971586301179414,3.0290105399669356,-0.5143434993882958,0.32328704516239976,5.245383517013225,1.3802530541376166,0.03435237329042633,0.017457763475462594,0.014802896218825422,0.013274336283185861,0.011745776347546278,0.011021721641190686,0.007240547063555924,0.006757843925985529,0.0017699115044247816,0.00474658085277555,0.0012872083668543865,8.045052292839915e-05,0.006516492357200332,0.002493966210780374,-0.0005631536604987942,-0.0011263073209975883,-0.0007240547063555924,-0.0011263073209975883,-0.0011263073209975883,0.0004022526146419958,0.0004022526146419958,-0.0014481094127111848,-0.0007240547063555924,0.0003218020917135966,-0.0006436041834271932,0.00096540627514079,0.0008045052292839916,-0.0006436041834271932
116,116,0.9887369267900241,0.9887293545415392,0.9863783339585901,0.9990442503170945,3.3613703918782183,-1.1375093581291218,0.20159098376582218,5.480007434241985,1.515006925338929,0.027272727272727226,0.02164119066773935,0.01818181818181821,0.007240547063555924,0.009975864843121495,0.007079646017699126,0.0013676588897827858,0.007803700724054718,0.004344328238133554,0.0029766693483507687,0.005711987127916341,0.003620273531777962,0.00764279967819792,0.0030571198712791682,0.0004022526146419958,-0.0002413515687851975,0.0004022526146419958,0.0006436041834271932,0.0002413515687851975,0.002413515687851975,0.0017699115044247816,8.045052292839915e-05,0.0012067578439259874,0.0006436041834271932,0.0017699115044247816,0.000482703137570395,0.0008849557522123908,0.0018503620273531806
117,117,0.9871279163314561,0.9871362247040237,0.9859427594488911,0.9977313196206837,3.023901403680888,-1.0509950871683293,0.23210049974529426,5.336673378898052,1.9952422671917516,0.03539823008849552,0.01617055510860823,0.016894609814963824,0.01246983105390187,0.008527755430410311,0.009332260659694303,0.003539823008849563,0.0029766693483507687,0.0015285599356395841,0.0016894609814963823,0.0022526146419951766,0.0008045052292839916,0.0017699115044247816,0.0031375703942075673,0.0011263073209975883,0.0,-0.0003218020917135966,-0.0001609010458567983,8.045052292839915e-05,0.0008849557522123908,0.0003218020917135966,-0.0004022526146419958,0.0004022526146419958,-0.0003218020917135966,8.045052292839915e-05,8.045052292839915e-05,0.00096540627514079,0.0004022526146419958
118,118,0.9790828640386162,0.9791272843492638,0.9776660118354676,0.9969259313154831,3.750703823768473,-0.7810412206625984,0.23180843321083053,5.433313692070494,0.9304266915229499,0.029042638777151984,0.015768302493966168,0.014078841512469787,0.011987127916331464,0.007320997586484324,0.0061142397425583365,0.004344328238133554,0.004344328238133554,0.000482703137570395,0.002493966210780374,0.0016090104585679832,0.001045856798069189,0.005148833467417546,0.0037007240547063613,0.0011263073209975883,0.0001609010458567983,-0.0007240547063555924,0.0002413515687851975,0.0,0.000482703137570395,-8.045052292839915e-05,-0.00096540627514079,-8.045052292839915e-05,0.0006436041834271932,0.0023330651649235757,-8.045052292839915e-05,0.0012067578439259874,0.000482703137570395
119,119,0.9814963797264682,0.9814679885154459,0.9776635606603614,0.99717370908434,2.618665087465341,-1.0817107864985085,0.5177789243383362,5.344724729355092,2.226688594089292,0.029123089300080385,0.018262268704746544,0.01335478680611426,0.014883346741753834,0.008527755430410311,0.00772325020112632,0.002413515687851975,0.0037811745776347603,0.00193081255028158,0.004022526146419958,0.002011263073209979,-8.045052292839915e-05,0.003539823008849563,0.000482703137570395,0.0003218020917135966,-0.0008849557522123908,0.0004022526146419958,8.045052292839915e-05,-0.0002413515687851975,0.0008849557522123908,0.00096540627514079,-0.0005631536604987942,-0.0002413515687851975,0.000482703137570395,0.0016090104585679832,-0.0006436041834271932,0.002011263073209979,-8.045052292839915e-05
120,120,0.9831053901850362,0.9831557677954189,0.9835518645405463,0.9970284538991827,3.30879779689351,-1.2975519764874872,-0.23166127211216495,5.332201846250593,2.225530092204294,0.04247787610619465,0.016814159292035426,0.01794046661303298,0.01633145615446502,0.008930008045052307,0.008849557522123908,0.009171359613837504,0.009251810136765903,0.0012067578439259874,0.0037811745776347603,0.004505229283990353,-0.00096540627514079,0.009171359613837504,0.005631536604987941,0.00096540627514079,0.0016090104585679832,0.0007240547063555924,-0.0001609010458567983,-0.0005631536604987942,0.0012872083668543865,-0.0003218020917135966,8.045052292839915e-05,0.0008849557522123908,0.0012067578439259874,0.0015285599356395841,-0.0007240547063555924,0.002091713596138378,0.0029766693483507687
121,121,0.9839098954143202,0.9838903219914893,0.9807112508003026,0.9967289447645655,3.0283456766221915,-1.251603822664669,0.4336872322360475,5.610256762484337,2.0155674444445575,0.037731295253419096,0.01810136765888979,0.01584875301689461,0.01810136765888979,0.013113435237329062,0.007240547063555924,0.0037811745776347603,0.009010458567980707,0.005229283990345945,0.0022526146419951766,0.002574416733708773,0.002493966210780374,0.004022526146419958,0.004424778761061954,0.0015285599356395841,0.0,0.00096540627514079,-0.0006436041834271932,-0.0001609010458567983,-0.0030571198712791682,0.002091713596138378,0.0002413515687851975,0.0,0.0,0.0002413515687851975,-0.0002413515687851975,0.00193081255028158,0.0008045052292839916
122,122,0.9798873692679002,0.9798579680927374,0.9761373541687112,0.9960717192650277,2.811517440200272,-1.3136245646924984,0.32535658802519735,5.666650437429238,2.0312261327208043,0.028157683024939595,0.02292839903459365,0.020514883346741675,0.013274336283185816,0.012952534191472253,0.007160096540627525,0.0017699115044247816,0.005551086082059542,0.002011263073209979,0.0008849557522123908,0.0008045052292839916,0.0015285599356395841,0.006033789219629937,0.0008849557522123908,-0.0004022526146419958,0.0,0.0004022526146419958,0.000482703137570395,0.0005631536604987942,0.000482703137570395,-0.0005631536604987942,0.0003218020917135966,0.0002413515687851975,0.0003218020917135966,-0.0006436041834271932,0.001045856798069189,0.0028962188254223697,0.0015285599356395841
123,123,0.9903459372485921,0.9903596050364837,0.9901431901431901,0.9991160354796718,2.942012856927836,-1.0832091364778327,-0.10750307394907681,5.699287781467648,1.7220584528754421,0.030168946098149595,0.02083668543845537,0.0192276749798874,0.016572807723250225,0.01230893000804507,0.010780370072405487,0.007079646017699126,0.005551086082059542,0.001045856798069189,0.004022526146419958,0.005631536604987941,0.001045856798069189,0.0094931617055511,0.004022526146419958,0.0001609010458567983,-0.0006436041834271932,0.002172164119066777,0.0013676588897827858,0.000482703137570395,0.0037007240547063613,-0.0005631536604987942,-8.045052292839915e-05,8.045052292839915e-05,0.0001609010458567983,0.0028962188254223697,-0.0006436041834271932,0.002493966210780374,-0.0002413515687851975
124,124,0.9847144006436042,0.9847006633265695,0.9819679365466465,0.9976861126111217,3.134930052585986,-0.16514656282557386,0.22122624308528394,5.413064452495265,0.5921315093597577,0.03073209975864837,0.02067578439259852,0.01641190667739343,0.012872083668543866,0.014481094127111849,0.01432019308125505,0.007964601769911516,0.006918744971842328,0.002413515687851975,0.0032180209171359664,0.003539823008849563,0.0030571198712791682,0.010699919549477088,0.007160096540627525,0.00096540627514079,-8.045052292839915e-05,0.003459372485921164,0.0016090104585679832,0.0004022526146419958,0.0005631536604987942,0.0011263073209975883,8.045052292839915e-05,0.0008045052292839916,0.0011263073209975883,0.002091713596138378,0.0008045052292839916,0.0018503620273531806,0.0031375703942075673
125,125,0.9879324215607401,0.9879361692751227,0.9866463797177416,0.9991791407949435,3.332682158437171,-0.5122340227242739,-0.11181521248009467,5.098908458378224,1.5822993054305177,0.03234111021721635,0.023572003218020908,0.012952534191472265,0.010780370072405487,0.010056315366049895,0.008045052292839916,0.005470635559131143,0.005551086082059542,0.0017699115044247816,0.0026548672566371724,0.0012872083668543865,-0.0006436041834271932,0.008447304907481912,0.0030571198712791682,0.0001609010458567983,0.0003218020917135966,-8.045052292839915e-05,-0.0002413515687851975,8.045052292839915e-05,-0.0003218020917135966,0.0012067578439259874,0.0004022526146419958,0.0008045052292839916,-0.0015285599356395841,-0.0001609010458567983,0.0015285599356395841,-0.0007240547063555924,-0.0001609010458567983
126,126,0.9879324215607401,0.9879364664114664,0.9864390659845206,0.9984466864632153,3.2131394836364975,-0.43525192660125805,-0.0433555970490132,5.616397517287205,0.9099858537491381,0.027192276749798815,0.015687851971037836,0.018020917135961413,0.007079646017699126,0.008688656476267109,0.009251810136765903,0.0061142397425583365,0.006596942880128731,0.004022526146419958,0.005068382944489147,0.0016090104585679832,0.0004022526146419958,0.005711987127916341,0.002172164119066777,0.002011263073209979,-0.0002413515687851975,8.045052292839915e-05,-0.000482703137570395,-8.045052292839915e-05,-0.0016894609814963823,0.0008849557522123908,0.0,0.0,0.0011263073209975883,-0.0006436041834271932,0.000482703137570395,-8.045052292839915e-05,0.0012872083668543865
127,127,0.9806918744971842,0.9806280885820947,0.9747887631432988,0.9983980221621686,3.6924607782382335,-0.5107569637367333,-0.08376649175086126,5.166564097741485,1.2053449269555254,0.03024939662107797,0.012711182622687046,0.012389380530973448,0.007160096540627525,0.009251810136765903,0.009171359613837504,0.000482703137570395,0.004666130329847151,0.002091713596138378,0.0014481094127111848,0.002172164119066777,-0.0017699115044247816,0.00667739340305713,0.0028157683024939706,0.0013676588897827858,-0.0003218020917135966,-8.045052292839915e-05,-8.045052292839915e-05,-0.0002413515687851975,0.0012872083668543865,0.0022526146419951766,-0.0006436041834271932,-0.0007240547063555924,-0.0004022526146419958,0.0012872083668543865,0.00096540627514079,-0.0005631536604987942,-0.0003218020917135966
128,128,0.9823008849557522,0.9823226755211931,0.9812037900242153,0.996567049538853,3.2252082016959664,-0.8625856318169817,-0.16472184900170833,5.718907757282645,1.4938443773984973,0.043443282381335435,0.02405470635559124,0.013596138374899458,0.011423974255832681,0.009895414320193096,0.010941271118262286,0.006275140788415135,0.005872888173773139,0.00386162510056316,0.003539823008849563,0.003459372485921164,0.0028962188254223697,0.006918744971842328,0.0028157683024939706,-8.045052292839915e-05,0.0,0.0017699115044247816,0.0018503620273531806,0.0001609010458567983,0.0002413515687851975,8.045052292839915e-05,0.0002413515687851975,0.000482703137570395,0.0003218020917135966,0.0018503620273531806,0.0,0.0012067578439259874,0.0018503620273531806
129,129,0.9814963797264682,0.9815242634015785,0.980654083861998,0.9959576133562325,3.509208615063503,-0.49539932118620683,-0.0353416386515139,4.945204833180515,1.6058957469510904,0.0374094931617055,0.020032180209171302,0.014963797264682232,0.013032984714400665,0.011906677393403075,0.009895414320193096,0.0032984714400643655,0.004022526146419958,0.001045856798069189,0.0015285599356395841,-0.0011263073209975883,0.002011263073209979,0.00386162510056316,0.0014481094127111848,-0.0015285599356395841,0.0006436041834271932,-8.045052292839915e-05,0.0,-0.0006436041834271932,-0.0012067578439259874,-0.0007240547063555924,0.0001609010458567983,-0.0004022526146419958,-0.001045856798069189,-0.00096540627514079,-0.0007240547063555924,-0.0014481094127111848,-0.0016090104585679832
130,130,0.9806918744971842,0.9807172407474741,0.9791531622610092,0.9964051024352533,3.210012272803383,-0.5902602350809074,0.15759754321373048,5.047504093028256,1.6624726848058118,0.03499597747385352,0.017940466613032936,0.010699919549477088,0.01150442477876108,0.012148028962188273,0.008527755430410311,0.0039420756234915585,0.004907481898632349,0.0029766693483507687,0.002413515687851975,0.003539823008849563,-0.0029766693483507687,0.004585679806918752,0.005631536604987941,0.000482703137570395,-0.0012067578439259874,0.0006436041834271932,0.0001609010458567983,-0.001045856798069189,0.0007240547063555924,-0.002011263073209979,-0.001045856798069189,-0.0005631536604987942,0.0,-0.0006436041834271932,0.0,-0.00096540627514079,0.0015285599356395841
131,131,0.9839098954143202,0.9839098954143202,0.9817798572877638,0.9968045123803158,2.9798623662982195,-0.961967380136898,0.3000609966390862,5.506410430938192,1.5657998229848331,0.02405470635559124,0.018101367658889776,0.014722445695897035,0.014722445695897046,0.01061946902654869,0.006194690265486735,0.00482703137570395,0.005148833467417546,0.0028962188254223697,-0.0012872083668543865,0.0012872083668543865,-0.0011263073209975883,0.005148833467417546,0.00193081255028158,-0.00096540627514079,-0.0004022526146419958,0.0006436041834271932,0.0003218020917135966,-0.0011263073209975883,0.0004022526146419958,-0.0004022526146419958,-0.0015285599356395841,-0.0016090104585679832,-0.000482703137570395,0.00193081255028158,0.0,0.0006436041834271932,-0.0004022526146419958
132,132,0.9871279163314561,0.9871192623331876,0.9845278715662981,0.9979455847937546,3.15264919016541,-0.9901872425256243,0.2149662663147601,5.560511211781462,1.575235357994392,0.025422365245374046,0.015929203539823033,0.016894609814963824,0.012228479485116673,0.0094931617055511,0.010941271118262286,0.00764279967819792,0.004183427192276756,0.0002413515687851975,0.002011263073209979,0.0017699115044247816,0.000482703137570395,0.005792437650844739,0.0016894609814963823,-0.00096540627514079,0.0008045052292839916,0.0001609010458567983,0.0012872083668543865,0.0005631536604987942,8.045052292839915e-05,0.0004022526146419958,0.00096540627514079,0.0004022526146419958,0.0008045052292839916,0.0014481094127111848,0.0016894609814963823,0.0005631536604987942,0.0008045052292839916
133,133,0.9814963797264682,0.9814911990544504,0.9792082816733251,0.9971960095513615,3.1330267531947924,-0.15529575380661026,0.2742603676939545,5.265681295779893,0.8131644301162069,0.03475462590506832,0.01938857602574411,0.01407884151246983,0.010780370072405487,0.010378117457763491,0.009332260659694303,0.0032984714400643655,0.003620273531777962,0.003620273531777962,0.0026548672566371724,0.002011263073209979,0.0006436041834271932,0.0014481094127111848,0.0030571198712791682,-8.045052292839915e-05,0.000482703137570395,-0.0008849557522123908,-0.0014481094127111848,8.045052292839915e-05,0.0003218020917135966,0.0008849557522123908,-0.0012872083668543865,-0.0002413515687851975,0.0001609010458567983,-0.0023330651649235757,-0.0007240547063555924,-0.0001609010458567983,-0.0011263073209975883
134,134,0.9758648431214803,0.975895093538256,0.9738348311763216,0.9949296984892091,3.2030996657799067,-0.7483647168616717,0.36609334174781544,5.101383639608598,1.7317495409326735,0.032984714400643544,0.019388576025744085,0.012308930008045027,0.0191472244569589,0.012550281576830202,0.006999195494770727,0.0027353177795655715,0.0016894609814963823,0.00193081255028158,0.0027353177795655715,0.0032180209171359664,-0.0004022526146419958,0.006838294448913929,0.0018503620273531806,-0.002172164119066777,-0.0003218020917135966,8.045052292839915e-05,-0.000482703137570395,-0.0008045052292839916,-0.001045856798069189,-0.0007240547063555924,-0.0008045052292839916,-0.001045856798069189,0.0002413515687851975,0.001045856798069189,8.045052292839915e-05,0.0008045052292839916,-0.00096540627514079
135,135,0.9871279163314561,0.9871444357510735,0.9865920102223721,0.9979856957779474,3.14617194995269,-1.5014934288259862,0.4346047957464952,5.624261753690601,1.843494006738215,0.03934030571198708,0.019871279163314583,0.01818181818181821,0.01150442477876108,0.009895414320193096,0.0094931617055511,0.007160096540627525,0.0074014481094127225,0.002172164119066777,0.0028157683024939706,0.00386162510056316,0.0022526146419951766,0.006194690265486735,0.002574416733708773,0.001045856798069189,0.0001609010458567983,-0.0008849557522123908,-0.00096540627514079,8.045052292839915e-05,0.0037811745776347603,0.0002413515687851975,0.0,0.0012067578439259874,-8.045052292839915e-05,0.002011263073209979,8.045052292839915e-05,0.0004022526146419958,0.0012067578439259874
136,136,0.9823008849557522,0.9823125111538019,0.9803596669398615,0.9967780826473767,3.037619693978388,-0.8562148666990285,0.7920056157420113,5.41854897876846,1.1898064932141716,0.02687047465808521,0.020836685438455304,0.014239742558326652,0.009814963797264698,0.013515687851971058,0.010780370072405487,0.0030571198712791682,0.005148833467417546,0.0008849557522123908,0.0016894609814963823,0.0015285599356395841,0.0011263073209975883,0.011665325824617878,0.0023330651649235757,-0.0016090104585679832,-0.0004022526146419958,0.0012872083668543865,0.0015285599356395841,-0.0003218020917135966,-0.0012872083668543865,-0.0002413515687851975,-0.000482703137570395,-0.0006436041834271932,0.00096540627514079,0.0006436041834271932,-0.0005631536604987942,0.0023330651649235757,-0.0003218020917135966
137,137,0.9774738535800482,0.9773936090638242,0.9714812892809779,0.9944703915124258,4.13866323995508,-0.9237058848528114,-0.2017090797956475,5.159420391468549,1.382167712556892,0.03234111021721635,0.020193081255028077,0.01713596138374892,0.00860820595333871,0.010378117457763469,0.008045052292839916,0.004987932421560748,0.008527755430410311,0.0008849557522123908,0.002493966210780374,0.004987932421560748,0.0,0.008286403861625102,0.0029766693483507687,0.0013676588897827858,-0.0002413515687851975,0.0018503620273531806,0.0004022526146419958,0.000482703137570395,0.0012872083668543865,0.0015285599356395841,0.000482703137570395,0.0012872083668543865,0.002011263073209979,0.003620273531777962,-0.0002413515687851975,0.0016090104585679832,0.002172164119066777
138,138,0.9806918744971842,0.9807495409321499,0.9812678387609957,0.9976838854576081,2.9946962835015936,-0.653538239756023,0.41419068008277343,5.645746657902419,1.2361764153427381,0.02196299275945287,0.017618664521319348,0.010699919549477088,0.011263073209975882,0.007562349155269521,0.0074014481094127225,0.005872888173773139,0.0012872083668543865,0.002091713596138378,0.003459372485921164,0.0013676588897827858,-0.0007240547063555924,0.0096540627514079,0.00096540627514079,-0.0006436041834271932,-0.000482703137570395,0.0004022526146419958,0.0015285599356395841,-0.0005631536604987942,8.045052292839915e-05,-0.0004022526146419958,-0.0006436041834271932,0.0001609010458567983,0.0002413515687851975,-0.001045856798069189,-0.0003218020917135966,0.001045856798069189,0.0004022526146419958
139,139,0.9790828640386162,0.9790690437570134,0.97538256227758,0.9968920521945434,3.401969694831124,-0.6568060161760293,0.20079250741720817,5.153912777436494,1.4616577931737635,0.027272727272727205,0.016331456154464963,0.016170555108608153,0.014722445695897002,0.006838294448913929,0.007481898632341122,0.0041029766693483575,0.002011263073209979,0.0027353177795655715,0.0007240547063555924,0.00096540627514079,0.000482703137570395,0.0,0.0007240547063555924,-0.0003218020917135966,-0.0003218020917135966,-0.0015285599356395841,-0.0004022526146419958,-0.0008849557522123908,-0.0008849557522123908,-0.0001609010458567983,-0.0001609010458567983,-0.000482703137570395,0.000482703137570395,-0.0015285599356395841,-0.000482703137570395,0.0001609010458567983,-0.0003218020917135966
140,140,0.9823008849557522,0.9823212679902628,0.981387779899323,0.9974772898223688,3.002194246322901,-0.7023679559505644,0.555386157656341,5.576469017136913,1.200901454916118,0.03451327433628313,0.018905872888173726,0.014802896218825435,0.015205148833467418,0.01440064360418345,0.011826226870474677,0.006436041834271933,0.0074014481094127225,0.005148833467417546,0.002091713596138378,0.004022526146419958,0.004183427192276756,0.007884151246983117,0.008125502815768315,0.0029766693483507687,0.0008045052292839916,0.002091713596138378,0.0006436041834271932,0.0004022526146419958,0.0014481094127111848,0.0017699115044247816,0.0003218020917135966,0.001045856798069189,0.0027353177795655715,0.002493966210780374,0.0008849557522123908,0.0028962188254223697,0.0028962188254223697
141,141,0.9831053901850362,0.9831106057723716,0.9812022369923579,0.997364799578368,3.656648704650874,-1.214338886698302,0.10880712714468731,5.553307956012289,1.3513401978131234,0.030329847144006373,0.018262268704746554,0.016653258246178616,0.011665325824617878,0.007964601769911516,0.011584875301689479,0.005631536604987941,0.0018503620273531806,0.0012067578439259874,0.0032984714400643655,0.0016894609814963823,0.001045856798069189,0.010217216411906694,0.002172164119066777,0.00096540627514079,8.045052292839915e-05,-0.0007240547063555924,0.0008849557522123908,8.045052292839915e-05,0.0008849557522123908,0.001045856798069189,0.0004022526146419958,0.0008849557522123908,0.0006436041834271932,0.0008045052292839916,0.0008849557522123908,0.0004022526146419958,0.0022526146419951766
142,142,0.9879324215607401,0.9879155280650295,0.9852737352737353,0.9986025440570895,2.7029756490179753,-0.788589807784424,0.10095121773942592,5.47168142076325,1.6580793498805617,0.03451327433628313,0.013676588897827857,0.01238938053097347,0.011826226870474677,0.013193885760257462,0.008125502815768315,0.005068382944489147,0.00386162510056316,0.005470635559131143,0.004183427192276756,0.003620273531777962,0.0012067578439259874,0.00772325020112632,0.0031375703942075673,-0.0003218020917135966,-0.0011263073209975883,0.0018503620273531806,0.0001609010458567983,0.0004022526146419958,0.0013676588897827858,0.0004022526146419958,0.000482703137570395,0.0003218020917135966,0.00096540627514079,0.0015285599356395841,0.00096540627514079,0.001045856798069189,0.002172164119066777
143,143,0.9839098954143202,0.9839511939633636,0.9841963226571768,0.997867734282325,3.2790973469173768,-1.2942078178037617,0.25800429324828467,5.631142562148535,1.5622680667663558,0.030088495575221176,0.019147224456958968,0.011745776347546278,0.011826226870474677,0.013917940466613054,0.007160096540627525,0.005309734513274345,0.005631536604987941,0.00474658085277555,0.001045856798069189,0.0016894609814963823,0.0013676588897827858,0.004263877715205156,0.004344328238133554,0.0007240547063555924,0.0,0.0,-8.045052292839915e-05,-0.0007240547063555924,-0.0022526146419951766,-8.045052292839915e-05,0.001045856798069189,0.0004022526146419958,0.0006436041834271932,0.0002413515687851975,-0.0002413515687851975,-0.0003218020917135966,-8.045052292839915e-05
144,144,0.9879324215607401,0.9879359066586505,0.9868202807589391,0.9968878409071207,3.5692506478586767,-0.9521838257363511,0.04595174633859782,5.139887099735924,1.8157645127741322,0.0376508447304907,0.020434432823813374,0.01544650040225264,0.00860820595333871,0.016894609814963824,0.011263073209975882,0.004585679806918752,0.005631536604987941,0.004585679806918752,0.005148833467417546,0.004666130329847151,0.003459372485921164,0.006999195494770727,0.0033789219629927645,0.0008045052292839916,0.0005631536604987942,0.0015285599356395841,0.0016090104585679832,0.0007240547063555924,-8.045052292839915e-05,0.000482703137570395,8.045052292839915e-05,0.0001609010458567983,0.0012067578439259874,0.002011263073209979,0.002011263073209979,0.001045856798069189,0.002574416733708773
145,145,0.9863234111021721,0.9863116345860891,0.983934042896307,0.9976703066325707,3.639228536758896,-1.3209039840252346,0.7002653740440262,5.173005553782716,1.2595339756071182,0.03169750603378916,0.01802091713596139,0.011423974255832681,0.007160096540627525,0.006516492357200332,0.004585679806918752,0.004907481898632349,0.003620273531777962,0.002011263073209979,0.0023330651649235757,0.0037811745776347603,-0.0002413515687851975,0.0037811745776347603,0.0016894609814963823,-0.0002413515687851975,-0.0013676588897827858,0.0008849557522123908,0.0014481094127111848,-0.00096540627514079,-0.0002413515687851975,-0.0013676588897827858,0.0,0.0012067578439259874,-0.0014481094127111848,8.045052292839915e-05,-0.0007240547063555924,0.000482703137570395,0.000482703137570395
146,146,0.9798873692679002,0.9799072444557908,0.9778968808539741,0.9955279355356664,3.8822617913569304,-0.8229308551384813,-0.4269164368096172,5.420219323111544,1.3938120936338103,0.03258246178600155,0.01222847948511665,0.0094931617055511,0.01045856798069189,0.010136765888978294,0.006436041834271933,0.009090909090909104,0.00386162510056316,0.002413515687851975,0.0039420756234915585,0.0026548672566371724,0.0013676588897827858,0.006275140788415135,0.0037811745776347603,0.000482703137570395,0.0,0.0017699115044247816,-0.0008849557522123908,0.0015285599356395841,0.0005631536604987942,0.0006436041834271932,0.000482703137570395,0.0,0.0014481094127111848,0.002493966210780374,0.00096540627514079,0.0016894609814963823,0.0031375703942075673
147,147,0.9895414320193081,0.9895313950724742,0.987160925425664,0.9981872862851728,3.7778070279028197,-0.6033171956893785,-0.20005568912478827,5.03907506526316,1.2811207796242765,0.03242156074014475,0.02099758648431218,0.02027353177795659,0.016733708769107025,0.011906677393403075,0.014078841512469853,0.010699919549477088,0.007562349155269521,0.0028157683024939706,0.004666130329847151,0.0030571198712791682,0.0016894609814963823,0.016653258246178627,0.007320997586484324,0.0022526146419951766,0.0,0.002091713596138378,0.0030571198712791682,0.0004022526146419958,0.003539823008849563,0.0031375703942075673,0.0013676588897827858,0.002011263073209979,0.002172164119066777,0.0016090104585679832,0.0006436041834271932,0.0014481094127111848,0.003539823008849563
148,148,0.9823008849557522,0.9822890543487546,0.9790074633522643,0.9966727126758052,3.287380107809043,-1.2310055622678509,0.46486919309637337,5.178779306383572,1.8066745189871543,0.02944489139179398,0.020756234915526882,0.015526950925181027,0.014078841512469853,0.013676588897827835,0.007964601769911516,0.0028157683024939706,0.004907481898632349,0.00193081255028158,0.0022526146419951766,-0.0002413515687851975,0.0016090104585679832,0.005792437650844739,0.0012067578439259874,-0.0006436041834271932,0.0002413515687851975,0.0023330651649235757,-0.0018503620273531806,0.0005631536604987942,-0.0006436041834271932,0.0012067578439259874,0.000482703137570395,-0.0006436041834271932,-0.0007240547063555924,0.001045856798069189,-0.0012067578439259874,0.0004022526146419958,-0.0003218020917135966
149,149,0.9831053901850362,0.9831610624698613,0.9842985974877756,0.996328287412526,3.0765940566935814,-1.3031992058402262,0.42728544234962745,5.616755906719264,1.8627065366856848,0.027111826226870406,0.023411102172164043,0.016251005631536596,0.012630732099758657,0.011021721641190686,0.011423974255832681,0.008366854384553512,0.005470635559131143,0.002493966210780374,0.002413515687851975,0.0017699115044247816,-0.001045856798069189,0.009332260659694303,0.005470635559131143,0.0005631536604987942,0.0006436041834271932,-8.045052292839915e-05,0.0005631536604987942,0.0003218020917135966,-0.0004022526146419958,-0.0002413515687851975,-0.00193081255028158,-0.0008849557522123908,0.0014481094127111848,-0.0003218020917135966,-0.0001609010458567983,-0.0002413515687851975,0.0002413515687851975
150,150,0.9863234111021721,0.9863274587657331,0.9849597319722914,0.9980403086731583,3.2526056763634155,-0.5283282027635429,0.12478967282846393,5.13747390089998,1.6233156629385208,0.03644408688656471,0.017377312952534217,0.014802896218825445,0.010699919549477088,0.014963797264682244,0.007481898632341122,0.00193081255028158,0.004183427192276756,0.005470635559131143,0.0017699115044247816,0.0032984714400643655,0.0017699115044247816,0.010217216411906694,0.0030571198712791682,0.0012067578439259874,-0.0002413515687851975,0.00096540627514079,0.0007240547063555924,-0.0006436041834271932,0.001045856798069189,0.0004022526146419958,-0.0002413515687851975,0.0008849557522123908,0.002172164119066777,0.0016894609814963823,0.0004022526146419958,0.001045856798069189,0.0007240547063555924
151,151,0.9863234111021721,0.9863276332443008,0.9848417415746786,0.998085087693614,3.5822926385257636,-1.090686439384281,0.12489085372774801,5.582518504090319,1.2722965338572814,0.02502011263073205,0.01544650040225264,0.014641995172968648,0.007803700724054718,0.009734513274336299,0.009412711182622702,0.007884151246983117,0.00482703137570395,-0.0013676588897827858,0.0011263073209975883,0.00096540627514079,-0.0008045052292839916,0.006596942880128731,0.0023330651649235757,-0.000482703137570395,0.0,-0.0003218020917135966,0.0001609010458567983,0.0,0.0013676588897827858,-0.0007240547063555924,-0.0001609010458567983,0.0,0.0003218020917135966,0.0015285599356395841,-8.045052292839915e-05,0.0001609010458567983,-0.0007240547063555924
152,152,0.9823008849557522,0.982311457135496,0.9807054304173215,0.9970898085094,3.4826983652525105,-0.9687883746030961,0.09435542766892505,5.147309571046441,1.8979431625328438,0.03507642799678192,0.01866452131938854,0.013676588897827857,0.013274336283185839,0.013596138374899458,0.010699919549477088,0.006757843925985529,0.006999195494770727,0.0029766693483507687,0.006838294448913929,0.0028157683024939706,0.0012067578439259874,0.008769106999195508,0.005872888173773139,-0.000482703137570395,-0.0004022526146419958,0.000482703137570395,0.0013676588897827858,0.0002413515687851975,0.0008045052292839916,0.002091713596138378,-0.0006436041834271932,0.0007240547063555924,-0.0003218020917135966,0.0004022526146419958,0.0028962188254223697,0.0012872083668543865,0.0013676588897827858
153,153,0.9831053901850362,0.9830895558209475,0.9799636927941908,0.9975258396041344,3.275437701101414,-0.9246385434111788,-0.026319604014274363,5.781332081264605,1.436484925852207,0.030893000804505168,0.018262268704746554,0.012872083668543866,0.007562349155269521,0.010378117457763491,0.005872888173773139,0.004424778761061954,0.0033789219629927645,0.003539823008849563,0.0018503620273531806,0.005068382944489147,0.001045856798069189,0.0094931617055511,0.003539823008849563,8.045052292839915e-05,0.0,0.0002413515687851975,0.0012872083668543865,0.0002413515687851975,-0.0008045052292839916,0.0008045052292839916,0.0,0.0005631536604987942,0.0001609010458567983,0.0007240547063555924,0.000482703137570395,0.0005631536604987942,0.0015285599356395841
154,154,0.9774738535800482,0.9774579982258882,0.9731085531266743,0.9921313883554179,3.793797632712762,-1.2942797464580493,0.3242837444326345,5.267922967271721,1.5220274370119442,0.030651649235719967,0.02075623491552687,0.014963797264682166,0.013435237329042615,0.010056315366049895,0.008366854384553512,0.00482703137570395,0.005872888173773139,8.045052292839915e-05,0.0026548672566371724,0.0006436041834271932,0.000482703137570395,0.00860820595333871,0.004022526146419958,0.0006436041834271932,0.0005631536604987942,-0.0016894609814963823,0.0004022526146419958,-8.045052292839915e-05,-0.0015285599356395841,-0.0006436041834271932,0.0002413515687851975,-0.0004022526146419958,0.0003218020917135966,0.000482703137570395,-0.001045856798069189,0.0006436041834271932,0.0004022526146419958
155,155,0.9887369267900241,0.9887301990392782,0.9867757126018314,0.9987545072900518,3.181319143359061,-0.7113564374636804,0.15852217253711604,5.481390615489245,1.30657996118319,0.030973451327433565,0.01255028157683027,0.013917940466613054,0.009814963797264698,0.009734513274336299,0.006275140788415135,0.004344328238133554,0.006275140788415135,0.0031375703942075673,0.0032984714400643655,0.0016894609814963823,0.0,0.007964601769911516,0.0039420756234915585,0.00193081255028158,8.045052292839915e-05,0.00096540627514079,0.0014481094127111848,0.0,-0.0006436041834271932,0.00096540627514079,0.0,0.0003218020917135966,0.00096540627514079,0.0018503620273531806,0.0004022526146419958,0.0007240547063555924,0.0017699115044247816
156,156,0.9871279163314561,0.9871058171392038,0.9840292263577384,0.9956700628085116,3.47580308131688,-1.2679259715596465,0.3811374259206476,5.344495177146428,1.6594251817939247,0.03226065969428795,0.016090104585679832,0.016653258246178627,0.01995172968624298,0.01238938053097347,0.005148833467417546,0.005631536604987941,0.0053901850362027435,0.002413515687851975,0.0041029766693483575,0.0008849557522123908,0.0028962188254223697,0.004666130329847151,0.0039420756234915585,0.0017699115044247816,0.0001609010458567983,-0.0005631536604987942,-0.0001609010458567983,0.0,0.0001609010458567983,0.000482703137570395,0.0,-0.0006436041834271932,0.0004022526146419958,0.0008849557522123908,0.0005631536604987942,0.0001609010458567983,0.0017699115044247816
157,157,0.9782783588093322,0.9783584468537119,0.9786195862300829,0.9954222350299582,3.184228278154369,-0.5325229493389073,-0.1332695625397664,5.267065483044634,1.6814140690518986,0.03177795655671756,0.014239742558326607,0.01568785197103778,0.016492357200321727,0.014159292035398197,0.008286403861625102,0.007481898632341122,0.0059533386967015375,0.006436041834271933,0.006275140788415135,0.0023330651649235757,0.0008849557522123908,0.005551086082059542,0.0027353177795655715,0.0003218020917135966,-0.0002413515687851975,0.0018503620273531806,-0.0006436041834271932,0.0006436041834271932,-0.0032180209171359664,0.0003218020917135966,0.0007240547063555924,0.0004022526146419958,0.0006436041834271932,0.0017699115044247816,0.0002413515687851975,0.0005631536604987942,0.0013676588897827858
158,158,0.9855189058728882,0.985545171384255,0.9854891914654689,0.9980611313868614,3.200502973764505,-0.7476833294530619,0.1456246579413441,5.398704367078721,1.7386683688039677,0.030329847144006373,0.014481094127111838,0.021480289621882497,0.013032984714400665,0.010297666934835092,0.007803700724054718,0.0095736122284795,0.006516492357200332,0.0037007240547063613,0.0061142397425583365,0.0011263073209975883,-0.0001609010458567983,0.0096540627514079,0.006194690265486735,-0.00193081255028158,-0.0007240547063555924,0.0005631536604987942,-8.045052292839915e-05,0.000482703137570395,0.0014481094127111848,-0.0003218020917135966,0.0,8.045052292839915e-05,0.000482703137570395,0.002091713596138378,8.045052292839915e-05,0.0003218020917135966,0.0016090104585679832
159,159,0.9814963797264682,0.9814659044383693,0.9772362917871995,0.9968262137587922,3.423530316049681,-1.1577738972622038,0.03671869365213912,5.757997750282343,1.5083858882787826,0.042316975060337846,0.013757039420756257,0.013998390989541443,0.007079646017699126,0.008045052292839916,0.006194690265486735,0.0008045052292839916,0.0023330651649235757,0.002091713596138378,0.0005631536604987942,-8.045052292839915e-05,0.0002413515687851975,0.014561544650040226,0.002091713596138378,-0.0007240547063555924,-0.0005631536604987942,-0.000482703137570395,0.0001609010458567983,-0.0008849557522123908,0.0,-0.0016090104585679832,8.045052292839915e-05,8.045052292839915e-05,-0.0005631536604987942,-0.00096540627514079,-0.000482703137570395,0.0003218020917135966,0.0001609010458567983
160,160,0.9839098954143202,0.9839203419271678,0.9822459883545294,0.9974440383601566,3.11921704005098,-0.8120490741900293,0.20533629218387067,5.596370722586319,1.5119719790978106,0.03483507642799673,0.019227674979887355,0.014239742558326652,0.00772325020112632,0.00474658085277555,0.009251810136765903,0.00193081255028158,0.0016894609814963823,0.0016090104585679832,0.0022526146419951766,0.0002413515687851975,-0.00096540627514079,0.011021721641190686,0.0002413515687851975,-0.0015285599356395841,-0.0006436041834271932,-0.00096540627514079,-0.0002413515687851975,-0.0005631536604987942,-0.0017699115044247816,-0.0002413515687851975,-0.0004022526146419958,-0.000482703137570395,-0.0022526146419951766,0.0006436041834271932,0.0003218020917135966,-0.0008849557522123908,-0.0007240547063555924
161,161,0.9798873692679002,0.9798810857900874,0.9769133348577861,0.9944592003658687,2.822125557443056,-0.768578763318269,0.4564099877183128,5.223803927784007,1.98215700052282,0.031134352373290364,0.01721641190667731,0.012550281576830257,0.010136765888978294,0.01061946902654869,0.008286403861625113,0.00386162510056316,0.0041029766693483575,0.000482703137570395,0.0017699115044247816,-0.0007240547063555924,-0.0013676588897827858,0.006436041834271933,0.0018503620273531806,-0.002574416733708773,-0.0008849557522123908,0.0003218020917135966,0.0022526146419951766,-0.0002413515687851975,0.0006436041834271932,-0.003459372485921164,-0.0007240547063555924,-8.045052292839915e-05,-0.0006436041834271932,8.045052292839915e-05,-0.0004022526146419958,0.0007240547063555924,-8.045052292839915e-05
162,162,0.9790828640386162,0.9790700646859124,0.9758219317949766,0.9973365617433414,3.312300698562916,-0.7989715182839172,0.11488613554843013,5.176395115556,1.7153149668400745,0.03226065969428795,0.018020917135961323,0.017779565567176116,0.01222847948511665,0.014159292035398207,0.009975864843121495,0.008769106999195508,0.008045052292839916,0.001045856798069189,0.00193081255028158,0.004022526146419958,0.0016090104585679832,0.0023330651649235757,0.0027353177795655715,0.0005631536604987942,-0.000482703137570395,0.0027353177795655715,-0.000482703137570395,-0.0013676588897827858,0.0013676588897827858,8.045052292839915e-05,-0.0006436041834271932,0.0,8.045052292839915e-05,0.0004022526146419958,-0.0014481094127111848,-0.000482703137570395,0.002413515687851975
163,163,0.9823008849557522,0.9823008849557522,0.9797522227684945,0.9964103991801968,3.53416214518381,-1.0830803987671584,0.4474705521316553,5.3897922836731365,1.220823063321982,0.030973451327433565,0.013193885760257462,0.011584875301689479,0.010217216411906694,0.015446500402252627,0.004907481898632349,0.0039420756234915585,0.00482703137570395,0.0013676588897827858,0.003539823008849563,0.0018503620273531806,0.0016090104585679832,0.008366854384553512,0.00386162510056316,-0.001045856798069189,-0.0007240547063555924,-0.0001609010458567983,-0.000482703137570395,-0.0018503620273531806,8.045052292839915e-05,-0.0012067578439259874,-0.0008045052292839916,0.000482703137570395,-0.0001609010458567983,-0.0006436041834271932,-0.0012872083668543865,0.0002413515687851975,-8.045052292839915e-05
164,164,0.9871279163314561,0.9871357457005886,0.9860896919140584,0.9984140058182327,3.4809051513856186,-1.4544163836013253,0.3271838520384707,5.438167645315982,1.6383434962918193,0.02960579243765078,0.023652453740949275,0.018503620273531807,0.010217216411906694,0.010860820595333887,0.008205953338696715,0.0053901850362027435,0.007240547063555924,0.0012067578439259874,0.0026548672566371724,0.005792437650844739,0.0002413515687851975,0.0094931617055511,0.006516492357200332,0.000482703137570395,-0.0008045052292839916,0.0016090104585679832,0.0013676588897827858,0.0002413515687851975,0.0004022526146419958,0.0005631536604987942,-8.045052292839915e-05,0.000482703137570395,0.0008045052292839916,0.002413515687851975,-0.0007240547063555924,0.0006436041834271932,-0.0005631536604987942
165,165,0.9871279163314561,0.9871366204362775,0.985816397912145,0.9987982278344782,3.460872846739798,-0.5969478817628208,0.33271328377765075,5.198012198211895,1.2189939545566248,0.030893000804505168,0.01544650040225264,0.014078841512469853,0.016492357200321828,0.010136765888978294,0.013757039420756257,0.006194690265486735,0.005148833467417546,-0.0002413515687851975,0.003539823008849563,0.0011263073209975883,0.001045856798069189,0.009251810136765903,0.0006436041834271932,0.000482703137570395,-0.0006436041834271932,-0.0005631536604987942,-0.0015285599356395841,0.0,-0.0001609010458567983,-0.0002413515687851975,-0.0003218020917135966,-0.0017699115044247816,0.0002413515687851975,-0.0008045052292839916,-0.0012872083668543865,-0.002172164119066777,-0.0005631536604987942
166,166,0.9847144006436042,0.9847099316649794,0.9826274373661981,0.9973789272695712,3.5279619286575192,-0.4175071762207715,-0.29904569761760247,5.370393736337071,1.0840393515597622,0.03330651649235714,0.017618664521319403,0.014883346741753834,0.013113435237329062,0.016492357200321807,0.006918744971842328,0.006757843925985529,0.0095736122284795,0.0031375703942075673,0.003620273531777962,0.004344328238133554,0.0012067578439259874,0.004987932421560748,0.002493966210780374,0.001045856798069189,0.0004022526146419958,0.002172164119066777,0.0008849557522123908,-8.045052292839915e-05,0.0005631536604987942,0.0012067578439259874,8.045052292839915e-05,0.0015285599356395841,0.002011263073209979,0.0011263073209975883,0.0006436041834271932,0.0017699115044247816,0.0032984714400643655
167,167,0.9863234111021721,0.9863187469305296,0.9838672549969208,0.9988221436984688,3.8152750107735875,-0.97893201325707,0.1569987135753353,5.428498101909061,1.071501971244657,0.02670957361222843,0.01906677393403059,0.015768302493966234,0.009251810136765903,0.011826226870474677,0.009171359613837504,0.0023330651649235757,0.003620273531777962,0.0003218020917135966,0.0033789219629927645,0.001045856798069189,0.0022526146419951766,0.005309734513274345,0.0027353177795655715,0.0004022526146419958,0.0002413515687851975,-0.0007240547063555924,-0.0008849557522123908,0.0,-0.0006436041834271932,-0.0001609010458567983,0.0004022526146419958,0.00096540627514079,-0.0002413515687851975,-0.000482703137570395,0.0002413515687851975,0.0011263073209975883,-0.0005631536604987942
168,168,0.9774738535800482,0.9774738535800482,0.9747984104548508,0.9970253956484464,2.573238376508919,-0.7284690059170289,0.3763152703110714,5.538096711660167,1.9240207054156353,0.032662912308929946,0.01713596138374892,0.009412711182622702,0.007481898632341122,0.006918744971842328,0.005068382944489147,0.005229283990345945,0.0061142397425583365,-0.001045856798069189,0.0017699115044247816,-8.045052292839915e-05,-8.045052292839915e-05,0.010056315366049872,0.0008849557522123908,-0.0008849557522123908,0.0,-0.002011263073209979,-0.0026548672566371724,-0.0004022526146419958,-0.002493966210780374,-0.0005631536604987942,-0.0001609010458567983,-8.045052292839915e-05,-0.0012067578439259874,-0.0012872083668543865,-0.00193081255028158,-0.000482703137570395,-0.0008045052292839916
169,169,0.9831053901850362,0.983089271949344,0.9798752101383681,0.9954621868497466,2.6212848330941076,-0.7485367824671103,0.3164995123026519,6.480881806754063,0.8322943032739667,0.027272727272727205,0.020032180209171312,0.016411906677393416,0.013032984714400652,0.00772325020112632,0.0053901850362027435,0.001045856798069189,0.004344328238133554,0.0022526146419951766,0.0017699115044247816,-0.00096540627514079,0.0007240547063555924,0.004666130329847151,0.0017699115044247816,0.0001609010458567983,0.0,-0.0012067578439259874,8.045052292839915e-05,8.045052292839915e-05,-0.0014481094127111848,0.0006436041834271932,0.0,0.0005631536604987942,0.0008045052292839916,0.0006436041834271932,0.0006436041834271932,0.0014481094127111848,-8.045052292839915e-05
170,170,0.9823008849557522,0.9823008849557522,0.9799075391180654,0.9980837732033905,2.6203103273129607,-0.8935770760485257,0.10844298790563402,5.636486897289413,1.9234498400993976,0.0371681415929203,0.024296057924376436,0.012952534191472265,0.012711182622687067,0.013274336283185861,0.005148833467417546,0.0027353177795655715,0.006999195494770727,0.0003218020917135966,0.000482703137570395,0.0012872083668543865,-0.00193081255028158,0.006838294448913929,0.0018503620273531806,-0.0017699115044247816,-0.0008045052292839916,0.0005631536604987942,0.0014481094127111848,-0.0012872083668543865,0.0012067578439259874,-0.0014481094127111848,-8.045052292839915e-05,-0.0008849557522123908,-0.0006436041834271932,0.000482703137570395,-0.0008849557522123908,-0.0002413515687851975,-8.045052292839915e-05
171,171,0.9823008849557522,0.9822898588760384,0.9793634526981524,0.9954001112640178,3.8285721504093106,-0.032810747320230774,-0.10297543561401766,5.006913655362925,0.7116282693409347,0.03161705551086076,0.01769911504424775,0.01319388576025744,0.009814963797264698,0.010056315366049895,0.005309734513274345,0.002011263073209979,0.004907481898632349,0.0028962188254223697,0.004183427192276756,0.0028962188254223697,0.002172164119066777,0.012711182622687067,0.004585679806918752,0.0007240547063555924,8.045052292839915e-05,0.0001609010458567983,0.0008045052292839916,-0.0001609010458567983,0.0006436041834271932,0.00096540627514079,0.0005631536604987942,0.0012067578439259874,0.0016894609814963823,0.0,0.0007240547063555924,8.045052292839915e-05,0.002493966210780374
172,172,0.9879324215607401,0.9879491046138821,0.9880115043586694,0.9989053045322116,3.288371654564208,-0.6803176927669184,0.16250419629739465,5.11055258222573,1.3005745349539333,0.029444891391793994,0.018664521319388595,0.017216411906677408,0.012791633145615466,0.011182622687047483,0.011745776347546278,0.007320997586484324,0.0031375703942075673,0.0032180209171359664,0.005229283990345945,0.0029766693483507687,0.0017699115044247816,0.007964601769911516,0.0074014481094127225,0.00096540627514079,0.0,0.0022526146419951766,-0.0003218020917135966,-0.0001609010458567983,-0.0012067578439259874,0.0002413515687851975,-8.045052292839915e-05,-0.0004022526146419958,0.001045856798069189,-0.0008045052292839916,0.0016090104585679832,0.0022526146419951766,0.0028962188254223697
173,173,0.9863234111021721,0.9863276332443008,0.9848417415746786,0.9982080637132902,2.9707761135917017,-0.4645978811339069,0.14141532762450157,5.330319096692078,1.595989906501227,0.03338696701528554,0.01641190667739343,0.013676588897827857,0.014883346741753845,0.012872083668543866,0.008286403861625113,0.006194690265486735,0.009010458567980707,0.0037811745776347603,0.0033789219629927645,0.005148833467417546,0.0032984714400643655,0.006033789219629937,0.005711987127916341,0.0011263073209975883,-0.0002413515687851975,0.0029766693483507687,0.0018503620273531806,0.0001609010458567983,0.0027353177795655715,0.0012872083668543865,0.0,0.0007240547063555924,0.002493966210780374,0.002172164119066777,0.0013676588897827858,0.002011263073209979,0.0016894609814963823
174,174,0.9863234111021721,0.9863620949808493,0.9872991256055772,0.9969868840836583,3.8440458615032425,-0.795919141018171,0.43754828864741974,4.815714046055406,0.9874895861600373,0.03596138374899431,0.022928399034593695,0.018744971842316983,0.01053901850362029,0.009975864843121495,0.012148028962188273,0.00772325020112632,0.00474658085277555,0.0039420756234915585,0.0017699115044247816,0.0013676588897827858,0.0017699115044247816,0.007079646017699126,0.006194690265486735,0.0003218020917135966,0.0013676588897827858,0.0008849557522123908,0.002011263073209979,0.0008045052292839916,0.0008045052292839916,0.002091713596138378,0.0005631536604987942,0.001045856798069189,0.0014481094127111848,0.0011263073209975883,0.0008045052292839916,0.0014481094127111848,0.0008849557522123908
175,175,0.9839098954143202,0.9839304234654872,0.9829315845444878,0.9974270353302611,3.5113322662894624,-0.4927703842919318,-0.3466168095347206,5.10118944558139,1.5167911971415804,0.029123089300080385,0.013274336283185861,0.012952534191472265,0.013596138374899458,0.007240547063555924,0.0041029766693483575,0.0041029766693483575,0.0006436041834271932,0.0022526146419951766,0.0013676588897827858,-0.0006436041834271932,0.0015285599356395841,0.0,0.003539823008849563,0.0008849557522123908,-0.0001609010458567983,-0.0005631536604987942,-0.0003218020917135966,-0.0001609010458567983,-0.0018503620273531806,0.0008849557522123908,-0.0003218020917135966,0.0003218020917135966,-0.0002413515687851975,-0.0007240547063555924,0.0008045052292839916,-0.0012067578439259874,0.0005631536604987942
176,176,0.9863234111021721,0.9863695776800954,0.9879422168076228,0.9985080424457511,3.2010568794245415,-0.7097456261452973,0.22942509934197297,5.4185496036905985,1.246118188128169,0.03193885760257435,0.0223652453740949,0.014561544650040248,0.013837489943684656,0.01061946902654869,0.008125502815768315,0.00474658085277555,0.0041029766693483575,0.00096540627514079,0.0032984714400643655,0.002574416733708773,0.00193081255028158,0.009010458567980707,0.002413515687851975,0.0012872083668543865,-0.0003218020917135966,0.0016090104585679832,0.0012872083668543865,0.0001609010458567983,0.0017699115044247816,0.00096540627514079,0.0013676588897827858,0.0002413515687851975,0.002172164119066777,-0.0005631536604987942,-0.000482703137570395,0.0016090104585679832,0.0
177,177,0.9806918744971842,0.9806918744971842,0.9783217840200911,0.9919745837596503,3.6536728247608203,-0.9536315211209695,0.04470931490363879,5.458087965050804,1.257519255260811,0.029766693483507578,0.021721641190667672,0.013515687851971048,0.024537409493161633,0.01246983105390186,0.0059533386967015375,0.00764279967819792,0.004183427192276756,0.002011263073209979,0.006033789219629937,0.000482703137570395,0.0015285599356395841,0.011504424778761069,0.003620273531777962,-0.0001609010458567983,-0.0002413515687851975,0.0023330651649235757,0.0012872083668543865,0.0007240547063555924,0.0007240547063555924,0.002493966210780374,0.0,-0.0001609010458567983,0.002413515687851975,0.002172164119066777,0.00193081255028158,0.0004022526146419958,0.0011263073209975883
178,178,0.9863234111021721,0.986334684362993,0.9856874605813887,0.998864743994037,3.5615193382152692,-1.2327609986670427,0.5183532179279406,5.402283828757771,1.4187932469564604,0.03073209975864837,0.01995172968624296,0.01641190667739343,0.010860820595333887,0.007803700724054718,0.006194690265486735,0.0032984714400643655,0.0026548672566371724,0.0016090104585679832,0.0037811745776347603,0.0014481094127111848,0.0006436041834271932,0.0096540627514079,0.0008849557522123908,0.000482703137570395,0.0,0.0002413515687851975,-0.0014481094127111848,-8.045052292839915e-05,0.0008849557522123908,0.0002413515687851975,0.0003218020917135966,0.0008849557522123908,8.045052292839915e-05,0.0016090104585679832,-0.0002413515687851975,0.001045856798069189,-0.0004022526146419958
179,179,0.9839098954143202,0.9839275232356431,0.9832922424172925,0.9971847944498595,2.7394276678015053,-1.1384193814743637,0.6768856645792142,5.883537671288586,1.35807376290672,0.030651649235719967,0.01246983105390187,0.018020917135961368,0.005792437650844739,0.009251810136765903,0.0096540627514079,0.0059533386967015375,0.003620273531777962,0.0028157683024939706,0.004666130329847151,0.0012872083668543865,0.0008045052292839916,0.0029766693483507687,0.002574416733708773,0.000482703137570395,-0.000482703137570395,0.0013676588897827858,0.0004022526146419958,-0.002172164119066777,0.0005631536604987942,0.0003218020917135966,0.0005631536604987942,0.0002413515687851975,0.00096540627514079,0.0008045052292839916,8.045052292839915e-05,0.0,-8.045052292839915e-05
180,180,0.9863234111021721,0.986343281746603,0.9861562998405105,0.9983471074380165,3.282434525380294,-0.3345961604874319,0.7422112039420112,4.928388496344079,1.029206293820862,0.02952534191472238,0.02148028962188253,0.014802896218825445,0.01061946902654869,0.009171359613837504,0.009010458567980707,0.004666130329847151,0.004907481898632349,0.00096540627514079,0.00386162510056316,0.0030571198712791682,0.0013676588897827858,0.005872888173773139,0.0015285599356395841,0.0007240547063555924,8.045052292839915e-05,0.00096540627514079,0.0005631536604987942,-0.0003218020917135966,-0.0004022526146419958,0.0005631536604987942,0.0008045052292839916,0.0008045052292839916,-0.0001609010458567983,0.0008849557522123908,-0.0001609010458567983,0.0004022526146419958,0.0013676588897827858
181,181,0.9790828640386162,0.97907067054531,0.9760736515422093,0.9978385376030885,3.5278322420111548,-0.5995048604824399,0.18293575992960795,5.220362307470807,1.2009687817821868,0.027353177795655603,0.015446500402252584,0.016331456154464952,0.012550281576830247,0.00764279967819792,0.0027353177795655715,0.0027353177795655715,0.003620273531777962,0.001045856798069189,-0.000482703137570395,0.0014481094127111848,-0.002091713596138378,0.005309734513274345,0.001045856798069189,-0.0008045052292839916,0.000482703137570395,-0.0016090104585679832,0.0,-0.0012872083668543865,0.0003218020917135966,-0.0008849557522123908,-0.0017699115044247816,-0.0012067578439259874,-0.0018503620273531806,0.0006436041834271932,-0.00193081255028158,-0.0015285599356395841,-0.0029766693483507687
182,182,0.9814963797264682,0.9815128084785689,0.9801210352525347,0.9964160310668775,2.6581658572286844,-1.0631747687285635,0.39734374743490664,5.856966142741903,1.993931300603321,0.03193885760257435,0.019710378117457693,0.014802896218825445,0.01681415929203538,0.008447304907481912,0.006436041834271933,0.005229283990345945,0.003620273531777962,0.0031375703942075673,0.0039420756234915585,0.0032984714400643655,0.002574416733708773,0.006275140788415135,0.002091713596138378,0.00096540627514079,0.0002413515687851975,0.0012872083668543865,0.0015285599356395841,0.0011263073209975883,0.0014481094127111848,0.0001609010458567983,8.045052292839915e-05,0.0012067578439259874,0.0007240547063555924,-0.0006436041834271932,0.0005631536604987942,0.0008045052292839916,-0.0013676588897827858
183,183,0.9831053901850362,0.9830511133929455,0.9772522319415637,0.9989960020440676,3.4402955954249466,-0.8898735058416577,0.4788614100643789,5.426621390702458,1.5334271151495948,0.028801287208366787,0.017618664521319383,0.011263073209975882,0.00667739340305713,0.007320997586484324,0.009734513274336299,0.003620273531777962,0.0004022526146419958,0.0030571198712791682,0.000482703137570395,-0.000482703137570395,0.0023330651649235757,0.0059533386967015375,0.0011263073209975883,0.0005631536604987942,0.0008045052292839916,0.0005631536604987942,0.00096540627514079,-8.045052292839915e-05,-0.000482703137570395,0.0004022526146419958,0.0,0.0003218020917135966,0.000482703137570395,0.002011263073209979,0.0001609010458567983,0.0008045052292839916,8.045052292839915e-05
184,184,0.9871279163314561,0.9871672989551602,0.9885393766972714,0.9979573962827551,3.0763707202668593,-0.9466079267823704,0.1543893444974072,5.472785316561655,1.6520862744502474,0.03547868061142392,0.02164119066773934,0.018503620273531807,0.017618664521319417,0.013274336283185861,0.013032984714400665,0.01045856798069189,0.007803700724054718,0.002493966210780374,0.005631536604987941,0.003539823008849563,0.004344328238133554,0.01520514883346744,0.008205953338696715,0.0012067578439259874,0.000482703137570395,0.002574416733708773,0.0008849557522123908,0.0022526146419951766,0.00386162510056316,0.002493966210780374,-0.0002413515687851975,8.045052292839915e-05,0.0037007240547063613,0.00193081255028158,0.0017699115044247816,0.0011263073209975883,0.0037811745776347603
185,185,0.9782783588093322,0.9782988385098083,0.9762611014001448,0.9961008998828798,3.4457060554609824,-0.7232159982755669,-0.14425205306862413,5.596962581509492,1.3903291963185487,0.037489943684633896,0.017135961383748934,0.011584875301689446,0.011263073209975872,0.011584875301689456,0.007562349155269521,0.007160096540627525,0.007320997586484324,-0.0001609010458567983,0.0007240547063555924,0.0028962188254223697,0.0003218020917135966,0.003539823008849563,0.00482703137570395,0.0,0.0008045052292839916,0.0007240547063555924,0.000482703137570395,0.0005631536604987942,0.0017699115044247816,0.0016894609814963823,0.0,0.0014481094127111848,-0.0003218020917135966,0.0016090104585679832,0.0004022526146419958,0.0007240547063555924,0.002011263073209979
186,186,0.9831053901850362,0.9831106997370115,0.9811360403465667,0.9959882675193681,2.91122525527183,-0.4637163878825794,0.6214081019302389,5.545715471519833,1.0001693911798608,0.03596138374899431,0.01246983105390187,0.013113435237329062,0.006999195494770727,0.009171359613837504,0.005792437650844739,-0.0006436041834271932,0.00474658085277555,0.001045856798069189,0.0028962188254223697,0.0016894609814963823,0.0004022526146419958,0.008366854384553512,0.0017699115044247816,-0.0027353177795655715,-0.00193081255028158,0.0016894609814963823,0.0,-0.002091713596138378,-0.0008849557522123908,-0.002493966210780374,-0.0012067578439259874,-0.0014481094127111848,-0.0002413515687851975,0.0003218020917135966,-0.0011263073209975883,0.001045856798069189,0.0006436041834271932
187,187,0.9903459372485921,0.9903402749350998,0.9886289995949777,0.9983278366024416,3.271940021615882,-1.2609740061534123,0.6146144212826488,5.647948383736782,1.4312192253851688,0.030168946098149574,0.0193081255028158,0.01617055510860823,0.009975864843121495,0.011826226870474677,0.005711987127916341,0.0033789219629927645,0.004987932421560748,0.003539823008849563,0.004505229283990353,0.0023330651649235757,0.0012067578439259874,0.008688656476267109,0.0026548672566371724,8.045052292839915e-05,0.0003218020917135966,0.0016090104585679832,0.0006436041834271932,0.0002413515687851975,0.0006436041834271932,-8.045052292839915e-05,0.0001609010458567983,0.0001609010458567983,0.0004022526146419958,-8.045052292839915e-05,0.0002413515687851975,0.0004022526146419958,-0.0001609010458567983
188,188,0.9774738535800482,0.9775001164887077,0.9759489633173843,0.9940872843265187,2.988808165219921,-1.0389041974112867,0.7971767544868869,5.464583377702961,1.4420916166089879,0.027192276749798804,0.020434432823813277,0.01134352373290426,0.011423974255832659,0.005711987127916341,0.006999195494770727,0.0016090104585679832,0.0030571198712791682,0.0006436041834271932,0.004987932421560748,0.0032984714400643655,-0.00096540627514079,0.009010458567980707,0.0027353177795655715,-0.00096540627514079,-8.045052292839915e-05,-0.0004022526146419958,-0.0002413515687851975,-0.0007240547063555924,-0.0013676588897827858,-0.0011263073209975883,-8.045052292839915e-05,-0.0002413515687851975,-0.0006436041834271932,0.0002413515687851975,-0.0006436041834271932,-0.000482703137570395,-0.00096540627514079
189,189,0.9806918744971842,0.9807424441543218,0.9814172603552997,0.9974939489427775,3.3017928594647286,-0.9895542391282326,0.38136258450644034,5.432261661226007,1.4386468158443944,0.03234111021721635,0.017860016090104524,0.01222847948511665,0.016090104585679787,0.009412711182622702,0.007803700724054718,0.005631536604987941,0.005229283990345945,-8.045052292839915e-05,0.0013676588897827858,0.0,0.0013676588897827858,0.006838294448913929,0.0037811745776347603,-0.0007240547063555924,0.0,0.00096540627514079,0.0011263073209975883,-0.0001609010458567983,-0.0008849557522123908,0.002413515687851975,0.0002413515687851975,-0.0005631536604987942,-0.0016894609814963823,-0.00096540627514079,-0.0016090104585679832,0.0003218020917135966,0.002091713596138378
190,190,0.9855189058728882,0.9855086550319696,0.9824350394887562,0.9975161270874782,3.2899006674412767,-1.0120332473921654,0.5707808471765502,5.857687435906844,0.9554274416908113,0.02679002413515682,0.017377312952534217,0.015526950925181037,0.012711182622687067,0.010941271118262286,0.011021721641190686,0.0053901850362027435,0.009895414320193096,0.0006436041834271932,0.0032180209171359664,0.004183427192276756,0.002574416733708773,0.006436041834271933,0.004505229283990353,0.0004022526146419958,0.0,0.0013676588897827858,8.045052292839915e-05,-0.0006436041834271932,0.0011263073209975883,0.0004022526146419958,0.0006436041834271932,0.0005631536604987942,0.0014481094127111848,0.002172164119066777,0.0001609010458567983,0.0005631536604987942,0.0016894609814963823
191,191,0.9831053901850362,0.9831210369470424,0.9818033104079084,0.9971709673825732,3.5814847210434353,-0.19203446869078974,0.1333030757924106,5.285183220956548,0.7004844030429727,0.03073209975864837,0.01922767497988733,0.02035398230088491,0.01045856798069189,0.010056315366049895,0.010860820595333887,0.009332260659694303,0.007964601769911516,0.00474658085277555,0.005148833467417546,0.0037811745776347603,0.0006436041834271932,0.005551086082059542,0.004505229283990353,-0.0003218020917135966,0.0001609010458567983,0.0015285599356395841,0.0005631536604987942,8.045052292839915e-05,0.0037811745776347603,8.045052292839915e-05,-0.0007240547063555924,-0.0001609010458567983,0.0013676588897827858,0.004183427192276756,-0.0002413515687851975,0.0006436041834271932,0.002011263073209979
192,192,0.9863234111021721,0.9863358516779948,0.9854880071968501,0.9986126201909034,3.075786716784869,-0.21286719465433268,0.32247736364260693,5.408095549575347,1.085363048299129,0.03177795655671756,0.020032180209171357,0.012872083668543866,0.012067578439259874,0.011263073209975882,0.009412711182622702,0.0030571198712791682,0.0053901850362027435,0.0014481094127111848,0.002172164119066777,0.0001609010458567983,-0.0008045052292839916,0.009171359613837504,0.0032984714400643655,-0.0007240547063555924,-0.0005631536604987942,-0.000482703137570395,-0.0003218020917135966,-0.0004022526146419958,-0.0016090104585679832,-0.0007240547063555924,-0.0002413515687851975,-8.045052292839915e-05,0.0,-0.0008849557522123908,-0.0006436041834271932,0.00096540627514079,0.0
193,193,0.9839098954143202,0.9838998119420617,0.9811568837839264,0.9971181978622481,3.2624721185968024,-1.02913966272249,-0.11352409620411025,5.546309325205129,1.8032093971565115,0.035800482703137515,0.014159292035398252,0.01045856798069189,0.01061946902654869,0.008045052292839916,0.006838294448913929,0.002413515687851975,0.0015285599356395841,0.0027353177795655715,0.002413515687851975,0.0028157683024939706,0.0008045052292839916,0.008769106999195508,0.0037811745776347603,-0.000482703137570395,-0.0004022526146419958,-0.0003218020917135966,-0.00096540627514079,-8.045052292839915e-05,0.0008045052292839916,-0.0003218020917135966,-8.045052292839915e-05,0.001045856798069189,-0.0008849557522123908,0.0002413515687851975,0.0001609010458567983,0.0003218020917135966,0.0005631536604987942
194,194,0.9895414320193081,0.9895327568316744,0.9876226436682971,0.9994479247118053,3.58056920867975,-0.09261767499572557,-0.3036423470599167,5.48854890971149,0.5547666654101141,0.026950925181013642,0.018342719227675008,0.01729686242960582,0.007964601769911516,0.008447304907481912,0.010860820595333887,0.0041029766693483575,0.004183427192276756,0.002091713596138378,0.0012067578439259874,0.001045856798069189,0.0004022526146419958,0.01625100563153663,0.002172164119066777,-0.0003218020917135966,0.0008045052292839916,-0.0012872083668543865,-0.0012067578439259874,-0.00096540627514079,-0.0011263073209975883,-0.0008045052292839916,-0.0002413515687851975,-0.0012067578439259874,8.045052292839915e-05,0.0004022526146419958,-0.0001609010458567983,-0.0011263073209975883,-0.0014481094127111848
195,195,0.9750603378921963,0.9750678090646187,0.9722658750945812,0.9975234270414994,3.4472068239832208,0.02120339740466797,-0.283794693830661,5.286069929472172,0.9288520596837687,0.025502815768302423,0.014078841512469752,0.010619469026548655,0.00917135961383746,0.004263877715205156,0.004505229283990353,0.0015285599356395841,0.0008045052292839916,-0.0005631536604987942,8.045052292839915e-05,-0.0008045052292839916,-0.0005631536604987942,0.008849557522123885,0.0018503620273531806,-0.0015285599356395841,0.0,-0.0028157683024939706,-0.0008045052292839916,-0.0012872083668543865,-0.0001609010458567983,-0.0014481094127111848,-0.002091713596138378,-0.001045856798069189,-0.0014481094127111848,-0.0016894609814963823,-0.0012067578439259874,-0.0027353177795655715,-0.0002413515687851975
196,196,0.9823008849557522,0.9823396661626629,0.9826041109980979,0.9969716298607639,3.815443048034039,-0.9826785984660495,0.021349260869117936,4.6892740127925565,2.012317592066796,0.028479485116653193,0.011987127916331474,0.014481094127111838,0.008527755430410311,0.007562349155269521,0.00764279967819792,0.004987932421560748,0.0053901850362027435,0.0026548672566371724,0.0017699115044247816,0.00096540627514079,-0.0002413515687851975,0.00193081255028158,0.002172164119066777,8.045052292839915e-05,0.0002413515687851975,-8.045052292839915e-05,-0.0006436041834271932,0.0006436041834271932,-0.00193081255028158,0.0023330651649235757,-0.000482703137570395,0.0,-0.0001609010458567983,0.0007240547063555924,0.0,-0.0016090104585679832,-0.0001609010458567983
197,197,0.9814963797264682,0.981523098810448,0.9807649975670227,0.9959884839075932,2.501007554196445,-0.6636740238561692,0.39970451613746716,5.386288982593451,1.9838952713095912,0.035559131134352315,0.01753821399839097,0.01769911504424776,0.011182622687047483,0.011021721641190686,0.008688656476267109,0.002413515687851975,0.005631536604987941,0.000482703137570395,0.00096540627514079,-0.000482703137570395,0.0004022526146419958,0.0008849557522123908,0.0028157683024939706,-0.0001609010458567983,-0.0008045052292839916,-0.002574416733708773,-0.0028962188254223697,-0.0007240547063555924,-0.002574416733708773,-8.045052292839915e-05,0.0,0.0001609010458567983,0.0003218020917135966,8.045052292839915e-05,0.0006436041834271932,0.0012067578439259874,-0.0011263073209975883
198,198,0.9839098954143202,0.9839009136751519,0.9816280603176424,0.997881428817155,3.1919402679168187,-1.0327071396588265,0.5402418988250967,5.487982875478131,1.421063511017381,0.025261464199517226,0.014963797264682244,0.011584875301689479,0.013998390989541443,0.009412711182622702,0.007803700724054718,0.0016090104585679832,0.005872888173773139,0.0037811745776347603,0.0027353177795655715,0.0014481094127111848,0.0003218020917135966,0.00193081255028158,0.0023330651649235757,-0.0008045052292839916,0.0,-0.00096540627514079,0.0005631536604987942,0.000482703137570395,-0.0026548672566371724,-0.0004022526146419958,-8.045052292839915e-05,-0.00096540627514079,0.000482703137570395,-0.0008849557522123908,0.0005631536604987942,0.0012872083668543865,-0.0012872083668543865
199,199,0.9855189058728882,0.9855092822383326,0.982729335186307,0.998054971552103,3.565898655945918,-0.412055688104951,0.11283308424886727,5.007438867307364,0.7725034961289922,0.02864038616250999,0.016492357200321828,0.013837489943684656,0.013032984714400665,0.010860820595333887,0.007803700724054718,0.0059533386967015375,0.005551086082059542,0.0011263073209975883,0.00386162510056316,0.002172164119066777,0.0027353177795655715,0.0029766693483507687,0.004183427192276756,0.0,0.0,-0.0002413515687851975,0.0016090104585679832,0.0,0.00096540627514079,0.0022526146419951766,8.045052292839915e-05,-0.0002413515687851975,0.0008045052292839916,0.0029766693483507687,-8.045052292839915e-05,0.002574416733708773,0.00193081255028158
200,200,0.9871279163314561,0.9871366707305839,0.9858000299356384,0.9982457715910792,3.261021950385088,-1.015956745820626,0.5587679268559909,5.145304095928697,1.6105439034030675,0.028318584070796404,0.01544650040225264,0.015687851971037826,0.011665325824617878,0.0074014481094127225,0.008769106999195508,0.006999195494770727,0.006757843925985529,0.0022526146419951766,0.002574416733708773,0.000482703137570395,0.0008849557522123908,0.006757843925985529,0.0031375703942075673,0.0013676588897827858,0.0001609010458567983,-0.0005631536604987942,-0.0002413515687851975,0.000482703137570395,0.0006436041834271932,-0.0007240547063555924,0.0,0.0006436041834271932,0.0007240547063555924,0.002413515687851975,0.0016090104585679832,0.002493966210780374,0.0002413515687851975
201,201,0.9798873692679002,0.9799337447063117,0.9791912632821724,0.9966638045150442,3.3560861503813175,-1.1421822585518449,0.36875305150587423,5.367524582539414,1.5463779288000337,0.031214802896218762,0.016090104585679766,0.01230893000804506,0.00957361222847949,0.008286403861625113,0.008930008045052307,0.00386162510056316,0.008688656476267109,0.002011263073209979,0.0014481094127111848,0.0008849557522123908,-0.0008045052292839916,0.009814963797264698,0.004907481898632349,-0.0006436041834271932,0.000482703137570395,0.0006436041834271932,0.0008849557522123908,-0.0006436041834271932,0.0008045052292839916,-0.0014481094127111848,-0.000482703137570395,0.0003218020917135966,0.00193081255028158,0.0016894609814963823,-0.0015285599356395841,0.0026548672566371724,0.00193081255028158
202,202,0.9806918744971842,0.9806712523857319,0.9777491672635086,0.9978797903664041,3.5429569865122126,-0.2847096893899187,0.3402695738646156,5.075794464380535,0.9098433623284593,0.036926790024135105,0.010297666934835092,0.012952534191472265,0.011343523732904282,0.008286403861625113,0.005148833467417546,0.0032180209171359664,0.0053901850362027435,0.00096540627514079,0.0013676588897827858,0.002493966210780374,0.0015285599356395841,8.045052292839915e-05,0.0028157683024939706,-0.0003218020917135966,-0.0004022526146419958,-0.0029766693483507687,-0.0016894609814963823,0.0008849557522123908,0.0005631536604987942,-0.0005631536604987942,-8.045052292839915e-05,-0.0002413515687851975,-0.0011263073209975883,-0.0005631536604987942,0.002493966210780374,0.0004022526146419958,0.0002413515687851975
203,203,0.9847144006436042,0.9847103842563029,0.9829752258518775,0.9981233426645695,2.5578354886061128,-0.7401681753406795,-0.028046754850590373,5.341137869734757,2.37657348419667,0.0370072405470635,0.019308125502815777,0.011584875301689479,0.01053901850362029,0.011665325824617878,0.006436041834271933,0.0023330651649235757,0.004907481898632349,0.0014481094127111848,0.0012872083668543865,-0.0004022526146419958,-0.0003218020917135966,0.0018503620273531806,0.0008849557522123908,0.0004022526146419958,-8.045052292839915e-05,-0.0012872083668543865,-0.0012872083668543865,-8.045052292839915e-05,-0.0016090104585679832,0.0016090104585679832,0.0,-8.045052292839915e-05,0.0,-0.0008045052292839916,-0.000482703137570395,-0.0003218020917135966,-0.0008849557522123908
204,204,0.9823008849557522,0.9823221576829312,0.9812727909215555,0.9961200735143965,3.40431611714276,-0.38621788191884576,0.4515805048663738,5.456257030375615,0.7738556393815416,0.03057119871279157,0.015768302493966213,0.014159292035398252,0.0094931617055511,0.007884151246983117,0.004263877715205156,0.0026548672566371724,0.00096540627514079,0.0011263073209975883,0.0041029766693483575,0.0012067578439259874,0.002172164119066777,0.008447304907481912,0.0017699115044247816,-0.0006436041834271932,8.045052292839915e-05,0.0012067578439259874,-0.0001609010458567983,-8.045052292839915e-05,-0.00096540627514079,0.0008849557522123908,0.0,-0.0005631536604987942,-0.0003218020917135966,-0.0007240547063555924,-8.045052292839915e-05,-0.0005631536604987942,-0.0012872083668543865
205,205,0.9831053901850362,0.9831607260691289,0.9843018903237881,0.9966925182481752,3.162308685810807,-0.9209205508216968,0.16080294406286527,5.382457704427469,1.716422640532807,0.028962188254223586,0.015687851971037815,0.01600965406275141,0.008286403861625113,0.007964601769911516,0.0095736122284795,0.00474658085277555,0.005148833467417546,0.0029766693483507687,0.0016894609814963823,0.0031375703942075673,-0.0004022526146419958,0.006275140788415135,0.004022526146419958,-8.045052292839915e-05,0.0002413515687851975,0.002091713596138378,0.0005631536604987942,0.000482703137570395,0.0028962188254223697,-0.0001609010458567983,8.045052292839915e-05,0.0,0.002091713596138378,0.002011263073209979,-0.001045856798069189,0.0006436041834271932,0.0018503620273531806
206,206,0.9823008849557522,0.9822794834279721,0.9789336457073761,0.9969886522183983,3.1427623008186836,-0.792031929728981,0.19754018312643523,5.163333374540939,1.6426781580427403,0.026468222043443214,0.018101367658889745,0.014561544650040248,0.010378117457763491,0.01061946902654869,0.005711987127916341,0.006033789219629937,0.004424778761061954,0.00096540627514079,0.002413515687851975,-0.002574416733708773,-0.0007240547063555924,0.005711987127916341,0.004183427192276756,-0.0011263073209975883,-0.0004022526146419958,-0.0006436041834271932,-0.002011263073209979,-0.0007240547063555924,-0.003620273531777962,-0.0012872083668543865,-0.0002413515687851975,-0.0013676588897827858,-0.0007240547063555924,-0.0006436041834271932,-0.0016894609814963823,-0.001045856798069189,-0.0003218020917135966
207,207,0.9847144006436042,0.9847092176642409,0.9820351683783138,0.9969279914019584,3.032640698587977,-0.7992733683739576,0.3518884565680007,5.934022772913891,1.2032562063650314,0.0275945293644408,0.02502011263073204,0.012148028962188273,0.012791633145615466,0.010699919549477088,0.011665325824617878,0.004666130329847151,0.00193081255028158,0.0039420756234915585,0.0032180209171359664,0.002091713596138378,0.002091713596138378,0.007160096540627525,0.0029766693483507687,-0.000482703137570395,-0.0004022526146419958,0.0013676588897827858,0.0015285599356395841,-0.0002413515687851975,0.001045856798069189,0.000482703137570395,0.0003218020917135966,0.0012067578439259874,0.001045856798069189,0.0016894609814963823,0.0015285599356395841,0.0007240547063555924,0.0002413515687851975
208,208,0.9806918744971842,0.9807266844143864,0.9800523991447898,0.9966469220613836,2.959930053430218,-0.27845675991452196,0.22561395494020242,5.067880465522826,1.4734892718362795,0.030893000804505168,0.012952534191472265,0.01423974255832664,0.01335478680611426,0.008205953338696715,0.009332260659694303,0.007320997586484324,0.009975864843121495,0.0023330651649235757,0.002011263073209979,0.0008849557522123908,0.0008045052292839916,0.002493966210780374,0.005229283990345945,0.0003218020917135966,-0.002091713596138378,-0.0006436041834271932,-0.0018503620273531806,-0.0006436041834271932,-0.0017699115044247816,0.00096540627514079,-8.045052292839915e-05,-0.0008849557522123908,-0.0008849557522123908,-8.045052292839915e-05,0.0012872083668543865,0.0007240547063555924,8.045052292839915e-05
209,209,0.9871279163314561,0.9871354660827795,0.9861722488038278,0.9976337538060026,3.1802517566593402,-0.6299932008323628,-0.10222722658761231,5.067012481491268,1.720332277216751,0.02791633145615441,0.022928399034593705,0.015929203539823023,0.012067578439259874,0.011102172164119083,0.009090909090909104,0.0031375703942075673,0.007160096540627525,0.0016090104585679832,0.002493966210780374,-0.0007240547063555924,0.001045856798069189,0.008366854384553512,0.002172164119066777,-0.0002413515687851975,0.000482703137570395,-0.0007240547063555924,-0.0002413515687851975,0.0007240547063555924,-0.0008045052292839916,-0.0006436041834271932,0.0004022526146419958,0.0001609010458567983,-0.0011263073209975883,0.0002413515687851975,-0.0007240547063555924,-0.0008849557522123908,-0.0001609010458567983
210,210,0.9839098954143202,0.9839216780298359,0.9817847777032385,0.9986277977678844,2.9199676086341526,-1.1362125339342142,0.22946329963735645,5.5748189240887145,1.9617996399399489,0.022284794851166478,0.017699115044247805,0.01061946902654869,0.010297666934835092,0.005068382944489147,0.00474658085277555,8.045052292839915e-05,0.0031375703942075673,-0.0029766693483507687,0.0011263073209975883,-0.0005631536604987942,-0.002413515687851975,0.0059533386967015375,0.0004022526146419958,-0.00193081255028158,-0.001045856798069189,-0.003539823008849563,-0.0016090104585679832,-0.002091713596138378,-0.0016090104585679832,-0.0032984714400643655,-0.0016894609814963823,-0.0004022526146419958,-0.0027353177795655715,-0.00096540627514079,-0.0031375703942075673,-0.0016090104585679832,-0.002413515687851975
211,211,0.9774738535800482,0.9774738535800482,0.9742636401819678,0.9955129229003614,3.343374549613227,-0.5063366039309501,0.22032616853265016,4.825835147696249,1.5249163161606665,0.03853580048270309,0.015446500402252539,0.01914722445695889,0.010941271118262253,0.010136765888978294,0.010136765888978294,0.00193081255028158,0.006194690265486735,-0.0017699115044247816,0.00096540627514079,0.0005631536604987942,-0.0011263073209975883,0.0031375703942075673,0.0006436041834271932,0.0008045052292839916,-0.0008849557522123908,0.0002413515687851975,-0.000482703137570395,-0.0001609010458567983,0.0002413515687851975,-0.0016090104585679832,-0.0008045052292839916,0.0006436041834271932,-0.0002413515687851975,0.000482703137570395,-0.0028157683024939706,-0.0001609010458567983,-0.0014481094127111848
212,212,0.9879324215607401,0.987928469624051,0.9858681680596608,0.9988301218450312,3.2595998328586817,-0.9541148075153734,0.4256215188442084,5.60026364350507,1.2496421574040626,0.028077232502011197,0.017779565567176213,0.015768302493966234,0.011343523732904282,0.012228479485116673,0.004987932421560748,0.0037007240547063613,0.006033789219629937,0.0008849557522123908,0.003620273531777962,-0.000482703137570395,0.0008849557522123908,0.005631536604987941,0.001045856798069189,-0.0001609010458567983,-0.00096540627514079,-0.000482703137570395,-0.00193081255028158,-8.045052292839915e-05,-0.0007240547063555924,-0.000482703137570395,-0.0002413515687851975,0.000482703137570395,-0.0003218020917135966,-0.0008045052292839916,-0.0005631536604987942,0.0,0.0013676588897827858
213,213,0.9847144006436042,0.9846791553104115,0.9802995391705069,0.9985791090629801,2.8252597996015956,-1.1335115152943498,0.33173597715244474,5.952876521092683,1.364354345877884,0.0276749798873692,0.01520514883346744,0.01520514883346743,0.009412711182622702,0.009975864843121495,0.005309734513274345,0.0023330651649235757,0.0006436041834271932,-0.000482703137570395,0.00096540627514079,0.0,-0.0005631536604987942,0.009010458567980707,0.002172164119066777,-0.0008849557522123908,-0.0008849557522123908,0.0006436041834271932,-0.002011263073209979,8.045052292839915e-05,-0.00193081255028158,-0.000482703137570395,0.0001609010458567983,-0.0008849557522123908,-0.0011263073209975883,-0.0016090104585679832,-0.00096540627514079,-0.0016090104585679832,-0.0026548672566371724
214,214,0.9839098954143202,0.9839447069731979,0.9844016971503928,0.9981193738891119,2.9412571959409775,-0.2844525048874605,0.007676100813962831,5.29396653357522,1.461572787617015,0.038616251005631486,0.015446500402252627,0.015607401448109437,0.016411906677393416,0.010378117457763491,0.008527755430410311,0.008125502815768315,0.007240547063555924,0.0018503620273531806,0.004183427192276756,0.0012067578439259874,0.00096540627514079,0.004505229283990353,0.005551086082059542,8.045052292839915e-05,-0.0001609010458567983,-0.0002413515687851975,0.0003218020917135966,0.0003218020917135966,0.0015285599356395841,0.0016894609814963823,-0.0002413515687851975,0.0004022526146419958,0.000482703137570395,0.0003218020917135966,0.0012872083668543865,0.002172164119066777,0.0011263073209975883
215,215,0.9814963797264682,0.9815395437603865,0.9810137934745565,0.9985620586775723,3.884768135759295,-0.8151098234920129,0.3054869754446041,5.125667769426346,1.0276519377078548,0.034915526950925126,0.02196299275945287,0.013274336283185851,0.008366854384553512,0.0094931617055511,0.005229283990345945,0.002574416733708773,0.005309734513274345,0.0008045052292839916,0.0008045052292839916,8.045052292839915e-05,-0.0028157683024939706,0.004263877715205156,0.003459372485921164,-0.0004022526146419958,0.0005631536604987942,0.0006436041834271932,0.0008045052292839916,8.045052292839915e-05,0.0,0.0013676588897827858,-0.0015285599356395841,-0.0004022526146419958,0.0008849557522123908,0.0007240547063555924,-0.0004022526146419958,-0.000482703137570395,0.0018503620273531806
216,216,0.9855189058728882,0.9855189058728882,0.9834978581290788,0.9965364236066038,3.3666202429811474,-0.7984922899522945,0.6834437797019267,5.59077570510125,0.975631474347078,0.030329847144006373,0.017377312952534207,0.014078841512469853,0.0074014481094127225,0.007803700724054718,0.006436041834271933,0.003539823008849563,0.007079646017699126,0.0032180209171359664,0.0012067578439259874,0.0032984714400643655,0.00482703137570395,0.004585679806918752,0.0037811745776347603,0.0008045052292839916,8.045052292839915e-05,0.002493966210780374,0.00193081255028158,0.0003218020917135966,0.0005631536604987942,0.0016894609814963823,8.045052292839915e-05,0.0004022526146419958,0.0005631536604987942,0.003459372485921164,0.0016090104585679832,0.002091713596138378,0.0015285599356395841
217,217,0.9847144006436042,0.984727400650396,0.9838364181514155,0.9975148474889004,2.3640921142635674,-0.7796263231383491,0.7392212246043128,5.586060086158531,1.8175495183686141,0.0370072405470635,0.016814159292035426,0.010056315366049895,0.013837489943684656,0.01053901850362029,0.008286403861625113,0.0015285599356395841,0.004907481898632349,-0.0002413515687851975,0.0005631536604987942,-0.0004022526146419958,0.0011263073209975883,0.0061142397425583365,0.001045856798069189,0.0008849557522123908,0.0,0.0002413515687851975,-0.000482703137570395,0.0,0.0004022526146419958,0.0002413515687851975,0.0,-0.0001609010458567983,0.0,0.0002413515687851975,-0.0002413515687851975,-0.0008045052292839916,8.045052292839915e-05
218,218,0.9823008849557522,0.9823125111538019,0.9803596669398615,0.9977609901531079,2.9657521507608373,-1.112097945157784,0.5721658050187338,5.680247929053827,1.5254750134112667,0.03588093322606591,0.021641190667739275,0.018825422365245325,0.008366854384553512,0.015607401448109437,0.012630732099758657,0.0039420756234915585,0.005229283990345945,0.0032180209171359664,0.0022526146419951766,0.0023330651649235757,0.000482703137570395,0.006757843925985529,0.002172164119066777,-0.0002413515687851975,-0.0007240547063555924,0.0006436041834271932,0.0004022526146419958,0.001045856798069189,0.0008045052292839916,0.0004022526146419958,-0.0003218020917135966,0.00096540627514079,0.000482703137570395,0.002091713596138378,-0.0006436041834271932,-0.0008849557522123908,0.0008849557522123908
219,219,0.9847144006436042,0.9847270797639919,0.9838921224227396,0.9969664095146256,4.004149841343962,-1.1591050777065333,-0.24516006359541617,4.955407697012436,1.7497016218413686,0.03660498793242151,0.02123893805309731,0.014883346741753845,0.014641995172968636,0.012791633145615466,0.009010458567980707,0.003620273531777962,0.0059533386967015375,0.00474658085277555,-8.045052292839915e-05,0.005711987127916341,0.0008849557522123908,0.01045856798069189,0.004183427192276756,0.0006436041834271932,-0.000482703137570395,0.0011263073209975883,0.0004022526146419958,0.0003218020917135966,0.0005631536604987942,0.0005631536604987942,-0.000482703137570395,0.00193081255028158,0.0023330651649235757,0.0,0.000482703137570395,0.0008045052292839916,0.00096540627514079
220,220,0.9895414320193081,0.9895449782683462,0.9882632897466712,0.99776386671689,3.312303548178686,-0.7260368886815383,0.09227574617108807,4.99949262925746,1.6088363586894447,0.03218020917135955,0.01440064360418345,0.019710378117457784,0.013837489943684656,0.0095736122284795,0.01061946902654869,0.00474658085277555,0.004424778761061954,0.0027353177795655715,0.0033789219629927645,0.0037811745776347603,0.002011263073209979,0.007320997586484324,0.0023330651649235757,-0.000482703137570395,0.000482703137570395,0.0017699115044247816,0.001045856798069189,0.0007240547063555924,0.0018503620273531806,0.0003218020917135966,-8.045052292839915e-05,0.0,0.000482703137570395,0.0008045052292839916,0.0002413515687851975,0.0007240547063555924,0.0005631536604987942
221,221,0.9831053901850362,0.9831110857972789,0.9808559230952949,0.9979161690948173,2.8927214190837343,-1.2892524387017563,0.5929646652805688,5.5196813083027125,2.021948348395623,0.024135156878519637,0.015124698310539041,0.012791633145615466,0.012952534191472265,0.014883346741753834,0.008366854384553512,0.007160096540627525,0.007240547063555924,-0.00096540627514079,0.002011263073209979,0.0018503620273531806,0.001045856798069189,0.005148833467417546,0.00193081255028158,0.0007240547063555924,-0.000482703137570395,0.0037007240547063613,0.0012872083668543865,0.0001609010458567983,-0.0004022526146419958,0.000482703137570395,-0.0005631536604987942,0.0008849557522123908,0.0018503620273531806,0.0003218020917135966,8.045052292839915e-05,-0.0008849557522123908,-0.0004022526146419958
222,222,0.9814963797264682,0.981596583408116,0.9837235269577167,0.9982760313136518,3.2561152104282884,-1.249243180461084,0.15457907797663017,5.171876260053455,2.039585492385995,0.034111021721641134,0.009010458567980707,0.013193885760257451,0.005309734513274345,0.008930008045052307,0.011021721641190686,0.004183427192276756,0.011584875301689479,0.0028962188254223697,0.002413515687851975,0.0006436041834271932,0.0023330651649235757,0.0094931617055511,0.003620273531777962,0.0005631536604987942,-0.0016894609814963823,0.0013676588897827858,-0.0012067578439259874,-0.0002413515687851975,-0.0018503620273531806,0.0008849557522123908,-0.0008045052292839916,0.000482703137570395,0.002091713596138378,0.0005631536604987942,-8.045052292839915e-05,0.00193081255028158,0.002011263073209979
223,223,0.9831053901850362,0.983109973740038,0.9816256729109758,0.9966197295783663,2.8733152147430197,-0.7849575101112184,0.5925096979236887,5.581116619424932,1.3721442874002134,0.03845534995977469,0.01850362027353175,0.01697506033789219,0.013193885760257462,0.011987127916331474,0.008045052292839916,0.008447304907481912,0.00474658085277555,0.004022526146419958,0.005470635559131143,0.0033789219629927645,0.0006436041834271932,0.009171359613837504,0.004987932421560748,0.0001609010458567983,-0.0003218020917135966,0.00193081255028158,0.0022526146419951766,-0.0016894609814963823,0.0004022526146419958,-0.0002413515687851975,0.0004022526146419958,0.0004022526146419958,0.0016894609814963823,0.0032984714400643655,-0.0005631536604987942,0.002011263073209979,0.0008045052292839916
224,224,0.9895414320193081,0.9895386661956836,0.9882550049452611,0.9990649477621273,3.7893700939840818,-0.5954521854187039,-0.12561444868362698,4.5498516878077,1.5488848098209598,0.029525341914722412,0.02091713596138376,0.014963797264682244,0.009895414320193096,0.008205953338696715,0.008527755430410311,0.003459372485921164,0.004505229283990353,0.0022526146419951766,0.004987932421560748,0.002574416733708773,0.0003218020917135966,0.008930008045052307,0.002413515687851975,-0.0012067578439259874,-0.0007240547063555924,0.0007240547063555924,-0.0004022526146419958,-0.0007240547063555924,-0.0006436041834271932,-8.045052292839915e-05,-0.0001609010458567983,-0.00096540627514079,0.0002413515687851975,-0.0013676588897827858,0.0003218020917135966,0.0001609010458567983,0.000482703137570395
225,225,0.9879324215607401,0.9879454916061725,0.9869201160224018,0.9978565043690826,3.066823656541548,-0.8496273605019078,0.4149280159112045,5.146538592320729,1.7051404597893873,0.02775543041029761,0.017377312952534217,0.015768302493966234,0.011102172164119083,0.010860820595333887,0.00772325020112632,0.0033789219629927645,0.0074014481094127225,0.0031375703942075673,0.004022526146419958,0.00474658085277555,0.0015285599356395841,0.005711987127916341,0.002011263073209979,-0.0006436041834271932,-8.045052292839915e-05,-0.0002413515687851975,-8.045052292839915e-05,8.045052292839915e-05,-8.045052292839915e-05,-0.00096540627514079,0.0,-0.0008045052292839916,-0.0008045052292839916,0.0014481094127111848,-0.0013676588897827858,-0.0004022526146419958,0.0012067578439259874
226,226,0.9750603378921963,0.9750820787149266,0.9729780221053363,0.9942709178117108,3.310763230785973,-0.949063028684263,0.2079835058831761,5.64343522688152,1.427880360120261,0.03129525341914716,0.01898632341110209,0.013998390989541365,0.00836685438455348,0.008688656476267088,0.00925181013676588,0.0032984714400643655,0.005148833467417546,0.0014481094127111848,0.0013676588897827858,0.003539823008849563,0.0004022526146419958,0.011987127916331419,0.0016894609814963823,-0.00096540627514079,-8.045052292839915e-05,0.000482703137570395,-0.0004022526146419958,-0.0001609010458567983,0.0,0.0002413515687851975,-0.0008849557522123908,-0.0007240547063555924,0.0012872083668543865,-0.0007240547063555924,-0.0007240547063555924,0.0001609010458567983,0.0014481094127111848
227,227,0.9847144006436042,0.9847449226679444,0.9849592084707517,0.9979257073424752,3.3933672116055775,-0.7369509646930783,0.04671757170955632,5.3201670904663505,1.4318181467991355,0.0376508447304907,0.017699115044247815,0.015526950925181037,0.011987127916331474,0.011021721641190686,0.0037007240547063613,0.0032984714400643655,0.003459372485921164,0.0022526146419951766,0.002413515687851975,0.0005631536604987942,0.0008849557522123908,0.005872888173773139,0.0012067578439259874,-0.0003218020917135966,0.0008045052292839916,-0.0004022526146419958,8.045052292839915e-05,-0.000482703137570395,0.0,-0.0004022526146419958,0.0004022526146419958,0.000482703137570395,-0.0004022526146419958,0.00096540627514079,-0.0016090104585679832,0.0,0.0001609010458567983
228,228,0.9814963797264682,0.9814561542587619,0.9770209165961667,0.9971556929898772,3.18805299910977,-0.7988246856446476,-0.08339140092472315,5.398984174991826,1.6801436086927075,0.028479485116653193,0.021641190667739275,0.017457763475462563,0.016251005631536575,0.01053901850362029,0.008769106999195508,0.0027353177795655715,0.0061142397425583365,0.0012872083668543865,0.0016090104585679832,-0.0001609010458567983,-0.0004022526146419958,0.005631536604987941,0.0003218020917135966,-0.0016090104585679832,-8.045052292839915e-05,-0.0008849557522123908,0.0002413515687851975,-0.0005631536604987942,-0.0012067578439259874,-0.0016894609814963823,0.0004022526146419958,-0.0008045052292839916,-0.0004022526146419958,-0.0032180209171359664,-0.0003218020917135966,0.0003218020917135966,-0.0017699115044247816
229,229,0.9823008849557522,0.9823120427452053,0.9805162702826774,0.9968130374137048,4.382017701307218,-1.4387276425445972,0.08917898534157034,5.1771487059926775,1.259072967614658,0.023974255832662838,0.014883346741753822,0.01850362027353174,0.007884151246983117,0.011665325824617878,0.010217216411906694,0.0037007240547063613,0.00474658085277555,0.0028962188254223697,0.0005631536604987942,0.004666130329847151,0.001045856798069189,0.008045052292839916,0.005229283990345945,0.0028157683024939706,0.0003218020917135966,0.0012067578439259874,0.001045856798069189,0.000482703137570395,0.0003218020917135966,-0.0015285599356395841,-0.0002413515687851975,0.0003218020917135966,0.0006436041834271932,0.0008849557522123908,-8.045052292839915e-05,0.0017699115044247816,0.002493966210780374
230,230,0.9726468222043443,0.9726979431193816,0.9708111893873852,0.9947678490503853,3.910401176039908,-0.9715765498019822,0.29903801834092114,5.490200193032532,0.8893859284008517,0.04408688656476263,0.016653258246178516,0.014239742558326541,0.009171359613837426,0.012308930008044972,0.009895414320192997,0.006757843925985507,0.0041029766693483575,0.0003218020917135966,0.00193081255028158,0.002011263073209979,-0.000482703137570395,0.005068382944489136,0.005551086082059542,-0.0004022526146419958,0.0,-0.0012067578439259874,-0.0008045052292839916,-0.0006436041834271932,-0.0032180209171359664,-0.0008849557522123908,-8.045052292839915e-05,-8.045052292839915e-05,-8.045052292839915e-05,-0.0027353177795655715,-0.0011263073209975883,0.0013676588897827858,8.045052292839915e-05
231,231,0.9806918744971842,0.9806810288563255,0.9780373214859714,0.9977872296459568,3.213962840152563,-0.4991161334537643,0.05450686600958027,5.416648754550366,1.3794902346831717,0.02381335478680604,0.013596138374899425,0.011584875301689479,0.0096540627514079,0.007481898632341122,0.00386162510056316,0.004344328238133554,0.0015285599356395841,0.0007240547063555924,0.0016894609814963823,-0.0011263073209975883,-0.0016894609814963823,0.0037007240547063613,-0.000482703137570395,-0.002574416733708773,-0.0011263073209975883,-0.0018503620273531806,-0.0015285599356395841,-0.0016090104585679832,-0.002091713596138378,-0.00193081255028158,-0.0008045052292839916,-0.001045856798069189,0.0003218020917135966,-0.0032984714400643655,-0.0007240547063555924,-0.0018503620273531806,-0.0004022526146419958
232,232,0.9895414320193081,0.9895382608921376,0.987927075866972,0.9984091187217008,2.5276138391461203,-0.6887040807548725,0.5796498984958357,5.289553576951985,1.709807944078556,0.03459372485921153,0.01721641190667742,0.014239742558326652,0.009251810136765903,0.008930008045052307,0.006194690265486735,0.0031375703942075673,0.005872888173773139,0.0013676588897827858,0.0030571198712791682,0.003620273531777962,-8.045052292839915e-05,0.008849557522123908,0.002413515687851975,0.0004022526146419958,0.0,0.002172164119066777,0.000482703137570395,-0.0001609010458567983,0.0,-0.0004022526146419958,0.0,8.045052292839915e-05,0.0001609010458567983,0.0016894609814963823,-0.0005631536604987942,-0.0001609010458567983,0.001045856798069189
233,233,0.9823008849557522,0.9823115857196425,0.980664546807083,0.9971819481315092,3.3367865767333553,-0.6392043303982714,0.6956855057277752,5.088557421777457,1.1288626097818586,0.04336283185840704,0.016572807723250184,0.01600965406275139,0.007320997586484324,0.0074014481094127225,0.008447304907481912,0.0041029766693483575,0.0028962188254223697,0.0006436041834271932,0.0022526146419951766,0.004424778761061954,-8.045052292839915e-05,0.0028962188254223697,0.0014481094127111848,-0.0005631536604987942,0.0,-0.0004022526146419958,0.0007240547063555924,-0.0001609010458567983,0.002413515687851975,-0.001045856798069189,-0.0001609010458567983,0.0,0.0,0.000482703137570395,-0.0016090104585679832,0.000482703137570395,0.0002413515687851975
234,234,0.9806918744971842,0.9807256410940323,0.9801287299458254,0.9976599833934305,3.339784481950693,-1.1862213784617865,0.3112883798554866,5.37650109211054,1.7938003926337414,0.036685438455349904,0.01834271922767492,0.018020917135961323,0.009412711182622702,0.011102172164119083,0.006275140788415135,0.006436041834271933,0.0022526146419951766,0.0007240547063555924,0.0022526146419951766,0.0005631536604987942,0.000482703137570395,0.012872083668543843,0.0012067578439259874,0.0004022526146419958,-0.00096540627514079,-0.0004022526146419958,-0.000482703137570395,-0.0008849557522123908,0.0,-0.0007240547063555924,0.0002413515687851975,-0.0008849557522123908,-0.0012067578439259874,-0.0001609010458567983,-8.045052292839915e-05,-0.0016894609814963823,0.0028962188254223697
235,235,0.9823008849557522,0.9823320276799609,0.9819202864849781,0.9966165938052274,2.8571097838709454,-1.0236619852256772,0.5292018822680202,5.674621468890755,1.6859847329020725,0.027514078841512402,0.021641190667739264,0.011987127916331474,0.016090104585679797,0.011102172164119083,0.011745776347546278,0.005309734513274345,0.004263877715205156,0.0031375703942075673,0.0028962188254223697,0.004263877715205156,0.002493966210780374,0.00474658085277555,0.0032984714400643655,0.0003218020917135966,0.0002413515687851975,0.0008849557522123908,0.0007240547063555924,-8.045052292839915e-05,-0.0005631536604987942,0.00193081255028158,0.000482703137570395,0.000482703137570395,0.0005631536604987942,0.0004022526146419958,0.0,0.00096540627514079,0.0039420756234915585
236,236,0.9879324215607401,0.9879066541446065,0.9843604664682355,0.9985059529346108,3.631920485500048,-1.1906081374851432,-0.05969754889080302,5.036594274390092,1.8200339219367054,0.037811745776347494,0.014159292035398252,0.014078841512469853,0.01230893000804507,0.007803700724054718,0.008125502815768315,0.005148833467417546,0.0061142397425583365,0.00193081255028158,0.0028157683024939706,0.0033789219629927645,0.0003218020917135966,0.008286403861625113,0.00386162510056316,0.0012067578439259874,-8.045052292839915e-05,0.0004022526146419958,8.045052292839915e-05,-0.0004022526146419958,0.00096540627514079,-0.0005631536604987942,0.0006436041834271932,-8.045052292839915e-05,0.0004022526146419958,0.002574416733708773,0.0,0.0007240547063555924,0.0012067578439259874
237,237,0.9766693483507642,0.9766614829814768,0.9727961432506887,0.9969619453090528,3.198845854408496,-2.020517831893933,0.4331777031520598,5.7461827580600024,2.2883535662967223,0.03330651649235714,0.011665325824617833,0.010780370072405464,0.006999195494770727,0.00860820595333871,0.007481898632341122,0.0027353177795655715,0.007160096540627525,-0.0004022526146419958,0.002493966210780374,0.0016894609814963823,-0.000482703137570395,0.0008045052292839916,0.0022526146419951766,-0.0008849557522123908,0.000482703137570395,0.0,-0.0001609010458567983,-0.0001609010458567983,8.045052292839915e-05,-0.0006436041834271932,-0.0006436041834271932,-0.0008045052292839916,-0.0001609010458567983,8.045052292839915e-05,-0.0002413515687851975,0.000482703137570395,8.045052292839915e-05
238,238,0.9855189058728882,0.9855272958705547,0.9844008563328126,0.998301799456113,3.5494863536935184,-0.13376353200151547,-0.19593643325657095,4.930820143360638,1.1116469274023904,0.034915526950925126,0.017779565567176202,0.01617055510860822,0.010941271118262286,0.008527755430410311,0.007964601769911516,0.004907481898632349,0.003459372485921164,0.0028962188254223697,0.0026548672566371724,0.0011263073209975883,0.0014481094127111848,0.011021721641190686,0.004022526146419958,0.002574416733708773,-0.0006436041834271932,0.000482703137570395,0.002011263073209979,0.0001609010458567983,0.0012872083668543865,0.0003218020917135966,0.0007240547063555924,0.0006436041834271932,0.001045856798069189,0.0017699115044247816,8.045052292839915e-05,0.0007240547063555924,0.002172164119066777
239,239,0.9831053901850362,0.9831692100195023,0.9849157648759055,0.997771017989196,3.101081844369271,-0.8482259773829467,0.0830030902406011,5.232255178107631,1.7694193560282716,0.03193885760257435,0.016331456154465008,0.01246983105390187,0.011102172164119083,0.007884151246983117,0.008769106999195508,0.0053901850362027435,0.0032984714400643655,0.003539823008849563,0.004505229283990353,0.0028962188254223697,0.0011263073209975883,0.008366854384553512,0.0033789219629927645,0.000482703137570395,-0.000482703137570395,0.0012872083668543865,0.0013676588897827858,0.0012067578439259874,0.000482703137570395,0.0018503620273531806,0.0003218020917135966,-0.0008045052292839916,0.0001609010458567983,0.0026548672566371724,-0.00096540627514079,0.002011263073209979,0.0029766693483507687
240,240,0.9831053901850362,0.9831005110479617,0.9808766906616022,0.9971627480069964,2.4325156776925554,-0.20686975571167343,0.6572821003954114,5.610466971844669,1.0848432292726449,0.03395012067578433,0.014239742558326652,0.015044247787610631,0.008045052292839916,0.008447304907481912,0.008205953338696715,0.003459372485921164,0.00482703137570395,8.045052292839915e-05,0.0030571198712791682,0.0018503620273531806,0.0013676588897827858,0.005309734513274345,0.0027353177795655715,-0.0012067578439259874,-0.0003218020917135966,-0.000482703137570395,0.0006436041834271932,-0.0003218020917135966,0.0004022526146419958,0.0008849557522123908,-0.0012067578439259874,8.045052292839915e-05,-8.045052292839915e-05,-0.0013676588897827858,-0.0008045052292839916,8.045052292839915e-05,0.001045856798069189
241,241,0.9871279163314561,0.9871409686756327,0.9869551681195516,0.9970027170836636,3.807395651973165,-1.48682257018445,0.08204283183652634,5.945202817028792,0.9631293861881185,0.030008045052292775,0.02389380530973447,0.01617055510860823,0.010136765888978294,0.010217216411906694,0.007803700724054718,0.0032984714400643655,0.000482703137570395,0.0005631536604987942,0.0027353177795655715,0.0028962188254223697,-0.0007240547063555924,0.004505229283990353,0.0014481094127111848,0.0011263073209975883,-0.0004022526146419958,0.000482703137570395,0.00096540627514079,-0.000482703137570395,-0.0014481094127111848,0.0001609010458567983,8.045052292839915e-05,8.045052292839915e-05,0.0001609010458567983,0.0003218020917135966,0.0004022526146419958,0.0008045052292839916,-0.0006436041834271932
242,242,0.9831053901850362,0.9830989394432397,0.9795403777161037,0.9970092859824127,3.9480626572378403,-1.3603549897875897,-0.2678083768300461,4.9448041814236365,2.16076043475873,0.02968624296057918,0.023330651649235645,0.014802896218825435,0.016331456154465008,0.010056315366049895,0.008447304907481912,0.004907481898632349,0.005631536604987941,0.003620273531777962,0.003620273531777962,0.001045856798069189,-8.045052292839915e-05,0.0041029766693483575,0.0026548672566371724,-0.0003218020917135966,-8.045052292839915e-05,0.0013676588897827858,-0.0007240547063555924,-0.0011263073209975883,-0.000482703137570395,-0.00193081255028158,-0.002011263073209979,-0.0008849557522123908,0.00193081255028158,-8.045052292839915e-05,8.045052292839915e-05,-0.000482703137570395,0.001045856798069189
243,243,0.9879324215607401,0.9879416898378574,0.9875692720905722,0.9985522274731129,3.2752666996954996,-0.5641193270627123,-0.16064486603250233,5.357600350176631,1.5580712472756573,0.03547868061142392,0.015526950925181037,0.01713596138374902,0.010699919549477088,0.011343523732904282,0.005711987127916341,0.008205953338696715,0.0030571198712791682,0.0029766693483507687,0.004424778761061954,0.004907481898632349,0.002574416733708773,0.0061142397425583365,0.004987932421560748,0.0,-0.0002413515687851975,0.0013676588897827858,0.002011263073209979,-0.0003218020917135966,0.0,0.0007240547063555924,-0.0008045052292839916,0.0008849557522123908,8.045052292839915e-05,-8.045052292839915e-05,0.0002413515687851975,8.045052292839915e-05,0.002091713596138378
244,244,0.9758648431214803,0.9758762851996465,0.9743779255974379,0.9946331384801451,3.4912564733642504,-0.6239716270126116,0.052845779912598166,5.111217520255533,1.7801677643393723,0.03057119871279157,0.019388576025744085,0.014159292035398164,0.0181013676588897,0.011423974255832636,0.013837489943684566,0.00482703137570395,0.006596942880128731,0.001045856798069189,0.0032180209171359664,0.004344328238133554,0.0027353177795655715,0.010136765888978262,0.0032180209171359664,-0.0014481094127111848,8.045052292839915e-05,0.002091713596138378,-0.0005631536604987942,0.0004022526146419958,0.0013676588897827858,-0.002493966210780374,0.0012067578439259874,0.0003218020917135966,0.00096540627514079,0.001045856798069189,-0.00096540627514079,0.0012067578439259874,0.0031375703942075673
245,245,0.9831053901850362,0.9831275860095957,0.982748799507841,0.9981230739434814,2.651467867014816,-0.3151156564415503,0.5136450395947565,5.389561924185001,1.3878866800052039,0.037731295253419096,0.015768302493966213,0.015687851971037826,0.009090909090909104,0.007160096540627525,0.009090909090909104,0.006194690265486735,0.006355591311343533,0.003459372485921164,0.00482703137570395,0.0008849557522123908,0.004424778761061954,0.008286403861625113,0.0014481094127111848,0.0012872083668543865,0.0016090104585679832,0.000482703137570395,0.00096540627514079,0.0018503620273531806,0.00193081255028158,-0.0002413515687851975,0.0013676588897827858,8.045052292839915e-05,0.0008045052292839916,0.0016894609814963823,0.001045856798069189,-0.000482703137570395,0.002574416733708773
246,246,0.9831053901850362,0.983110149965433,0.9815115777362289,0.9979203221630951,3.926787058762338,-1.6080703795466407,0.15187986232488399,5.1629475791114,2.1025991750420405,0.034915526950925126,0.01625100563153662,0.020032180209171323,0.011906677393403075,0.012711182622687067,0.007240547063555924,0.00860820595333871,0.0061142397425583365,0.0012067578439259874,0.0030571198712791682,0.002574416733708773,0.0004022526146419958,0.006757843925985529,0.0030571198712791682,0.0014481094127111848,-0.0007240547063555924,0.0017699115044247816,-0.0001609010458567983,0.000482703137570395,0.00193081255028158,0.000482703137570395,0.0003218020917135966,0.0006436041834271932,0.0018503620273531806,0.001045856798069189,0.00096540627514079,0.0007240547063555924,0.0014481094127111848
247,247,0.9798873692679002,0.9798624610213185,0.976969620395328,0.9928262578616354,2.625938154261861,-1.1020892124464585,0.642301332550354,6.053405406544714,1.9186221108182984,0.032662912308929946,0.013757039420756224,0.013596138374899435,0.007803700724054718,0.0059533386967015375,0.00667739340305713,0.0011263073209975883,0.0032984714400643655,0.0012067578439259874,0.0016894609814963823,-0.0012067578439259874,-0.000482703137570395,0.012389380530973437,0.0017699115044247816,0.0004022526146419958,0.0,-0.00096540627514079,-0.002011263073209979,-0.0005631536604987942,-0.0028962188254223697,-0.0015285599356395841,-0.0001609010458567983,-0.0006436041834271932,-0.0005631536604987942,0.0007240547063555924,0.00096540627514079,0.0017699115044247816,-0.0001609010458567983
248,248,0.9847144006436042,0.9847382778592935,0.9842108515634655,0.9963922288727628,2.7089324561729526,0.06070865156864253,0.5000327415505029,5.926598621090047,0.32960253708849085,0.03459372485921153,0.019790828640386136,0.01914722445695898,0.018584070796460184,0.013193885760257462,0.011906677393403075,0.0053901850362027435,0.0061142397425583365,0.004505229283990353,0.005711987127916341,0.001045856798069189,0.002091713596138378,0.008688656476267109,0.0028157683024939706,0.00096540627514079,0.0008045052292839916,0.002172164119066777,0.0018503620273531806,0.000482703137570395,-0.0012067578439259874,8.045052292839915e-05,0.00096540627514079,0.0004022526146419958,0.0011263073209975883,0.0008849557522123908,0.0017699115044247816,0.0008045052292839916,0.0017699115044247816
249,249,0.9823008849557522,0.9823213938389372,0.9813717936835276,0.9977668744352017,2.317628275915543,-0.7984201100880242,0.23141232827078748,5.450425972026974,2.3612158165974466,0.04183427192276745,0.014481094127111849,0.020032180209171302,0.013676588897827857,0.013354786806114249,0.004424778761061954,0.002091713596138378,0.00772325020112632,0.0028962188254223697,0.0028157683024939706,0.0032180209171359664,-0.0001609010458567983,0.004987932421560748,0.0032180209171359664,-0.0015285599356395841,0.000482703137570395,0.0011263073209975883,0.00096540627514079,0.0002413515687851975,0.002172164119066777,-0.0012872083668543865,-0.0005631536604987942,0.0001609010458567983,0.0008045052292839916,0.0018503620273531806,-0.001045856798069189,0.0002413515687851975,0.0001609010458567983
