,random_seed,accuracy,f1_weighted,balanced_acc,auc,model_weights.random_forest,model_weights.bagging_svc,model_weights.bagging_knn,model_weights.gradient_boosting,model_weights.mlp,feature_importance.backtop_CO2_scaled,feature_importance.backlow_CO2_scaled,feature_importance.back_CO2_vd_scaled,feature_importance.backlow_CO2_fd3_scaled,feature_importance.backlow_CO2_fd1_scaled,feature_importance.back_CO2_vd_fd1_scaled,feature_importance.back_CO2_vd_fd3_scaled,feature_importance.backlow_CO2_fd2_scaled,feature_importance.backtop_CO2_fd3_scaled,feature_importance.backtop_CO2_fd1_scaled,feature_importance.backtop_CO2_fd2_scaled,feature_importance.back_CO2_vd_fd2_scaled
0,0,0.9300411522633745,0.9292737107229861,0.9128481581311769,0.9687032045522611,3.8903268331783027,0.137177036497976,0.7160189270304578,1.4562859054087995,-0.1424582346666948,0.07489711934156376,0.06790123456790123,0.054320987654320974,0.011934156378600801,0.00905349794238679,0.0016460905349794165,0.0004115226337448541,0.0,0.0,-0.0004115226337448652,-0.0024691358024691245,-0.005761316872427957
1,1,0.8806584362139918,0.8817383705849893,0.8774849397590361,0.9637801204819277,3.7620878134377005,0.256361825014735,0.6018374384702979,1.2741969979798906,0.1558747823199642,0.1288065843621399,0.023868312757201648,0.02510288065843621,-0.0024691358024691245,-0.01522633744855969,-0.007407407407407407,-0.011111111111111127,-0.006172839506172844,-0.0028806584362139898,-0.013168724279835398,-0.01522633744855969,-0.013168724279835398
2,2,0.8641975308641975,0.8653046497871469,0.8607243371352392,0.9354169752629239,2.8204465177545126,0.3971361554903306,0.04734062137552128,2.076060571002817,0.8769746094544477,0.10246913580246911,0.0650205761316872,0.04485596707818923,0.009876543209876498,0.00411522633744853,0.01687242798353903,0.0024691358024691024,0.0020576131687242484,0.010288065843621342,0.002057613168724237,-0.0020576131687243147,-0.005349794238683181
3,3,0.9012345679012346,0.9018255745014316,0.8945552147239264,0.9653374233128834,3.8108418033295552,0.054318263976855886,0.6344929705002094,1.4992130128683174,0.12643351165531583,0.13004115226337448,0.05514403292181071,0.025102880658436234,0.008230452674897104,0.010699588477366273,0.0028806584362139898,0.003703703703703687,0.004115226337448541,0.020576131687242816,0.013991769547325117,0.017695473251028826,0.0012345679012345622
4,4,0.9094650205761317,0.9119071826261369,0.9127160933879879,0.9657815006237747,4.301896828018323,0.2898507396137491,0.058655699306855054,1.522433964787973,0.01563911693800165,0.13127572016460903,0.023868312757201617,0.06790123456790122,0.007407407407407374,0.004115226337448541,0.006172839506172811,0.006584362139917666,-0.004115226337448574,0.023045267489711908,0.0012345679012345512,-0.0012345679012345846,-0.0004115226337448541
5,5,0.8559670781893004,0.8568058046460802,0.8496905393457117,0.9333185971117006,2.6183949050931936,0.5337632864378679,1.0602796967302754,2.1645023104515113,-0.21977648417628964,0.04526748971193414,0.05390946502057612,0.03374485596707817,-0.0037037037037036978,-0.0012345679012345622,-0.004938271604938249,-0.0032921810699588438,-0.01152263374485597,0.008230452674897115,-0.004526748971193417,-0.0028806584362139898,-0.0028806584362139898
6,6,0.9259259259259259,0.9264119012498141,0.9214129244249726,0.9571272101392583,3.872600646782357,0.39260934923182095,-0.046533191159079654,1.4834765602708038,0.40994872454991194,0.15267489711934154,0.06378600823045268,0.0637860082304527,0.014403292181069971,0.0032921810699588438,0.004115226337448541,0.00493827160493826,0.004526748971193395,0.01152263374485597,-0.0020576131687242705,0.0012345679012345622,0.003703703703703687
7,7,0.8847736625514403,0.8863315011463159,0.8791779945626099,0.9430673276827123,3.666687127385878,0.35909952284052166,0.707957036698082,1.329520182404975,0.05368051555485162,0.07283950617283946,0.041975308641975274,0.0502057613168724,0.005349794238683103,-0.003703703703703731,-0.008641975308642002,0.006172839506172811,-0.006172839506172867,0.005349794238683081,-0.005349794238683159,-0.018518518518518545,-0.0016460905349794386
8,8,0.8888888888888888,0.8902219461452756,0.8957390923683058,0.9487085947760104,3.332572358908015,0.18074268747377975,0.37352054155599224,1.6730738047218496,0.447550390150209,0.07201646090534973,0.06337448559670776,0.04238683127572013,0.007407407407407385,0.004938271604938227,0.0032921810699588104,-5.551115123125783e-17,0.0020576131687242484,0.013580246913580197,0.0061728395061728,0.0061728395061728,0.003703703703703687
9,9,0.9053497942386831,0.9068351164847827,0.91002331002331,0.9609168609168609,3.9745656356504706,0.12288052147537293,0.27783291520368275,1.4460457757786167,0.34467766548372897,0.11069958847736623,0.03868312757201645,0.03333333333333331,-0.0012345679012345622,-0.017695473251028836,0.004115226337448541,-0.0012345679012345622,0.0,0.006995884773662531,-0.009053497942386834,-0.0004115226337448541,-0.0020576131687242817
10,10,0.9135802469135802,0.9129638088272543,0.8989408976447933,0.9534883720930233,3.282340603688317,0.45476340890231376,0.5838673897779665,1.8369794782474471,-0.053837283248689964,0.06131687242798348,0.09999999999999994,0.05308641975308638,0.019341563786008174,-0.0037037037037037646,0.0037037037037036757,0.0028806584362139676,0.0008230452674896971,-0.0037037037037037533,0.006584362139917666,-0.0004115226337448874,0.0016460905349794052
11,11,0.9259259259259259,0.926310366290595,0.9278166500071399,0.970798229330287,2.9886302576136496,0.6922234400687552,-0.0007128862942819081,2.157922540111173,0.05625518712368109,0.1308641975308642,0.04773662551440331,0.04320987654320988,0.020576131687242795,0.003292181069958855,0.009053497942386846,0.0037037037037036978,0.0012345679012345622,0.028806584362139908,0.008230452674897092,0.01152263374485597,0.005761316872427957
12,12,0.8888888888888888,0.8874162182573399,0.8677055702917772,0.965148835838491,4.120811469208331,0.2309116866777654,0.6414876226992884,1.2984094939019069,-0.23528421831754057,0.08518518518518514,0.02345679012345673,0.04156378600823041,0.006584362139917655,-0.009876543209876609,-4.4408920985006264e-17,-0.008230452674897193,-0.00246913580246918,0.0012345679012345178,-0.0037037037037037533,-2.2204460492503132e-17,-0.002880658436214034
13,13,0.8806584362139918,0.8815371902945457,0.8728527607361963,0.9361196319018406,3.569656622936112,0.6835106692570003,0.9473614651733487,1.2537678408741941,-0.4137291159257022,0.11440329218106995,0.03251028806584359,0.06090534979423866,0.0057613168724279795,0.005761316872427957,0.014814814814814826,0.010288065843621375,-1.1102230246251566e-17,0.022633744855967086,0.006172839506172823,0.00493827160493826,-0.0024691358024691358
14,14,0.9135802469135802,0.9134275888088524,0.8984509466437177,0.9655765920826161,3.3572247002763507,0.4219261308953276,0.5935020488005982,1.8776430381459952,-0.32789468541402295,0.08600823045267483,0.07777777777777772,0.04444444444444441,0.0057613168724279466,-0.0004115226337448985,0.0008230452674896748,0.0024691358024691024,-0.004115226337448608,0.023868312757201603,0.0004115226337448208,-0.0028806584362140453,-3.3306690738754695e-17
15,15,0.9012345679012346,0.901477136961008,0.8951149425287357,0.9681697612732095,3.2609226111174783,0.08769687337248713,0.16848505750260034,2.0212236921918945,0.5873069970775471,0.10823045267489713,0.09588477366255146,0.03168724279835392,0.009876543209876543,0.003703703703703709,0.006172839506172844,-0.012345679012345678,0.004115226337448541,0.016049382716049398,0.009053497942386846,0.0020576131687242705,0.0024691358024691245
16,16,0.9053497942386831,0.905805062183663,0.9047293406276994,0.9624964008062193,2.7256281606428763,0.19874458220420804,0.7470982023354027,2.0588373594039004,0.14215882929510557,0.08271604938271601,0.05061728395061728,0.029629629629629627,-0.0057613168724279795,0.011111111111111105,0.00493827160493826,0.003292181069958833,-0.007818930041152273,-0.0020576131687242817,-0.006995884773662553,-0.010288065843621397,0.006584362139917666
17,17,0.8888888888888888,0.8874162182573399,0.8677055702917772,0.9510757441791925,3.244629666143286,0.3522485512195353,1.0451756844832707,2.070562098196316,-0.5666592553144648,0.11563786008230448,0.05349794238683121,0.044855967078189264,0.008230452674897082,0.004938271604938238,-0.0008230452674897637,0.0016460905349794052,0.0016460905349793941,0.012757201646090488,0.009465020576131643,0.007407407407407374,-0.0008230452674897415
18,18,0.9094650205761317,0.9096721267382125,0.9048591857580621,0.9489274770173646,3.6236454806164367,0.8526668991966038,0.7520208500386493,1.5620133120464628,-0.5551320137609222,0.06337448559670777,0.08436213991769545,0.05473251028806582,0.007407407407407374,0.007407407407407385,0.004938271604938249,0.000411522633744843,-0.0012345679012345733,0.005761316872427968,-0.0016460905349794275,0.01646090534979421,-0.0008230452674897082
19,19,0.9094650205761317,0.9107773687341961,0.9130536130536131,0.9679098679098679,3.084600521685743,0.687032749620073,0.5001741198996961,1.6789969109810814,-0.02906769309785958,0.0921810699588477,0.039094650205761285,0.06378600823045263,0.005349794238683103,-0.006584362139917732,-0.0024691358024691466,-0.006584362139917721,-0.0032921810699588438,0.008230452674897082,0.0012345679012345512,-0.004938271604938293,-0.0020576131687242817
20,20,0.8888888888888888,0.8901454683002199,0.8833123227229751,0.949416955562559,2.4031858165060145,0.24035341706527918,0.38566903915818274,1.9438637946120256,1.0769820134376735,0.046090534979423815,0.053497942386831254,0.049794238683127524,0.01193415637860078,-0.0004115226337448874,-4.4408920985006264e-17,0.0004115226337448208,-0.002469135802469202,0.01893004115226332,-0.002880658436214034,0.005761316872427957,0.001234567901234529
21,21,0.9053497942386831,0.9058662211792806,0.893970893970894,0.9494642571565649,3.6268257330492912,0.5164220291812798,0.4828374646826732,1.8156122834095643,-0.3078785262005461,0.09218106995884773,0.1045267489711934,0.046502057613168724,0.01069958847736625,-0.0016460905349794275,-0.003292181069958855,0.0004115226337448541,0.006995884773662519,0.011522633744855959,0.0016460905349794165,0.0020576131687242705,0.005761316872427957
22,22,0.8600823045267489,0.8607695835294401,0.8522811435342912,0.9303066212412976,2.999395478379658,0.901395929259153,0.10007338347758507,1.9606241192031981,0.2836525530765859,0.07942386831275716,0.03292181069958846,0.036213991769547295,-0.006172839506172878,0.0012345679012345622,0.005761316872427957,-1.1102230246251566e-17,-0.0020576131687242926,-0.009053497942386846,-0.005761316872428035,-0.012345679012345723,0.003703703703703687
23,23,0.9259259259259259,0.9256525573192239,0.9102584305074062,0.9670658682634731,2.887186215286089,0.4842826886853024,0.18465755111217416,2.2575490629649275,-0.07162137973997221,0.12469135802469138,0.07201646090534979,0.05679012345679012,0.02592592592592593,0.007407407407407407,0.012757201646090555,0.005349794238683115,-0.0004115226337448541,0.024691358024691377,0.012345679012345689,0.0016460905349794165,0.0032921810699588438
24,24,0.9012345679012346,0.9019371528734825,0.8999037179677085,0.9417123389127537,3.220973103659963,0.5685109645476558,0.6027993237819442,1.8458272855185327,-0.1585751197968808,0.1353909465020576,0.058847736625514416,0.06255144032921811,0.01316872427983542,0.0008230452674897303,0.003292181069958855,0.006172839506172867,0.0032921810699588438,0.008230452674897127,0.004938271604938249,0.006172839506172834,-0.0004115226337448541
25,25,0.9176954732510288,0.9183231271353878,0.9174528301886793,0.9717729859239294,3.4947597654639724,0.1357970490951185,0.12105863766198498,1.8031562453086847,0.3866243090196417,0.12222222222222227,0.05349794238683133,0.046502057613168765,0.004115226337448619,0.0032921810699588993,0.001646090534979472,-0.00411522633744853,-0.0016460905349794052,0.01028806584362144,-0.007407407407407363,0.004115226337448619,-0.006584362139917666
26,26,0.8683127572016461,0.8698567131909419,0.8522295623451692,0.929810074318745,3.8716824090239608,0.17991351825806634,0.49515560223201627,2.1830925649840855,-0.4734958186509026,0.06748971193415643,0.030864197530864224,0.029218106995884806,-0.00905349794238679,-0.0037037037037036757,-0.0012345679012345401,-0.004526748971193395,0.0004115226337448763,-0.008230452674897082,-0.011111111111111061,-0.000823045267489686,-0.005761316872427957
27,27,0.8724279835390947,0.8735880730433354,0.8580177276390009,0.9377921031426268,3.726508881888134,0.40111669071022504,0.6207649159903302,1.2748511010433763,0.08536262352486276,0.0748971193415638,0.020987654320987693,0.04855967078189303,-0.008641975308641924,0.005349794238683148,-0.005761316872427957,-0.003703703703703687,-0.012345679012345633,-0.011934156378600791,-0.0012345679012345401,-0.012345679012345645,0.0020576131687242926
28,28,0.9465020576131687,0.9471036330057409,0.9535768072289157,0.9756777108433735,3.5436670270873676,0.6111392978274027,0.3868325167675516,1.508726144066995,-0.17011734705043552,0.07901234567901237,0.11111111111111116,0.06831275720164612,0.02098765432098767,0.01111111111111115,0.002880658436214012,0.01399176954732515,0.005349794238683159,0.018518518518518545,0.01193415637860088,0.01028806584362143,0.006584362139917732
29,29,0.8806584362139918,0.8797544802041426,0.8681009957325747,0.9469416785206259,3.3873800735775754,0.3047540768699412,0.5799048225940193,1.4976032311048795,0.2928317182013135,0.04444444444444445,0.03333333333333331,0.0251028806584362,-0.005761316872427968,-0.003703703703703709,-0.002880658436214001,-0.011111111111111127,-0.0016460905349794165,0.013991769547325106,-0.011522633744855992,-0.014814814814814826,-0.011522633744855982
30,30,0.897119341563786,0.897290633388569,0.8836829836829837,0.9552447552447552,3.592290668593997,-0.012017493517293417,0.6507761073929197,1.5859121927738298,0.06880046682669243,0.10288065843621401,0.04567901234567902,0.06337448559670786,0.006995884773662564,0.00864197530864198,0.009876543209876586,0.01399176954732514,0.009876543209876586,0.015226337448559701,0.005349794238683136,0.0004115226337448652,0.0057613168724280125
31,31,0.9053497942386831,0.9058968064446362,0.8925438596491229,0.9581708901884339,2.936041102130897,0.6255067946462461,-0.318033305753667,1.910382203020755,0.7012667574683227,0.09382716049382714,0.0633744855967078,0.026748971193415638,0.00864197530864197,0.0024691358024691245,0.003292181069958833,0.0008230452674897082,-0.0008230452674897082,0.009053497942386812,0.009465020576131666,-0.006995884773662553,0.0008230452674897082
32,32,0.9094650205761317,0.9099899598393575,0.904320987654321,0.9592287761012042,3.6037584190426166,-0.02210482135767082,0.5997906196822116,1.515303260893469,0.3700362864105922,0.09506172839506169,0.06584362139917692,0.04897119341563781,0.010699588477366207,0.002057613168724259,0.000411522633744843,0.0024691358024691024,0.0024691358024691245,0.0032921810699587995,0.0057613168724279466,0.0012345679012345622,-0.003703703703703709
33,33,0.9053497942386831,0.9059615797197901,0.902403414195867,0.9569481880802636,3.616973812878681,0.3874883052547991,0.4486085636020457,1.461695899161471,0.24953937192781672,0.07860082304526747,0.05390946502057611,0.02427983539094649,0.0213991769547325,0.009876543209876498,0.0049382716049382715,0.007818930041152227,0.004115226337448541,0.016049382716049377,0.003703703703703687,0.005349794238683115,0.00781893004115225
34,34,0.8930041152263375,0.8921317362700668,0.8768328445747801,0.9478739002932551,3.2235131552441523,1.0389547112883393,0.6621919358543146,1.8046917958039788,-0.8219672227416313,0.06913580246913587,0.03950617283950623,0.046502057613168765,0.01111111111111116,0.0024691358024691913,0.002880658436214034,0.009465020576131754,0.0004115226337448985,0.008230452674897148,0.002469135802469158,0.0012345679012346067,-0.0016460905349793941
35,35,0.8806584362139918,0.8808127125527058,0.870833950525848,0.950822100429566,3.5164147211008085,0.7797966051804337,0.19231397605455017,1.9887114335149985,-0.40890378282975126,0.08518518518518516,0.05432098765432096,0.030452674897119315,0.006172839506172844,-0.012345679012345678,-0.0024691358024691245,0.0,-0.00781893004115226,0.002057613168724259,-0.008230452674897137,-0.006172839506172834,-0.006995884773662553
36,36,0.9176954732510288,0.9176954732510288,0.9109237536656891,0.9645894428152493,3.3075040571280945,0.7203070151678888,0.5789723767176759,1.7233040052797965,-0.3035417464354841,0.09629629629629635,0.08600823045267493,0.034979423868312806,-0.00041152263374480966,0.008230452674897182,-0.0004115226337448208,-0.0024691358024691024,-0.0037037037037036757,0.013580246913580285,-0.009876543209876498,0.003703703703703776,-0.00905349794238679
37,37,0.9053497942386831,0.9052274371424618,0.8957780725022104,0.9503389330975539,2.408601007288289,0.45536692041020993,0.5800677291117,2.166590947697003,0.41882968406525417,0.0831275720164609,0.0831275720164609,0.050617283950617264,0.01934156378600822,0.016049382716049377,0.00781893004115225,0.012345679012345678,0.0008230452674897082,0.018930041152263367,0.0016460905349794165,-0.004115226337448574,0.0
38,38,0.9176954732510288,0.9174717863391645,0.9073840912457414,0.9675603614279366,4.1091783360600145,0.11786346350662068,0.4792974282609039,1.4883989579809616,0.01564533672681115,0.09958847736625517,0.10164609053497946,0.042798353909465056,0.012345679012345734,0.007818930041152305,0.0069958847736625975,0.0012345679012346067,-0.003292181069958833,0.017283950617283994,0.004526748971193484,-0.0004115226337448319,0.0004115226337448985
39,39,0.8930041152263375,0.8932854330984649,0.8851079672375279,0.9536857781087119,2.5130657825526965,0.7064605919439856,0.2936827815608453,1.9465586401641148,0.42389770537915705,0.10617283950617287,0.055144032921810734,0.032510288065843676,0.020164609053497994,0.010699588477366306,0.005349794238683181,0.007818930041152328,0.001646090534979472,0.0032921810699588993,0.006995884773662619,-0.0004115226337448208,0.0008230452674897303
40,40,0.9053497942386831,0.9051776519251505,0.8881184998424204,0.9628900094547745,3.6003442779773507,0.19216836601932347,0.07103290063910195,1.688747414731364,0.7352392576641893,0.09218106995884771,0.04979423868312756,0.053497942386831275,0.012345679012345668,0.006995884773662519,0.0024691358024691245,0.004938271604938249,-0.0024691358024691358,0.024691358024691346,0.006172839506172834,0.004938271604938249,-0.0012345679012345622
41,41,0.8765432098765432,0.8762504661381066,0.865359477124183,0.9537400145243282,4.025009494412801,0.6133192586504835,-0.180531577663436,1.1342486163761532,0.3975484322318135,0.10411522633744856,0.041975308641975316,0.030452674897119326,0.005349794238683115,-0.003703703703703687,-0.00781893004115225,-0.0024691358024691358,-0.006584362139917666,0.00493827160493826,-0.00493827160493826,-0.004938271604938249,0.0
42,42,0.9176954732510288,0.9176954732510288,0.9055944055944056,0.9667443667443667,2.933930741786607,0.6178754383616307,0.26239848194505366,2.1688537699118915,-0.10305211131097462,0.10246913580246919,0.08024691358024696,0.065843621399177,0.015637860082304566,0.01028806584362143,0.006995884773662609,0.001646090534979472,0.0008230452674897415,0.012345679012345723,0.0008230452674897415,0.009053497942386867,-0.006584362139917655
43,43,0.8847736625514403,0.8842971697540973,0.8578216374269005,0.9473684210526315,3.2686950773121386,0.3716812561225473,0.7178421096564978,1.4308587329399294,0.4133007909605978,0.08518518518518514,0.04032921810699586,0.02716049382716047,0.0016460905349793941,0.006584362139917676,-0.0016460905349794275,-0.01028806584362144,-0.002880658436214001,0.008641975308641947,-0.009465020576131754,0.004938271604938249,0.0008230452674896971
44,44,0.9135802469135802,0.9139620504106485,0.9074074074074074,0.9709647919524462,3.6903769677605642,0.5390783440462987,0.6141960604920982,1.493661949264854,-0.40015523590461677,0.1098765432098765,0.051028806584362076,0.030452674897119315,-0.0008230452674897526,-0.009053497942386902,-0.007407407407407485,-0.007818930041152316,-0.0032921810699588993,0.0127572016460905,-0.005349794238683181,-0.0037037037037037424,-0.008230452674897193
45,45,0.8888888888888888,0.888709377544413,0.872622699386503,0.9351226993865032,3.4930410157778855,0.5169942131348082,0.6544157381077547,1.9276916771235428,-0.32325772851922724,0.07777777777777774,0.050617283950617244,0.04732510288065837,0.00411522633744853,-0.0012345679012346177,0.0004115226337448319,-0.0016460905349794607,0.0016460905349794052,0.008230452674897071,0.005761316872427957,-0.002057613168724326,-0.0032921810699589214
46,46,0.9053497942386831,0.9057812563629916,0.8976226993865031,0.9536042944785276,3.783696990042422,0.5632393135817895,0.6369274106407009,1.2898124918344898,-0.12616251688628946,0.06502057613168724,0.03868312757201644,0.060905349794238686,-0.0024691358024691466,0.010288065843621385,-0.0016460905349794165,0.008230452674897092,0.0,0.0,-0.0012345679012345622,-0.0041152263374485635,-0.0037037037037036978
47,47,0.8847736625514403,0.8844501384683077,0.8706254653760238,0.9626209977661951,3.410462561500853,0.6361375912202702,0.31079364248002783,1.4534292825971271,-0.040577175148467676,0.06913580246913578,0.03744855967078187,0.03209876543209873,-0.0008230452674897415,0.0012345679012345622,-0.006172839506172878,-0.011522633744855992,-0.010699588477366318,0.010288065843621352,-0.004938271604938283,0.00905349794238679,-0.006172839506172867
48,48,0.9423868312757202,0.9427535408619252,0.9406759906759907,0.9748251748251748,3.346512248338399,0.05281403086179996,0.5730436969713142,1.8555845865998846,0.20339577401586045,0.1329218106995885,0.08641975308641979,0.06625514403292188,0.016049382716049422,0.0037037037037037533,0.0016460905349794496,0.009053497942386902,-0.0004115226337448208,0.020164609053497984,0.0004115226337449096,0.005349794238683192,0.007818930041152338
49,49,0.9053497942386831,0.9048770288022822,0.8880751533742332,0.9687116564417177,3.1552857032525474,0.35293243297326593,0.6462849844584118,1.8222560388149596,-0.2573036265310298,0.1119341563786008,0.035390946502057596,0.045679012345679004,0.010288065843621385,0.004115226337448541,-0.0004115226337448541,0.0016460905349794052,0.011111111111111105,0.0074074074074073955,-0.0016460905349794275,0.006584362139917676,0.006172839506172811
50,50,0.9053497942386831,0.9063418878189884,0.9081906180193596,0.9574832464631422,4.022995319884831,0.58844408388014,0.5267622534722799,1.050908948547564,-0.12143193104963473,0.0987654320987654,0.03168724279835389,0.046913580246913576,0.009053497942386801,0.003703703703703687,0.0016460905349794165,0.0028806584362139785,-0.0028806584362139785,0.013168724279835375,-0.004526748971193406,0.0004115226337448541,-0.0016460905349794165
51,51,0.8806584362139918,0.8800443406513856,0.8591000308737264,0.9448903982710714,3.0549903449863685,0.44487275026724643,0.10569568648771982,1.747967369530451,0.6101920002182813,0.07160493827160491,0.07901234567901233,0.03662551440329217,-0.0012345679012345733,-0.0008230452674897193,-0.0020576131687242817,-0.0020576131687242817,0.008230452674897082,0.0016460905349794165,-0.0028806584362139785,0.0016460905349794165,0.0012345679012345622
52,52,0.8847736625514403,0.8861886487334517,0.8864081325301205,0.9471385542168674,3.105252226328651,0.5565706463219569,0.8494090251229575,1.7092635801417326,-0.18330503377053722,0.1185185185185185,0.04567901234567899,0.0362139917695473,0.004526748971193384,0.0020576131687242705,-0.007407407407407451,-0.006995884773662575,-0.006995884773662575,0.007407407407407374,0.0016460905349794052,0.000411522633744843,-0.002880658436214012
53,53,0.8930041152263375,0.8934759738853305,0.8895009484897125,0.9511162994309063,3.3176409881692916,0.56382221512886,0.7066529266818617,1.5608837939748001,-0.07065945144196396,0.06419753086419758,0.04773662551440333,0.03703703703703709,0.0037037037037037533,0.0028806584362140453,0.0020576131687243147,0.005349794238683192,0.00246913580246918,0.011522633744856015,-0.0057613168724279466,-0.0037037037037036757,0.007818930041152328
54,54,0.934156378600823,0.9339338302301267,0.9216965112689102,0.9688947205927756,3.680468688625012,0.44546497335708585,0.3515295744196655,1.4570592803138915,-0.20905698174982293,0.11111111111111108,0.09012345679012343,0.05020576131687239,0.016049382716049332,0.005349794238683103,-2.2204460492503132e-17,0.008230452674897082,0.0028806584362139785,0.02633744855967075,0.0008230452674897082,0.004938271604938249,0.002057613168724259
55,55,0.8847736625514403,0.8854631702516702,0.875920245398773,0.9422546012269939,3.8655180136665686,0.14444737298779609,0.88596862518821,1.8514004125088757,-0.45462258376340375,0.04567901234567897,0.033333333333333305,0.024691358024691346,-0.0016460905349794386,0.011522633744855926,-0.0012345679012345956,0.003292181069958833,0.004115226337448541,0.020164609053497918,-2.2204460492503132e-17,0.007818930041152227,0.010288065843621363
56,56,0.8847736625514403,0.8861098715851059,0.8818308119790059,0.9412627354121643,4.011073372846565,0.7485630210825105,0.601228144743468,1.2845590670163984,-0.651195681146744,0.1246913580246913,0.02798353909465018,0.04609053497942385,0.016049382716049353,-0.004526748971193428,-0.006584362139917732,-0.004938271604938293,-0.0061728395061728895,0.006584362139917676,0.0004115226337448319,-0.003292181069958877,-0.004115226337448574
57,57,0.9012345679012346,0.9015208984084487,0.8925541584608392,0.9556885320405999,3.191462400097101,0.91913206822591,0.44029234380386206,1.7655226127577186,-0.33334829092948226,0.10246913580246915,0.05679012345679011,0.06213991769547326,0.00658436213991771,-0.0028806584362139785,0.008641975308641959,-0.0032921810699588216,0.0008230452674897082,0.016049382716049387,0.004938271604938249,0.016049382716049398,-0.0020576131687242705
58,58,0.8765432098765432,0.8772590361445783,0.8672839506172839,0.9469593049839964,2.660355224198843,0.09907781303205278,-0.04529010406338911,2.219733397256252,1.1914191231109763,0.07901234567901236,0.050617283950617285,0.05679012345679012,0.0012345679012345733,-0.0008230452674897082,0.0008230452674897303,-0.011111111111111094,-0.006172839506172834,0.015226337448559678,0.0028806584362139898,-0.004115226337448541,0.006995884773662553
59,59,0.8847736625514403,0.8857442348008385,0.8796296296296295,0.9388812680993751,3.6781413920780244,0.5335868471642088,0.2298902088169777,1.6337925720148565,0.14788859462421128,0.10288065843621397,0.07942386831275716,0.05185185185185183,0.004938271604938249,-0.004526748971193451,-0.004938271604938293,-0.010699588477366285,-0.0016460905349794275,0.004526748971193395,-0.003292181069958866,-0.017695473251028836,-0.005761316872428002
60,60,0.9176954732510288,0.9176954732510288,0.9085090361445782,0.9753012048192772,3.290361798070172,-0.18519912284051157,1.0840880317149644,1.5597813375019627,0.3410355314573691,0.09135802469135808,0.06213991769547332,0.04238683127572022,0.004526748971193473,0.0016460905349794607,0.0008230452674897526,0.0008230452674897526,-0.001234567901234529,0.007407407407407462,0.007818930041152328,0.009876543209876609,-0.0012345679012345512
61,61,0.9012345679012346,0.9018255745014316,0.8945552147239264,0.9498466257668712,3.3860859050891756,0.370352127927658,0.4213708654179562,1.4506083824085532,0.41282908673803503,0.06584362139917696,0.08065843621399177,0.045679012345679004,0.014403292181069982,0.0012345679012345622,-0.0012345679012345622,-0.006584362139917676,-0.005349794238683103,0.0024691358024691358,0.0020576131687242705,0.0016460905349794275,-0.004938271604938249
62,62,0.9094650205761317,0.9109902055394719,0.9164335664335664,0.9758352758352759,3.6455286135360883,-0.1291727089851561,-0.12058974646870761,1.8745509721942049,0.5555927525136939,0.10658436213991766,0.04032921810699587,0.05349794238683123,-0.009053497942386846,0.006995884773662531,-0.006172839506172856,0.003703703703703687,-0.008641975308642025,0.006995884773662519,0.0032921810699588216,-0.0049382716049383045,-0.0041152263374485635
63,63,0.8930041152263375,0.8933876885605009,0.8783333333333333,0.9501587301587301,3.309857652462962,0.476640903490633,0.696873204153702,1.6738856144909826,-0.04179612949770912,0.13868312757201648,0.06543209876543214,0.051028806584362194,0.004526748971193461,0.007818930041152328,0.009876543209876609,0.014403292181070004,0.0004115226337448985,0.015226337448559713,0.0008230452674897415,-0.014403292181069893,0.0004115226337448985
64,64,0.9012345679012346,0.9022360355693688,0.8953571428571429,0.9303968253968253,3.3149207580783875,0.5233955010750285,0.03560437672995026,1.447463120819669,0.8306884648246078,0.061728395061728406,0.07736625514403292,0.045679012345679025,-0.0028806584362139676,-0.008230452674897092,-0.0016460905349794165,-0.0012345679012345622,-0.004938271604938249,0.0008230452674897193,-0.00987654320987651,-0.01358024691358024,0.0
65,65,0.9218106995884774,0.9223332680122803,0.9203313253012049,0.9756777108433735,3.800987135488222,0.2203683682159536,0.334239494756134,1.2203882214563657,0.3598148624175889,0.1189300411522634,0.04485596707818932,0.042386831275720196,0.0008230452674897526,-0.00411522633744853,0.002057613168724304,-0.009465020576131643,-0.011522633744855926,0.011934156378600846,-0.004526748971193395,-0.0024691358024691136,-0.0024691358024691136
66,66,0.9176954732510288,0.9178702489160946,0.9143652400231348,0.9649363794100636,3.474383559435034,0.5262824055038882,0.9607511061224714,1.5718798376834398,-0.5101825146029698,0.07736625514403293,0.09670781893004118,0.05637860082304531,0.006584362139917743,0.00246913580246918,-0.002057613168724237,0.00246913580246918,-0.0012345679012345401,0.014814814814814836,-0.00041152263374480966,-0.0024691358024691024,0.0032921810699588884
67,67,0.9135802469135802,0.9143102475704454,0.9145197319434102,0.9627699180938198,3.0585002530207723,0.3669424017224326,0.21245970094595498,1.7113999360438108,0.7401885982650476,0.0790123456790123,0.07530864197530858,0.036213991769547295,0.012345679012345623,-0.0008230452674897526,-0.00246913580246918,0.008230452674897082,0.0032921810699588104,0.012757201646090477,-0.0028806584362140565,-0.0037037037037037533,-0.0004115226337449096
68,68,0.8765432098765432,0.8776169492785958,0.8697852760736196,0.9444018404907976,3.2708366398099877,0.46714308375206737,0.4591445073509036,1.2541302864151191,0.5253475466699763,0.10411522633744856,0.010699588477366262,0.046502057613168724,-0.013991769547325084,-0.019753086419753086,0.003703703703703687,-0.00493827160493826,-0.011934156378600813,-0.004526748971193395,-0.0012345679012345622,-0.008641975308641959,-0.013580246913580219
69,69,0.8888888888888888,0.8883823898733965,0.8721385542168675,0.9460090361445784,3.8643489401768405,-0.25474984835089,0.017376284448310676,1.6302286331592541,0.901586204024972,0.10329218106995881,0.060493827160493785,0.04238683127572011,0.04074074074074069,0.012345679012345623,0.01563786008230448,0.019341563786008174,0.01687242798353904,0.02839506172839501,0.011934156378600768,0.008230452674897082,0.009465020576131643
70,70,0.8847736625514403,0.8851292993954173,0.8727377300613497,0.9388803680981594,2.9012651480863965,0.2774986361207718,0.6674471449743995,1.9943521607093773,0.1453411362366334,0.0847736625514403,0.056378600823045244,0.04156378600823043,0.011522633744855914,-0.004938271604938316,0.0008230452674897082,0.0024691358024691245,-0.0037037037037037203,0.0020576131687242484,-0.0028806584362139898,-0.007407407407407441,-0.007407407407407429
71,71,0.8847736625514403,0.8854849362393945,0.8752701451065144,0.9458166100648349,3.2660596356192864,0.8182814164174482,0.441755132153762,2.076472548443058,-0.5610084791457083,0.02839506172839503,0.03744855967078187,0.02921810699588475,-0.005349794238683148,-0.0020576131687242926,-0.002469135802469158,-0.004115226337448585,-0.003292181069958855,-0.003703703703703731,-0.011111111111111172,-0.011522633744855992,-0.007407407407407441
72,72,0.8641975308641975,0.8653852566392759,0.8597259658580414,0.9212339023659778,3.394450003235304,0.43148950665538294,0.7134832281955423,1.422694945376617,0.10182839852096343,0.09012345679012339,0.02633744855967074,0.02469135802469131,0.008230452674897071,-0.0012345679012346177,0.0008230452674896638,0.0028806584362139564,-0.004526748971193461,0.0037037037037036757,0.005761316872427935,-0.007818930041152316,0.0020576131687242484
73,73,0.8724279835390947,0.8708962739174219,0.845679012345679,0.9457399786617893,2.6555354413019674,0.5277540180221082,0.5143546583017564,1.7409460170596127,0.36375889761919794,0.020576131687242826,0.08395061728395063,0.03539094650205762,-0.005349794238683092,-0.006995884773662519,-0.0028806584362139785,-0.006584362139917666,-0.008641975308641936,-0.004115226337448518,-0.005761316872427957,-0.006995884773662519,-0.004938271604938249
74,74,0.8930041152263375,0.8923638580761238,0.8761230907457322,0.9597184785864031,4.062303604279549,0.14353486872961177,0.7386321924914209,1.0105145323226283,0.029031608576026272,0.10617283950617287,0.03868312757201649,0.03539094650205765,0.013580246913580295,-0.0024691358024691136,-0.001646090534979383,-0.010699588477366207,0.007407407407407462,0.004938271604938338,0.009465020576131734,0.0004115226337449096,0.005349794238683181
75,75,0.9053497942386831,0.9062354101990229,0.904635661263445,0.9606877745796091,3.9524308805323276,0.5498650328235475,0.20578657547136572,1.3811911504132073,0.012532098000550882,0.09341563786008229,0.04609053497942386,0.051440329218106984,0.009053497942386801,0.0004115226337448541,-0.0004115226337448541,-0.0028806584362139785,-0.006995884773662553,0.016872427983539096,-0.006172839506172823,-0.0057613168724279795,-0.004526748971193406
76,76,0.9012345679012346,0.9009105843519758,0.8850076687116564,0.954754601226994,3.3927552525020515,0.26369372196136803,0.04969514102310554,1.4759309892946069,0.7336884960052903,0.09711934156378602,0.06337448559670783,0.06296296296296297,0.0037037037037036978,0.0028806584362139785,0.0,-0.0008230452674897082,0.0020576131687242705,0.008230452674897127,0.003703703703703709,0.0028806584362139898,-0.0004115226337448541
77,77,0.8724279835390947,0.8732525639701519,0.866015274034142,0.9350853548966757,2.9917853670446104,0.561654423239352,0.4280121682468717,1.957050976943772,0.28118482625591146,0.042798353909465035,0.04156378600823046,0.029218106995884785,0.007407407407407418,-0.0020576131687242705,-0.0012345679012345622,0.003292181069958866,-0.004115226337448541,0.004115226337448574,0.003292181069958855,-0.004938271604938249,0.00452674897119344
78,78,0.9176954732510288,0.9174414469339024,0.9049765187092864,0.9623541887592789,2.9983917916334613,-0.1384592037755919,0.6085826525373339,1.9113396786328343,0.7110291409098749,0.09259259259259264,0.053497942386831324,0.04403292181069962,0.02345679012345684,0.00905349794238689,0.0037037037037037646,0.009876543209876599,0.001646090534979483,0.025925925925925974,-0.001646090534979383,0.008230452674897182,0.002469135802469169
79,79,0.8847736625514403,0.8851403721376456,0.8719898116702687,0.9449675825872184,4.0322324579582824,0.7927529477183991,0.676619257891148,1.1410770921426632,-0.47446909678571486,0.13292181069958847,0.07489711934156376,0.04115226337448556,-0.0008230452674897303,-0.005349794238683136,-0.004526748971193406,-0.006172839506172867,-0.0012345679012345622,0.009053497942386801,-0.0012345679012345846,-0.004526748971193428,-0.004938271604938293
80,80,0.897119341563786,0.8967853676685217,0.8880645161290323,0.9622939068100358,2.7934547466286483,0.7847796253111391,0.656596682689134,1.9280227143174153,-0.17070438873320598,0.10781893004115228,0.053497942386831296,0.03868312757201649,0.0008230452674897303,-0.005349794238683092,-0.010699588477366217,-0.006584362139917655,1.1102230246251566e-17,0.0020576131687243147,0.0008230452674897193,-0.006584362139917666,-0.004115226337448541
81,81,0.8724279835390947,0.8726880745021334,0.8478545692761218,0.9464461185718965,3.845853128798464,0.6009652151158363,1.2587986195659027,1.2732004698103203,-0.9365686128503113,0.031275720164609076,0.030041152263374515,0.039094650205761326,0.0024691358024691466,0.0012345679012345846,-0.004938271604938249,0.005349794238683159,0.0004115226337448652,0.007818930041152283,0.002469135802469158,-0.0012345679012345401,-0.006584362139917666
82,82,0.9135802469135802,0.91385028439292,0.9110757663389242,0.9484528629265471,3.222264746769746,0.9377722349818342,0.3492743296750517,1.6108574179745248,-0.24102791801418086,0.12510288065843617,0.06748971193415634,0.07448559670781887,0.02057613168724274,0.006172839506172811,-0.0032921810699588993,0.004526748971193395,-0.0061728395061729,0.01975308641975303,0.008230452674897082,0.00411522633744853,0.0032921810699588104
83,83,0.8724279835390947,0.8734309045633503,0.8701370468611848,0.9323607427055703,2.8954837071605484,0.5094281619428924,0.3860448924766336,1.8172148352421194,0.5631386145544858,0.11275720164609056,0.06131687242798356,0.042798353909465056,-0.0016460905349794052,-0.0016460905349793941,-0.0012345679012345512,-0.005761316872427957,0.0016460905349794165,1.1102230246251566e-17,0.004115226337448574,-0.009465020576131666,-0.010699588477366207
84,84,0.9094650205761317,0.9094650205761317,0.9045766100242754,0.9607311152363274,3.4175322665632617,-0.09134414793823456,0.4380460877344638,2.0201094109649005,0.25834291936495357,0.10493827160493825,0.08518518518518516,0.05185185185185183,0.011522633744855926,-0.003292181069958855,0.0024691358024691136,0.005349794238683103,-0.0012345679012345956,0.006584362139917666,0.0008230452674896971,-0.003703703703703709,-0.0020576131687242817
85,85,0.8559670781893004,0.8562215083638468,0.8342656791679799,0.9286952410967538,3.7702853372388923,0.5728675626439822,0.08284340013778095,2.1502874072330975,-0.25825699585237344,0.08395061728395062,0.01563786008230452,0.021810699588477367,0.0028806584362139676,0.008230452674897092,0.0008230452674896971,-0.003703703703703687,0.0020576131687242705,0.01275720164609052,-0.0037037037037036978,0.004115226337448541,-0.003292181069958833
86,86,0.9053497942386831,0.9058662211792806,0.893970893970894,0.9657764273148889,3.494355739319345,0.5416893695176089,0.2814104226039766,1.5656869904154214,0.05924708222510727,0.0897119341563786,0.08477366255144031,0.04115226337448559,-0.0008230452674897082,-0.010288065843621397,-0.004115226337448552,0.0008230452674897082,-0.010288065843621408,0.0028806584362139898,-0.008230452674897127,-0.0008230452674897082,-0.0028806584362139785
87,87,0.9135802469135802,0.9145282629340601,0.9123767798466593,0.9604130808950087,3.336382777336263,0.7097741983728855,0.369662993512737,1.345347355846923,0.07156019743737334,0.09999999999999994,0.06790123456790119,0.034156378600822976,0.005761316872427957,-4.4408920985006264e-17,0.0037037037037036757,-0.00246913580246918,-0.00246913580246918,0.001646090534979361,-4.4408920985006264e-17,-0.0020576131687243147,0.004938271604938249
88,88,0.9423868312757202,0.9420201216895151,0.9295940009089532,0.9754582638994093,3.48471804741172,0.41659675584456246,0.10756369266836767,1.577733536724108,0.2575282883490493,0.1189300411522634,0.06172839506172846,0.05967078189300414,0.01399176954732515,0.0037037037037037424,0.005761316872428035,0.011111111111111172,0.008641975308642047,0.020576131687242837,0.009465020576131744,0.0037037037037037424,0.006995884773662619
89,89,0.9135802469135802,0.9137284768769679,0.901932404944453,0.960882491002973,3.2201792840772034,0.46045509986871014,-0.21702007008022528,1.9790774701564988,0.5939190803894089,0.10493827160493822,0.06831275720164605,0.057613168724279795,0.007818930041152227,0.0004115226337448208,0.004938271604938238,0.004115226337448541,-0.0012345679012346067,0.009465020576131643,0.004115226337448508,0.005349794238683103,-0.0032921810699588993
90,90,0.897119341563786,0.8992994626744685,0.8971008403361345,0.9556302521008404,3.2208748641130067,0.6873390145585252,-0.0827133146431836,2.286663597851542,-0.20047422672389312,0.09218106995884776,0.09053497942386833,0.051028806584362166,0.010699588477366306,0.006172839506172856,0.0024691358024691358,0.0037037037037037203,0.0008230452674897193,0.013580246913580285,-0.0008230452674896971,0.005349794238683148,-0.004526748971193395
91,91,0.8724279835390947,0.8696244100735002,0.8500355618776672,0.9660739687055477,2.5162562088197893,0.30658140792913596,0.6258786332927293,2.2017652063628033,0.4291023815305008,0.0374485596707819,0.04526748971193417,0.01646090534979424,-0.004526748971193395,-0.013580246913580207,-0.013580246913580207,-0.018106995884773623,-0.00987654320987651,-0.0127572016460905,-0.00987654320987651,-0.005761316872427957,-0.017283950617283918
92,92,0.9259259259259259,0.925636434177933,0.908763793379178,0.9672157364465057,4.208983062224116,0.25041152360583757,0.14632408280803993,1.3177996977285849,0.10783326184652696,0.1481481481481481,0.051440329218107,0.0465020576131687,0.0032921810699588438,-0.0020576131687242705,0.009465020576131699,0.0012345679012345622,0.0012345679012345733,0.012757201646090543,0.004115226337448552,0.004938271604938283,0.005349794238683125
93,93,0.9012345679012346,0.9032199841166703,0.8994657394843962,0.9563263229308006,3.39175158680904,0.0318390430552387,0.4675994980070979,1.721202800160947,0.5664295464371123,0.07242798353909466,0.032098765432098775,0.03415637860082306,-0.0008230452674896971,-0.005349794238683103,0.0012345679012345622,0.0020576131687242705,0.0028806584362139785,0.014403292181069971,-0.0024691358024691358,-0.0024691358024691245,0.0004115226337448541
94,94,0.8641975308641975,0.8647241983653243,0.8548026805658973,0.9346984363365598,3.205564213390066,0.5799772483330222,0.8847148216568704,1.8966891139702702,-0.42934703157920323,0.0835390946502057,0.04855967078189294,0.0452674897119341,0.006584362139917643,-0.006995884773662619,-0.006584362139917766,-2.2204460492503132e-17,-0.004526748971193473,0.0016460905349793941,-0.0008230452674897526,-0.009876543209876609,-0.0004115226337448985
95,95,0.9176954732510288,0.9182193440884647,0.9123543123543123,0.9699300699300699,3.5633558266317684,0.8516172856001593,-0.1006646228568833,1.6699815426880458,-0.09039112524686964,0.09341563786008235,0.06337448559670786,0.02798353909465027,0.0004115226337448985,-0.009876543209876498,-0.0020576131687242705,-0.000823045267489686,-0.000823045267489686,0.0012345679012346177,-0.007407407407407363,-0.0004115226337448319,-0.003703703703703687
96,96,0.8765432098765432,0.8765432098765432,0.8542699504237965,0.9450663681432913,3.250693728068661,0.45874192597565583,0.9554217818357813,1.8805489767313766,-0.3877944888232335,0.08065843621399175,0.027160493827160504,0.025514403292181076,0.004526748971193417,-0.005761316872427957,0.0016460905349794275,0.011111111111111105,0.0028806584362139785,0.006995884773662542,0.0028806584362139785,0.003292181069958833,-0.004526748971193395
97,97,0.8765432098765432,0.8759577223996701,0.8638302486986698,0.9478744939271255,3.399253758826038,0.11986209155796874,0.4563807488543858,1.5103225215332226,0.7557464655528313,0.058436213991769556,0.06831275720164608,0.04074074074074073,0.008230452674897137,-0.013168724279835365,-0.0008230452674896971,0.004938271604938249,-0.0016460905349794165,0.006172839506172844,-0.003292181069958833,-0.01358024691358024,-0.0012345679012345622
98,98,0.9218106995884774,0.9224047416436847,0.919110836677987,0.9632602655140476,4.082716699720766,0.37073612010156376,0.3053057561989261,1.8296704027666826,-0.42570243941050945,0.1358024691358025,0.0827160493827161,0.06419753086419758,0.013580246913580275,0.009876543209876576,0.003292181069958855,0.009465020576131711,0.0020576131687242926,0.016460905349794254,0.010699588477366273,0.007407407407407429,-0.0016460905349794165
99,99,0.8888888888888888,0.8887354119093989,0.8765078183172004,0.9328369322412509,4.396410105336675,0.6586104853532355,0.09685697644177649,1.3807776928242768,-0.47561911380024036,0.09835390946502051,0.06954732510288061,0.04362139917695468,0.004938271604938216,0.00905349794238679,0.010288065843621352,0.0024691358024691024,-0.0020576131687243147,0.009465020576131633,-0.0016460905349794607,0.0032921810699588216,0.004115226337448541
100,100,0.8765432098765432,0.8768154360259623,0.8699346405228758,0.9541031227305737,3.1264445141112125,0.27354283190648565,0.45984839377125497,1.752418630433856,0.4827643975734604,0.0794238683127572,0.08353909465020574,0.04115226337448561,0.003292181069958866,0.0049382716049382715,-0.0032921810699588438,-0.0012345679012345622,-0.004526748971193406,0.006995884773662564,-0.004115226337448541,-0.004526748971193395,-0.0028806584362139785
101,101,0.8930041152263375,0.8940570617614286,0.886306334699023,0.937125748502994,3.7992494582029734,-0.1876372815911049,0.39046059548728423,1.4312345607159243,0.7764843274057078,0.1283950617283951,0.10370370370370377,0.05514403292181076,0.014814814814814859,3.3306690738754695e-17,0.004115226337448629,0.006172839506172911,0.006584362139917754,0.016049382716049432,0.004115226337448608,0.0037037037037037533,0.00246913580246918
102,102,0.8765432098765432,0.8765432098765432,0.8602377300613497,0.933819018404908,3.6027433309115273,0.42692149425895504,0.6151789744734134,2.09665447254205,-0.8104016209974314,0.09300411522633746,0.04814814814814816,0.021399176954732545,-0.0012345679012345622,-0.004938271604938249,0.0004115226337448541,0.006172839506172823,-0.0028806584362139785,0.01440329218106996,-0.005761316872427957,-0.003703703703703687,-0.0020576131687242705
103,103,0.897119341563786,0.8976806751948703,0.8842555573324804,0.9585798816568047,2.8671211551107976,0.04347950125423234,0.7093751904795943,1.8583393016792975,0.4480060669047267,0.11481481481481484,0.032098765432098775,0.05473251028806586,0.011934156378600857,1.1102230246251566e-17,0.0020576131687242817,0.0012345679012345846,-0.0012345679012345622,0.01028806584362144,0.004938271604938293,-0.005761316872427957,0.003292181069958855
104,104,0.8518518518518519,0.8514223560910307,0.8334456424079066,0.9303683737646002,3.6662292621060533,0.8544647194806556,0.6872536914581414,1.5914004019262942,-0.8440737168508625,0.1,-0.0028806584362139785,0.037037037037037035,-0.00987654320987653,-0.005761316872427968,0.008230452674897137,0.004526748971193395,-0.00987654320987652,-0.009465020576131689,-0.013168724279835375,-0.01152263374485597,-0.000411522633744843
105,105,0.9094650205761317,0.9096427809598356,0.906236559139785,0.9441577060931899,3.7316695244332796,0.6747205586005507,0.31835768927032326,1.3160027405526664,-0.022700326438182428,0.10246913580246911,0.05761316872427978,0.048971193415637826,0.02551440329218104,0.004115226337448541,0.006172839506172811,0.0008230452674896971,-0.0049382716049383045,0.024691358024691336,0.003292181069958833,0.0008230452674896971,0.005349794238683103
106,106,0.9135802469135802,0.9136600024759283,0.9102062588904694,0.956827880512091,2.927838915666792,0.7047106034842314,0.15551097351986937,2.064740896371518,-0.006853956148256314,0.10246913580246905,0.11234567901234563,0.055555555555555504,0.020164609053497873,0.015226337448559623,0.0028806584362139564,-0.001646090534979494,0.002057613168724259,0.004938271604938227,0.0024691358024691024,0.0012345679012345401,-0.0004115226337448652
107,107,0.8806584362139918,0.8818502165142218,0.8760352760736196,0.9466257668711656,3.6464465690830887,0.6254453802973016,0.43235120409454686,1.7007697919521976,-0.37448489777608557,0.07325102880658435,0.03580246913580246,0.06090534979423866,0.01358024691358023,-0.005349794238683125,-0.0016460905349794165,0.004115226337448541,0.0004115226337448541,0.010288065843621397,0.010288065843621385,-0.01522633744855969,0.003703703703703687
108,108,0.9135802469135802,0.9134569592963151,0.9030772686433064,0.9755166217430369,3.3843580014917456,0.3241179822866764,0.7261433034421068,1.755978165410302,-0.5497631902686733,0.0732510288065843,0.04650205761316867,0.025925925925925887,0.004526748971193384,0.0016460905349793941,-0.00905349794238689,-0.004526748971193473,-0.00246913580246918,-0.012757201646090576,-0.0032921810699589214,-0.007407407407407462,-0.0028806584362140453
109,109,0.8930041152263375,0.8941837618738203,0.896163531328692,0.9477114501555325,3.635294691351727,0.41690200366245794,0.7657831716152605,1.2777744738307313,-0.0020612789944046642,0.09958847736625517,0.052674897119341604,0.06337448559670787,0.015637860082304566,0.004526748971193473,0.0020576131687243147,0.002057613168724304,0.001646090534979472,0.016872427983539127,0.007407407407407462,0.0037037037037037533,-0.0004115226337448319
110,110,0.9094650205761317,0.9104171733741016,0.9107332222390547,0.945311316467202,3.3578142379768647,0.6391053266330101,0.9634882830490002,1.6208597435505598,-0.7063134622698506,0.08765432098765429,0.06995884773662547,0.05226337448559669,0.0028806584362139785,0.0020576131687242705,0.003703703703703687,0.0016460905349794165,0.0004115226337448541,0.003703703703703687,-0.0004115226337448541,0.000411522633744843,0.004938271604938249
111,111,0.8930041152263375,0.8936049456664411,0.8863429783366157,0.9467504923496439,3.5814155905501277,0.8227046997341974,0.5605593410997974,1.5848138486298802,-0.5566824032857369,0.08600823045267494,0.03744855967078192,0.056790123456790166,0.00905349794238689,-0.003703703703703687,0.0004115226337448874,0.0012345679012346177,0.007818930041152338,0.012345679012345734,-0.0032921810699588104,0.005761316872428035,0.0004115226337448763
112,112,0.9094650205761317,0.909257914414051,0.9011711972238288,0.9723828802776171,2.8832116103685372,0.3077675603156901,0.1382995461907924,1.7819553918742854,0.6819973178659129,0.0781893004115226,0.06337448559670777,0.03950617283950615,0.008641975308641936,0.004938271604938249,-0.002880658436214001,0.001234567901234529,0.0028806584362139785,0.01646090534979421,0.0012345679012345622,0.009053497942386801,-0.0008230452674897082
113,113,0.8847736625514403,0.8854631702516702,0.875920245398773,0.9516104294478528,3.5949806010553087,0.0995663132240556,0.3930524289405952,1.7815362800803813,0.29022058646687077,0.08888888888888885,0.052674897119341535,0.05761316872427981,-0.002880658436214001,-0.002880658436214001,-0.004115226337448585,0.000823045267489686,-0.0016460905349794275,0.0012345679012345401,-0.0008230452674897415,0.005761316872427968,-0.012345679012345723
114,114,0.9012345679012346,0.9014605018962317,0.8959944549832191,0.9627170582226762,3.854556455381042,-0.1519397072436496,0.2649257184736669,1.417104840648188,0.5159852373176835,0.06460905349794238,0.07325102880658435,0.023456790123456785,0.0028806584362139898,1.1102230246251566e-17,-0.005761316872427957,-0.008230452674897104,-0.0024691358024691245,-0.0016460905349794165,-0.004526748971193395,0.0028806584362139785,-0.003292181069958833
115,115,0.8930041152263375,0.8935296815225131,0.8882758109909643,0.9377129314175676,3.5686802554452073,0.9374482936665093,0.1290833592371306,1.632450398479061,-0.05801765381705325,0.10699588477366259,0.039917695473251066,0.03497942386831282,-0.0020576131687242484,0.001646090534979483,0.002057613168724326,0.0004115226337448874,-0.004938271604938249,-0.0004115226337447986,-0.0057613168724279466,-0.004938271604938238,-0.002057613168724237
116,116,0.897119341563786,0.8966503609938855,0.8812876506024097,0.955421686746988,3.600328944184277,-0.07693440386948329,0.6806844181213798,1.4989897683473474,0.4221684387879124,0.06954732510288067,0.049794238683127615,0.03168724279835394,0.0024691358024691466,0.004115226337448574,0.0004115226337448541,0.007818930041152305,-0.0020576131687242705,0.010288065843621418,0.005349794238683148,0.0012345679012345846,0.004115226337448574
117,117,0.8765432098765432,0.8778709637255703,0.864867042707494,0.9547945205479452,4.084444487385813,0.4647081793666678,0.3184970874719482,1.5438799537991028,-0.33020285054453924,0.11604938271604939,0.04855967078189303,0.05020576131687241,-0.004115226337448552,-0.006995884773662519,0.0012345679012345733,-0.0020576131687242705,-0.005349794238683103,-0.010288065843621385,-0.0028806584362139785,-0.006995884773662531,-0.006172839506172811
118,118,0.8930041152263375,0.8936443723765509,0.8852377300613496,0.9565184049079756,3.59933392267662,0.3055129035912495,1.062559300160728,1.3334848571589084,-0.23858492315885596,0.052263374485596745,0.07119341563786012,0.03909465020576138,0.018518518518518556,-0.005761316872427935,0.0016460905349794607,0.01111111111111116,-0.004938271604938238,0.020164609053497973,0.009876543209876609,0.0049382716049383045,-0.0012345679012345401
119,119,0.9218106995884774,0.9222660082364437,0.9213085764809903,0.9755378720895963,3.3316656372284177,0.048943747343517745,0.5317035123073328,2.194749200669815,-0.2489093540493867,0.10329218106995885,0.0674897119341564,0.043621399176954755,0.018106995884773693,0.004526748971193451,0.0028806584362139898,0.006584362139917721,0.0028806584362139898,0.012757201646090576,0.0004115226337448652,0.007407407407407429,0.006995884773662586
120,120,0.9094650205761317,0.9088530125567162,0.8911426380368098,0.9676380368098161,3.3442688691115823,0.5592533931451122,0.15631109900521253,1.6249350153687265,0.232844084665553,0.08971193415637856,0.044032921810699566,0.023045267489711897,0.0012345679012345401,0.0028806584362139676,0.005761316872427957,0.000823045267489686,-0.0016460905349794386,0.010288065843621352,0.0028806584362139564,-0.006995884773662586,-0.0049382716049383045
121,121,0.9300411522633745,0.9303600590509068,0.9255751533742331,0.961196319018405,4.131675908631673,0.2368539087785293,0.7752377069537992,0.9611633372796743,0.027006294478898976,0.10082304526748971,0.0440329218106996,0.054732510288065826,0.014814814814814791,0.009053497942386801,0.005761316872427968,-0.0004115226337448541,-0.0024691358024691245,0.020576131687242795,0.007407407407407374,0.003703703703703687,0.0020576131687242705
122,122,0.8888888888888888,0.8887303762381192,0.8757861635220126,0.9505091344713986,3.4333937463066255,0.24223812764699812,0.7766674126778143,1.6057221676085027,0.08927563598940602,0.061728395061728336,0.04156378600823041,0.031275720164609014,-0.0004115226337448985,-0.005761316872428058,0.0037037037037036757,-0.004526748971193495,0.0004115226337448319,0.008641975308641936,-0.0032921810699588884,-0.004115226337448619,-0.0016460905349794607
123,123,0.9053497942386831,0.9054721513349044,0.8978299511183528,0.9641534587468524,3.652497201734945,0.6922204294997809,0.7611266921133023,1.3773019947536553,-0.6177534374170912,0.09341563786008225,0.03909465020576132,0.04897119341563784,-0.006584362139917699,-0.0057613168724279795,-0.009465020576131699,-0.0065843621399176875,-0.006995884773662553,0.012345679012345656,-0.0012345679012345733,-0.002880658436214001,-0.0028806584362139898
124,124,0.9053497942386831,0.9060034924846594,0.901643690349947,0.9486441448265415,3.2120745820168466,0.6190779888220499,0.42434274599846256,1.850015317251656,-0.21804286698535016,0.0962962962962963,0.0831275720164609,0.046502057613168724,0.010288065843621375,0.006172839506172811,0.009465020576131678,0.003292181069958833,0.005349794238683103,0.013168724279835375,0.006584362139917676,-0.00493827160493826,0.006995884773662519
125,125,0.897119341563786,0.897545666506814,0.8899849397590361,0.956777108433735,3.475694689890139,0.3578900362237427,0.6013467419870979,1.607371203772906,0.17329233559033955,0.07078189300411523,0.10411522633744856,0.03209876543209881,0.004938271604938293,0.002469135802469158,-0.005761316872427968,-0.004938271604938249,-0.006995884773662519,0.012345679012345711,0.005349794238683159,-0.0008230452674896971,-0.00905349794238679
126,126,0.9053497942386831,0.9060398900192183,0.9063548810739822,0.9576098059244127,3.8183206859327252,0.3265566364287682,0.3686743824674104,1.785862230079963,-0.18467067099267062,0.1049382716049383,0.06419753086419754,0.04732510288065843,0.014403292181069949,-0.0012345679012345622,0.0016460905349794275,0.00987654320987652,0.0020576131687242705,0.006172839506172823,0.0012345679012345622,-0.0016460905349794275,-0.0020576131687242705
127,127,0.8765432098765432,0.8765432098765432,0.8657161803713528,0.9366342469790745,4.068371741369441,-0.09760620615757941,0.9581470454459419,1.1804491517390365,0.2860169468520062,0.10246913580246915,0.056790123456790145,0.051440329218107,0.018518518518518524,0.0024691358024691245,0.0028806584362139898,0.022633744855967086,0.006995884773662564,0.02016460905349794,0.004115226337448541,0.004938271604938283,0.0024691358024691245
128,128,0.8930041152263375,0.8933743170589818,0.8914295874822191,0.9504267425320057,3.6315098982018887,0.6055626819918833,0.2083024211907432,1.693529205260329,-0.1534843761721431,0.0946502057613169,0.05061728395061734,0.05349794238683131,0.0004115226337448985,0.002057613168724326,0.016049382716049432,0.0032921810699588884,0.00905349794238689,0.010699588477366306,0.0061728395061728895,-0.0028806584362139564,0.0037037037037037424
129,129,0.8724279835390947,0.8740659475970464,0.8694041370793455,0.9478234022846558,3.4273270005763425,0.6192802049333918,0.8191511270385817,1.729538783127436,-0.5669288468131061,0.06419753086419755,0.04197530864197534,0.023456790123456826,-0.007818930041152227,0.002880658436214012,-0.0016460905349794165,-0.004526748971193395,-0.005761316872427957,0.0012345679012345956,0.0016460905349794386,-0.0037037037037036757,0.002880658436214012
130,130,0.9135802469135802,0.9147504093240527,0.9226040586579767,0.9640053325433269,2.9012966954622534,0.6449317431458274,0.25269388507317364,2.3473158681535917,-0.33373475181927936,0.12757201646090527,0.08271604938271601,0.04814814814814811,0.02057613168724274,0.013991769547325039,0.0032921810699588104,-0.002469135802469202,-0.0016460905349794607,0.01893004115226331,0.008230452674897082,0.004115226337448508,-0.0032921810699589106
131,131,0.9053497942386831,0.9046528513472092,0.8891660461653016,0.9441548771407298,3.4067724897070306,0.35198285399589035,0.7021461560834508,1.0684681206904618,0.49028225866243413,0.11440329218106995,0.04732510288065841,0.041152263374485576,0.016049382716049398,0.0004115226337448541,0.0008230452674897082,0.008641975308641959,-0.003292181069958833,0.011111111111111094,0.007407407407407374,0.0041152263374485635,-0.005349794238683103
132,132,0.9218106995884774,0.9216918911774359,0.9110740796848962,0.9652325405241631,3.082747555820184,0.745980915086469,0.9836565864391783,1.6756289656658274,-0.6026859898990325,0.07901234567901236,0.04855967078189303,0.03868312757201649,0.018518518518518545,-0.011111111111111072,0.008641975308642014,-0.0012345679012345622,-0.000411522633744843,0.014814814814814847,0.0024691358024691466,0.005349794238683136,0.0012345679012345846
133,133,0.934156378600823,0.9338329531877918,0.9248366013071896,0.9738562091503268,3.3861152758131627,0.4048182105996486,0.7621038309684178,1.679188523875259,-0.13288414279606708,0.1316872427983539,0.05596707818930038,0.05308641975308639,0.03333333333333329,0.013580246913580219,0.01481481481481478,0.004526748971193395,0.011111111111111072,0.02016460905349793,0.010699588477366217,0.005349794238683103,0.010288065843621363
134,134,0.9012345679012346,0.901477136961008,0.8951149425287357,0.943633952254642,3.171353048501583,0.5015605405601272,0.0526190124194247,1.8451475681937652,0.5920258493638533,0.10370370370370371,0.06831275720164609,0.054320987654320994,0.01810699588477368,0.0024691358024691466,0.0032921810699588438,-0.0028806584362139785,0.003292181069958833,0.009053497942386834,0.0028806584362139785,0.0032921810699588438,-0.006995884773662519
135,135,0.8930041152263375,0.8945550721404135,0.8941724941724942,0.9451437451437451,3.9592511456123844,-0.08801884520549225,0.4934043852503348,1.3296582129109051,0.5358015560313518,0.0843621399176955,0.046090534979423926,0.032510288065843676,0.022222222222222254,0.00246913580246918,0.0024691358024691913,0.0037037037037037646,0.0008230452674897526,0.01399176954732515,0.017283950617283994,0.0012345679012346177,-0.0024691358024691136
136,136,0.9053497942386831,0.9062354101990229,0.904635661263445,0.9484926526283896,3.385280772193877,0.7702075914123545,0.6777622562097864,1.7568989764846563,-0.6332415514878184,0.10864197530864197,0.054320987654320974,0.025514403292181055,0.008641975308641959,0.0004115226337448541,-0.0020576131687242705,-0.006995884773662564,-0.006584362139917699,-1.1102230246251566e-17,-0.0028806584362139785,-0.007407407407407407,-0.0016460905349794165
137,137,0.9218106995884774,0.9217163457620798,0.914599445498322,0.9717641908653144,3.0109017872703383,0.0349677459282507,0.35482304197560927,2.1640424008122086,0.1924934703155623,0.09917695473251031,0.059259259259259275,0.05226337448559674,0.009465020576131711,0.007818930041152305,-0.0016460905349794165,0.0004115226337448763,0.004526748971193428,0.010288065843621408,-0.004526748971193395,0.005349794238683159,0.0016460905349794275
138,138,0.9012345679012346,0.9024474132001015,0.9047063253012049,0.9459337349397591,4.255597732115975,-0.06152323125542834,0.7146315105751246,1.1386922711928584,0.1948936477122823,0.12510288065843622,0.051851851851851836,0.07325102880658438,0.005349794238683103,0.0020576131687242817,0.0012345679012345622,0.00493827160493826,0.004115226337448541,0.018930041152263388,0.0024691358024691245,0.0028806584362139785,-0.004526748971193395
139,139,0.9135802469135802,0.9140655867731857,0.9030620467365028,0.9605962933118453,2.9522225512549167,0.8187659809872048,0.2696306442292465,1.9515050314683422,-0.06509922660460543,0.07160493827160488,0.09547325102880652,0.05349794238683123,0.0028806584362139564,0.001646090534979383,0.006172839506172811,0.0012345679012345401,-4.4408920985006264e-17,0.001646090534979383,-0.0012345679012346177,0.0028806584362139676,-0.0008230452674897526
140,140,0.8930041152263375,0.8924966927463807,0.8813982070561018,0.944838056680162,2.7765464521002463,0.670854077002038,0.38948751542618487,2.4545687309219866,-0.5730372189161226,0.1267489711934157,0.07736625514403295,0.04444444444444449,0.019753086419753107,0.006995884773662619,0.007407407407407462,0.0037037037037037533,0.008641975308642047,0.012345679012345711,0.0012345679012346177,0.001646090534979472,4.4408920985006264e-17
141,141,0.8888888888888888,0.8896562737863393,0.8832373882745039,0.9574306923193456,3.599918273373935,0.6539164575212131,1.0571284489583839,1.3793369025972855,-0.8211928376576828,0.03868312757201642,0.03497942386831272,0.032098765432098705,-0.005349794238683181,-0.0008230452674897526,-0.009876543209876599,-0.008641975308642025,-0.007818930041152328,-0.007407407407407462,-0.0037037037037037646,-0.002057613168724326,-0.009053497942386902
142,142,0.9012345679012346,0.9012345679012346,0.8874652670577339,0.9722908305032418,2.891577997966721,0.5953348527398482,0.1118808713093048,1.6795071747180297,0.4202791608537108,0.10534979423868314,0.040740740740740744,0.026748971193415638,0.0004115226337448541,0.00864197530864198,-0.006172839506172811,-0.0037037037037036978,-0.011111111111111082,0.0024691358024691358,-0.004115226337448552,0.0,-0.0012345679012345622
143,143,0.9176954732510288,0.9172493071302595,0.9100378787878788,0.962682379349046,3.2898041136232417,0.15407972060545896,0.17966893330197478,1.4976079859539002,0.4402266121395311,0.10534979423868318,0.11934156378600828,0.052263374485596745,0.011111111111111172,0.007407407407407462,0.002880658436214034,0.00905349794238689,0.0008230452674897415,0.013168724279835443,0.005349794238683203,0.0028806584362140453,0.0008230452674897415
144,144,0.9176954732510288,0.9171555006689308,0.9012345679012346,0.9672306050906874,2.4878314828067776,0.42096465835038094,0.42100199481882905,1.7292005267065507,0.5956594586354509,0.09876543209876548,0.04403292181069964,0.053909465020576176,0.008641975308642025,-0.0032921810699587995,0.0032921810699589106,0.00246913580246918,-0.008641975308641924,0.012345679012345723,0.004115226337448585,0.002880658436214034,-0.003292181069958833
145,145,0.9053497942386831,0.9050425382550398,0.896774193548387,0.969247311827957,3.314396260088984,0.3303329177708274,0.3990492276507716,1.5392901557909628,0.4263221423851116,0.14567901234567895,0.035390946502057596,0.013168724279835365,-0.007407407407407418,-0.010288065843621397,-0.005761316872427991,-0.013991769547325117,-0.011934156378600836,-0.012345679012345678,-0.005349794238683125,-0.011934156378600836,-0.0016460905349794275
146,146,0.9218106995884774,0.921465258329225,0.909366576819407,0.972072476789458,3.586091219256118,0.371597804342888,0.21220370997757315,1.527344349835778,0.48301108055693387,0.11646090534979425,0.07901234567901237,0.03456790123456793,0.011522633744856015,0.002880658436214012,1.1102230246251566e-17,-0.004938271604938249,0.0016460905349794275,0.004115226337448574,0.0041152263374485635,0.0024691358024691466,0.0004115226337448652
147,147,0.9012345679012346,0.9017029578827331,0.897656940760389,0.9534335396404362,3.6533387242768347,0.6018590244014603,0.17795872765505233,1.254654869298384,0.3293451463709305,0.11851851851851851,0.07530864197530865,0.06049382716049384,0.011111111111111127,0.0020576131687242705,0.00864197530864197,0.007407407407407418,0.00781893004115225,0.010288065843621418,-0.0028806584362139676,0.0020576131687242817,0.003703703703703709
148,148,0.8477366255144033,0.8482878505001995,0.8381962864721486,0.9486442676097848,3.3323846915611224,0.2985973765402312,0.04219120666615684,1.7852102155990586,0.8219602155765209,0.08600823045267492,0.0403292181069959,0.04032921810699593,-0.012345679012345633,-0.01975308641975305,-0.013168724279835353,0.0008230452674897303,-0.009053497942386801,-0.0016460905349794052,-0.010699588477366217,-0.005761316872427957,-0.005761316872427957
149,149,0.9382716049382716,0.938351403044503,0.9338246185750259,0.9768182491482744,3.2791247424457066,0.6768336268298912,0.9814242921834291,1.6309854317547012,-0.8166032410604821,0.09341563786008224,0.1004115226337448,0.04979423868312753,0.01563786008230449,-0.007818930041152328,0.0012345679012345178,0.008230452674897082,0.000823045267489686,0.017283950617283904,-0.004938271604938316,-0.006584362139917754,-0.007818930041152328
150,150,0.9053497942386831,0.9058368355469569,0.8952883706271668,0.9690356129845572,2.7718259174906184,0.6854514973518314,0.6001975344587317,2.146857239768124,-0.6088253392668179,0.05555555555555556,0.03539094650205762,0.03744855967078188,0.0008230452674897082,0.0032921810699588216,0.0037037037037036978,0.0012345679012345622,0.0008230452674897082,0.014403292181069938,-0.0020576131687242817,-0.0020576131687242705,-0.0028806584362139898
151,151,0.9053497942386831,0.9057045694702,0.9004591912309288,0.9558583913494298,3.891149124167384,0.23672442256791285,0.21772830718405722,1.7030916534870955,0.14496857073990244,0.12757201646090535,0.04855967078189298,0.05679012345679011,0.006172839506172811,-0.003292181069958833,0.0028806584362139785,0.003703703703703687,-0.0008230452674897082,0.01275720164609052,-0.0041152263374485635,-0.003703703703703709,0.0004115226337448541
152,152,0.8888888888888888,0.8893493198273591,0.880835843373494,0.9479668674698795,4.003190498771314,-0.0368290299826602,0.5540171400858519,0.9862481796449432,0.8321956666427017,0.09094650205761313,0.04320987654320981,0.048148148148148086,-0.010699588477366318,-3.3306690738754695e-17,-0.0028806584362140565,-0.004115226337448629,0.005761316872427957,0.0004115226337447986,-0.0012345679012345956,-0.007407407407407474,-2.2204460492503132e-17
153,153,0.9135802469135802,0.9139501097653757,0.9078548704741706,0.9650810483260112,3.118599226650248,0.46255993117411154,0.4037991873864624,1.747993709665697,0.20102284757421685,0.08559670781893,0.09465020576131683,0.05226337448559666,0.016460905349794174,0.007818930041152227,0.0008230452674896971,0.0037037037037036757,0.0008230452674896748,0.01563786008230448,0.002057613168724215,-0.0037037037037037646,0.001646090534979383
154,154,0.9135802469135802,0.9137075147459364,0.9048628995606727,0.974094834116043,3.410368216314245,0.4106485847747002,0.390022761353037,1.4418410463707259,0.25899041460124667,0.1078189300411522,0.05308641975308638,0.046090534979423815,0.009465020576131643,-0.00246913580246918,0.008641975308641936,-0.0016460905349794607,0.007407407407407374,0.007407407407407363,0.006995884773662508,-0.0008230452674897637,0.003292181069958833
155,155,0.9135802469135802,0.9134448160535117,0.9012345679012346,0.960524310318549,3.7766238445951212,0.2705335895118928,0.4174319344412853,1.568236063260775,0.056106933445940824,0.08559670781893,0.06255144032921807,0.04197530864197526,0.006995884773662519,0.002469135802469091,0.004115226337448541,-0.0024691358024691913,-0.0024691358024691913,0.00823045267489706,-3.3306690738754695e-17,-0.0024691358024691913,-0.0008230452674897526
156,156,0.8641975308641975,0.8655701923582249,0.8633535772478151,0.9177899570434009,3.4538466208238674,0.354884885015547,0.8272115749858172,1.8663372191868168,-0.32798179328605853,0.11563786008230448,0.05967078189300408,0.07942386831275715,0.008230452674897071,-0.0032921810699589106,0.003292181069958833,0.004526748971193384,0.0032921810699588216,0.01316872427983532,-2.2204460492503132e-17,0.004115226337448518,0.0004115226337448319
157,157,0.8683127572016461,0.8699891438814411,0.8611723920579892,0.9448471478096439,3.571215856282312,0.25409882153808644,-0.03879380717481332,1.5352446092355387,0.8663852077748289,0.09012345679012349,0.06790123456790127,0.04485596707818936,0.0004115226337448874,0.00823045267489717,-0.0037037037037036535,-0.0037037037037036757,-0.0012345679012345512,-0.0004115226337448208,0.00246913580246918,0.0008230452674897637,-0.0020576131687242705
158,158,0.9053497942386831,0.9069318220278141,0.9096281121966593,0.9562716671919319,3.608751158526043,0.16540858116114387,0.7177148768187437,1.5631208544779591,0.054248049176417706,0.08600823045267489,0.0465020576131687,0.04897119341563787,-0.0012345679012345622,0.003703703703703687,0.0020576131687242705,-1.1102230246251566e-17,-0.006172839506172834,0.005349794238683115,0.003703703703703687,-0.009465020576131699,-0.0012345679012345622
159,159,0.8847736625514403,0.8844807574054062,0.8728372434017595,0.9276392961876833,4.361417406199307,0.24551402324560653,0.4037179114243586,1.2762273677225928,0.1951959993385355,0.1448559670781893,0.03580246913580243,0.04814814814814813,0.003292181069958833,0.005761316872427957,0.0008230452674897082,0.0,0.004526748971193395,0.026748971193415617,0.009465020576131656,0.0008230452674897082,0.0028806584362139785
160,160,0.8847736625514403,0.8863315011463159,0.8791779945626099,0.9533024148408764,3.6656010830543315,0.43911423930458565,0.4136974090183393,1.6235977702714426,-0.16556456849774792,0.11893004115226335,0.04032921810699584,0.033333333333333326,0.015226337448559646,-0.005349794238683148,0.0016460905349794165,-0.0012345679012345733,0.004115226337448541,0.013580246913580219,0.004526748971193395,0.004526748971193384,0.0028806584362139785
161,161,0.8806584362139918,0.8810605289748684,0.8750182401867794,0.9458631256384065,3.1465960773361425,0.6961808624139049,0.904159421158613,1.707358456428644,-0.5116591613631841,0.0794238683127572,0.07078189300411522,0.04156378600823044,0.024279835390946504,-0.005349794238683125,0.0008230452674896971,-0.002880658436214001,-0.0024691358024691358,0.00781893004115224,0.01275720164609052,-0.0020576131687242705,0.000411522633744843
162,162,0.9012345679012346,0.9012345679012346,0.8925729442970822,0.9554966106690244,2.56229816899954,1.0162308985375184,0.925902373418845,1.7497424016737397,-0.3471822934980828,0.08436213991769548,0.09670781893004116,0.045267489711934186,0.0004115226337448652,0.003703703703703709,0.000411522633744843,0.007407407407407407,0.003292181069958855,0.010288065843621397,0.00781893004115225,0.004526748971193417,0.004115226337448541
163,163,0.897119341563786,0.8976332170381349,0.8864027538726333,0.9519636989516508,3.2397756369125865,0.2654804228169363,0.3421219900441476,2.18517561677642,0.10617249183212822,0.09300411522633747,0.06502057613168725,0.045267489711934186,-0.0008230452674896971,0.004526748971193451,-0.0028806584362139785,-0.005349794238683103,-0.0016460905349794165,0.006172839506172856,-0.0028806584362139785,0.004115226337448574,-0.0008230452674897082
164,164,0.9176954732510288,0.9179340820070405,0.9109604605362824,0.9669747008029086,3.5926875671405956,0.36635013479725914,0.5756860449406256,1.651834049689905,-0.07266985990940611,0.0872427983539095,0.07695473251028809,0.040329218106995926,0.005761316872428068,0.010699588477366318,0.009876543209876609,0.001646090534979472,0.0004115226337448985,0.005349794238683192,0.005349794238683181,0.004115226337448619,0.006172839506172922
165,165,0.897119341563786,0.8967468922490589,0.8862745098039215,0.9443718228031953,3.1643158986244666,0.14938000663966036,-0.002381143687408207,1.561856063785268,1.0893550169476012,0.12057613168724282,0.03497942386831278,0.03662551440329222,-0.0012345679012345622,0.006584362139917721,-0.009465020576131643,-0.01481481481481477,-0.004115226337448541,0.005349794238683136,-0.0012345679012345512,-0.0024691358024691245,-0.006584362139917666
166,166,0.8641975308641975,0.8639911794134413,0.8466520224208454,0.9369034994697774,3.8486019744241866,0.33791768513510384,0.5475743052187287,1.5850250542326445,-0.20957858355109532,0.08436213991769542,0.06172839506172835,0.03991769547325098,0.0016460905349793941,0.006172839506172811,-0.0008230452674897526,0.0032921810699588216,-3.3306690738754695e-17,0.016460905349794185,0.016049382716049332,-0.0004115226337448985,-0.0028806584362140453
167,167,0.9094650205761317,0.9103559753365936,0.905452253387961,0.9658840214308225,2.8774072403857067,0.25235665752267994,0.8503779637970562,2.291686666426892,-0.3347278180481418,0.1082304526748971,0.06378600823045263,0.04855967078189297,0.003292181069958833,0.0008230452674896971,0.015226337448559635,-1.1102230246251566e-17,0.0016460905349794165,0.009053497942386812,-0.0020576131687242926,-0.0008230452674897082,-0.003292181069958855
168,168,0.8930041152263375,0.8924966927463807,0.8813982070561018,0.9446934644303066,3.5782281954886113,0.5739879701277117,-0.12820565685317276,1.6997487534058726,0.4996993044579401,0.08024691358024696,0.08641975308641978,0.03662551440329222,-0.011522633744855926,0.002880658436214023,0.004938271604938349,-0.009876543209876498,-0.0032921810699587995,0.007818930041152316,0.008641975308642014,0.00823045267489717,0.0008230452674897637
169,169,0.9135802469135802,0.9131301844480139,0.9045519203413941,0.972475106685633,4.015564406084749,0.5872089348097063,0.949368944229163,1.0044161896707409,-0.7410515925265164,0.10329218106995879,0.027983539094650157,0.03045267489711929,0.002057613168724237,-0.002880658436214023,-0.002880658436214034,-0.005349794238683181,-0.004938271604938327,0.010288065843621363,-0.005349794238683181,-0.005349794238683192,0.0024691358024691024
170,170,0.8930041152263375,0.8924414794820824,0.8792888563049854,0.9634897360703812,3.5390758744074415,0.17324312940666126,0.8713918396919865,2.0210178235307437,-0.5646827349489566,0.0864197530864198,0.03909465020576135,0.04444444444444449,0.002057613168724348,-0.0024691358024691024,0.0008230452674897526,4.4408920985006264e-17,0.008641975308642047,-0.0032921810699587995,-0.0008230452674896748,0.010699588477366318,-0.003703703703703687
171,171,0.897119341563786,0.8975183320949428,0.8909903201787044,0.962993298585257,3.5350110208719943,0.21732905741173245,0.27594895583210294,1.6843030566152488,0.18395809041341446,0.10864197530864199,0.05555555555555558,0.02757201646090538,-0.0028806584362139785,-0.013991769547325051,0.0,0.003292181069958855,0.0004115226337448541,0.015226337448559713,-0.004526748971193395,0.005349794238683159,-0.004115226337448541
172,172,0.9465020576131687,0.9462348423665072,0.9346625766871166,0.9617331288343559,4.156811063000514,0.32958403975850353,0.4602029975290203,0.8782132014966463,-0.07542508111925542,0.11646090534979425,0.08600823045267493,0.05761316872427987,0.01111111111111115,0.0069958847736625975,0.003292181069958866,0.007407407407407441,0.009876543209876599,0.016049382716049408,0.008230452674897137,0.008230452674897148,0.003292181069958855
173,173,0.9176954732510288,0.9176954732510288,0.9125395911315866,0.9623524330549956,3.9358046781822056,0.3059909634310169,0.6021888896498772,1.4488228536211303,-0.33516260117091257,0.12921810699588482,0.061316872427983594,0.04567901234567906,0.012345679012345734,0.00246913580246918,-0.0037037037037036757,0.0028806584362140453,0.006584362139917754,0.01028806584362144,0.00823045267489717,0.014403292181070004,0.001646090534979472
174,174,0.8847736625514403,0.8833838712006354,0.8539285714285714,0.9561111111111111,3.0630916404813706,0.6309260155869066,0.022219114951162623,2.165326589180694,0.05365048483686444,0.1090534979423868,0.026748971193415606,0.021810699588477322,-0.010288065843621453,0.002057613168724259,-0.00452674897119344,-0.023868312757201658,-0.0024691358024691358,0.01563786008230449,-0.0012345679012345846,0.0008230452674896971,0.005349794238683103
175,175,0.8765432098765432,0.8740325943391077,0.855298719772404,0.9537695590327169,3.7750720035049667,0.6994815636737745,0.10526294012086512,0.9673173688947633,0.40815226555575845,0.018930041152263377,0.04032921810699589,0.04115226337448562,0.004938271604938283,-0.003703703703703687,-0.0020576131687242705,0.003292181069958833,0.0024691358024691245,0.0028806584362139898,-0.004526748971193395,0.0024691358024691466,0.003703703703703709
176,176,0.8930041152263375,0.8930041152263375,0.8876600284495022,0.9592460881934566,3.648755382903847,0.5176134736853373,0.7219442362248711,1.4706637033893895,-0.5801858353428794,0.09917695473251034,0.03127572016460909,0.04279835390946505,-0.015226337448559613,0.0032921810699588884,-0.0008230452674896638,-0.0008230452674896748,-0.006172839506172823,0.0032921810699588884,-0.0028806584362139785,-0.00041152263374480966,-0.0016460905349793941
177,177,0.8806584362139918,0.8815966526560373,0.8790893015030946,0.9336870026525199,3.527645306782832,0.686296853067685,0.6304668439975343,1.6509695859672247,-0.364437924842238,0.0744855967078189,0.102880658436214,0.04320987654320987,0.023045267489711908,-0.006172839506172844,-0.0020576131687242705,-0.003703703703703687,-0.003292181069958855,0.01646090534979421,0.005761316872427968,-0.0024691358024691245,0.0024691358024691245
178,178,0.9547325102880658,0.9548056445395189,0.9500617474529176,0.9797005248533498,3.474719872448613,0.3697549638393745,0.42085569997441746,1.5409742768455352,-0.05242630826430789,0.13292181069958847,0.046090534979423836,0.06296296296296294,0.02304526748971194,0.004938271604938249,0.003292181069958833,0.004526748971193395,0.004938271604938249,0.011934156378600813,0.004115226337448541,0.008230452674897082,0.004526748971193395
179,179,0.9218106995884774,0.9217196378588841,0.9150326797385621,0.9668845315904139,3.7019083782120314,0.3825646911973611,0.8244511503646362,1.0324351733839998,0.19916962696531004,0.11769547325102883,0.059259259259259275,0.05925925925925929,0.009465020576131722,0.00452674897119344,0.009876543209876599,-0.0028806584362139785,-0.0016460905349794052,0.011522633744856015,0.011934156378600857,0.004115226337448574,-0.004115226337448541
180,180,0.9176954732510288,0.9179046912124817,0.9126425714708932,0.9639312694415642,3.005861229073276,0.513301900733424,0.5489070761268431,2.0963738837941572,-0.4304837590610222,0.06913580246913584,0.08888888888888893,0.0473251028806585,0.018106995884773713,3.3306690738754695e-17,3.3306690738754695e-17,0.0032921810699588993,0.0020576131687243147,0.009465020576131754,0.0008230452674897637,-0.0012345679012345178,-0.00411522633744853
181,181,0.9094650205761317,0.9102276130578018,0.9074074074074074,0.9677640603566531,3.5143298086214356,0.14925944275672412,0.33633926026232963,1.8587418130260214,0.06698896304700255,0.08395061728395059,0.028806584362139877,0.04814814814814811,-0.0057613168724280125,0.010699588477366207,0.0024691358024691136,-0.0016460905349794386,-0.010699588477366295,0.006584362139917666,-0.014403292181069994,-0.013580246913580285,0.0008230452674896971
182,182,0.9218106995884774,0.9213222409363889,0.9104575163398694,0.9735657225853305,4.285402671862396,0.19330813846849373,0.5731006938388765,1.2606537002542497,-0.29418020020850744,0.11934156378600828,0.04979423868312759,0.03703703703703705,0.006584362139917732,0.009465020576131744,0.0024691358024691466,0.0016460905349794386,0.0012345679012345733,0.0057613168724280125,0.0008230452674897082,-0.008230452674897082,-0.007407407407407374
183,183,0.8724279835390947,0.8718096666859,0.8518518518518519,0.9455875628715135,3.049087696907634,0.44480817249687415,0.6986274460627685,1.953373310829797,-0.027064872067742586,0.04897119341563788,0.0843621399176955,0.029218106995884795,0.005349794238683148,0.0016460905349794496,2.2204460492503132e-17,0.0,0.0004115226337448652,-0.0004115226337448208,-0.003292181069958833,-0.003703703703703687,-0.003703703703703687
184,184,0.9218106995884774,0.9215176243972243,0.9122282212169852,0.9687728002334743,3.1274644340234588,0.09348669418162235,0.830231270437702,1.5399205626055645,0.25546881686181633,0.05596707818930045,0.07201646090534981,0.03662551440329222,0.020164609053497973,-0.0028806584362139785,0.004938271604938283,0.006995884773662564,0.002880658436214023,0.03333333333333336,0.006995884773662575,0.004115226337448574,0.004938271604938283
185,185,0.897119341563786,0.8969581143494187,0.882716049382716,0.960524310318549,3.414386519660277,0.49619998024459344,0.5709281314865103,1.705803721688623,-0.04609252773642753,0.061728395061728426,0.03909465020576134,0.026748971193415672,0.01399176954732515,-0.005761316872427957,-0.004526748971193384,-0.0012345679012345512,0.0016460905349794386,0.002469135802469158,-0.000411522633744843,0.0004115226337448763,0.0012345679012345956
186,186,0.9218106995884774,0.9219656707977063,0.9082602339181287,0.9669428200129955,2.5327577090444744,0.49989268614231164,0.9046072246630814,2.1314844714180965,-0.20733966990983727,0.12674897119341563,0.04897119341563788,0.042386831275720196,0.0004115226337448763,0.008230452674897148,0.0057613168724280125,0.0069958847736625975,0.0024691358024691466,0.008641975308642014,-0.0012345679012345622,0.0024691358024691466,0.006995884773662575
187,187,0.9176954732510288,0.918376177247233,0.9075462268865567,0.968015992003998,3.804830688919753,0.7980344757764002,0.047975318440805166,1.727912873608013,-0.35593813905966964,0.09835390946502062,0.08189300411522638,0.05432098765432103,0.01316872427983543,-0.0032921810699588216,0.0012345679012346067,0.0032921810699589106,0.0004115226337448985,0.007407407407407451,-0.002057613168724237,0.004526748971193473,-0.006172839506172811
188,188,0.8847736625514403,0.885752406275809,0.8851173020527859,0.9525659824046921,3.2471719580379808,0.13223802959140507,0.7570951145506662,2.3121947711643065,-0.3792503841860652,0.10658436213991766,0.034156378600823024,0.04156378600823042,-0.0008230452674897303,-0.008641975308642002,-0.0016460905349794275,-0.0057613168724280125,-0.0028806584362139898,0.0024691358024691136,-0.0041152263374485964,-0.007407407407407429,-0.005761316872428002
189,189,0.8930041152263375,0.8961629548316111,0.9078447563996697,0.9474814203137902,3.6809337495145655,0.3454036145356344,-0.08477959688731633,1.869471057672808,0.295131843103315,0.08765432098765435,0.07242798353909471,0.055555555555555594,0.007818930041152305,0.01111111111111116,0.0008230452674897415,0.0061728395061728895,-0.005349794238683092,0.01111111111111115,-0.0032921810699588104,0.0004115226337449096,-0.0032921810699588216
190,190,0.8930041152263375,0.8932227089694235,0.8884249928016124,0.9514828678376044,4.0400369499366064,0.43007299678845173,0.90295145795456,1.4231910467993931,-0.7439355440832245,0.10699588477366259,0.03909465020576136,0.0312757201646091,0.005761316872428024,-0.004938271604938249,-0.0012345679012345401,-0.002057613168724237,-0.0016460905349794052,0.0069958847736625975,0.0008230452674897415,0.0061728395061729,0.00246913580246918
191,191,0.9135802469135802,0.9147991246541971,0.9156161361487551,0.9642294358651119,3.234564485037946,0.5328424266869912,0.4628510373876426,1.5293809330597983,0.23111440562174365,0.08353909465020572,0.0444444444444444,0.051028806584362096,0.01604938271604932,0.003703703703703665,0.008230452674897082,0.011111111111111049,0.001646090534979383,0.016460905349794164,0.014814814814814748,0.007407407407407374,0.010699588477366207
192,192,0.8641975308641975,0.8647065561963739,0.8554658569100875,0.9391941934528218,3.0421694114021625,0.6512143659197033,0.6451372344979139,2.2441981290082578,-0.37109628495218283,0.09629629629629625,0.01893004115226332,0.020164609053497873,-0.005761316872428058,-0.0024691358024691913,-0.002880658436214034,-0.007818930041152316,-0.004938271604938316,0.007407407407407351,-0.001646090534979472,-0.009053497942386902,-0.0037037037037037646
193,193,0.9135802469135802,0.9138821884380208,0.9101539589442815,0.9447214076246335,3.346165054372182,0.9195030440217961,0.5251185948030315,2.108180535073765,-1.2273566807845675,0.08477366255144028,0.10905349794238677,0.05802469135802465,0.009876543209876498,0.006995884773662508,0.008230452674897082,0.0020576131687242484,0.0024691358024691245,0.03004115226337445,0.009876543209876498,0.01604938271604931,0.0004115226337448208
194,194,0.9094650205761317,0.9092943821013996,0.9034863945578231,0.9562783446712018,2.9609198286569494,0.39694003206189216,0.5802922667679422,1.7831956667390851,0.23829249028558921,0.07448559670781889,0.05720164609053493,0.04156378600823042,0.006995884773662519,-0.0008230452674897193,0.006995884773662519,0.003703703703703687,0.0028806584362139676,0.023868312757201617,0.015226337448559623,0.0012345679012345622,0.0012345679012345622
195,195,0.8724279835390947,0.8726279052849101,0.8571702453987731,0.9374233128834355,3.9924194620791127,0.29051672101556414,0.5972575382026726,1.405794644754876,0.10619183495915589,0.1168724279835391,0.06296296296296298,0.06296296296296298,0.011522633744855992,0.0004115226337448652,0.004115226337448608,0.004526748971193428,-0.000411522633744843,0.011522633744856004,-0.008641975308641936,0.0012345679012345846,0.012757201646090576
196,196,0.9300411522633745,0.9299348500008636,0.9202772307226178,0.9580366611119527,3.6856728712549316,0.18829342729536597,1.1197689983653984,1.538841898427469,-0.35789590265204724,0.102880658436214,0.07983539094650205,0.05555555555555556,0.023456790123456785,0.01646090534979424,0.008230452674897092,0.0020576131687242705,0.013991769547325084,0.028806584362139887,0.018106995884773668,0.004115226337448541,0.006995884773662531
197,197,0.8930041152263375,0.8927855214832514,0.8852634585177781,0.9521633585606168,3.2987994685050546,0.19704229401362594,0.721461755945965,2.0291027365988903,-0.2881846680926958,0.07407407407407411,0.06831275720164615,0.053497942386831324,0.0037037037037037424,0.004115226337448608,0.0037037037037037533,-0.004526748971193384,-0.0024691358024691024,0.020164609053497984,-0.0020576131687242262,-0.0004115226337448208,-0.0016460905349793941
198,198,0.9176954732510288,0.917926561881838,0.9114081325301204,0.9695030120481928,2.811220849282315,0.13206404599539948,0.6511588228457548,1.980467504416696,0.29175989119663787,0.11358024691358026,0.06049382716049388,0.06625514403292186,0.010288065843621463,-0.006172839506172811,-0.004526748971193384,0.004115226337448619,-0.001234567901234529,0.015226337448559713,0.001646090534979472,-0.005349794238683103,-0.00041152263374480966
199,199,0.8683127572016461,0.8679780084633214,0.8550219941348973,0.9452346041055719,3.1802228035455067,-0.07753745389857053,0.44241874143298443,1.457292971894996,1.106367535084116,0.1004115226337449,0.042798353909465056,0.02757201646090539,0.009465020576131734,0.003703703703703776,-0.00905349794238679,0.008641975308642035,0.0008230452674897637,0.006584362139917754,0.0012345679012346177,0.007407407407407451,0.001646090534979472
200,200,0.8930041152263375,0.892160161609955,0.8776448270830293,0.9587771778783015,3.4025680299806216,0.4385517375477056,0.5792233735755773,1.8072593927865346,-0.1821269957708572,0.05884773662551446,0.06008230452674903,0.05308641975308648,0.014403292181070004,-0.0004115226337448208,0.0032921810699588993,0.005761316872428035,0.0032921810699588993,0.004115226337448619,0.0037037037037037533,0.008641975308642035,0.0008230452674897526
201,201,0.9218106995884774,0.922217898962085,0.9218954248366014,0.9691358024691358,3.379757743696521,0.8249035544457289,0.4261989761226038,1.1145581643671627,-0.10369299378329137,0.08765432098765434,0.05102880658436217,0.057201646090535005,0.01522633744855969,-0.0008230452674896971,0.008230452674897137,0.003703703703703709,1.1102230246251566e-17,0.018518518518518535,0.009053497942386857,0.006995884773662586,-0.0024691358024691245
202,202,0.8806584362139918,0.8804935905693543,0.8674609084139985,0.9566641846612062,3.6785690628525103,0.6127472103182705,0.5898011006736079,1.3001624921664732,-0.3750824374736315,0.07119341563786008,0.04032921810699587,0.025925925925925918,-0.011111111111111138,-0.006172839506172844,-0.009876543209876553,-0.0028806584362139898,-0.009876543209876553,-0.006995884773662575,-0.011111111111111127,-0.015637860082304535,-0.0057613168724279795
203,203,0.897119341563786,0.8978069315951057,0.8928840361445782,0.9488704819277108,4.350974759573062,0.72327916221828,-0.004985977064488235,1.2206493008924122,-0.1439552801770057,0.15802469135802472,0.11810699588477366,0.06913580246913584,0.015226337448559713,-0.004938271604938249,0.004938271604938293,0.006584362139917732,0.003292181069958866,0.017695473251028826,-0.003703703703703687,-0.006172839506172811,-0.0016460905349794165
204,204,0.8888888888888888,0.8890423658683789,0.8785938903863433,0.9494609164420486,4.212702028391011,0.3642308389250274,0.6253930427238994,0.8285877620071311,0.14265708154731702,0.07489711934156373,0.08148148148148146,0.03991769547325097,-0.002057613168724326,-0.00905349794238688,-0.013580246913580285,-0.008230452674897182,-0.0004115226337448985,0.001234567901234529,-0.015226337448559724,-0.010288065843621453,-4.4408920985006264e-17
205,205,0.9259259259259259,0.9261142220912335,0.9216412383350614,0.9685231817508517,3.6747052480192033,0.45950365033983664,1.071583646667259,1.3256702683046073,-0.41558617721285634,0.09753086419753088,0.052674897119341556,0.026748971193415638,0.003292181069958833,0.016872427983539107,0.010288065843621397,0.006995884773662519,0.0024691358024691245,0.0057613168724279795,0.013580246913580285,0.009876543209876553,0.007407407407407407
206,206,0.897119341563786,0.8972391596290403,0.8903764774551292,0.952575514373267,3.336230233774079,0.4699313827999052,0.8889405255573242,1.496399980088026,-0.4175268626967267,0.09423868312757203,0.04320987654320988,0.0218106995884774,-0.004938271604938249,-0.0012345679012345622,-0.005349794238683103,-0.007407407407407374,-0.004115226337448541,-0.0012345679012345512,0.0008230452674897082,-0.006584362139917666,-0.008230452674897082
207,207,0.8806584362139918,0.8803691639851884,0.8745454545454545,0.9294405594405595,3.6688916460256533,0.651541397831991,0.4925725896330996,1.556342734142572,-0.2704799359452994,0.13868312757201645,0.04567901234567899,0.04444444444444443,0.018106995884773668,0.0008230452674897082,0.00781893004115224,0.0012345679012345622,-0.006995884773662553,0.0213991769547325,0.0,-0.003703703703703709,-0.0004115226337448541
208,208,0.8847736625514403,0.8853594728435086,0.8787788533134773,0.938644825018615,2.8663709100709664,0.6911181567809886,-0.21698362552836692,2.447530858909762,0.1262711834269225,0.09958847736625512,0.05802469135802466,0.0436213991769547,-0.0008230452674897526,0.004938271604938249,-0.003292181069958866,-0.0008230452674897193,-0.0024691358024691466,0.006172839506172823,0.006995884773662519,-0.007407407407407441,-0.003292181069958855
209,209,0.9218106995884774,0.9214201542279722,0.9067101226993866,0.9693251533742331,3.1434474826578085,0.28390741570943706,0.09791163674005353,1.6259779213600551,0.6393469068067156,0.07283950617283953,0.10699588477366255,0.057613168724279865,0.005761316872428002,0.007407407407407418,0.004938271604938293,0.006172839506172867,0.0057613168724280125,0.0016460905349794496,0.009876543209876586,0.018930041152263398,0.0004115226337448652
210,210,0.9012345679012346,0.9017891806151764,0.8955461293743372,0.952658688077564,4.0787577496267335,0.24560552506135214,0.5967356763521819,1.6090536792904382,-0.4802333670442379,0.05020576131687243,0.13045267489711937,0.06625514403292183,0.009465020576131689,-0.0004115226337448541,0.0012345679012345733,0.0004115226337448541,-0.0016460905349794165,0.01152263374485597,0.006995884773662564,0.006995884773662575,-0.0012345679012345622
211,211,0.9012345679012346,0.9032388814517328,0.9102190356129846,0.9557201386700284,2.779712876550817,0.04393464197219184,0.6124187311166605,2.5333509218145895,-0.08548946903377112,0.10576131687242799,0.05308641975308642,0.05349794238683129,0.005761316872427991,0.003703703703703687,0.0008230452674897082,0.008230452674897115,0.0,0.004526748971193417,0.0037037037037036978,-0.0028806584362139785,0.0
212,212,0.8888888888888888,0.8883544439099994,0.879854540319164,0.9670244315774608,3.1654692893981737,0.4961113911860228,0.6718521942121739,2.012075666201806,-0.2898130959272508,0.06831275720164605,0.051028806584362096,0.023868312757201617,0.013991769547325051,-0.002057613168724326,-0.002880658436214034,-0.0032921810699588993,-3.3306690738754695e-17,0.003703703703703665,-0.008641975308642047,-0.006584362139917754,-0.00823045267489716
213,213,0.8888888888888888,0.8887594853784143,0.8797385620915033,0.9515613652868555,3.4858004695592557,-0.04286058422824895,0.2579570729350451,1.779815651152508,0.6565109881804927,0.12839506172839502,0.05925925925925921,0.03209876543209872,0.00411522633744853,0.001646090534979383,0.0028806584362139564,-0.0008230452674897526,0.008230452674897082,0.01975308641975304,0.00905349794238679,0.0028806584362139785,-0.0008230452674897303
214,214,0.9094650205761317,0.9094650205761317,0.8905584670815592,0.9552079921388797,3.403444380215644,0.10646343347785289,0.46344849521990034,1.8126829662075998,0.5480138969786631,0.06378600823045265,0.12304526748971192,0.04238683127572011,0.0012345679012345622,0.0,0.004938271604938249,0.0012345679012345622,-0.0024691358024691358,0.023868312757201627,-0.004938271604938293,0.005761316872427957,-0.0020576131687242817
215,215,0.9506172839506173,0.9507302509481159,0.9491828396322779,0.9801546767838902,4.000263345185454,0.5426255052046219,0.33059055159884115,1.0161835268289603,-0.08289055144296127,0.07983539094650205,0.1074074074074074,0.06790123456790123,0.030864197530864203,0.0008230452674897082,0.008230452674897137,0.012345679012345689,0.0016460905349794165,0.01810699588477368,0.003292181069958833,0.004526748971193428,-0.0004115226337448541
216,216,0.9135802469135802,0.9139991067173572,0.9059440559440559,0.9645687645687646,3.5103058887829435,0.8014174919205383,0.34193560807913603,1.5483300395692403,-0.36865542474119756,0.1004115226337448,0.03497942386831272,0.0378600823045267,-0.007818930041152328,-0.0028806584362140453,0.0024691358024691024,-0.0037037037037037424,-0.012757201646090588,-3.3306690738754695e-17,0.007818930041152227,-0.009053497942386902,0.0028806584362139785
217,217,0.9300411522633745,0.930312465824561,0.9271779597915115,0.9753536857781087,3.887887679114236,0.5842844691510882,0.5982354958098385,1.4348193922408927,-0.39919130672096376,0.11440329218106995,0.03950617283950616,0.030452674897119315,0.006995884773662531,-0.0004115226337448541,-0.0057613168724279795,0.0,0.003292181069958833,0.01563786008230452,0.006995884773662519,0.004115226337448541,-0.0004115226337448652
218,218,0.8600823045267489,0.8580759209326636,0.8288726993865031,0.9342791411042944,3.590121108931436,0.1946416446703439,0.9507685425384099,1.7751580921948587,-0.3978241842439761,0.06378600823045263,0.03333333333333331,0.05720164609053496,-0.004526748971193451,-0.002880658436214023,-0.004526748971193417,-0.003292181069958866,-0.007407407407407429,-0.006172839506172878,0.0016460905349794052,-0.015226337448559701,-0.006584362139917732
219,219,0.897119341563786,0.896476632811038,0.8839869281045751,0.9626724763979666,3.4140977454656785,0.29834830559611786,0.6825232826982325,1.5390062874227406,0.30270117761334214,0.05267489711934158,0.06213991769547328,0.037860082304526775,0.0008230452674897415,-0.009876543209876498,-0.0028806584362139676,-0.008641975308641936,-0.005761316872427957,0.011934156378600846,-0.003703703703703687,-0.004115226337448541,-0.003292181069958833
220,220,0.8930041152263375,0.8917496509850347,0.8647967223447841,0.952410967538607,3.649967828089416,-0.10923756523693395,0.2993558648640301,1.7500194614927642,0.754105305339433,0.0790123456790124,0.037860082304526796,0.03127572016460911,-0.000823045267489686,-0.002469135802469091,-0.007407407407407374,-0.008641975308641936,-0.008641975308641936,-0.0024691358024691024,-0.0028806584362139676,-0.006172839506172811,-0.003703703703703687
221,221,0.9259259259259259,0.9262405221230445,0.9251633986928105,0.9650689905591866,3.519488757886456,0.5626048903760356,0.5776965966035451,1.8815075196966413,-0.5803270982608216,0.12098765432098765,0.11316872427983538,0.05020576131687243,0.02016460905349795,0.0016460905349794386,-0.0004115226337448541,0.004115226337448541,-0.003292181069958833,0.011111111111111127,-0.003292181069958833,0.0008230452674897082,-0.0028806584362139785
222,222,0.9176954732510288,0.9175139891514161,0.9104160668010366,0.9713504175064784,3.6286436892785314,0.3754056377979225,0.5652447574373719,1.8769897275295822,-0.38473768106329376,0.0909465020576132,0.05061728395061732,0.02839506172839511,0.00905349794238688,0.006995884773662609,0.006584362139917732,0.004115226337448619,0.0004115226337449096,0.009876543209876599,0.007407407407407474,0.0037037037037037646,0.0032921810699589214
223,223,0.8806584362139918,0.8816665323591866,0.878332092330603,0.9569620253164557,3.0948772505502062,0.13410889389176822,0.2836361976123512,1.7959774871426155,0.661552388985397,0.14691358024691356,0.06296296296296297,0.054732510288065826,0.01646090534979423,-0.0024691358024691245,-0.0016460905349794165,0.006584362139917676,0.0,0.00987654320987652,0.005761316872427957,0.004526748971193395,0.0020576131687242705
224,224,0.9094650205761317,0.9099253000913282,0.9059195830230826,0.9401340282948621,3.6917097923386173,0.3042704164420334,0.8305834867142468,1.1400040192920762,0.05375238315091442,0.07818930041152258,0.05432098765432095,0.06090534979423865,0.005349794238683103,-0.0020576131687242926,0.0020576131687242705,0.0012345679012345622,-0.002880658436214001,0.005761316872427957,0.000411522633744843,-0.0004115226337448763,-0.006995884773662609
225,225,0.9094650205761317,0.9097274902077446,0.9017573094985608,0.9612179972731405,3.3839788749683692,0.624510769566233,0.3316709922074311,1.8844442995839898,-0.2360419197447377,0.1119341563786008,0.06872427983539091,0.0465020576131687,0.007407407407407374,0.011111111111111072,0.0020576131687242705,0.003292181069958833,-0.0020576131687242817,0.009053497942386801,0.0028806584362139785,-0.002880658436214023,0.0028806584362139785
226,226,0.9135802469135802,0.9136996178976281,0.905884995507637,0.9666816412099432,3.511473840471437,-0.003745360517307424,0.355151185773118,2.2290033814290635,-0.16553805639104538,0.11152263374485591,0.03744855967078183,0.06502057613168719,0.0012345679012345401,0.014814814814814758,0.010699588477366207,0.004938271604938227,-0.002057613168724304,0.02633744855967073,0.013168724279835342,0.009876543209876498,0.0004115226337448208
227,227,0.8888888888888888,0.8885416978440235,0.879944309581608,0.9413108667713836,3.9672265620620615,0.4516449208268346,0.7142821935269391,1.4102359040019943,-0.2895794740580253,0.09876543209876537,0.05308641975308635,0.01975308641975304,0.005349794238683081,0.005349794238683092,0.007407407407407374,-0.006995884773662609,-0.0037037037037037533,0.015226337448559623,0.006995884773662519,-2.2204460492503132e-17,0.0008230452674896748
228,228,0.9300411522633745,0.9296594453942374,0.9139805977155375,0.9886559223908622,2.8209589138844366,0.05196079267548716,0.02483634393388598,2.3313348729503396,0.6787805939021672,0.09670781893004113,0.10205761316872426,0.0448559670781893,0.00781893004115226,-0.0020576131687242817,-0.004115226337448552,-0.006172839506172823,0.0,0.018106995884773658,-0.004526748971193406,-0.0028806584362139785,0.0
229,229,0.9176954732510288,0.9181576505126471,0.9139524314497803,0.9570519618239661,3.3318254780347787,0.6276555665923197,0.9620378461471778,1.5344845252103128,-0.43102709277636087,0.08765432098765435,0.04979423868312762,0.03539094650205765,0.007407407407407474,0.008641975308642035,0.0012345679012346067,0.0004115226337448874,0.001646090534979472,0.015637860082304576,-0.005349794238683092,0.004115226337448641,0.0028806584362140565
230,230,0.8888888888888888,0.8910479106557538,0.888429413691451,0.9497215853259089,3.5083217530439756,0.3027912205698023,0.23009330926001767,1.6997829089195697,0.29219102291340304,0.12880658436213985,0.03786008230452671,0.059670781893004066,0.004938271604938249,-0.0004115226337448985,-0.004938271604938349,-3.3306690738754695e-17,-0.008641975308642047,0.011522633744855914,0.000823045267489686,-0.00534979423868317,-0.005761316872428046
231,231,0.8806584362139918,0.8793623125987414,0.864516129032258,0.9380645161290322,3.8547468341598994,0.2165868821844455,0.5054866626846205,1.1866908020144207,0.5500537765464123,0.11522633744855963,0.04032921810699587,0.04156378600823044,0.01069958847736624,0.004938271604938249,-0.0057613168724279795,-0.008230452674897127,0.00905349794238679,0.00987654320987653,0.006584362139917666,0.005349794238683103,0.0016460905349794165
232,232,0.897119341563786,0.897545666506814,0.8899849397590361,0.9527108433734941,3.1887162714455757,0.29495122503503873,-0.03336109880392037,1.8201535770067554,0.702854050944971,0.08765432098765433,0.06255144032921814,0.029629629629629662,0.008641975308642014,-0.004938271604938238,0.002880658436214023,0.01111111111111116,-0.0020576131687242705,0.018518518518518545,-0.005349794238683103,-0.0016460905349794165,-0.005761316872427957
233,233,0.934156378600823,0.9344363906984331,0.9234132933533233,0.9756788272530402,3.60162773947812,0.562599436113064,0.6708076127318212,1.4603248935932327,-0.372635642903928,0.09794238683127568,0.07448559670781889,0.033744855967078144,0.01563786008230449,0.004526748971193395,0.0016460905349794165,-0.0008230452674897082,0.0016460905349794165,0.023045267489711908,0.005761316872427957,0.0008230452674897082,-0.0008230452674897193
234,234,0.8930041152263375,0.8930041152263375,0.8830173307658125,0.9477114501555325,3.3225235426230104,0.19394693138328395,0.834487072959282,1.8263679382962346,0.05032618433918696,0.06502057613168728,0.07078189300411528,0.03415637860082309,0.013580246913580295,0.0020576131687243147,0.008641975308642035,0.009465020576131754,0.005349794238683181,0.01193415637860088,0.005761316872428058,0.005349794238683181,0.008641975308642035
235,235,0.9094650205761317,0.9084626690182246,0.886013986013986,0.9589743589743589,3.444563080176572,0.3750933468127927,0.47228154247145915,1.4857981105479527,0.14448236924167682,0.08148148148148145,0.07201646090534977,0.0584362139917695,0.0012345679012345512,0.004938271604938249,0.0024691358024691245,-0.010699588477366285,-0.006172839506172867,0.009465020576131643,-0.007407407407407462,-0.006995884773662575,-0.003703703703703687
236,236,0.8518518518518519,0.8514752595212366,0.8372067448680351,0.9327712609970674,3.2894818562455646,0.4225875143614515,0.7504024352691224,1.6603127147309418,-0.03328997403893121,0.05514403292181071,0.022222222222222233,0.028395061728395076,0.0004115226337448652,-0.004526748971193406,-0.0028806584362139785,-0.004115226337448552,-0.013168724279835375,0.004526748971193417,-0.007407407407407385,-0.008230452674897104,0.002880658436214001
237,237,0.9094650205761317,0.9096951603337299,0.903643904606725,0.9660790993926827,3.2396836156364435,0.005836632922739745,0.5842537087090454,1.8457443216871752,0.4870098323020422,0.08683127572016457,0.10370370370370367,0.03168724279835387,0.005349794238683092,-0.00864197530864198,0.007818930041152227,0.0008230452674896971,0.005349794238683092,0.016049382716049367,0.011111111111111072,0.000411522633744843,0.0
238,238,0.8806584362139918,0.8811212652301336,0.8728965003723008,0.9518987341772152,4.0956794860917185,0.4112969393524901,0.12726712666145157,1.397844375061736,0.030782151431323762,0.12222222222222223,0.04979423868312758,0.047736625514403275,-0.006172839506172823,0.0028806584362139785,0.004115226337448552,0.0020576131687242705,-0.0032921810699588438,0.011934156378600824,0.004526748971193395,0.0008230452674897082,0.0
239,239,0.9176954732510288,0.9171874206167758,0.9027108433734939,0.9717620481927711,2.8312918162748884,0.28532449644524294,0.7701570663548349,2.2542545299761105,-0.1556363505931364,0.14650205761316876,0.0481481481481482,0.04773662551440333,0.010699588477366318,-0.0012345679012345401,-0.006584362139917666,-0.0032921810699588104,-0.007407407407407374,0.01399176954732515,2.2204460492503132e-17,-0.002057613168724237,0.0020576131687243373
240,240,0.8888888888888888,0.8896814521427364,0.882716049382716,0.9554183813443072,2.8354785118663455,-0.030834384314602732,0.952947692040224,1.9723028123330848,0.46080587745199963,0.09506172839506169,0.07160493827160488,0.02427983539094646,0.008641975308641936,-0.005349794238683203,-0.0004115226337448874,-0.010288065843621453,0.0012345679012345512,-0.0008230452674897526,-0.0032921810699588884,-0.004526748971193484,0.0004115226337448208
241,241,0.934156378600823,0.9346423672349599,0.9294923448831587,0.9614020950846092,3.233211369844106,0.6125965928892803,0.2866562717574727,1.6046062997703776,0.16448206847644692,0.0744855967078189,0.0707818930041152,0.05720164609053494,0.012757201646090488,0.004938271604938249,0.007818930041152227,0.00905349794238679,0.0016460905349794165,0.014814814814814803,0.00905349794238679,0.006995884773662519,0.0
242,242,0.9176954732510288,0.9176954732510288,0.9035714285714286,0.9728571428571429,3.2401841865870633,0.5477724804028893,0.5615640173782064,1.8038613144838527,-0.26319802094681616,0.07448559670781896,0.049382716049382755,0.025102880658436254,0.017283950617283994,-0.001234567901234529,-0.0016460905349793941,0.007818930041152338,-0.0020576131687242484,0.004526748971193484,-0.004115226337448541,-0.007818930041152217,-0.0028806584362139785
243,243,0.9012345679012346,0.9033119921877143,0.9137529137529137,0.956876456876457,3.583036694451777,0.5568992030246787,0.5301355412974836,1.4230608863987626,0.12080358991902117,0.08395061728395063,0.045679012345679025,0.051440329218107,0.0008230452674897082,-0.0016460905349794165,-0.0020576131687242705,-0.003292181069958833,-0.004115226337448541,0.010288065843621408,0.0012345679012345733,-0.006995884773662519,-0.008641975308641947
244,244,0.8724279835390947,0.8716582549553252,0.8583357432041643,0.9358733371891266,3.5644943650357965,1.145283166397763,0.9500396396006534,1.4294117210793762,-1.214588113656902,0.06954732510288068,0.030864197530864234,0.0403292181069959,0.01399176954732515,0.017283950617283984,0.012345679012345723,0.005761316872428024,0.006172839506172878,0.025925925925925943,0.008641975308642002,0.009876543209876586,0.0004115226337448763
245,245,0.8600823045267489,0.8621104789528484,0.8564102564102565,0.9434343434343435,3.4164433452044993,0.38720280870602186,0.334102807109995,1.7485961939653685,0.07239833941312025,0.06296296296296294,0.05514403292181067,0.011522633744855936,-0.0057613168724279795,0.0012345679012345622,-0.0012345679012345622,-0.005349794238683148,-0.014814814814814859,-0.009053497942386857,-0.012757201646090588,-0.004526748971193428,0.000411522633744843
246,246,0.9053497942386831,0.90626497178305,0.904320987654321,0.9514555707971346,3.584804525702837,0.43190835258761917,0.023408918182686245,1.201182330841128,0.8249368530290601,0.12057613168724277,0.07860082304526747,0.062139917695473244,0.01563786008230452,0.00781893004115224,-0.0008230452674897082,0.00864197530864197,0.004115226337448541,0.011522633744855936,0.004115226337448552,0.004115226337448541,0.0028806584362139785
247,247,0.8930041152263375,0.8933550974047012,0.8806526806526807,0.942968142968143,3.412748870532128,0.621327921715599,0.9923094935707881,1.631425706122872,-0.5910375850100212,0.09053497942386834,0.04526748971193421,0.01975308641975314,0.008230452674897182,0.0012345679012345956,0.0037037037037037646,0.0020576131687243373,-0.0016460905349794165,0.004526748971193473,-0.001234567901234529,0.0049382716049383045,-0.0012345679012345512
248,248,0.8724279835390947,0.8731443556992774,0.8680718475073315,0.9335777126099707,3.0566858110991855,0.5603908268332219,0.3731181654781592,2.0006725951705113,-0.035064636739686975,0.10041152263374489,0.05967078189300412,0.04609053497942388,-0.004526748971193384,-0.000411522633744843,0.007818930041152283,-0.004526748971193395,0.006584362139917732,0.014814814814814847,0.01028806584362144,0.005349794238683159,0.0024691358024691466
249,249,0.9176954732510288,0.9181139091739348,0.9149664929262844,0.9625465376023827,4.10930773069906,0.3967948437899383,0.03781296545998527,0.8083784380194468,0.8345548453919858,0.14074074074074078,0.03580246913580252,0.04032921810699593,0.011522633744856025,0.011522633744856015,0.004115226337448619,0.006584362139917777,0.012757201646090588,0.01316872427983543,3.3306690738754695e-17,0.004526748971193473,0.003703703703703776
