,random_seed,accuracy,f1_weighted,balanced_acc,auc,model_weights.random_forest,model_weights.bagging_svc,model_weights.bagging_knn,model_weights.gradient_boosting,model_weights.mlp,feature_importance.leftlow_CO2_scaled,feature_importance.left_CO2_vd_scaled,feature_importance.leftlow_CO2_fd3_scaled,feature_importance.lefttop_CO2_scaled,feature_importance.lefttop_CO2_fd1_scaled,feature_importance.leftlow_CO2_fd2_scaled,feature_importance.lefttop_CO2_fd2_scaled,feature_importance.lefttop_CO2_fd3_scaled,feature_importance.left_CO2_vd_fd1_scaled,feature_importance.left_CO2_vd_fd2_scaled,feature_importance.left_CO2_vd_fd3_scaled,feature_importance.leftlow_CO2_fd1_scaled
0,0,0.9709090909090909,0.9709090909090909,0.9532551419343872,0.9948155702872684,3.6786513422940263,0.32231076211276455,1.8610093665694796,0.7586928318416228,1.4737128175930765,0.11781818181818186,0.006545454545454588,0.0043636363636363916,0.0036363636363636598,0.0036363636363636598,0.003272727272727294,0.003272727272727294,0.003272727272727294,0.0,0.0,0.0,0.0
1,1,0.9709090909090909,0.9712957362272431,0.9679068208479973,0.9951399363164068,2.9278104317775844,-0.11725136230938377,2.150814892713298,2.030920448288958,1.2916023347394503,0.1374545454545455,0.01490909090909095,0.003272727272727294,0.0021818181818181958,0.000363636363636366,0.004000000000000026,-0.0003636363636363549,0.000727272727272732,-0.0036363636363635488,0.0021818181818181958,0.0,0.0
2,2,0.9709090909090909,0.9709090909090909,0.956842435655995,0.9968612680477088,3.7702892770209195,0.27937036055660946,2.4713370225213165,1.087888751966507,0.48450615667713176,0.08036363636363639,0.002181818181818229,-0.00036363636363633266,0.007636363636363696,-0.00363636363636356,-0.0072727272727272085,-0.009818181818181771,-0.0010909090909090647,-0.0003636363636363438,-0.006909090909090842,-0.0014545454545454306,-0.0032727272727272384
3,3,0.9563636363636364,0.955110101525196,0.9076935457910833,0.9875261548366329,3.31955848213096,0.2642934546983249,2.330830633756755,1.6991228655956117,0.44719237076959173,0.05963636363636369,0.009454545454545504,0.004000000000000026,0.0003636363636363993,0.000363636363636366,0.000363636363636366,-0.0003636363636363549,0.0036363636363636598,0.003272727272727294,0.0,0.0036363636363636598,0.0
4,4,0.9672727272727273,0.9663768413925368,0.9296875,0.9976303317535544,3.2411754093953697,0.317442482824754,2.4656149960161997,1.0722515364133485,1.0405789443541844,0.1,0.013090909090909097,-0.002909090909090928,0.00690909090909092,-0.000363636363636366,0.005090909090909123,0.0043636363636363916,-0.0040000000000000036,0.001454545454545464,0.000363636363636366,-0.0036363636363636598,0.0
5,5,0.9527272727272728,0.9525552799260665,0.9204487506374299,0.9912459629440762,2.7264454346289173,0.8943654878234161,2.036525104545398,1.3296125076768452,1.1622826377249553,0.1141818181818182,0.008363636363636396,0.0043636363636363916,0.0043636363636363916,0.000363636363636366,-0.0018181818181818299,0.003272727272727294,0.0036363636363636598,-0.000363636363636366,0.0021818181818181958,0.0036363636363636598,0.0025454545454545617
6,6,0.9672727272727273,0.9670087830746285,0.9473684210526316,0.9968827026243294,3.157276496075173,0.3369671641675657,2.2457597443767323,1.3982918039895162,1.1031821463967642,0.1450909090909091,0.0010909090909090979,-0.0018181818181818299,-0.0007272727272727208,-0.000363636363636366,-0.0010909090909090979,-0.000727272727272732,-0.0010909090909090979,0.0018181818181818299,-0.000727272727272732,-0.0036363636363636485,-0.0018181818181818299
7,7,0.96,0.9598334297281665,0.9264867841409692,0.9949522760646108,2.9252629419772815,1.2005810332815519,1.813899699685423,0.7455415014092572,1.2547945633052533,0.0876363636363636,0.011999999999999966,-0.00545454545454549,-0.002181818181818207,-0.006909090909090953,-0.004000000000000026,-0.00545454545454549,-0.0025454545454545617,-0.005090909090909123,-0.004000000000000026,-0.003272727272727294,-0.006909090909090953
8,8,0.9636363636363636,0.9638842975206612,0.9493883023294788,0.9929612870789342,3.4307557750059874,0.28359316535145357,2.3339322188778033,1.672403082444523,0.5990958034317317,0.1145454545454545,-0.005090909090909113,-0.00945454545454546,-0.004727272727272758,-0.0018181818181818299,-0.011636363636363622,-0.010545454545454525,-0.009818181818181837,-0.01018181818181817,-0.009090909090909094,-0.0065454545454545765,-0.009818181818181804
9,9,0.9636363636363636,0.9636363636363636,0.9335748792270531,0.9906280193236715,2.9973466634271437,0.4484085404893473,2.3002536456821265,1.129036835319294,1.3390267955184374,0.09527272727272727,0.006909090909090876,-0.000727272727272732,0.0025454545454545396,-0.0036363636363636598,-0.001454545454545464,-0.002909090909090928,0.003272727272727294,0.0029090909090909054,0.000727272727272732,-0.000363636363636366,-0.0025454545454545617
10,10,0.9709090909090909,0.9705764597359325,0.9483856635071091,0.9963714454976303,3.260201381287774,0.4976080371617737,1.770306947889118,1.1480362505682618,1.407817089712087,0.09527272727272731,0.006909090909090953,0.0036363636363636598,0.0061818181818182215,0.000727272727272732,0.003272727272727294,0.000363636363636366,0.0010909090909090979,0.002909090909090928,-0.0032727272727271937,0.0,0.0
11,11,0.9672727272727273,0.9671536553334305,0.9438211796702363,0.9955804861465238,3.3122195760101305,-0.12091918316983324,2.2512517525684252,1.2054046287598092,1.489052199699619,0.11272727272727275,0.009818181818181827,0.0025454545454545617,0.001454545454545464,-0.000363636363636366,0.0025454545454545617,-0.000363636363636366,-0.0014545454545454527,0.001454545454545464,-0.001454545454545464,-0.0036363636363636598,-0.0021818181818181737
12,12,0.9527272727272728,0.9535435236090544,0.9413590893411521,0.9943083822007589,1.7767598355910117,0.4162566563455721,1.6570871062257164,3.266411164088022,0.7813932925805003,0.18581818181818183,0.0058181818181818334,-0.007999999999999985,0.0018181818181818299,0.000727272727272732,-0.0018181818181818188,0.000727272727272732,-0.005454545454545445,0.0018181818181818299,0.0025454545454545617,-0.0018181818181818299,-0.000727272727272732
13,13,0.9890909090909091,0.9890522447742759,0.9792190380425674,0.9987430869783811,3.0740723709219364,0.38413467960932196,1.6881735708148535,1.8226430962962474,1.1314141067889283,0.13818181818181824,0.01163636363636369,0.0,-0.0007272727272726986,0.004000000000000026,0.0018181818181818299,0.000363636363636366,0.0,0.0,0.0014545454545454861,0.003272727272727294,0.0
14,14,0.9709090909090909,0.9707386102483392,0.952635165833712,0.9953051643192488,3.2839055262885317,0.652803344807232,2.02273423561128,1.2369476179159842,0.9488150016260668,0.12436363636363641,0.01054545454545458,0.0,-0.0010909090909090534,-0.0003636363636363549,0.001454545454545475,-0.0003636363636363549,0.00036363636363637706,0.0,0.0,0.0,-0.002909090909090839
15,15,0.9345454545454546,0.9334766803102111,0.8960246842709529,0.9869402985074627,2.3075157911309874,1.4033339588234799,2.947422515843089,0.9207688172070955,0.6602670403909684,0.10109090909090912,0.012000000000000021,-0.00727272727272722,0.001090909090909109,0.000363636363636366,-0.002545454545454551,0.0,-0.013818181818181795,-0.006181818181818144,-0.003999999999999992,-0.0036363636363636598,-0.002545454545454551
16,16,0.9636363636363636,0.9630856888209829,0.9272055073941867,0.9932857385687575,2.786614955607138,0.49437644174945794,2.440234525562128,1.1752739085900425,1.3889157477754728,0.1290909090909091,0.008363636363636328,0.0036363636363636598,-0.0021818181818181958,0.0,0.0010909090909090979,0.0,0.0,0.0,0.0,0.0,0.0
17,17,0.9490909090909091,0.9487438016528925,0.9148727984344422,0.9890737116764514,2.2110601532903984,1.0799446680709917,1.7124225749694453,1.9420482880350363,1.4103444480368676,0.12581818181818183,0.009818181818181837,-0.0036363636363636598,-0.0010909090909090979,-0.000727272727272732,-0.000363636363636366,-0.0036363636363636598,-0.002909090909090928,-0.0018181818181818299,-0.002909090909090928,-0.0036363636363636598,-0.003272727272727294
18,18,0.9345454545454546,0.9331204222317966,0.8923344700198921,0.9907644217107133,2.9397097359521034,0.668307730543044,2.4198453999472536,-0.07056960519933936,2.204665125989581,0.0650909090909091,0.013454545454545474,-0.005090909090909079,-0.0007272727272727208,0.003272727272727294,0.0010909090909090979,-0.0032727272727272826,-0.0069090909090908535,-0.000727272727272732,0.000363636363636366,-0.005454545454545434,0.0025454545454545617
19,19,0.9672727272727273,0.9668736212445231,0.945802264567799,0.9946147473073736,2.8383532613722164,0.3033249642593681,2.5408367280145905,1.611352160218331,0.7673274440989333,0.0821818181818182,0.00690909090909092,-0.0065454545454544984,0.00436363636363637,0.0,-0.0032727272727272718,-0.000363636363636366,-0.0065454545454544984,0.000363636363636366,-0.0032727272727272826,-0.0010909090909090979,0.000363636363636366
20,20,0.9636363636363636,0.9639350553998132,0.9442889137737962,0.9944008958566629,3.0824984468921204,0.5062200662155207,2.260637790419646,1.3050182063607112,0.9917039415485385,0.11236363636363636,0.0003636363636363549,-0.006545454545454588,0.001454545454545464,-0.004727272727272758,-0.008363636363636384,-0.0072727272727273196,-0.0036363636363636598,-0.0010909090909090979,-0.0025454545454545617,-0.0021818181818181958,-0.005090909090909123
21,21,0.96,0.9595634028892456,0.926135411429529,0.9933802580861404,2.860981530618547,0.8499102777126192,2.275027792066084,1.3451824825756762,0.9372709621778946,0.1127272727272727,0.007999999999999952,0.0,-0.001818181818181841,0.0,-0.004000000000000026,0.0,0.0,-0.000363636363636366,0.0,0.0,0.0
22,22,0.9709090909090909,0.970491245962944,0.9409090909090909,0.9961157024793389,3.008724549240078,0.5389850872794367,1.8403859444062078,0.31014085980284317,2.2415475801436613,0.10254545454545458,0.014181818181818195,0.00545454545454549,0.0025454545454545617,0.001818181818181841,0.003272727272727294,0.003272727272727294,0.004000000000000026,0.0021818181818181958,0.000363636363636366,0.0,0.001454545454545464
23,23,0.9527272727272728,0.9522620220143558,0.9195137454314317,0.9930875576036867,3.3116738010091793,-0.005759709768278746,2.7777972197986434,0.6377040530109499,1.4873200397343738,0.045818181818181855,0.009454545454545493,0.0,-0.005090909090909079,-0.003272727272727294,-0.002909090909090928,-0.004000000000000015,-0.000363636363636366,-0.002909090909090928,-0.0036363636363636598,-0.002909090909090928,-0.0036363636363636598
24,24,0.9418181818181818,0.9401898319545378,0.8873351342761799,0.9891148895598283,2.853790940272728,0.6121515966875162,2.3004029145585547,1.661886113389295,0.5766922972881862,0.1516363636363636,0.007636363636363575,-0.0010909090909090979,-3.3306690738754695e-17,0.0,0.0032727272727271937,0.0032727272727271937,-0.000727272727272732,-1.1102230246251566e-17,-0.000363636363636366,-0.000727272727272732,0.0
25,25,0.9672727272727273,0.9669955080213904,0.9460159952606635,0.9944460900473933,3.8857652811765253,-0.16890540144722463,2.4023780740845964,1.1354458580700504,0.9290497695105934,0.07636363636363636,0.00763636363636363,0.007636363636363663,0.007636363636363641,0.0,0.004727272727272758,0.002909090909090928,0.003272727272727294,0.0010909090909090979,-0.003272727272727294,0.0043636363636363916,-0.000363636363636366
26,26,0.9563636363636364,0.9563636363636364,0.9336069531627234,0.9925961693223886,3.148306084360666,0.8114764395112735,2.0188822891420264,0.7832129005183138,1.403645220431344,0.09890909090909097,0.006909090909090953,0.0036363636363636598,0.0010909090909091202,0.0,0.0036363636363636598,0.0,0.000727272727272732,0.0,0.001454545454545464,0.0036363636363636598,0.0
27,27,0.9636363636363636,0.9631404958677686,0.9317157572831161,0.9938033156285209,2.695524975771951,0.736519915885874,2.3636350002806856,1.1384944157516934,1.3727207987191032,0.13127272727272726,0.013454545454545419,0.003272727272727294,0.0007272727272727208,0.0,0.0,0.0,0.000363636363636366,0.0,-0.000727272727272732,-0.0036363636363636598,0.0
28,28,0.96,0.9601417691609883,0.9393166751657318,0.9933707292197859,3.4456524533922646,0.6593162059342542,2.0735636171695924,0.6781374623370465,1.2611566183864862,0.10181818181818177,0.0018181818181817744,0.0007272727272727098,-0.0003636363636364104,-0.002181818181818218,-0.006545454545454588,-0.006545454545454588,-0.004000000000000026,-0.0025454545454545617,0.002545454545454484,0.0018181818181817744,-0.0036363636363636598
29,29,0.9781818181818182,0.9779975567545555,0.953928046989721,0.9955947136563876,2.8866957483489997,0.5068225178818359,2.5204266506522264,1.4935729164910545,0.6411609055282913,0.08799999999999995,0.011272727272727245,0.007272727272727231,0.0010909090909090758,-0.000727272727272732,0.0,0.000363636363636366,0.0040000000000000036,0.0,-0.001454545454545464,0.0,-0.006909090909090953
30,30,0.9563636363636364,0.9563636363636364,0.9352636534839924,0.9897206528562461,2.834565989939655,0.5888080300563195,2.1559940197692975,1.230235113828778,1.689011443459167,0.13527272727272732,0.00981818181818186,0.0,0.0010909090909090979,-0.0032727272727271937,-0.002545454545454484,0.0,-0.0003636363636363549,0.0,0.0,0.0,0.0
31,31,0.9527272727272728,0.9525798399701402,0.926789077212806,0.994428750784683,3.268469360169058,0.300033421814819,2.505980801892599,0.643579681540386,1.2648734975177454,0.03781818181818184,-0.005818181818181789,-0.0069090909090908535,0.0007272727272727431,-0.0040000000000000036,-0.005818181818181789,-0.0010909090909090868,-0.006909090909090865,-0.0018181818181818188,0.000727272727272732,0.0,-0.003272727272727294
32,32,0.9636363636363636,0.9638780169602087,0.95,0.9944628099173554,3.1690563336023745,0.19908199422701164,2.085332600134207,1.3132214384594783,1.3895669423150574,0.08218181818181816,-1.1102230246251566e-17,-0.0036363636363636598,0.004727272727272702,0.0036363636363636377,-0.005090909090909123,-0.0036363636363636598,-0.002909090909090928,-0.0010909090909090979,-0.00545454545454549,0.000363636363636366,-0.004000000000000026
33,33,0.9563636363636364,0.9566463280804179,0.9393754076973255,0.9931506849315068,2.874105820930869,0.6482754229736988,2.104643053253506,1.1504005550003977,1.4925235285018925,0.1283636363636364,-0.0003636363636363105,0.003272727272727294,1.1102230246251566e-17,-0.0036363636363635488,-0.0032727272727271937,-0.0032727272727271937,-0.0039999999999999255,-0.0021818181818181294,-0.002909090909090839,-0.0032727272727271937,-0.0018181818181817744
34,34,0.9781818181818182,0.9780251263270131,0.958438076085135,0.9979051449639685,2.912187274570874,-0.06219696349418069,2.4077650876442878,1.319953920920151,1.6158042662862628,0.10981818181818177,0.008727272727272717,0.004363636363636359,0.000727272727272732,0.0029090909090909167,0.002909090909090928,0.0032727272727272826,0.0025454545454545617,0.0,0.0,0.002909090909090928,0.0
35,35,0.96,0.9588962798718896,0.910589835118137,0.9937956824749278,3.3756736742104834,0.29114246623077,2.190623909708882,1.2485871548783156,1.0240095587601732,0.12763636363636363,0.003636363636363582,-0.0036363636363636598,-0.0010909090909091202,-0.003272727272727294,-0.0036363636363636598,-0.009818181818181882,-0.006909090909090953,-0.003272727272727294,-0.006545454545454588,-0.005818181818181856,-0.006909090909090953
36,36,0.9672727272727273,0.9666927625232301,0.932933789954338,0.9953522504892368,3.1644668410877137,0.38525727304514656,2.0038950712271513,0.8600043766236637,1.6129879729780232,0.08872727272727274,0.01890909090909092,0.0036363636363636598,0.005818181818181845,0.0036363636363636598,0.0036363636363636598,0.003272727272727294,0.0036363636363636598,0.0036363636363636598,0.001454545454545464,0.004000000000000026,0.0036363636363636598
37,37,0.9672727272727273,0.9671680523374677,0.9476799618623868,0.9976958525345622,3.2730538101447277,0.12140683511894537,2.5350239401396197,0.897140571117651,1.3974817200237717,0.058909090909090925,-0.0014545454545454527,-0.000727272727272732,-0.00436363636363637,-0.004363636363636347,-0.0025454545454545396,0.0,-0.0072727272727272085,0.0,0.0,-0.0021818181818181958,-0.000363636363636366
38,38,0.9527272727272728,0.9525834885736619,0.9277131782945736,0.9910852713178294,3.586494326931377,0.6264432820053455,1.5477370064566722,0.7842689093239334,1.5355427470783503,0.1330909090909091,0.009454545454545493,0.00545454545454549,0.0,0.004000000000000026,0.004000000000000026,0.0,0.0025454545454545617,0.000363636363636366,0.0018181818181818299,0.006909090909090953,0.0
39,39,0.9636363636363636,0.9636363636363636,0.946705426356589,0.9958139534883721,2.5774586612394503,0.42945931358634754,2.5402141589238574,1.163601399697211,1.4400613057433254,0.08909090909090908,0.003999999999999971,-0.0036363636363636598,0.0003636363636363549,0.0,-0.0010909090909090979,0.0,-0.0036363636363636598,-0.000363636363636366,0.0,0.0,-0.000363636363636366
40,40,0.96,0.9595517039160747,0.9249532551419344,0.9950705422403536,3.4409292555299076,-0.10470718398092485,1.6682555528979337,2.0842927478935858,0.7491720158063503,0.14254545454545453,0.003272727272727205,-0.0025454545454545617,-0.0010909090909090979,0.0,0.0,-0.000363636363636366,-0.004000000000000026,-0.0007272727272727541,-0.001454545454545464,0.0,0.0021818181818181294
41,41,0.9418181818181818,0.9408202882987071,0.9034798534798535,0.9934798534798535,3.3072441319632015,0.41278536702498947,2.1712953519294502,0.5864269352303842,1.5647300250683058,0.11963636363636361,0.0018181818181817744,0.0,-0.0061818181818182215,-0.0018181818181818299,-0.0036363636363636598,-0.003272727272727294,0.0,-0.002909090909090928,-0.003272727272727294,0.0,-0.005818181818181856
42,42,0.9527272727272728,0.9529545167040423,0.9135499693439607,0.9914163090128756,3.096992394362578,0.06275156297205274,2.1013440929243927,2.1868835089638146,1.0259416033742708,0.10072727272727278,-0.008727272727272695,0.0,-0.000363636363636366,-0.005454545454545423,0.0,0.0,-0.000727272727272732,-0.000363636363636366,0.0,-0.002181818181818185,-0.007999999999999952
43,43,0.9563636363636364,0.9560418953244065,0.9227010028896822,0.9899711031786504,3.095095930662448,0.22926467327668804,2.5363773697413796,0.7009921043075975,1.5037042592920398,0.10000000000000005,0.003636363636363693,-0.004727272727272658,0.003636363636363682,-0.003999999999999915,-0.0003636363636363549,-0.002909090909090839,0.000363636363636366,0.0072727272727273196,0.002909090909090928,0.000727272727272732,1.1102230246251566e-17
44,44,0.96,0.9598544676297485,0.9321349651538331,0.9926058133605303,2.9207094758828243,0.5284724262691046,1.976592665254477,0.7847232981888421,2.0597769303967257,0.0647272727272727,0.01781818181818179,0.0003636363636363549,0.0014545454545454085,-0.000727272727272732,0.0018181818181817744,0.0003636363636363549,-0.000363636363636366,-0.000727272727272732,-0.000363636363636366,0.0,-0.000363636363636366
45,45,0.9418181818181818,0.9407156580905192,0.8981538225831163,0.9899647617588478,2.666334533402306,1.6676252952363766,2.0553057881765513,0.49928076064484916,1.353088753039346,0.10945454545454543,0.012363636363636321,0.0072727272727272085,-0.00545454545454549,-0.0036363636363636598,0.0007272727272727098,-0.00545454545454549,0.0003636363636363549,-0.0036363636363636598,-0.004000000000000026,-0.0036363636363636598,0.0
46,46,0.9636363636363636,0.9624415965825659,0.9112193859951707,0.9973266643670231,4.143476566528998,-0.1467548502308285,2.6959830913749125,0.32655989157005394,1.1272798701981324,0.03818181818181817,0.0021818181818181624,-0.00872727272727275,-0.001454545454545464,-0.0018181818181818299,-0.0072727272727273196,-0.007636363636363663,-0.005818181818181845,-0.0025454545454545617,-0.0018181818181818299,-0.0025454545454545617,0.002909090909090928
47,47,0.9490909090909091,0.9484792107117689,0.9156822656368317,0.994926548538543,2.404540583239636,1.23164075939755,1.8558838838864973,0.7090360573313946,1.897854657770507,0.09418181818181817,0.020363636363636372,0.0021818181818181958,-0.005454545454545467,-0.000727272727272732,-0.002909090909090928,-0.0010909090909090979,0.0036363636363636598,0.0,-0.002909090909090928,-0.002909090909090928,-0.0036363636363636598
48,48,0.9672727272727273,0.9663696835315461,0.9222760496345402,0.9950705422403536,2.8849270257581714,0.33230791064388326,1.8971941851908745,1.2675240057233907,1.5770216832265465,0.11272727272727275,0.010909090909090913,0.0025454545454545617,0.0018181818181818299,-0.000727272727272732,0.000363636363636366,-0.000727272727272732,0.0025454545454545617,-0.000727272727272732,-0.0036363636363636598,-0.000727272727272732,0.0
49,49,0.9527272727272728,0.952183129226063,0.9118661607450845,0.9919799931010693,2.7923674936787615,0.13285518566551707,2.2722624731622894,1.663562987335204,1.3131494057390947,0.11054545454545459,0.0036363636363636598,-0.0021818181818181958,-0.0018181818181818078,-0.0025454545454545617,-0.0025454545454545617,-0.0025454545454545617,-0.0025454545454545617,-0.005454545454545423,-0.0025454545454545617,-0.0018181818181818299,-0.0025454545454545617
50,50,0.9527272727272728,0.9521367053998632,0.9073054000361207,0.9909698392631389,3.3220411086997803,0.3230894879537256,2.016558774441009,1.773686124057639,0.6321753406757963,0.11890909090909092,0.006545454545454588,-0.003272727272727294,-0.0025454545454545396,-0.0025454545454545617,-0.0036363636363636598,-0.003272727272727294,0.0,-0.004363636363636359,0.0,-0.0025454545454545617,0.0036363636363636598
51,51,0.9709090909090909,0.9704565656565658,0.9378233873749569,0.9963780614004829,3.0384528029739934,0.463841865870611,2.6296620084795754,1.2298848411004975,0.9018357833459959,0.06218181818181821,0.002181818181818218,0.0072727272727273196,0.0014545454545454861,0.000363636363636366,1.1102230246251566e-17,0.002909090909090928,0.00545454545454549,0.0021818181818181958,-0.0010909090909090534,0.000727272727272732,0.0018181818181818299
52,52,0.96,0.9590330566477355,0.9178054981725727,0.9942793580168441,2.4709711279209023,0.7068324738614544,2.4878434599480848,1.2172935810735397,1.2304355008388579,0.09709090909090905,0.010909090909090858,0.0,-0.0007272727272727431,0.0,0.0,0.0,0.0,0.0,0.0,0.0,0.0003636363636363549
53,53,0.9563636363636364,0.9563636363636364,0.936046511627907,0.9944186046511627,3.3395059188243033,0.3280521142070566,2.083688593562423,0.2266801320894362,2.1256286719336237,0.05890909090909095,0.00981818181818186,-0.0010909090909090758,0.0003636363636364215,1.1102230246251566e-17,-0.0003636363636363549,-0.0032727272727271937,-0.0043636363636362805,0.003272727272727294,-0.003636363636363571,0.0007272727272727431,-0.0007272727272727098
54,54,0.9490909090909091,0.9484312950850856,0.912154739485248,0.9885436283741369,2.751927609956211,0.8570160397073096,2.0590285794654513,1.264266313344061,1.2769637752702678,0.09745454545454549,0.004727272727272735,-0.0036363636363636598,-0.0014545454545454527,0.000363636363636366,-0.0025454545454545617,-0.000727272727272732,-0.005090909090909123,0.0018181818181818299,-0.0036363636363636598,-0.0025454545454545617,-0.003272727272727294
55,55,0.9381818181818182,0.9379508777749477,0.8955243187305968,0.9901690238013108,2.9000386232587267,0.9512251943185237,1.8805230036968699,1.370985393266549,1.1410104348592827,0.08909090909090915,-0.008727272727272695,-0.009454545454545405,-0.002545454545454506,0.000363636363636366,-0.007999999999999941,-0.0072727272727272085,-0.010909090909090868,-0.003272727272727227,-0.005818181818181745,-0.0036363636363635488,-0.0072727272727272085
56,56,0.9745454545454545,0.974645792738919,0.960538197579917,0.9957558244536753,2.9001810699228097,0.3183396280254044,2.3722437298258345,1.4058100473191248,1.161079257871583,0.1043636363636363,0.008363636363636318,0.0007272727272727098,0.0014545454545454085,0.00290909090909085,0.0039999999999999255,0.0003636363636363549,0.0003636363636363549,-0.003272727272727294,0.0,0.0007272727272727098,0.006545454545454477
57,57,0.9527272727272728,0.9518673087212413,0.9090909090909091,0.9929752066115702,2.7924863332929766,1.0157059966966877,1.931100110897615,1.5505652664298744,0.8575503237020464,0.1265454545454546,0.0043636363636363916,-0.0010909090909090868,-0.002545454545454551,-0.0036363636363636485,-0.001454545454545464,-0.0010909090909090979,0.0,-0.002909090909090928,0.0,-0.002909090909090928,-0.000363636363636366
58,58,0.9527272727272728,0.9525721891563004,0.9248350233381619,0.9917914051183003,3.298360694188626,0.687661260175265,2.172383099333075,1.3465128453404995,0.6202057950544215,0.0661818181818182,-0.0007272727272727208,0.0018181818181818299,0.003272727272727294,-0.0010909090909090979,-0.012727272727272698,-0.010181818181818136,-0.000727272727272732,-0.0014545454545454527,-0.002909090909090928,-0.002909090909090928,-0.005818181818181789
59,59,0.9781818181818182,0.9780209476622033,0.9577596464388918,0.996260411354751,2.660254865331374,0.44724876559539023,2.5268975262952043,1.256299013494291,1.38502822805767,0.1145454545454545,0.013090909090909052,0.0069090909090908535,0.002545454545454551,0.0,0.003272727272727294,0.003272727272727294,0.003272727272727294,0.000363636363636366,0.0,0.0,0.0
60,60,0.96,0.960162035456635,0.9347008076358296,0.994309838472834,3.130485943587563,0.24424707007834445,1.7858849120161457,1.4816854942101403,1.487400394530925,0.11818181818181817,0.0065454545454544984,0.004727272727272647,-0.001090909090909109,0.0,-0.0025454545454545617,-0.0036363636363636598,-2.2204460492503132e-17,-0.002909090909090928,0.0003636363636363438,-0.002545454545454573,-0.004000000000000026
61,61,0.9636363636363636,0.9636363636363636,0.9388888888888889,0.9946666666666667,3.144411649902184,0.4315203640684682,2.137837364316633,0.9366414250491947,1.603913873321378,0.12072727272727275,0.007999999999999985,0.000727272727272732,-0.000727272727272732,-0.003272727272727294,-0.002909090909090928,-0.0061818181818182215,0.0010909090909090979,0.0,0.0,0.0,-0.003272727272727294
62,62,0.96,0.9598465236278639,0.930015756302521,0.9950105042016807,3.258634739692662,0.40120810853746275,2.0057276280251704,0.8029151718343155,1.4789677287213838,0.09854545454545452,-0.005090909090909123,0.0,-4.4408920985006264e-17,0.0010909090909090424,0.0,0.0,-0.000363636363636366,-0.0021818181818181958,-0.00545454545454549,-0.001454545454545464,-0.0036363636363636598
63,63,0.9636363636363636,0.9636363636363636,0.9388888888888889,0.9936,2.377491880112396,0.6153690401348221,2.426504720458634,1.3685270979844324,1.2658325549328588,0.10436363636363635,0.010545454545454514,-0.004000000000000026,-0.0043636363636363916,0.0,-0.0010909090909090979,-0.004000000000000026,-0.004000000000000026,-0.0036363636363636598,-0.0036363636363636598,-0.0036363636363636598,-0.004000000000000026
64,64,0.9818181818181818,0.9816197285860206,0.960700519524049,0.9952237305178482,3.211382086969607,0.3033620940709201,2.2068788271705593,1.1357476694358888,1.3162972663664712,0.15672727272727274,0.014545454545454561,0.000727272727272732,0.007636363636363652,0.0025454545454545617,0.002909090909090928,0.0,0.004000000000000026,0.008000000000000007,0.000727272727272732,0.0021818181818181958,0.002909090909090928
65,65,0.9672727272727273,0.9673828726220526,0.9522727272727273,0.9951239669421488,2.8772517555335786,0.5992431681018683,2.2417309234632246,1.3040697460675177,0.9307606621387007,0.1090909090909091,-0.0003636363636363438,0.0036363636363636598,0.00436363636363638,0.000363636363636366,-0.0029090909090908946,-0.000363636363636366,0.0,0.000727272727272732,0.0,0.0010909090909090979,0.0025454545454545617
66,66,0.9527272727272728,0.9525721891563004,0.9248350233381619,0.9910671173346209,3.505688439394598,0.3297456071674266,2.3034429908039122,0.5180114254826785,1.6125072610224305,0.11018181818181823,0.0036363636363636598,-0.0058181818181818005,0.002909090909090928,-0.005090909090909057,-0.005454545454545434,-0.0025454545454545617,-0.009090909090909049,0.0025454545454545617,0.0,0.000363636363636366,-0.0036363636363636598
67,67,0.9709090909090909,0.9709090909090909,0.9468599033816425,0.9973913043478261,3.1108084614463434,0.6760424214829105,2.2282724968936476,0.8917027537130681,1.2609166149128879,0.10545454545454547,-0.0018181818181817854,-0.007636363636363575,0.0010909090909090979,-0.0032727272727271937,-0.006545454545454477,-0.006545454545454477,-0.0072727272727272085,-0.0003636363636363549,0.0,0.0,-0.0032727272727271937
68,68,0.9563636363636364,0.9563636363636364,0.928854777509486,0.9896516040013797,2.5887569045652827,0.8466148589871779,1.7723406307686662,2.1268675899607,1.1440190087018893,0.1483636363636364,0.005454545454545501,0.0018181818181818299,0.000727272727272732,1.1102230246251566e-17,-0.0003636363636363549,0.0,-0.0003636363636363549,0.002909090909090928,0.0,0.0,0.000363636363636366
69,69,0.9781818181818182,0.9776441730076092,0.9411764705882353,0.9972864145658263,3.1893220537239246,0.021380469046240046,2.948235506168744,0.9479498794110207,0.961625460022293,0.05563636363636361,0.01345454545454543,-0.002181818181818207,0.004363636363636359,-0.003272727272727294,0.000727272727272732,0.0010909090909090979,-0.0061818181818182215,-0.003272727272727294,0.0007272727272727208,0.000363636363636366,0.0
70,70,0.9672727272727273,0.966924748423029,0.9386363636363636,0.9952892561983471,2.8886022729588543,0.5026663082923127,1.6085071083121494,1.3774893530720071,1.8135990989807247,0.11927272727272728,0.014181818181818184,0.001454545454545464,0.0007272727272727431,0.0036363636363636598,-0.0036363636363636598,-0.002909090909090928,0.0036363636363636598,-0.0010909090909090979,0.0,0.000363636363636366,-0.000727272727272732
71,71,0.9636363636363636,0.9629296343444098,0.9286821705426357,0.9947286821705426,2.508081578413811,0.48544509359946075,2.9411707646058867,1.2915644801219406,0.8800843893021315,0.08945454545454545,0.019636363636363608,-0.002909090909090928,0.0021818181818181737,0.0,-0.001454545454545464,-0.000363636363636366,-0.0036363636363636598,-0.0021818181818181958,0.000363636363636366,-0.001454545454545464,-0.004000000000000026
72,72,0.9527272727272728,0.9521974682644522,0.9132670406255312,0.9946455889852117,3.337503477957207,0.22107569370915578,2.081849046893821,0.7418112655867694,1.6951581810171443,0.11090909090909093,-0.0014545454545454417,-0.003272727272727294,0.000363636363636366,-0.003272727272727294,-0.002909090909090928,-0.003272727272727294,-0.0032727272727272718,-0.002909090909090928,0.0,0.0,-0.0025454545454545617
73,73,0.9563636363636364,0.9566611570247934,0.9378665996313056,0.9921233450645215,3.881107106681224,-0.3889532222270808,2.6048808751614514,0.9880886783022506,1.1396228118135876,0.046181818181818234,0.00618181818181821,0.000363636363636366,0.003636363636363671,-0.009818181818181771,-0.006909090909090842,-0.010545454545454502,-0.002909090909090839,0.000727272727272732,0.0,0.002909090909090928,-0.0069090909090908535
74,74,0.9563636363636364,0.9560880054317206,0.9291038920276209,0.9948995605775267,3.105549768118556,0.6921378747394101,2.690968734151345,0.5292096154999401,1.0159154935703734,0.040000000000000056,0.010909090909090957,-0.007636363636363575,-0.00036363636363632155,-0.010545454545454502,-0.0072727272727272085,-0.006909090909090842,-0.007636363636363575,-0.003272727272727205,-0.007636363636363575,-0.0036363636363635488,-0.010909090909090868
75,75,0.9672727272727273,0.9668857085265067,0.9344800420168067,0.9944852941176471,2.4672487346579066,0.3853332691576551,2.2086475940306802,1.6705894118039468,1.2235833685987043,0.1229090909090909,0.003272727272727294,0.0018181818181818299,1.1102230246251566e-17,-0.000363636363636366,-0.000363636363636366,-0.003272727272727294,0.0025454545454545617,-0.000363636363636366,-0.000363636363636366,0.0010909090909090979,-0.0021818181818181958
76,76,0.9527272727272728,0.951911021845491,0.9118783196523419,0.9917914051183003,3.4070486214132973,0.41296492475821633,2.6276717195995936,0.30867256275725685,1.241176559847872,0.05600000000000003,0.005818181818181856,-0.004000000000000015,-0.0018181818181818078,-0.0069090909090908535,-0.0036363636363636598,-0.0036363636363636598,-0.008727272727272672,-0.005090909090909079,0.0,-0.000727272727272732,-0.003272727272727294
77,77,0.9636363636363636,0.9633113746157225,0.9260489842415036,0.9942092272640972,3.3422929743064405,0.39927838158865375,2.012676448623904,1.1430133873372907,1.1561547021210834,0.10218181818181818,-0.000363636363636366,-0.003272727272727294,-0.00036363636363637706,0.0,-0.004000000000000026,-0.000727272727272732,-0.000363636363636366,-0.004000000000000026,-0.003272727272727294,-0.0018181818181818299,-0.0025454545454545617
78,78,0.9709090909090909,0.9706251974063133,0.9353949478748997,0.9934843624699279,2.5068507459897638,0.4665474205739182,2.1629740066235223,2.6653459194131877,0.5592775327924474,0.14181818181818184,0.005454545454545478,0.0036363636363636598,-0.0014545454545454306,0.008000000000000052,0.0007272727272727431,0.001454545454545475,-0.002545454545454484,0.00036363636363638817,-0.0003636363636363438,-0.002909090909090839,0.0043636363636363916
79,79,0.9781818181818182,0.9780440027158604,0.9614720652856246,0.9933301946013811,3.1039103727795405,0.8467861578179475,2.388118929852198,0.9222164538250553,0.6291172183071684,0.10763636363636361,0.010181818181818148,-0.004000000000000026,0.005090909090909068,-0.003272727272727294,-0.0021818181818181958,-0.004000000000000026,-0.007636363636363675,0.0025454545454545287,-0.006545454545454588,-0.005818181818181856,-0.006909090909090953
80,80,0.9563636363636364,0.9555964733902531,0.9225784952606635,0.9945941943127962,2.9774649632801817,0.9547926321506603,2.1005230500186927,0.712963060802209,1.1138714868868593,0.10763636363636368,0.010181818181818236,0.001818181818181841,-0.0065454545454544984,-0.006909090909090842,1.1102230246251566e-17,-0.0072727272727272085,-0.003999999999999915,-0.0003636363636363549,-0.0007272727272727098,-0.0014545454545454195,-0.006545454545454488
81,81,0.9709090909090909,0.9707055471761354,0.9477272727272728,0.9935537190082644,3.1684147879936475,-0.020086344238944186,2.2521043099977174,1.8872427075360831,1.0982443807740003,0.11963636363636365,0.005090909090909146,0.004000000000000026,-0.00036363636363633266,2.2204460492503132e-17,-0.0014545454545454195,0.001454545454545464,0.0025454545454545617,2.2204460492503132e-17,0.0036363636363636598,-0.0021818181818181294,0.0
82,82,0.9527272727272728,0.9521367053998632,0.9073054000361207,0.9921437601589308,2.607829487786396,0.5898825512568541,1.824549826753757,1.7235249576397818,1.308313381018932,0.08836363636363638,0.0025454545454545842,-0.0010909090909090979,0.000363636363636366,0.0018181818181818299,-0.003272727272727294,-0.0036363636363636598,-0.0036363636363636598,0.0025454545454545617,-0.0036363636363636598,-0.0025454545454545617,0.0
83,83,0.9563636363636364,0.9560418953244065,0.9227010028896822,0.990141084480707,2.9623749454001476,0.6298808335701135,2.432498223992731,-0.07839604733448652,2.2064252546088703,0.06981818181818189,0.007636363636363686,-0.0021818181818181294,0.00036363636363638817,0.0,-0.009454545454545405,-0.0032727272727271937,-0.00036363636363633266,-0.0010909090909090647,0.0,0.0,-0.0072727272727272085
84,84,0.9672727272727273,0.9669740986459971,0.943810326336755,0.9939482151064808,2.817987618035266,0.6817266579384154,2.227434655641728,1.7494012470669167,0.580489168573527,0.12581818181818183,0.008363636363636361,0.0,0.0021818181818181958,0.005818181818181856,0.000727272727272732,0.000727272727272732,0.000727272727272732,0.000727272727272732,0.0,0.000363636363636366,0.000363636363636366
85,85,0.9490909090909091,0.9479940661072735,0.9015818656229615,0.9863829093281147,3.248231050171975,0.7164311076602407,2.8608354270038725,-0.31747998841889546,1.741583610594194,0.02654545454545456,0.015272727272727282,0.009454545454545438,0.0010909090909090979,0.000727272727272732,0.004000000000000015,0.0021818181818181958,0.0010909090909090979,-0.002909090909090928,0.000363636363636366,0.0,0.0025454545454545617
86,86,0.9636363636363636,0.963012680186692,0.9336996336996337,0.9963369963369962,3.4041974288006847,0.18041722736605376,2.1413510482891733,1.2389706026356628,1.115323326804253,0.17745454545454548,0.009090909090909049,0.000727272727272732,0.002181818181818185,0.003272727272727294,0.0025454545454545617,0.0036363636363636598,0.0,0.002909090909090928,0.000363636363636366,0.0,0.002545454545454551
87,87,0.9672727272727273,0.9673674426333363,0.9555308717634442,0.9959399417802972,3.553156670350523,0.3494156889576634,1.9401824132883854,1.2044679343562104,1.1729006650655986,0.13890909090909093,-0.0007272727272727208,0.001454545454545464,0.0018181818181818299,0.000363636363636366,-0.0018181818181818299,0.0,0.000363636363636366,0.000363636363636366,0.0,0.0,0.002909090909090928
88,88,0.9527272727272728,0.9519317785377011,0.9131972032416971,0.9925313840775465,2.780612889389891,0.435259896451453,2.6329379456086075,0.4906035570221257,1.6175649384627144,0.08000000000000004,0.0036363636363636598,-0.004000000000000015,-0.0021818181818181737,-0.0058181818181818005,-0.003999999999999992,-0.004727272727272724,-0.000363636363636366,0.0,-0.009454545454545405,0.002909090909090928,-0.0036363636363636377
89,89,0.96,0.9598687754399465,0.9359005311443747,0.9944471269917915,3.3408217579101107,0.057650947402020855,2.1948109283139154,0.8225783821303333,1.5891562871572265,0.0876363636363636,0.005090909090909046,0.0,-0.005818181818181866,-0.004000000000000026,-0.002909090909090928,-0.0061818181818182215,0.0,-0.001818181818181841,-0.004727272727272758,-0.000363636363636366,-0.001454545454545464
90,90,0.9490909090909091,0.9471111111111112,0.8863636363636365,0.990909090909091,3.132339972064288,0.31052656136934953,2.4365954213961407,1.264820655055024,1.214317356848694,0.09781818181818183,0.005818181818181822,-0.0043636363636363916,-0.0021818181818181958,-0.0043636363636363916,0.003272727272727294,-0.000363636363636366,-0.0036363636363636598,0.0,-0.0036363636363636598,0.0,-0.0036363636363636598
91,91,0.96,0.9593003123605534,0.9317177575255454,0.9924744545705606,3.139563133652316,0.9633951156161317,2.2195970824082756,0.7354107645862736,1.2434529819858267,0.17018181818181816,0.014545454545454518,-0.0010909090909090979,0.004727272727272702,0.0029090909090908725,-0.00036363636363637706,0.0014545454545454195,-3.3306690738754695e-17,0.0003636363636363549,0.0003636363636363438,0.0,0.003272727272727205
92,92,0.9563636363636364,0.9558393234672303,0.9260941996062395,0.9953051643192489,2.7775586667570957,0.8031516144705667,2.4479467334300202,1.3557564643031266,0.8008288400798586,0.12000000000000006,0.0032727272727273047,-0.0007272727272727098,-0.0014545454545454085,-0.005818181818181745,-0.002545454545454484,-0.005818181818181745,-0.002545454545454484,0.0010909090909090979,0.00036363636363638817,0.000363636363636366,-0.002909090909090839
93,93,0.9672727272727273,0.9669059395676975,0.9366394696583376,0.995835458099609,3.022571071057207,0.7750218069958844,2.136757019051659,0.6722953591581559,1.6733653508046284,0.11309090909090913,-0.005090909090909068,0.0,-0.000727272727272732,-0.000363636363636366,0.0,0.0,0.0,0.0,0.0,0.0,0.0
94,94,0.9709090909090909,0.9707157682500147,0.9492596169322388,0.9965395139224207,3.362437733875732,0.08061571853343075,2.107220573192929,0.5849479966816167,1.8654390756645038,0.08363636363636368,0.0069090909090909315,-0.0072727272727272085,-0.00036363636363632155,-0.0007272727272727098,-0.0036363636363635488,-0.0072727272727272085,-0.0072727272727272085,-0.0036363636363635488,-0.0032727272727271937,-0.0032727272727271937,-0.0036363636363635488
95,95,0.96,0.9595746925170355,0.9272727272727272,0.993801652892562,2.8775192791536766,-0.22731188269419708,2.4626066039146584,1.517169262436539,1.5051856731280044,0.10654545454545454,0.009818181818181771,0.002909090909090839,0.0010909090909090424,0.0036363636363635488,0.006545454545454477,0.0,0.0007272727272726986,-0.002545454545454573,0.0,0.0003636363636363549,-0.0025454545454545617
96,96,0.9454545454545454,0.9445366675435013,0.902272366121087,0.9911012235817575,2.7745674176789263,1.0975506836053226,2.4290276202800647,1.1848790466537031,0.7307889971267517,0.06690909090909089,0.0014545454545454417,-0.004000000000000026,-0.0036363636363636598,-0.013090909090909108,-0.006545454545454588,-0.010545454545454613,-0.0043636363636363916,-0.004727272727272758,-0.0036363636363636598,-0.0072727272727273196,-0.008000000000000052
97,97,0.9563636363636364,0.9556265906545861,0.9095177894166516,0.9891638071157667,2.9467093184642947,0.30936835142837876,1.8294993259355548,1.1537709526998452,1.8064674946730015,0.10836363636363644,0.003272727272727316,0.0010909090909091202,0.003636363636363671,-0.00290909090909085,-0.005454545454545379,-0.007999999999999941,-0.002909090909090861,-0.002909090909090861,-0.0025454545454544953,-0.004363636363636292,-0.0007272727272727098
98,98,0.9672727272727273,0.9666258823529413,0.9370015948963317,0.9973176743511671,3.4535893113288902,-0.06869823876992714,2.394445775469891,0.4841814083672377,1.567686641335076,0.1,0.012727272727272743,0.002909090909090928,0.005818181818181845,0.0,-0.0010909090909090979,-0.002909090909090928,-0.0069090909090908535,0.0025454545454545617,0.0,0.0021818181818181958,0.0
99,99,0.9381818181818182,0.937989021499414,0.9052102950408034,0.9856403013182675,4.209829154644964,-0.49404565933166444,2.540463983773429,0.9399199046317657,0.9957190370129844,0.06763636363636367,0.01418181818181824,-0.006909090909090842,4.4408920985006264e-17,-0.005454545454545401,0.0061818181818182215,-0.0036363636363635488,-0.007999999999999941,-0.004363636363636292,-0.0007272727272726986,-0.002909090909090839,3.3306690738754695e-17
100,100,0.9672727272727273,0.966644869386716,0.9294577596464388,0.9931157572667006,2.711367675207098,0.6899970669842594,2.1743221956634757,1.3517165357500356,0.9942200872762388,0.13345454545454546,0.010909090909090913,0.0025454545454545617,0.006545454545454565,0.006545454545454565,0.0,0.0,0.002909090909090928,0.0021818181818181958,0.0,0.0,0.0036363636363636598
101,101,0.9672727272727273,0.9664392236976507,0.9262883235485975,0.997635355512068,2.4547015080183394,0.46221485535160944,2.2460146275796578,2.2158646632286265,1.0280632005164767,0.15527272727272728,0.00436363636363637,-0.0010909090909090979,0.0036363636363636598,-0.004363636363636359,-0.004363636363636347,-0.003272727272727294,-0.003272727272727294,0.003272727272727294,0.0025454545454545617,-0.0036363636363636598,0.0036363636363636598
102,102,0.9709090909090909,0.9709090909090909,0.9525698516729907,0.9966367713004485,3.5674818242070554,0.003105625209203245,2.0394697854339494,1.5628169719812812,0.779041986574785,0.1250909090909091,-0.0014545454545454085,0.000727272727272732,0.0036363636363636598,0.000363636363636366,-0.0032727272727271937,-0.0032727272727271937,1.1102230246251566e-17,0.00545454545454549,-0.002545454545454484,0.000727272727272732,0.000363636363636366
103,103,0.9418181818181818,0.9397289570874477,0.8810185920864453,0.9934053710471953,2.62056815494656,0.722717047050131,1.8207263214622897,1.6116666292505013,1.1544339519268385,0.08036363636363633,0.009454545454545405,-0.001454545454545464,-0.006545454545454588,-0.0010909090909090979,0.0,0.0,-0.00036363636363637706,-0.001454545454545464,-0.002909090909090928,-0.0010909090909090979,-0.004727272727272758
104,104,0.9709090909090909,0.971107438016529,0.960910005027652,0.9973185855538798,3.6461679740073385,0.06011811589276832,2.1012267444829815,0.6763356109233598,1.791976801825994,0.10290909090909095,0.00872727272727276,-0.002909090909090839,-0.00036363636363633266,0.000363636363636366,0.0,0.0,0.0,0.0,0.0,-0.0021818181818181294,0.0
105,105,0.9454545454545454,0.944889448690235,0.9059442270058709,0.9914383561643836,3.0518726277651265,0.29943377009094263,2.7146376557174663,0.6512800985573292,1.5089543798959058,0.04799999999999997,0.011272727272727257,0.0,-0.0036363636363636485,-0.0021818181818181958,0.0,0.002909090909090928,0.0,-0.000363636363636366,0.0,0.0,-0.0025454545454545617
106,106,0.9636363636363636,0.9624280970171382,0.9180327868852459,0.9955569174199479,3.4003711454906154,0.14324033953150747,2.7296547550866634,0.32522039162738403,1.6893847267678785,0.06763636363636363,0.016727272727272702,-0.006909090909090953,0.009818181818181804,0.0036363636363636598,0.0029090909090909167,-0.000363636363636366,-0.001454545454545464,0.000363636363636366,0.000727272727272732,-0.001454545454545464,0.0025454545454545617
107,107,0.96,0.9596611764705884,0.935833827014218,0.995260663507109,3.5528870066863782,0.5018435611116252,2.4204671999834257,0.5919734814232787,1.0049975960324355,0.12363636363636361,0.015272727272727226,0.0018181818181817744,0.0014545454545454085,0.0036363636363635488,0.0014545454545454195,0.0036363636363635488,0.0,0.0014545454545454195,0.002545454545454484,0.0010909090909090647,0.0036363636363635488
108,108,0.9672727272727273,0.9667750128948437,0.938853551416023,0.9954566106315311,3.2480270801662834,0.6751383316449787,1.8507865721011916,0.8337577161720708,1.0546420537912913,0.09563636363636364,0.007636363636363641,0.0021818181818181958,0.0,-0.0036363636363636598,0.002909090909090928,0.0,-0.000363636363636366,-0.002909090909090928,-0.000363636363636366,-0.0036363636363636598,-0.000363636363636366
109,109,0.9927272727272727,0.9927272727272727,0.9889344921937873,0.9983099951714147,2.794888171726062,0.5282341390085763,2.0073787725403065,1.970716202344698,0.6215385475448462,0.17999999999999994,0.01854545454545452,0.01527272727272726,0.006181818181818122,0.0003636363636363549,0.0010909090909090647,0.0,0.010181818181818136,0.003272727272727205,0.0014545454545454195,0.0036363636363635488,0.0003636363636363549
110,110,0.9745454545454545,0.9746380660537964,0.9621852362883753,0.9959468782338737,2.7593366679106945,0.792904614284738,2.119581578177342,1.688925576223943,0.8589024393924114,0.129090909090909,0.002909090909090861,0.0,0.0,0.002909090909090839,0.0032727272727272163,0.0007272727272727098,0.002909090909090861,0.0003636363636363549,0.0018181818181817633,0.0010909090909090534,0.0032727272727271937
111,111,0.9636363636363636,0.9636363636363636,0.9323593073593073,0.9937032664305391,3.5800110132443073,0.5587136028837413,2.292777918886943,0.30309290773263775,1.4526348455606484,0.08945454545454543,0.002181818181818185,0.0,-1.1102230246251566e-17,0.000363636363636366,0.002909090909090928,0.003272727272727294,0.0,0.000363636363636366,0.0,0.0,0.0
112,112,0.9709090909090909,0.9704101441493534,0.9437728937728938,0.997948717948718,3.0813207287775,0.04622237292370376,2.3129351209000744,1.5487254507795496,1.1192855400965436,0.13600000000000004,0.0112727272727273,0.003272727272727294,-0.0018181818181817633,-0.0003636363636363549,0.000363636363636366,0.0,0.000363636363636366,0.0,0.000363636363636366,0.0010909090909090979,0.0
113,113,0.96,0.9595395708835918,0.9237236978268368,0.9943083822007589,2.811142932426426,0.4469249676166063,2.136090333521038,1.0945104651482953,1.474558872184199,0.13018181818181812,0.007272727272727231,0.0003636363636363549,-0.0018181818181818299,0.0032727272727271937,-0.000363636363636366,0.0,-0.002909090909090928,0.0010909090909090534,-0.0036363636363636598,0.0036363636363635488,-0.000727272727272732
114,114,0.9563636363636364,0.9560242424242426,0.9202118347338936,0.9911589635854342,2.7480629330011666,1.1662728248124885,2.40884201896403,0.5796563870114863,1.514196049089951,0.08945454545454551,0.009454545454545504,0.006909090909090953,-0.003272727272727205,0.0,0.0,0.0,0.0,0.0,0.0,-0.0003636363636363549,-0.0003636363636363549
115,115,0.9563636363636364,0.9557685950413224,0.9206502494769033,0.990181876710124,3.0541022589001288,0.5683839890444795,2.212751991372518,0.7910595169189849,1.4731373585849064,0.13381818181818186,0.013454545454545507,-0.0007272727272727098,0.001818181818181841,0.000363636363636366,-0.0014545454545454195,2.2204460492503132e-17,-0.0007272727272727098,-0.0018181818181817744,0.0,1.1102230246251566e-17,0.0
116,116,0.9672727272727273,0.9671680523374677,0.9476799618623868,0.9930081042428094,3.219299876597804,0.7989658085532503,2.2507191118913235,1.5016340537761583,0.45389632004623326,0.12872727272727275,0.005454545454545478,0.003272727272727294,0.002545454545454551,0.000727272727272732,0.0,0.0,0.0,0.0,0.0,0.0,0.0
117,117,0.9636363636363636,0.9633884297520662,0.9372961513372473,0.9953522504892368,3.3293580808671233,0.180319725113611,2.388702056713888,0.6306570872905494,1.5874555211123142,0.09854545454545453,0.014181818181818162,0.0010909090909090979,0.0010909090909090868,-0.002909090909090928,-0.000363636363636366,-0.0036363636363636598,0.0036363636363636377,-0.0018181818181818299,0.0,-0.000363636363636366,0.0036363636363636598
118,118,0.9781818181818182,0.9783713343804477,0.9690821256038648,0.9987439613526571,2.9905980306892457,0.46687038818581145,1.769064299442983,1.2166571181262873,1.665645224525864,0.07927272727272724,0.005454545454545412,-0.001454545454545464,-1.1102230246251566e-17,-0.003272727272727294,0.0,-0.0036363636363636598,-0.0025454545454545617,-0.007636363636363686,-0.003272727272727294,0.0,-0.000363636363636366
119,119,0.9709090909090909,0.9703976489268354,0.9429428317535544,0.995779028436019,2.5670918720207907,1.2426200617317262,1.9762082376023136,1.0992236272490787,0.9220121629950182,0.1505454545454546,0.022181818181818212,0.003272727272727294,3.3306690738754695e-17,-0.0014545454545454195,0.004000000000000026,0.0036363636363636598,0.000727272727272732,0.0,0.000363636363636366,0.0,0.0
120,120,0.9636363636363636,0.9631769787498375,0.9346899224806202,0.992170542635659,2.802025032984926,1.0524971423828282,1.845130875043059,1.4365137223723492,1.0520027572680255,0.15018181818181814,0.023999999999999987,0.011636363636363601,0.005818181818181789,0.000727272727272732,0.0065454545454544984,0.011636363636363601,0.011636363636363601,0.0036363636363636598,0.0036363636363636598,0.009454545454545405,0.0
121,121,0.96,0.9601455323702515,0.9384701621248707,0.9947395653673681,3.147115687921135,0.6676683646697317,1.938613262640159,0.5813512503068804,1.7804622612215002,0.07818181818181814,0.0032727272727272492,-1.1102230246251566e-17,-0.0010909090909091313,-0.0036363636363636598,-0.0036363636363636598,-0.0036363636363636598,0.0,-0.0018181818181818299,-0.000363636363636366,-0.0036363636363636598,-0.0036363636363636598
122,122,0.9818181818181818,0.9816197285860206,0.960700519524049,0.9981565275682922,2.94706639621017,0.8362484217758779,1.9244225562974286,0.9675131848880508,1.0660066809301278,0.12436363636363637,0.0061818181818181885,0.0,-0.0036363636363636598,0.0,0.003272727272727294,0.0,0.007272727272727308,-0.0036363636363636598,0.000363636363636366,-0.003272727272727294,0.0
123,123,0.96,0.960383808095952,0.9483039791258969,0.9946183953033269,2.661996060252264,0.9638213549475281,1.8554402151670226,2.0699406126132973,0.7117006317687578,0.13854545454545447,0.008727272727272695,-0.0007272727272727431,0.0021818181818181403,-0.0021818181818181958,0.0014545454545454195,0.0,-0.003272727272727294,0.0032727272727271937,-0.002909090909090928,-0.0025454545454545842,0.0010909090909090534
124,124,0.9490909090909091,0.9490909090909091,0.9235261401557286,0.9899888765294772,3.3521817017783118,0.29186915804728164,2.0819727302485425,1.6404106854056233,0.8930544392456563,0.1501818181818182,0.005090909090909102,0.003272727272727294,0.0025454545454545617,0.0036363636363636598,0.0036363636363636598,0.000727272727272732,0.003272727272727294,0.0010909090909090979,0.0,0.0018181818181818299,0.003272727272727294
125,125,0.9745454545454545,0.9750085120871638,0.9766666666666667,0.9971555555555556,3.272415774291338,0.10369276841675548,2.3955793252390665,0.7430577958212178,1.5514123245266813,0.0705454545454545,0.01236363636363631,0.0007272727272727098,0.013090909090909042,-0.0010909090909090979,-0.0007272727272727431,-0.0014545454545454861,0.0018181818181817744,0.0003636363636363549,-0.002909090909090928,0.0014545454545454195,-0.005818181818181856
126,126,0.9636363636363636,0.9639269706273498,0.9451174743024964,0.9953193832599119,3.4906415956574586,0.043812274399741336,2.199421544201411,1.1392523057046713,1.247113083145548,0.04254545454545454,0.0010909090909090758,-0.006909090909090953,-0.0036363636363636485,-0.008000000000000018,-0.005090909090909113,-0.0065454545454545765,-0.008727272727272728,-0.002909090909090928,-0.0043636363636363916,-0.00545454545454549,-0.0010909090909090979
127,127,0.9563636363636364,0.9554476895653367,0.9141718976339932,0.9939642684693385,3.3139768732863235,-0.058197598088532324,2.4377612459586713,1.429621441523732,0.5945826437459768,0.10000000000000005,0.002181818181818207,0.0,0.0003636363636363993,-0.002909090909090839,0.0,-0.0032727272727271937,-0.002909090909090839,-0.002545454545454484,-0.006545454545454477,0.0,0.0
128,128,0.96,0.9596063263198394,0.9304385825520419,0.994199904655967,3.103132197340538,0.22658859505012785,2.222622405372104,1.0201814715083635,1.4768410985710736,0.11927272727272724,0.011272727272727245,-0.000727272727272732,-0.002181818181818218,-0.002909090909090928,-0.0025454545454545617,0.0,-0.0036363636363636598,0.0,0.0,-0.0036363636363636598,0.0007272727272726986
129,129,0.9709090909090909,0.970491245962944,0.9409090909090909,0.9949586776859504,3.537807535932191,0.21386138450525038,2.506485006233402,0.7915609791174405,1.1094395415762288,0.12436363636363641,0.020000000000000018,0.0,-0.0014545454545454085,0.0,0.003272727272727294,0.0,0.0,0.0,0.0,0.0,0.0036363636363636598
130,130,0.9636363636363636,0.9629809725158561,0.931790955375861,0.9962563641808925,2.837508942512461,0.6275979141445873,1.9927601786544773,0.8309096326714881,1.7176770509340098,0.1229090909090909,0.005818181818181811,0.0,-0.0025454545454545617,-0.000727272727272732,0.0,0.0,0.000727272727272732,-0.000363636363636366,0.0,0.0,0.0
131,131,0.9709090909090909,0.9707298978485418,0.9513565891472868,0.9954263565891472,3.080673177503671,0.3753894307586586,2.220881455320518,-0.05077892651147777,2.3524148239191973,0.08763636363636368,0.0112727272727273,0.001818181818181841,0.005090909090909135,0.005818181818181856,0.005818181818181856,0.0036363636363636598,0.00909090909090915,0.001454545454545464,0.000363636363636366,0.0,0.000363636363636366
132,132,0.9781818181818182,0.977746842198897,0.9491525423728814,0.9973320778405523,2.806665752728474,0.2322809106030085,2.946141151863057,1.0912719805216555,1.0192802593118895,0.0527272727272727,0.023636363636363587,-0.0036363636363636598,0.007272727272727231,0.0,0.003272727272727294,0.0072727272727272085,-0.000727272727272732,0.000363636363636366,0.000363636363636366,-0.000727272727272732,0.0
133,133,0.9818181818181818,0.9816750831015985,0.9677454075774972,0.9972732491389208,2.678286948779025,1.274726150231512,2.1304646138217205,1.1482417717757214,0.6764420554422365,0.1687272727272727,0.019999999999999973,0.0021818181818181958,0.005818181818181822,-0.0010909090909090979,0.00545454545454549,0.002909090909090928,0.0025454545454545617,0.004727272727272758,0.000363636363636366,-0.000363636363636366,0.000363636363636366
134,134,0.9672727272727273,0.9671504647043841,0.942954467057606,0.9923249396343566,2.763736104769488,0.22264818329075384,3.027602666873262,1.5535704687597347,0.7739472005091691,0.1134545454545455,-1.1102230246251566e-17,-0.005090909090909079,0.0018181818181818299,-0.0029090909090909167,-0.0040000000000000036,-0.00436363636363637,-0.00436363636363637,-0.0029090909090909054,-0.0018181818181818188,-0.000363636363636366,-0.006181818181818144
135,135,0.9563636363636364,0.9559112657677251,0.931514634839443,0.9918300653594772,2.568441000119693,1.0150533523350824,2.1160315411487156,1.011941811907569,1.3655633983597724,0.1123636363636364,0.007272727272727331,0.0036363636363636598,0.0072727272727273196,0.008000000000000052,-0.006909090909090842,0.0036363636363636598,0.0036363636363636598,0.000363636363636366,0.0,0.0,0.0
136,136,0.9490909090909091,0.9487998568143956,0.9223569931117102,0.9902665468703205,2.7607175247729665,0.7532173952366725,2.6451088083189607,0.9837444134578359,0.893109609183192,0.11527272727272728,0.015272727272727271,0.000363636363636366,-0.0010909090909090979,0.0,-0.0010909090909090979,0.002909090909090928,-0.009818181818181804,0.002909090909090928,-0.0018181818181818299,-0.003272727272727294,-0.0018181818181818299
137,137,0.9636363636363636,0.9636363636363636,0.9485250074872715,0.9943845462713388,3.0652172293634607,0.2537205868942192,2.246510322868611,1.0952806454445638,1.3641686497332068,0.0658181818181818,-0.0021818181818181958,-0.002909090909090928,-0.000727272727272732,-0.006909090909090953,-0.006545454545454588,-0.007636363636363675,-0.004000000000000026,-0.007636363636363641,-0.009454545454545448,-0.004727272727272758,-0.000727272727272732
138,138,0.9636363636363636,0.9633819339701694,0.9363636363636363,0.9952892561983471,3.273997452122041,0.039932003021633966,2.470774919471688,1.4507479753263126,1.3480448166126358,0.10363636363636361,0.005090909090909068,-0.0072727272727273196,0.0,-0.00545454545454549,0.000727272727272732,-0.006909090909090953,-0.0072727272727273196,-0.0025454545454545617,-0.001454545454545464,-0.0010909090909090979,0.0025454545454545617
139,139,0.9527272727272728,0.9510213534465778,0.9008783886112373,0.9917461759806149,3.2691182465826483,0.5529074314957143,2.3764230477017607,1.4231056104117117,0.7690551331233111,0.10254545454545458,0.00545454545454549,0.010545454545454613,0.000363636363636366,0.0036363636363636598,0.0043636363636363916,0.0036363636363636598,0.0036363636363636598,0.003272727272727294,0.0021818181818181958,0.0,0.0
140,140,0.96,0.9595517039160747,0.9249532551419344,0.9925208227095019,2.8313239116027447,0.13729973710729176,2.2181241327162597,1.8039568454071253,1.1070055651100223,0.10545454545454543,0.012363636363636321,0.00036363636363633266,0.0032727272727272163,0.0,0.0021818181818181294,0.0032727272727271937,-0.000727272727272732,-0.0018181818181818299,-0.004000000000000026,-0.002545454545454595,0.0003636363636363438
141,141,0.9636363636363636,0.9630707070707071,0.9259658502932046,0.9943083822007589,3.254976351025761,0.654037469064109,1.9491307172415109,0.46866125531446684,1.8667055016849237,0.05272727272727272,0.010181818181818148,-0.004727272727272747,0.007999999999999985,-0.0025454545454545617,-0.003272727272727294,0.000363636363636366,0.000727272727272732,0.0,0.0,-0.000727272727272732,-0.002909090909090928
142,142,0.9527272727272728,0.9526032538395671,0.932615629984051,0.9913730607510511,3.759994728211158,0.02772638240394316,2.416692540665661,1.6511419727669787,0.7799930795408225,0.16327272727272732,0.0036363636363636485,0.003272727272727294,0.0025454545454545617,0.000727272727272732,0.004000000000000026,-0.0025454545454545617,0.0,0.001454545454545464,0.003272727272727294,0.0,0.000363636363636366
143,143,0.9672727272727273,0.9667623831134223,0.9379500536234104,0.9950972881875287,2.8140087772597795,0.4888829860330549,1.6729624384347448,1.3467697043869176,1.662870379392123,0.13745454545454544,0.01636363636363638,0.004000000000000026,0.005090909090909113,-0.0025454545454545617,0.002909090909090928,-0.0025454545454545287,0.0,0.0018181818181818299,-0.000727272727272732,-0.0032727272727272718,0.003272727272727294
144,144,0.96,0.9604861063699051,0.9420959313176558,0.9928144830160507,2.8589017638566085,0.6201843218619087,2.143746579036123,1.6657001080057812,1.0597018623070138,0.12436363636363637,-0.0014545454545454972,-0.00036363636363637706,-3.3306690738754695e-17,0.0036363636363635488,-0.0021818181818181958,0.0036363636363635488,0.0010909090909090647,-0.00036363636363637706,-0.002909090909090928,-0.0007272727272727431,0.0003636363636363438
145,145,0.9636363636363636,0.9627150565000508,0.9155555555555556,0.9945777777777778,3.1640982377177944,0.03738080530828363,2.1020133340606506,1.7400985589811448,1.0621452461756438,0.1116363636363636,0.0,0.002909090909090928,0.000363636363636366,0.0,-0.003272727272727294,-0.0036363636363636598,-0.003272727272727294,-0.0018181818181818299,-0.002909090909090928,0.0,0.0
146,146,0.9636363636363636,0.9633947103125186,0.9381941091260261,0.9948495090938355,3.055391284047684,0.3669893220870346,1.8802458288435322,1.6691707328144516,1.2507039427514421,0.12436363636363637,0.0003636363636363438,-0.0018181818181818188,0.0018181818181818078,-0.000363636363636366,-0.0072727272727273196,-0.0010909090909090979,-0.0025454545454545617,0.0010909090909090979,0.0010909090909090979,0.0,-0.000363636363636366
147,147,0.9781818181818182,0.9778842975206612,0.9538467728955415,0.9961371318203767,2.974201442194426,-0.38251540265658845,2.5691948690342756,1.7248044338550539,1.3621492848281433,0.1178181818181818,0.011272727272727235,0.0036363636363636598,0.002545454545454551,-0.0018181818181818299,0.001454545454545464,0.0,0.0036363636363636598,0.0010909090909090979,0.0,0.0,0.0
148,148,0.9636363636363636,0.964275666114183,0.9643254409661529,0.9972191323692992,3.5634541245933735,-0.14805167205277567,2.270493869798673,0.9276588417678385,1.525075335550719,0.12109090909090907,0.0021818181818181624,0.000363636363636366,0.0,0.000363636363636366,-0.0065454545454545765,-0.006909090909090943,-0.000727272727272732,-0.0010909090909090979,-0.0018181818181818299,-0.000363636363636366,0.0
149,149,0.9745454545454545,0.9746715419200649,0.9548676255993329,0.9965603502188868,3.1316936234942725,0.026523889085217762,2.607924781723076,1.4433364442289953,1.0349299693622602,0.07672727272727269,-0.002909090909090939,-0.002909090909090928,-2.2204460492503132e-17,-0.000363636363636366,0.0018181818181817633,0.0014545454545453972,-1.1102230246251566e-17,0.0,-0.003272727272727294,-0.0043636363636363916,0.0
150,150,0.9454545454545454,0.9441359863378211,0.8959558239313523,0.988479262672811,3.1360422052489176,0.34423671547086565,1.838321541395263,2.152285864748116,0.8113323300972719,0.14254545454545453,-0.004727272727272747,-0.006909090909090953,-0.0018181818181818299,-0.001454545454545464,-0.003272727272727294,-0.0061818181818182215,-0.002909090909090928,-0.0043636363636363916,-0.0072727272727273196,-0.0043636363636363916,-0.002909090909090928
151,151,0.9672727272727273,0.9668750038791686,0.9333333333333333,0.9941333333333334,2.848987201647597,0.5202740920505065,2.2421285859867877,1.2140075108346173,1.3448991116550233,0.10290909090909092,0.013818181818181818,-0.000727272727272732,0.004000000000000026,0.004000000000000026,-0.0018181818181818188,0.0,-0.0018181818181818299,-0.000363636363636366,-0.0032727272727272492,0.0,-0.000363636363636366
152,152,0.9672727272727273,0.9675867520785063,0.9595156555772995,0.9958414872798435,2.892101931445474,0.5789242594531873,1.6005033260934853,1.3686601304086896,1.5557938773024174,0.12145454545454548,0.04109090909090911,-0.0010909090909090979,0.00872727272727274,-0.000727272727272732,-0.0040000000000000036,-0.002909090909090928,0.0043636363636363916,0.004000000000000026,-0.005454545454545434,-0.0010909090909090979,0.000727272727272732
153,153,0.9454545454545454,0.9456204502471733,0.9221594475831764,0.9875235404896422,3.4209048156213,0.30192863696770605,2.191366132394977,0.8048230247565115,1.52626580736595,0.0967272727272727,0.0036363636363636264,-0.008727272727272783,-0.004000000000000026,-0.005818181818181856,-0.0036363636363636598,-0.0072727272727273196,-0.000727272727272732,0.000363636363636366,0.0,-0.000727272727272732,-0.003272727272727294
154,154,0.9636363636363636,0.9638548273431994,0.9522128060263653,0.9948210922787194,2.396845979911187,0.5621296154166556,2.1584747133644027,1.6317478463216184,1.2517669857954912,0.12254545454545454,0.009818181818181804,0.0036363636363636598,0.007999999999999962,0.000363636363636366,0.000363636363636366,-0.002909090909090928,0.0029090909090909054,-0.005090909090909123,-0.0025454545454545617,-0.003272727272727294,-0.000363636363636366
155,155,0.96,0.9594066539521086,0.9294324648098233,0.9929619646600778,2.94527594122777,0.6162277252456461,2.3864228849415188,1.5724259637233537,0.7522684948914905,0.14509090909090908,0.006181818181818133,0.0003636363636363549,-0.0032727272727273047,0.0,-0.003272727272727294,-0.000363636363636366,-0.001454545454545475,0.002909090909090839,0.0003636363636363549,-0.0036363636363636598,0.0
156,156,0.9709090909090909,0.9706828282828284,0.9442839635854342,0.9960609243697479,2.3855734881718273,0.506354633119811,2.16051074554529,1.1811561269438342,1.8254416042058486,0.09090909090909094,0.007636363636363675,-0.002545454545454484,0.008363636363636406,-0.0003636363636363549,0.0,0.000363636363636366,-0.0036363636363635488,-0.002545454545454484,0.000727272727272732,0.0,0.0
157,157,0.9709090909090909,0.9709090909090909,0.9583522641223685,0.9937907011964259,3.4246862353716803,0.5752598636372979,1.876084414402296,0.6885794922786981,1.559170080232421,0.11818181818181821,0.010909090909090946,0.0010909090909091202,0.009454545454545493,0.0,0.000363636363636366,0.0036363636363636598,-0.00036363636363633266,0.000363636363636366,0.0,0.000363636363636366,0.000363636363636366
158,158,0.9527272727272728,0.9528640838037079,0.9344645319442317,0.9918032786885246,3.456373315962828,0.41253659817458116,2.248817284791636,1.2663986391999558,0.9016588921898923,0.1141818181818182,0.005090909090909123,-0.000363636363636366,0.000727272727272732,0.0036363636363636598,0.0,-0.004000000000000015,0.0,0.000727272727272732,-0.000727272727272732,-0.0025454545454545617,0.0018181818181818299
159,159,0.96,0.9604861063699051,0.9420959313176558,0.996080627099664,2.609150276245467,0.2651479677073306,2.4794491300256385,1.4824339177623942,1.0417526142627274,0.04727272727272723,-0.01309090909090912,-0.002909090909090928,0.0010909090909090647,-0.001454545454545475,-0.006545454545454588,-0.006545454545454588,-0.002909090909090928,-0.0036363636363636598,-0.0025454545454545617,-0.0025454545454545617,-0.001454545454545464
160,160,0.9636363636363636,0.9633819339701694,0.9363636363636363,0.9915702479338844,3.3926811459638975,0.22196608231039094,2.5137602478208496,0.7403224589935254,1.0854184232982225,0.07127272727272728,0.0065454545454545435,0.0,-1.1102230246251566e-17,0.0,0.0,0.0,0.0,0.0,0.0,0.0,0.0
161,161,0.9854545454545455,0.9853444104914694,0.9689116936874784,0.9977578475336323,3.911629804005567,0.0320119165408006,2.246165238643487,0.2890032346556018,1.4167242006644094,0.0661818181818182,0.014545454545454573,0.004000000000000026,0.012727272727272743,0.0,0.0,0.0025454545454545617,0.0036363636363636598,0.0,0.000363636363636366,0.0,0.0
162,162,0.9672727272727273,0.9671597079198653,0.9454545454545454,0.9945454545454546,2.9693817999303325,0.4129868492835945,2.4613163072554407,0.6860638785081261,1.5130785830361508,0.06690909090909093,0.009090909090909094,0.0018181818181818299,0.006545454545454554,0.002909090909090928,-0.010545454545454502,0.0036363636363636598,-0.003272727272727294,0.003272727272727294,0.002909090909090928,-0.000363636363636366,0.0036363636363636598
163,163,0.9563636363636364,0.9560418953244065,0.9227010028896822,0.9913309535951046,3.537879003901784,0.8554112398377441,1.2851310534045952,0.846034024279455,1.2598276632319028,0.09600000000000006,0.006545454545454588,0.006545454545454588,0.0003636363636363993,-0.0021818181818181294,-0.0018181818181817854,0.001454545454545464,-0.0003636363636363549,0.002909090909090928,-0.0007272727272727098,-0.00036363636363633266,-0.0036363636363635488
164,164,0.96,0.9598544676297485,0.9321349651538331,0.9919258881523032,3.4577536613206257,0.5131748998649839,2.224338806764596,0.36269412751453833,1.3143831860224213,0.0756363636363636,0.003272727272727227,-1.1102230246251566e-17,-4.4408920985006264e-17,0.0007272727272727098,0.0,-0.003272727272727294,0.0,0.0003636363636363549,0.0,0.0003636363636363549,0.0
165,165,0.9490909090909091,0.9494044969468698,0.9298426823454633,0.991339583664389,3.428284852417257,0.31728092365123023,2.120235174677345,1.0230518145869598,1.3724109400775315,0.10800000000000001,0.0014545454545454527,0.003272727272727294,-0.005454545454545467,-0.005818181818181856,-0.0036363636363636598,-0.0018181818181818299,-0.0036363636363636598,-0.0021818181818181958,-0.0010909090909090979,0.0010909090909090979,-0.0025454545454545617
166,166,0.9636363636363636,0.9636363636363636,0.9473341504519688,0.9951738930595986,4.347991220040967,-0.026499735115926723,2.3939567981257914,-0.1350286403159588,1.3908441293182412,0.07018181818181819,0.010909090909090879,-0.00618181818181821,-0.000727272727272732,0.0,-0.0065454545454545765,-0.004727272727272758,-0.002909090909090928,0.0,-0.0036363636363636598,0.0,-0.005818181818181856
167,167,0.9527272727272728,0.9517929411764705,0.9170653907496014,0.9896331738437002,2.770410370104453,0.6571988909539623,2.4803092721293933,0.4194230068975536,1.8472525899187908,0.09090909090909093,0.02581818181818186,0.0010909090909090979,0.0010909090909090979,-0.002181818181818185,0.0,0.0,-0.0029090909090909167,0.000727272727272732,0.0021818181818181958,0.004727272727272758,-0.004000000000000015
168,168,0.9418181818181818,0.9405969194204489,0.8920408820215677,0.9921133107999356,3.0255433565731207,-0.028311867157632238,2.328689701054436,1.3271890484812752,1.4771332172106855,0.10909090909090904,-0.002545454545454573,-0.0025454545454545617,-0.005090909090909123,-0.004000000000000026,-1.1102230246251566e-17,0.0,-0.0010909090909091202,-0.008000000000000052,-0.002909090909090928,-0.002909090909090928,-0.0036363636363636598
169,169,0.9672727272727273,0.9668960125411206,0.9355812349085891,0.9915488099344602,2.603511743489106,0.6990296464129387,2.3522866544008747,1.601435335100116,0.9454157511647018,0.13600000000000004,0.012363636363636354,0.000363636363636366,0.0036363636363636598,-0.000363636363636366,0.0010909090909090979,0.000727272727272732,0.000363636363636366,0.0018181818181818299,-0.0018181818181818299,-0.002909090909090928,0.000727272727272732
170,170,0.96,0.9592116284799211,0.9163504656778199,0.9950845119006555,3.4834722484827108,-0.18267571183145917,2.373020708893592,1.1467541392838807,1.285829564076488,0.06436363636363632,0.005818181818181745,-0.0072727272727273196,-0.002545454545454573,-0.0036363636363636598,-0.0072727272727273196,-0.006545454545454588,-0.006545454545454588,-0.0025454545454545617,-0.0018181818181818299,-0.003272727272727294,-0.0072727272727273196
171,171,0.9709090909090909,0.971107438016529,0.960910005027652,0.9947209653092006,2.628651696734899,0.08621545478766449,2.0699526565927684,1.8165560105940157,1.462242169218822,0.14290909090909096,0.013454545454545474,0.001454545454545464,0.005090909090909123,0.0036363636363636598,0.0036363636363636598,0.003272727272727294,0.000363636363636366,0.001454545454545464,0.0036363636363636598,0.000727272727272732,-0.0003636363636363549
172,172,0.96,0.9590814280796258,0.9203488372093023,0.9951937984496124,2.7388071188065566,0.9036787849020935,2.188983190567253,1.0527659683971073,1.132072134825726,0.11018181818181816,0.010545454545454502,0.0,-0.00545454545454549,-0.0036363636363636598,-0.000363636363636366,-0.000363636363636366,0.0,-0.0010909090909090979,-0.0036363636363636598,0.0,-0.004000000000000026
173,173,0.96,0.9596063263198394,0.9304385825520419,0.99467662482123,3.199827807601789,0.6573182402614214,2.465021584316149,1.2821282724081422,0.7717114226489853,0.11018181818181816,0.004727272727272691,-0.0043636363636363916,-0.0025454545454545617,-0.000727272727272732,-0.006545454545454588,-0.000363636363636366,-0.0036363636363636598,0.0032727272727271937,0.003272727272727205,-0.006545454545454588,0.0021818181818181403
174,174,0.9636363636363636,0.962964389659305,0.9307890352869908,0.9934120854157201,3.0444609429397804,0.8217744213428709,2.899671093325283,1.381404204825001,0.11786157238133027,0.10290909090909092,0.009818181818181814,-0.000363636363636366,0.0032727272727272605,-0.000363636363636366,0.0,0.0,0.0003636363636363549,-0.000363636363636366,0.003272727272727294,0.000363636363636366,-0.000363636363636366
175,175,0.9709090909090909,0.9699532772660526,0.9230769230769231,0.9977578475336323,2.94874315854302,0.09799421492170325,2.5554387186363647,1.745545162910755,0.7357903760511214,0.08436363636363639,0.00800000000000004,0.004000000000000026,0.002181818181818218,-0.0018181818181817744,-0.0003636363636363549,0.0,-0.003272727272727205,-0.0003636363636363438,-0.00363636363636356,0.00036363636363637706,0.0
176,176,0.9672727272727273,0.9671680523374677,0.9476799618623868,0.9946766248212299,2.202083389680679,0.4734976988334448,1.9036113460392454,2.0952906733028436,1.3906974800661989,0.12472727272727276,0.026909090909090928,0.0,0.0025454545454545617,0.0018181818181818299,0.0018181818181818299,0.0036363636363636598,0.0,0.0021818181818181958,0.001454545454545464,0.0021818181818181958,0.004727272727272758
177,177,0.9563636363636364,0.9560242424242426,0.9202118347338936,0.9936099439775911,3.087497088043863,0.3387409183476825,2.6252012688432025,1.1156338745176282,1.1925062736371967,0.06436363636363641,0.0003636363636363993,0.0036363636363636598,-0.0018181818181817744,-0.0003636363636363549,0.0,0.0,0.0010909090909090979,0.000363636363636366,0.0,0.002909090909090928,0.0010909090909090979
178,178,0.9563636363636364,0.9560149079744528,0.9188888888888889,0.9896,2.960305653358535,0.4437483171243461,2.1107098199953302,0.9766755323444049,1.6464758144085088,0.11527272727272733,0.004727272727272769,-0.00363636363636356,0.002909090909090939,0.00036363636363637706,-0.002909090909090839,-0.0036363636363635488,-0.0039999999999999255,-0.004727272727272647,-0.0043636363636362805,-0.0018181818181817854,-0.0032727272727271937
179,179,0.9672727272727273,0.9664370786758847,0.9142943063352045,0.9903769045709703,3.135685652526916,0.20423769668104583,2.027309610805096,1.5742411425110803,1.3748265769424504,0.09127272727272727,0.005454545454545478,0.0,0.000727272727272732,-0.0010909090909090979,0.000727272727272732,0.0,0.0,0.0,0.0,0.0,0.0
180,180,0.9636363636363636,0.9638975167277055,0.9480855467402554,0.9950845119006554,3.468132006602261,0.32189193690369516,1.9987496713755175,0.9635596075936211,1.3919122678024838,0.11236363636363636,0.0021818181818181624,-0.003272727272727294,-0.002909090909090928,-0.0036363636363636598,-0.0036363636363636598,-0.006545454545454588,-0.0036363636363636598,-0.0025454545454545617,-0.0010909090909090979,-0.0043636363636363916,-0.0036363636363636598
181,181,0.9745454545454545,0.9742274567537726,0.9445548130756727,0.9971103485642044,3.746205826235972,-0.40984935754515534,2.2887410194091045,0.6057880095206221,1.6651736754405264,0.04072727272727267,0.003636363636363593,-0.009818181818181882,0.0003636363636363105,-0.0043636363636363916,-0.009454545454545516,-0.00545454545454549,-0.006909090909090953,0.0021818181818181403,0.0,-0.0036363636363636598,-0.008727272727272783
182,182,0.9563636363636364,0.9557028265851796,0.9155192928777834,0.9917559068502465,2.575144834944005,0.52752549517571,2.0248178337647422,0.8843499924624307,2.0472178845207702,0.10654545454545461,0.005454545454545501,-0.007636363636363575,0.003636363636363682,-0.0003636363636363105,-0.002545454545454484,-0.0010909090909090534,0.0007272727272727431,-0.00036363636363632155,-0.004727272727272647,-0.005818181818181745,-0.00618181818181811
183,183,0.96,0.9592528398601247,0.9191385956091839,0.9909502262443439,3.3635914666983457,0.484954111578941,2.0207521137772364,0.7447251535409868,1.4430343977217195,0.11999999999999997,0.011636363636363611,0.0,0.003999999999999948,0.0003636363636363438,0.0036363636363635488,0.0032727272727271937,0.0032727272727271937,0.0036363636363635488,0.002545454545454484,-0.0018181818181818299,0.0
184,184,0.9636363636363636,0.9639269706273498,0.9451174743024964,0.9955947136563876,2.98778050521845,0.20073881899356186,1.9624224926210245,1.3171740115975739,1.5124625290467846,0.09309090909090907,0.0003636363636363438,-0.009090909090909094,-0.005090909090909113,-0.002909090909090928,-0.006909090909090953,-0.0072727272727273196,-0.006909090909090953,-0.006545454545454565,-0.005454545454545478,-0.003272727272727294,-0.001454545454545464
185,185,0.9563636363636364,0.9555964733902531,0.9225784952606635,0.9914099526066351,3.2664641984434213,0.5292850259803145,1.8421064874743536,1.5515086556695317,0.8590093880673509,0.1298181818181819,0.00545454545454549,0.000727272727272732,-0.0014545454545454195,0.0,0.0,0.0,0.0036363636363636598,0.0010909090909091202,-0.0003636363636363549,-0.0007272727272727098,0.0
186,186,0.9672727272727273,0.967162581923402,0.9462247227658187,0.9963307240704501,2.7912300040177693,0.46253571994187154,2.8061450392627023,1.2107670904861816,0.8455945897472137,0.06327272727272729,0.005454545454545457,-0.003272727272727294,0.0043636363636363916,-0.000363636363636366,-0.000363636363636366,-0.003272727272727294,-0.0036363636363636598,0.0,0.0,0.0,0.0
187,187,0.9672727272727273,0.9676931665778986,0.9536231884057971,0.9942995169082125,3.323280744336437,-0.1443163516685075,2.443531133536192,1.5081866979420768,1.0538579448608263,0.08763636363636365,-0.00036363636363633266,0.0036363636363636598,0.000363636363636366,0.0,0.000727272727272732,0.0,0.003272727272727294,0.0021818181818181958,0.0025454545454545617,0.0025454545454545617,0.0036363636363636598
188,188,0.96,0.9595122037433061,0.9363090306545154,0.9951670809168738,3.0177110114074197,0.6175551605534184,2.2942894581975524,1.241970107924306,0.8505963220896728,0.1825454545454545,0.010181818181818148,0.0003636363636363438,0.003272727272727227,0.0010909090909090647,0.0,-0.000363636363636366,0.0,0.0,0.002909090909090839,0.0003636363636363549,0.0021818181818181294
189,189,0.9636363636363636,0.9628320110382891,0.9227272727272727,0.9952892561983471,2.9422866758854833,0.5045498851826242,2.3194259590705992,1.743990000170659,0.6005507067156339,0.0658181818181818,0.004727272727272702,0.000363636363636366,0.0010909090909090868,-0.000363636363636366,0.000727272727272732,-0.000363636363636366,0.0036363636363636598,-0.001454545454545464,-0.0010909090909090979,0.000727272727272732,0.001454545454545464
190,190,0.9527272727272728,0.9523065364387678,0.923746781765864,0.993866424352567,2.8364117500121107,0.004068215365194852,2.3854363812253063,1.7666347252071188,1.101737101946126,0.14218181818181821,0.005818181818181845,-0.005818181818181778,-0.00036363636363633266,-0.000363636363636366,-0.0025454545454545617,-0.000363636363636366,-0.0036363636363636485,-0.005454545454545434,-0.006545454545454521,-0.004727272727272724,-0.0025454545454545617
191,191,0.9490909090909091,0.9480759651307595,0.9059949780288763,0.9942718141870684,3.9277426706799754,-0.0570780719580016,2.306438810621185,0.4101838818823373,1.599216742653416,0.08109090909090907,0.008363636363636361,-0.006909090909090953,-0.001454545454545464,-0.0036363636363636598,0.0,-0.002909090909090928,0.0,-0.0021818181818181958,-0.0036363636363636598,-0.0036363636363636598,0.0
192,192,0.96,0.9612334506452153,0.9568771714694462,0.9941753525444512,3.068952919025269,0.5665901583813812,2.0282899041589166,0.9402519624856955,1.5234091317496832,0.09199999999999996,0.0021818181818181403,-0.0007272727272727541,-0.0014545454545454861,-0.0061818181818182215,-0.00545454545454549,-0.0072727272727273196,-0.001090909090909109,-0.0043636363636363916,0.0007272727272726986,0.0021818181818181294,-0.000363636363636366
193,193,0.9672727272727273,0.966644869386716,0.9294577596464388,0.9964303926568078,2.8769672830186694,-0.015661768867162695,2.252995916978774,1.0115928401993988,1.7941758936895227,0.09527272727272727,0.007272727272727297,-0.0018181818181818299,0.004727272727272747,0.001454545454545464,-0.000727272727272732,-0.0021818181818181958,-0.0032727272727272826,0.0036363636363636598,-0.001454545454545464,0.000727272727272732,0.000363636363636366
194,194,0.9381818181818182,0.9379446274248806,0.89390756302521,0.9879201680672269,2.993929231725621,0.7166210294907772,2.4839424331624715,0.8152971766035179,1.3300391260648254,0.08000000000000004,-0.0018181818181817744,-0.014909090909090894,-0.009818181818181781,-0.008363636363636306,-0.008727272727272672,-0.013090909090909065,-0.020727272727272684,-0.0039999999999999255,-0.00618181818181811,-0.005818181818181745,-0.006545454545454477
195,195,0.9745454545454545,0.9746431213277231,0.961111111111111,0.9949333333333333,3.6327519244320454,0.5186032329669549,2.280522639370245,0.6296363508405606,1.0026888719241103,0.08799999999999994,0.005454545454545412,-0.003272727272727294,-0.0025454545454545842,0.0007272727272727098,-0.003272727272727294,0.0,-0.0025454545454545617,-0.000727272727272732,-0.001090909090909109,0.0,0.0
196,196,0.9527272727272728,0.9522736813411475,0.9206293157564345,0.9916038920276209,3.5665166614852124,1.148150720702633,2.1518755186826977,0.8148332915890892,0.516219942173834,0.09454545454545457,0.006545454545454565,-0.0021818181818181958,0.005090909090909113,-0.007272727272727231,0.0,0.000727272727272732,-0.0032727272727272605,0.0010909090909090979,-0.010909090909090868,-0.0040000000000000036,-0.0036363636363636598
197,197,0.9454545454545454,0.9434102739365897,0.8778889272162815,0.989047947568127,3.0650975186422333,0.45603992079214906,2.2429127804267606,1.591260447044752,0.9040261600108394,0.12036363636363637,0.011272727272727235,0.002909090909090928,0.0036363636363636485,-0.000363636363636366,0.003272727272727294,0.0069090909090908535,-0.000363636363636366,0.001454545454545464,0.003272727272727294,0.0025454545454545617,-0.000363636363636366
198,198,0.96,0.9595269770879528,0.9224439775910365,0.9929096638655461,2.6372683169123197,0.32794224847246856,2.195470894184144,1.4248381614606933,1.6853708774220058,0.1003636363636363,0.00654545454545451,-0.000363636363636366,-0.004000000000000026,-0.0036363636363636598,-0.001454545454545464,-0.003272727272727294,0.0,-0.0043636363636363916,-0.004727272727272758,-0.003272727272727294,-0.0036363636363636598
199,199,0.9636363636363636,0.9638719400670148,0.9505870841487281,0.9959230267449446,3.0678832688937354,0.5568468204351203,1.8435395634786371,1.7712216880170573,0.9902829539555247,0.13345454545454544,-0.003999999999999992,-0.001454545454545464,-0.000363636363636366,0.000363636363636366,-0.0021818181818181958,-0.001454545454545464,-0.0036363636363636598,-0.001454545454545464,-0.0036363636363636598,-0.000363636363636366,-0.0021818181818181958
200,200,0.9672727272727273,0.9670022388400676,0.9467032967032967,0.993919413919414,2.742101922938896,0.25637715994583493,2.16647836705857,1.649521927330834,1.487711039318254,0.14181818181818184,0.012727272727272731,0.0010909090909090979,-0.0010909090909090758,-0.000363636363636366,0.0036363636363636598,0.0043636363636363916,-0.0040000000000000036,-0.002181818181818185,0.000727272727272732,0.000363636363636366,0.0
201,201,0.9709090909090909,0.9701922306768122,0.9291404061624651,0.9954481792717087,3.412863412661434,0.27334693887069766,2.200722446623669,1.3979306456262464,1.0589835771499772,0.1287272727272728,0.00800000000000003,0.0,-0.0014545454545454085,0.0,0.0,0.0,-0.002909090909090839,0.0,0.000727272727272732,0.000363636363636366,0.0
202,202,0.9672727272727273,0.9662555530969685,0.923728813559322,0.9951349654739485,2.6535101442913334,1.1181462795501573,2.3723738263920775,0.3119097473880896,1.458397158226068,0.06436363636363637,0.026909090909090917,-0.0036363636363636485,0.004727272727272735,0.001454545454545464,-0.000363636363636366,-0.00436363636363637,-0.005090909090909079,-0.0036363636363636485,-0.001454545454545464,-0.010545454545454502,-0.0032727272727272718
203,203,0.9818181818181818,0.9817502581691023,0.9666695412211107,0.995256985167299,2.766206606537224,0.7347319325020765,2.1970694482617645,0.9929031797165467,1.107026078440979,0.07890909090909091,0.006545454545454565,0.004000000000000026,0.005090909090909102,0.0,-0.001454545454545464,-0.0036363636363636598,0.00436363636363638,-0.000363636363636366,0.0,-0.002909090909090928,0.0
204,204,0.9709090909090909,0.9710674278328307,0.9643980233602875,0.9957322551662174,2.8119684435819234,0.3817579908667586,1.9727263021807364,1.5065471294679051,1.5450901975639815,0.14218181818181821,0.014545454545454573,-0.0003636363636363549,0.002181818181818207,0.0,0.000727272727272732,0.0,0.002909090909090928,0.0,-0.0007272727272726875,0.0,0.001454545454545464
205,205,0.9709090909090909,0.9709090909090909,0.9539131892073068,0.993547846489023,2.6437007585790564,0.8349773197913366,2.37860387933562,1.2886460489402418,0.9515011354113607,0.13090909090909092,0.007272727272727308,0.0,0.0072727272727273196,-0.0003636363636363549,0.000363636363636366,0.0,-0.002909090909090839,0.000727272727272732,-0.0021818181818181294,0.0036363636363636598,0.006909090909090953
206,206,0.9781818181818182,0.9778424242424242,0.9496809244567093,0.997412901000345,2.8227129890654226,0.20051487911984475,2.052420327891138,1.3506760560038733,1.5255128315554578,0.11709090909090909,0.0025454545454545396,0.003272727272727294,0.0,-0.001454545454545464,0.0,0.0,0.003272727272727294,-0.000363636363636366,0.0,-0.000363636363636366,0.0
207,207,0.9527272727272728,0.9522736813411475,0.9206293157564345,0.9901914626490897,3.3468485497809564,-0.11920294724366404,2.236424271031821,1.1018028582037567,1.8024044219753013,0.15454545454545457,0.003272727272727294,0.0036363636363636598,-0.004363636363636336,0.0,0.003272727272727294,0.0036363636363636598,-0.0010909090909090979,0.001454545454545464,0.000363636363636366,0.0,0.0072727272727273196
208,208,0.9490909090909091,0.9490909090909091,0.9262678106327562,0.9921863030488739,3.3276968948679655,0.7895180381733944,2.079589164788007,0.9814415139027876,1.1471359202975224,0.12327272727272728,0.011272727272727268,-0.005454545454545478,-0.007272727272727264,0.0010909090909090979,-0.000363636363636366,-0.0043636363636363916,-0.012363636363636332,-0.003272727272727294,-0.0061818181818182,-0.0036363636363636598,-0.0025454545454545617
209,209,0.9454545454545454,0.9447731216152269,0.8948889290229366,0.9893444103305038,2.529630967561778,0.6664631392886367,2.4781679689526164,1.3734654223069418,1.1359582510120199,0.10654545454545454,0.003999999999999981,0.0032727272727272826,0.0,-0.000727272727272732,-0.0061818181818182215,-0.005818181818181856,-0.00545454545454549,-0.000363636363636366,-0.0018181818181818299,-0.004727272727272758,-0.00436363636363638
210,210,0.9672727272727273,0.967147155695525,0.9420518207282913,0.9940476190476191,3.0072694180965547,0.7134741759496702,2.242266126479351,1.0894713569155958,1.2423195194498031,0.09381818181818183,0.007272727272727264,0.0,0.002909090909090928,0.0,0.0,0.0,0.0,0.0,0.0,0.0,0.0
211,211,0.9709090909090909,0.9711180133821641,0.9599430838220075,0.9974991376336667,3.1860087672157538,0.5800399599268288,2.264430794225365,0.2673669925330024,1.8336251571641073,0.07345454545454548,0.012363636363636387,0.006545454545454588,-0.002909090909090861,-0.0018181818181817744,-0.0014545454545454195,-0.002909090909090839,0.0032727272727273047,0.0043636363636363916,-0.003272727272727205,-0.005090909090909024,-0.007636363636363575
212,212,0.9709090909090909,0.9706701374983314,0.9423424236951418,0.9925049665884053,3.4740261648511894,0.39409288787549673,2.170962977807176,0.762891511233935,1.1721642688897134,0.09890909090909093,0.0181818181818182,0.006909090909090953,0.007272727272727297,-0.0003636363636363549,0.0,0.003272727272727294,0.0036363636363636598,0.004727272727272758,-0.0003636363636363549,0.004000000000000026,0.000363636363636366
213,213,0.96,0.9601762072350307,0.9314009661835749,0.9932367149758454,3.284023966284321,0.2425909565631802,2.466998125391386,1.0089882986957832,1.1760499360440178,0.0825454545454545,0.00472727272727268,0.002545454545454484,0.003272727272727205,0.0025454545454544953,0.004727272727272658,0.0,0.0032727272727271937,-0.0010909090909090979,0.0,0.0010909090909090647,0.002909090909090839
214,214,0.9636363636363636,0.9632405213270142,0.9397926634768741,0.9909380890242134,2.9447703045301017,0.24630288868339156,2.3857434661363257,1.3810728826404195,0.925167457568173,0.14181818181818184,0.011272727272727257,0.0,0.000727272727272732,0.0,0.000363636363636366,0.0025454545454545617,0.0,0.000363636363636366,-0.004000000000000026,0.0,0.0
215,215,0.9490909090909091,0.9472093819551446,0.8976190476190476,0.9917948717948718,2.495637159671048,0.5964717149831407,3.0903489431664,1.096327597779168,1.2404168119158268,0.1101818181818182,0.016727272727272736,0.0,0.0021818181818181958,0.0,-0.0010909090909090979,0.002909090909090928,0.0,0.0,-0.000363636363636366,0.0,0.0036363636363636598
216,216,0.9672727272727273,0.9668960125411206,0.9355812349085891,0.9960331148671956,3.763982174588418,0.14782246512976077,2.328122926711152,0.6952066341747257,1.1762775962669076,0.10036363636363635,0.007272727272727287,0.002909090909090928,0.0007272727272727431,-0.0018181818181818299,0.000363636363636366,-0.000363636363636366,0.001454545454545464,-0.0021818181818181958,-0.005454545454545423,-0.000363636363636366,-0.000363636363636366
217,217,0.9672727272727273,0.9674128737077843,0.9456047085627491,0.9963926333776343,2.884903817145128,0.16958390406578155,2.2724838267349483,1.1488228397245117,1.6026534663124257,0.07999999999999999,0.005454545454545457,-0.003272727272727294,0.0,0.0,-0.003272727272727294,-0.001454545454545464,-0.00436363636363637,-0.0018181818181818188,-0.0036363636363636598,-0.000363636363636366,-0.0036363636363636598
218,218,0.9745454545454545,0.9744503614367431,0.9548120041393584,0.9956881683339083,3.00679493009112,0.35389348972271695,2.376996394671498,0.6549401215356553,1.6146677293343692,0.1065454545454545,0.00472727272727268,-0.0036363636363636598,0.0032727272727272163,0.0003636363636363549,-0.000363636363636366,0.0,0.0003636363636363549,0.0,-0.0036363636363636598,0.0,-0.003272727272727294
219,219,0.9709090909090909,0.9715041322314049,0.9746895481200414,0.9975853742669886,3.97116907896979,0.0950816198655042,1.6491526130309864,1.1877603356842326,0.9827704171063628,0.14872727272727276,-0.0018181818181817854,-0.003999999999999915,0.003272727272727294,-0.0036363636363635488,-0.0036363636363635488,-0.005090909090909012,-0.0036363636363635488,-0.0014545454545454195,-0.0021818181818181294,-0.006545454545454477,-0.006545454545454477
220,220,0.96,0.9598783364854061,0.9383720930232557,0.9911627906976744,2.5848310762036664,1.1224891340619332,1.7525262526314245,1.28595343401922,1.6384577201977304,0.13018181818181812,0.02545454545454543,0.0,0.00727272727272722,-0.000363636363636366,0.0003636363636363438,0.0047272727272726685,0.0,0.0032727272727271937,0.0,0.0,0.0
221,221,0.9672727272727273,0.9675366714708261,0.9620395327942497,0.9982030548068284,2.905615598319144,0.5146687271726456,1.7548481251648322,1.2866412320898375,1.4257210869610586,0.14290909090909093,-0.0007272727272727098,0.0,-0.002545454545454551,-0.0036363636363636598,-0.009454545454545405,-0.009090909090909038,-0.000363636363636366,-0.0010909090909090979,-0.0010909090909090868,-0.0021818181818181958,-0.009818181818181771
222,222,0.9636363636363636,0.9631994362226919,0.9365061335756475,0.9968196274420718,2.70084840788537,0.6246275148302785,2.225325410602233,1.5296887757172983,0.8927502326416127,0.12981818181818178,1.1102230246251566e-17,0.0036363636363636598,-0.0018181818181818299,0.0,-0.001454545454545464,-0.003272727272727294,0.0,0.0,-0.002909090909090928,0.0,0.0
223,223,0.9490909090909091,0.9480972818311872,0.8869047619047619,0.9887839433293979,2.356541083799627,0.9481828134163972,2.4125874539568946,1.0850752125353076,1.3006095343970507,0.01636363636363637,0.011272727272727278,-0.0036363636363636598,0.0029090909090909054,-0.0010909090909090979,-0.000363636363636366,-0.000363636363636366,-0.0036363636363636598,-0.00618181818181821,-0.003272727272727294,-0.003272727272727294,-0.000363636363636366
224,224,0.9563636363636364,0.9547906976744186,0.9090909090909092,0.997027693199942,2.4782267780439664,0.8637559852242431,2.34166303718139,0.034651852167356445,2.2843857356192587,0.0916363636363637,0.013454545454545507,-0.0007272727272727098,-0.0010909090909090313,0.0,0.0,-0.0007272727272727098,0.0,-0.002545454545454484,-0.0010909090909090647,-0.0010909090909090647,0.002909090909090928
225,225,0.96,0.9596063263198394,0.9304385825520419,0.9934848244080725,2.5800602750263426,0.8532630368935051,2.2094192434908178,0.8012442940537519,1.669717364325578,0.046909090909090866,0.013818181818181775,0.0007272727272726986,0.012727272727272688,-0.008727272727272783,-0.004000000000000026,-0.003272727272727294,-0.0032727272727273047,-0.002181818181818207,0.0014545454545454195,0.0007272727272727098,-0.0061818181818182215
226,226,0.9636363636363636,0.9628320110382891,0.9227272727272727,0.9917355371900826,2.5797242595392236,0.5167266342387837,2.3609508720346164,1.6655704627167724,0.8341238362560677,0.12763636363636363,0.008727272727272684,0.005454545454545445,0.0025454545454545287,-0.000363636363636366,0.0018181818181818299,0.0,0.0065454545454544984,0.000363636363636366,0.0,0.000363636363636366,-0.003272727272727294
227,227,0.9527272727272728,0.9519518548724113,0.9144695543000627,0.9934871311989957,3.0260800589978305,0.4834142955433662,2.613293307688041,0.2593613025791608,1.7861513719584405,0.052363636363636404,0.00872727272727275,0.000727272727272732,0.002909090909090928,0.0,-0.000363636363636366,-0.004363636363636359,-0.0018181818181818299,-0.0032727272727272826,-0.002909090909090928,-0.004000000000000015,0.002909090909090928
228,228,0.9672727272727273,0.9669587024669483,0.942208097928437,0.9948210922787194,3.043364878037163,0.5505642911895513,2.3850802032207805,1.0507058086440881,1.0344306825178666,0.057454545454545466,0.01709090909090909,0.0036363636363636598,0.0010909090909090979,0.0,0.0,0.0,0.003272727272727294,0.0,0.0,0.0,0.0
229,229,0.9418181818181818,0.940723471650301,0.9089686701627,0.9934113217695307,1.9433449263306164,0.6540365768637185,2.206632923727154,2.1898482985343457,1.2521094363709853,0.16399999999999998,0.039636363636363595,-0.005818181818181856,-0.002181818181818207,-0.00036363636363637706,-0.003636363636363671,-0.0043636363636363916,-0.006545454545454588,-0.001454545454545464,-0.005090909090909123,-0.005090909090909123,-0.0036363636363636598
230,230,0.96,0.9596611764705884,0.935833827014218,0.9914099526066351,2.729234234873304,1.0463194686477237,2.576842610026294,0.6354296656497549,1.1679026685459502,0.11490909090909088,0.015272727272727226,0.003636363636363571,-0.0036363636363636598,-0.0007272727272727541,0.0,0.0,-0.0014545454545454861,-0.002909090909090928,-0.0025454545454545617,-0.0072727272727273196,-0.003272727272727294
231,231,0.9418181818181818,0.9404965622612682,0.886835930953578,0.9902798726328138,3.3646848432906364,0.9263069134902907,2.3626710648971567,0.45009691670254043,0.9474736071129314,0.09127272727272724,0.0014545454545454085,-0.006545454545454588,-0.002909090909090939,-0.0072727272727273196,-0.0072727272727273196,-0.010545454545454613,-0.008727272727272783,-0.0036363636363636598,-0.0072727272727273196,-0.0072727272727273196,-0.006545454545454588
232,232,0.9818181818181818,0.9818708014629647,0.9765972115826567,0.9982380879423932,3.551191995652895,0.41512481110538835,2.0230699940386048,0.8530630627872541,1.0499590107298205,0.1541818181818182,0.008000000000000007,0.0,-0.000363636363636366,0.0,0.0025454545454545617,0.0,0.0,0.000363636363636366,0.000363636363636366,0.0,0.0
233,233,0.9672727272727273,0.9671868680427772,0.9525518341307815,0.9944178628389155,3.4983516220671227,0.01605562974759181,2.3795718957050687,1.5219299649376994,0.3186865114220878,0.09745454545454547,0.004000000000000015,0.004727272727272758,0.0065454545454545765,0.0,0.0021818181818181958,0.0,0.0036363636363636598,-0.001454545454545464,0.0,0.0010909090909090979,0.0
234,234,0.9418181818181818,0.9418181818181818,0.9051397033459814,0.9869782683684029,2.838608486629993,0.6836670833117348,1.603928590359918,1.4805051560665548,1.615745923184293,0.0996363636363636,-0.0014545454545454972,0.0007272727272727098,0.0018181818181817744,0.0003636363636363438,-0.0021818181818181958,0.0003636363636363549,0.0,-0.0007272727272727541,-0.003636363636363671,-0.0007272727272727541,-0.0018181818181818299
235,235,0.9781818181818182,0.9778514132925897,0.9505779364269931,0.9977052524222335,3.71046982815807,-0.42735943871403237,2.706524724277475,0.2817346609950765,1.8507144483500622,0.061090909090909064,0.015272727272727226,0.010545454545454502,0.014545454545454528,0.0040000000000000036,0.0069090909090908535,0.0069090909090908535,0.012727272727272698,0.0,0.0029090909090909167,0.0,0.0036363636363636485
236,236,0.9563636363636364,0.9563636363636364,0.9216821720144295,0.9924055439529144,3.3511051180035314,0.6148310583008492,2.440942893909229,1.371215100808008,0.6483443228775242,0.06618181818181823,0.003636363636363671,0.0,-0.0007272727272726875,0.0,-0.0018181818181817744,1.1102230246251566e-17,0.0,-0.0036363636363635488,-0.0003636363636363438,0.0,0.0
237,237,0.9454545454545454,0.9445127175140281,0.9008128118461292,0.9880090133590858,2.499465373499848,0.4500177697994256,2.2496839501350667,1.8827174497209318,1.1646708722616226,0.08618181818181817,0.0036363636363636264,0.002181818181818185,0.0018181818181818078,-0.004727272727272758,-0.002909090909090928,-0.000363636363636366,0.0,-0.0025454545454545617,-0.007636363636363686,-0.006545454545454588,-0.008000000000000052
238,238,0.9745454545454545,0.9742361141282423,0.9455555555555556,0.9967111111111111,3.5412343576312852,-0.03016878778547627,2.0001311360751135,0.9631291023270944,1.2630977929939389,0.059999999999999956,0.0010909090909090758,0.0018181818181817744,0.002545454545454506,-0.002909090909090928,-0.003272727272727294,-0.002909090909090928,-1.1102230246251566e-17,0.0018181818181817744,0.0003636363636363549,0.0003636363636363549,-0.003272727272727294
239,239,0.9636363636363636,0.9626328217237308,0.9105076521089959,0.9946808510638298,2.8245382209157692,0.824258903719957,2.0409237937230795,1.1018848551516947,1.2275622419653676,0.10254545454545452,0.006909090909090887,0.002909090909090928,0.0003636363636363438,0.0,-0.000727272727272732,-0.000727272727272732,0.003272727272727294,-0.000727272727272732,0.0,0.0,0.0
240,240,0.96,0.9598783364854061,0.9383720930232557,0.9935658914728682,3.6089386679442534,-0.09669533775790369,2.4091452862042675,0.4765210604670068,1.71384942122696,0.05418181818181818,0.007636363636363585,0.0007272727272727098,0.007999999999999952,-0.0036363636363636598,-0.0032727272727273047,-0.0010909090909090979,-0.003272727272727294,-0.0043636363636363916,-0.004000000000000026,-0.001454545454545475,0.0003636363636363438
241,241,0.9527272727272728,0.9522959202664404,0.9227439865175425,0.9909606250957561,3.2896165372534534,0.20504370971187466,2.5288531665723815,0.8881565014543682,1.5735943099828424,0.08436363636363639,0.012727272727272764,-0.0025454545454545617,0.001090909090909109,-0.0025454545454545617,0.003272727272727294,0.0,0.000363636363636366,0.000363636363636366,0.000363636363636366,0.004000000000000026,0.0
242,242,0.9709090909090909,0.9707253369544804,0.9506826741996234,0.9958411801632141,2.7581501242943434,0.384349909973367,2.1002502546773165,1.5131912990379244,1.4287464815865856,0.1465454545454546,0.0032727272727273047,0.0,0.0,0.0,0.0,0.0,0.0,0.0,-0.0003636363636363549,0.0,0.0
243,243,0.9745454545454545,0.9742817427221097,0.9507909328114807,0.9965753424657534,2.8976942577164975,0.3429520031930111,2.377979504463045,0.7347607464387746,1.7002280402290197,0.08690909090909085,0.009454545454545415,-0.0061818181818182215,0.0069090909090908535,-0.0036363636363636598,-1.1102230246251566e-17,-0.00545454545454549,-0.006909090909090953,0.0,0.0,0.0,-0.003272727272727294
244,244,0.9527272727272728,0.951720783651997,0.9135594489368074,0.9894429469901168,3.005074244103888,1.3751457040816955,1.6664122841323326,0.8590788676453425,1.072717353142208,0.1276363636363637,0.016363636363636393,-0.0029090909090909167,0.0007272727272727541,-0.0036363636363636485,0.0,0.000363636363636366,-0.000363636363636366,0.0,-0.000727272727272732,-0.000727272727272732,-0.000727272727272732
245,245,0.9527272727272728,0.9525760755985644,0.9258302876211664,0.9942793580168441,2.907254418614746,0.2241493601275752,2.441249201941526,1.0435538501270447,1.5338250276979895,0.13163636363636363,-0.0003636363636363438,-0.000363636363636366,-0.0010909090909090758,0.0036363636363636598,-0.0010909090909090979,0.0,-0.0036363636363636598,-0.005818181818181789,-0.0036363636363636485,0.0,0.0021818181818181958
246,246,0.9818181818181818,0.9817484198308473,0.9661239495798319,0.9968487394957983,3.2967814049290105,0.14228007826031003,2.229072102183211,1.1679819163391685,1.4758469034408686,0.13890909090909093,0.00872727272727274,0.0072727272727273196,0.0,0.0,0.0,-0.000363636363636366,0.0018181818181818299,0.0,0.0,0.000727272727272732,0.0
247,247,0.9745454545454545,0.9744680323088948,0.9596899224806201,0.9941860465116279,3.443088148473971,0.22619191708153275,2.436657334908234,0.8879984294930334,1.0614849056841265,0.14363636363636362,0.013454545454545408,0.0036363636363635488,0.00545454545454539,0.0,0.0,0.003999999999999915,0.0010909090909090647,0.002545454545454484,0.0014545454545454195,0.0003636363636363549,0.005454545454545379
248,248,0.9418181818181818,0.9404606060606061,0.8849651538330784,0.9898011218765936,3.5617385662557446,0.22319254674010375,2.2321534494490183,1.1457095623840696,0.9921059175049396,0.10109090909090904,-0.00290909090909095,0.00036363636363632155,0.0021818181818181515,-0.0036363636363636598,-0.0036363636363636598,0.0,0.0,-0.0007272727272727431,0.0,0.0,0.0
249,249,0.9672727272727273,0.9671597079198653,0.9454545454545454,0.9933057851239669,3.5472974557293875,-0.2096004180992884,2.554936090334289,1.6714334396382171,0.6583427952174012,0.07054545454545455,0.0018181818181818299,0.0036363636363636598,0.00436363636363638,0.000363636363636366,-0.002545454545454551,-0.002909090909090928,0.0043636363636363916,0.004727272727272747,-0.002909090909090928,0.0018181818181818299,-0.0036363636363636598
