,random_seed,accuracy,f1_weighted,balanced_acc,auc,model_weights.random_forest,model_weights.bagging_svc,model_weights.bagging_knn,model_weights.gradient_boosting,model_weights.mlp,feature_importance.righttop_CO2_scaled,feature_importance.rightlow_CO2_fd3_scaled,feature_importance.rightlow_temperature_scaled,feature_importance.righttop_humidity_scaled,feature_importance.righttop_temperature_scaled,feature_importance.rightlow_humidity_scaled,feature_importance.rightlow_CO2_fd2_scaled,feature_importance.righttop_CO2_fd3_scaled,feature_importance.righttop_CO2_fd2_scaled,feature_importance.rightlow_CO2_fd1_scaled,feature_importance.right_CO2_vd_fd3_scaled,feature_importance.rightlow_CO2_scaled,feature_importance.righttop_CO2_fd1_scaled,feature_importance.right_CO2_vd_scaled,feature_importance.rightlow_temperature_fd3_scaled,feature_importance.righttop_temperature_fd3_scaled,feature_importance.right_CO2_vd_fd1_scaled,feature_importance.right_CO2_vd_fd2_scaled,feature_importance.righttop_temperature_fd2_scaled,feature_importance.righttop_humidity_fd2_scaled,feature_importance.righttop_humidity_fd1_scaled,feature_importance.rightlow_temperature_fd1_scaled,feature_importance.righttop_humidity_fd3_scaled,feature_importance.rightlow_temperature_fd2_scaled,feature_importance.rightlow_humidity_fd2_scaled,feature_importance.rightlow_humidity_fd3_scaled,feature_importance.rightlow_humidity_fd1_scaled,feature_importance.righttop_temperature_fd1_scaled
0,0,0.9781818181818182,0.9783344759815348,0.9721230664626891,0.9970253272140065,2.8064640113908403,2.238215081337218,2.1518153632725205,1.306991279994088,0.772668701086354,0.02436363636363633,0.010909090909090868,0.009454545454545427,0.009090909090909071,0.008727272727272695,0.007272727272727264,0.00727272727272722,0.00727272727272722,0.0069090909090908535,0.0036363636363636485,0.0036363636363636377,0.0036363636363636264,0.002909090909090928,0.0029090909090909054,0.0025454545454545396,0.002181818181818185,0.001454545454545464,0.000363636363636366,0.000363636363636366,0.0003636363636363549,0.0,-0.0010909090909090979,-0.0010909090909090979,-0.0025454545454545617,-0.0025454545454545617,-0.0025454545454545617,-0.002909090909090928,-0.002909090909090928
1,1,0.9781818181818182,0.9781818181818182,0.9654348919054802,0.9970672029495559,2.9864294642770686,1.5479525797048772,1.3172238626468216,1.8837584572319392,1.8033842629924401,0.010545454545454525,0.0,-0.0018181818181818299,0.005454545454545445,-0.0021818181818181958,0.0072727272727272415,0.002181818181818185,0.0065454545454544984,0.003272727272727294,0.000727272727272732,0.0,0.01672727272727269,0.000363636363636366,0.006545454545454532,-0.0010909090909090979,0.0032727272727272718,0.000363636363636366,-0.000727272727272732,0.0029090909090909054,-0.002909090909090928,0.0,0.004727272727272714,0.000363636363636366,0.0,0.0036363636363636598,-0.000363636363636366,0.000363636363636366,0.0
2,2,0.9818181818181818,0.9818734834157244,0.9761064030131827,0.9972536095417451,2.8062844111328884,2.561486136514852,2.1154503445351827,0.7350848455845294,1.3337107371896946,0.026545454545454518,0.0021818181818181958,0.005818181818181856,0.008363636363636361,0.005818181818181845,0.006545454545454554,0.000363636363636366,-0.0025454545454545617,0.0025454545454545617,0.003272727272727294,0.0025454545454545617,0.0061818181818182,0.003272727272727294,0.000727272727272732,0.000363636363636366,-0.002909090909090928,0.000363636363636366,0.0010909090909090979,-0.003272727272727294,0.001454545454545464,0.000727272727272732,-0.0018181818181818299,0.0,-0.000363636363636366,0.0036363636363636598,-0.000363636363636366,0.002909090909090928,0.0
3,3,0.9527272727272728,0.951911021845491,0.9118783196523419,0.9946080798326091,2.595016532550409,1.9676281874613755,1.8699081798582322,0.999354307757955,1.7283514409272447,-0.0018181818181818188,0.0043636363636363916,-0.0036363636363636377,-0.0032727272727272605,-0.0021818181818181737,-0.0021818181818181624,-0.0029090909090909054,-0.000363636363636366,-0.000727272727272732,-0.0021818181818181737,-0.0021818181818181737,-0.007636363636363619,-0.003999999999999992,-0.009818181818181804,-0.0021818181818181737,-0.004363636363636359,-0.0032727272727272718,-0.005090909090909079,-0.006545454545454521,-0.004363636363636347,-0.004727272727272724,-0.0029090909090909054,-0.007636363636363619,-0.000727272727272732,-0.008727272727272705,-0.015272727272727249,-0.0029090909090909054,-0.009090909090909061
4,4,0.9781818181818182,0.9777982366951266,0.953125,0.9994075829383886,2.6670271760993782,1.5472520268134813,1.935504286809607,1.4272710851369825,1.4177019331635514,0.022181818181818146,-0.001454545454545464,0.001454545454545464,0.005090909090909057,0.0010909090909090979,0.014909090909090872,0.0,-0.0025454545454545617,-0.001454545454545464,0.0,-0.003272727272727294,0.005090909090909079,0.0025454545454545617,-0.002181818181818207,0.000727272727272732,-0.0021818181818181958,-0.004727272727272758,-0.004727272727272758,-0.0025454545454545617,-0.000363636363636366,-0.0021818181818181958,-0.0010909090909090979,0.000363636363636366,-0.001454545454545464,-0.0043636363636363916,-0.000363636363636366,-0.004000000000000026,0.0018181818181818078
5,5,0.9781818181818182,0.9781818181818182,0.9649413564507905,0.99736528981812,2.8970375334877194,1.7158426868220151,1.7381350629547756,1.3335754432695845,1.50593016997187,0.03345454545454544,-0.0025454545454545617,0.009818181818181804,0.014181818181818151,0.005090909090909068,0.01672727272727268,-0.002909090909090928,0.0,0.005454545454545445,-0.0025454545454545617,-0.0021818181818181958,0.016363636363636323,-0.004000000000000026,0.005090909090909068,0.002545454545454551,-0.001454545454545464,0.007636363636363575,-0.0021818181818181958,-0.004000000000000026,0.004727272727272724,0.0021818181818181958,-0.0018181818181818299,-0.001454545454545464,-0.000363636363636366,0.000727272727272732,0.004000000000000015,0.0021818181818181958,0.0
6,6,0.9854545454545455,0.9854545454545455,0.9800637958532695,0.999275047121937,2.517804157384227,1.9598868297933265,1.297649752602473,2.3977515436638717,0.812670274190573,0.08036363636363639,0.0,-0.000727272727272732,0.004727272727272758,0.0,0.007636363636363686,0.0,0.0,0.0,0.0,-0.002909090909090928,0.004727272727272758,-0.0010909090909090979,-0.0036363636363636598,-0.0018181818181818299,0.0,-0.000363636363636366,0.0,-0.0018181818181818299,-0.0025454545454545617,-0.000363636363636366,0.0,-0.0018181818181818299,0.0,-0.0032727272727272826,-0.0036363636363636598,-0.0025454545454545617,0.0
7,7,0.9672727272727273,0.9679005851587386,0.9637481644640236,0.9944016152716593,1.9798422050329902,2.6626758737712963,2.3524746034958124,0.8516183655430224,1.6071171402351236,0.001454545454545464,0.0025454545454545617,0.0058181818181818334,0.0058181818181818334,0.00436363636363638,0.009818181818181827,-0.000727272727272732,0.002909090909090928,-0.000727272727272732,-0.000727272727272732,0.005454545454545478,0.018545454545454542,-0.000363636363636366,-0.002545454545454551,0.008363636363636351,-0.0007272727272727208,-0.000363636363636366,0.000363636363636366,-0.0025454545454545617,-0.004727272727272714,-0.0036363636363636377,0.0010909090909090979,-0.003999999999999981,0.003272727272727294,0.0025454545454545617,-0.004727272727272724,0.002909090909090928,0.0010909090909090979
8,8,0.9636363636363636,0.963375210545022,0.9353946706887883,0.9969834087481146,2.3738076650655104,1.620243081662023,1.8413568417396746,2.4759825532395245,1.5106678366951642,0.033090909090909074,0.0,0.0018181818181818299,-0.0018181818181818299,0.0,-0.003272727272727294,0.0,0.0,0.0,0.0,0.0010909090909090979,0.0029090909090909167,-0.003272727272727294,-0.0025454545454545617,-0.0061818181818182215,0.0025454545454545617,0.0,0.0,0.000727272727272732,0.0,0.0,0.0,-0.000363636363636366,0.0,0.0,-0.000363636363636366,0.0,0.0
9,9,0.96,0.9601762072350307,0.9314009661835749,0.9940096618357488,2.642706121771285,1.9335383852374766,1.2209734458413046,2.1216653706182464,1.620550821019091,0.025090909090909063,-0.0036363636363636598,0.003999999999999937,-0.0018181818181818743,0.003999999999999948,0.0007272727272726765,-0.003272727272727294,-0.002909090909090928,-0.003272727272727294,-0.003272727272727294,0.00036363636363633266,0.006181818181818122,-0.003272727272727294,-0.00290909090909095,0.003999999999999948,0.0021818181818181294,-0.0021818181818181958,0.0003636363636363549,0.0025454545454544953,0.002909090909090839,-0.0007272727272727431,-0.001454545454545464,0.0003636363636363549,-0.002909090909090928,-0.0025454545454545617,0.005090909090909035,-0.0025454545454545617,0.0
10,10,0.9709090909090909,0.9709090909090909,0.959271327014218,0.9984449052132701,2.5554125934705145,1.961078281652931,1.6864790972006958,1.562083667177572,1.5634176386665506,0.031636363636363685,-0.0003636363636363438,-0.0014545454545454085,-0.003272727272727205,-0.0014545454545454195,-0.00036363636363633266,-0.0021818181818181294,-0.006545454545454477,-0.0039999999999999255,-0.003999999999999915,-0.0025454545454544953,-0.007999999999999941,0.0010909090909090979,-0.008727272727272672,-0.0021818181818181403,-0.003999999999999948,-0.0010909090909090647,-0.003272727272727205,-0.003636363636363593,-0.002909090909090839,-0.006909090909090842,-0.0018181818181817965,-0.008363636363636318,0.000727272727272732,-0.003636363636363571,-0.004727272727272647,-0.006545454545454488,-0.005818181818181755
11,11,0.9636363636363636,0.963890793302558,0.9487506374298827,0.996260411354751,3.1464959636075176,1.6861288437833548,1.6212748212113703,1.8614642037355533,1.2724376355163138,0.0058181818181818005,-0.000727272727272732,0.0032727272727272718,0.000363636363636366,-0.0010909090909090979,-0.0029090909090909167,-0.000363636363636366,-0.0036363636363636598,-0.0025454545454545617,0.0014545454545454527,-0.000727272727272732,0.009090909090909061,-0.000727272727272732,0.0021818181818181958,-0.003272727272727294,0.0014545454545454527,0.0,0.000363636363636366,-0.001454545454545464,0.000363636363636366,-0.000727272727272732,-0.0021818181818181958,0.005090909090909068,-0.0018181818181818299,0.0010909090909090979,0.000363636363636366,-0.003272727272727294,-0.0021818181818181958
12,12,0.9745454545454545,0.9748161047618865,0.9695584684373922,0.9982752673335633,2.9712230241032636,1.7047520738189597,1.1727211300059135,1.524111624612491,1.891932478953402,0.028727272727272678,0.0032727272727271937,0.0021818181818181294,0.0021818181818181403,0.00290909090909085,0.0032727272727272384,0.0036363636363635488,-1.1102230246251566e-17,0.003999999999999915,-0.003272727272727294,-0.000727272727272732,-0.00036363636363638817,-0.003272727272727294,0.00036363636363633266,-0.00036363636363638817,-0.0007272727272727541,-0.003272727272727294,-0.0010909090909090979,-0.005818181818181856,0.003272727272727205,0.0003636363636363549,-0.0036363636363636598,0.0010909090909090534,-0.003636363636363671,0.003272727272727205,0.002545454545454484,-0.0014545454545454861,-0.00036363636363638817
13,13,0.9854545454545455,0.9856478681136216,0.9909502262443439,0.9994972347913524,3.147882480080392,2.4071422725802623,1.1805118466653288,1.1864655604837415,1.3464662625106416,0.03600000000000001,0.0036363636363636598,-0.005818181818181789,-0.0018181818181818078,-0.007272727272727253,0.00036363636363637706,0.0036363636363636598,0.0036363636363636598,0.0036363636363636598,0.0010909090909090979,0.0025454545454545617,0.014545454545454561,-0.000363636363636366,0.000727272727272732,-0.0007272727272727208,-0.0014545454545454417,0.003272727272727294,0.0,0.0010909090909090979,0.000727272727272732,-0.000363636363636366,0.0010909090909090979,-0.0021818181818181958,0.000363636363636366,-0.0018181818181818188,-0.001454545454545464,0.0025454545454545617,-0.0010909090909090979
14,14,0.9927272727272727,0.9927272727272727,0.9895880660305922,0.9996213842192943,2.7336569915703253,1.4786027971274565,1.5327031750460947,1.6316775170416062,1.8193337052092309,0.038545454545454494,0.002909090909090839,0.004727272727272658,0.010909090909090868,0.0007272727272727098,0.011636363636363601,0.0003636363636363549,0.003999999999999915,0.0018181818181817744,0.0007272727272727098,0.0014545454545454195,0.007999999999999941,0.0003636363636363549,0.002545454545454484,0.002909090909090861,0.002545454545454506,0.0003636363636363549,0.0003636363636363549,0.008727272727272684,0.002909090909090839,0.0,0.003999999999999915,0.0014545454545454306,0.0007272727272727098,0.004727272727272647,0.0003636363636363549,0.0,0.0003636363636363549
15,15,0.9490909090909091,0.9488270262432942,0.9258754305396096,0.9910304247990814,2.7034384669878686,1.9402272042960966,2.1689078746761976,1.023919848576587,1.7578051891719413,0.023636363636363622,-0.005818181818181856,0.011636363636363634,0.019636363636363664,0.013090909090909075,0.02072727272727275,0.0,-0.006545454545454554,-0.002181818181818185,-0.004727272727272758,-0.000363636363636366,0.000363636363636366,-0.00436363636363638,-0.005090909090909102,0.009454545454545438,-0.0058181818181818334,-0.004000000000000026,-0.0010909090909090979,-0.001454545454545464,-0.000727272727272732,-0.009454545454545448,-0.006545454545454565,-0.009090909090909084,-0.0036363636363636598,-0.001454545454545464,-0.0025454545454545617,-0.00545454545454549,0.000727272727272732
16,16,0.9745454545454545,0.9746356712842651,0.9626891041985381,0.9965153833078362,2.6946234002674148,1.20084829751662,1.9484529655501146,1.6773543464910055,1.6083870947791523,-0.0025454545454545842,-0.003272727272727294,0.011636363636363601,0.009454545454545405,0.0069090909090908535,0.011272727272727222,0.0,-0.003272727272727294,-0.0036363636363636598,-0.0036363636363636598,0.0,0.0010909090909090313,-0.003272727272727294,-0.002909090909090928,0.006545454545454477,0.0,0.0,-0.0036363636363636598,-0.001090909090909109,0.00363636363636356,-0.000727272727272732,-0.0025454545454545617,-0.0010909090909090979,-0.0036363636363636598,-0.003272727272727294,0.0032727272727271937,-0.003272727272727294,-1.1102230246251566e-17
17,17,0.9818181818181818,0.9816298162300783,0.9620026092628833,0.99926614481409,2.6006571490985477,1.1111368698359212,1.8658903972178187,1.6025264880665508,1.988251600818283,0.036363636363636334,0.001454545454545464,0.011636363636363622,0.017454545454545434,0.012363636363636344,0.022181818181818157,0.000727272727272732,0.0018181818181818299,-0.0025454545454545617,-0.0036363636363636598,-0.0018181818181818299,0.017454545454545434,-0.0010909090909090979,-0.001454545454545464,0.000363636363636366,0.0036363636363636485,0.0,-0.0036363636363636598,0.005454545454545467,0.0061818181818182,-0.000727272727272732,0.001454545454545464,0.008363636363636373,0.0,-0.0010909090909090979,-0.000363636363636366,0.0,0.0032727272727272826
18,18,0.9818181818181818,0.9817727475558801,0.9731102585961922,0.9970161977834612,3.219281791407395,1.491469846278128,1.4083111865658637,1.3225724678833477,1.3876856196798297,0.036363636363636355,0.0061818181818182215,0.01709090909090909,0.025818181818181785,0.016363636363636358,0.025090909090909073,0.0072727272727273196,0.006909090909090943,0.0036363636363636598,0.0069090909090909315,0.00436363636363637,0.01963636363636362,0.008363636363636361,0.0010909090909090979,0.016363636363636358,0.008363636363636384,0.004000000000000026,0.0032727272727272826,0.010181818181818191,0.001454545454545464,0.004000000000000026,0.004727272727272758,0.00690909090909092,0.0043636363636363916,0.001454545454545464,0.0021818181818181958,0.0018181818181818299,0.0
19,19,0.9781818181818182,0.9780791891035793,0.9669290251311793,0.998273957470312,2.576731761124468,1.906453083240607,0.8840702102526312,1.9860308040060628,2.221349224664058,0.04109090909090907,-0.005090909090909113,0.004363636363636347,0.002181818181818185,0.003999999999999981,0.009090909090909049,-0.005090909090909123,-0.000363636363636366,-0.002909090909090928,-0.000363636363636366,0.0029090909090909167,0.011999999999999978,-0.0010909090909090979,-0.0018181818181818299,0.0,0.006545454545454521,-0.000363636363636366,-0.000363636363636366,0.0,0.000363636363636366,0.0007272727272727208,-0.005090909090909123,0.009818181818181792,0.000727272727272732,0.005090909090909046,0.0032727272727272826,0.0021818181818181958,-0.0018181818181818299
20,20,0.9745454545454545,0.9750471455127775,0.9762038073908175,0.9952407614781635,2.7294044368397725,2.442081887847764,1.2468905129778618,1.8177628908234564,1.2126651777406587,0.021454545454545382,0.006545454545454477,0.003636363636363593,0.0065454545454544984,0.003272727272727227,0.002909090909090861,0.0036363636363635488,0.0036363636363635488,0.0036363636363635488,0.0036363636363635488,-0.001818181818181841,0.005090909090909024,0.004727272727272647,0.00727272727272722,0.0010909090909090647,-0.0007272727272727431,0.0007272727272727098,-0.0021818181818181958,-0.002909090909090928,0.0003636363636363549,0.0003636363636363549,0.0010909090909090647,-0.0036363636363636598,-1.1102230246251566e-17,0.0018181818181817744,0.0003636363636363549,0.0010909090909090647,-0.000363636363636366
21,21,0.9890909090909091,0.9890522447742759,0.9792190380425674,0.9994134405899111,3.345987348548762,1.8432104147650474,1.4597626662897953,0.7742283720197165,1.707986301073859,0.02909090909090911,0.002909090909090928,0.007272727272727308,0.010181818181818236,0.006909090909090953,0.01490909090909095,-0.0003636363636363549,0.006545454545454588,-0.0007272727272727098,1.1102230246251566e-17,0.001454545454545464,0.01054545454545459,0.00036363636363637706,-0.0021818181818181294,0.0043636363636363916,-0.0014545454545453972,0.0,0.000727272727272732,0.005818181818181845,0.000363636363636366,0.0,1.1102230246251566e-17,-0.002545454545454484,0.0010909090909090979,0.0036363636363636598,-0.002181818181818118,0.004000000000000026,0.000727272727272732
22,22,0.9854545454545455,0.9855512067840836,0.9840909090909091,0.997685950413223,2.7631631247734463,2.8557717344095925,1.1689780185976082,1.2044840838969504,1.0743218936851509,0.023636363636363657,0.0,0.016000000000000004,0.01563636363636366,0.01454545454545455,0.018545454545454566,0.0,0.0036363636363636598,0.0,0.0,0.003272727272727294,0.0021818181818181958,0.0,0.0010909090909090979,0.007272727272727308,0.006545454545454588,0.0,0.002909090909090928,0.00545454545454549,0.008727272727272783,0.0018181818181818299,0.0025454545454545617,0.0036363636363636598,0.0036363636363636598,0.0025454545454545617,0.004000000000000026,0.0021818181818181958,0.0036363636363636598
23,23,0.9745454545454545,0.9746248414146798,0.9649213411727315,0.9960273319561418,2.3463502839797847,2.2062420451179556,1.4745079194258055,1.5346464924799632,2.3470805953536207,0.03381818181818177,0.006909090909090842,0.009454545454545405,0.009454545454545393,0.00545454545454539,0.01999999999999994,0.0,0.0032727272727272163,0.004727272727272647,0.0003636363636363549,-0.0003636363636363993,0.009090909090909028,0.003999999999999915,-0.0010909090909091202,0.006909090909090842,-0.0036363636363636598,0.0003636363636363549,-0.002909090909090928,-0.0014545454545454861,0.0007272727272727098,-0.003272727272727294,-2.2204460492503132e-17,-0.003272727272727316,0.002545454545454506,0.0,0.0010909090909090424,0.003272727272727227,0.0003636363636363438
24,24,0.9672727272727273,0.9673747961045881,0.9539965040521214,0.9948355315429843,2.585262571270767,1.8706456139828371,1.674356987711681,1.2189707909932221,1.7283601026576307,0.038545454545454536,0.005818181818181845,0.02254545454545457,0.02072727272727274,0.016727272727272723,0.02072727272727274,0.000363636363636366,0.002909090909090928,0.0,0.0,0.0,0.0007272727272727208,0.003272727272727294,0.0036363636363636598,0.012363636363636354,0.004727272727272747,-0.0010909090909090868,-0.0025454545454545617,0.00872727272727274,0.0021818181818181958,0.005454545454545478,0.002909090909090928,0.00436363636363637,0.003272727272727294,0.003272727272727294,0.005454545454545478,0.008363636363636384,0.001454545454545464
25,25,0.9709090909090909,0.9712106713063651,0.970156990521327,0.9972600710900474,3.376675549705126,2.34638639027087,1.3390338380820461,0.9958412652404366,0.8944605116379145,0.023636363636363678,0.003272727272727294,0.00872727272727276,0.0032727272727273273,0.00545454545454549,0.002181818181818229,0.0,0.0061818181818182215,0.000363636363636366,0.000727272727272732,0.002545454545454573,0.004000000000000059,0.0018181818181818299,0.0018181818181818299,0.0043636363636363916,0.004000000000000026,0.0,0.0018181818181818299,0.004000000000000026,0.001454545454545464,-0.002545454545454484,-0.0003636363636363438,0.004727272727272758,3.3306690738754695e-17,-0.0014545454545454195,-0.0018181818181817854,-0.003999999999999937,0.001818181818181841
26,26,0.9818181818181818,0.9819882965379502,0.9820537582488331,0.9976661838081442,2.1222462973981404,1.5805549997706168,1.6541681246031346,1.0585971043574656,2.505200620352257,0.022181818181818157,0.006909090909090953,0.01272727272727272,0.015636363636363615,0.007636363636363652,0.017454545454545455,0.0,0.005090909090909113,0.0,0.0010909090909090979,0.011272727272727245,0.012363636363636354,0.0036363636363636598,0.0021818181818181958,0.0043636363636363916,0.010909090909090924,0.000727272727272732,0.0010909090909090979,0.007636363636363663,0.003272727272727294,0.001454545454545464,0.000363636363636366,0.00545454545454549,0.000363636363636366,0.0036363636363636485,0.0010909090909090979,0.000727272727272732,0.0021818181818181958
27,27,0.9781818181818182,0.9780368261875112,0.9603251247384517,0.9979880894897795,2.9471284224350978,2.1377677503317036,1.4945153846912902,1.4695750339149138,1.3280233778075117,0.03927272727272725,0.0,0.010909090909090879,0.01999999999999994,0.009090909090909071,0.018181818181818153,0.0,0.000363636363636366,0.0,0.0,0.00727272727272722,0.014909090909090894,0.0,0.0,-0.0021818181818181958,0.007999999999999974,0.0,0.0,0.006181818181818144,0.0,0.0,0.0,0.000727272727272732,0.0,0.0,0.0010909090909090979,0.0,-0.000363636363636366
28,28,0.9781818181818182,0.9781818181818182,0.9649413564507905,0.9983001869794323,2.6240979462669247,1.79328977092547,1.655852013106576,0.7424939937435386,2.3748420310398806,0.030909090909090876,-0.006545454545454588,0.006181818181818166,0.009090909090909071,0.004363636363636359,0.012363636363636332,-0.0036363636363636598,0.0010909090909090868,0.0018181818181817965,-0.0036363636363636598,-0.003272727272727294,0.007272727272727231,0.0,0.000363636363636366,0.0029090909090909167,0.0014545454545454417,-0.0010909090909090979,0.0,-0.0010909090909090979,-0.0018181818181818299,-0.004000000000000026,0.0,-0.0018181818181818299,-0.0007272727272727431,-0.0043636363636363916,-0.004727272727272758,0.001454545454545464,-0.005818181818181856
29,29,0.9818181818181818,0.9817424680582576,0.9643447136563876,0.9972466960352423,3.0515625157426003,1.7776703270496095,1.848012601492464,1.4476864664317213,1.380332992861874,0.019272727272727254,0.0036363636363636598,0.009090909090909104,0.009818181818181827,0.00545454545454549,0.01527272727272726,-0.0036363636363636598,0.000363636363636366,-0.002909090909090928,0.000363636363636366,0.0032727272727272826,0.010545454545454547,0.003272727272727294,0.0032727272727272826,0.003272727272727294,-0.001454545454545464,0.0,0.001454545454545464,0.005454545454545457,0.0025454545454545617,0.004727272727272758,-0.000363636363636366,0.000727272727272732,-0.003272727272727294,0.005454545454545478,0.0,0.0025454545454545617,0.002909090909090928
30,30,0.9854545454545455,0.9855419309372798,0.9845809792843692,0.9986660389202762,2.0587941439459985,1.5187051129630391,1.4059457320447362,2.5198553025453783,2.117179152095347,0.04800000000000001,0.0018181818181818299,0.014909090909090905,0.015272727272727282,0.014909090909090917,0.01963636363636364,-0.0029090909090909167,0.001454545454545464,-0.0018181818181818078,0.000363636363636366,0.007272727272727308,0.0018181818181818299,0.0021818181818181958,0.0021818181818181958,0.004000000000000026,0.0061818181818182215,-0.001454545454545464,0.000363636363636366,0.0061818181818182215,-0.0021818181818181737,0.000363636363636366,0.0036363636363636598,0.001454545454545464,0.003272727272727294,0.006909090909090953,-0.0018181818181818188,0.007636363636363675,0.004000000000000026
31,31,0.9818181818181818,0.9819800034676068,0.9822661644695543,0.9982736974262398,2.6031926696565457,1.7801591530650758,1.481576172190482,1.3699267377428366,1.6626815756273023,0.03890909090909091,-0.003272727272727294,0.004727272727272735,0.0036363636363636377,0.0,0.012,0.0010909090909090979,0.000363636363636366,-0.0025454545454545617,0.0036363636363636598,-0.002545454545454551,0.010545454545454547,-0.0010909090909090979,0.008363636363636361,0.0036363636363636485,0.005454545454545445,-0.0025454545454545617,-0.002909090909090928,0.007272727272727275,-0.001454545454545464,0.00690909090909092,0.004000000000000026,-0.000363636363636366,0.007636363636363652,0.011636363636363634,0.0,0.001454545454545464,-0.0036363636363636598
32,32,0.9781818181818182,0.9783268101761252,0.9727272727272727,0.9970247933884298,2.461772449111874,1.3401518013101812,1.6782233993697497,2.1609424212326678,1.698912153085653,0.03054545454545452,0.0010909090909090979,0.0036363636363636377,0.005454545454545457,-0.000727272727272732,0.006545454545454532,0.007636363636363585,0.009818181818181771,0.005090909090909068,0.0,-0.001454545454545464,0.012363636363636354,0.005454545454545434,0.002181818181818185,0.0036363636363636485,0.006181818181818166,-0.003272727272727294,-0.0021818181818181958,0.0021818181818181624,-0.0021818181818181958,-0.0025454545454545617,-0.000363636363636366,0.0018181818181818188,0.00436363636363637,0.000363636363636366,0.000727272727272732,-0.0036363636363636598,0.000363636363636366
33,33,0.9709090909090909,0.9714466700907378,0.9750896934116111,0.9969830397912589,3.101633834140414,1.6950460318007454,1.8139618989779704,0.8549084375778707,1.8778428826534501,0.029818181818181855,0.0,0.00545454545454549,-0.00036363636363633266,0.0043636363636363916,-0.004363636363636336,0.000363636363636366,0.003272727272727294,0.0,0.0,0.0025454545454545617,0.007636363636363686,0.000363636363636366,0.0,-0.0010909090909090647,0.009090909090909139,0.0,0.0,0.0040000000000000365,-0.0007272727272727098,-0.0036363636363635488,-0.00036363636363633266,0.0,0.0025454545454545617,-0.0003636363636363549,0.004000000000000026,-0.0032727272727271937,0.0
34,34,0.9781818181818182,0.9783305785123966,0.9724317077258253,0.9982403217697335,2.6759167718223864,2.05353617004116,1.9213273403330802,1.340064601039392,1.3676285194423743,0.02436363636363633,-0.0010909090909090979,0.004363636363636347,0.005818181818181789,0.0010909090909090979,0.008363636363636328,-0.0036363636363636598,-0.001454545454545464,-0.0010909090909090979,-0.002909090909090928,-0.0018181818181818299,-0.002909090909090928,-0.002909090909090928,-0.0043636363636363916,0.000727272727272732,-0.0043636363636363916,-0.000363636363636366,-0.0018181818181818299,-0.0010909090909090979,-0.0036363636363636598,-0.004000000000000026,-0.003272727272727294,-0.0043636363636363916,-0.0018181818181818299,-0.0010909090909090979,-0.0036363636363636598,-0.00545454545454549,-0.003272727272727294
35,35,0.96,0.9601417691609883,0.9393166751657318,0.9937956824749278,2.5411863399292707,2.186142947711925,1.5163719400327391,1.5811677492531364,1.8459733352805072,0.023636363636363587,-0.0025454545454545617,-4.4408920985006264e-17,0.003999999999999948,-4.4408920985006264e-17,0.006545454545454477,0.00363636363636356,-0.0007272727272727431,0.0007272727272727098,0.0,-0.002181818181818207,0.005454545454545379,0.0003636363636363549,0.0018181818181817744,0.0003636363636363549,0.002545454545454506,-0.000727272727272732,-0.006909090909090953,0.0010909090909090534,0.0007272727272727098,0.0,0.0003636363636363549,0.006545454545454488,0.0003636363636363549,0.0003636363636363438,0.0021818181818181294,-0.005818181818181856,-0.00036363636363637706
36,36,0.9781818181818182,0.978457449113734,0.9796559034572733,0.9983692106979778,2.5199358189515917,2.403770592329979,1.105500147727341,1.5995490788121491,1.55634682504113,0.023999999999999966,0.0,0.015272727272727226,0.011272727272727235,0.006181818181818166,0.015636363636363615,0.0,-0.001454545454545464,-0.0010909090909090979,-0.0036363636363636598,0.006545454545454521,0.007636363636363608,-0.000363636363636366,0.000363636363636366,0.008727272727272695,-0.00545454545454549,-0.0025454545454545617,-0.0025454545454545617,-0.004727272727272758,0.0003636363636363549,-0.001454545454545464,-0.0010909090909090979,0.0003636363636363549,0.0021818181818181958,-0.000363636363636366,0.000727272727272732,-0.006909090909090953,-0.0061818181818182215
37,37,0.9781818181818182,0.9783162129772298,0.973542030827904,0.9974574924519307,2.4304589811307045,1.906421342560852,1.5031323404813257,1.8216436005048613,1.9518188386867101,0.05418181818181815,0.004000000000000015,0.006181818181818144,0.007999999999999962,0.005454545454545434,0.010181818181818148,-0.002909090909090928,0.002909090909090928,-0.0025454545454545617,-0.0021818181818181958,0.0018181818181818299,0.006909090909090898,0.0010909090909090979,0.0036363636363636377,0.005818181818181789,0.0029090909090909167,0.000727272727272732,0.0010909090909090979,0.0018181818181818299,0.0,0.005090909090909079,0.0010909090909090979,0.0007272727272727208,0.0,-0.002909090909090928,-0.003272727272727294,0.002545454545454551,0.002909090909090928
38,38,0.9745454545454545,0.9744680323088948,0.9596899224806201,0.9965891472868218,3.0417306556968824,1.8980624509383521,1.4003304216280246,0.9398759924787583,2.1368637996447997,0.03272727272727268,0.0021818181818181403,0.01599999999999996,0.01309090909090902,0.007999999999999941,0.01927272727272722,0.0072727272727272085,0.0072727272727272085,0.006909090909090842,0.0036363636363635488,0.00618181818181811,0.003636363636363582,0.0003636363636363549,0.003272727272727205,0.009090909090909038,0.0047272727272726685,0.0,0.0018181818181817744,0.002181818181818118,0.0007272727272726986,0.0007272727272726986,0.003999999999999915,0.0010909090909090534,-0.0025454545454545617,0.0014545454545454195,0.0010909090909090534,0.009818181818181771,0.0018181818181817744
39,39,0.9781818181818182,0.9780474233864065,0.962015503875969,0.9970542635658914,2.885487276234434,1.9732303141420144,1.5866463543238563,0.8990047700650966,1.7083687430069339,0.03345454545454544,0.0,0.009818181818181781,0.010181818181818136,0.007272727272727253,0.010545454545454502,0.004000000000000015,0.007636363636363585,0.0036363636363636377,0.003272727272727294,0.0040000000000000036,0.012363636363636344,0.000727272727272732,0.005090909090909079,0.0010909090909090979,0.009454545454545427,0.0,0.001454545454545464,0.0036363636363636155,0.000363636363636366,0.0,0.0010909090909090979,0.00654545454545451,0.0,0.000363636363636366,0.0036363636363636377,0.0021818181818181958,0.000363636363636366
40,40,0.9818181818181818,0.9818826223459037,0.9743753187149413,0.9982151963284039,3.078901591016031,0.8729163204473952,1.9061808321597375,1.7364747714910516,1.2723430794538406,0.016000000000000014,0.000363636363636366,0.00436363636363637,0.01018181818181818,0.0025454545454545617,0.013090909090909087,0.0,0.0,-0.002909090909090928,-0.005090909090909123,0.000363636363636366,0.005090909090909123,-0.001454545454545464,0.001454545454545464,0.0,0.0025454545454545617,-0.003272727272727294,-0.002909090909090928,0.000363636363636366,-0.0025454545454545617,-0.003272727272727294,0.0,0.001454545454545464,-0.0010909090909090979,0.0,0.0,0.0,0.0010909090909090979
41,41,0.9781818181818182,0.9784025675816722,0.9804029304029305,0.9962637362637362,2.2791266180655803,2.3032936217787707,1.9953377757344757,0.9651447254900116,1.424638852498662,0.023999999999999955,0.010545454545454502,0.016363636363636348,0.019999999999999962,0.013454545454545419,0.02436363636363632,0.0036363636363636598,0.010181818181818136,0.007636363636363585,0.0,0.007272727272727231,0.010909090909090868,0.0,0.0069090909090908535,0.009090909090909038,0.01599999999999998,0.000727272727272732,0.002181818181818185,0.012727272727272698,0.0036363636363636598,0.005454545454545434,0.000727272727272732,0.011272727272727235,0.010909090909090868,0.000727272727272732,0.0032727272727272605,0.0014545454545454527,0.005090909090909079
42,42,0.9781818181818182,0.9785832349468714,0.9773656243613325,0.9985693848354793,2.705270528165625,1.5706501866072125,2.044165582517805,1.6505038141326993,1.2403439356919477,0.007999999999999985,0.0,0.007636363636363585,0.011636363636363601,0.0010909090909090758,0.011272727272727235,0.0,0.000727272727272732,0.000363636363636366,0.0,0.0,-0.007272727272727308,0.0,0.0,0.000363636363636366,0.003272727272727294,0.0,0.0,0.0036363636363636485,0.0040000000000000036,0.0,-0.0036363636363636598,0.000363636363636366,0.0,0.000363636363636366,0.0,0.0,-0.0010909090909090979
43,43,0.9745454545454545,0.9749737975706084,0.9770525242223356,0.9977902430732619,2.6185910047473695,1.7301853214211875,1.1605429940398961,1.8877526275760763,1.4797435459851433,0.013090909090909042,0.0036363636363635488,0.00654545454545451,0.005454545454545401,0.005090909090909046,0.011636363636363589,-0.0010909090909090979,0.002909090909090861,0.0007272727272727098,-0.001454545454545464,0.006545454545454477,0.016363636363636302,-0.0021818181818181958,0.0021818181818181403,0.010545454545454502,-0.004000000000000026,0.0007272727272727098,-0.0003636363636363993,-0.0025454545454545617,0.007636363636363575,0.0010909090909090647,0.0003636363636363549,0.008363636363636306,0.0003636363636363549,0.0072727272727272085,0.008363636363636306,0.003999999999999915,-0.0021818181818181958
44,44,0.9636363636363636,0.9641322314049586,0.9559323474417813,0.995410504844467,1.9917345495037306,2.020906894703453,1.9522471018613974,1.9881520173052014,1.4796624029658543,0.006909090909090887,-0.006909090909090943,0.0007272727272727208,0.0007272727272727208,0.0007272727272727098,0.0058181818181818005,-0.000363636363636366,-0.006909090909090953,-0.004000000000000026,-0.006545454545454588,-0.001454545454545464,0.016363636363636348,-0.004000000000000026,0.0021818181818181624,-1.1102230246251566e-17,0.004727272727272714,-0.004000000000000026,-0.0025454545454545617,-0.001454545454545464,0.000727272727272732,-0.004000000000000026,-0.000363636363636366,0.0,-0.001454545454545464,-0.0036363636363636598,-0.003272727272727294,-0.001454545454545464,-0.0036363636363636598
45,45,0.9890909090909091,0.9891224808777789,0.987130381492263,0.9975486440937644,2.618494072735195,1.955481912644933,1.689798256641152,1.5838524495310815,1.221489912338194,0.009090909090909139,0.012727272727272799,0.020363636363636407,0.020363636363636396,0.016000000000000035,0.03236363636363639,0.008000000000000052,0.003272727272727294,0.007636363636363686,0.005090909090909123,0.0072727272727273196,0.005454545454545501,0.006545454545454588,0.0061818181818182215,0.009818181818181882,0.01090909090909098,0.000727272727272732,0.002909090909090928,0.01236363636363641,0.003636363636363671,0.0036363636363636598,0.01090909090909098,0.0043636363636363916,0.006909090909090953,0.0043636363636363916,0.005818181818181856,0.002909090909090939,0.004727272727272758
46,46,0.9890909090909091,0.9889653375137069,0.9711538461538461,0.9991376336667817,2.366670397388795,1.7132749916739631,1.7614860175081866,1.1796721217603967,2.322777072667862,0.038909090909090935,-0.0036363636363635488,0.00981818181818187,0.0123636363636364,0.004727272727272758,0.02072727272727276,0.0,-0.0010909090909090647,0.0,0.0,0.001454545454545464,0.016000000000000035,0.000363636363636366,0.0072727272727273196,0.0043636363636363916,0.0018181818181818299,0.0,0.000363636363636366,0.002909090909090928,0.0010909090909090979,0.0010909090909090979,0.000363636363636366,0.010545454545454613,0.0021818181818181958,0.002909090909090928,0.004000000000000026,-0.0032727272727271937,0.005090909090909123
47,47,0.9854545454545455,0.9855356802526614,0.984893230349841,0.9984098137210359,2.85078820903719,1.7003556734534453,1.7377698622599531,1.5467414248242835,1.0059714556256119,0.03963636363636366,0.0,0.008000000000000052,0.014545454545454573,0.0061818181818182215,0.016000000000000004,0.000363636363636366,0.0,0.0,0.0,0.000363636363636366,0.004727272727272758,0.0,0.000363636363636366,0.000727272727272732,0.0021818181818181958,0.000727272727272732,0.000727272727272732,0.005090909090909123,0.000363636363636366,0.000363636363636366,0.0,0.000363636363636366,0.000727272727272732,0.0,0.000363636363636366,0.0,0.0
48,48,0.9927272727272727,0.9927781586605116,0.9954954954954955,0.9994900560938297,2.9505403223271713,1.803427268586252,1.294893564778471,1.0831241329519612,2.015266008298656,0.008727272727272672,0.0007272727272726986,0.005818181818181767,0.015636363636363615,0.010909090909090868,0.02181818181818177,-0.0025454545454545617,0.0007272727272726986,-0.00036363636363637706,-0.0021818181818181958,0.007999999999999941,0.019636363636363584,-0.0025454545454545617,0.0047272727272726685,0.012363636363636332,-0.001090909090909109,-0.003272727272727294,0.002545454545454506,-2.2204460492503132e-17,-0.0007272727272727541,-0.00036363636363638817,-0.003272727272727294,0.0014545454545454085,-0.002909090909090928,0.0014545454545454195,0.0010909090909090534,0.0003636363636363438,0.0003636363636363549
49,49,0.9745454545454545,0.9748161047618865,0.9695584684373922,0.9963780614004829,2.448899030046135,2.376865389217861,1.33191075956777,1.4425957865488335,1.6047376034831853,0.0363636363636363,0.0018181818181817854,0.0069090909090908535,0.014181818181818118,0.003636363636363582,0.022181818181818136,0.00363636363636356,0.006545454545454488,0.010909090909090868,-3.3306690738754695e-17,0.0018181818181817854,0.0025454545454544953,0.003636363636363582,0.006545454545454488,0.0018181818181817633,0.006545454545454477,-0.003272727272727294,-0.00036363636363638817,0.0014545454545454195,0.0007272727272726986,0.0010909090909090534,0.0018181818181817744,0.00618181818181811,0.004727272727272647,0.0032727272727271937,0.0014545454545454085,0.0021818181818181403,-0.0007272727272727431
50,50,0.9963636363636363,0.9963779703912742,0.997787610619469,0.9991872855336825,3.0104352935386354,1.5923127140947457,1.5427717671757346,1.1213777732264558,1.6748430891006827,0.025454545454545452,0.005454545454545445,0.012363636363636344,0.02218181818181817,0.014181818181818162,0.025818181818181796,0.008363636363636306,0.009454545454545415,0.005454545454545445,0.005818181818181789,0.005818181818181789,0.011999999999999966,0.0058181818181818005,0.003999999999999992,0.013090909090909065,0.009818181818181771,0.000727272727272732,0.0025454545454545617,0.011272727272727235,0.00654545454545451,0.0058181818181818005,0.010181818181818158,0.013818181818181795,0.013090909090909065,0.010181818181818148,0.005818181818181789,0.0072727272727272415,0.004000000000000015
51,51,0.9854545454545455,0.9854545454545455,0.9762849258364954,0.9990513970334599,2.782342725675185,2.0066574266138963,1.4434348703447604,0.8929847850212705,2.011948256255977,0.032363636363636386,-0.0040000000000000036,0.0021818181818181958,0.005090909090909123,0.001454545454545464,0.010909090909090969,-0.004000000000000015,-0.000363636363636366,-0.0036363636363636485,-0.000363636363636366,0.0021818181818181958,0.01818181818181821,0.000363636363636366,0.0010909090909090979,0.000363636363636366,-0.0036363636363636264,-0.0021818181818181958,0.001454545454545464,-0.000727272727272732,-0.0040000000000000036,-0.002909090909090928,-0.0010909090909090979,-0.000363636363636366,0.0,0.0,-0.003272727272727294,-0.0036363636363636485,-0.0018181818181818299
52,52,0.9890909090909091,0.9889835435417744,0.9741379310344828,0.9996821865564913,2.307151136633701,1.9640722937290869,1.2692661797645366,2.1648942364922084,1.7586578959247128,0.029454545454545476,0.0043636363636363916,0.013818181818181874,0.019636363636363674,0.01090909090909098,0.025090909090909143,0.000727272727272732,0.007636363636363686,0.000727272727272732,0.0010909090909090979,0.002909090909090939,0.0010909090909091313,0.000363636363636366,0.000363636363636366,0.008363636363636417,0.001454545454545475,0.0,0.0018181818181818299,0.004727272727272758,0.0010909090909090979,0.000727272727272732,0.0018181818181818299,0.0021818181818181958,0.0021818181818181958,0.0010909090909090979,0.0010909090909090979,0.0018181818181818299,0.001454545454545464
53,53,0.9781818181818182,0.9784312915616868,0.9800387596899225,0.997829457364341,2.7210536270998333,2.111481907173315,1.5488886511104507,1.0211940882207458,1.6361925517174594,0.028727272727272702,-0.0025454545454545617,0.011272727272727235,0.011636363636363611,0.00654545454545451,0.014181818181818151,0.0069090909090908535,0.0032727272727272826,0.0010909090909090979,0.000727272727272732,-0.001454545454545464,0.006181818181818166,0.0,-0.003272727272727294,0.0021818181818181737,-0.0010909090909090979,0.0,0.000363636363636366,0.0010909090909090868,0.0,0.000363636363636366,0.000363636363636366,0.005090909090909068,0.000727272727272732,0.000363636363636366,-0.0025454545454545617,0.0,-0.002909090909090928
54,54,0.9672727272727273,0.967372270148304,0.9545276208411801,0.9960765850596359,2.2968305628320262,1.5078164849531197,1.7277240988128704,1.9353286536859142,2.3454045277168936,0.016000000000000004,0.006909090909090953,0.0061818181818182,0.011272727272727257,0.0032727272727272826,0.014909090909090917,0.000363636363636366,0.0036363636363636598,0.000363636363636366,0.000727272727272732,0.000727272727272732,-0.0010909090909090758,0.0043636363636363916,-0.0018181818181818299,0.0036363636363636485,0.005818181818181845,-0.0029090909090909167,0.000363636363636366,0.004727272727272758,0.0,0.0021818181818181958,-0.0003636363636363549,-0.0032727272727272826,0.005090909090909123,-0.0021818181818181958,0.0,-0.004727272727272724,0.000727272727272732
55,55,0.9563636363636364,0.9569742675625027,0.9436012418075199,0.9945670921007244,2.463225980266767,2.151193264432073,1.3271780327277156,1.3445892783694153,2.582676644748763,0.012727272727272776,0.008727272727272783,-0.0025454545454544953,2.2204460492503132e-17,-0.0025454545454544953,0.003636363636363671,-0.0021818181818181294,0.003636363636363671,-0.003999999999999937,-0.006545454545454477,-0.006545454545454477,4.4408920985006264e-17,-0.003272727272727205,-0.009454545454545415,-0.00545454545454539,0.005090909090909135,-0.00545454545454539,-0.002909090909090861,0.00545454545454549,-0.006181818181818122,-0.010545454545454502,0.004000000000000026,-0.0018181818181817633,0.0036363636363636598,-0.0010909090909090647,-0.0018181818181817854,-0.002545454545454506,-0.007636363636363575
56,56,0.9781818181818182,0.9780026031237486,0.9547588947083259,0.9974715549936788,2.626962172447222,1.9012549509191268,1.499319426818696,1.5105924851031611,1.9352253843472909,0.0407272727272727,0.0,0.000727272727272732,-0.0036363636363636598,-1.1102230246251566e-17,-0.00036363636363638817,0.0,0.0036363636363636598,0.0,0.0,0.0036363636363636377,0.0072727272727272415,-0.0061818181818182215,-0.004727272727272758,0.0,0.00436363636363637,0.0036363636363636598,0.0,0.002545454545454551,0.004727272727272735,0.000363636363636366,0.000363636363636366,0.000363636363636366,0.0,-0.0021818181818181958,0.0021818181818181958,0.0,-0.000363636363636366
57,57,0.9854545454545455,0.9854545454545455,0.9772727272727273,0.9992561983471074,2.5685889981714265,1.9543060060441837,1.3050981593770785,1.3765021231368535,2.1072622332440205,0.022545454545454546,0.0036363636363636598,0.010909090909090946,0.011636363636363677,0.011636363636363677,0.012727272727272754,0.0036363636363636598,0.0025454545454545617,0.0036363636363636598,0.0021818181818181958,0.0025454545454545617,0.009454545454545483,0.0,-0.000727272727272732,0.0025454545454545617,0.002909090909090928,-0.000363636363636366,0.0,0.0018181818181818299,0.003272727272727294,0.000363636363636366,0.0,0.002181818181818207,0.000363636363636366,0.000727272727272732,0.0010909090909090979,0.0,0.000363636363636366
58,58,0.9672727272727273,0.9673774022079868,0.9534443907934975,0.9968614196040559,1.981505180214946,1.7238420485047043,1.1624571944028343,2.0303208156343535,2.7537668832906963,0.028000000000000004,-0.002545454545454551,0.006545454545454554,0.008000000000000007,0.005090909090909102,0.007636363636363663,-0.0032727272727272826,0.0043636363636363916,-0.002909090909090928,-0.00509090909090909,0.0025454545454545617,0.002545454545454573,-0.015999999999999993,0.000727272727272732,0.0058181818181818334,0.0010909090909090979,-0.0065454545454544984,-0.005090909090909068,0.0036363636363636598,-0.0032727272727272826,-0.004727272727272714,-0.0029090909090908833,-0.000727272727272732,-0.006909090909090876,0.0,-0.0029090909090909054,0.0036363636363636598,-0.0036363636363636377
59,59,0.9927272727272727,0.9926736492207345,0.9811320754716981,0.9994900560938297,2.78654412879746,1.798576841372924,1.5018475313150252,1.4997260069491578,1.906301506176828,0.030181818181818133,-0.0036363636363636598,0.005818181818181755,0.010909090909090868,0.00545454545454539,0.01854545454545451,-0.0036363636363636598,-0.002909090909090928,-0.0018181818181818299,0.0,0.003636363636363582,0.005818181818181745,0.0007272727272727098,0.0,0.004363636363636292,0.0010909090909090647,0.0,0.0,-0.0018181818181818299,0.0,0.0,0.0,0.0003636363636363549,-1.1102230246251566e-17,0.0003636363636363549,0.0,0.0003636363636363549,-0.002909090909090928
60,60,0.9854545454545455,0.9855707882509399,0.9829754038179148,0.9980726872246697,2.7139316879712445,1.4662378778718268,1.421882217343856,1.709251483670115,2.0632319478062633,0.029818181818181844,0.010181818181818247,0.008727272727272773,0.013090909090909108,0.010909090909090957,0.009818181818181837,0.003272727272727294,0.00545454545454549,0.000363636363636366,0.010545454545454613,0.0061818181818182215,0.012000000000000021,-0.002909090909090928,0.0010909090909090979,0.004727272727272758,0.0036363636363636598,-0.000363636363636366,0.004727272727272758,0.004727272727272758,0.0010909090909090979,0.0,0.0072727272727273196,0.0018181818181818299,0.000363636363636366,0.003272727272727294,0.003272727272727294,0.000727272727272732,0.000727272727272732
61,61,0.9709090909090909,0.9715358583283112,0.9744444444444444,0.9973333333333334,2.955760602029882,2.703210873263416,1.5191087179276022,0.9566719864513156,1.3376008864943727,0.024727272727272775,0.008363636363636417,0.0061818181818182215,0.0032727272727273047,0.006909090909090953,0.005090909090909123,0.0021818181818181958,0.006909090909090953,-0.0007272727272727098,0.004000000000000026,0.0007272727272727431,5.551115123125783e-17,0.003272727272727294,0.0061818181818182215,0.005818181818181856,-0.005090909090909046,0.001090909090909109,0.005454545454545478,-0.003999999999999948,0.0061818181818182215,0.001818181818181852,-0.00363636363636356,0.004727272727272769,0.002545454545454573,0.002181818181818218,0.004000000000000048,-0.0014545454545454195,0.0007272727272727541
62,62,0.9890909090909091,0.9891316632803568,0.9857317927170868,0.9993872549019608,2.707795571563429,1.508111881906109,1.53426735371612,1.8210862483686483,1.7212007531286553,0.021090909090909115,0.0010909090909090979,0.011272727272727346,0.010545454545454613,0.004000000000000026,0.013818181818181886,0.0,0.006545454545454588,0.0025454545454545617,0.0,0.001454545454545464,0.0043636363636363916,0.0,0.000363636363636366,0.001454545454545464,0.0021818181818181958,0.0,0.000363636363636366,0.005818181818181856,0.000727272727272732,0.0,0.0,0.002909090909090928,-0.002909090909090839,0.000363636363636366,0.000363636363636366,0.0,0.0
63,63,0.9745454545454545,0.9750085120871638,0.9766666666666667,0.9959111111111111,2.312848274352159,1.3397139559956923,2.127192609749071,1.2789471434335744,2.1953991532541637,0.02072727272727265,0.0,0.0047272727272726685,0.006909090909090842,0.002545454545454506,0.011272727272727235,0.002909090909090839,-0.000363636363636366,0.0,0.0,-0.002909090909090928,-4.4408920985006264e-17,0.0,-0.000727272727272732,-0.0021818181818181958,0.003999999999999915,-0.002909090909090928,-0.002909090909090928,0.008363636363636318,-0.00545454545454549,-0.0036363636363636598,0.0,0.0003636363636363438,0.0,-0.000363636363636366,-0.004000000000000026,-0.00036363636363637706,-0.005090909090909123
64,64,0.9854545454545455,0.9855537190082646,0.9839534104239986,0.9986592927769399,2.9025715433981483,1.9111742089833856,1.3292524838381554,1.0104018518905555,2.2017767342598646,0.01890909090909091,-0.0025454545454545617,-0.0014545454545454527,0.006909090909090953,0.003272727272727294,0.009454545454545493,-0.003272727272727294,0.000363636363636366,0.0,0.0,-0.0025454545454545617,0.012000000000000021,-0.000363636363636366,0.002909090909090928,0.0043636363636363916,-0.0025454545454545617,-0.002909090909090928,-0.002909090909090928,-0.004363636363636359,-0.003272727272727294,-0.000727272727272732,-0.003272727272727294,-0.0036363636363636598,-0.002545454545454551,-0.0032727272727272826,-0.000727272727272732,0.001454545454545464,-0.002909090909090928
65,65,0.9781818181818182,0.9783268101761252,0.9727272727272727,0.998595041322314,2.9485838199679875,2.298349819209656,1.9167154294838755,0.7452415281969025,1.1339794081589363,0.014181818181818162,-0.0036363636363636598,0.005818181818181778,0.0021818181818181737,0.0058181818181818005,0.006909090909090876,0.0,-0.003272727272727294,-0.003272727272727294,-0.002909090909090928,0.0,0.0036363636363636264,-0.0036363636363636598,-0.0018181818181818299,-0.0043636363636363916,-0.0025454545454545617,-0.004727272727272758,-0.0043636363636363916,-0.0025454545454545617,-0.006545454545454588,-0.0018181818181818299,-0.003272727272727294,-0.0061818181818182215,-0.004000000000000026,-0.003272727272727294,-0.004727272727272758,-0.0025454545454545617,0.0021818181818181958
66,66,0.9709090909090909,0.9702984597102243,0.9363029132464188,0.9975052309673265,3.387988868632686,1.1700807784156253,1.2095960688561205,1.877159415453739,1.934818479118699,0.031272727272727306,0.004727272727272758,0.005090909090909135,0.01054545454545459,0.004000000000000026,0.012727272727272754,0.0,-0.0010909090909090647,0.003272727272727294,0.0036363636363636598,0.0043636363636363916,0.00618181818181821,0.006545454545454588,-0.00036363636363632155,0.001454545454545464,0.006545454545454588,0.000727272727272732,0.000727272727272732,0.007636363636363686,0.008363636363636417,0.001454545454545464,0.001454545454545464,0.004000000000000026,-0.0014545454545453972,0.002909090909090928,0.0061818181818182215,0.0043636363636363916,-0.002181818181818118
67,67,0.9890909090909091,0.9891389656095539,0.9845410628019324,0.9990338164251208,2.560492830099547,1.6519407185222377,1.3872966623765408,1.606657360632537,2.1914789739486165,0.04327272727272731,0.000363636363636366,0.00545454545454549,0.003636363636363671,0.0018181818181818299,0.0061818181818182215,-0.006545454545454477,-0.0032727272727271937,0.000363636363636366,1.1102230246251566e-17,1.1102230246251566e-17,0.02254545454545458,2.2204460492503132e-17,0.008363636363636406,0.0007272727272727431,0.0032727272727273047,0.0,1.1102230246251566e-17,0.001090909090909109,0.0018181818181818299,0.0,0.001090909090909109,0.001454545454545464,0.001454545454545464,0.003272727272727294,0.0036363636363636598,0.004000000000000026,0.0
68,68,0.9745454545454545,0.9749849742510293,0.9769317005864091,0.9973266643670231,2.857439141608777,1.6590769823620442,0.7683940223462332,1.8125153851328828,2.231945665780095,0.013090909090909042,0.003999999999999915,0.0065454545454544984,0.009090909090909038,0.007999999999999952,0.005818181818181755,0.0007272727272727098,0.0043636363636362805,0.0036363636363635488,-0.002545454545454573,-0.002909090909090939,-0.0040000000000000365,-0.0018181818181818299,-0.0021818181818181958,0.00545454545454539,-2.2204460492503132e-17,-0.001090909090909109,0.0003636363636363438,0.0025454545454544953,0.0003636363636363549,-0.000363636363636366,-0.005090909090909123,0.0003636363636363549,0.0010909090909090758,0.0010909090909090647,0.0007272727272727098,-0.0021818181818181958,-0.0043636363636363916
69,69,0.9854545454545455,0.9854545454545455,0.9759278711484594,0.9978991596638656,2.735797505876142,2.1598361406761604,1.4947638528707985,1.7411748710199448,1.0949981220957443,0.03236363636363636,-0.003272727272727294,0.004727272727272758,0.005818181818181856,0.002909090909090928,0.01563636363636366,-0.0036363636363636598,-0.002909090909090928,-0.002909090909090928,-0.003272727272727294,0.0021818181818181958,0.02072727272727274,-0.0025454545454545617,-0.000363636363636366,-0.000363636363636366,0.001454545454545464,0.0,0.0,0.0,-0.001454545454545464,0.000727272727272732,-0.000363636363636366,0.006909090909090953,-0.003272727272727294,0.0018181818181818299,0.0025454545454545617,-0.00436363636363637,0.0010909090909090979
70,70,0.9854545454545455,0.9855512067840836,0.9840909090909091,0.9992561983471074,2.899591352408108,2.158469798845687,1.2414173226881902,1.2094267245996546,1.9342115374877886,0.029090909090909077,-0.003272727272727294,0.010181818181818203,0.010181818181818203,0.011636363636363656,0.0112727272727273,0.003272727272727294,0.0,0.000363636363636366,0.0,1.1102230246251566e-17,0.001454545454545475,-0.0036363636363636485,-0.001454545454545464,0.003272727272727294,-0.000727272727272732,-0.0018181818181818299,-0.0021818181818181958,-0.000727272727272732,-0.0014545454545454527,-0.00436363636363638,-0.0018181818181818299,-0.0065454545454544984,-0.0010909090909090979,0.000363636363636366,0.000363636363636366,0.0010909090909090979,-0.005090909090909079
71,71,0.9636363636363636,0.9634123723106774,0.9406976744186046,0.9965116279069768,2.620494716801469,2.261809960756914,1.7829240331336433,1.4753350419170768,1.0346351771657447,0.046909090909090914,-0.004000000000000026,-0.00763636363636363,-0.000363636363636366,-0.0029090909090909167,0.007272727272727264,-0.002909090909090928,-0.00800000000000003,-0.002909090909090928,-0.001454545454545464,-0.001454545454545464,0.0003636363636363438,-0.0018181818181818299,-0.0065454545454545765,-0.010181818181818158,-0.006545454545454588,0.0010909090909090979,-0.008727272727272728,-0.007636363636363641,-0.004000000000000026,0.0,-0.007272727272727297,-0.009090909090909094,-0.0021818181818181958,-0.000727272727272732,-0.004727272727272747,-0.001454545454545464,-0.0036363636363636485
72,72,0.9818181818181818,0.9818826223459037,0.9743753187149413,0.997790243073262,2.770512475811103,2.040831086469113,1.5955638139654862,0.45631339401131416,2.0528604831486446,0.02218181818181818,-0.003272727272727294,0.007272727272727264,0.014545454545454539,0.013454545454545464,0.024363636363636365,0.0,0.004727272727272747,0.0010909090909090979,0.000363636363636366,0.00690909090909092,0.018909090909090896,0.002909090909090928,0.0021818181818181958,0.009818181818181827,0.01018181818181817,0.001454545454545464,0.005818181818181845,0.006545454545454565,-0.000363636363636366,0.004000000000000026,0.006545454545454588,0.003272727272727294,0.011636363636363634,0.0018181818181818299,0.004000000000000026,0.0014545454545454527,0.001454545454545464
73,73,0.9672727272727273,0.9680054518195448,0.9726411932294285,0.9952237305178481,2.1486587232862986,1.8218633119814711,1.581606435425286,1.9382922470766155,2.2069907312193466,0.010909090909090924,-0.0010909090909090979,0.009090909090909084,0.007272727272727287,0.007272727272727275,0.015272727272727271,-0.002181818181818185,-0.001454545454545464,-0.0021818181818181958,-0.005818181818181789,-0.0018181818181818299,0.008363636363636373,-0.009818181818181781,0.000727272727272732,0.004000000000000026,-0.0029090909090909054,0.001454545454545464,-0.0029090909090909167,-0.0040000000000000036,0.005090909090909123,0.003272727272727294,-0.005454545454545423,0.0043636363636363916,-0.0032727272727272605,0.003272727272727294,0.00436363636363638,0.000727272727272732,-0.004363636363636359
74,74,0.9818181818181818,0.9818734834157244,0.9761064030131827,0.9977244193345889,2.555145820640809,1.909348669703849,2.0014485569167673,1.4633883122913374,1.437926403826899,0.025818181818181806,0.0036363636363636598,0.008000000000000018,0.0018181818181818299,0.00945454545454546,0.0032727272727272718,-0.000727272727272732,0.002909090909090928,0.006909090909090953,0.0,-0.004000000000000026,0.0025454545454545617,0.0036363636363636598,0.000363636363636366,0.0025454545454545617,0.002909090909090928,0.0,-0.000363636363636366,0.005454545454545478,-0.004727272727272758,-0.0036363636363636598,-0.003272727272727294,-0.0018181818181818299,0.0,-0.000727272727272732,-0.000727272727272732,0.0,-0.0018181818181818299
75,75,0.9781818181818182,0.978342688701433,0.9714635854341737,0.998249299719888,2.721237859042913,1.3527254997645863,1.8017812722321012,1.251748129715841,2.3727734760755044,0.030909090909090886,-0.003272727272727294,0.007999999999999974,0.007999999999999962,0.0072727272727272415,0.003999999999999992,-0.0036363636363636598,-0.0036363636363636598,-0.004000000000000026,-0.003272727272727294,0.0032727272727272718,-0.0007272727272727541,-0.003272727272727294,-0.0036363636363636598,-0.000727272727272732,-0.000727272727272732,-0.003272727272727294,0.000363636363636366,-0.0021818181818181958,0.0010909090909090979,-0.003272727272727294,-0.002909090909090928,0.000727272727272732,-0.004727272727272758,-0.0010909090909090979,0.0,-0.006909090909090953,-0.0010909090909090979
76,76,0.9745454545454545,0.9744619480072387,0.9580315467568002,0.9970223724448737,2.4583543767558504,1.4870177327915177,1.5305499740993906,2.226537358684763,1.866696715415385,0.02254545454545449,-0.0007272727272727653,0.012727272727272676,0.012727272727272676,0.002181818181818118,0.01418181818181814,0.003999999999999937,0.0021818181818181403,0.002909090909090839,0.00290909090909085,-0.002909090909090928,0.009454545454545405,-3.3306690738754695e-17,0.003999999999999937,0.005818181818181745,0.00290909090909085,-0.00036363636363637706,0.0003636363636363438,0.003999999999999948,-0.00036363636363638817,0.004727272727272647,0.0010909090909090313,0.0003636363636363438,0.0025454545454544953,-0.0025454545454545617,-0.0018181818181818299,0.0021818181818181294,-0.000727272727272732
77,77,0.9709090909090909,0.9709090909090909,0.9477881146762863,0.9975318017846971,2.5327946353369266,1.5668426840490586,1.4858684757381184,2.2749978003738223,1.656958112342951,0.00036363636363638817,-0.0007272727272726986,0.0043636363636363916,5.551115123125783e-17,-0.0010909090909090424,0.005090909090909123,-0.002909090909090839,0.00036363636363638817,-0.0032727272727271937,-0.002909090909090839,1.1102230246251566e-17,0.011636363636363667,-0.006181818181818122,-0.00727272727272722,0.0,0.0014545454545454861,-0.0003636363636363549,-0.0010909090909090758,3.3306690738754695e-17,-0.0018181818181817744,-0.0003636363636363549,-0.0007272727272727098,0.000727272727272732,-0.004363636363636292,-0.0010909090909090647,-0.0007272727272727098,0.000363636363636366,0.0
78,78,0.9818181818181818,0.9820654570270695,0.9797514033680834,0.9982959101844426,2.5900842761280223,1.6584006924188763,1.8636855657197011,1.417973924970706,1.8194046362073815,0.02218181818181817,0.0065454545454545765,0.003272727272727294,0.000363636363636366,-0.003272727272727294,0.000727272727272732,0.0025454545454545617,0.0036363636363636598,0.0021818181818181958,0.0043636363636363916,0.001454545454545464,0.00690909090909092,0.0010909090909090979,0.0058181818181818334,0.0,0.007272727272727287,0.0018181818181818299,0.003272727272727294,0.005818181818181845,0.0032727272727272826,0.0025454545454545617,0.004000000000000015,0.0018181818181818299,0.004000000000000026,-0.0010909090909090979,0.0010909090909090979,0.0,0.003272727272727294
79,79,0.9745454545454545,0.9747720048546495,0.971476773383553,0.9965473948524796,2.756743454839724,1.9045265205814002,1.037794566223838,1.8481377716463139,1.829717349185574,0.03745454545454539,0.0036363636363635488,0.0010909090909090647,-0.004363636363636414,0.0018181818181817744,0.005454545454545412,0.00363636363636356,0.0036363636363635488,0.0007272727272727098,0.0003636363636363549,0.0039999999999999255,0.013090909090909042,0.0003636363636363549,-0.001818181818181841,0.00363636363636356,0.0007272727272727098,0.0007272727272727098,0.0007272727272727098,-2.2204460492503132e-17,0.003999999999999915,0.003999999999999915,0.0003636363636363549,0.007636363636363575,0.0,0.003999999999999915,0.003999999999999915,0.0036363636363635488,0.0036363636363635488
80,80,0.9818181818181818,0.9815550835942678,0.9609375,0.9991113744075829,2.1628016025253087,2.3478490874468148,0.9037906351121561,1.3251989647719773,2.4250081615237455,0.042181818181818174,0.002909090909090928,0.008727272727272717,0.012363636363636354,0.00545454545454549,0.02290909090909089,0.0010909090909090979,-0.002909090909090928,0.007272727272727308,-0.000727272727272732,0.009090909090909094,0.025090909090909073,-0.0025454545454545617,-0.0061818181818182215,0.010545454545454558,-0.004727272727272747,0.0018181818181818299,0.005090909090909113,-0.005818181818181856,0.0036363636363636598,0.0025454545454545617,0.000363636363636366,-0.00545454545454549,0.000727272727272732,0.000727272727272732,-0.004000000000000026,0.003272727272727294,-0.001454545454545464
81,81,0.9709090909090909,0.9711024135681671,0.9613636363636364,0.9958677685950413,1.9369328499969454,2.0166206596889267,2.387024743446403,1.0764417469330596,1.787067921833045,0.027272727272727317,-0.002545454545454484,0.002545454545454573,0.008363636363636396,0.001818181818181841,0.011272727272727323,-0.0047272727272726685,-0.00036363636363632155,-0.009090909090909038,-0.0003636363636363438,0.0010909090909091202,0.0123636363636364,-0.0018181818181817744,0.004727272727272758,0.007272727272727308,-0.00036363636363632155,0.0018181818181818299,0.00545454545454549,-0.0014545454545454085,-0.00290909090909085,0.004000000000000026,0.0010909090909090979,-0.0025454545454544953,-0.00036363636363633266,0.0010909090909091202,-0.0021818181818181294,2.2204460492503132e-17,0.005818181818181856
82,82,0.9709090909090909,0.9715525729875505,0.97430919270363,0.9951237132020949,2.288106950156632,2.2939327266515943,1.810430263524353,1.5013586564967054,1.1998205202349563,0.014909090909090927,0.0036363636363636598,0.012000000000000021,0.010909090909090924,0.009090909090909139,0.01563636363636366,-0.0003636363636363549,0.000727272727272732,-0.0003636363636363549,-0.0003636363636363549,0.006909090909090953,0.004727272727272758,0.00036363636363637706,0.001090909090909109,0.006545454545454588,-0.0007272727272726986,0.000363636363636366,0.000727272727272732,0.0025454545454545617,0.0007272727272727431,0.004000000000000026,0.0010909090909090979,2.2204460492503132e-17,0.0010909090909090979,0.0007272727272727541,-0.0003636363636363549,0.0036363636363636598,3.3306690738754695e-17
83,83,0.9818181818181818,0.9821241411218632,0.9887387387387387,0.9965153833078362,2.187188456419507,1.5048122276540865,2.240242778019932,1.2909850922947907,2.0693154604312363,0.023636363636363622,0.0036363636363636598,0.019272727272727285,0.016363636363636358,0.012,0.02036363636363635,0.000363636363636366,0.000363636363636366,0.0,0.0,0.000363636363636366,0.014909090909090894,0.0025454545454545617,0.001454545454545464,0.001454545454545464,0.0025454545454545617,0.0,-0.000363636363636366,0.008000000000000007,0.0032727272727272826,0.0036363636363636598,0.003272727272727294,0.01781818181818181,0.0036363636363636598,0.0010909090909090979,0.0040000000000000036,0.0036363636363636598,0.0021818181818181958
84,84,0.9818181818181818,0.9820686340706444,0.9883177570093458,0.9990807415351617,2.7918999742174138,1.8393813766831801,1.4519071397019776,1.9005503959621557,1.342049774587833,0.017454545454545445,0.006909090909090953,0.006545454545454554,0.0061818181818181885,0.005454545454545478,0.008727272727272728,0.0072727272727273196,0.006909090909090943,0.0021818181818181958,0.0025454545454545617,-0.0018181818181818299,0.010909090909090913,0.001454545454545464,0.0029090909090909167,0.001454545454545464,0.003272727272727294,-0.00545454545454549,-0.0018181818181818299,0.004000000000000026,-0.001454545454545464,0.001454545454545464,0.0010909090909090979,0.0018181818181818299,0.004727272727272758,0.0032727272727272826,0.0,0.001454545454545464,-0.000363636363636366
85,85,0.9745454545454545,0.9742817427221097,0.9507909328114807,0.9955968688845401,2.359313813259919,1.9035140181492884,1.3395101493475217,1.2585148676023523,2.1022876018333805,0.03672727272727268,0.00363636363636356,0.017090909090909035,0.018909090909090855,0.013818181818181752,0.020363636363636306,0.0007272727272727208,0.0007272727272727098,0.0007272727272727098,0.0003636363636363549,-0.0007272727272727653,0.008363636363636306,0.008363636363636306,0.006545454545454488,0.011272727272727222,-0.0007272727272727653,0.0010909090909090758,0.0010909090909090758,-0.0010909090909091202,0.0014545454545454195,0.0032727272727271937,-0.0036363636363636598,-0.001454545454545464,-0.002181818181818207,0.0021818181818181403,-2.2204460492503132e-17,0.00545454545454539,-0.00036363636363638817
86,86,0.9927272727272727,0.9927272727272727,0.98992673992674,0.9985347985347985,2.485410779571292,2.3243847592126894,1.3657342774691084,1.9859517912090305,0.7387030101487441,0.06872727272727269,0.0,0.017818181818181778,0.026909090909090848,0.011636363636363601,0.024727272727272674,0.0,0.0,0.0,0.0,0.003636363636363582,0.008363636363636306,0.0007272727272727098,0.0014545454545454306,0.008363636363636306,0.002545454545454484,0.0,0.0,0.004363636363636292,0.0,0.0007272727272727098,0.0,0.0025454545454544953,0.0032727272727271937,0.0014545454545454195,0.0021818181818181294,0.0,0.0
87,87,0.9745454545454545,0.9747610695187164,0.9719243143863949,0.9961697563965068,2.856537958714905,1.3311129472667111,1.966984427645475,1.236150574614877,1.934333758437138,0.05781818181818177,-0.000363636363636366,0.005818181818181745,0.013818181818181752,0.005818181818181745,0.014909090909090872,0.0003636363636363549,0.0003636363636363549,-0.00036363636363637706,0.0003636363636363549,0.0032727272727271937,0.004727272727272691,0.003999999999999915,-0.0007272727272727431,0.00363636363636356,-0.001454545454545475,0.0003636363636363549,0.0036363636363635488,0.002545454545454506,-0.0036363636363636598,-0.0036363636363636598,0.0036363636363635488,-0.003272727272727294,0.0036363636363635488,0.0003636363636363549,-0.001454545454545475,-0.0021818181818181958,0.0
88,88,0.9854545454545455,0.9854545454545455,0.9781503257587796,0.9989671063085969,2.42518653522626,1.7874473644432933,2.093981205853539,0.5356263728464662,2.4594581165208775,0.03563636363636365,-0.0036363636363636598,0.01636363636363637,0.014181818181818207,0.01200000000000001,0.021090909090909094,0.004000000000000026,0.0018181818181818299,-0.0025454545454545617,-0.002909090909090928,0.009454545454545483,0.02581818181818184,0.000363636363636366,0.004727272727272747,0.006909090909090943,0.0036363636363636598,-0.002909090909090928,0.0036363636363636598,0.008727272727272773,0.003272727272727294,0.000727272727272732,0.003272727272727294,0.005090909090909123,0.0021818181818181958,0.0010909090909090979,0.0018181818181818299,0.0025454545454545617,0.0
89,89,0.9745454545454545,0.9744619480072387,0.9580315467568002,0.998229518751006,1.8907007327324457,1.464902200438402,1.0784761524810584,2.7757504596651343,2.001158259864117,0.048727272727272695,-0.00036363636363637706,0.0072727272727272085,0.005090909090909035,0.003636363636363582,0.015272727272727205,0.003272727272727205,-0.002181818181818207,0.002909090909090839,0.002545454545454484,-0.0021818181818181958,-0.0010909090909091313,0.003636363636363582,-0.002181818181818207,0.002909090909090839,0.003636363636363582,-0.002181818181818207,-0.001454545454545475,0.005090909090909035,0.002545454545454484,-0.0072727272727273196,0.0010909090909090534,-0.000363636363636366,-0.001454545454545464,0.0003636363636363438,-0.00036363636363637706,-0.008363636363636417,0.0010909090909090647
90,90,0.9709090909090909,0.9702656088306313,0.9340909090909091,0.9983471074380165,2.8130493486192027,1.409176007216893,1.4267781509280393,1.8276947124888725,1.865578149330424,0.024363636363636386,-0.0003636363636363105,0.012727272727272743,0.013454545454545464,0.009090909090909139,0.014181818181818195,0.0043636363636363916,-0.003999999999999937,0.002909090909090928,0.0007272727272727431,-0.0010909090909090534,-0.00036363636363632155,0.00036363636363638817,0.003272727272727294,0.00618181818181821,-0.003999999999999948,0.003272727272727294,-0.0010909090909090534,-0.00036363636363633266,0.002545454545454573,0.004000000000000026,0.004000000000000026,0.0036363636363636598,0.0043636363636363916,0.001818181818181841,0.002181818181818207,0.007636363636363686,0.000363636363636366
91,91,0.9636363636363636,0.9634653151726322,0.947942557304612,0.9969621651477493,2.8105579574680677,2.0002008190986444,1.7599624928457456,1.7790300910116346,0.7253681338186456,0.042181818181818174,-0.004000000000000026,0.009818181818181781,0.006909090909090876,0.010545454545454502,0.012727272727272698,-0.0043636363636363916,-0.0036363636363636598,-0.000727272727272732,0.0,0.0029090909090909054,-0.0007272727272727431,-0.005090909090909123,-0.0010909090909090979,0.0018181818181818188,0.00436363636363637,0.000363636363636366,-0.0043636363636363916,-0.0003636363636363549,0.003999999999999992,0.000363636363636366,-0.0036363636363636598,0.006181818181818155,-0.0025454545454545617,0.0007272727272727208,0.0025454545454545396,0.000363636363636366,-0.00436363636363638
92,92,0.9781818181818182,0.9780539576862544,0.9630470998031198,0.997955474784189,3.1861230971981307,2.0748423176262967,1.4431334300793601,1.1186549086776725,1.2893414957044496,0.01927272727272724,-0.0036363636363636598,0.007636363636363575,0.018181818181818153,0.008363636363636328,0.018909090909090855,-0.003272727272727294,-0.003272727272727294,-0.004000000000000026,-0.000727272727272732,0.006545454545454532,0.0010909090909090868,-0.0043636363636363916,0.0010909090909090868,0.004363636363636336,0.0021818181818181958,0.000363636363636366,0.0025454545454545617,-0.000363636363636366,0.0,0.0018181818181818188,0.0036363636363636598,0.0,0.000727272727272732,0.0,0.0,0.0036363636363636043,0.000363636363636366
93,93,0.9818181818181818,0.9820065474062853,0.98155702872684,0.9985551589325175,2.9813058883440964,2.328325066054183,1.7593946821414708,-0.010590735738243297,2.2721723282109902,0.018181818181818177,0.0,0.0025454545454545617,0.005454545454545457,0.003272727272727294,0.013090909090909097,-0.0010909090909090979,-0.000363636363636366,-0.000363636363636366,0.001454545454545464,-0.0032727272727272826,0.019999999999999983,-0.000727272727272732,-0.0018181818181818299,0.0014545454545454527,0.0018181818181818299,-0.0010909090909090979,0.0010909090909090979,0.002909090909090928,0.000727272727272732,-0.0018181818181818299,-0.0018181818181818299,0.0025454545454545617,0.002181818181818185,0.0,0.0018181818181818299,-0.000363636363636366,-0.000727272727272732
94,94,0.9745454545454545,0.9746268683839898,0.9645098985997103,0.9978271366489618,2.6354950674557007,1.840415307929989,1.8901848734282352,1.6793405696299826,1.4191916061211396,0.030181818181818143,-0.0072727272727273196,0.011272727272727235,0.013454545454545408,0.002909090909090839,0.008727272727272695,-0.007636363636363686,-0.004000000000000026,0.0,-0.010181818181818247,0.0003636363636363438,0.011999999999999955,-0.003272727272727294,0.0010909090909090647,-0.0061818181818182215,0.0029090909090908725,-1.1102230246251566e-17,-0.002909090909090928,0.00290909090909085,0.0007272727272726875,-0.0043636363636363916,-0.006545454545454588,-0.0018181818181818633,-0.008000000000000052,0.0003636363636363438,0.0003636363636363549,-0.003272727272727294,-0.0043636363636363916
95,95,0.9672727272727273,0.966924748423029,0.9386363636363636,0.9974380165289256,2.4810479317537726,1.9236688725904636,1.7231818894084192,1.2038631687143297,2.2150610309198173,0.021090909090909115,0.0018181818181818299,-0.0029090909090908946,0.008363636363636361,0.0029090909090909167,0.013454545454545464,0.0,-0.000727272727272732,0.003272727272727294,-0.003272727272727294,-0.0025454545454545396,-0.0007272727272726986,1.1102230246251566e-17,0.002909090909090928,0.0010909090909090979,0.002181818181818185,-0.0021818181818181958,-0.0029090909090909167,-0.0010909090909090979,-0.0010909090909090979,-0.000363636363636366,0.001454545454545464,0.000363636363636366,0.001454545454545464,0.0036363636363636598,-0.000363636363636366,-0.000363636363636366,-0.0032727272727272826
96,96,0.9818181818181818,0.9817600290763708,0.9695296361036072,0.9976958525345622,3.2555404870359106,1.6341413392832376,1.426050067018438,1.0805020850521092,1.797413116962345,0.023999999999999987,0.0065454545454545765,0.012363636363636365,0.019999999999999997,0.00690909090909092,0.019999999999999997,0.0043636363636363916,0.004727272727272747,0.0036363636363636598,0.005454545454545478,-0.0018181818181818299,0.013454545454545464,0.000363636363636366,0.003999999999999981,0.004727272727272735,0.0025454545454545617,-0.002181818181818185,0.000363636363636366,0.004727272727272747,0.003272727272727294,-0.0025454545454545617,0.003272727272727294,0.0025454545454545617,0.0021818181818181958,0.002909090909090928,0.004000000000000026,0.0010909090909090979,0.002909090909090928
97,97,0.9818181818181818,0.9821578000635798,0.9889380530973451,0.9980133646378905,2.816220278297995,1.9513885335890062,1.7079624417888402,1.0496156633596372,1.507633728118531,0.030181818181818164,0.0069090909090909315,0.015272727272727271,0.01454545454545455,0.014181818181818184,0.012363636363636344,0.0,0.005818181818181856,-0.000363636363636366,0.004000000000000015,0.0018181818181818299,0.011272727272727257,0.0010909090909090979,0.007636363636363641,0.012727272727272709,0.001454545454545464,0.0010909090909090979,0.004000000000000026,-0.000363636363636366,0.004000000000000026,0.000363636363636366,-0.002909090909090928,0.007636363636363652,0.002909090909090928,0.004000000000000026,0.0036363636363636598,0.006545454545454565,-0.001454545454545464
98,98,0.9818181818181818,0.9818647337768882,0.9776714513556619,0.9991300565463245,3.3524210572823563,1.8062200390836443,1.3062681585712599,1.5576366200045533,0.787575051011109,0.03890909090909089,-0.000363636363636366,0.01454545454545455,0.013818181818181795,0.012727272727272709,0.014545454545454528,0.0,-0.003272727272727294,-0.0036363636363636598,-0.0072727272727273196,0.0,-0.0021818181818181958,0.0,0.000363636363636366,0.0,0.0,-0.001454545454545464,-0.0036363636363636598,0.000727272727272732,-0.0025454545454545617,0.0,-0.0036363636363636598,0.0018181818181818299,-0.0036363636363636598,-0.003272727272727294,0.0,-0.000727272727272732,-0.0043636363636363916
99,99,0.9636363636363636,0.9636363636363636,0.9460530445699937,0.9941148775894538,2.268003763891052,2.9774712817898124,1.3780409771085051,0.7552014131833567,2.4243913415931555,0.01636363636363637,-0.00545454545454549,0.013818181818181795,0.02036363636363635,0.012727272727272698,0.036,-0.0010909090909090979,0.0007272727272727208,-0.0025454545454545617,-0.0021818181818181958,0.0032727272727272718,0.01963636363636363,-0.003272727272727294,0.0018181818181818078,0.009090909090909084,0.004727272727272724,0.0021818181818181737,0.0032727272727272605,-0.0032727272727272826,0.007636363636363608,0.002545454545454551,0.008363636363636318,0.006181818181818155,0.006545454545454532,0.004363636363636347,0.006909090909090876,0.0032727272727272605,0.0032727272727272605
100,100,0.9745454545454545,0.9746356712842651,0.9626891041985381,0.9963454020057794,2.7058500410021504,2.097972777042325,1.344511315359287,1.2687617903292585,1.2359359978847742,0.03854545454545448,0.005818181818181755,0.009818181818181781,0.009454545454545405,0.009090909090909038,0.010181818181818136,0.007636363636363575,0.010181818181818125,0.005818181818181755,0.0014545454545454195,0.00363636363636356,0.008363636363636306,0.003999999999999915,-0.005090909090909123,0.010181818181818136,-0.0021818181818181958,-0.000727272727272732,0.0039999999999999255,-3.3306690738754695e-17,0.0072727272727272085,-1.1102230246251566e-17,0.0010909090909090758,0.00036363636363633266,-0.001454545454545475,0.0007272727272726986,0.0018181818181817854,-0.00036363636363638817,0.0014545454545454085
101,101,0.9818181818181818,0.9818778293454791,0.975293542074364,0.9982061317677755,2.916805366489636,2.269284824800283,1.5592985470401837,1.3262890852700884,1.3103044822323753,0.025090909090909087,-0.003272727272727294,0.0036363636363636598,0.006545454545454554,0.0021818181818181958,0.00690909090909092,-0.0036363636363636598,-0.002909090909090928,-0.002909090909090928,-0.000363636363636366,0.004000000000000015,0.011636363636363634,0.0,0.000727272727272732,0.002909090909090928,-0.004727272727272758,0.000727272727272732,-0.0010909090909090979,-0.0036363636363636598,-0.0036363636363636598,-0.003272727272727294,-0.005090909090909123,0.0036363636363636598,-0.000363636363636366,0.0018181818181818299,-0.0018181818181818299,-0.0010909090909090979,-0.0043636363636363916
102,102,0.9854545454545455,0.9854545454545455,0.9762849258364954,0.9982752673335633,2.599115130073116,1.6329783519652676,1.6481707233529346,1.2142383494366857,1.9903598164565774,0.04,-0.000727272727272732,0.0036363636363636598,0.003272727272727294,0.003272727272727294,0.003272727272727294,0.0,-0.0021818181818181958,-0.002909090909090928,0.003272727272727294,0.0025454545454545617,0.009454545454545493,-0.000363636363636366,0.007636363636363686,0.008727272727272783,-0.0003636363636363549,-0.0036363636363636377,-0.000363636363636366,-0.0003636363636363549,-0.000727272727272732,0.0036363636363636598,0.004000000000000026,0.004000000000000026,0.0036363636363636598,0.000727272727272732,-0.000363636363636366,0.001454545454545464,0.000727272727272732
103,103,0.9781818181818182,0.9781818181818182,0.9672254886381694,0.9983314794215795,2.9072278028002336,0.9912116547944794,1.686598477347988,0.8696960156686984,2.2122625117270935,0.009818181818181804,0.001454545454545464,0.01781818181818179,0.02109090909090905,0.016363636363636337,0.026909090909090872,-0.000363636363636366,-0.009090909090909139,-0.0061818181818182215,-0.004000000000000026,0.002181818181818185,0.007636363636363608,-0.001090909090909109,-0.003272727272727294,0.009818181818181792,-0.006909090909090953,-0.003272727272727294,-0.004000000000000026,-0.005090909090909123,-0.004000000000000026,-0.000727272727272732,-0.004727272727272758,-0.0043636363636363916,0.005454545454545445,-0.0072727272727273196,0.005090909090909079,0.0010909090909090979,-0.00036363636363637706
104,104,0.9854545454545455,0.9855537190082646,0.9839534104239986,0.9976537623596448,2.340033911208269,2.004955191395489,1.37139552380989,1.2540319275130354,2.062083723702466,0.04981818181818184,0.0043636363636363916,0.0043636363636363916,0.0072727272727273196,-0.000727272727272732,0.012363636363636387,0.002909090909090928,0.004000000000000026,0.0,0.0036363636363636598,0.0021818181818181958,0.01563636363636366,0.0,0.005090909090909123,0.0036363636363636598,0.003272727272727294,0.0,0.000363636363636366,0.0036363636363636598,0.000363636363636366,0.0,0.0,0.0018181818181818299,0.0018181818181818299,0.0021818181818181958,0.002909090909090928,0.003272727272727294,0.001454545454545464
105,105,0.9745454545454545,0.9749423888915807,0.9773727984344422,0.9964938030006523,2.690675472137466,2.451700784374777,1.1957605893935668,1.222519755124693,1.43522346065033,0.02618181818181815,-0.0018181818181818299,0.0072727272727272085,0.01709090909090901,0.006545454545454477,0.019999999999999917,-0.000727272727272732,-0.006545454545454588,-0.004000000000000026,-0.0010909090909090979,0.002909090909090861,0.0021818181818181294,-0.0036363636363636598,0.0014545454545454085,0.006181818181818133,-0.001818181818181852,-0.000363636363636366,-0.0036363636363636598,0.0021818181818181624,0.0018181818181817965,-0.001090909090909109,-0.001454545454545464,0.0010909090909090647,0.0032727272727271937,0.0014545454545454306,0.0007272727272726986,-0.003272727272727294,-0.0025454545454545617
106,106,0.9781818181818182,0.9781818181818182,0.9684004902711812,0.9967059905009958,2.7957947997596833,2.143476932287223,0.9774361784225233,1.4850310974982919,1.932740250655209,0.01927272727272724,-0.0025454545454545617,0.016727272727272702,0.023636363636363587,0.014909090909090894,0.02799999999999996,0.004363636363636359,-0.005818181818181856,0.003999999999999992,0.0,0.009818181818181781,0.01599999999999997,-0.0025454545454545617,-0.0007272727272727431,0.013818181818181795,0.0036363636363636264,0.000363636363636366,0.006909090909090876,0.006181818181818166,0.009454545454545415,0.007999999999999941,0.0032727272727272718,0.014181818181818174,0.0065454545454544984,0.00654545454545451,0.016363636363636348,0.006545454545454521,0.0076363636363635965
107,107,0.9709090909090909,0.9709090909090909,0.959271327014218,0.9974081753554502,2.4055577555663468,2.092467843217708,1.4010171621170673,2.0665651311938356,1.900305466054247,0.04145454545454549,-0.0036363636363635488,0.005818181818181856,0.012000000000000021,0.00545454545454549,0.014909090909090917,-0.0010909090909090647,-0.0032727272727271937,-0.0007272727272727098,-0.002545454545454484,-0.002909090909090839,0.012000000000000033,-0.0036363636363635488,-0.00036363636363633266,0.001818181818181852,-0.003272727272727227,-0.0036363636363635488,-0.005818181818181745,-0.003636363636363571,-0.00618181818181811,-0.002545454545454484,-0.003272727272727205,-0.005454545454545379,1.1102230246251566e-17,-0.00363636363636356,-0.006545454545454477,-0.0010909090909090534,-0.005454545454545379
108,108,0.9927272727272727,0.9927272727272727,0.9895880660305922,0.9998485536877177,2.8030856792520975,2.2615653708647887,1.1748100229448029,0.9369648415361193,1.3046361127040647,0.03927272727272725,-0.0007272727272727431,0.0069090909090908535,0.008363636363636306,0.00545454545454539,0.0236363636363636,0.00363636363636356,0.0072727272727272085,0.005090909090909024,0.0032727272727271937,0.0018181818181817854,0.014909090909090882,-0.000363636363636366,0.005090909090909024,0.00290909090909085,0.003999999999999948,0.0003636363636363549,0.0003636363636363549,0.00545454545454539,0.0003636363636363549,-0.00036363636363637706,-0.000363636363636366,0.0018181818181817744,0.00290909090909085,-0.001090909090909109,-0.0010909090909090979,-0.003272727272727294,-0.000363636363636366
109,109,0.9854545454545455,0.9854545454545455,0.9778689843875745,0.9978271366489618,2.6326806259836664,1.8930778026767912,1.5013568170193237,1.3210404605375174,2.470924098835602,0.035636363636363654,0.0036363636363636598,0.00909090909090915,0.01309090909090912,0.006545454545454588,0.016000000000000025,0.0036363636363636598,-0.0036363636363636598,-0.000363636363636366,0.006909090909090953,0.0025454545454545617,0.008727272727272773,0.0021818181818181958,0.002909090909090928,0.007636363636363686,0.00545454545454549,0.000363636363636366,0.004000000000000026,0.000727272727272732,0.0123636363636364,0.0,0.0036363636363636598,0.007636363636363675,0.0021818181818181958,0.001454545454545464,0.0072727272727273196,0.0,0.0043636363636363916
110,110,0.9963636363636363,0.9963768665791138,0.9977578475336323,0.9997412901000344,2.6806103282862135,1.79143388568163,1.9709791120068447,1.2189819286054548,1.4338472727966847,0.03672727272727272,0.004727272727272724,0.008727272727272705,0.014909090909090894,0.006545454545454532,0.02036363636363636,0.0025454545454545617,0.004000000000000015,0.0,0.0,0.0014545454545454527,0.014545454545454528,0.0,0.0025454545454545617,0.004000000000000015,0.0036363636363636264,0.0,0.0010909090909090979,0.0007272727272727098,0.0021818181818181958,0.0014545454545454527,0.0,0.002909090909090928,-0.000363636363636366,0.001454545454545464,0.001454545454545464,0.000363636363636366,0.000363636363636366
111,111,0.9854545454545455,0.9855845410628019,0.9821428571428572,0.9975403384494294,2.8918315688033207,2.3142973898920003,1.3471618398748535,1.0426531976127638,1.7532255881057248,0.028000000000000025,0.0036363636363636598,0.00981818181818186,0.01563636363636366,0.009090909090909139,0.012363636363636387,0.0036363636363636598,0.000727272727272732,0.000727272727272732,0.0,0.0,0.0123636363636364,0.003272727272727294,0.0025454545454545617,0.0043636363636363916,-0.0018181818181818188,0.0,0.0,-0.002545454545454551,0.002909090909090928,0.0,0.000363636363636366,0.000363636363636366,0.000363636363636366,0.0018181818181818299,0.000363636363636366,0.0025454545454545617,0.0
112,112,0.9781818181818182,0.9779384137874703,0.9591575091575092,0.9985347985347985,2.720348586968561,2.2581824911199515,0.9394589844421581,2.1661298931333346,1.5074708828603804,0.03636363636363634,0.0036363636363636485,0.0007272727272727208,0.010909090909090868,0.0010909090909090868,0.013818181818181808,0.000727272727272732,0.004000000000000015,0.000363636363636366,-0.003272727272727294,0.007999999999999952,0.0058181818181818005,-1.1102230246251566e-17,0.0021818181818181737,0.0032727272727272826,-0.00036363636363637706,0.0036363636363636598,0.000363636363636366,0.005454545454545445,0.000363636363636366,0.001454545454545464,-0.000363636363636366,0.0029090909090909167,0.002181818181818185,0.0021818181818181958,0.000727272727272732,0.0036363636363636485,0.0018181818181818299
113,113,0.9781818181818182,0.9781818181818182,0.964427388754743,0.9970679544670576,3.1312812912463754,2.092389535149838,1.6109138898472222,1.1137434630886336,0.9887419111642086,0.011636363636363601,-0.002909090909090928,0.007999999999999952,0.006909090909090876,0.005818181818181789,0.007999999999999974,-0.0025454545454545617,0.0021818181818181737,0.0,-0.0018181818181818299,0.0010909090909090979,0.009818181818181781,-0.0010909090909090979,0.000727272727272732,0.0,0.0036363636363636377,-0.000363636363636366,0.000363636363636366,0.002545454545454551,0.0,-0.001454545454545464,0.0018181818181818299,0.002909090909090928,0.001454545454545464,-0.001454545454545464,0.000363636363636366,-0.0018181818181818299,0.0
114,114,0.9818181818181818,0.9817484198308473,0.9661239495798319,0.9981617647058824,2.505881155383898,1.9203847924375512,1.9472214686662281,1.3626144128656987,1.5595485337379684,0.027272727272727247,0.00618181818181821,0.016727272727272723,0.014181818181818174,0.012727272727272709,0.015272727272727271,0.0036363636363636598,0.010181818181818158,0.004000000000000026,0.000727272727272732,0.0021818181818181958,-0.0010909090909090979,-0.000363636363636366,0.0010909090909090979,0.0025454545454545617,0.004727272727272747,0.0,0.0021818181818181958,-0.000363636363636366,0.0036363636363636598,0.003272727272727294,0.000727272727272732,0.0025454545454545617,0.002909090909090928,0.0010909090909090979,0.004000000000000026,0.0018181818181818299,0.000727272727272732
115,115,0.9709090909090909,0.9710928448637014,0.962216320618059,0.9957347497183325,2.5118246017068886,1.6131203541109804,2.0453847013826914,1.3128002364011615,1.7774370009935787,0.04472727272727278,0.000727272727272732,0.014545454545454561,0.014545454545454561,0.013454545454545486,0.019636363636363653,0.0,0.004727272727272758,0.0018181818181818299,-0.0007272727272727098,0.002909090909090928,0.013818181818181851,-0.0007272727272726986,0.0021818181818181958,0.010181818181818236,2.2204460492503132e-17,0.0,0.0,-0.00618181818181811,3.3306690738754695e-17,-0.0032727272727271937,-0.0014545454545454085,0.002909090909090939,-0.0018181818181817744,0.00036363636363637706,-0.002909090909090828,0.0021818181818181958,-0.0025454545454544953
116,116,0.9745454545454545,0.9749230383941127,0.9775544255522008,0.997139679008422,2.4306356500664923,1.7912171324455128,1.7390738859562818,1.8043460585579443,1.5767210942622716,0.008727272727272672,0.0032727272727271937,0.0069090909090908535,0.0047272727272726685,0.006545454545454488,0.004363636363636314,-0.000727272727272732,0.004363636363636292,0.0003636363636363549,-0.0025454545454545617,0.005818181818181745,0.009454545454545405,-0.0025454545454545617,-0.0021818181818181958,0.004727272727272658,0.0010909090909090647,-0.001454545454545464,-0.0007272727272727431,0.0003636363636363549,-0.0010909090909091202,-0.0018181818181818299,-0.000727272727272732,0.0,-0.0007272727272727541,0.003272727272727227,0.0,0.0007272727272727098,-0.005818181818181856
117,117,0.9818181818181818,0.9819926400436146,0.9819390084801043,0.9980430528375734,1.7356032846635976,2.0716224644107046,1.5141896587598946,1.9770414219207764,2.2587213771840426,0.028727272727272702,0.0036363636363636598,0.014909090909090905,0.00872727272727274,0.005454545454545467,0.00690909090909092,0.003272727272727294,0.000727272727272732,0.003272727272727294,0.000727272727272732,-0.000727272727272732,0.0018181818181818188,0.003272727272727294,0.005090909090909113,0.0025454545454545617,0.0018181818181818299,0.001454545454545464,0.0025454545454545617,0.0018181818181818299,-0.0025454545454545617,0.000363636363636366,0.0025454545454545617,-0.0025454545454545617,0.0010909090909090979,0.0021818181818181958,0.0025454545454545617,0.0065454545454545765,0.0
118,118,0.9818181818181818,0.9821967506178033,0.9891304347826086,0.9984541062801933,2.652967092567867,1.869473616782517,1.107044091036623,1.7438950521256433,1.8532643596766574,0.017454545454545434,0.0036363636363636598,0.0021818181818181958,-0.001454545454545464,0.0021818181818181958,-0.0032727272727272826,0.0,0.004000000000000026,0.000363636363636366,0.0010909090909090979,0.0010909090909090979,0.010909090909090913,0.0043636363636363916,0.0018181818181818299,0.000363636363636366,-0.000727272727272732,0.000363636363636366,0.000363636363636366,0.0,0.0,-0.0018181818181818299,0.000727272727272732,0.003272727272727294,0.0,0.002909090909090928,0.0,-0.0018181818181818299,-0.003272727272727294
119,119,0.9890909090909091,0.9890608548206137,0.9820053317535544,0.9988892180094787,2.5740914026368946,1.9846037857842938,1.443620258341756,1.3834233410578076,1.855560073705674,0.04472727272727278,0.0010909090909090979,0.013818181818181886,0.02000000000000004,0.012363636363636432,0.024727272727272764,0.000363636363636366,0.0010909090909090979,0.000363636363636366,0.0,0.002909090909090928,0.005090909090909123,0.000363636363636366,-0.0003636363636363438,0.0018181818181818299,0.011272727272727334,-0.0003636363636363549,0.0007272727272727541,0.008363636363636417,0.004000000000000026,0.000727272727272732,0.0,0.004727272727272758,0.0,0.002181818181818207,0.004727272727272758,0.0010909090909090979,0.0
120,120,0.9781818181818182,0.9781818181818182,0.9680232558139534,0.9971317829457365,1.978446776612644,1.856974248035339,1.6616414067269643,1.840038373252669,2.2803003839330547,0.039999999999999966,0.000727272727272732,0.016727272727272712,0.023999999999999955,0.012363636363636344,0.022545454545454514,0.000363636363636366,-0.000727272727272732,-0.000363636363636366,0.003272727272727294,0.005090909090909079,0.012727272727272709,0.0007272727272727208,0.00509090909090909,0.007636363636363608,0.006181818181818155,-0.001454545454545464,0.0018181818181818188,0.005090909090909079,0.000727272727272732,-0.003272727272727294,0.0040000000000000036,0.0032727272727272826,0.0,0.00436363636363637,0.000727272727272732,0.0,-0.005090909090909123
121,121,0.9818181818181818,0.9817502581691023,0.9666695412211107,0.9969817178337358,2.383411105288586,1.4405911553373751,1.7459436031034927,2.136343222545953,1.6442024975310685,0.05527272727272727,0.007272727272727297,0.011999999999999978,0.021090909090909084,0.010545454545454547,0.023636363636363632,0.0018181818181818299,0.0018181818181818299,0.000727272727272732,0.0061818181818182215,0.004727272727272758,0.005454545454545478,0.0,-0.0010909090909090979,0.0036363636363636598,0.009454545454545448,0.002909090909090928,0.0065454545454545765,0.007272727272727275,0.003272727272727294,0.0,0.002909090909090928,0.005818181818181845,-0.0025454545454545617,0.007272727272727297,0.0061818181818182215,0.0036363636363636598,0.0025454545454545617
122,122,0.9890909090909091,0.9889718371516123,0.9722222222222222,1.0,2.580551312394276,1.0803667021653098,2.1370329243882695,1.3448730968792093,1.9603836049947405,0.030545454545454587,0.0072727272727273196,0.0036363636363636598,0.004727272727272758,0.002909090909090928,0.017090909090909122,0.0036363636363636598,0.0,0.0043636363636363916,0.0036363636363636598,0.0043636363636363916,0.01418181818181823,0.003272727272727294,-0.005090909090909024,-0.0021818181818181294,0.001818181818181841,3.3306690738754695e-17,1.1102230246251566e-17,3.3306690738754695e-17,0.004727272727272758,0.0043636363636363916,0.002909090909090928,0.0032727272727273047,-0.0007272727272727208,0.001454545454545475,0.006545454545454588,-0.0021818181818181294,0.0036363636363636598
123,123,0.9854545454545455,0.9856382994091559,0.9908675799086758,0.9988584474885844,2.809137007355824,1.757311798369769,1.6003051733487117,1.1035313611699482,2.330631488397672,0.02472727272727273,0.0018181818181818299,0.0043636363636363916,0.0025454545454545617,0.00872727272727276,0.0061818181818182215,0.0072727272727273196,0.011272727272727323,0.007636363636363686,-0.0036363636363636598,0.006545454545454588,0.007272727272727308,0.004000000000000026,0.004000000000000026,0.004000000000000026,0.001454545454545464,-0.0032727272727272826,0.0010909090909090979,0.0010909090909090979,0.004000000000000026,-0.0032727272727272826,-0.0018181818181818299,0.0061818181818182215,0.003272727272727294,0.000363636363636366,0.0043636363636363916,-0.000363636363636366,0.0021818181818181958
124,124,0.9745454545454545,0.9746248414146798,0.9649213411727315,0.9969807722866677,2.5490628169034775,2.074420894782664,1.5166098504837433,1.3263246514146714,1.8316833326211477,0.01927272727272721,0.0018181818181817744,0.011636363636363589,0.005454545454545401,0.007636363636363585,0.006181818181818133,-0.0021818181818181958,0.003636363636363571,-3.3306690738754695e-17,0.0010909090909090534,0.008363636363636306,0.013818181818181762,-1.1102230246251566e-17,0.004363636363636292,0.010181818181818125,0.00618181818181811,-0.0018181818181818299,0.0018181818181817744,-2.2204460492503132e-17,0.005818181818181755,0.0018181818181817854,0.005454545454545379,0.006909090909090842,-0.001090909090909109,-2.2204460492503132e-17,0.005090909090909035,0.002909090909090839,0.002545454545454484
125,125,0.9709090909090909,0.971723265840913,0.9822222222222222,0.9991111111111111,2.7189991466205536,1.914781929690741,1.670747439089807,1.2922066798539575,2.0893156239131194,0.008000000000000052,0.004727272727272758,0.0014545454545454972,0.0007272727272727653,4.4408920985006264e-17,-0.0014545454545454085,0.0,0.002181818181818207,0.000727272727272732,-0.0043636363636362805,0.001818181818181841,0.0003636363636364104,-0.002545454545454484,-0.0021818181818181294,0.004727272727272758,0.0025454545454545842,-0.0021818181818181294,-0.0003636363636363438,0.003272727272727294,-0.005818181818181745,-0.00036363636363633266,-0.0014545454545454306,-0.003272727272727205,0.0021818181818181958,0.001454545454545475,-0.0021818181818181294,0.005090909090909123,-0.005454545454545379
126,126,0.9745454545454545,0.9746485680178586,0.9599394273127753,0.9972466960352423,2.718663402991021,2.4141797541022387,1.8819171815439848,0.7397050012075349,1.7993535479459772,0.011636363636363578,-0.0036363636363636598,-0.001818181818181841,0.003636363636363582,-0.005090909090909123,0.005090909090909057,0.00036363636363633266,-0.001818181818181841,-0.006909090909090953,-0.003272727272727294,0.0010909090909090313,0.003272727272727227,-0.01090909090909098,-0.004000000000000026,-0.0007272727272727653,-0.002181818181818207,-0.0021818181818181958,-0.00036363636363638817,-0.0025454545454545617,-0.004000000000000026,-0.000727272727272732,0.0021818181818181294,-0.005090909090909123,0.00036363636363633266,-0.0007272727272727431,-0.004000000000000026,0.0010909090909090424,-0.005090909090909123
127,127,0.9781818181818182,0.978319633647776,0.9732818284242717,0.9968614196040559,2.1327429190057363,2.574913883279625,1.6079736255680046,0.5604068017171963,1.7067236906764984,0.02763636363636359,0.0,0.014181818181818151,0.01599999999999998,0.010909090909090879,0.01672727272727269,0.0,0.010909090909090868,0.008363636363636306,0.0032727272727272718,0.014181818181818162,0.027272727272727237,0.0010909090909090979,0.004363636363636347,0.013818181818181795,0.003999999999999981,0.005090909090909068,0.0036363636363636264,0.003999999999999992,-0.002545454545454573,0.0040000000000000036,0.0014545454545454527,0.005818181818181811,0.0018181818181818188,0.007999999999999952,0.0072727272727272415,0.007272727272727231,0.004727272727272735
128,128,0.9709090909090909,0.9709090909090909,0.9563006515175592,0.9968218655649135,2.6962465243178078,1.974327849128631,2.055140961615982,1.5104046754400156,1.3158558051901545,0.02400000000000002,-0.0032727272727271937,0.01381818181818183,0.014545454545454573,0.00872727272727276,0.017454545454545466,0.002909090909090928,-0.0014545454545454195,0.002909090909090928,-0.0036363636363635488,0.002181818181818207,-0.003636363636363571,1.1102230246251566e-17,0.003272727272727294,-0.0007272727272726986,0.000727272727272732,0.0007272727272727431,3.3306690738754695e-17,0.00036363636363637706,0.005818181818181856,0.005818181818181856,0.003272727272727294,0.00545454545454549,-0.0007272727272727098,-0.0018181818181817633,0.0036363636363636598,-0.002909090909090839,0.0010909090909091202
129,129,0.9854545454545455,0.9854545454545455,0.9772727272727273,0.9989256198347107,2.623658834820405,2.4263610508060416,1.1889516653916816,1.2390666556369656,1.8675404756611578,0.026909090909090928,-0.0018181818181818299,0.003272727272727294,0.012000000000000033,0.0025454545454545617,0.01890909090909092,-0.0010909090909090979,0.0025454545454545617,0.0010909090909090979,0.000363636363636366,-0.0029090909090909167,0.0061818181818182215,0.000727272727272732,0.0007272727272727431,-0.005090909090909079,-0.0029090909090909054,-0.004727272727272724,-0.000727272727272732,-0.0032727272727272605,0.000727272727272732,-0.0003636363636363549,-0.0036363636363636155,0.004727272727272758,-0.004727272727272702,-0.008363636363636328,0.004727272727272758,-0.0018181818181818188,-0.0036363636363636377
130,130,0.9854545454545455,0.9855337139164153,0.9849880203653788,0.9989517819706498,3.243820802974067,2.035748975898535,1.821770134361246,1.0738342614332832,1.0490444045272795,0.03963636363636366,0.000363636363636366,0.01054545454545459,0.019272727272727285,0.0043636363636363916,0.026909090909090917,0.000727272727272732,-0.0018181818181818299,0.003272727272727294,0.000363636363636366,0.005818181818181856,0.004727272727272758,0.000727272727272732,0.00036363636363637706,0.0010909090909090979,-0.0025454545454545396,0.001454545454545464,0.006909090909090953,0.0032727272727273047,0.0010909090909090979,0.002909090909090928,0.0,0.001454545454545464,-0.000363636363636366,0.000363636363636366,-0.000363636363636366,0.0036363636363636598,-0.0010909090909090979
131,131,0.9818181818181818,0.9820748663101604,0.9883720930232558,0.9968217054263565,2.6942926924285966,1.8873178225883438,1.8942199714018109,1.6030360916898907,1.2177021864514983,0.01636363636363637,0.003272727272727294,0.01018181818181818,0.013090909090909065,0.009454545454545438,0.016727272727272723,0.0,0.001454545454545464,0.0010909090909090979,0.00545454545454549,0.003272727272727294,0.004727272727272747,0.0043636363636363916,0.000363636363636366,0.002909090909090928,0.001454545454545464,0.001454545454545464,0.000727272727272732,0.000727272727272732,0.000727272727272732,0.0036363636363636598,0.0018181818181818299,0.004000000000000026,0.0,0.0025454545454545617,0.0010909090909090979,0.0036363636363636598,0.0025454545454545617
132,132,0.9818181818181818,0.9817614769115923,0.969946641556811,0.9990583804143126,3.0134854314922617,1.8912622479386414,0.9053952425398702,1.7438173011870841,1.5468534759506625,0.02472727272727271,-0.0036363636363636598,0.0032727272727272826,0.00690909090909092,0.005454545454545478,0.01963636363636364,-0.0043636363636363916,-0.006909090909090953,-0.0043636363636363916,-0.007636363636363675,0.0018181818181818299,0.013090909090909097,-0.004000000000000026,-0.004727272727272758,0.002909090909090928,0.000363636363636366,-0.001454545454545464,-0.0043636363636363916,-0.0021818181818181958,-0.003272727272727294,0.000363636363636366,-0.007636363636363675,0.004000000000000015,-0.00618181818181821,-0.0021818181818181958,-0.001454545454545464,0.0036363636363636598,-0.004000000000000026
133,133,0.9854545454545455,0.9854545454545455,0.9802669345579793,0.9984931113662457,2.40723474844938,2.0944111195019257,1.333890397881082,1.8148123826256124,1.9388058705372015,0.059272727272727296,0.001454545454545464,0.0010909090909090979,0.004727272727272747,-0.0018181818181818299,0.00981818181818186,-0.0025454545454545617,0.000363636363636366,0.000363636363636366,0.0010909090909090979,-0.000363636363636366,0.007636363636363686,-0.004000000000000015,0.0010909090909090979,0.001454545454545464,0.01309090909090913,-0.000363636363636366,-0.002181818181818185,0.01709090909090909,0.0,0.0,-0.000727272727272732,0.0,-0.000363636363636366,0.006545454545454588,0.0,0.0061818181818182215,0.0
134,134,0.9890909090909091,0.9890501549014613,0.978527078302863,0.9988789237668162,2.4709871142183073,1.700004369304358,1.3707049680394543,2.0962022050008664,1.8980652640983335,0.06036363636363643,0.013454545454545542,0.0061818181818182215,0.012000000000000066,0.010545454545454613,0.008000000000000052,0.007636363636363686,0.009454545454545516,0.011272727272727346,0.008000000000000052,0.0036363636363636598,0.013454545454545497,0.011272727272727346,0.007636363636363686,0.004000000000000026,0.004727272727272758,0.003272727272727294,1.1102230246251566e-17,0.004000000000000026,0.004727272727272758,0.000727272727272732,0.0036363636363636598,0.008000000000000052,0.004000000000000026,0.003272727272727294,0.011636363636363712,0.006909090909090953,0.002909090909090928
135,135,0.9781818181818182,0.9780714434818913,0.9657573174197215,0.9980107985223075,3.0810160983887873,1.969737008713045,1.6449090546519332,0.763370518835988,1.2654893034000556,0.021454545454545414,0.0014545454545454527,0.009090909090909049,0.015636363636363615,0.008727272727272695,0.013818181818181785,0.000363636363636366,-0.000363636363636366,0.000727272727272732,0.000363636363636366,0.006909090909090865,0.00836363636363634,-0.001454545454545464,-0.0025454545454545617,0.002181818181818185,-1.1102230246251566e-17,0.0010909090909090979,0.0029090909090909054,-0.0010909090909091202,0.0032727272727272718,0.0018181818181818188,0.000727272727272732,0.0029090909090909054,0.0025454545454545396,0.0010909090909090868,0.002545454545454551,-0.0014545454545454861,0.0018181818181818299
136,136,0.9563636363636364,0.9558521943813809,0.9270739742437856,0.9953578915843067,2.384164484724685,1.81041165241001,1.6770496115272568,0.473708531279799,3.122767313629881,0.02109090909090914,0.000727272727272732,0.01345454545454552,0.0065454545454545765,-0.0007272727272727098,0.014909090909090972,-0.006909090909090842,-0.011999999999999955,-0.01563636363636358,-0.007999999999999941,0.0007272727272727541,0.014545454545454594,-0.003272727272727205,-0.0014545454545454085,0.004000000000000026,3.3306690738754695e-17,-0.0003636363636363549,-0.0010909090909090424,-0.005090909090909024,0.008000000000000052,0.005090909090909123,0.0010909090909090979,0.002545454545454573,0.0010909090909090979,0.000727272727272732,0.005818181818181856,-0.00618181818181811,0.000363636363636366
137,137,0.9854545454545455,0.9853713876612559,0.9738319856244384,0.9988020365378856,2.346446593711696,1.6774538067049818,0.8500694718299009,1.8053754585904496,2.5531601310736147,0.055636363636363664,0.006909090909090953,0.000727272727272732,0.006909090909090943,0.0010909090909090979,0.00618181818181821,-0.000363636363636366,0.006909090909090953,0.0,0.0,-0.0036363636363636485,0.016000000000000025,0.002909090909090928,0.001818181818181841,0.0010909090909090979,0.0018181818181818299,-0.0036363636363636598,0.000363636363636366,0.005090909090909123,0.000363636363636366,0.0,0.0021818181818181958,-0.003272727272727294,0.0010909090909090979,0.0036363636363636598,-0.0018181818181818299,0.003272727272727294,0.0010909090909090979
138,138,0.9709090909090909,0.9709090909090909,0.9545454545454546,0.9960330578512397,3.246618290788947,1.319260497751198,1.4976487584977578,1.5353122847527292,1.8940292422685563,0.05163636363636368,0.004000000000000026,-0.0014545454545454306,0.008727272727272773,0.0010909090909090979,0.009454545454545483,0.002181818181818207,0.0061818181818182215,0.003636363636363671,0.003636363636363671,0.006909090909090953,0.022909090909090945,0.009818181818181882,-0.0003636363636363549,0.00545454545454549,0.008363636363636417,1.1102230246251566e-17,0.004000000000000026,0.00545454545454549,0.005818181818181856,0.00545454545454549,0.003272727272727294,-0.0007272727272727098,0.002909090909090928,0.00545454545454549,0.0043636363636363916,-0.0003636363636363549,0.005090909090909123
139,139,0.9745454545454545,0.9743189042362596,0.9549825836740875,0.9985612600333181,2.7849509361811284,1.847345617155406,1.3144899899379066,1.5051053134731962,1.6638006404133026,0.020363636363636296,0.0003636363636363438,0.014545454545454495,0.02072727272727265,0.010181818181818125,0.017818181818181754,0.0,-0.0010909090909090979,-0.00036363636363637706,-0.004000000000000026,-0.0018181818181818299,-0.0043636363636363916,-0.000727272727272732,0.0007272727272727098,0.005454545454545379,-0.0021818181818181958,-0.000727272727272732,-1.1102230246251566e-17,-3.3306690738754695e-17,-0.001454545454545475,-0.000363636363636366,-0.0018181818181818299,-0.0043636363636363916,-0.000727272727272732,-0.001090909090909109,-0.0007272727272727431,-0.003272727272727294,0.0
140,140,0.9818181818181818,0.9817520307407946,0.9671936087030426,0.998470168281489,3.0881059685181778,1.747742399397392,1.6658698067107962,2.409295198149701,0.3257431279124448,0.07236363636363637,0.003272727272727294,0.00872727272727274,0.009090909090909084,0.009090909090909104,0.012727272727272731,0.0,0.000727272727272732,0.003272727272727294,0.008000000000000007,-0.000363636363636366,0.007636363636363652,0.0,-0.000363636363636366,0.0021818181818181958,-0.0043636363636363916,-0.0010909090909090979,0.0,-0.002181818181818185,0.001454545454545464,0.003272727272727294,-0.000363636363636366,0.011272727272727268,0.0025454545454545617,0.0021818181818181958,0.004000000000000015,0.005818181818181856,-0.001454545454545464
141,141,0.9854545454545455,0.9856580891875009,0.9910313901345291,0.9974129010003449,2.3678540702218447,2.0662294526447265,1.9779039332943649,1.4663771433168657,1.7581300742971813,0.06145454545454547,0.0,0.015272727272727282,0.01636363636363637,0.0123636363636364,0.015272727272727282,0.002909090909090928,0.004727272727272758,0.0036363636363636598,0.0036363636363636598,0.0018181818181818299,0.013818181818181851,0.006545454545454588,0.004727272727272758,0.006909090909090953,0.011636363636363656,0.0018181818181818299,0.001454545454545464,0.012363636363636387,0.010909090909090934,0.005818181818181856,0.0018181818181818299,0.010181818181818226,0.005818181818181845,0.009818181818181882,0.012363636363636387,0.0036363636363636598,0.0025454545454545617
142,142,0.9709090909090909,0.9711963626030121,0.970494417862839,0.9973901696389734,2.3915926387026096,1.6817110444864916,1.2940537473134073,2.2364900731093043,1.6648914809377275,0.021818181818181827,0.009454545454545516,0.0072727272727273196,0.003272727272727294,0.0036363636363636598,0.002181818181818218,0.007636363636363686,0.011272727272727334,0.01054545454545459,-0.0003636363636363438,0.004000000000000026,0.0036363636363636598,-0.0010909090909090758,-0.00036363636363633266,0.00800000000000004,0.002909090909090928,0.0025454545454545617,0.0025454545454545617,0.003636363636363671,0.009818181818181882,0.001090909090909109,0.006545454545454588,0.00981818181818187,0.004000000000000026,0.00545454545454549,0.006545454545454588,0.003272727272727294,0.006545454545454588
143,143,0.9890909090909091,0.9890585447610242,0.9812701087789184,0.9987743220468822,2.992800231902534,2.0682359369315955,0.9564438724237571,1.33799586855822,1.7049596247947396,0.03709090909090913,0.006545454545454588,0.010545454545454613,0.010181818181818236,0.008363636363636417,0.01418181818181824,0.0,0.000363636363636366,0.000363636363636366,0.003272727272727294,0.0043636363636363916,0.008000000000000052,0.0,0.0018181818181818299,0.004000000000000026,0.008363636363636417,0.0,0.000727272727272732,0.004000000000000026,0.000727272727272732,0.000727272727272732,0.002909090909090928,0.000727272727272732,0.002909090909090928,0.0010909090909090979,0.005090909090909123,0.0010909090909090979,0.0
144,144,0.9818181818181818,0.982039139259048,0.9805897723030981,0.9986002239641658,2.9197334513204583,1.7246244955936367,1.9555656973076216,1.2180894932792177,1.574306669087898,0.02472727272727271,0.0025454545454545617,0.0,0.004727272727272747,-0.001454545454545464,0.011999999999999988,-0.000363636363636366,0.000363636363636366,0.0043636363636363916,0.000727272727272732,-0.0021818181818181958,0.009454545454545448,-0.0010909090909090979,-0.000363636363636366,-0.0025454545454545617,0.005818181818181845,0.0,0.000727272727272732,0.005818181818181845,-0.0021818181818181958,0.0,0.001454545454545464,0.006909090909090943,-0.003272727272727294,0.000727272727272732,0.000363636363636366,0.000363636363636366,0.000363636363636366
145,145,0.9854545454545455,0.985215592043786,0.96,0.9984000000000001,2.7372709657950582,1.8246684271633313,1.1488839209237534,1.4642229260302382,1.7376622236455368,0.03272727272727274,0.0,0.00800000000000004,0.008727272727272783,0.004727272727272758,0.01745454545454548,0.0072727272727273196,0.000363636363636366,0.0010909090909090979,0.0036363636363636598,0.005818181818181856,0.014909090909090927,-0.000727272727272732,0.005090909090909123,0.0036363636363636598,0.006545454545454588,-0.002909090909090928,0.0018181818181818299,0.001454545454545464,-0.000727272727272732,0.0036363636363636598,0.000363636363636366,0.003272727272727294,0.00545454545454549,0.0,0.0018181818181818299,0.0021818181818181958,0.0
146,146,0.9672727272727273,0.9673774022079868,0.9534443907934975,0.9964590375020119,2.665886857960261,2.3608038649430885,1.8547867456625888,0.9009263204365897,1.925226967639549,0.01963636363636364,-0.005818181818181778,0.002909090909090928,-0.0032727272727272492,0.001454545454545464,-0.0018181818181817854,-0.0065454545454544984,-0.005818181818181778,-0.006181818181818144,-0.0010909090909090979,-0.006181818181818155,0.008000000000000018,0.0,0.0,0.0043636363636363916,0.003272727272727294,-0.002909090909090928,0.0,0.003272727272727294,-0.002909090909090928,0.0,0.000363636363636366,0.005818181818181856,0.0,0.0,0.004000000000000026,-0.000727272727272732,-0.002909090909090928
147,147,0.9854545454545455,0.9854545454545455,0.9778689843875745,0.9990342829550942,2.4679556383951775,1.9018184502801678,1.5347605258002692,1.8670325879318872,1.5120194309304125,0.029454545454545466,0.0,0.009454545454545504,0.004000000000000026,0.0043636363636363916,0.012363636363636387,0.0,0.000363636363636366,0.000727272727272732,0.000727272727272732,0.005090909090909123,0.009818181818181847,-0.0010909090909090979,0.007272727272727308,0.0036363636363636598,-0.002181818181818185,0.000363636363636366,0.000727272727272732,-0.0003636363636363549,0.000363636363636366,0.000363636363636366,-0.0025454545454545617,0.0018181818181818299,-0.0003636363636363549,0.0021818181818181958,-0.0021818181818181958,-0.000727272727272732,-0.000727272727272732
148,148,0.9781818181818182,0.9783162129772298,0.973542030827904,0.9975369458128078,2.261717192920159,2.5198034959304128,1.7362233336591244,1.3043220414697174,1.8669175333003978,0.027272727272727226,-0.0025454545454545617,0.000363636363636366,-0.0010909090909090979,0.0,0.004363636363636347,-0.003272727272727294,-0.000727272727272732,0.0,0.000727272727272732,0.0040000000000000036,0.012363636363636332,0.000363636363636366,0.000363636363636366,0.000727272727272732,-0.000363636363636366,0.0,-0.000363636363636366,-0.001454545454545464,-0.000363636363636366,-0.000363636363636366,0.000363636363636366,0.000363636363636366,0.000727272727272732,-0.001454545454545464,0.0,-0.000363636363636366,0.000363636363636366
149,149,0.9963636363636363,0.9963450663948177,0.9878048780487805,0.9998957681884512,2.6637681003228892,1.9661247986485575,1.8514674045421988,1.1875739991217276,1.8983047886498934,0.022545454545454535,0.002909090909090928,0.003272727272727294,0.009818181818181792,0.000727272727272732,0.007999999999999962,-0.000727272727272732,0.002909090909090928,-0.000363636363636366,-0.000727272727272732,0.0029090909090909167,0.0010909090909090758,-0.000363636363636366,0.0010909090909090868,-0.0021818181818181958,-0.000363636363636366,0.0,0.003272727272727294,-0.000363636363636366,0.002909090909090928,0.0,0.0,0.002909090909090928,0.0,0.002909090909090928,0.002909090909090928,-0.000727272727272732,0.0036363636363636485
150,150,0.9781818181818182,0.9783162129772298,0.973542030827904,0.9981725726998252,2.5503525885855396,1.465100456540881,1.1280498413763296,1.9443534603659458,1.7452647979128102,0.03890909090909088,-0.0036363636363636598,0.009454545454545415,0.011272727272727245,0.004727272727272691,0.01599999999999995,-0.0072727272727273196,-0.0036363636363636598,-0.006909090909090953,-0.006545454545454588,0.0010909090909090979,0.010181818181818136,-0.006545454545454588,-0.001454545454545464,-0.00036363636363637706,-0.000727272727272732,-0.000727272727272732,-0.0036363636363636598,0.002181818181818185,-0.0043636363636363916,-0.005090909090909123,-0.00909090909090915,-0.000363636363636366,-0.006909090909090953,-0.006545454545454588,-0.005090909090909123,-0.006545454545454588,-0.000727272727272732
151,151,0.9745454545454545,0.9748307338715887,0.9688888888888889,0.9961777777777778,2.1774745213847035,1.7071660671251527,2.2595030357657255,1.7019871672573148,1.4449029943145215,0.017818181818181768,0.0,0.010909090909090868,0.009090909090909038,0.008727272727272672,0.009454545454545405,0.0007272727272726986,0.0003636363636363549,0.0025454545454544953,-0.005090909090909123,-0.001454545454545475,0.0029090909090908725,-0.002909090909090928,0.0025454545454545174,0.0007272727272727098,0.004363636363636292,-0.000727272727272732,0.0003636363636363549,0.0018181818181817633,0.002545454545454506,0.003272727272727205,-0.005818181818181856,0.005090909090909012,-0.006909090909090953,0.0003636363636363549,0.0021818181818181403,-0.004000000000000026,0.0
152,152,0.9854545454545455,0.9856382994091559,0.9908675799086758,0.9991846053489889,2.421479768371682,2.1943940667630226,1.3441129847689113,1.5835974895678882,1.556249923618871,0.025818181818181817,0.0072727272727273196,0.0072727272727273196,0.009454545454545504,0.006909090909090953,0.01054545454545457,0.004000000000000026,0.006909090909090953,0.0021818181818181958,0.003272727272727294,0.005818181818181856,0.0061818181818182215,0.0043636363636363916,0.003272727272727294,0.005090909090909123,0.007636363636363686,0.0010909090909090979,0.003272727272727294,0.006545454545454588,0.001454545454545464,0.004727272727272758,0.0010909090909090979,0.000727272727272732,0.0036363636363636598,0.0021818181818181958,0.000727272727272732,0.00545454545454549,0.000727272727272732
153,153,0.9672727272727273,0.9677463040757722,0.9668471437539234,0.9947426239799121,2.5382970874472384,1.9203375774127747,2.172566295473318,1.0468454866643198,1.6094208201636961,0.02400000000000001,0.013818181818181808,0.011272727272727278,0.012363636363636377,0.013090909090909097,0.013454545454545441,0.004727272727272758,0.0036363636363636598,0.0036363636363636598,0.0065454545454545765,0.004727272727272747,0.002181818181818185,0.004727272727272747,0.004000000000000026,0.005090909090909113,0.008000000000000018,0.000727272727272732,0.0025454545454545617,0.00872727272727275,0.000727272727272732,0.0010909090909090979,0.0021818181818181958,0.008000000000000007,0.008727272727272717,0.002909090909090928,0.0025454545454545617,0.006545454545454565,0.000363636363636366
154,154,0.9709090909090909,0.9710838618745596,0.9630021971123666,0.9971751412429379,3.0834551443571967,2.2499739167074515,1.3553483077217265,1.1574350127033761,1.2628053674028736,0.006181818181818233,-0.0007272727272727098,0.0032727272727273047,0.002545454545454573,0.00036363636363638817,-0.0003636363636363105,-0.003636363636363571,0.005090909090909123,-0.0010909090909090647,-0.006545454545454477,-0.005090909090909024,0.004000000000000048,-0.00290909090909085,4.4408920985006264e-17,-0.005818181818181745,-0.003272727272727205,-0.0010909090909090647,-0.002909090909090839,-0.005454545454545379,-0.0010909090909090647,-0.0007272727272727098,-0.005454545454545379,-0.00545454545454539,0.000363636363636366,-0.00363636363636356,-0.0043636363636362805,1.1102230246251566e-17,-0.005454545454545379
155,155,0.9818181818181818,0.9815484790691403,0.9603174603174602,0.9994010182689428,2.4758005922230377,1.1642439092099341,1.4770477379928248,1.74517242111649,2.5996964560665186,0.03927272727272727,-0.001454545454545464,0.0043636363636363916,0.014181818181818162,0.007636363636363663,0.018545454545454552,-0.0021818181818181958,-0.0025454545454545617,-0.0018181818181818299,0.000363636363636366,0.0,0.018181818181818167,0.0,0.002909090909090928,0.013818181818181795,0.001454545454545464,0.000727272727272732,0.004000000000000026,0.005090909090909102,0.0069090909090909315,0.003272727272727294,0.003272727272727294,0.0018181818181818299,0.008363636363636384,0.0043636363636363916,0.0061818181818182215,0.004727272727272758,0.009090909090909071
156,156,0.9781818181818182,0.9780121212121213,0.9563200280112045,0.9986869747899159,2.5920466160881492,1.4287226193962057,1.4964372669497625,2.3271708862182674,1.7046129450969962,0.03309090909090906,0.002909090909090928,0.006181818181818144,0.007272727272727231,0.004363636363636347,0.006181818181818133,0.003272727272727294,0.002909090909090928,0.0,-0.0036363636363636598,0.000363636363636366,-0.0021818181818181958,0.0,0.0,-0.000727272727272732,0.0,0.0,0.0,0.0032727272727272718,0.0021818181818181958,0.000363636363636366,-0.001454545454545464,0.005454545454545434,-0.000727272727272732,0.000727272727272732,0.000363636363636366,0.0,0.001454545454545464
157,157,0.9781818181818182,0.9784193235674279,0.9801983946690898,0.9968953505982129,2.3896907589899445,1.736361096257661,1.367060093540729,1.735959499948421,2.094265315073351,0.04290909090909088,0.008727272727272684,0.0029090909090908946,0.004727272727272714,0.005454545454545457,0.0036363636363636377,0.0036363636363636377,-0.0021818181818181958,0.0032727272727272826,0.0,-0.004000000000000026,0.014545454545454495,0.0,-0.000727272727272732,0.0040000000000000036,0.0058181818181818005,0.000727272727272732,-0.003272727272727294,0.004727272727272714,0.002909090909090928,0.000727272727272732,0.002909090909090928,0.003272727272727294,0.0058181818181818005,0.003272727272727294,0.00436363636363637,0.0,0.002909090909090928
158,158,0.9636363636363636,0.9638442581195876,0.9531944231653133,0.993258771257852,2.316983003797229,2.1660380485339896,1.5500917296539862,1.8515461167034117,1.7634173203624948,0.022545454545454535,-0.003272727272727294,0.007636363636363585,0.007999999999999962,0.002545454545454551,0.008363636363636318,-0.002909090909090928,-0.0018181818181818299,0.000363636363636366,-0.006545454545454588,-0.000727272727272732,0.014181818181818162,-0.004727272727272758,0.0007272727272727098,0.0021818181818181958,0.010909090909090868,-0.0021818181818181958,-0.0007272727272727431,0.008363636363636318,0.000727272727272732,0.0018181818181818188,0.000363636363636366,0.005454545454545434,0.0,0.0,-0.0021818181818181958,0.002545454545454551,-0.000363636363636366
159,159,0.9745454545454545,0.9746514538093485,0.9593131765584173,0.9981336319522209,2.9930502675926243,1.5527777413135937,1.4192386734856814,0.9857654292212152,2.2896935390914037,0.025454545454545386,0.0025454545454544953,0.003272727272727205,0.003636363636363582,0.0007272727272726986,0.0036363636363636043,0.0039999999999999255,-0.006909090909090953,0.0007272727272727098,0.005454545454545379,-2.2204460492503132e-17,0.009090909090909038,-0.0025454545454545617,0.002909090909090861,0.0014545454545454195,0.006545454545454477,0.0003636363636363549,0.003999999999999937,0.003272727272727227,-0.0018181818181818299,-0.000363636363636366,0.0,0.0010909090909090647,-0.0036363636363636598,-0.0036363636363636598,0.0014545454545454417,0.00036363636363633266,-0.002545454545454573
160,160,0.9818181818181818,0.9818793736789181,0.975,0.998099173553719,2.904760026037562,2.4279439189028804,0.9861371729789605,0.9201247742510349,2.120147534155393,0.02036363636363635,0.0036363636363636598,0.008363636363636373,0.007636363636363663,0.010545454545454547,0.012363636363636354,0.004727272727272758,0.004000000000000026,0.0036363636363636598,0.0036363636363636598,0.0,0.01854545454545452,0.004000000000000015,0.005090909090909113,0.002909090909090928,0.0036363636363636485,0.000363636363636366,0.0010909090909090979,0.0010909090909090979,0.0018181818181818299,0.000363636363636366,0.0043636363636363916,0.0021818181818181958,0.0010909090909090979,0.0014545454545454527,0.000363636363636366,0.000363636363636366,0.0025454545454545617
161,161,0.9818181818181818,0.9818843328955688,0.9740427733701276,0.9976716109003104,2.465330402651936,1.8542825468538184,1.7622526143697346,1.3544294106167998,1.6210565652451863,0.0410909090909091,0.0036363636363636598,0.000727272727272732,-0.002181818181818185,0.002909090909090928,0.004000000000000015,0.0,0.001454545454545464,0.002909090909090928,-0.000363636363636366,0.000363636363636366,0.020727272727272726,0.0010909090909090979,-0.000363636363636366,0.004727272727272758,0.004727272727272758,0.0,0.000727272727272732,0.0021818181818181958,0.0010909090909090979,0.002909090909090928,0.0,0.0036363636363636598,0.0,0.003272727272727294,0.0061818181818182215,0.0010909090909090979,-0.000727272727272732
162,162,0.9854545454545455,0.9853527735880677,0.9704545454545455,0.9983471074380165,3.0071035329495777,1.9228384637848988,1.8245945664690317,0.6743693436232014,1.9896833541923686,0.024363636363636365,0.006909090909090953,0.011272727272727313,0.01563636363636365,0.012727272727272764,0.017454545454545466,0.004727272727272758,0.0061818181818182215,0.004727272727272758,0.0025454545454545617,0.0061818181818182215,0.016727272727272747,0.003272727272727294,0.004727272727272758,0.004727272727272758,0.006909090909090943,0.002909090909090928,0.0043636363636363916,0.00545454545454549,0.010181818181818214,0.003272727272727294,0.0061818181818182215,0.005090909090909123,0.009818181818181847,0.005818181818181856,0.005090909090909123,0.006545454545454588,0.010909090909090969
163,163,0.9781818181818182,0.9780209476622033,0.9577596464388918,0.9976202617712052,2.5223285334424936,1.5679470564700433,1.8632983579205125,1.604544705303385,1.5119853873866127,0.023999999999999966,-0.001454545454545464,0.005454545454545412,0.013818181818181785,0.004727272727272702,0.014181818181818151,0.0,0.0018181818181818299,-0.000363636363636366,0.0,0.004727272727272714,-0.0010909090909090979,0.0,0.0,0.0021818181818181737,0.000727272727272732,0.0018181818181818299,0.000727272727272732,-0.0010909090909090979,0.0029090909090909167,-0.0010909090909090979,0.0018181818181818299,0.000363636363636366,-0.000363636363636366,0.0,0.0010909090909090979,-0.0010909090909090979,-0.000727272727272732
164,164,0.9745454545454545,0.9746356712842651,0.9626891041985381,0.9965153833078362,3.2229533696826387,1.346892345118898,1.0788698353852402,1.3168219611431133,2.272154530005009,0.03563636363636356,0.006909090909090842,-3.3306690738754695e-17,0.012727272727272676,-0.002181818181818207,0.013818181818181775,0.007999999999999941,0.004727272727272647,0.006909090909090842,0.0032727272727271937,0.0021818181818181294,0.007272727272727231,0.00618181818181811,0.003999999999999937,-0.0007272727272727431,0.003999999999999948,-0.0010909090909091202,0.005090909090909012,0.008727272727272672,0.009090909090909038,0.0072727272727272085,0.0003636363636363549,0.004363636363636292,0.003999999999999937,0.003999999999999915,0.0018181818181817854,0.00363636363636356,0.002545454545454484
165,165,0.9636363636363636,0.9638603549620498,0.9516923565866836,0.9954711584300016,2.7895165322395337,2.137328685726637,1.9921336564712395,1.3712114066169285,1.078895311232864,0.017454545454545445,0.009818181818181771,0.006181818181818155,0.004363636363636347,0.004363636363636336,0.0029090909090908946,0.003272727272727294,0.010909090909090868,0.003272727272727294,-0.0010909090909090979,0.0014545454545454527,0.0040000000000000036,0.0,0.003999999999999992,-0.0025454545454545617,0.005090909090909079,0.0,0.000363636363636366,0.0058181818181818005,0.0,-0.0036363636363636598,-0.0025454545454545617,0.0010909090909090979,-0.0018181818181818299,0.000363636363636366,-1.1102230246251566e-17,0.0,-0.0025454545454545617
166,166,0.9890909090909091,0.9891833155080214,0.9929906542056075,0.9985445074306727,2.2538247468407366,2.0462762328707638,1.6956678398443492,2.180120604613564,1.107155474368084,0.05345454545454549,0.008363636363636417,0.008000000000000052,0.011272727272727334,0.012727272727272787,0.00981818181818186,0.003272727272727294,0.010545454545454613,0.004727272727272758,0.003272727272727294,0.000363636363636366,0.009090909090909139,0.006909090909090953,0.001454545454545464,0.010909090909090957,0.0010909090909091202,0.0,-0.0007272727272726986,0.004727272727272758,0.0036363636363636598,0.005090909090909123,0.004727272727272758,0.0,0.002909090909090928,0.0010909090909090979,0.004000000000000026,0.005090909090909123,0.0010909090909090979
167,167,0.9527272727272728,0.9533037592124565,0.9481658692185009,0.9939828911120777,2.751071158895576,2.0106176602570605,1.6637567816831844,1.152068251539036,2.0665888969475095,0.01890909090909093,-0.010545454545454502,0.0065454545454545765,0.0069090909090909315,0.008727272727272773,0.01309090909090912,-0.0072727272727272415,-0.010181818181818148,-0.009818181818181781,-0.009454545454545415,0.001090909090909109,0.00618181818181821,-0.008363636363636306,-0.0018181818181818188,0.003272727272727294,-0.003999999999999992,-0.00836363636363634,-0.0036363636363636598,-0.004727272727272724,-0.003999999999999992,-0.0032727272727272826,-0.0018181818181818188,-0.0010909090909090979,-0.0032727272727272605,-0.0029090909090909054,-0.007636363636363619,-0.000363636363636366,-0.011272727272727245
168,168,0.9781818181818182,0.978319633647776,0.9732818284242717,0.9958957025591502,2.28532168011201,2.3265224312783497,1.4531251695024971,1.0258618569635936,1.7004717868672998,0.03236363636363633,0.007272727272727231,0.006909090909090898,0.018909090909090865,0.010909090909090868,0.01745454545454541,0.0076363636363635965,0.0072727272727272415,0.004000000000000015,0.003272727272727294,0.009454545454545415,0.007999999999999974,0.002909090909090928,0.004727272727272724,0.01345454545454543,-0.000363636363636366,0.000363636363636366,-0.0010909090909090979,0.0036363636363636377,-0.001454545454545464,0.0032727272727272826,0.005454545454545434,0.005454545454545457,0.0,-0.003272727272727294,0.010545454545454502,0.007636363636363585,0.0
169,169,0.9854545454545455,0.9855590066910821,0.9836581579855121,0.998447740600207,2.729347083629292,1.7316828230129533,1.5009047791492498,1.3786454052804664,1.965550787304151,0.017818181818181834,-0.002909090909090928,0.006909090909090953,0.00618181818181821,0.005090909090909123,0.009454545454545483,-0.0025454545454545617,-0.0021818181818181958,-0.003272727272727294,0.0,0.004000000000000026,0.0025454545454545617,-0.003272727272727294,0.0,0.001454545454545464,-0.006181818181818144,-0.000727272727272732,-0.001454545454545464,-0.006181818181818144,0.006909090909090953,0.000363636363636366,0.000363636363636366,0.0043636363636363916,0.0021818181818181958,0.000363636363636366,0.0036363636363636598,-0.002909090909090928,-0.000363636363636366
170,170,0.9818181818181818,0.9818843328955688,0.9740427733701276,0.9984477406002069,2.6188656060067337,1.668809049036217,1.503890509164284,1.5151127222778682,2.020536223735445,0.03818181818181817,0.0018181818181818299,0.010909090909090924,0.010545454545454535,0.005818181818181822,0.012,-0.000363636363636366,-0.003272727272727294,-0.000727272727272732,0.000363636363636366,0.0036363636363636598,0.010545454545454535,-0.0036363636363636598,0.000363636363636366,0.00800000000000003,0.000363636363636366,0.003272727272727294,0.000727272727272732,-0.0036363636363636598,0.0,-0.0010909090909090979,0.0,-0.0018181818181818299,0.0,-0.002909090909090928,-0.003272727272727294,0.002909090909090928,-0.0021818181818181958
171,171,0.9709090909090909,0.971474474342654,0.9749036366683426,0.9972347913524384,2.2901257542297806,1.3670852343637008,1.945274390565761,2.5383096124516227,1.5754373573991975,0.0069090909090909315,0.000727272727272732,-0.0018181818181817633,0.002545454545454573,-0.002909090909090839,0.0003636363636363993,-0.002909090909090839,0.000727272727272732,-0.0032727272727271937,-0.007636363636363585,-0.002909090909090839,0.0003636363636363993,-0.0032727272727271937,0.001818181818181852,0.0010909090909090979,0.002909090909090928,0.0,-0.0021818181818181294,0.0025454545454545617,0.0,0.0,0.00036363636363638817,-0.002545454545454484,0.000727272727272732,0.0,0.0,-0.0010909090909090534,-0.0036363636363635488
172,172,0.9745454545454545,0.9744680323088948,0.9596899224806201,0.9975193798449612,3.030309581958979,1.574484600517649,1.3722082976563574,1.2778853234978307,2.0310566170090207,0.03199999999999994,0.00363636363636356,0.005818181818181745,0.014545454545454495,0.006545454545454477,0.016727272727272636,0.0072727272727272085,0.003999999999999915,0.004727272727272647,0.0032727272727271937,0.00545454545454539,0.00290909090909085,0.002909090909090839,-4.4408920985006264e-17,0.008363636363636306,0.003636363636363571,0.0010909090909090647,-1.1102230246251566e-17,0.007636363636363575,0.0,0.002545454545454484,0.0039999999999999255,0.0,0.004727272727272647,0.0003636363636363549,0.0003636363636363549,0.0021818181818181403,0.0018181818181817854
173,173,0.9709090909090909,0.9709090909090909,0.9563006515175592,0.9970602256475449,2.6355430076429673,2.1476186422604555,1.8309824258739054,0.9223764380039418,2.058666846223833,0.029818181818181855,-0.0018181818181817854,0.0018181818181818299,0.006545454545454588,0.003272727272727294,0.00800000000000003,-0.0010909090909090647,-0.0010909090909090647,-0.005090909090909024,0.003272727272727294,-0.003636363636363582,0.01745454545454549,-0.0003636363636363438,-0.0032727272727272163,0.002909090909090928,-0.009454545454545405,-0.0010909090909090647,-0.00290909090909085,-0.014545454545454518,0.005090909090909123,0.000727272727272732,0.001090909090909109,-0.0025454545454544953,-0.003272727272727227,-0.0003636363636363549,0.0036363636363636598,-0.003636363636363571,-0.005090909090909012
174,174,0.9709090909090909,0.9705595489781536,0.9469180675450553,0.9978040284719067,3.194553394804684,2.3604731096013407,1.3184574488130734,1.4158573136936707,0.8080867710594735,0.031272727272727306,0.00036363636363638817,0.004000000000000026,-0.0010909090909090424,0.0043636363636363916,-0.0007272727272726875,0.0061818181818182215,0.0007272727272727541,0.0043636363636363916,0.003272727272727294,-0.002545454545454484,-0.002181818181818118,-0.00036363636363633266,-0.00036363636363633266,0.001818181818181841,-0.00036363636363633266,0.0,0.0018181818181818299,-0.002545454545454473,-0.002909090909090839,0.003272727272727294,-0.0014545454545454195,0.000727272727272732,-0.002909090909090839,0.0,0.0,-0.002545454545454484,-0.0021818181818181294
175,175,0.9854545454545455,0.9852282828282829,0.9615384615384616,0.999482580200069,3.277977100659391,2.273157572463071,1.1871719312110707,0.6921174787768857,1.8972452280256955,0.0341818181818182,0.0,0.0061818181818182215,0.010909090909090946,0.006545454545454588,0.016000000000000004,0.0,-0.0029090909090909167,0.0,0.0,0.0025454545454545617,0.012000000000000021,-0.003272727272727294,0.0010909090909090979,0.005818181818181856,-0.007999999999999952,0.000363636363636366,-0.0018181818181818188,-0.005818181818181789,0.0036363636363636598,0.0,-0.0040000000000000036,0.0,-0.000363636363636366,-0.000363636363636366,0.0021818181818181958,0.0018181818181818299,0.000363636363636366
176,176,0.9781818181818182,0.9781818181818182,0.9672254886381694,0.9984109327824567,3.1171637414156317,1.5892751995364127,1.0915011410841826,1.2405455502439118,2.0501528399258566,0.022545454545454514,-0.0010909090909090979,0.008727272727272695,0.009090909090909061,0.006545454545454521,0.012727272727272698,-0.006909090909090953,0.0021818181818181958,-0.000727272727272732,-0.0036363636363636598,-0.000727272727272732,-1.1102230246251566e-17,-0.004727272727272758,-0.005818181818181856,0.0014545454545454527,0.004000000000000015,-0.0021818181818181958,-0.0025454545454545617,0.0032727272727272826,0.0032727272727272718,-0.0010909090909090979,-0.003272727272727294,0.0036363636363636377,-0.002909090909090928,0.0025454545454545617,0.001454545454545464,0.0018181818181818299,-0.0025454545454545617
177,177,0.9818181818181818,0.9818861054672615,0.9736957282913166,0.9967612044817927,2.2427070227323944,1.461228402327556,1.758193015781153,1.98296111680591,2.3229359195601287,0.030545454545454532,0.003272727272727294,0.0010909090909090868,0.009454545454545448,0.004000000000000026,0.011999999999999988,0.009090909090909094,0.004000000000000026,0.012363636363636332,0.008363636363636384,0.005454545454545478,0.01599999999999998,0.000363636363636366,0.007272727272727287,0.0036363636363636598,0.007272727272727275,0.000727272727272732,0.000727272727272732,0.01018181818181818,0.003272727272727294,0.008000000000000018,0.0043636363636363916,0.001454545454545464,0.0069090909090909315,0.004000000000000015,0.000727272727272732,0.0058181818181818334,0.005090909090909113
178,178,0.9781818181818182,0.9781818181818182,0.9633333333333334,0.9971555555555556,2.5330136852789544,1.7505910223629908,2.21095204501081,1.7546499054263853,1.3233863198123872,0.0476363636363636,0.0065454545454544984,0.006181818181818155,0.011999999999999966,0.004363636363636347,0.01345454545454543,0.003272727272727294,0.003272727272727294,0.0036363636363636377,0.004727272727272724,0.005818181818181789,0.0032727272727272826,-0.000727272727272732,0.005090909090909057,0.004727272727272714,0.0036363636363636377,0.000727272727272732,0.0,0.0032727272727272718,0.007272727272727231,0.006181818181818133,0.005090909090909068,0.004727272727272702,0.0036363636363636598,0.0029090909090909167,0.0029090909090909167,0.0021818181818181737,0.0036363636363636485
179,179,0.9818181818181818,0.9819030402332704,0.9702786688051324,0.9978949478748997,2.662873874964928,1.4250537548203377,1.537606850252705,2.0356155566945513,2.0225381320513045,0.023636363636363622,-0.002909090909090928,0.012363636363636354,0.011999999999999988,0.00436363636363638,0.013090909090909075,-0.003272727272727294,-0.003272727272727294,-0.0025454545454545617,-0.003272727272727294,0.00545454545454549,0.00436363636363638,-0.002909090909090928,0.003272727272727294,0.002909090909090928,-0.0010909090909090979,0.0018181818181818299,0.0,0.000363636363636366,-0.002909090909090928,0.0021818181818181958,0.001454545454545464,-0.002909090909090928,0.0,0.0010909090909090979,-0.0036363636363636598,-0.000363636363636366,-0.000363636363636366
180,180,0.9854545454545455,0.9856580891875009,0.9910313901345291,0.9980165574335977,3.497225500529146,2.126231891753964,1.800951007391227,1.0374176190041373,0.8888587558043161,0.012000000000000021,0.007636363636363686,0.011636363636363677,0.013454545454545486,0.01054545454545458,0.016727272727272736,0.0043636363636363916,0.008000000000000052,0.005090909090909123,0.0036363636363636598,0.002909090909090928,0.004727272727272747,0.0043636363636363916,0.000727272727272732,0.014545454545454561,-0.000727272727272732,0.0,0.0,0.002909090909090928,0.004000000000000026,0.0010909090909090979,0.0010909090909090979,0.008363636363636406,0.00545454545454549,0.002909090909090928,0.0043636363636363916,0.0010909090909090979,-0.0018181818181818299
181,181,0.9854545454545455,0.9855676767676768,0.9831587502257539,0.9992775871410511,2.8786889963001916,2.301490996417861,1.3222564318281709,1.1667798999882197,1.2734952552907735,0.037090909090909105,-0.004363636363636347,0.0036363636363636598,0.005818181818181856,0.0043636363636363916,0.006545454545454588,0.000727272727272732,-0.0025454545454545617,-0.005090909090909068,-0.0029090909090909054,0.0025454545454545617,0.006909090909090943,0.004000000000000026,0.004000000000000026,-0.004727272727272714,0.000727272727272732,0.0036363636363636598,0.000727272727272732,0.0021818181818181958,0.0025454545454545617,-0.0010909090909090979,-0.0032727272727272718,0.0036363636363636598,-0.0025454545454545287,-0.002909090909090928,-0.0036363636363636598,0.0018181818181818299,0.000363636363636366
182,182,0.9854545454545455,0.9855563173210232,0.9838092809790924,0.9982151963284038,3.1397384879674073,1.9662963980008406,1.2847712466911496,1.44592206374525,1.314821200751604,0.04690909090909092,0.000727272727272732,0.011636363636363667,0.015272727272727282,0.009818181818181847,0.0170909090909091,0.0,0.0010909090909090979,0.0,0.0,0.004000000000000026,0.0025454545454545617,0.0,-0.001454545454545464,0.004727272727272758,0.0021818181818181958,0.0018181818181818299,0.0018181818181818299,0.0021818181818181958,0.002909090909090928,0.0021818181818181958,0.0018181818181818299,0.0010909090909090979,0.0,0.0036363636363636598,0.0018181818181818299,0.0021818181818181958,0.000727272727272732
183,183,0.9781818181818182,0.9783305785123966,0.9724317077258253,0.9985754985754985,2.882176034625744,2.1952379366765644,1.7652880037014549,0.7237996539492607,1.5804839370170731,0.016727272727272702,-0.000363636363636366,0.0036363636363636043,0.007272727272727264,0.0010909090909090868,0.010181818181818136,-0.000727272727272732,0.010181818181818148,0.003272727272727294,-0.005090909090909123,0.003999999999999981,0.007636363636363608,0.0036363636363636598,-0.000727272727272732,-0.004727272727272758,-0.001818181818181841,-0.0010909090909090979,0.0029090909090909167,-0.004000000000000026,-0.0072727272727273196,-0.00909090909090915,-0.0036363636363636598,-0.004727272727272758,0.0025454545454545617,-0.0043636363636363916,-0.006545454545454588,-0.004727272727272758,-0.00545454545454549
184,184,0.9709090909090909,0.9717670670137036,0.9823788546255506,0.9982562408223201,3.2103146808805105,1.7902462422900458,1.7124173942895602,0.5653284638369453,1.9327153893155207,0.02254545454545458,-0.0039999999999999255,0.002181818181818229,0.002545454545454573,0.0014545454545454861,-0.0018181818181817633,0.0040000000000000365,0.0,0.007636363636363686,0.00036363636363637706,-0.0010909090909090424,0.017818181818181834,1.1102230246251566e-17,0.006909090909090953,0.009454545454545504,0.0018181818181818299,0.000363636363636366,0.0021818181818181958,1.1102230246251566e-17,-0.0065454545454544984,0.001454545454545475,0.003272727272727294,0.004000000000000026,0.004727272727272758,0.008363636363636406,0.005818181818181856,0.001454545454545464,-0.00036363636363633266
185,185,0.9781818181818182,0.9781818181818182,0.9694534952606635,0.9965195497630331,2.9194375678816313,1.785913824280959,1.3693034218127065,1.5592644505825544,1.69559782363712,0.025818181818181775,0.003272727272727294,0.005090909090909068,0.010545454545454502,0.005818181818181811,0.01345454545454543,0.0069090909090908535,0.007999999999999962,0.006181818181818144,0.0065454545454544984,0.0032727272727272826,0.01854545454545452,0.0036363636363636598,0.007636363636363608,0.0032727272727272718,0.0032727272727272718,0.000727272727272732,0.0076363636363635965,0.002545454545454551,0.0058181818181818005,0.000727272727272732,0.004363636363636359,0.009454545454545415,0.0021818181818181958,0.005818181818181778,0.0032727272727272718,0.008727272727272672,0.0032727272727272826
186,186,0.9709090909090909,0.9714466700907378,0.9750896934116111,0.9981245923026745,2.717528582136433,2.1490047466324653,1.836245726579642,1.1080113682296193,1.1792998250187363,0.013454545454545474,-0.002545454545454484,-0.004363636363636303,-0.003636363636363593,-0.005818181818181755,-0.0010909090909090424,-0.0036363636363635488,-0.00290909090909085,-0.0003636363636363549,0.0,-0.0021818181818181515,0.00545454545454549,-0.0021818181818181294,-0.0021818181818181515,-0.0003636363636363438,-0.004727272727272658,0.0,-0.004727272727272647,-0.0025454545454544953,-0.0014545454545454195,-0.0018181818181817744,-0.0010909090909090647,-0.0010909090909090647,0.000363636363636366,-0.005454545454545379,-0.0014545454545454306,-0.0010909090909090647,-0.002909090909090839
187,187,0.9781818181818182,0.9783713343804477,0.9690821256038648,0.9972946859903382,2.5399190215826004,2.098100769054105,1.3653004685140742,1.7163398025798748,1.9347588339531625,0.02436363636363631,0.000363636363636366,0.0029090909090909054,0.003999999999999992,0.0018181818181818299,0.0007272727272727208,0.0,0.000363636363636366,0.000363636363636366,0.0018181818181818299,0.000363636363636366,0.010909090909090868,0.0,0.0,0.000727272727272732,0.0010909090909090979,0.0036363636363636598,0.0,0.0003636363636363549,0.001454545454545464,0.0,0.0,0.000363636363636366,0.0,0.002909090909090928,0.004727272727272724,0.0,0.0
188,188,0.9745454545454545,0.9744863082260992,0.9644780447390224,0.9991024578845623,2.5671630583639056,1.7911130523755467,1.3245757440287491,1.4016022654558262,2.0243056620145405,0.037818181818181765,-0.005818181818181856,0.011272727272727235,0.011272727272727222,0.012363636363636321,0.01745454545454539,-0.004727272727272758,-0.0007272727272727431,-0.0010909090909090979,-0.003272727272727294,-0.002545454545454573,0.004363636363636314,-0.0040000000000000365,-0.001454545454545464,-0.0007272727272727541,-0.002909090909090928,-0.0040000000000000365,-0.0010909090909090979,-0.004727272727272758,-2.2204460492503132e-17,-0.001454545454545475,-0.006545454545454588,0.0018181818181817854,-0.006545454545454588,-0.0040000000000000365,-0.002181818181818218,-0.003272727272727294,-0.004000000000000026
189,189,0.9963636363636363,0.9963510786577628,0.990909090909091,0.9997520661157024,2.6914359118702507,1.886014547574954,2.1502470071680477,0.8766851692445281,1.8167265387914633,0.025818181818181796,0.0069090909090908535,0.020727272727272716,0.021090909090909084,0.01345454545454543,0.02218181818181817,0.0036363636363636485,0.0036363636363636485,0.0040000000000000036,0.0036363636363636377,0.0058181818181818005,0.008727272727272684,0.000727272727272732,0.0036363636363636377,0.007272727272727253,0.002909090909090928,0.000727272727272732,0.0021818181818181958,0.007272727272727253,0.0014545454545454527,0.006909090909090876,0.001454545454545464,0.003999999999999981,0.0029090909090909054,0.004363636363636347,0.0,0.0069090909090908535,0.0040000000000000036
190,190,0.9781818181818182,0.9779196617336151,0.9573300015144631,0.997955474784189,2.609677154376907,2.024842647290975,1.7533902185728854,1.4502071299388934,1.213278790013117,0.04981818181818178,0.008363636363636306,0.009090909090909071,0.014181818181818151,0.007272727272727231,0.020363636363636327,0.011636363636363601,0.010909090909090868,0.007999999999999962,0.005090909090909079,0.006909090909090887,0.017090909090909056,0.00436363636363637,0.0036363636363636264,0.004727272727272735,0.0065454545454544984,0.001454545454545464,0.002545454545454551,0.004727272727272714,0.0018181818181818188,0.009090909090909061,0.0018181818181818188,0.007636363636363608,0.0058181818181818005,0.0014545454545454527,0.001454545454545464,0.0010909090909090979,0.0032727272727272718
191,191,0.9890909090909091,0.9889862341556496,0.9745762711864407,0.9997645951035782,2.6874567052307845,1.8906327154088383,1.262017710678946,1.6385554266389077,1.8181796611494583,0.03236363636363641,0.001454545454545464,0.01272727272727281,0.02254545454545458,0.005818181818181856,0.028727272727272768,-0.0007272727272726986,0.004727272727272758,-0.0018181818181817633,0.0036363636363636598,0.002909090909090928,0.0040000000000000365,0.0021818181818181958,0.006909090909090953,0.010545454545454603,0.002545454545454573,0.0,0.002909090909090939,0.0021818181818181958,0.006909090909090953,0.0010909090909090979,2.2204460492503132e-17,0.006909090909090953,-0.0007272727272726875,0.0032727272727273047,0.0036363636363636598,0.0061818181818182215,0.0
192,192,0.9745454545454545,0.9749018598888266,0.9654608624565706,0.9970365828734927,2.715226276273898,2.487065578535814,1.463068484047118,0.9153827792759528,1.9190352187404116,0.01999999999999994,0.005454545454545401,0.0018181818181817744,0.006545454545454488,0.004363636363636303,0.007999999999999974,0.002909090909090828,0.002181818181818118,0.0032727272727271937,-0.000363636363636366,-2.2204460492503132e-17,0.011636363636363566,0.00363636363636356,0.00654545454545451,0.005090909090909024,-0.0014545454545454972,0.0003636363636363549,0.0007272727272727098,0.0018181818181817965,0.0007272727272726875,0.002545454545454484,-1.1102230246251566e-17,-0.001818181818181841,0.0010909090909090647,0.002181818181818118,0.00290909090909085,0.0018181818181817744,0.0003636363636363549
193,193,0.9890909090909091,0.9891295734075423,0.9860615332313445,0.9994050654428013,2.4284150172309347,1.673446194052008,1.859126984365972,1.5929219653525106,1.55653895290527,0.029090909090909133,0.0,0.0036363636363636598,0.008363636363636417,0.00545454545454549,0.009454545454545504,-0.0003636363636363549,0.000363636363636366,0.0,0.0,0.000727272727272732,-0.002909090909090839,-0.0003636363636363549,0.000363636363636366,0.002909090909090928,0.00545454545454549,-0.0003636363636363438,-0.0014545454545454085,0.005818181818181856,-0.0018181818181817633,0.000363636363636366,-0.0003636363636363438,0.0010909090909090979,0.000363636363636366,0.0,0.0,0.0,-0.0003636363636363549
194,194,0.9709090909090909,0.9713269358552378,0.966999299719888,0.9950105042016807,2.9746834077929294,2.2630574782854125,1.7650496771015995,1.4860852236457645,0.6478282787424952,0.0072727272727273196,0.00036363636363637706,0.012000000000000033,0.01127272727272729,0.01381818181818184,0.013454545454545474,-0.0036363636363635488,-0.0007272727272726986,-0.0032727272727271937,-0.002909090909090839,0.004727272727272758,4.4408920985006264e-17,-0.0010909090909090647,0.0040000000000000365,0.004000000000000026,0.005090909090909123,0.0,1.1102230246251566e-17,0.00545454545454549,0.004000000000000026,0.002909090909090928,0.0,0.000727272727272732,0.002909090909090928,0.001818181818181841,0.000363636363636366,0.004727272727272758,1.1102230246251566e-17
195,195,0.9890909090909091,0.9890479070079957,0.9777777777777777,0.9988444444444445,3.147522525703795,2.1082001390475913,1.2961792807108408,1.1654375550804732,1.72408651274643,0.031272727272727306,0.0021818181818181958,0.004000000000000026,0.009454545454545504,-0.00036363636363633266,0.020363636363636417,0.004000000000000026,0.002909090909090928,0.004000000000000026,-0.0014545454545454195,-0.002545454545454484,0.008363636363636417,-0.0018181818181817744,0.0025454545454545617,-0.0003636363636363549,0.0061818181818182215,0.00036363636363637706,0.000363636363636366,0.00545454545454549,-0.0007272727272726986,0.000363636363636366,-0.002909090909090839,0.0036363636363636598,-0.0003636363636363549,0.000727272727272732,-0.002545454545454484,-0.0010909090909090534,-0.0021818181818181294
196,196,0.9781818181818182,0.9783128964059196,0.9737915881983679,0.9985875706214689,3.487876448519828,1.7454000083035934,1.756205574781455,0.985899501620969,0.8788879209588111,0.0058181818181818005,0.0010909090909090979,0.0072727272727272415,0.009090909090909061,0.0021818181818181624,0.009090909090909061,-0.002909090909090928,0.006181818181818144,-0.002909090909090928,-0.006545454545454588,-0.000363636363636366,0.008363636363636351,-0.004727272727272758,-0.0010909090909090979,0.003999999999999981,-0.001454545454545464,-0.0036363636363636598,0.0,-0.0021818181818181958,0.0021818181818181958,0.001454545454545464,-0.004000000000000026,-0.0021818181818181958,-0.0025454545454545617,-0.0021818181818181958,0.0,-0.003272727272727294,-0.0018181818181818299
197,197,0.9818181818181818,0.981608895856178,0.9592963090720938,0.9981027940669196,2.865981395320975,2.006401215299702,1.3309287559084622,1.186199602749333,2.0885030541879557,0.03890909090909091,0.0018181818181818299,0.017818181818181823,0.018181818181818167,0.012727272727272709,0.022545454545454525,0.000727272727272732,0.001454545454545464,0.0010909090909090979,0.0,0.006545454545454565,0.0036363636363636485,0.0021818181818181958,0.002181818181818185,0.00872727272727274,0.010909090909090913,0.000363636363636366,0.003272727272727294,0.011272727272727278,0.005454545454545478,0.001454545454545464,0.0036363636363636485,0.006909090909090898,0.00436363636363638,0.004000000000000026,0.0069090909090909315,0.001454545454545464,0.000727272727272732
198,198,0.9781818181818182,0.9786397915809681,0.9866071428571428,0.9972864145658263,2.8089518750032956,1.3558291637137687,2.2989775891168898,0.9984972067456992,1.799472630430882,0.013454545454545441,0.003272727272727294,0.004727272727272724,0.009454545454545415,0.0021818181818181737,0.007999999999999952,0.005090909090909068,-0.001454545454545464,0.006909090909090887,0.0018181818181818299,0.004727272727272714,0.0072727272727272415,0.0018181818181818299,0.0036363636363636485,0.010909090909090879,0.0025454545454545287,-0.002909090909090928,0.0025454545454545617,0.0014545454545454527,-0.0036363636363636598,-0.000727272727272732,0.0014545454545454527,0.0010909090909090979,0.004727272727272714,-0.003272727272727294,-0.002909090909090928,0.0018181818181818188,-0.000727272727272732
199,199,0.9745454545454545,0.9747896960610605,0.9707273320287019,0.9973091976516634,2.2142837058049305,2.064816715712379,1.4804774274741253,1.7015765351368664,2.1162947549721896,0.03745454545454539,-0.003272727272727294,0.005454545454545379,0.005090909090909046,-3.3306690738754695e-17,0.005454545454545412,-0.000363636363636366,-2.2204460492503132e-17,-0.003272727272727294,-0.002909090909090928,-0.0018181818181818299,0.0021818181818181403,0.0,0.0,0.0010909090909090424,0.0007272727272726986,-0.002545454545454573,-0.0072727272727273196,-0.002545454545454573,-0.001818181818181841,-0.0036363636363636598,-0.003272727272727294,0.0007272727272726986,-0.003272727272727294,0.00290909090909085,-2.2204460492503132e-17,-0.003272727272727294,0.0
200,200,0.9781818181818182,0.9781818181818182,0.9697802197802199,0.9975091575091575,2.662342258550611,2.5136733319506734,1.3771403939669598,1.4932793594998608,1.2337852418111697,0.039636363636363615,0.001454545454545464,0.0,0.0032727272727272605,0.0010909090909090979,0.011636363636363611,0.004727272727272714,0.004727272727272724,0.0018181818181818299,-0.001454545454545464,0.004727272727272714,0.010181818181818148,-0.0010909090909090979,0.0025454545454545396,0.00654545454545451,0.0014545454545454527,-0.000363636363636366,-0.001454545454545464,0.0010909090909090979,0.0018181818181818299,0.0018181818181818299,0.0,0.002909090909090928,0.0010909090909090868,-0.0010909090909090979,0.0025454545454545617,-0.0010909090909090979,0.0
201,201,0.9818181818181818,0.9817484198308473,0.9661239495798319,0.9993872549019608,2.833424419968062,2.060312187527551,1.846857230727453,1.3660897744181586,1.2318754231785245,0.012363636363636344,-0.010545454545454535,-0.000363636363636366,0.0065454545454545435,-0.0021818181818181958,0.004363636363636359,-0.0069090909090909315,-0.006909090909090953,-0.008727272727272728,-0.007636363636363652,-0.0021818181818181958,0.001454545454545464,-0.004727272727272747,0.0025454545454545617,-0.0021818181818181958,-0.0021818181818181958,-0.000363636363636366,-0.0025454545454545617,-0.001454545454545464,-0.000363636363636366,0.0025454545454545617,-0.0036363636363636598,-0.0021818181818181958,-0.00945454545454546,0.0,-0.0025454545454545617,0.0018181818181818299,-0.009818181818181814
202,202,0.9854545454545455,0.9854545454545455,0.9784212178279974,0.9981167608286252,2.4530477906569432,1.642918844975028,1.1285978636597553,1.6814077058265466,2.262222752361359,0.04,0.0,0.013090909090909108,0.013818181818181851,0.004000000000000026,0.014181818181818207,0.0,0.000363636363636366,0.004727272727272758,0.000727272727272732,0.0065454545454545765,0.01563636363636365,0.001454545454545464,0.00545454545454549,0.00800000000000004,0.006909090909090953,0.0,0.0010909090909090979,0.0072727272727273196,0.006909090909090953,0.0021818181818181958,0.004727272727272758,0.006545454545454588,0.00545454545454549,-0.001454545454545464,0.002909090909090928,0.004727272727272758,0.0036363636363636598
203,203,0.9854545454545455,0.9854545454545455,0.9762849258364954,0.9985339772335289,1.9942335247904392,1.0413949856547966,1.772476072586511,1.8922111733789797,2.4363765291776875,0.024363636363636375,0.0,0.003272727272727294,0.006909090909090943,0.0043636363636363916,0.00800000000000003,0.0010909090909090979,0.004727272727272758,0.000363636363636366,0.0043636363636363916,0.007636363636363686,0.005818181818181856,0.0025454545454545617,-0.0018181818181818078,0.005818181818181856,0.005090909090909123,0.002909090909090928,0.004000000000000026,0.0072727272727273196,0.005818181818181845,0.0036363636363636598,0.0043636363636363916,0.009090909090909127,0.0036363636363636598,0.0043636363636363916,0.005090909090909123,0.00545454545454549,0.004727272727272758
204,204,0.9709090909090909,0.9710674278328307,0.9643980233602875,0.9961814914645103,2.1186332086429784,2.2371365739200813,2.016495355671587,1.6253655745242535,1.307879270173688,0.020000000000000052,0.002181818181818207,0.003636363636363671,0.002909090909090939,0.0025454545454545617,0.008000000000000052,1.1102230246251566e-17,0.0010909090909090979,0.0010909090909090979,-0.006181818181818122,-0.0010909090909090534,0.008363636363636406,-0.003999999999999937,-0.003272727272727227,-0.0021818181818181294,-0.009454545454545415,-0.003636363636363582,-0.003272727272727227,-0.003999999999999937,-0.005090909090909035,0.00036363636363637706,-0.0021818181818181403,-0.005818181818181745,-0.003636363636363593,0.001454545454545475,-0.005090909090909024,0.002545454545454573,-0.002545454545454484
205,205,0.9672727272727273,0.9676031633207032,0.958647561588738,0.9953075247192894,2.5860731684209806,2.2311901770199114,1.9280386330935835,1.5427391811460034,0.8960589671815626,0.02072727272727275,0.005818181818181856,-0.006181818181818155,-0.0003636363636363549,-0.0040000000000000036,0.0058181818181818334,0.005090909090909123,0.0061818181818182215,0.00545454545454549,0.005090909090909123,0.000727272727272732,0.01636363636363637,0.002181818181818207,-0.0007272727272726986,-0.0003636363636363549,0.0032727272727272826,-0.000363636363636366,0.0,0.000727272727272732,0.0018181818181818299,0.002909090909090928,0.0018181818181818299,0.0032727272727272826,0.0018181818181818299,-0.0029090909090909167,0.0,-0.0010909090909090868,0.00436363636363638
206,206,0.9854545454545455,0.9855590066910821,0.9836581579855121,0.9987064505001725,2.8722779781917467,2.4643820709121145,1.4279321075084983,0.8897849885023588,1.8071164344831094,0.030545454545454553,0.0061818181818182215,0.005818181818181856,0.0036363636363636598,0.005818181818181856,0.0025454545454545617,0.0,0.0,0.0018181818181818299,0.000727272727272732,0.0018181818181818299,0.009454545454545493,-0.000363636363636366,0.0010909090909090979,0.0021818181818181958,0.005454545454545478,-0.000363636363636366,0.000363636363636366,0.00545454545454549,-0.000363636363636366,-0.002909090909090928,0.0021818181818181958,0.00618181818181821,0.0021818181818181958,0.002909090909090928,0.001454545454545464,-0.0021818181818181958,-0.0018181818181818299
207,207,0.9745454545454545,0.9746228767820143,0.9653170119271814,0.9956842435655995,2.2259904142471445,2.0075134490859776,1.6308536663859199,1.7509615797262643,1.7173047062397617,0.05163636363636358,-0.0010909090909090979,0.004363636363636314,0.015999999999999938,0.004363636363636325,0.01490909090909085,-0.0061818181818182215,0.0007272727272727098,-0.00545454545454549,-0.006909090909090953,0.0014545454545454085,0.018181818181818122,-0.000727272727272732,0.0007272727272726875,-2.2204460492503132e-17,0.005818181818181755,0.0039999999999999255,0.003999999999999948,-3.3306690738754695e-17,-0.0007272727272727431,-0.0021818181818181958,-0.004000000000000026,0.0003636363636363105,-0.001454545454545464,-0.002909090909090928,-1.1102230246251566e-17,-0.0025454545454545617,-0.000363636363636366
208,208,0.9745454545454545,0.9747610695187164,0.9719243143863949,0.9968592002451356,2.440039762682345,2.5643029598132476,1.6834597420642912,2.1406077949086275,1.0421675273634143,0.03709090909090903,0.0021818181818181403,0.008727272727272672,0.006909090909090842,0.005090909090909046,0.013090909090909042,-0.001454545454545464,0.002545454545454506,0.0036363636363635488,-0.0021818181818181958,-0.005090909090909123,0.004363636363636325,-0.002545454545454573,-0.0007272727272727431,-0.00036363636363637706,-0.001090909090909109,-0.000363636363636366,-0.000363636363636366,-0.0007272727272727431,-0.00036363636363637706,0.002909090909090861,-0.00036363636363637706,-0.00036363636363637706,0.009090909090909038,-0.001454545454545475,0.0047272727272726685,0.0010909090909090534,0.0
209,209,0.9781818181818182,0.9781818181818182,0.9627505869604479,0.9973812533863103,2.4249260877043866,2.3310321853684037,1.498270412382399,1.7819338431300393,0.7288193330223214,0.033454545454545445,0.0069090909090908535,0.01927272727272723,0.018909090909090865,0.009818181818181771,0.012727272727272709,0.000727272727272732,0.00727272727272722,-0.0021818181818181958,-0.0025454545454545617,0.0032727272727272826,0.011999999999999966,0.000363636363636366,0.005818181818181778,0.006181818181818155,0.010545454545454514,0.0,0.0010909090909090979,0.011636363636363601,0.000727272727272732,0.000363636363636366,0.000363636363636366,0.0010909090909090868,0.000727272727272732,0.0010909090909090979,-0.000727272727272732,0.0036363636363636485,0.003999999999999981
210,210,0.9745454545454545,0.9748232890704801,0.9692314425770308,0.9969362745098039,2.3734734485736713,1.9810777566487892,1.4930981964071013,1.3902918596214455,2.5205668502660306,0.031636363636363594,0.0003636363636363438,0.009454545454545405,0.012727272727272688,0.00363636363636356,0.005454545454545401,0.0025454545454544953,-1.1102230246251566e-17,-1.1102230246251566e-17,-0.000363636363636366,0.006545454545454477,0.003272727272727227,0.0007272727272727098,-0.001818181818181841,0.008727272727272672,0.00036363636363633266,-0.000363636363636366,0.0021818181818181294,0.0021818181818181294,-0.0025454545454545617,0.0007272727272727098,0.0003636363636363438,-0.0018181818181818299,0.00545454545454539,0.0018181818181817744,-0.00036363636363637706,-0.0010909090909090979,0.0018181818181817744
211,211,0.9745454545454545,0.9749849742510293,0.9769317005864091,0.9949120386340118,2.3824344386229117,2.2644058367249946,1.9543401297710352,1.6075613460239568,1.3823244664006176,0.023999999999999955,0.0043636363636362805,0.008727272727272672,0.008727272727272672,0.0072727272727272085,0.011272727272727222,0.005090909090909012,0.003999999999999915,0.004727272727272647,-0.001090909090909109,0.003999999999999937,0.009818181818181781,0.0003636363636363549,0.007999999999999952,0.0072727272727272085,-0.002181818181818218,0.0003636363636363549,-0.0010909090909091202,0.005454545454545401,0.0072727272727272085,0.002545454545454484,0.004727272727272647,0.005090909090909012,0.004363636363636314,0.005818181818181745,0.0007272727272727208,0.003636363636363582,0.005090909090909012
212,212,0.9890909090909091,0.9892164806681113,0.9933628318584071,0.9969297453494672,2.664605963397214,1.7438678697200258,1.094311999966299,1.360307481912365,2.2200974401903375,0.04581818181818185,0.0036363636363636598,0.012363636363636432,0.012363636363636432,0.00909090909090915,0.020000000000000052,0.000727272727272732,0.0036363636363636598,0.0036363636363636598,0.004000000000000026,0.0036363636363636598,0.009454545454545504,0.000363636363636366,0.004000000000000026,0.006545454545454588,0.010545454545454613,0.000363636363636366,0.003272727272727294,0.010545454545454613,0.008000000000000052,0.0018181818181818299,0.000363636363636366,0.010181818181818247,0.000727272727272732,0.001454545454545464,0.0018181818181818299,0.0021818181818181958,0.0036363636363636598
213,213,0.9781818181818182,0.9783713343804477,0.9690821256038648,0.9970048309178745,2.994437129192123,2.0366958387798553,2.3493590310872405,0.7487619664239133,1.4702674372815754,0.004727272727272724,0.00436363636363637,0.010909090909090868,0.010545454545454525,0.008727272727272684,0.010181818181818158,0.005090909090909079,0.004727272727272714,0.009454545454545427,-0.000363636363636366,0.004727272727272714,0.0029090909090908833,-0.000363636363636366,0.0076363636363635965,0.0032727272727272718,0.0076363636363635965,0.0021818181818181958,0.000363636363636366,0.006909090909090865,0.0010909090909090868,0.0058181818181818005,0.0072727272727272085,0.004363636363636359,0.003272727272727294,0.0,0.0021818181818181958,0.001454545454545464,0.005090909090909079
214,214,0.9781818181818182,0.9782921928817452,0.9752791068580542,0.9989850659707119,3.235183978570195,2.402063821858543,0.7199913974678566,0.7456785658547547,1.6748374629672782,0.017454545454545424,0.000727272727272732,0.002181818181818185,0.002181818181818185,0.005090909090909079,0.007999999999999997,0.00436363636363637,0.000727272727272732,-0.0018181818181818299,0.000727272727272732,0.0010909090909090868,0.025090909090909063,0.0010909090909090979,0.0018181818181818299,0.002181818181818185,0.004727272727272714,0.0,-0.000727272727272732,0.001454545454545464,0.004000000000000015,0.000363636363636366,0.001454545454545464,0.005090909090909079,-0.00036363636363637706,0.004727272727272714,0.0,0.001454545454545464,-0.000727272727272732
215,215,0.9854545454545455,0.9853753769926755,0.9745421245421246,0.9986813186813187,2.3967331328081216,1.735803904253908,1.1047815538605146,1.908727972926075,2.388608176480054,0.061090909090909105,0.000363636363636366,0.014909090909090917,0.023636363636363632,0.012727272727272754,0.024727272727272744,0.0,-0.000363636363636366,0.0,0.002909090909090928,-0.0032727272727272605,0.009454545454545493,0.0043636363636363916,0.000363636363636366,0.009454545454545493,0.006545454545454588,-0.0036363636363636264,0.0025454545454545617,0.016727272727272723,0.005090909090909113,0.0025454545454545617,0.004000000000000026,0.007272727272727308,0.003272727272727294,0.0043636363636363916,0.005090909090909113,0.00618181818181821,0.005818181818181856
216,216,0.9854545454545455,0.9854545454545455,0.9762849258364954,0.9981027940669197,2.7469605415963665,2.0271154158221134,1.3149787214529984,1.382639584650426,1.9705784171520146,0.014181818181818217,0.001454545454545464,0.0010909090909090979,0.012000000000000044,0.006545454545454588,0.020000000000000028,0.0025454545454545617,-0.000363636363636366,-0.000363636363636366,0.0,0.0036363636363636598,0.016000000000000035,0.0,0.0018181818181818299,0.0010909090909090979,0.002909090909090928,0.001454545454545464,0.0036363636363636598,0.0021818181818181958,-0.000363636363636366,0.0,0.000363636363636366,-0.000727272727272732,0.004000000000000026,0.000363636363636366,-0.000363636363636366,0.0,0.0
217,217,0.9818181818181818,0.9818960409487691,0.9717106512246061,0.9981013859882286,2.6579585650697592,1.9844043266788431,1.9336473360801991,1.4373785589440458,1.4716325404992037,0.029454545454545445,-0.0036363636363636598,0.008000000000000018,0.007272727272727287,0.0061818181818182,0.009090909090909084,-0.0036363636363636598,-0.0036363636363636598,-0.0036363636363636598,0.0,0.003272727272727294,0.010545454545454547,0.0,0.0010909090909090979,0.003272727272727294,0.0036363636363636598,0.0,-0.001454545454545464,0.004727272727272747,0.0,0.0,-0.0036363636363636598,0.000363636363636366,0.000363636363636366,0.0,0.0,0.0,0.0
218,218,0.9818181818181818,0.9817502581691023,0.9666695412211107,0.9986202138668507,2.5635293481059533,2.509242382891742,1.370259431530293,1.3672402021896013,2.057998166290902,0.029454545454545455,0.000363636363636366,0.002909090909090928,0.005090909090909113,0.0021818181818181958,0.001454545454545464,0.0,-0.0061818181818182215,0.000363636363636366,0.0,0.004727272727272747,0.007999999999999997,0.0,0.0,-0.0010909090909090979,-0.003272727272727294,0.000727272727272732,0.0,-0.0036363636363636598,0.000363636363636366,-0.0021818181818181958,-0.000727272727272732,0.000363636363636366,0.000363636363636366,0.0,0.000363636363636366,-0.000363636363636366,-0.0025454545454545617
219,219,0.9927272727272727,0.9927795033455411,0.9955156950672646,0.9996550534667127,2.8229494400359743,2.1911739003996127,1.6885622216211855,1.1444764310751212,1.0724451304950344,0.030181818181818122,0.0072727272727272085,0.003999999999999937,0.004363636363636292,0.003999999999999937,0.009454545454545405,0.00363636363636356,0.0072727272727272085,0.006545454545454477,0.0007272727272727098,0.005090909090909035,0.008363636363636306,0.0007272727272727098,0.004727272727272658,0.0014545454545454306,0.0014545454545454195,0.0014545454545454195,0.003999999999999937,0.0014545454545454195,0.0003636363636363549,0.002545454545454484,0.0014545454545454195,0.00290909090909085,0.0014545454545454195,0.0021818181818181294,0.0021818181818181294,0.0018181818181817854,0.0007272727272727098
220,220,0.9890909090909091,0.989123273420794,0.9870155038759689,0.9986046511627907,3.158394003995152,1.9082203553833346,1.395544904357744,1.2482384436802574,1.1757615807002133,0.03709090909090912,0.004000000000000026,0.01309090909090913,0.023636363636363678,0.008363636363636417,0.02509090909090913,0.00036363636363637706,0.0043636363636363916,0.0036363636363636598,0.0,0.0036363636363636598,0.016727272727272778,0.0014545454545454861,0.0061818181818182215,0.012727272727272776,0.004727272727272758,0.0018181818181818299,0.0018181818181818299,0.002181818181818207,0.0036363636363636598,0.0010909090909090979,0.003272727272727294,0.00545454545454549,0.0018181818181818299,0.004000000000000026,0.000727272727272732,0.0072727272727273196,0.003272727272727294
221,221,0.9709090909090909,0.9712181152181153,0.9699760407307577,0.9989517819706499,2.782270921869794,2.144952027849976,1.4436564152502702,1.4503577934778085,1.4352996899280652,0.027272727272727303,0.003272727272727294,-0.0018181818181817744,-0.009818181818181781,-0.0007272727272726875,-0.009454545454545415,-0.0003636363636363549,0.00036363636363637706,-0.0036363636363635488,0.001818181818181841,-0.003999999999999937,0.007272727272727308,-0.005818181818181745,3.3306690738754695e-17,-0.0007272727272726986,-0.005454545454545379,-0.002909090909090839,-0.005818181818181745,-0.010909090909090868,-0.005818181818181745,-0.003272727272727205,-0.007636363636363585,-0.002909090909090839,-0.0021818181818181294,-0.0003636363636363549,-0.00618181818181811,-0.004363636363636292,-0.005818181818181755
222,222,0.9818181818181818,0.9816563601687569,0.9653945176434954,0.9990913221263062,3.248405162512272,1.8502323366149245,1.038740362912095,1.084842648227858,1.976355902557994,0.019999999999999983,0.002909090909090928,0.004000000000000026,0.004000000000000026,0.002909090909090928,0.005090909090909102,-0.003272727272727294,0.000727272727272732,-0.0061818181818182215,0.002909090909090928,0.0010909090909090979,-0.0010909090909090868,0.001454545454545464,0.001454545454545464,0.000727272727272732,0.001454545454545464,0.0,0.0,0.001454545454545464,-0.000727272727272732,-0.0010909090909090979,0.0018181818181818299,-0.001454545454545464,0.005090909090909113,-0.005090909090909123,-0.0021818181818181958,0.000727272727272732,0.000727272727272732
223,223,0.9745454545454545,0.9750904684595658,0.9756493506493507,0.9975403384494294,1.882620307067086,2.2858426897910222,1.683656285928138,1.523974377856791,1.5680080828419363,0.015999999999999924,0.00363636363636356,0.014545454545454483,0.009818181818181771,0.011272727272727202,0.005818181818181755,0.0039999999999999255,0.00363636363636356,0.0032727272727271937,0.0003636363636363549,0.0014545454545454085,0.003999999999999948,0.00363636363636356,0.003636363636363582,0.00545454545454539,0.002909090909090861,0.0021818181818181294,0.0007272727272727098,0.003272727272727227,-0.001818181818181841,-0.001818181818181841,0.0018181818181817744,-2.2204460492503132e-17,0.0018181818181817744,0.005090909090909024,-0.0007272727272727431,0.004727272727272647,-0.000727272727272732
224,224,0.9890909090909091,0.989118840266133,0.9876395534290271,0.9983326083804553,3.2674565587873663,1.7213269545895862,1.566892288063508,0.8950092022686078,1.5175520121032249,0.03309090909090913,0.002909090909090928,0.01600000000000005,0.0243636363636364,0.012727272727272799,0.025090909090909143,0.002909090909090928,0.0,0.000363636363636366,0.001454545454545464,0.00545454545454549,0.020363636363636407,0.004000000000000026,0.0010909090909090979,0.008727272727272773,0.006909090909090953,0.000727272727272732,0.002909090909090928,0.010181818181818236,0.0014545454545454861,0.003272727272727294,0.0025454545454545617,0.002181818181818207,-0.0003636363636363549,0.0043636363636363916,0.005090909090909123,0.003272727272727294,0.002909090909090939
225,225,0.9890909090909091,0.9891904519664858,0.9930875576036866,0.9985698395042111,2.639809625585543,1.5521003734539216,1.5949049605769252,1.5281795475526596,1.6761638381601376,0.03236363636363639,0.004727272727272758,0.0072727272727273196,0.012727272727272787,0.006909090909090953,0.018545454545454577,0.004000000000000026,0.006909090909090953,0.000363636363636366,0.0,0.002545454545454573,0.013818181818181874,0.0007272727272727431,0.00036363636363637706,0.00036363636363637706,0.002545454545454573,-0.002181818181818118,-0.002909090909090839,0.0010909090909091202,-0.002181818181818118,-0.0003636363636363438,0.000363636363636366,-0.0018181818181817744,-0.002545454545454484,-0.00036363636363632155,-0.0018181818181817633,0.000363636363636366,-0.005454545454545379
226,226,0.9818181818181818,0.9818793736789181,0.975,0.9973553719008265,3.0249871492063587,2.22277989634184,1.2347920302943738,0.7961480238257553,1.7118214217068557,0.034909090909090904,0.000727272727272732,0.007636363636363663,0.010545454545454535,0.0029090909090909167,0.01454545454545455,0.0,0.0043636363636363916,0.000363636363636366,0.004727272727272758,-0.000727272727272732,0.025090909090909073,0.0043636363636363916,-0.001454545454545464,0.0058181818181818334,0.00436363636363638,-0.001454545454545464,0.0,0.002909090909090928,0.004000000000000026,0.0,0.003272727272727294,0.0061818181818182215,0.0,0.000363636363636366,0.0036363636363636598,0.0010909090909090979,0.003272727272727294
227,227,0.9781818181818182,0.9785560282516212,0.9861111111111112,0.9954488386691777,3.3193052113561623,1.4158646199580904,2.0405330536630113,1.168835370487681,1.1332163425384019,0.03563636363636361,0.0025454545454545617,0.011272727272727235,0.011272727272727245,0.00654545454545451,0.012727272727272688,0.0036363636363636485,0.0029090909090909167,0.0018181818181818188,0.004000000000000015,0.004727272727272714,0.03054545454545452,0.0025454545454545617,0.003999999999999992,0.010545454545454502,0.0021818181818181737,0.005818181818181789,0.00436363636363637,0.010181818181818148,0.007272727272727231,-0.0010909090909090979,0.0010909090909090868,0.008727272727272684,0.000727272727272732,0.002545454545454551,0.005454545454545434,-0.000363636363636366,0.0010909090909090979
228,228,0.9854545454545455,0.9855419309372798,0.9845809792843692,0.9986660389202763,3.322899590313058,1.4921215180811895,1.3071536917268491,1.5362848782504688,1.1343676049615747,0.016000000000000014,0.0010909090909090979,0.007636363636363663,0.013090909090909143,0.0065454545454545765,0.0181818181818182,0.0061818181818182215,0.000363636363636366,0.0036363636363636598,0.0061818181818182215,0.003272727272727294,0.012363636363636387,0.0036363636363636598,0.0018181818181818299,0.002909090909090928,0.003272727272727294,0.0,0.000363636363636366,0.004000000000000026,0.0043636363636363916,0.0010909090909090979,0.001454545454545464,0.007636363636363686,0.0043636363636363916,0.0,0.0036363636363636598,-0.0010909090909090979,0.002909090909090928
229,229,0.9636363636363636,0.9633104443449272,0.9452400161355385,0.9965711980637354,2.7939821035243466,1.4531974495251012,1.7078632611189186,0.7989683153197903,1.6650887183855365,0.03818181818181817,-0.005090909090909123,0.005454545454545423,0.010545454545454525,0.005454545454545445,0.020727272727272716,-0.0025454545454545617,-0.000363636363636366,-0.0018181818181818299,-0.000727272727272732,-0.00545454545454549,-0.00036363636363637706,-0.0018181818181818299,-0.008363636363636373,0.005454545454545445,-0.0025454545454545617,-0.0043636363636363916,-0.0018181818181818299,-0.002909090909090928,0.002909090909090928,-0.0025454545454545617,-0.004000000000000026,0.0007272727272727208,-0.0065454545454545765,-0.001454545454545464,-0.001454545454545464,0.0014545454545454527,-0.0010909090909090979
230,230,0.9745454545454545,0.9741771170319751,0.9507553317535544,0.9977784360189573,3.200194236541364,2.0617984773740847,1.3819752582127938,1.0588179272278089,1.9739804391774691,0.024727272727272664,-0.003272727272727294,0.011272727272727235,0.012727272727272688,0.005818181818181767,0.013818181818181785,0.0007272727272727098,-0.001454545454545475,-0.006545454545454588,0.0018181818181817854,0.0029090909090908725,0.008363636363636328,0.0003636363636363438,-0.002181818181818207,-0.001818181818181841,-2.2204460492503132e-17,-0.000363636363636366,-0.0025454545454545617,-0.0010909090909091202,0.00618181818181811,0.0,-0.00036363636363638817,0.00727272727272722,-0.005090909090909123,-0.005818181818181856,0.0007272727272727098,-0.00909090909090915,0.003999999999999937
231,231,0.96,0.9601381347646092,0.9401290430702196,0.9929612870789342,2.7633896897497796,1.9229779779628582,1.3835966007391498,1.4637716413508104,1.8586275844254123,0.029090909090909056,-0.001454545454545475,0.012727272727272698,0.007636363636363575,0.008727272727272672,0.006545454545454488,-0.0025454545454545617,-0.0025454545454545617,0.0010909090909090534,-0.003272727272727294,0.0014545454545454306,0.008727272727272695,0.0003636363636363549,0.0010909090909090424,0.00036363636363633266,-0.0007272727272727431,0.0003636363636363549,0.00036363636363633266,-0.004000000000000026,0.0007272727272726986,0.0018181818181817965,-0.0007272727272727541,-3.3306690738754695e-17,-0.004727272727272758,0.003636363636363571,0.0021818181818181403,-0.003272727272727294,-0.00545454545454549
232,232,0.9963636363636363,0.9963528482536748,0.9918032786885246,1.0,3.3532623065093468,1.904487647044879,1.3233349731758008,1.0395992192500951,1.5283225886856622,0.038181818181818136,0.0069090909090908535,0.0036363636363636485,0.01345454545454543,0.0058181818181818005,0.011272727272727235,0.0,0.0036363636363636485,0.003272727272727294,0.0010909090909090979,0.003999999999999992,0.014181818181818162,0.0036363636363636598,0.0018181818181818078,0.007999999999999952,-0.001454545454545464,-0.000727272727272732,0.0010909090909090868,-0.000363636363636366,0.000727272727272732,0.000727272727272732,0.0040000000000000036,-0.000363636363636366,-0.0018181818181818299,-0.000727272727272732,0.0,0.0010909090909090868,0.0007272727272727208
233,233,0.9818181818181818,0.9818647337768882,0.9776714513556619,0.9989125706829056,2.437961377922938,2.227884520189323,1.2161934174327427,1.8785297886613097,1.1652644333558189,0.05927272727272729,0.004727272727272758,0.006545454545454565,0.013454545454545452,0.00690909090909092,0.01200000000000001,0.00618181818181821,0.001454545454545464,0.000727272727272732,0.001454545454545464,0.005818181818181845,0.010181818181818191,0.004000000000000026,0.004000000000000015,0.002545454545454551,0.009090909090909094,0.000363636363636366,0.0018181818181818188,0.005818181818181845,0.0,0.000363636363636366,-0.0021818181818181958,0.0010909090909090979,-0.0025454545454545617,0.0010909090909090979,0.0018181818181818299,0.001454545454545464,0.000727272727272732
234,234,0.96,0.959850567972025,0.9310969299758538,0.9937909624008279,2.8377629613683593,1.7606356388668982,1.606412601094471,1.103293533858094,2.3016895258740515,0.02654545454545453,0.004727272727272647,0.013090909090909065,0.01599999999999996,0.009454545454545405,0.012363636363636332,0.0032727272727271937,0.003272727272727227,-0.000727272727272732,0.003999999999999937,0.0014545454545454195,0.010545454545454502,-0.002909090909090939,0.00290909090909085,-4.4408920985006264e-17,0.005818181818181755,0.0007272727272727208,0.0003636363636363549,0.003999999999999937,0.006545454545454477,0.0007272727272726986,-0.0025454545454545617,0.0007272727272726986,0.0036363636363635488,0.006909090909090842,0.005454545454545401,0.0032727272727271937,0.0010909090909090647
235,235,0.9854545454545455,0.9852342755283932,0.9622641509433962,0.9989801121876594,2.777797447215011,1.6521045583119112,1.5854936328235574,1.6031886721290889,1.7499724138115929,0.04945454545454546,0.006909090909090953,0.006545454545454588,0.010181818181818226,0.003272727272727294,0.012363636363636387,0.003272727272727294,0.008000000000000052,0.0025454545454545617,0.001454545454545464,0.002909090909090928,0.014909090909090927,0.000363636363636366,0.0043636363636363916,0.000727272727272732,0.008727272727272783,-0.0036363636363636598,-0.001454545454545464,0.0043636363636363916,0.0010909090909090979,0.0018181818181818299,0.0043636363636363916,0.000363636363636366,0.004000000000000026,0.004727272727272758,0.000727272727272732,0.008000000000000052,0.000363636363636366
236,236,0.9745454545454545,0.9748634523371367,0.9673438389975317,0.9977216631858743,2.6318359275220855,1.9955221541769044,1.715089727193329,1.2689591254408965,2.1746217019743153,0.02618181818181813,0.0014545454545454195,0.0021818181818181294,-0.0018181818181818633,-0.0003636363636363993,0.00290909090909085,0.0007272727272727098,0.002545454545454484,0.003636363636363571,-0.005818181818181856,-0.005818181818181856,0.007636363636363564,-0.0021818181818181958,-0.001818181818181852,-0.000727272727272732,0.005818181818181778,-0.00545454545454549,-0.006545454545454588,0.0043636363636362805,-0.00545454545454549,-0.006545454545454588,0.0018181818181817744,-0.0025454545454545617,0.0043636363636362805,0.0021818181818181403,-0.004727272727272758,-0.001454545454545475,-0.001818181818181852
237,237,0.9745454545454545,0.9744619480072387,0.9580315467568002,0.9962176082407854,3.0969801983558405,1.9638942151724035,1.3691578065586187,0.6693024015407848,1.9233298174909956,0.02581818181818176,0.003999999999999948,0.010181818181818136,0.011272727272727222,0.0069090909090908535,0.01927272727272721,-0.000727272727272732,0.0047272727272726685,0.0007272727272726986,-0.004000000000000026,0.008363636363636306,0.013818181818181775,0.0010909090909090534,0.008363636363636306,0.010181818181818136,0.007999999999999941,-0.002909090909090939,-0.0003636363636363993,0.0072727272727272085,-0.001818181818181852,-0.0007272727272727541,0.005818181818181745,-0.005090909090909123,0.011272727272727222,0.009090909090909038,-0.002181818181818218,0.004363636363636314,-0.0018181818181818299
238,238,0.9854545454545455,0.9855646804176217,0.9833333333333334,0.9990222222222221,2.4185171948811033,1.4664453672875204,1.838590991377619,1.5921065756365662,1.8316357290376146,0.01563636363636366,0.0010909090909090979,0.004000000000000026,0.007636363636363663,0.0036363636363636598,0.009090909090909127,0.000363636363636366,0.000363636363636366,0.000363636363636366,0.000363636363636366,0.0021818181818181958,0.002909090909090928,0.0,0.0,-0.001454545454545464,-0.0010909090909090868,0.0,0.0025454545454545617,-0.002545454545454551,0.0025454545454545617,0.000363636363636366,-0.002909090909090928,0.000363636363636366,0.000363636363636366,0.000727272727272732,0.000727272727272732,-0.0021818181818181958,-0.0036363636363636377
239,239,0.9818181818181818,0.9821765325091267,0.9890350877192983,0.9983202687569989,3.026999020103841,2.3804529732732647,1.5404547220922067,0.3394210346265412,1.7792952191856861,0.011272727272727268,0.005454545454545478,0.007999999999999997,0.013818181818181808,0.007999999999999997,0.012000000000000021,-0.003272727272727294,0.00545454545454549,-0.0010909090909090979,0.004000000000000026,0.0025454545454545617,0.015272727272727249,0.0,0.006545454545454565,0.007272727272727287,-0.000363636363636366,-0.004000000000000026,0.0,0.004000000000000015,0.000727272727272732,-0.0025454545454545617,-0.000727272727272732,0.0021818181818181958,0.000363636363636366,0.002909090909090928,-0.000363636363636366,0.0010909090909090979,0.000363636363636366
240,240,0.9818181818181818,0.9819760407525302,0.9823643410852713,0.9972868217054263,3.457053912990456,2.0725373313660684,1.0747067449090257,0.7424316102641433,1.8170867964600745,0.059272727272727276,0.0061818181818182215,0.0065454545454545765,0.010545454545454547,0.00618181818181821,0.013454545454545464,0.0,0.009818181818181804,0.000363636363636366,0.00545454545454549,0.005454545454545478,0.005090909090909113,-0.000363636363636366,0.0043636363636363916,0.0021818181818181958,-0.0036363636363636598,0.003272727272727294,0.0,-0.0021818181818181958,-0.0025454545454545617,0.0,-0.000727272727272732,0.0036363636363636598,0.0025454545454545617,0.0,0.0,0.001454545454545464,0.005090909090909123
241,241,0.9672727272727273,0.9675499465240641,0.9613911444767886,0.9941014248506206,2.3801977025866234,2.6380362293321635,1.5285372540765652,1.1975252366283373,1.523572505201608,0.022545454545454546,0.007636363636363663,0.012363636363636354,0.006909090909090909,0.009090909090909094,0.009454545454545483,0.005090909090909123,0.00872727272727274,0.0072727272727273196,0.007272727272727308,0.0036363636363636598,0.0065454545454545435,0.002909090909090928,0.002909090909090928,0.006909090909090943,0.005090909090909102,0.0021818181818181958,0.0010909090909090979,0.004727272727272735,0.014909090909090894,0.0061818181818182215,0.000363636363636366,0.000727272727272732,0.0021818181818181958,0.000727272727272732,0.0058181818181818334,0.000363636363636366,0.003272727272727294
242,242,0.9781818181818182,0.9781818181818182,0.9676318267419963,0.9982736974262398,2.0350539333686246,1.893989278408847,1.3948547369824444,2.107499099086406,2.154316260903189,0.02799999999999996,0.003272727272727294,0.005454545454545445,0.006181818181818166,0.007999999999999974,0.0036363636363636155,0.0025454545454545617,-0.000727272727272732,-0.000363636363636366,0.000363636363636366,-1.1102230246251566e-17,0.0032727272727272718,-0.003272727272727294,-0.000363636363636366,0.002181818181818185,0.0021818181818181737,-0.0010909090909090979,0.000363636363636366,-0.0018181818181818299,0.0,0.000363636363636366,0.000727272727272732,0.000363636363636366,-0.0025454545454545617,0.000363636363636366,-0.0018181818181818299,-0.000363636363636366,0.000727272727272732
243,243,0.9818181818181818,0.9818778293454791,0.975293542074364,0.9990215264187866,3.1867668654137833,2.6583285398915666,0.9140270243007454,0.7641099526601646,1.3950196155723895,0.0229090909090909,-0.010181818181818158,0.004727272727272747,0.002545454545454551,0.0018181818181818299,0.0032727272727272718,-0.006909090909090953,-0.006545454545454588,-0.0036363636363636598,-0.004727272727272758,0.000727272727272732,0.016727272727272723,-0.0061818181818182215,0.000727272727272732,0.0010909090909090979,0.004727272727272735,0.0,-0.000363636363636366,0.004000000000000026,-0.003272727272727294,-0.0043636363636363916,-0.000363636363636366,-0.000727272727272732,-0.000363636363636366,-0.004727272727272758,-0.004000000000000026,-0.000363636363636366,-0.0036363636363636598
244,244,0.9745454545454545,0.9746155811761442,0.9667565139263252,0.9959568733153639,1.9251308194414638,1.9695664037118945,1.3800530962342836,2.3782362589013704,1.7377960791462337,0.03709090909090903,0.00290909090909085,0.018545454545454476,0.0174545454545454,0.013454545454545408,0.02109090909090904,0.00290909090909085,0.003999999999999937,0.005090909090909035,0.00290909090909085,0.00290909090909085,0.017090909090909025,-0.0010909090909090979,0.005090909090909024,0.006181818181818133,0.01490909090909085,0.0036363636363635488,0.0014545454545454306,0.01418181818181814,0.003999999999999937,0.00290909090909085,0.005090909090909024,0.002909090909090861,0.003636363636363582,0.003636363636363571,0.00290909090909085,0.00618181818181811,0.00363636363636356
245,245,0.9818181818181818,0.9817600290763708,0.9695296361036072,0.997616399173685,2.7837915014664985,1.6664030716052136,1.849366621989805,0.9574059758118092,2.0543142869457793,0.027272727272727247,0.000363636363636366,0.0061818181818181885,0.008000000000000018,0.0025454545454545617,0.009818181818181804,0.0,0.000363636363636366,0.004000000000000026,0.000363636363636366,0.010909090909090901,0.018545454545454542,0.000727272727272732,0.000727272727272732,0.00545454545454549,0.005818181818181822,0.001454545454545464,0.003272727272727294,0.003272727272727294,0.0040000000000000036,0.002909090909090928,0.0025454545454545617,0.0021818181818181958,0.003272727272727294,0.003272727272727294,0.0,0.0,0.0010909090909090979
246,246,0.9963636363636363,0.9963496839661694,0.9901960784313726,0.9994747899159664,3.1926595305945185,1.9491893991110458,1.5375807172164966,1.4112682200183964,1.381590432193509,0.02145454545454545,0.0069090909090908535,0.0076363636363635965,0.009090909090909038,0.004727272727272714,0.011272727272727235,0.005090909090909079,0.000363636363636366,0.0,0.0,0.0018181818181818299,0.009818181818181771,0.000363636363636366,0.0010909090909090979,0.0010909090909090979,0.0,0.0,0.0010909090909090979,0.0,0.000727272727272732,0.0,0.000363636363636366,0.000363636363636366,0.0,0.0036363636363636598,0.0021818181818181958,0.0,0.0
247,247,0.9745454545454545,0.9746209713151862,0.9656976744186045,0.9969767441860464,2.181864072374701,1.9722684190113577,1.7809942804568943,1.875449694271437,1.2638968408844973,0.03090909090909085,0.0014545454545454195,0.00727272727272722,0.003999999999999948,0.005818181818181755,0.008727272727272672,0.0021818181818181294,0.0003636363636363549,0.0032727272727271937,-0.000727272727272732,0.00290909090909085,0.0018181818181817523,-0.0025454545454545617,-0.0010909090909091202,0.005454545454545379,-0.00545454545454549,-0.000363636363636366,0.0036363636363635488,-0.0021818181818181958,-0.0025454545454545617,-0.001454545454545475,0.00290909090909085,-1.1102230246251566e-17,0.00036363636363633266,0.0007272727272726986,-0.0007272727272727431,0.0003636363636363438,-0.0007272727272727541
248,248,0.9745454545454545,0.9746356712842651,0.9626891041985381,0.9968553459119497,2.794884101408291,1.640519042878523,1.2899983446303647,2.0689044095902984,1.403966970051558,0.017090909090909025,0.0014545454545454195,0.013454545454545408,0.012727272727272676,0.009454545454545405,0.017090909090909035,0.003272727272727205,0.005818181818181755,0.003272727272727205,-0.000363636363636366,0.0029090909090908725,-0.002181818181818229,0.00363636363636356,-0.0014545454545454861,0.0014545454545454306,0.002909090909090828,0.0,-0.001090909090909109,0.003999999999999937,0.0018181818181817854,0.0007272727272727098,0.0018181818181817744,0.0007272727272727098,0.0007272727272727098,0.0014545454545454195,-1.1102230246251566e-17,0.003636363636363582,0.002909090909090861
249,249,0.9818181818181818,0.9821089455272365,0.9886363636363636,0.9966115702479339,2.4121701467437355,1.832592898971218,2.1549380112172822,1.3846525345312588,1.9773729890620637,0.04145454545454545,0.002909090909090928,0.010181818181818191,0.008363636363636351,0.009818181818181814,0.016727272727272736,0.000363636363636366,0.005818181818181856,0.0,0.002909090909090928,0.0036363636363636485,0.005454545454545478,0.0021818181818181958,0.007636363636363652,0.0061818181818182,0.001454545454545464,0.0,0.000363636363636366,0.0032727272727272826,0.0043636363636363916,0.007272727272727308,0.002909090909090928,0.0065454545454545765,0.00436363636363638,0.001454545454545464,-0.000363636363636366,0.003272727272727294,0.000363636363636366
