,random_seed,accuracy,f1_weighted,balanced_acc,auc,model_weights.random_forest,model_weights.bagging_svc,model_weights.bagging_knn,model_weights.gradient_boosting,model_weights.mlp,feature_importance.frontlow_humidity_scaled,feature_importance.fronttop_CO2_scaled,feature_importance.frontlow_CO2_scaled,feature_importance.fronttop_temperature_fd3_scaled,feature_importance.front_CO2_vd_scaled,feature_importance.frontlow_temperature_scaled,feature_importance.frontlow_humidity_fd3_scaled,feature_importance.fronttop_humidity_scaled,feature_importance.fronttop_temperature_scaled,feature_importance.frontlow_humidity_fd1_scaled,feature_importance.frontlow_temperature_fd1_scaled,feature_importance.frontlow_humidity_fd2_scaled,feature_importance.frontlow_temperature_fd2_scaled,feature_importance.front_CO2_vd_fd3_scaled,feature_importance.fronttop_CO2_fd2_scaled,feature_importance.frontlow_temperature_fd3_scaled,feature_importance.fronttop_humidity_fd2_scaled,feature_importance.front_CO2_vd_fd2_scaled,feature_importance.fronttop_CO2_fd1_scaled,feature_importance.frontlow_CO2_fd3_scaled,feature_importance.frontlow_CO2_fd2_scaled,feature_importance.fronttop_temperature_fd2_scaled,feature_importance.fronttop_humidity_fd1_scaled,feature_importance.fronttop_temperature_fd1_scaled,feature_importance.front_CO2_vd_fd1_scaled,feature_importance.fronttop_CO2_fd3_scaled,feature_importance.frontlow_CO2_fd1_scaled,feature_importance.fronttop_humidity_fd3_scaled
0,0,0.9506172839506173,0.9506172839506173,0.9454177897574124,0.9937106918238994,2.948081974588754,1.0868265643357113,1.7722777799050484,1.6412253552588159,0.2717265783844535,0.03251028806584363,0.010288065843621408,0.00864197530864198,0.00781893004115224,0.006172839506172856,0.004526748971193417,0.004526748971193395,0.0037037037037036978,0.0024691358024691358,0.0020576131687242705,0.0008230452674897082,0.0008230452674897082,0.0004115226337448541,0.0,0.0,0.0,0.0,-0.0004115226337448541,-0.0004115226337448541,-0.0016460905349794165,-0.0020576131687242705,-0.0020576131687242705,-0.0020576131687242705,-0.0024691358024691245,-0.0028806584362139785,-0.004526748971193395,-0.005761316872427957,-0.008230452674897092
1,1,0.9629629629629629,0.9630158005132194,0.9602786144578312,0.9908132530120483,3.1689018746847664,0.9713005000007926,1.708059290273222,1.3979316137196187,0.638246938876775,0.04362139917695469,0.04485596707818924,0.027160493827160438,0.006584362139917666,0.00905349794238679,0.007818930041152227,0.0020576131687242705,0.022222222222222164,0.020164609053497873,0.010699588477366207,-0.001646090534979472,0.005761316872427957,-0.0008230452674897415,0.00411522633744853,-0.0004115226337448985,0.005761316872427957,0.010699588477366207,0.004526748971193384,0.0024691358024691245,-0.0008230452674897303,0.003703703703703687,0.003292181069958833,0.005761316872427957,0.0032921810699588216,0.0016460905349794052,0.0057613168724279466,0.006172839506172811,0.011522633744855914
2,2,0.9382716049382716,0.9391989715945386,0.9522292993630573,0.9779291956747149,2.505434710423936,1.5134374660583947,1.5956313673301867,1.7959152762054797,0.5553028424790292,0.03292181069958844,0.021810699588477322,0.01893004115226332,-0.0004115226337448874,0.003703703703703687,0.006172839506172811,0.003703703703703687,0.004938271604938249,0.01687242798353904,0.0028806584362139785,0.0016460905349794165,-1.1102230246251566e-17,-0.0016460905349794607,-2.2204460492503132e-17,-0.0004115226337448652,0.003292181069958833,-2.2204460492503132e-17,0.0004115226337448541,0.0004115226337448541,-0.0012345679012346067,-0.0004115226337448652,0.000411522633744843,-0.002057613168724326,0.003703703703703687,0.0012345679012345512,-1.1102230246251566e-17,0.0,0.00905349794238679
3,3,0.9465020576131687,0.9470363039546512,0.9505751533742332,0.9905674846625766,1.965656567853572,1.1600568482544147,2.0244296181392274,2.4989245219869822,0.2624975303238182,0.021399176954732525,0.017695473251028836,0.006995884773662575,0.0037037037037037203,-0.0012345679012345512,0.018106995884773693,-0.0004115226337448541,0.009876543209876599,0.017283950617283994,0.00823045267489717,0.0041152263374485635,-0.0008230452674897082,0.003292181069958833,-0.0004115226337448541,0.0008230452674897193,0.0024691358024691466,0.0012345679012345622,-0.0004115226337448541,-0.003292181069958833,0.003292181069958833,0.0,0.004938271604938283,-0.0016460905349794165,0.003703703703703709,-0.006995884773662519,0.0020576131687242817,0.0028806584362139898,0.0024691358024691358
4,4,0.9465020576131687,0.9471642039914827,0.9428800570308322,0.9859205132774906,1.8441748861185592,2.0559186232117024,1.2052471257364712,2.5463491580560262,0.46220151383263985,0.03868312757201651,0.008641975308642014,0.023456790123456826,0.006584362139917721,0.013580246913580285,0.019341563786008254,0.006172839506172867,0.026748971193415662,0.009465020576131699,-0.0024691358024691245,0.006584362139917732,0.004115226337448552,0.007818930041152295,0.010699588477366318,0.008230452674897182,0.010699588477366318,0.004526748971193406,0.009876543209876609,-0.000411522633744843,0.003703703703703709,0.00823045267489717,0.0037037037037036978,-0.004115226337448541,0.0016460905349794165,0.0016460905349794275,0.0041152263374485635,-0.0032921810699588216,0.004526748971193428
5,5,0.934156378600823,0.9346082465908174,0.9360079575596817,0.9744326554671383,2.108484659503672,1.4157544358558956,1.5294929835112638,2.8111724588542413,-0.06970938629074071,0.033744855967078144,0.027572016460905326,0.016049382716049342,-0.0004115226337448652,0.006172839506172811,0.011934156378600801,-0.0004115226337448541,0.00905349794238679,0.009465020576131656,0.0016460905349794165,0.0024691358024691245,-0.003292181069958855,-0.003703703703703687,-0.0016460905349794165,0.0004115226337448541,0.0012345679012345622,0.004115226337448541,-0.0020576131687242817,0.0020576131687242705,0.0028806584362139785,0.0008230452674897082,0.003292181069958833,0.0024691358024691136,0.0020576131687242705,0.0004115226337448541,0.004938271604938249,-0.003703703703703709,0.0012345679012345622
6,6,0.9629629629629629,0.9632621485370895,0.9659286496635895,0.9870912220309811,2.355894545776337,0.7583023708886782,1.2427790759477,2.5101706689117,0.7339914905237992,0.03662551440329213,0.03744855967078185,0.01975308641975303,0.010699588477366207,0.006995884773662519,0.007407407407407363,0.007818930041152227,0.005349794238683103,0.016049382716049332,-0.0012345679012345956,0.006995884773662519,0.003292181069958833,0.004526748971193395,0.008230452674897082,0.005761316872427957,0.004526748971193395,0.0012345679012345401,0.0028806584362139785,0.004938271604938249,0.004938271604938249,0.005761316872427957,0.009465020576131643,-0.001646090534979472,0.006584362139917666,0.006584362139917666,0.006995884773662519,0.004115226337448541,-0.0004115226337448985
7,7,0.9423868312757202,0.9427999102509732,0.939588997281305,0.9797697105389414,2.1708112256849748,1.2571846509216422,1.5712936357861693,2.140794371207962,0.5218391585667188,0.01399176954732515,0.024279835390946546,0.01193415637860088,-0.0008230452674896971,0.010699588477366306,-0.0024691358024691136,0.0004115226337448763,0.0008230452674897415,0.0020576131687243147,0.0012345679012345846,0.0,0.0,-0.0008230452674896971,-0.0016460905349794165,2.2204460492503132e-17,-0.002057613168724259,0.01028806584362144,0.0004115226337448763,3.3306690738754695e-17,-0.000823045267489686,0.0004115226337448763,0.0,0.002880658436214034,-0.002057613168724259,-0.0016460905349794052,0.0004115226337448874,-0.000823045267489686,-0.006995884773662508
8,8,0.9506172839506173,0.9510208416301607,0.9562965124762877,0.9881073982197578,2.4788128947192307,0.9083234021147073,1.885372487453597,2.064547506910275,0.6219707218933997,0.043621399176954755,0.018930041152263398,0.02098765432098767,0.0012345679012345622,0.0028806584362139785,0.011522633744855992,-0.0008230452674897082,0.013168724279835408,0.015637860082304535,0.0008230452674897082,-0.0008230452674897082,0.0012345679012345622,0.0012345679012345622,0.003703703703703687,0.0008230452674897082,-0.0016460905349794165,-0.003703703703703687,-0.0004115226337448541,-0.0012345679012345622,-0.0016460905349794165,0.0024691358024691245,-0.005349794238683103,0.0008230452674897082,-0.0004115226337448541,-0.003703703703703687,0.0,0.003703703703703687,0.0012345679012345622
9,9,0.9382716049382716,0.9390897552891322,0.9444055944055945,0.9775446775446776,2.0854001314261317,0.4752369068552034,1.9630584515129252,2.4865989302384928,0.9890820636452089,0.0246913580246913,0.02345679012345675,0.02057613168724276,-0.0016460905349794607,0.011934156378600768,0.023045267489711883,0.010288065843621352,0.007818930041152227,0.01975308641975304,0.016872427983539016,0.006995884773662519,0.008641975308641936,0.0028806584362139785,0.004526748971193395,0.000411522633744843,0.0004115226337448319,0.0004115226337447986,0.000823045267489686,-0.0028806584362140565,0.0028806584362139676,0.0008230452674897082,-0.004938271604938327,0.004115226337448518,0.0,0.0020576131687242705,0.012345679012345623,0.0012345679012345401,0.0012345679012345512
10,10,0.9547325102880658,0.9546720023653097,0.9491927121907866,0.9795585839134943,1.855605616363569,1.3702489159698368,2.030942383975591,2.681617141867471,0.3079079892857992,0.021399176954732525,0.03456790123456789,0.008230452674897082,0.004938271604938249,0.003703703703703687,0.011522633744855959,0.0024691358024691245,0.011522633744855949,0.01728395061728394,0.003703703703703687,0.004526748971193395,0.004526748971193395,0.0020576131687242705,0.005349794238683103,0.006995884773662519,0.0020576131687242705,0.0016460905349794165,0.0028806584362139785,0.003703703703703687,0.006995884773662519,0.003703703703703687,0.003703703703703687,0.006584362139917666,0.003703703703703687,0.0,0.006995884773662519,0.006172839506172811,-0.0004115226337448541
11,11,0.9753086419753086,0.9753978751994625,0.977902327573897,0.99378837641011,1.8295742171671399,1.6839272709988733,1.583361569021768,2.453249569060665,0.43363310441089437,0.030452674897119336,0.030452674897119357,0.009465020576131711,0.0020576131687242705,0.011111111111111127,0.006995884773662531,-0.003292181069958833,0.023868312757201658,0.016049382716049387,0.0004115226337448541,-0.004115226337448541,0.004115226337448541,-0.0028806584362139785,0.003703703703703687,0.0,0.0004115226337448541,-0.004938271604938249,0.0008230452674897082,0.0,0.0,-0.0012345679012345622,-0.0028806584362139785,-0.006584362139917666,-0.0028806584362139785,0.0016460905349794165,0.0,-0.003292181069958833,-0.004115226337448541
12,12,0.9670781893004116,0.9671590456536693,0.9667329796640142,0.9904951370468612,1.8963948201692689,1.4313790851741048,1.2511614147736734,2.5549820165165733,0.7271747237419671,0.046090534979423906,0.032098765432098796,0.015637860082304566,2.2204460492503132e-17,0.008641975308642025,0.012345679012345734,0.0004115226337448652,0.022222222222222254,0.02551440329218113,0.005761316872428068,0.0028806584362140565,0.0012345679012345956,0.009465020576131754,0.002057613168724326,0.0069958847736626304,0.004115226337448641,0.0004115226337448874,0.0020576131687243147,0.00493827160493836,0.004938271604938338,0.004115226337448629,0.002469135802469202,0.003703703703703776,0.006584362139917777,0.0004115226337448652,0.004115226337448629,0.0004115226337448652,0.0020576131687243373
13,13,0.9259259259259259,0.9267578449968387,0.9288726993865031,0.9799079754601226,2.118399303344523,1.4982919779785737,1.5218129733241657,2.600348186218849,0.13185254600668037,0.02716049382716048,0.019753086419753096,0.011522633744855982,0.0028806584362139785,-0.0016460905349794165,0.016872427983539096,-0.0008230452674897082,0.009053497942386857,0.0024691358024691466,-0.0016460905349794165,0.0020576131687242705,-0.0004115226337448541,0.0008230452674897082,-0.004938271604938249,-0.0020576131687242705,0.0037037037037036978,0.012345679012345701,-0.003703703703703687,0.0,0.0012345679012345622,-0.0012345679012345622,-0.003703703703703687,0.004115226337448541,0.003292181069958833,-0.0004115226337448541,0.004938271604938249,0.0004115226337448541,0.0037037037037036978
14,14,0.9588477366255144,0.9592406397535913,0.9629166014708184,0.9890470974808324,2.1334787418588865,1.5512450988091069,1.5665086960950552,2.244767254130173,0.44907823954820025,0.021810699588477356,0.025925925925925897,0.008230452674897092,0.004115226337448541,0.0016460905349794052,0.0012345679012345622,0.004115226337448541,0.01193415637860078,0.0127572016460905,0.009465020576131643,0.004115226337448541,0.0,0.003292181069958833,-1.1102230246251566e-17,0.0008230452674897082,0.0024691358024691245,-0.0020576131687242817,-0.0004115226337448541,0.003292181069958833,0.0012345679012345622,0.0012345679012345622,0.004526748971193395,-0.0004115226337448652,0.004938271604938249,0.003292181069958833,0.00905349794238679,0.004115226337448541,-0.0012345679012345622
15,15,0.9711934156378601,0.9712294073280139,0.9699381078691424,0.9929266136162689,2.276922874508419,1.4469250458052476,0.7438937597284601,2.0607111405985914,1.214369924240604,0.03786008230452679,0.04814814814814818,0.03374485596707823,0.009053497942386867,0.013991769547325127,0.010699588477366306,0.007818930041152295,0.025514403292181097,0.014814814814814859,0.0016460905349794275,0.0004115226337448652,0.0012345679012345733,0.01111111111111116,-0.0032921810699588216,0.00905349794238688,0.014403292181070004,0.005349794238683136,-0.005761316872427957,0.006584362139917732,0.010699588477366295,0.0024691358024691466,0.002880658436214001,0.0012345679012345846,0.007818930041152305,0.006172839506172878,0.016872427983539127,0.00452674897119344,0.01399176954732515
16,16,0.9670781893004116,0.9671454489136687,0.9671393607831846,0.9938093866973798,1.6909457774639036,1.600919716719726,1.6650936015368247,2.1640213765264305,0.5797531525794302,0.024279835390946535,0.02345679012345684,0.016460905349794285,0.0016460905349794496,0.012345679012345734,0.023045267489711963,0.0,0.011522633744856025,0.023456790123456826,-0.004115226337448541,0.0032921810699589106,-0.003292181069958833,0.004938271604938349,0.006172839506172911,0.00246913580246918,0.0004115226337448763,0.0016460905349794607,-0.000411522633744843,0.0037037037037037646,-0.000411522633744843,-0.0008230452674897082,-0.003292181069958833,0.006584362139917754,-0.002057613168724237,0.0012345679012345956,0.004938271604938338,0.0004115226337448763,0.008641975308642047
17,17,0.9506172839506173,0.9504874449327124,0.9437444739168876,0.9866637194223401,1.6312376481262356,1.4489820657970909,2.0373731133127886,2.4935775735006187,0.3979157458532142,0.019753086419753107,0.03621399176954735,0.011934156378600846,0.0,0.004526748971193406,0.026337448559670785,0.0012345679012345622,0.012345679012345723,0.019341563786008244,0.0,0.0012345679012345622,0.0008230452674897082,0.0020576131687242705,-0.0024691358024691245,0.0008230452674897082,0.0028806584362139785,-0.0008230452674897082,-0.004526748971193395,0.0004115226337448541,-0.0012345679012345622,-0.0012345679012345622,0.0,0.0032921810699588438,0.0004115226337448541,-0.0016460905349794165,-0.0004115226337448541,-0.0016460905349794165,0.0
18,18,0.9629629629629629,0.9629182690451957,0.9589230993725375,0.9923391215526047,2.3596776380252122,1.4970479494596414,1.5957072411602278,1.8830156523061783,0.992923799081502,0.024691358024691322,0.04650205761316867,0.015226337448559602,0.00041152263374480966,0.013580246913580197,0.008641975308641936,0.003703703703703687,0.009465020576131643,0.014814814814814758,0.000411522633744843,-0.0016460905349794607,-0.0037037037037037424,0.0004115226337448319,0.004115226337448541,0.004526748971193395,-0.004115226337448629,0.004526748971193395,-0.002469135802469202,0.0024691358024691136,-0.0008230452674897303,0.0016460905349793941,-0.0037037037037037646,-2.2204460492503132e-17,-0.0020576131687243373,0.003292181069958833,-3.3306690738754695e-17,0.0037037037037036757,0.008230452674897082
19,19,0.9588477366255144,0.9593402421256786,0.9663170163170163,0.9847707847707847,2.2702703889707223,1.2568839290212508,1.4484655792513523,1.9416194686148271,1.0314286538002022,0.025925925925925908,0.019753086419753086,0.025925925925925908,0.006584362139917676,0.01069958847736623,0.01851851851851848,0.0028806584362139785,0.015226337448559658,0.01934156378600821,0.0016460905349794165,0.0,0.0008230452674897082,0.005349794238683103,0.0024691358024691245,0.003292181069958833,0.003292181069958833,0.0004115226337448541,0.0004115226337448541,0.0,0.0012345679012345622,0.0020576131687242705,-0.0008230452674897082,0.004526748971193395,0.004115226337448541,0.0008230452674897082,0.003292181069958833,0.003292181069958833,-0.0004115226337448541
20,20,0.9670781893004116,0.9674021728496704,0.9724629687992437,0.9895209580838323,2.0443560615533394,1.3943090377968979,1.3042275112137496,2.160694576085571,1.4008082215043391,0.046090534979423906,0.026337448559670816,0.01399176954732515,0.00905349794238689,0.017283950617283984,0.026337448559670816,0.004115226337448619,0.035802469135802525,0.0312757201646091,0.004115226337448608,0.007818930041152338,0.0012345679012346067,0.008641975308642035,-0.000411522633744843,0.004938271604938338,0.00905349794238689,0.008641975308642047,0.005349794238683203,0.007818930041152338,0.009465020576131754,0.004115226337448652,0.0012345679012345956,0.005349794238683192,0.00493827160493836,0.0028806584362140453,0.006172839506172922,0.007818930041152328,0.004938271604938338
21,21,0.9547325102880658,0.9551323291337815,0.9560610906764753,0.989285143131297,1.9172933615501266,2.00210165249557,1.9135610043059756,1.3669533930061728,1.130108893245315,0.01069958847736623,0.018106995884773647,0.00781893004115224,0.006584362139917666,0.010288065843621375,0.00781893004115224,0.003292181069958833,0.004115226337448541,0.011111111111111105,0.0012345679012345622,0.004115226337448541,0.0008230452674897082,0.004938271604938249,0.0012345679012345622,0.006172839506172811,0.0028806584362139785,-0.0004115226337448541,0.004526748971193395,0.0008230452674897082,-0.0008230452674897082,-0.0004115226337448541,0.003703703703703687,0.0016460905349794165,0.0016460905349794165,-0.0012345679012345622,0.006995884773662519,-0.0008230452674897082,-0.0008230452674897082
22,22,0.934156378600823,0.9347588692541489,0.9385276255369575,0.9786698266923419,2.0667775947610316,1.6024810566207353,2.248742516681266,1.79565573830353,0.43883668278025356,0.028806584362139898,0.004938271604938249,0.017283950617283928,0.005349794238683115,0.006172839506172811,0.013168724279835342,0.0028806584362139785,0.017283950617283918,0.01687242798353906,0.004938271604938249,-0.0008230452674897082,0.0012345679012345622,0.0020576131687242705,-0.0008230452674897082,-0.0004115226337448541,0.008641975308641936,0.005761316872427957,0.003703703703703687,-0.007407407407407429,0.0012345679012345622,-0.0012345679012345733,-0.0004115226337448541,0.0016460905349794165,0.005349794238683103,0.003703703703703687,0.004526748971193395,0.0028806584362139785,-0.0004115226337448541
23,23,0.9629629629629629,0.9632712882475724,0.9658840214308226,0.9914119130160731,2.754765432635046,0.6633498095081175,1.8286488816340103,2.147332409664352,0.8014323747011204,0.03703703703703698,0.023045267489711883,0.011111111111111061,0.0016460905349794165,0.0020576131687242705,0.0028806584362139676,0.004938271604938249,0.01687242798353904,0.008641975308641924,0.0024691358024691245,0.0028806584362139785,0.0004115226337448541,0.006995884773662519,0.000823045267489686,0.004115226337448541,0.0028806584362139785,0.004115226337448541,0.0012345679012345622,0.0004115226337448541,0.003292181069958833,0.003703703703703687,0.004115226337448541,0.005761316872427957,0.0028806584362139785,0.003292181069958833,0.0020576131687242705,0.005349794238683103,0.004526748971193395
24,24,0.9382716049382716,0.9387748408123395,0.9417123389127537,0.9792623315064435,1.9659828745524293,1.2819432848068997,1.5605667783706851,2.8164707343597595,0.44380337862196667,0.0444444444444444,0.041563786008230394,0.011522633744855914,0.00411522633744853,0.0008230452674896748,0.024691358024691322,0.0020576131687242705,0.018106995884773592,0.021810699588477322,0.007407407407407374,0.004526748971193395,0.0020576131687242484,0.0012345679012345401,0.0037037037037036757,0.0004115226337448319,0.0008230452674896971,0.0028806584362139676,0.0,0.003292181069958833,-0.002469135802469202,-0.0028806584362140565,0.008641975308641936,0.005349794238683103,0.004526748971193395,-0.0032921810699589106,0.0012345679012345512,-0.004115226337448641,0.0020576131687242484
25,25,0.9753086419753086,0.9754384809932137,0.9783243486073675,0.9923629829290207,2.983868597186775,0.951985983027521,1.5101186547044405,1.574761385197788,0.8548162016273991,0.03209876543209876,0.03251028806584364,0.02304526748971194,0.004938271604938249,0.016460905349794275,0.013991769547325094,0.004115226337448541,0.020576131687242805,0.016049382716049387,0.0024691358024691245,0.0008230452674897082,0.0016460905349794165,0.0020576131687242705,0.006584362139917676,0.0020576131687242705,0.0016460905349794165,0.004526748971193395,0.005761316872427968,0.0,0.004526748971193395,0.0008230452674897082,0.003703703703703687,0.0,0.00493827160493826,0.0,0.0012345679012345622,0.0008230452674897082,0.003292181069958833
26,26,0.9465020576131687,0.9470322222763207,0.9454170107349298,0.9827415359207265,2.2305802764566356,1.9078707880449555,1.7368142954781838,2.131649649656606,0.04517375582763025,0.025102880658436223,0.002880658436214001,0.011111111111111138,0.004115226337448585,0.007407407407407441,0.009876543209876576,0.005349794238683136,0.013580246913580295,0.015637860082304555,0.00823045267489716,0.004938271604938293,0.004938271604938283,0.006995884773662575,0.009465020576131744,0.006584362139917721,0.006584362139917721,0.004115226337448574,0.00905349794238688,-0.0016460905349794165,0.008230452674897148,0.006584362139917721,0.004526748971193417,0.0024691358024691466,0.003703703703703709,-0.0012345679012345622,0.011934156378600869,0.0016460905349794275,0.0020576131687242817
27,27,0.934156378600823,0.9352691204543055,0.9412167606768735,0.9846091861402095,1.689053011221088,2.0911572153416693,1.6508662007050996,1.6263509179816324,0.554349171752312,0.046913580246913555,0.003292181069958833,0.011111111111111082,0.0012345679012345622,0.006172839506172811,0.0016460905349794052,0.0024691358024691245,0.033333333333333305,0.027572016460905326,0.003703703703703687,0.004938271604938249,0.006995884773662519,0.004115226337448541,0.0024691358024691245,0.004526748971193395,0.004115226337448541,-0.002469135802469169,0.0016460905349794165,-0.0004115226337448541,0.00905349794238679,0.0,-0.003292181069958855,-0.0008230452674897082,-0.0012345679012345622,-0.0012345679012345733,0.0020576131687242705,0.003292181069958833,0.004938271604938249
28,28,0.9753086419753086,0.9753779685645513,0.9754518072289157,0.995933734939759,2.9950851808027306,1.7359681331824872,1.216312897194024,1.5995608861273611,0.31717399493911713,0.027160493827160494,0.026748971193415648,0.01810699588477368,0.00864197530864197,0.00658436213991771,0.0024691358024691245,0.0028806584362139785,0.009465020576131689,0.013991769547325106,0.007407407407407385,0.009465020576131689,0.0004115226337448541,0.004938271604938249,0.004115226337448541,0.005349794238683103,0.004938271604938249,0.003292181069958833,0.0016460905349794165,-0.0016460905349794165,0.0,0.0012345679012345622,0.003703703703703687,0.006172839506172823,0.003703703703703687,-0.0024691358024691245,0.005349794238683125,0.006995884773662542,0.0
29,29,0.9382716049382716,0.9383285731970915,0.936130867709815,0.9785917496443812,2.50036406000571,1.8418312432152448,1.6374526334021842,1.5215716249358586,0.7688422606591304,0.02551440329218103,0.030864197530864147,0.020987654320987613,-0.005761316872428024,0.007407407407407363,0.0008230452674896748,0.0004115226337448208,0.015226337448559623,0.010288065843621352,0.0012345679012345512,0.0024691358024691024,-0.0028806584362140453,-0.0008230452674897415,0.005349794238683092,0.0004115226337448319,-0.0024691358024691913,0.005349794238683103,-3.3306690738754695e-17,-0.0008230452674897526,-0.004938271604938338,0.0012345679012345512,-0.0032921810699588993,0.0028806584362139564,-0.004938271604938316,-0.005349794238683192,0.0037037037037036757,-0.0004115226337448985,0.003703703703703665
30,30,0.9465020576131687,0.9467613517774116,0.9437062937062937,0.9923853923853924,2.595758468585793,1.4100333432826713,1.9159917446617787,2.0169191886425946,-0.21840060102097994,0.020576131687242826,0.013991769547325127,0.008230452674897148,0.007407407407407451,-0.0016460905349794052,0.009465020576131699,-0.0008230452674897082,0.009876543209876586,0.008230452674897148,1.1102230246251566e-17,-0.0020576131687242705,0.0024691358024691466,-0.0020576131687242705,-0.0024691358024691245,-0.0028806584362139785,0.0024691358024691358,0.0004115226337448652,0.0,-0.0016460905349794165,0.0008230452674897193,-0.0020576131687242705,0.0024691358024691358,-0.0012345679012345622,0.0012345679012345733,-0.0020576131687242705,0.0008230452674897193,-0.0016460905349794165,0.00452674897119344
31,31,0.9588477366255144,0.9594378494473041,0.9667397660818713,0.9759584145549058,2.13624923372245,1.8762454456538622,1.5229616161668598,2.1545394962163162,0.21746825775865763,0.04444444444444441,0.03374485596707817,0.01934156378600821,0.011111111111111061,0.00905349794238679,0.014403292181069916,0.005349794238683103,0.03168724279835389,0.0213991769547325,0.004115226337448541,0.008641975308641936,0.008230452674897082,0.005761316872427957,0.007818930041152227,0.010699588477366207,0.008230452674897082,0.011934156378600768,0.011111111111111061,0.011111111111111061,0.006584362139917666,0.007407407407407374,0.008230452674897082,0.007407407407407374,0.008230452674897082,0.005761316872427957,0.006995884773662519,0.00905349794238679,0.008230452674897082
32,32,0.9423868312757202,0.9430131546289403,0.9475308641975309,0.9841487578113093,2.7288892878996776,1.8303372823304076,2.0720233283292413,1.0097641542387692,0.36451681307922706,0.02263374485596713,0.0049382716049383045,0.018106995884773703,0.0069958847736625975,0.013168724279835443,0.01193415637860088,0.003703703703703776,0.018930041152263412,0.011522633744856004,0.0008230452674897415,-0.0012345679012345622,0.0016460905349794607,0.0004115226337448763,0.014814814814814859,-0.004115226337448541,-0.0004115226337448319,-0.0004115226337448319,0.006995884773662619,-0.0032921810699588216,0.0024691358024691913,2.2204460492503132e-17,0.005761316872428058,0.0028806584362140453,0.006172839506172911,0.008641975308642035,0.001646090534979472,0.0037037037037037646,0.004938271604938316
33,33,0.9465020576131687,0.9467165857029405,0.9450808625336927,0.9925876010781671,1.88509299744206,1.3167044378398343,1.3728141541648087,2.7980386886691617,0.6209785067346512,0.010288065843621453,2.2204460492503132e-17,-0.002057613168724259,-0.0020576131687242705,0.0004115226337448763,0.009876543209876586,-0.0008230452674897082,-0.0012345679012345512,0.006584362139917732,-0.0024691358024691245,0.0,-0.000411522633744843,-0.006995884773662519,-0.006584362139917666,-0.0024691358024691245,0.0,1.1102230246251566e-17,-0.005349794238683103,-0.006584362139917666,-0.003292181069958833,-0.004526748971193395,-0.005349794238683103,0.0020576131687242817,0.0008230452674897082,-0.007407407407407374,-0.0016460905349794165,-0.003703703703703687,0.0012345679012345956
34,34,0.9382716049382716,0.9381944798879418,0.9319648093841642,0.9850439882697948,2.3144160474940514,2.128299656043429,0.9702948721674324,1.7643111957886959,0.6684395358330275,0.033744855967078144,0.01563786008230449,0.020987654320987603,-0.009876543209876586,0.0032921810699588104,0.003703703703703665,-0.002880658436214034,0.025925925925925887,0.013991769547325072,-0.007818930041152328,-0.00246913580246918,-0.008230452674897193,-0.007407407407407485,-0.007407407407407474,-0.0008230452674897415,-0.007407407407407485,-0.004526748971193473,-0.010699588477366318,-0.0028806584362140453,-0.004115226337448619,-0.006995884773662619,-0.006584362139917754,-0.01399176954732515,-0.005761316872428046,-0.005349794238683181,-0.005349794238683192,-0.0037037037037037424,0.0008230452674896748
35,35,0.9423868312757202,0.9429140105973803,0.9475262924011258,0.9794104577099689,2.106676929870462,1.5553337644922705,2.1456695203543354,1.4869184792433594,0.9718792903151402,0.03209876543209883,0.015637860082304576,0.010699588477366306,0.0004115226337448763,0.00823045267489717,0.018518518518518556,0.004938271604938338,0.020987654320987682,0.02757201646090538,-0.006584362139917666,2.2204460492503132e-17,0.0024691358024691913,0.00246913580246918,-0.0028806584362139785,0.005349794238683181,0.00246913580246918,0.008230452674897182,-0.003292181069958833,0.0028806584362140674,2.2204460492503132e-17,-0.0004115226337448319,1.1102230246251566e-17,0.008230452674897182,4.4408920985006264e-17,-0.0016460905349793941,0.0008230452674897526,0.0008230452674897526,0.004938271604938349
36,36,0.9465020576131687,0.9469072792727563,0.9506964809384164,0.9905425219941348,2.0473741273739905,1.2097853439624442,1.6150211300689197,2.271930569947638,0.4905860395964195,0.029629629629629662,0.018518518518518535,0.01111111111111116,-0.004938271604938249,0.003292181069958866,1.1102230246251566e-17,0.0020576131687242705,0.006172839506172856,0.008230452674897137,-0.004938271604938249,-0.004115226337448541,-0.003292181069958833,0.0,-0.0016460905349794165,0.0008230452674897082,0.0,0.0024691358024691245,-0.0016460905349794165,-0.0028806584362139785,0.0,0.0,0.0,-0.006584362139917666,0.0012345679012345733,-0.0004115226337448541,0.0008230452674897082,0.003703703703703687,0.0008230452674897193
37,37,0.9423868312757202,0.9427822157669653,0.9449602122015914,0.9826849395814913,2.31607375225663,1.6279128612959648,1.826929952686432,1.738890759330561,0.5189362721030254,0.020576131687242826,0.013580246913580285,0.018930041152263412,0.0004115226337448763,0.005761316872428035,0.007407407407407474,0.001646090534979472,0.006995884773662619,0.01111111111111116,-0.008641975308641936,-0.0012345679012345512,0.0012345679012346288,-0.004938271604938249,4.4408920985006264e-17,-0.003703703703703687,0.0012345679012345846,0.006995884773662609,-0.0016460905349794052,-0.0012345679012345512,-0.0016460905349794052,-0.0024691358024691136,-0.0024691358024691136,-0.008230452674897082,-0.0028806584362139676,-0.0016460905349793941,-0.0012345679012345401,-0.0020576131687242705,0.0008230452674897637
38,38,0.9670781893004116,0.967312384291161,0.9718930528810547,0.9968893497259665,2.8001936900761106,1.50193208802393,1.3153485076254172,2.4519256086977443,-0.1977824068462244,0.021399176954732535,0.023456790123456816,0.017283950617283984,0.0012345679012345956,0.0037037037037037424,0.009876543209876609,0.0004115226337448874,0.018930041152263398,0.01316872427983543,-0.004115226337448518,-0.0032921810699588216,0.002880658436214023,-0.0028806584362139676,0.005761316872428058,-0.0016460905349794052,-0.001234567901234529,0.002880658436214034,0.0032921810699589214,-0.0028806584362139676,-0.0024691358024691136,-0.00411522633744853,0.0004115226337448652,0.0008230452674897637,0.0016460905349794607,-0.003703703703703665,-0.000823045267489686,-0.007407407407407363,-0.0024691358024691136
39,39,0.9423868312757202,0.9426797364217543,0.9421072226358898,0.9742367833209233,1.7084565475340001,1.7309216148923727,1.6786218921347076,2.1057758620538074,0.7326240867848023,0.03497942386831282,0.023456790123456816,0.007818930041152316,0.0016460905349794607,-0.0024691358024691024,0.018106995884773703,-0.0020576131687242705,0.016049382716049432,0.018930041152263398,-0.006995884773662519,-0.000411522633744843,-0.0061728395061728,0.0008230452674897415,1.1102230246251566e-17,-0.0008230452674896971,0.0004115226337448874,-0.003292181069958833,-0.0008230452674897082,0.001646090534979472,0.0024691358024691913,0.001646090534979472,-0.006995884773662519,-0.0008230452674896971,-0.003703703703703687,1.1102230246251566e-17,0.0037037037037037646,-0.005349794238683103,0.0032921810699589214
40,40,0.9588477366255144,0.9593716074629502,0.9664749448471478,0.9909391742830129,2.0855727508777693,1.4923105882747956,1.9222960604261834,1.899798193104859,0.29756345343763624,0.02510288065843619,0.010699588477366217,0.019753086419753076,0.0004115226337448541,0.005349794238683103,0.01646090534979421,0.0008230452674897082,0.01481481481481478,0.01481481481481478,0.0008230452674897082,-0.0020576131687242817,0.0028806584362139785,0.0008230452674897082,0.005761316872427957,0.0020576131687242705,0.0004115226337448541,0.0024691358024691245,0.004115226337448541,0.0008230452674897082,0.0008230452674897082,0.0004115226337448541,0.0,-0.0016460905349794165,0.0028806584362139785,-0.0004115226337448541,0.0016460905349794165,0.0,0.0012345679012345622
41,41,0.9506172839506173,0.950726174410385,0.9493464052287581,0.9909222948438634,1.859564287930581,0.980419218398144,1.3650098183542982,2.7254488594726336,0.648651273016419,0.023456790123456795,0.024279835390946504,0.0028806584362139898,0.0016460905349794165,-0.005349794238683103,0.003703703703703709,-0.0016460905349794165,0.016872427983539117,0.012757201646090543,0.004938271604938249,0.0028806584362139785,-0.0020576131687242705,0.0020576131687242705,-0.0004115226337448541,-0.0004115226337448541,0.0016460905349794165,-0.0020576131687242705,-0.0024691358024691245,0.003292181069958833,0.0004115226337448541,-0.0016460905349794165,0.0020576131687242705,-0.0004115226337448541,0.00864197530864198,-0.004938271604938249,0.004526748971193406,0.0004115226337448541,0.0
42,42,0.9711934156378601,0.9713330355724523,0.9720279720279721,0.9918414918414918,2.822057203863232,1.3138435013101257,2.1064736086317364,2.308656487735408,-0.20847867161508474,0.026748971193415648,0.017283950617283984,0.011522633744856015,0.006584362139917732,0.005349794238683136,0.0024691358024691466,0.004526748971193406,0.007818930041152316,0.006995884773662575,0.010699588477366295,0.0008230452674897082,0.0032921810699588438,0.0020576131687242705,-0.0016460905349794165,-0.004115226337448541,0.0,0.006584362139917743,-0.0028806584362139785,0.0069958847736625975,-0.0004115226337448541,0.0016460905349794165,0.0008230452674897082,0.010699588477366318,0.0020576131687242817,0.0012345679012345622,-0.003703703703703687,0.0024691358024691245,0.0028806584362139785
43,43,0.9259259259259259,0.9272153549261982,0.9312865497076024,0.9809129304743339,2.9382263250709064,1.475758359780455,1.541327739531643,1.3352669627892448,0.7307327498909614,0.02098765432098767,0.000411522633744843,0.01069958847736625,-0.006172839506172811,-0.0028806584362139785,0.0074074074074073955,0.003292181069958833,0.014403292181069982,0.006995884773662553,-0.0004115226337448541,0.0008230452674897082,0.004526748971193395,0.0020576131687242705,0.0012345679012345622,-0.0004115226337448541,-0.0028806584362139785,0.005761316872427957,0.006172839506172811,-0.0028806584362139785,-0.004938271604938249,-0.0012345679012345622,0.0024691358024691245,0.0008230452674897082,0.0012345679012345622,0.0016460905349794165,-0.0024691358024691245,-0.0004115226337448541,0.004115226337448541
44,44,0.9753086419753086,0.9755166217430369,0.9814814814814814,0.9934461210181376,1.8012517427066916,1.5154107303302533,1.9767873351787073,2.1047157831518364,0.52059906534402,0.03456790123456791,0.022222222222222233,0.011111111111111117,0.004526748971193395,0.009465020576131689,0.019341563786008244,0.0074074074074073955,0.023456790123456795,0.02592592592592593,0.009053497942386824,0.0020576131687242705,0.00864197530864197,0.003703703703703687,0.005349794238683103,0.004526748971193395,0.004115226337448541,0.011111111111111117,0.005349794238683103,0.0020576131687242705,0.003703703703703687,0.003292181069958833,0.0024691358024691245,0.0074074074074073955,0.0008230452674897082,0.003292181069958833,0.004938271604938249,0.0012345679012345622,0.009053497942386834
45,45,0.9382716049382716,0.9388880430245975,0.9412576687116564,0.9798312883435583,1.9479238984284195,2.305590548900718,1.2850852815996414,1.7700402370806543,0.8329057777207707,0.029629629629629596,0.014814814814814758,0.019341563786008174,-0.003703703703703776,0.0020576131687242484,0.018518518518518445,-0.0012345679012346067,0.018106995884773602,0.011111111111111061,-0.004526748971193495,0.003703703703703687,-0.001646090534979472,0.0024691358024691245,-0.0016460905349794607,-0.0032921810699589106,-0.002469135802469202,0.000823045267489686,-0.0008230452674897303,-0.002057613168724326,0.0028806584362139785,-0.0012345679012345846,-0.004526748971193506,0.0004115226337448208,-0.007407407407407474,-0.002469135802469202,0.0020576131687242705,-0.005761316872428058,0.00041152263374480966
46,46,0.9506172839506173,0.9511718966645591,0.9568251533742331,0.983435582822086,2.6660739563895914,1.2230960053566613,1.5599343583047658,2.295447055144044,0.0049605903886980425,0.03909465020576134,0.024691358024691367,0.025514403292181066,0.0,0.00781893004115225,0.018930041152263388,0.005761316872427968,0.009876543209876553,0.012757201646090543,0.0012345679012345622,0.0012345679012345622,0.0016460905349794165,0.004115226337448541,0.0016460905349794165,0.0008230452674897082,0.005761316872427968,0.0028806584362139785,0.0,0.003292181069958833,0.003292181069958833,0.0008230452674897082,0.0028806584362139785,0.0016460905349794165,0.0004115226337448541,0.0020576131687242705,0.0004115226337448541,0.0028806584362139785,-0.0012345679012345622
47,47,0.9588477366255144,0.959150947950231,0.9629188384214444,0.9902457185405807,2.5039583374105367,1.5095989847657791,1.460558988493582,1.653123174436314,0.47799986146709705,0.04732510288065843,0.02427983539094647,0.012345679012345656,0.007407407407407374,0.0028806584362139676,0.014403292181069893,0.0028806584362139785,0.030452674897119315,0.01481481481481478,0.0004115226337448541,0.003292181069958833,0.0020576131687242705,0.004526748971193395,0.005761316872427957,0.003292181069958833,0.007818930041152227,0.0016460905349794165,0.0024691358024691245,-0.006995884773662586,0.0024691358024691245,0.003292181069958833,0.008230452674897082,-0.0024691358024691466,0.004938271604938249,-0.0012345679012345622,0.005349794238683103,-0.0024691358024691466,0.0012345679012345622
48,48,0.9588477366255144,0.9591096720442324,0.9595571095571096,0.9853146853146854,1.7731631396353185,1.3966650013221695,1.4643231553225877,2.187322328684952,0.825131008401023,0.027572016460905336,0.01851851851851849,0.020164609053497894,0.004115226337448541,0.007407407407407374,0.014403292181069904,0.003292181069958833,0.013168724279835375,0.033333333333333305,0.00905349794238679,0.007407407407407374,0.004115226337448541,0.009876543209876498,0.004115226337448541,0.007818930041152227,0.0024691358024691245,0.00905349794238679,0.0004115226337448541,-0.0032921810699588438,0.01193415637860078,0.004938271604938249,0.007818930041152227,0.00905349794238679,0.007818930041152227,0.0,0.010288065843621352,0.006584362139917666,0.006172839506172811
49,49,0.934156378600823,0.9345503830009546,0.9318251533742332,0.9893404907975459,2.6651532816821897,1.7237979911537724,1.5782984100936515,1.879428941864955,0.12368231138601582,0.023868312757201617,0.010699588477366217,0.006172839506172811,-0.010699588477366295,0.0004115226337448319,0.007407407407407374,0.0028806584362139785,0.006995884773662519,-2.2204460492503132e-17,-0.0012345679012345733,0.0008230452674897082,-0.0028806584362139898,0.0012345679012345622,-0.002880658436214012,-0.0028806584362139785,-0.0020576131687242705,0.0020576131687242705,-0.0012345679012345622,-0.004526748971193417,-0.0041152263374485635,0.005349794238683103,-0.0016460905349794275,-0.006584362139917721,-0.008230452674897148,-0.009465020576131744,-0.002880658436214001,-0.004938271604938293,-0.0008230452674897082
50,50,0.9382716049382716,0.9389186224906447,0.9443782576321669,0.9766195085629188,2.169411739868225,2.0968534672816075,1.5518036834291027,1.82661002070056,0.5945291554038049,0.034567901234567856,0.011522633744855904,0.012345679012345633,0.0024691358024691245,0.005349794238683103,0.0008230452674896638,-0.0008230452674897415,0.02716049382716046,0.0061728395061728,-0.0037037037037037533,0.0020576131687242705,0.0008230452674896971,-0.001646090534979483,0.004526748971193395,0.003292181069958833,0.0012345679012345622,0.0012345679012345401,0.0016460905349794165,-0.0004115226337448763,-0.0032921810699588993,0.0028806584362139785,0.003292181069958833,-0.0032921810699589106,0.0020576131687242705,-0.0020576131687243373,0.0012345679012345401,-0.0008230452674897303,0.0012345679012345512
51,51,0.9588477366255144,0.9591017629426408,0.959671194813214,0.9873417721518988,1.7384048215221388,1.4168579531509908,1.225018616182721,2.6532089082767154,0.535857260139113,0.030864197530864168,0.03950617283950615,0.02757201646090531,0.0012345679012345622,0.003292181069958833,0.013580246913580184,0.005349794238683103,0.011934156378600791,0.01769547325102877,-2.2204460492503132e-17,0.0028806584362139785,0.0012345679012345622,0.004115226337448541,0.004115226337448541,0.005349794238683103,0.0016460905349794165,0.011111111111111072,-0.0008230452674897082,0.003292181069958833,0.0024691358024691245,0.003292181069958833,0.003292181069958833,0.0028806584362139676,0.0024691358024691245,0.0028806584362139785,0.007407407407407374,0.0008230452674897082,0.006584362139917666
52,52,0.9465020576131687,0.9469861661243056,0.9506777108433735,0.9741716867469878,2.7129155404270966,1.728803490666427,1.2048385090935292,2.0363354756845062,0.3434971528559352,0.039094650205761375,0.029218106995884806,0.025514403292181097,0.0032921810699588438,0.011111111111111172,0.008230452674897148,0.0069958847736625975,0.017695473251028847,0.012757201646090576,0.0012345679012345622,0.0069958847736625975,0.004115226337448552,0.003292181069958833,0.0028806584362139785,0.002880658436214012,0.0008230452674897082,0.0004115226337448541,0.0,0.0004115226337448541,0.0004115226337448541,0.0004115226337448541,0.007407407407407462,0.002880658436214001,0.0012345679012345622,0.0004115226337448541,0.003703703703703709,0.0004115226337448541,0.0037037037037037203
53,53,0.9382716049382716,0.9388280249320318,0.9441850284546913,0.9819786954618415,2.1468996040018924,1.7006647626197953,1.0631826548558956,2.0752922819053894,0.9479354809762405,0.02551440329218104,0.019341563786008174,0.01851851851851847,0.0024691358024691024,0.006584362139917666,0.0037037037037036757,-2.2204460492503132e-17,0.011111111111111061,0.01851851851851847,-0.0004115226337448652,-0.0008230452674897303,-0.0008230452674897303,-0.0016460905349794607,0.000411522633744843,-0.0004115226337448763,-0.0004115226337448874,0.000823045267489686,0.0,-0.0008230452674897303,0.0004115226337448319,-0.0016460905349794607,-0.002057613168724326,-0.0004115226337448763,-0.0008230452674897303,-0.004115226337448652,0.0028806584362139785,0.0,-0.0069958847736626304
54,54,0.9465020576131687,0.9467535720675817,0.9439641864773078,0.9946742821858598,1.6746652468790615,1.5413188385663728,1.1173127832135408,2.334078658374544,0.9803210873997861,0.017283950617283984,0.027983539094650223,0.0037037037037037424,-0.0008230452674897082,-0.009876543209876498,-0.005761316872427957,-0.004115226337448541,0.014814814814814859,-0.006584362139917666,-0.010288065843621352,0.0,-0.004938271604938249,0.0,-0.0028806584362139785,-0.004115226337448541,-0.005761316872427957,-0.007407407407407374,-0.005349794238683103,-0.0008230452674897082,-0.005761316872427957,-0.005349794238683103,0.0,-0.0020576131687242705,-0.003292181069958833,-0.0024691358024691245,-0.003703703703703687,-0.004115226337448541,-0.006584362139917666
55,55,0.9465020576131687,0.9471671245242924,0.9537576687116565,0.9767638036809816,3.245346074889329,0.8955149042854534,1.668127433363347,1.6386817913052427,0.6486961808207625,0.040329218106995926,0.022222222222222265,0.015226337448559701,0.0049382716049383045,0.007818930041152305,0.007818930041152316,0.005349794238683136,0.009876543209876576,0.009465020576131722,0.0020576131687242817,0.008641975308642025,0.003292181069958855,0.004526748971193451,0.005349794238683148,0.0037037037037036978,0.0041152263374485635,0.005349794238683136,0.004938271604938283,0.0028806584362139898,0.004938271604938293,0.0008230452674897082,0.007407407407407451,0.004526748971193406,0.009465020576131744,0.004115226337448574,0.0037037037037036978,0.004115226337448574,0.003703703703703709
56,56,0.9423868312757202,0.9427424681196972,0.9409154059895029,0.9785427601111454,2.1883126701805855,1.8949115287247271,1.2413351796129963,1.9483115298507532,0.5337234338846223,0.03333333333333338,0.028806584362139988,0.009053497942386867,0.0028806584362140453,0.0061728395061729,0.016049382716049422,0.006172839506172911,0.033744855967078234,0.014403292181070004,0.0008230452674897637,3.3306690738754695e-17,0.0037037037037037533,0.0016460905349794607,0.002469135802469169,-0.0024691358024691136,0.006172839506172922,0.005761316872428058,-0.006584362139917666,-0.0008230452674897082,-0.0016460905349794052,-0.0024691358024691245,0.001646090534979472,0.0004115226337448985,-0.0008230452674896748,-0.0004115226337448319,-0.002057613168724259,-0.0020576131687242705,0.006172839506172922
57,57,0.9588477366255144,0.9591832669933109,0.962960157551886,0.9900015149219815,2.492449645967129,1.807542879274704,1.0698021596947194,1.65623543552795,0.4181854675428686,0.03580246913580244,0.0127572016460905,0.01193415637860078,0.003703703703703687,0.006584362139917666,0.016049382716049342,0.0004115226337448541,0.021810699588477356,0.019341563786008188,-0.0032921810699588438,0.003292181069958833,0.0004115226337448541,0.0020576131687242705,-0.0032921810699588438,0.004526748971193395,0.0004115226337448541,0.0012345679012345622,-0.0016460905349794165,0.0012345679012345622,0.0004115226337448541,0.0,0.004938271604938249,0.0012345679012345622,0.003703703703703687,-0.003292181069958833,0.005349794238683103,0.0,0.0016460905349794165
58,58,0.9382716049382716,0.9385443217218917,0.9351851851851851,0.987882944673068,2.845917344903087,0.9367934202023533,1.846788778184092,1.9813865857230883,0.14881148410738126,0.035802469135802414,0.032098765432098705,0.01893004115226331,0.00041152263374480966,0.002469135802469091,0.00905349794238679,0.003292181069958833,0.009465020576131643,0.006995884773662519,-0.008230452674897182,0.0004115226337448319,-0.0037037037037037867,0.000411522633744843,0.0016460905349794052,0.0016460905349793941,-2.2204460492503132e-17,0.004115226337448541,-0.002057613168724326,-4.4408920985006264e-17,0.0012345679012345401,0.000411522633744843,-0.009465020576131754,-0.01975308641975313,-3.3306690738754695e-17,-0.006995884773662619,0.003292181069958833,-0.0016460905349794607,0.0032921810699588216
59,59,0.9300411522633745,0.9301474545258852,0.9228395061728395,0.9827008078036884,2.2763703685858063,1.5435039210978752,1.1193245365846525,2.469830216850317,0.4621478120328286,0.016872427983539096,0.02057613168724278,0.005761316872427968,-0.0008230452674897082,0.004115226337448541,0.0024691358024691245,-0.0004115226337448541,0.011934156378600801,0.00781893004115225,-0.004115226337448541,-0.0020576131687242705,-0.0020576131687242705,-0.0004115226337448541,-0.0016460905349794165,-0.0012345679012345622,0.0004115226337448541,0.004526748971193395,-0.0008230452674897082,-0.005349794238683103,-0.0008230452674897082,-0.004115226337448541,-0.0012345679012345622,-0.003292181069958833,-0.0020576131687242705,-0.0024691358024691245,-0.004115226337448541,-0.00864197530864197,-0.0024691358024691245
60,60,0.9753086419753086,0.9754428541224273,0.9783509036144578,0.9898343373493975,2.6378122066928813,1.635370196764977,1.5790252065580055,1.4719792850306832,0.7962041858557339,0.032921810699588494,0.021399176954732514,0.016049382716049422,0.0024691358024691245,0.006995884773662542,0.012345679012345701,0.007407407407407385,0.018518518518518535,0.022633744855967097,0.0008230452674897082,0.0020576131687242705,0.003703703703703687,0.004526748971193395,0.007818930041152273,0.0016460905349794165,-0.0008230452674897082,0.014814814814814847,0.00781893004115225,0.0020576131687242705,0.0074074074074073955,0.0024691358024691245,0.0004115226337448541,0.0012345679012345622,-0.0016460905349794165,0.003703703703703687,0.0,0.0004115226337448541,0.00781893004115226
61,61,0.9547325102880658,0.9550658308013795,0.9567101226993865,0.985659509202454,2.5047460609636127,1.297327702442234,2.1461667625569487,2.1436381411091783,-0.055777754829813515,0.03086419753086418,0.017283950617283918,0.011934156378600801,0.0020576131687242705,0.009053497942386812,0.015226337448559646,-0.0012345679012345622,0.016049382716049367,0.01275720164609052,0.0020576131687242705,0.004115226337448541,0.003292181069958833,0.0028806584362139785,0.004938271604938249,0.003703703703703687,0.0012345679012345622,0.00987654320987651,0.0016460905349794165,0.003703703703703687,0.007407407407407374,0.003703703703703687,0.003292181069958833,0.004115226337448541,0.0004115226337448541,0.0016460905349794165,0.004115226337448541,0.0,0.0
62,62,0.9259259259259259,0.9271738045322951,0.9353146853146853,0.9846153846153846,2.194674356426063,2.0474387221903587,2.0553997521796603,0.8511614448571123,0.9741680978969635,0.024691358024691367,0.018930041152263398,0.010288065843621418,0.0012345679012345733,0.004526748971193417,0.0028806584362139898,0.0016460905349794165,0.012757201646090566,0.01440329218106996,0.0012345679012345622,-0.0024691358024691245,-0.0008230452674897082,-0.0004115226337448541,0.0016460905349794165,0.004115226337448541,-0.0004115226337448541,-0.0008230452674897082,0.0012345679012345622,-0.0028806584362139785,0.0020576131687242705,0.004115226337448541,-0.0020576131687242705,-0.003292181069958833,0.0032921810699588438,-0.006995884773662519,0.003703703703703687,0.0024691358024691245,0.0020576131687242705
63,63,0.9382716049382716,0.9385987294484026,0.9332142857142858,0.984920634920635,3.0634394453256983,1.8113308269183108,1.6358828372758631,1.4976504402632949,-0.013574566451577189,0.013580246913580184,0.01893004115226332,0.013580246913580184,-0.0037037037037037646,0.0028806584362139455,0.011522633744855914,0.0012345679012345622,0.013168724279835342,0.011111111111111061,0.0024691358024691136,0.0004115226337448319,-0.002469135802469202,-0.0016460905349794607,-3.3306690738754695e-17,-0.0020576131687243147,0.0032921810699588104,-0.00246913580246918,0.0024691358024691245,-0.002057613168724326,-0.002057613168724326,-0.0024691358024691913,-0.00246913580246918,-0.0020576131687243373,-0.0028806584362140565,-0.0032921810699589106,-0.002057613168724326,-0.00246913580246918,0.0024691358024691136
64,64,0.9423868312757202,0.9429710207487986,0.9435714285714285,0.9862698412698413,2.2187509397059983,2.2975759485070912,1.7385829441577891,1.914665456053412,-0.06776139496217025,0.028806584362139974,0.016049382716049422,0.017283950617283994,0.0028806584362140565,0.007407407407407474,0.018106995884773703,0.0004115226337448874,0.012757201646090588,0.020164609053497973,-0.0024691358024691136,0.0069958847736626304,0.0016460905349794496,0.0008230452674897303,0.0016460905349794607,0.0004115226337448652,0.0012345679012345956,0.0032921810699588993,0.0,0.0016460905349794607,0.0004115226337448652,0.0004115226337448652,1.1102230246251566e-17,-0.002057613168724259,0.0016460905349794607,0.002057613168724326,0.004526748971193484,0.0032921810699589214,-0.0004115226337448319
65,65,0.9588477366255144,0.9593530888333756,0.96875,0.991867469879518,2.3691427615088023,1.7116412472945393,1.9944502067160834,1.7093863917324266,0.028747084141286877,0.029629629629629606,0.026748971193415617,0.013168724279835342,-0.0016460905349794275,-0.0012345679012345846,0.010288065843621375,-0.0032921810699588438,0.018106995884773623,0.025925925925925908,-0.006584362139917721,0.0004115226337448541,-0.0057613168724280125,-0.006172839506172867,0.004526748971193395,-0.0008230452674897082,-0.004938271604938283,-1.1102230246251566e-17,0.0,-0.0020576131687242705,0.004526748971193395,0.0,-0.003703703703703687,-0.0012345679012345733,-0.0016460905349794165,-0.004938271604938293,0.0012345679012345622,-0.0032921810699588438,-0.0008230452674897193
66,66,0.9711934156378601,0.9713376726732794,0.9747686524002314,0.9917582417582418,2.9622032706418158,1.3042887903788594,1.7454009044129333,1.822876244926644,0.2968173862013638,0.03703703703703708,0.024279835390946525,0.014814814814814847,0.008641975308642035,0.005761316872428002,0.009876543209876576,0.0028806584362139785,0.016049382716049422,0.009465020576131722,0.0012345679012345622,0.0016460905349794275,0.0008230452674897082,0.0016460905349794275,0.0020576131687242817,0.003703703703703709,0.0028806584362139785,-0.0012345679012345622,0.0024691358024691358,0.0020576131687242817,0.002880658436214001,0.0024691358024691245,0.0032921810699588438,0.0008230452674897082,0.0012345679012345622,0.0016460905349794165,0.004526748971193428,0.0016460905349794165,-0.0020576131687242705
67,67,0.9588477366255144,0.9588477366255144,0.9547654504839911,0.9940431868950111,2.482901369493413,1.7100778459900203,1.2970314712085065,2.154203188382543,0.23135455058801727,0.018930041152263342,0.009465020576131656,0.006172839506172811,0.003292181069958833,0.0028806584362139785,0.006584362139917666,-0.0004115226337448541,0.005761316872427957,0.008230452674897082,0.004115226337448541,0.0004115226337448541,0.003703703703703687,0.0020576131687242705,0.0016460905349794165,-0.0016460905349794386,0.0028806584362139785,0.006995884773662519,0.0004115226337448541,-0.004938271604938283,0.0004115226337448541,0.0004115226337448541,0.0004115226337448541,0.0024691358024691245,0.0024691358024691245,-0.0028806584362139785,0.0004115226337448541,-0.0012345679012345622,0.0020576131687242705
68,68,0.9382716049382716,0.9393089803192791,0.9508052147239264,0.9745398773006135,2.585151825819804,1.6534787653937915,1.3144809022514403,2.253681888589945,0.09578426936160783,0.05308641975308638,0.02345679012345674,0.01769547325102876,0.003703703703703687,0.007818930041152227,0.011522633744855914,0.0,0.02921810699588473,0.01687242798353903,0.004938271604938249,0.003292181069958833,0.0008230452674897082,0.005349794238683103,0.0028806584362139785,0.0012345679012345622,0.003292181069958833,-0.0004115226337448652,0.0004115226337448541,0.004115226337448541,0.0,0.0004115226337448541,0.0028806584362139785,0.0012345679012345622,0.003703703703703687,0.0,0.0012345679012345622,0.0,-0.0037037037037037533
69,69,0.9465020576131687,0.9468596044294549,0.9477786144578313,0.9806475903614458,2.6566433278729322,1.5541399847462758,1.0893917429708708,2.225865281367072,0.13496278834858147,0.039506172839506214,0.025925925925925974,0.018930041152263398,0.004526748971193428,0.00452674897119344,0.020987654320987682,0.0024691358024691245,0.017695473251028836,0.01399176954732514,-0.0016460905349794165,0.0020576131687242817,0.0020576131687242926,0.0012345679012345622,0.0024691358024691358,0.0020576131687242926,0.004938271604938283,0.002880658436214012,0.0020576131687242817,0.00452674897119344,0.0020576131687242817,-0.0008230452674897082,0.0012345679012345622,0.0004115226337448652,-0.000411522633744843,-0.0008230452674897082,0.0,-0.0016460905349794052,0.006172839506172856
70,70,0.9259259259259259,0.9263691808760738,0.9225076687116565,0.9825153374233129,1.6636875270151563,1.8646629636072938,1.5733420052341807,2.2449450258614227,0.6868913231591942,0.04115226337448562,0.006995884773662575,0.011111111111111117,-0.00987654320987651,0.0028806584362139898,-0.0016460905349794052,-0.0004115226337448541,0.009876543209876543,0.0041152263374485635,0.003292181069958833,-0.0012345679012345622,-0.0020576131687242705,-0.0016460905349794165,-0.010699588477366217,0.0004115226337448541,-0.005349794238683103,0.0024691358024691245,-0.004526748971193395,-0.0016460905349794165,-0.004115226337448541,-0.0004115226337448541,-0.0012345679012345622,-0.0004115226337448541,-0.0012345679012345622,0.0,-0.0008230452674897082,-0.0004115226337448541,-0.00781893004115224
71,71,0.9465020576131687,0.9469085074404158,0.9472445199135535,0.9870330348873109,1.9580330338323124,1.6754324151880469,1.808940695554155,2.1378798874728586,0.5325222037427121,0.03415637860082308,0.012345679012345723,0.016049382716049408,0.006995884773662586,0.004115226337448574,0.012757201646090566,0.0037037037037036978,0.030041152263374494,0.012757201646090566,0.0012345679012345622,0.0008230452674897082,0.003292181069958833,0.0024691358024691245,0.004526748971193428,0.0028806584362139898,0.0037037037037037203,0.005349794238683136,0.0024691358024691245,0.0004115226337448652,0.0008230452674897082,-0.0008230452674897082,0.0037037037037036978,0.0024691358024691245,0.0028806584362139785,0.0024691358024691245,0.003703703703703709,0.003292181069958866,0.004115226337448552
72,72,0.9135802469135802,0.9145188191866926,0.9171159029649596,0.9564989517819706,2.1982970537160798,1.734773524274815,1.8222202510803618,2.052912606185775,0.4170815356366191,0.0304526748971193,0.0028806584362139564,0.004526748971193384,-0.0024691358024691913,0.009876543209876498,0.0057613168724279466,0.004115226337448541,0.012345679012345623,0.01481481481481477,0.0012345679012345512,-1.1102230246251566e-17,0.004115226337448541,0.003292181069958833,0.003292181069958833,-0.0004115226337448874,0.003292181069958833,0.005761316872427957,0.0016460905349794052,-0.004115226337448619,0.0028806584362139785,0.0016460905349794052,0.0004115226337448319,0.0012345679012345622,0.000823045267489686,0.0004115226337448319,0.001646090534979372,-0.002469135802469169,0.012757201646090477
73,73,0.934156378600823,0.9343533808008888,0.9290123456790123,0.9821673525377229,2.490068976798161,1.1384402612148823,1.7916796577310514,1.61276642702749,0.6961583047274813,0.026748971193415617,0.027572016460905326,0.009053497942386801,-0.015226337448559713,0.004938271604938249,0.007407407407407374,-0.0012345679012345622,0.006995884773662519,0.013991769547325051,-0.007818930041152328,-0.0016460905349794275,-0.0020576131687242817,0.0012345679012345622,-0.0004115226337448541,-0.002880658436214001,-0.0037037037037036978,0.004115226337448541,-0.0004115226337448541,-0.0008230452674897082,0.0008230452674897082,0.0,-0.003703703703703709,0.0012345679012345622,-0.004938271604938283,0.0004115226337448541,-0.0008230452674897082,-0.004115226337448574,0.005349794238683103
74,74,0.9506172839506173,0.9508769619864272,0.9510332434860737,0.984576220425277,1.9242854406374352,1.7484201058183408,2.1914589091262724,1.5351291087909769,0.6358654344189766,0.03004115226337447,0.022633744855967086,0.013991769547325117,-0.0028806584362139785,0.011522633744855982,0.003703703703703687,-0.0028806584362139785,0.023456790123456795,0.010699588477366285,-0.0012345679012345622,-0.004938271604938249,-0.0020576131687242705,-0.0016460905349794165,-0.0024691358024691245,-0.0020576131687242705,0.0,0.0,-0.0012345679012345622,-0.005349794238683103,-0.0016460905349794165,-0.0016460905349794165,-0.003292181069958833,-0.0012345679012345622,-0.0024691358024691245,-0.003292181069958833,0.0008230452674897082,-0.0020576131687242705,-0.0028806584362139785
75,75,0.9588477366255144,0.9590788252563235,0.9599681866383881,0.9904559915164369,2.810997767219285,1.7879109598621012,2.1938557038055118,1.2225008780569002,0.2289119464558742,0.014403292181069893,0.01769547325102877,0.010288065843621342,0.006995884773662519,0.002057613168724259,0.010288065843621363,-0.0004115226337448541,0.013168724279835353,0.008641975308641959,0.0,0.0008230452674897082,-0.0012345679012345622,0.004526748971193395,0.009876543209876498,-0.0004115226337448541,0.004115226337448541,-0.002880658436214012,0.006172839506172811,-0.0020576131687242705,0.0008230452674896971,-0.0024691358024691358,0.0004115226337448541,-0.00452674897119344,0.006172839506172811,-0.005349794238683148,0.0012345679012345622,0.0,-0.0016460905349794275
76,76,0.9465020576131687,0.9467459275095169,0.9442101226993864,0.9868098159509202,2.2982869811513975,1.3365579719994256,1.045127652997609,2.3905267090923035,0.6108678926572879,0.03333333333333336,0.032921810699588494,0.016872427983539117,0.0037037037037037203,0.009876543209876599,0.009465020576131734,0.005761316872428024,0.01028806584362144,0.016460905349794264,-0.003292181069958833,0.006584362139917732,0.006995884773662609,0.0041152263374485635,0.0004115226337448541,0.0,0.0008230452674897082,0.004526748971193417,0.00452674897119344,-0.003292181069958833,-0.0028806584362139785,0.0004115226337448541,0.004526748971193406,0.006584362139917743,0.0008230452674897082,0.0057613168724280125,0.0028806584362139898,0.0004115226337448541,0.01111111111111116
77,77,0.9423868312757202,0.943069899998739,0.9503593890386344,0.9689278227014076,2.7944238618806674,1.7036488028854897,1.6679912133103982,0.9519375998344701,1.0055296686081276,0.039917695473251066,0.030864197530864244,0.01769547325102886,0.006584362139917766,0.015637860082304555,0.014403292181070015,1.1102230246251566e-17,0.029218106995884806,0.030041152263374515,0.004526748971193484,0.004938271604938349,0.002469135802469169,0.002880658436214034,0.007818930041152328,0.0008230452674897415,0.0037037037037037424,0.004938271604938349,0.004526748971193484,0.001646090534979472,0.0016460905349794607,0.0008230452674897415,0.004526748971193495,0.002057613168724348,-0.0020576131687242705,0.0008230452674897303,0.004526748971193473,0.0004115226337448763,0.0037037037037037533
78,78,0.9629629629629629,0.9631214756137323,0.9630737767005,0.9935615815785487,2.2980012505306036,1.5722985121324582,1.6280672922140202,1.8979027835156401,0.10410014331804827,0.03045267489711928,0.011111111111111061,0.0037037037037036757,-0.0012345679012345956,0.0020576131687242705,0.01769547325102877,0.0008230452674897082,0.011522633744855914,0.02057613168724276,-0.0016460905349794607,0.002057613168724259,-0.0012345679012346067,0.0,0.0028806584362139785,-0.004526748971193473,0.0024691358024691245,0.002057613168724259,-0.0004115226337448652,0.0,-0.0028806584362140674,-0.0032921810699589214,-0.0012345679012346067,-0.0028806584362140565,-0.0024691358024691913,-0.004115226337448641,-0.0004115226337448763,-0.0012345679012345956,0.003703703703703687
79,79,0.9588477366255144,0.9591017629426408,0.959671194813214,0.9820160543377585,2.173192634471784,1.719250858960102,1.405028764844331,2.0659568718756396,0.6442616070475154,0.027983539094650168,0.03497942386831273,0.015226337448559635,0.004115226337448541,0.006995884773662531,0.006584362139917666,0.007818930041152227,0.013580246913580197,0.01646090534979421,0.007818930041152227,0.009465020576131643,0.007818930041152227,0.005761316872427957,0.010699588477366207,0.003703703703703687,0.006995884773662519,-0.0012345679012345846,0.007818930041152227,0.0008230452674897082,0.006584362139917666,0.008230452674897082,0.004526748971193395,0.005761316872427957,0.006584362139917666,0.003703703703703687,0.009876543209876498,0.0,0.006584362139917666
80,80,0.9547325102880658,0.9550126853822175,0.959247311827957,0.9888888888888888,2.6744313274561327,1.6997213319257962,2.0511455413339292,1.4372816302078901,0.59290407749883,0.033333333333333305,0.012757201646090533,0.011111111111111094,-0.00493827160493826,0.011111111111111094,0.0016460905349794165,-0.0008230452674897082,0.021810699588477367,0.00493827160493826,-0.0004115226337448541,-0.0008230452674897082,-0.0012345679012345622,-0.0028806584362139785,0.0016460905349794165,-0.004526748971193395,0.0008230452674897082,-0.0008230452674897082,-0.0008230452674897082,-0.0024691358024691245,-0.0012345679012345622,-0.0016460905349794165,-0.003703703703703687,-0.0016460905349794165,-0.0012345679012345622,0.0,-0.0028806584362139785,-0.0004115226337448541,0.0012345679012345622
81,81,0.9382716049382716,0.9394710614754187,0.9481247952833278,0.9812479528332787,2.23743548647248,1.413231190536576,2.154046926857738,1.5717075714086441,0.47049986681437783,0.044444444444444384,0.014814814814814758,0.011111111111111061,0.005761316872427957,0.010699588477366207,0.009876543209876498,0.004115226337448541,0.02345679012345675,0.010288065843621363,0.003703703703703687,0.004938271604938249,0.00905349794238679,0.007818930041152227,0.004115226337448541,-1.1102230246251566e-17,0.003292181069958833,0.0032921810699588216,0.002057613168724259,0.0016460905349794052,0.006172839506172811,0.007407407407407374,-0.0016460905349794607,0.004115226337448541,0.008230452674897082,-0.0028806584362140674,0.006995884773662519,0.0012345679012345622,0.008230452674897082
82,82,0.9465020576131687,0.946315141431372,0.9395965876229033,0.9876373626373626,2.045019376693922,1.4738706068405174,1.479270305151148,2.608862904732522,0.1875363642613735,0.04279835390946505,0.03703703703703708,0.019753086419753096,-0.0020576131687242705,0.004938271604938283,0.007407407407407429,-0.0004115226337448541,0.008641975308642035,0.010699588477366306,0.0024691358024691358,0.0024691358024691466,-0.011934156378600768,0.0020576131687242705,-0.003703703703703687,-0.004526748971193395,-0.004115226337448541,-0.006584362139917666,-0.0020576131687242705,-0.003703703703703687,-0.0012345679012345622,0.0,0.005761316872428002,-0.006584362139917666,0.007407407407407429,-0.0012345679012345622,-0.0028806584362139785,-0.0020576131687242705,-0.00905349794238679
83,83,0.9423868312757202,0.942894986754636,0.9475022104332449,0.9848216917182434,2.2405511240520735,1.9069398551708336,1.3937789628266803,1.7307205709830333,0.7208954052800244,0.03539094650205767,0.012757201646090576,0.016460905349794275,0.0008230452674897415,-0.001646090534979383,0.0012345679012346067,0.001646090534979472,0.024279835390946535,0.016049382716049408,-0.000411522633744843,-0.0020576131687242705,-0.0012345679012345512,0.0024691358024691913,0.0012345679012345956,-0.0037037037037036757,0.0016460905349794607,0.0028806584362140565,0.001646090534979483,-0.003292181069958833,-0.0008230452674896971,-0.0024691358024691245,-0.0004115226337448541,0.0016460905349794607,0.0028806584362140453,-0.006584362139917666,-0.004526748971193395,-0.0028806584362139676,0.0004115226337448763
84,84,0.9670781893004116,0.9672490516847089,0.9711909181779237,0.9907182636013138,2.4445906769116923,1.6862327532357093,1.0433355736880574,2.3726938063606835,0.21055409811067777,0.02757201646090539,0.018930041152263412,0.02057613168724285,0.004526748971193506,0.010288065843621463,0.010699588477366306,0.004526748971193506,0.016872427983539127,0.014403292181070004,0.006584362139917777,0.0028806584362140565,0.004115226337448652,0.004526748971193506,0.0037037037037037867,0.0012345679012345956,0.005761316872428058,0.0020576131687243147,0.0037037037037037867,0.0012345679012345956,0.006584362139917777,0.0008230452674897303,0.004115226337448652,0.0012345679012345956,0.004115226337448652,0.004115226337448629,0.004526748971193484,0.0028806584362140565,0.004526748971193506
85,85,0.9506172839506173,0.9512459289555405,0.9569019855026788,0.9834541443428931,1.5605013680332274,1.1858828150958207,2.479075196065628,2.155542106591737,0.7683610644933588,0.029629629629629606,0.013580246913580252,0.013168724279835398,0.0004115226337448541,0.0065843621399176875,0.014814814814814826,0.0,0.018518518518518545,0.017695473251028816,-0.0028806584362139785,0.006584362139917666,0.0024691358024691245,0.008230452674897115,0.010699588477366273,0.0012345679012345622,0.0004115226337448541,0.003703703703703687,0.004115226337448552,0.0016460905349794165,0.004938271604938249,0.0008230452674897082,0.0,0.0028806584362139785,0.0,0.0016460905349794165,0.0016460905349794165,0.0016460905349794165,-0.0008230452674897082
86,86,0.9547325102880658,0.954979497085743,0.9522629138013754,0.9907244522629137,2.687125929344094,1.5150406302568606,1.627936887219022,1.6852059409496563,0.23119079498594802,0.02016460905349794,0.016049382716049353,0.026748971193415638,0.007407407407407374,0.005761316872427957,0.010288065843621375,0.0004115226337448541,0.010288065843621363,0.008641975308641947,-0.0012345679012345622,-0.0004115226337448541,0.003292181069958833,-0.0008230452674897082,0.0020576131687242705,0.004938271604938249,0.0016460905349794165,-0.0008230452674897082,0.0004115226337448541,-0.0016460905349794165,-0.0012345679012345622,-0.0028806584362139785,0.0024691358024691245,0.004938271604938249,0.0028806584362139785,-0.003292181069958833,0.006584362139917666,-0.0028806584362139785,-0.004526748971193395
87,87,0.9423868312757202,0.9427648120831887,0.9404240337975278,0.9841182913472071,2.2961187959806333,1.3099483037755948,2.267512529306365,1.7771908638589038,0.45314866697987727,0.009876543209876609,-0.003703703703703665,-0.00411522633744853,-0.0012345679012345622,-0.006584362139917666,0.008230452674897193,-0.004115226337448541,0.0012345679012345956,0.004526748971193461,-0.0028806584362139785,0.0,-0.004938271604938249,-0.004938271604938249,0.0012345679012346067,-0.003292181069958833,-0.003703703703703687,-0.005761316872427957,-0.00041152263374480966,-0.0004115226337448541,-0.000823045267489686,-0.003703703703703687,-0.0012345679012345622,-0.006172839506172811,-0.0028806584362139785,-0.000823045267489686,-0.004115226337448541,-0.0028806584362139785,-0.005349794238683103
88,88,0.9547325102880658,0.9549262479723398,0.9538706256627784,0.9912134525071958,2.3263570006399896,1.3806230783747524,1.8943713065024042,2.040337785514854,0.1631736876662269,0.01728395061728396,0.020987654320987648,0.0065843621399176875,0.0008230452674897082,0.0028806584362139785,0.005349794238683103,-0.0024691358024691245,0.016872427983539086,0.006995884773662531,0.0004115226337448541,0.0,-0.0004115226337448541,-0.0020576131687242705,-0.0012345679012345622,-0.0004115226337448541,0.0016460905349794165,-0.0016460905349794165,-0.004526748971193395,-0.0016460905349794165,-0.0016460905349794165,-0.0012345679012345622,-0.0016460905349794165,-0.006995884773662542,0.0008230452674897082,-0.003292181069958833,-0.0004115226337448541,-0.003703703703703687,-0.0004115226337448541
89,89,0.9423868312757202,0.942936895655028,0.9439054920982632,0.9833359411672664,1.6273764821612828,1.881966874842323,1.9351384601336334,2.0469530452869322,0.6060785448372613,0.020164609053497973,0.0218106995884774,0.00905349794238688,0.005761316872428046,-0.0020576131687242484,0.01399176954732515,-0.0012345679012345401,0.011111111111111172,0.017283950617283973,-0.0016460905349794052,0.0008230452674897526,-0.0012345679012345622,-0.0012345679012345622,0.0004115226337448874,-0.0024691358024691245,0.0012345679012346177,-0.0012345679012345512,-0.0012345679012345512,-0.003703703703703687,-0.000411522633744843,-0.003703703703703687,0.0028806584362140453,-0.006995884773662519,-0.003703703703703687,-0.0024691358024691136,0.0008230452674897303,-0.004115226337448541,0.002057613168724326
90,90,0.9547325102880658,0.9555399918519435,0.9640756302521009,0.9845378151260504,2.4240343331814334,1.3273815347898794,1.393966907348059,2.0816483993300245,0.7840812283994747,0.03703703703703702,0.013168724279835365,0.021810699588477356,0.011522633744855936,0.011111111111111082,0.020576131687242805,0.011111111111111061,0.030864197530864168,0.02427983539094648,0.0,0.009465020576131656,0.003703703703703687,0.010288065843621375,0.006172839506172811,0.00905349794238679,0.016049382716049398,0.006172839506172811,0.004526748971193395,0.003703703703703687,0.00905349794238679,0.004938271604938249,0.006995884773662519,0.004526748971193395,0.009053497942386801,0.00905349794238679,0.008230452674897082,-0.0012345679012345622,0.004526748971193395
91,91,0.9423868312757202,0.9424909367038996,0.9413940256045519,0.9806543385490754,1.4428436941046667,1.9309660161224327,1.3413656327889913,2.129514430671071,0.8569777936600977,0.022633744855967107,0.03209876543209881,0.011111111111111172,-0.0004115226337448208,0.005349794238683192,0.026337448559670816,0.0012345679012346177,0.01687242798353914,0.024279835390946546,0.004938271604938338,0.0024691358024691913,0.002880658436214034,0.0008230452674897415,0.0020576131687243373,0.0012345679012345956,0.0037037037037037533,0.008641975308642047,-0.0016460905349794052,0.0020576131687243373,-0.0008230452674896971,-0.003703703703703687,-0.005349794238683103,1.1102230246251566e-17,-0.0024691358024691245,0.0016460905349794607,0.0028806584362140453,-0.005349794238683103,0.007818930041152338
92,92,0.9670781893004116,0.9673142344291275,0.9687350071965457,0.9880857188549496,2.159637467317965,1.0781765779134629,1.2793829959819114,2.2511082633153405,1.095647814818956,0.047736625514403316,0.03827160493827164,0.018106995884773703,0.007407407407407485,0.005761316872428035,0.009053497942386902,0.0012345679012346067,0.0218106995884774,0.017283950617284004,0.0004115226337448763,0.005349794238683181,0.0020576131687243147,0.006172839506172878,-0.0004115226337448319,0.005349794238683192,0.002469135802469169,0.002880658436214034,0.0016460905349794607,-0.0008230452674896971,0.010288065843621463,0.004115226337448619,0.0037037037037037646,0.002057613168724326,0.005761316872428046,0.0016460905349794607,0.0024691358024691913,0.005349794238683192,-0.0016460905349793941
93,93,0.9506172839506173,0.9516099920583351,0.9612873134328358,0.9888059701492538,2.3077634602408548,1.9124927866802344,1.4302231403034935,1.694002233607633,0.6723382178657488,0.02880658436213992,0.012345679012345678,0.010288065843621385,0.004938271604938249,0.010288065843621408,0.009876543209876566,0.004938271604938249,0.021810699588477388,0.019341563786008254,0.0024691358024691245,0.0004115226337448541,0.004115226337448541,0.0020576131687242705,0.004526748971193395,0.0012345679012345622,0.0020576131687242705,0.004938271604938249,0.0028806584362139785,0.0028806584362139785,0.0008230452674897082,0.0008230452674897082,-0.0012345679012345622,0.003292181069958833,0.006584362139917676,-0.007407407407407374,0.003292181069958833,0.0,0.010288065843621408
94,94,0.9465020576131687,0.9469539627817043,0.9507073715562174,0.9837676842889054,1.8435545502395967,1.902625582849996,1.4595044241690527,2.1364272716311907,0.44717221184253575,0.051440329218107005,0.04032921810699591,0.025102880658436234,0.0057613168724280125,-0.0016460905349794165,0.021399176954732535,0.0057613168724280125,0.03991769547325106,0.022633744855967107,0.0028806584362139898,0.0024691358024691466,0.0020576131687242705,0.005349794238683148,0.0057613168724280125,0.0032921810699588438,0.007818930041152295,0.003292181069958866,0.004938271604938293,0.0032921810699588884,0.006995884773662586,0.0012345679012345622,0.005349794238683136,0.009876543209876599,0.006172839506172867,0.0004115226337448652,0.007818930041152305,0.0,0.004526748971193428
95,95,0.9753086419753086,0.9754658032265394,0.9784382284382285,0.9949494949494949,2.8846290041067517,1.204823211282548,1.383335844563148,2.0328115727672826,0.3902843008016635,0.027572016460905336,0.025514403292181066,0.014814814814814836,0.0020576131687242705,0.009465020576131689,0.014814814814814836,0.003292181069958833,0.006995884773662531,0.013580246913580252,0.005349794238683103,0.0004115226337448541,0.003292181069958833,0.0016460905349794165,0.004526748971193395,0.0004115226337448541,0.0008230452674897082,0.0012345679012345622,0.003703703703703687,0.0004115226337448541,0.0008230452674897082,0.0004115226337448541,0.0024691358024691245,0.0012345679012345622,0.0016460905349794165,0.004526748971193395,0.0028806584362139785,0.0016460905349794165,0.004938271604938249
96,96,0.9382716049382716,0.9386084051169221,0.9328322405245482,0.9868063329601791,2.1842617419532955,0.9137342463438913,1.524488551551595,2.205515885679287,0.9312199925049718,0.02551440329218103,0.007407407407407363,0.00905349794238679,-0.0032921810699588884,0.0004115226337448208,0.013580246913580174,-0.004526748971193473,0.010699588477366207,0.0061728395061728,-0.002880658436214034,0.0024691358024691245,-0.0012345679012346067,-3.3306690738754695e-17,-0.001646090534979472,-0.006584362139917766,-0.0004115226337448763,-0.0037037037037037533,-0.005761316872428068,0.0012345679012345401,-0.0032921810699589106,-0.004115226337448629,-0.001646090534979472,-0.012757201646090588,-0.0041152263374485964,0.0016460905349794052,0.005349794238683103,-0.011111111111111172,-0.004938271604938327
97,97,0.9382716049382716,0.9382022786001893,0.9330176402544823,0.9826489300173511,2.2092241704858204,1.7679798423226605,1.452613274573643,1.8131056910867411,0.8648422713290376,0.025102880658436168,0.017283950617283893,0.008230452674897082,0.002469135802469091,0.009053497942386779,0.014403292181069893,0.004938271604938249,0.015226337448559613,0.017283950617283893,0.003292181069958833,-0.005349794238683203,0.001234567901234529,-0.002880658436214034,0.005761316872427957,-0.0020576131687243147,0.004115226337448518,-0.00246913580246918,0.0016460905349794052,0.000823045267489686,0.008641975308641936,-0.0032921810699588993,-0.0032921810699588993,-0.006995884773662619,-0.006995884773662619,-0.008230452674897193,0.008230452674897071,-0.002057613168724326,0.004938271604938238
98,98,0.9711934156378601,0.9713288464979286,0.9720978697128744,0.990506329113924,2.5062311071552745,1.3745798130900642,1.3981228274409072,2.2602098422240955,0.22366592862649795,0.035802469135802505,0.0403292181069959,0.014814814814814859,0.008641975308642047,0.0057613168724280125,0.018930041152263398,0.0004115226337448541,0.01316872427983543,0.012345679012345723,0.004526748971193417,0.0,0.0004115226337448541,0.0024691358024691245,0.004526748971193417,0.0028806584362139785,0.0008230452674897082,0.009465020576131734,0.0004115226337448541,0.0,0.0,0.0,0.0004115226337448541,0.004115226337448574,0.0037037037037036978,0.002880658436214001,0.004938271604938283,0.0,0.0004115226337448541
99,99,0.9300411522633745,0.930632105176075,0.9326135517498139,0.983469843633656,2.397903563987717,1.60694430451322,1.377274519349435,1.5197420125990915,0.8981408582446048,0.03374485596707819,0.0213991769547325,0.017695473251028816,0.00781893004115225,0.0037037037037036978,0.004938271604938249,0.0004115226337448541,0.026748971193415627,0.01851851851851851,-0.004115226337448541,0.0028806584362139785,0.0004115226337448541,0.005761316872427957,-0.0004115226337448652,-0.0008230452674897082,0.0020576131687242705,-0.0004115226337448541,-0.0065843621399176875,-0.003703703703703687,-0.006172839506172811,-0.010699588477366273,0.0028806584362139785,-0.0074074074074073955,0.0004115226337448541,-0.0004115226337448541,0.005761316872427957,0.0004115226337448541,-0.0008230452674897082
100,100,0.9588477366255144,0.9589384786753208,0.9581699346405229,0.9938997821350762,1.846818063718768,1.507253160781766,1.4463439459126726,2.2128778544384997,0.8765438432623351,0.022633744855967065,0.02139917695473249,0.009876543209876498,0.013580246913580207,-0.002880658436214023,0.0185185185185185,0.0,0.01851851851851848,0.018106995884773647,-0.0024691358024691245,0.0028806584362139785,0.0028806584362139785,0.007407407407407374,0.003292181069958833,0.004115226337448541,0.0004115226337448541,0.007407407407407374,0.0004115226337448541,0.0004115226337448541,-0.0020576131687242705,-0.0004115226337448541,0.007818930041152227,-0.0012345679012345622,0.0012345679012345622,0.0004115226337448541,0.005761316872427957,-0.004938271604938283,0.000411522633744843
101,101,0.934156378600823,0.9353383918012174,0.9449259375984873,0.9780964387015443,2.5109902669602775,1.417278195685628,1.5940628069876144,2.061343440669909,0.6501283352291,0.026748971193415606,0.02510288065843619,0.025514403292181066,-0.0004115226337448541,0.006172839506172811,0.011111111111111072,0.0,0.0127572016460905,0.013580246913580219,0.0024691358024691245,0.0,-0.0008230452674897193,-0.0012345679012345733,0.0,-0.0037037037037036978,0.0,-1.1102230246251566e-17,-0.0020576131687242705,0.0028806584362139785,-0.0032921810699588438,-0.0008230452674897082,-0.0032921810699588438,-0.005349794238683159,0.0004115226337448541,0.006584362139917666,-0.003292181069958833,-0.0020576131687242705,0.0024691358024691245
102,102,0.9465020576131687,0.9468959818561756,0.9473926380368098,0.9785276073619632,1.921420715788448,1.271041079981367,1.5671746630631656,2.251584368371729,0.9449264171761513,0.029218106995884775,0.023868312757201672,0.019341563786008265,0.00452674897119344,0.007818930041152295,0.006172839506172878,0.005761316872428002,0.014814814814814847,0.030864197530864213,0.004115226337448541,0.003292181069958833,0.009053497942386902,0.0,0.003292181069958866,0.0008230452674897082,0.0012345679012345622,0.00905349794238689,0.0020576131687242705,0.0016460905349794165,0.0049382716049382715,0.0004115226337448541,-0.0008230452674897082,0.003703703703703687,0.003292181069958855,0.003703703703703687,0.0037037037037037203,0.0020576131687242705,0.00905349794238688
103,103,0.9588477366255144,0.9591427930364094,0.9590196705581321,0.9842475611706382,1.9619436322278114,1.610526606918719,1.4236811367645648,3.026492310431971,0.05249213437651946,0.030452674897119315,0.02263374485596705,0.01769547325102879,0.004115226337448541,0.003292181069958833,0.018106995884773637,0.0004115226337448541,0.004526748971193395,0.013168724279835353,0.0,0.0008230452674897082,0.0,0.0004115226337448541,0.0,0.0012345679012345622,0.0020576131687242705,0.008641975308641936,0.0,0.0004115226337448541,-0.0008230452674897082,-0.0028806584362139785,-0.0004115226337448541,0.0028806584362139785,0.0028806584362139785,-0.0024691358024691245,0.005349794238683103,0.0024691358024691245,0.0004115226337448541
104,104,0.9423868312757202,0.9426897889841651,0.9419362084456424,0.9854746930218629,2.4044863227143902,1.1479748310732156,1.550691857726452,1.9124285659769522,0.8657290614669854,0.031687242798353964,0.013991769547325172,0.006584362139917743,0.0004115226337448985,-0.008230452674897082,0.005349794238683192,-0.004938271604938238,0.007818930041152328,-0.006995884773662508,-0.006584362139917666,-0.005349794238683103,-0.004526748971193395,-0.010288065843621352,-0.003703703703703687,-0.003292181069958833,-0.0012345679012345401,-0.004526748971193384,-0.004115226337448541,-0.0016460905349794165,-0.003292181069958833,-0.0024691358024691245,-0.005761316872427957,-0.006584362139917666,-0.004938271604938238,-0.0016460905349794052,-0.0028806584362139785,-0.0028806584362139785,-0.004526748971193384
105,105,0.9506172839506173,0.9503995030310819,0.9436559139784946,0.9920430107526882,1.713749673156652,1.8713290586614133,1.7006676648022863,2.7598124958289687,-0.12035829433898992,0.03744855967078191,0.05555555555555556,0.016872427983539107,0.009053497942386846,0.008230452674897115,0.03497942386831275,0.004115226337448552,0.01810699588477368,0.02304526748971194,0.011934156378600846,0.0,0.010699588477366273,0.0,0.006172839506172823,0.004526748971193395,0.004115226337448541,0.0065843621399176875,0.004526748971193406,0.004115226337448541,0.004526748971193395,0.0020576131687242705,0.0,0.009465020576131699,0.005349794238683103,0.0037037037037036978,0.011934156378600836,0.0037037037037036978,0.005349794238683103
106,106,0.9506172839506173,0.9507881463349146,0.9519203413940256,0.9832859174964439,2.074268957877465,1.7950809512916723,1.617189093960823,2.34646604934195,0.042041538270741266,0.03251028806584364,0.03292181069958851,0.025514403292181086,0.009465020576131678,0.011111111111111117,0.025514403292181086,0.0016460905349794275,0.02098765432098767,0.023456790123456805,0.008230452674897127,0.008641975308641959,0.0049382716049382715,0.008230452674897115,0.0057613168724279795,0.009465020576131711,0.0065843621399176875,0.0032921810699588438,0.0012345679012345622,0.0074074074074073955,0.013580246913580275,0.0020576131687242705,0.006584362139917676,0.00493827160493826,0.00493827160493826,0.006584362139917676,0.013580246913580262,0.0008230452674897193,0.009053497942386834
107,107,0.9547325102880658,0.9552952592128628,0.9630751533742332,0.9825153374233129,2.3872668551392913,1.5790865932637854,1.8163076882662068,1.8999228926121607,0.6200693575323252,0.04609053497942386,0.0411522633744856,0.03292181069958847,0.0024691358024691245,0.011111111111111094,0.02098765432098767,0.005761316872427957,0.018930041152263367,0.034979423868312744,0.0028806584362139785,0.0028806584362139785,0.004526748971193395,0.011111111111111082,0.004526748971193395,0.003292181069958833,0.012345679012345668,0.005349794238683103,0.004526748971193395,0.0024691358024691245,0.004938271604938249,0.006995884773662519,0.0020576131687242705,0.003292181069958833,0.0008230452674897082,0.0016460905349794165,0.0020576131687242705,0.005349794238683103,0.004115226337448541
108,108,0.9588477366255144,0.9590641349886894,0.9601302785265049,0.9867475292003594,2.4231073394693543,1.5216888822373622,1.6736040920721746,1.6374551218028788,0.8429816166795775,0.023045267489711918,0.02839506172839503,0.010288065843621363,-0.00823045267489716,0.006584362139917666,0.011111111111111082,-0.005349794238683148,0.009053497942386801,0.014403292181069926,0.0024691358024691245,-0.003703703703703687,-0.0004115226337448541,-0.010699588477366318,-0.00452674897119344,0.0,-0.006172839506172867,-0.0004115226337448541,-0.0008230452674897082,-0.0004115226337448541,-1.1102230246251566e-17,0.0004115226337448541,-0.008641975308642035,-0.0016460905349794165,-0.004115226337448574,0.0012345679012345622,0.003292181069958833,0.0028806584362139785,-0.004526748971193428
109,109,0.9629629629629629,0.9631864325517991,0.9660790993926825,0.9836320545104429,1.9932861325238247,1.7753314995994438,1.744935209274529,2.2562879916200855,-0.15830379048933946,0.03209876543209872,0.013168724279835342,0.02139917695473246,0.004938271604938249,0.007818930041152227,0.011111111111111061,0.006172839506172811,0.011111111111111061,0.011522633744855914,0.0024691358024691245,-0.0024691358024691913,0.004526748971193395,0.0028806584362139785,0.0028806584362139785,0.004938271604938249,-0.0020576131687243373,0.005761316872427957,0.0,-1.1102230246251566e-17,0.005349794238683103,0.0004115226337448541,-0.0012345679012346067,0.007818930041152227,-0.0028806584362140565,0.004938271604938249,0.0016460905349794165,-1.1102230246251566e-17,0.0024691358024691245
110,110,0.934156378600823,0.934848853362983,0.9383426753522193,0.9750795334040298,2.619567633227836,1.5258453979885416,1.3730347278005,2.045061198374659,0.5075684486050083,0.02716049382716048,0.023045267489711897,0.009876543209876498,0.004115226337448541,0.005349794238683103,0.0024691358024691136,0.0024691358024691245,0.009465020576131643,0.007407407407407374,0.0020576131687242705,0.0028806584362139785,-0.0020576131687242705,-1.1102230246251566e-17,0.003292181069958833,0.0016460905349794165,-0.002880658436214001,0.0012345679012345622,0.0020576131687242705,0.0016460905349794165,-0.0032921810699588438,0.0004115226337448541,0.0004115226337448541,-0.004526748971193428,-0.0020576131687242817,0.0004115226337448541,0.0012345679012345622,0.0012345679012345622,-0.00452674897119344
111,111,0.9176954732510288,0.9179340820070405,0.9109604605362824,0.9661414937130738,2.6610610987006598,1.294950753286186,1.7700930342552703,1.8831022968688347,0.47091607660932555,0.027160493827160535,0.01975308641975314,0.002880658436214034,-0.004526748971193395,0.004115226337448608,0.010699588477366318,0.0024691358024691913,0.02551440329218112,0.01687242798353914,-0.0016460905349793941,-0.003703703703703687,0.001646090534979472,-0.002057613168724259,-0.004115226337448541,-0.0032921810699588216,-0.003703703703703687,-0.0012345679012345622,-0.011111111111111061,-0.0024691358024691136,-0.005761316872427957,-0.005349794238683103,-0.011111111111111061,-0.005349794238683103,-0.005761316872427957,-0.009465020576131643,-0.0012345679012345401,-0.00905349794238679,-0.002057613168724259
112,112,0.9423868312757202,0.9423868312757202,0.9385121457489879,0.9913244650086755,2.528075880084749,1.789753752760322,0.7311612375431807,2.3557390204094606,0.3772414093652325,0.038271604938271656,0.05514403292181075,0.018930041152263433,0.0016460905349794496,0.007407407407407474,0.020576131687242826,0.006172839506172911,0.017695473251028836,0.0218106995884774,0.0028806584362140453,0.0024691358024691913,0.0008230452674897526,0.004938271604938338,0.0020576131687243147,0.004526748971193473,0.008230452674897182,0.00905349794238688,0.005349794238683159,0.0028806584362140453,0.0037037037037037646,0.002057613168724326,0.0012345679012345956,3.3306690738754695e-17,-0.0004115226337448319,0.004526748971193461,0.0069958847736626304,0.002469135802469169,0.008641975308642047
113,113,0.9218106995884774,0.9221671248216018,0.9162576687116564,0.9856595092024539,2.2123127473730038,1.1832169475975671,1.5628775012443732,2.7725290191742724,0.28237001534981904,0.016049382716049408,0.015226337448559701,0.003703703703703731,-0.013168724279835342,-0.0012345679012345512,-0.004115226337448541,0.0012345679012345622,-0.003703703703703687,-0.0024691358024691136,-0.0020576131687242705,-0.003703703703703687,-0.004938271604938249,-0.003703703703703687,-0.006995884773662519,-0.004115226337448541,-0.005761316872427957,-0.0012345679012345622,-0.0004115226337448541,-0.0024691358024691245,-0.0016460905349794165,-0.010699588477366207,-0.004526748971193395,-0.0004115226337448541,-0.008641975308641936,-0.0028806584362139785,-0.003292181069958833,-0.004938271604938249,-0.0024691358024691245
114,114,0.9588477366255144,0.9588477366255144,0.9556763461257843,0.9888370056909382,2.1691322219383036,1.770973428642723,1.8408470771967373,1.8444551160232383,0.2743881976658917,0.04032921810699584,0.01975308641975305,0.027572016460905336,0.0037037037037036757,0.020987654320987637,0.028395061728395045,0.007407407407407374,0.02510288065843621,0.03168724279835387,0.004115226337448541,0.008641975308641936,0.008230452674897082,0.008641975308641936,0.007407407407407385,0.0012345679012345622,0.008641975308641936,0.008641975308641936,0.006584362139917666,0.004115226337448541,0.011522633744855914,0.004526748971193395,0.00905349794238679,0.0028806584362139785,0.013168724279835342,0.005761316872427957,0.013580246913580207,0.0012345679012345622,0.013168724279835342
115,115,0.9259259259259259,0.9261142220912335,0.9216412383350614,0.9700044437861058,1.7429054989069317,2.144014765463604,1.6344035126756578,2.064674125921494,0.7977832593633963,0.02304526748971193,0.023868312757201658,0.011111111111111117,0.0016460905349794165,0.009053497942386824,0.007407407407407418,-0.0012345679012345622,0.018106995884773668,0.0049382716049382715,-0.0008230452674897082,0.0008230452674897082,0.0008230452674897082,0.004115226337448552,0.0020576131687242705,0.0004115226337448541,0.0008230452674897082,0.004115226337448552,0.0004115226337448541,0.0,0.004115226337448552,0.0012345679012345622,-0.0024691358024691245,-0.006995884773662519,-0.004115226337448541,0.0012345679012345622,0.004526748971193395,0.0008230452674897082,0.0012345679012345622
116,116,0.934156378600823,0.9345142776598059,0.932605421686747,0.9884789156626507,2.767128258123323,1.2877671259635817,1.3675160441335983,1.8055563929606866,0.1249633190223075,0.030452674897119315,0.00987654320987651,0.010288065843621385,-0.00823045267489717,0.0028806584362139564,0.004526748971193395,-0.003292181069958855,0.013580246913580219,0.009465020576131666,0.0008230452674896971,-0.002057613168724304,-0.006995884773662586,-0.0020576131687242705,-0.0016460905349794275,-0.0037037037037037203,-0.0004115226337448541,-0.007818930041152316,-0.011522633744856025,0.0,-0.007818930041152316,-0.0041152263374485635,-0.007407407407407462,-0.0016460905349794496,-0.004526748971193428,-0.0037037037037036978,-0.00905349794238689,-0.0004115226337448541,-0.00452674897119344
117,117,0.9629629629629629,0.9634209372771464,0.9696212731668009,0.9906526994359388,2.5286050249218897,1.196976104479799,1.7703340591033425,1.883448051276445,0.37040888573449715,0.03991769547325097,0.025925925925925873,0.023868312757201592,0.005761316872427957,0.008230452674897082,0.013580246913580184,0.003703703703703687,0.018106995884773602,0.010288065843621352,0.0008230452674897082,0.003292181069958833,0.0012345679012345622,0.0008230452674897082,0.0012345679012345622,0.0,0.0016460905349794165,0.005349794238683103,0.0008230452674897082,0.0016460905349794165,0.0,0.0,0.0012345679012345622,0.0008230452674897082,0.0008230452674897082,0.0012345679012345622,0.0012345679012345622,-0.0004115226337448652,0.006172839506172811
118,118,0.9382716049382716,0.9393089803192791,0.9508052147239264,0.988420245398773,2.1476921873520993,1.5517924702642834,1.6610032215612756,2.096522876716586,0.25449650580428035,0.02345679012345673,0.012345679012345623,0.01851851851851847,-0.0004115226337448874,0.005761316872427957,0.011111111111111061,0.0020576131687242705,0.001646090534979383,0.011111111111111061,0.000411522633744843,-0.0024691358024691913,0.0016460905349794165,-0.0028806584362140565,-0.0016460905349794607,0.0012345679012345512,-0.0008230452674897637,-0.004526748971193484,0.0016460905349794052,-0.0032921810699589214,-0.0004115226337448763,-0.002057613168724326,-0.0028806584362140565,-0.006172839506172911,-0.004115226337448608,-0.0004115226337448985,0.000411522633744843,-0.0016460905349794607,-0.001646090534979472
119,119,0.9711934156378601,0.9712977014459838,0.9724801061007957,0.9935897435897436,2.1751462246066233,0.9171270324518348,1.6192719551192165,2.2325449591777393,0.9511517317176429,0.031275720164609076,0.03950617283950621,0.016460905349794275,0.005349794238683136,0.007407407407407441,0.004938271604938283,0.00905349794238688,0.016460905349794275,0.013991769547325127,0.0049382716049383045,0.0012345679012345622,0.007407407407407462,0.009465020576131744,0.006995884773662586,0.003292181069958855,0.006995884773662564,-0.0004115226337448541,0.0041152263374485635,0.006172839506172878,0.0008230452674897082,0.0028806584362139785,0.0004115226337448541,0.006172839506172867,0.0057613168724280125,0.004938271604938283,0.004115226337448585,0.0004115226337448541,0.006584362139917721
120,120,0.9670781893004116,0.9672751915004771,0.9690950920245398,0.9932515337423312,2.350193729437372,1.7312978358750781,1.8665679593529363,1.8975339623633263,0.07482621223694265,0.042386831275720196,0.018518518518518566,0.023045267489711974,0.007407407407407485,0.012345679012345734,0.013168724279835443,0.006584362139917754,0.017695473251028836,0.014814814814814859,0.005349794238683192,0.006584362139917777,0.003703703703703776,0.0069958847736626304,0.007407407407407485,0.007407407407407485,0.007407407407407485,0.0012345679012346067,0.00246913580246918,0.006172839506172922,0.009876543209876609,0.007818930041152338,0.006172839506172922,0.003703703703703776,0.0069958847736626304,0.0032921810699588993,0.014814814814814859,0.006584362139917754,0.002057613168724326
121,121,0.9506172839506173,0.9509127872507159,0.9504601226993865,0.9870398773006135,2.2575161385773237,1.5065858732545117,1.8816737932999166,1.4735103951203339,1.2105480245461564,0.0345679012345679,0.007818930041152295,0.0028806584362139898,0.0020576131687242705,0.0004115226337448541,0.01316872427983542,0.0008230452674897082,0.023868312757201658,0.027160493827160504,0.0028806584362139898,0.005349794238683103,0.0020576131687242705,0.005761316872427957,-0.0008230452674897082,0.004526748971193395,0.0004115226337448541,-0.003292181069958833,0.0004115226337448541,0.0016460905349794165,-0.0004115226337448541,-0.0012345679012345622,0.005349794238683103,-0.0016460905349794165,-0.0012345679012345622,-0.0008230452674897082,0.005349794238683115,0.0008230452674897082,0.004526748971193395
122,122,0.9423868312757202,0.9429528257485247,0.9475516621743036,0.9848757112908056,2.6735038869724534,1.6443849398728951,1.7487416593499112,1.9164869892391245,-0.018412586393317346,0.036625514403292224,0.016872427983539127,0.013168724279835443,0.0012345679012345956,0.0016460905349794496,0.0032921810699589106,-0.004115226337448541,0.006995884773662619,0.001646090534979472,-0.013991769547325039,-0.004938271604938249,-0.004115226337448541,-0.006584362139917666,0.0012345679012346067,-0.003703703703703687,-0.0016460905349794052,-0.0012345679012345512,-0.004526748971193395,1.1102230246251566e-17,-0.0024691358024691245,-0.004526748971193395,-0.006172839506172811,-0.0004115226337448541,-0.0008230452674896971,-0.004938271604938249,-0.002057613168724259,-0.005761316872427957,0.0032921810699588993
123,123,0.9547325102880658,0.955101549929049,0.9597096726410902,0.976892312250037,1.630472175977382,1.6270834618840475,1.2054209794157482,2.317936085818087,0.5068851463031802,0.04238683127572016,0.028806584362139908,0.006584362139917676,0.00987654320987652,0.010288065843621385,0.006995884773662542,0.0012345679012345622,0.02716049382716048,0.011111111111111105,0.004938271604938249,0.004115226337448541,0.006995884773662519,0.006995884773662519,0.007818930041152227,0.0024691358024691245,0.006995884773662519,0.004115226337448541,0.004526748971193395,0.004526748971193395,0.0024691358024691245,0.0012345679012345622,0.00905349794238679,0.01069958847736624,0.006995884773662519,0.0028806584362139785,0.01275720164609052,-0.0016460905349794165,-0.003292181069958833
124,124,0.9300411522633745,0.9310026445574855,0.9382290562036055,0.9832601121042266,2.749354624254854,1.1840763858382022,1.1918301750746267,2.1333606455276857,0.7576467374183855,0.027572016460905336,0.011934156378600813,0.00864197530864197,0.005761316872427957,-0.0012345679012345733,0.007407407407407374,0.0008230452674897082,0.013991769547325084,0.006172839506172834,0.004115226337448541,0.005349794238683103,0.004115226337448541,0.006172839506172811,0.008641975308641936,0.004115226337448541,0.0004115226337448541,0.003292181069958833,0.003703703703703687,0.0,0.0024691358024691245,0.0,0.004938271604938249,0.003703703703703687,0.00781893004115224,0.004115226337448541,0.003703703703703687,0.0004115226337448541,0.0016460905349794165
125,125,0.9506172839506173,0.9511194070581043,0.9567018072289157,0.9819277108433735,2.21322143296502,1.6579087352749982,1.0570646558547412,2.5037387763096763,0.6219596609300885,0.030041152263374504,0.021399176954732514,0.015637860082304535,0.011934156378600857,0.009876543209876553,0.009465020576131699,-0.0004115226337448541,0.006584362139917699,0.0,-0.003292181069958833,0.0,-0.0008230452674897082,0.0020576131687242705,0.0016460905349794165,0.0028806584362139785,-0.0004115226337448541,0.006995884773662531,0.0,-0.004526748971193395,-0.0004115226337448541,0.0,0.003703703703703687,0.0024691358024691245,0.00781893004115225,0.0020576131687242705,0.004115226337448541,-0.003703703703703687,0.0016460905349794165
126,126,0.9629629629629629,0.9632330004423028,0.9684079964978841,0.9915365533343061,2.9615639682637536,1.075031643293714,1.7582199263447826,2.00865287654751,0.22949595296691316,0.035802469135802414,0.013991769547325051,0.019341563786008174,0.0008230452674897082,0.002057613168724237,0.005349794238683092,0.003292181069958833,0.008230452674897082,0.0024691358024691024,-1.1102230246251566e-17,0.0008230452674897082,0.0008230452674897082,-0.0004115226337448763,0.004526748971193395,0.0024691358024691245,-0.0004115226337448874,-0.0024691358024691913,0.0016460905349793941,0.0,0.0016460905349794165,0.0012345679012345622,0.0008230452674897082,-0.0016460905349794607,0.000823045267489686,0.0004115226337448541,-2.2204460492503132e-17,-0.004115226337448652,-0.0032921810699589214
127,127,0.9300411522633745,0.9304485336852389,0.9302608311229001,0.9846006483937518,2.381314616473606,1.7122366221584573,1.3843715722367091,1.7516238570594747,0.7011063112268342,0.02304526748971193,0.013991769547325084,0.016049382716049377,0.0012345679012345512,0.004115226337448552,0.01728395061728394,-0.0004115226337448541,0.012345679012345645,0.020164609053497963,-0.003292181069958833,0.0012345679012345622,0.0012345679012345622,0.0024691358024691245,0.0,0.0004115226337448541,0.0012345679012345622,-0.0032921810699588438,-0.0012345679012345733,0.0012345679012345622,-0.0004115226337448541,0.0004115226337448541,-0.0008230452674897082,0.0004115226337448541,0.0004115226337448541,-0.0004115226337448541,0.0032921810699588438,0.0004115226337448541,-0.0057613168724279795
128,128,0.9300411522633745,0.9304368234728874,0.9331436699857752,0.9797297297297298,1.6148842183200924,2.030509757222336,1.8105444952282488,2.266448821048378,0.17383874741005764,0.04279835390946503,-0.0008230452674897082,0.010288065843621375,-0.009465020576131699,0.0,0.004938271604938249,-0.0004115226337448541,0.021399176954732514,0.01728395061728396,0.003703703703703687,-0.005349794238683103,-0.0012345679012345622,-0.0028806584362139785,0.0024691358024691245,-0.003292181069958833,-0.0016460905349794165,0.0020576131687242705,0.0004115226337448541,-0.0020576131687242705,-0.0008230452674897082,-0.0024691358024691245,-0.00864197530864197,0.0020576131687242705,-0.00781893004115225,0.0028806584362139785,-0.0008230452674897082,-0.0012345679012345622,0.0020576131687242705
129,129,0.934156378600823,0.9349199266200604,0.938098178450139,0.9860296387774006,2.1097527492404913,1.2829855082598611,1.6319409556877675,2.2148825441213162,1.0315044118894123,0.02427983539094647,0.008230452674897092,0.02057613168724277,-0.005761316872428035,0.009465020576131643,-0.003703703703703731,0.0016460905349794165,0.007818930041152217,0.0004115226337448319,0.003703703703703687,-0.002880658436214001,0.0024691358024691245,0.004115226337448541,0.003703703703703687,0.0012345679012345622,-0.006995884773662586,-0.005761316872428002,-0.0008230452674897303,-0.003292181069958833,0.005349794238683103,0.0012345679012345622,-0.00823045267489716,-0.0004115226337448541,0.0024691358024691245,0.0004115226337448541,0.0008230452674896971,-0.002880658436214001,0.0016460905349794165
130,130,0.9382716049382716,0.9390063475078534,0.9469708191379055,0.9903717967708487,2.3877149661303707,1.4076130454489673,1.4555696162469156,1.8761951001078696,0.5940199296887255,0.016460905349794174,0.0057613168724279466,0.01193415637860078,-0.0032921810699589106,0.009465020576131643,0.008230452674897082,0.004526748971193395,0.008230452674897082,0.004938271604938249,-0.0004115226337448874,0.0028806584362139785,-0.0028806584362140565,0.004526748971193395,0.004115226337448541,-0.0004115226337448652,0.004938271604938249,0.005761316872427957,0.006995884773662519,0.004115226337448541,0.007407407407407374,0.003703703703703687,-0.007407407407407485,0.0037037037037036757,-0.0016460905349794607,0.003703703703703687,0.0037037037037036757,0.0,0.007407407407407374
131,131,0.9423868312757202,0.9425383101299426,0.9393894266567386,0.9746835443037976,1.8961516319791616,1.2259673693242117,2.121434766076361,2.838785608473916,0.3523924930654466,0.018106995884773713,0.03251028806584368,0.008641975308642025,0.004115226337448608,0.006584362139917743,0.013580246913580295,0.0004115226337448763,0.009053497942386902,0.015637860082304566,2.2204460492503132e-17,4.4408920985006264e-17,0.00246913580246918,0.004115226337448619,0.004526748971193484,0.007818930041152338,0.005349794238683192,0.010288065843621453,0.0008230452674897303,0.00534979423868317,0.0008230452674897415,0.005349794238683203,0.003703703703703776,0.004938271604938327,0.0016460905349794607,0.0004115226337448874,0.007407407407407485,0.004115226337448619,0.004938271604938338
132,132,0.9711934156378601,0.9713923672779399,0.9752688986517195,0.9912891986062718,2.4278199561860943,0.5149545242660475,2.2947590972649055,1.5843433648308793,0.8109461889374779,0.037448559670781936,0.026748971193415672,0.014403292181070004,-0.0004115226337448541,0.005349794238683148,0.022222222222222233,0.0037037037037036978,0.017283950617283984,0.023868312757201658,0.0,0.0032921810699588438,0.0004115226337448541,0.004526748971193428,0.005761316872428002,0.005761316872428002,0.003292181069958855,0.006584362139917732,-0.0008230452674897082,0.0057613168724280125,0.005349794238683136,0.005349794238683148,0.0012345679012345733,0.005349794238683148,0.0004115226337448541,-0.0024691358024691245,0.00823045267489716,0.004938271604938283,0.0024691358024691358
133,133,0.9753086419753086,0.9753086419753086,0.9735294117647059,0.996151053013798,1.7567371196329988,1.7042788497574728,1.3827559043540536,2.174634523354022,0.6551768127898763,0.04444444444444447,0.03209876543209879,0.017695473251028826,0.00864197530864197,0.010288065843621408,0.013991769547325106,0.007407407407407374,0.03497942386831278,0.026337448559670795,0.0012345679012345622,0.0065843621399176875,0.006995884773662531,0.0057613168724279795,0.011111111111111127,0.004938271604938249,0.005761316872427968,0.009053497942386846,0.004526748971193417,0.004115226337448541,0.0024691358024691358,0.003292181069958833,0.003292181069958855,0.006584362139917666,0.008230452674897115,0.0028806584362139785,0.00781893004115225,0.0028806584362139785,0.009876543209876543
134,134,0.9423868312757202,0.9426600587649278,0.9424182139699381,0.9879162982611258,2.634291949438305,1.812491725086,1.6087131443001104,1.9866266447245053,-0.02052306008472512,0.0341563786008231,0.021810699588477422,0.020576131687242826,0.006584362139917766,0.011111111111111172,0.009465020576131734,0.006995884773662609,0.022222222222222244,0.018930041152263433,0.0037037037037037533,0.0028806584362140453,0.0004115226337448763,0.004938271604938338,0.006584362139917743,0.00246913580246918,0.008230452674897193,0.002469135802469169,-0.0020576131687242484,0.0016460905349794607,0.0049382716049383045,0.005349794238683203,0.00534979423868317,0.0028806584362140453,0.0061728395061729,-0.0037037037037036757,0.009876543209876609,0.0032921810699589106,0.0028806584362140453
135,135,0.934156378600823,0.9352656040287067,0.9447552447552447,0.9833721833721834,1.7090231608603697,1.8758768411418156,1.6648904193660643,1.5688664150589413,1.0214040258878847,0.031687242798353873,0.014814814814814803,0.016049382716049353,0.005349794238683103,0.005761316872427957,0.00905349794238679,0.008641975308641936,0.0185185185185185,0.020987654320987627,0.007407407407407374,0.0028806584362139785,0.009876543209876498,0.0028806584362139785,0.007407407407407374,0.0028806584362139785,0.003703703703703687,0.010288065843621363,0.0008230452674897082,0.0012345679012345512,0.0020576131687242705,-0.0016460905349794275,0.0004115226337448541,0.0024691358024691245,0.003292181069958833,0.002057613168724259,0.007407407407407374,0.002057613168724259,0.00987654320987651
136,136,0.9300411522633745,0.9310026445574855,0.9382290562036055,0.9832601121042266,2.549075635954907,1.2554419583352163,0.6230721721810434,2.551753853723229,0.8172887130625689,0.014403292181069949,0.008230452674897092,0.011522633744855959,-0.003292181069958833,0.0,0.00987654320987653,0.0028806584362139785,0.01069958847736624,0.011111111111111082,0.0,0.0,0.0,0.0,0.0004115226337448541,0.0012345679012345622,0.0,-0.0012345679012345622,0.0004115226337448541,0.0,0.0,0.0,0.0,-0.0024691358024691245,-0.0008230452674897082,-0.0008230452674897082,0.0016460905349794165,0.0008230452674897082,0.0028806584362139785
137,137,0.9753086419753086,0.9754175324350763,0.9781482562381438,0.995622355172917,2.8093196549968855,1.8455719132260129,1.4697331171900834,1.340508617586611,0.17764168341912132,0.03580246913580247,0.01358024691358024,0.016872427983539117,0.005349794238683103,0.0037037037037036978,0.0004115226337448541,0.0,0.02304526748971194,0.009465020576131689,0.0,0.0074074074074073955,0.0004115226337448541,0.0024691358024691245,0.004115226337448541,0.0028806584362139785,0.0012345679012345622,0.005761316872427968,0.003292181069958833,0.0012345679012345622,0.0008230452674897082,0.0020576131687242705,0.006172839506172811,0.0004115226337448541,0.003292181069958833,0.0016460905349794165,0.0028806584362139785,0.0012345679012345622,0.004526748971193406
138,138,0.9423868312757202,0.9429726415677884,0.9475527108433734,0.983960843373494,2.241093616313918,0.9415112025465074,1.5220704971532355,2.8981096774851136,-0.1661514404986581,0.038271604938271656,0.029629629629629693,0.008641975308642035,0.0069958847736626304,-0.0004115226337448319,0.00823045267489716,0.004938271604938349,2.2204460492503132e-17,0.008230452674897182,-0.0004115226337448541,0.0028806584362140565,0.004526748971193484,0.0032921810699589214,0.008641975308642047,0.0008230452674897303,0.0012345679012345956,0.0008230452674897303,0.0037037037037037867,-0.000411522633744843,0.002057613168724326,0.0,2.2204460492503132e-17,0.0069958847736626304,0.011522633744856025,0.0012345679012345956,0.001646090534979472,0.003703703703703776,-0.002057613168724259
139,139,0.9629629629629629,0.9634209372771464,0.9696212731668009,0.9886381950040289,2.183303560374687,1.5870706108164399,1.0082183009429107,2.4197312626785883,0.7841970071871133,0.02633744855967073,0.02427983539094645,0.008230452674897082,0.0016460905349794052,0.0024691358024691136,0.0016460905349794165,0.004115226337448541,0.007818930041152227,0.02181069958847731,-1.1102230246251566e-17,0.0,0.0024691358024691245,0.0020576131687242705,0.006584362139917666,0.0,0.0012345679012345512,0.0024691358024691245,-1.1102230246251566e-17,0.0,-0.0012345679012345956,-0.0012345679012345956,0.003292181069958833,0.0,-0.0008230452674897303,0.0,-0.0004115226337448763,0.0008230452674897082,0.0012345679012345622
140,140,0.9588477366255144,0.9588477366255144,0.9560801041064199,0.9886495083863505,2.191606691199099,1.399859346497296,1.775353330812876,1.8091569748621041,0.6558400865114239,0.03786008230452671,0.023045267489711918,0.01646090534979422,0.004115226337448541,0.006995884773662519,0.010288065843621363,0.0,0.023045267489711918,0.0127572016460905,0.0008230452674897082,0.0008230452674897082,0.0012345679012345622,-0.0004115226337448541,0.0024691358024691245,0.0008230452674897082,0.0016460905349794165,0.0012345679012345622,0.003292181069958833,-0.0016460905349794165,0.0024691358024691245,0.0012345679012345622,0.003292181069958833,0.0028806584362139785,0.0,0.004115226337448541,0.0012345679012345622,0.0004115226337448541,-0.0024691358024691245
141,141,0.9629629629629629,0.9633938727366123,0.9720496894409938,0.9923496439933344,2.3535759688454183,1.6726982930620788,2.0141587588835947,1.7677408597205546,0.1008148598652645,0.013580246913580184,0.02263374485596704,0.004526748971193384,0.009876543209876498,0.003703703703703687,0.01769547325102876,0.0004115226337448541,0.006172839506172811,0.005761316872427957,0.0020576131687242705,0.0004115226337448541,0.006172839506172811,0.003703703703703687,0.003703703703703687,0.006172839506172811,0.005761316872427957,0.0016460905349794052,0.0024691358024691245,0.0028806584362139785,0.004526748971193395,0.003703703703703687,0.004115226337448541,0.004115226337448541,0.003703703703703687,0.0020576131687242705,0.008230452674897082,0.0024691358024691245,0.002057613168724259
142,142,0.9423868312757202,0.9430549357925531,0.9474760728619944,0.9803951836986724,2.6750812022346127,1.2348320857964297,1.2375932528960427,1.7660387767843202,0.9373831323314771,0.03004115226337454,0.020987654320987682,0.020987654320987693,0.007407407407407474,0.010699588477366318,0.01399176954732515,0.0020576131687243147,0.018930041152263422,0.025102880658436265,0.0024691358024691913,2.2204460492503132e-17,0.004115226337448608,0.006172839506172911,0.0016460905349794607,0.003703703703703776,0.006172839506172878,0.0037037037037037533,0.0037037037037037424,-0.0008230452674896748,0.004526748971193484,0.00246913580246918,0.005761316872428058,0.005349794238683181,0.0016460905349794607,0.004115226337448619,0.0012345679012345956,-0.0020576131687242484,0.005761316872428024
143,143,0.9465020576131687,0.9466197278713645,0.946969696969697,0.9802188552188552,2.784838250072664,1.1967287798043524,1.764754494668512,2.197173791939499,-0.3917120689669698,0.022633744855967086,0.04732510288065844,0.03621399176954735,0.007407407407407451,0.01111111111111116,0.02757201646090539,0.0057613168724280125,0.01028806584362144,0.02469135802469139,0.007407407407407429,0.0016460905349794275,0.005349794238683159,0.004938271604938293,0.007818930041152295,0.007407407407407441,0.006584362139917721,0.013168724279835443,0.0037037037037036978,0.0016460905349794165,0.009465020576131734,0.006995884773662609,0.004526748971193428,0.0049382716049382715,0.0028806584362139898,1.1102230246251566e-17,0.01316872427983543,0.006995884773662586,0.008641975308642002
144,144,0.9753086419753086,0.9754518072289157,0.978395061728395,0.993979576284103,3.4472437778314458,0.9565396190528773,1.7105658165500228,2.3611601492310124,-0.7622406023192386,0.038683127572016474,0.03168724279835391,0.018518518518518524,0.0074074074074073955,0.003292181069958833,0.008230452674897115,0.0,0.012345679012345711,0.0049382716049382715,0.0,-0.0016460905349794165,0.0,0.0,0.0016460905349794165,0.0008230452674897082,0.0004115226337448541,0.0016460905349794165,0.0,-0.003292181069958833,-0.0008230452674897082,0.0,0.0,0.0008230452674897082,0.0008230452674897082,0.0,0.0024691358024691245,0.0,-0.0008230452674897082
145,145,0.9465020576131687,0.9468331736335297,0.9505376344086022,0.983225806451613,2.14007726630259,1.4566311204315063,2.0648994800336835,2.0885163332655474,0.5060300650229349,0.034567901234567947,0.024279835390946525,0.012757201646090566,-0.0024691358024691245,0.005761316872428002,0.00905349794238688,0.010288065843621453,0.00905349794238688,0.014814814814814859,0.0012345679012345733,0.002880658436214001,0.0004115226337448541,0.0016460905349794165,1.1102230246251566e-17,0.0,0.0020576131687242817,0.015637860082304566,0.0028806584362139898,0.003703703703703709,0.003292181069958866,0.006172839506172867,-0.0028806584362139785,-0.000411522633744843,-0.003292181069958833,-0.003292181069958833,0.003703703703703709,-0.0008230452674897082,0.012345679012345723
146,146,0.9711934156378601,0.9714453574689375,0.9779874213836478,0.9897424378556454,2.047420911066888,1.160242413098922,1.6740695404819685,2.682177227856449,0.37244300086342536,0.02962962962962965,0.04032921810699591,0.023045267489711963,0.007818930041152328,0.0069958847736625975,0.005349794238683159,0.0024691358024691245,0.01193415637860088,0.00864197530864198,0.003292181069958855,0.004115226337448552,0.005349794238683136,0.003292181069958855,0.009465020576131754,0.0008230452674897082,0.0037037037037036978,-0.0028806584362139785,0.0041152263374485635,0.0008230452674897082,0.0016460905349794165,0.0024691358024691358,0.006995884773662609,0.0028806584362139898,0.005761316872428002,0.004938271604938283,0.0049382716049383045,0.0012345679012345733,0.0020576131687242705
147,147,0.9670781893004116,0.9673685638597919,0.9743589743589743,0.9881373415856174,2.4407125312695395,1.9088244114385025,1.7782430950430816,1.7709869400335578,-0.023539900106499576,0.04485596707818932,0.03868312757201651,0.021399176954732545,0.011111111111111172,0.01399176954732515,0.009465020576131754,0.004115226337448652,0.025102880658436265,0.02716049382716055,0.008641975308642047,0.004115226337448652,0.004526748971193506,0.00493827160493836,0.005349794238683203,0.0008230452674897303,0.006584362139917777,0.010699588477366318,0.006172839506172911,0.0008230452674897303,0.006172839506172922,0.0032921810699589106,0.004115226337448652,0.0020576131687243373,0.004115226337448652,0.004526748971193506,0.004938271604938327,0.0032921810699589106,0.0069958847736626304
148,148,0.9300411522633745,0.9301285606537482,0.9251768346595932,0.9818007662835249,2.1407575784361264,1.5326841151509685,1.9241915060259154,1.9099128775577079,0.30805742838221195,0.04115226337448559,0.02716049382716047,0.02427983539094648,0.009465020576131656,0.004115226337448552,0.021810699588477356,0.010288065843621375,0.018106995884773668,0.011111111111111082,0.003703703703703687,0.0028806584362139785,0.009465020576131643,0.0012345679012345622,0.009876543209876498,0.003703703703703687,0.005761316872427957,0.005349794238683103,0.010288065843621363,0.0,0.0037037037037036978,0.004938271604938249,0.005349794238683103,0.0028806584362139785,0.0028806584362139785,0.0016460905349794165,0.008230452674897104,0.004526748971193395,0.0016460905349794165
149,149,0.9711934156378601,0.9712306547541013,0.969819286031699,0.9926677529254925,2.890091978585727,1.6703907525808694,1.6953031052164822,1.558349311637418,0.19471825902410284,0.016049382716049408,0.009053497942386867,0.004938271604938293,-0.007407407407407374,-0.0012345679012345622,0.008641975308642014,0.0004115226337448541,0.009465020576131734,0.01810699588477368,0.0,-0.0016460905349794165,-0.0008230452674897082,-0.004526748971193395,0.0028806584362139785,-0.0020576131687242705,-0.004526748971193395,-0.0016460905349794165,-0.003703703703703687,-0.0016460905349794165,-0.003703703703703687,-0.003292181069958833,-0.003703703703703687,-0.0008230452674897082,-0.003703703703703687,-0.0004115226337448541,-0.0016460905349794165,-0.0024691358024691245,0.0008230452674897082
150,150,0.9588477366255144,0.959252716062088,0.9628900094547747,0.9886542704065553,2.69434844462997,1.0337552659934264,1.7213303941660254,2.2630733915663748,0.029640581943720764,0.023045267489711908,0.02551440329218103,0.01769547325102877,0.0012345679012345622,0.004115226337448541,0.013991769547325072,-0.0008230452674897082,0.01193415637860078,0.025925925925925887,-0.0028806584362139785,-0.004938271604938283,0.005761316872427957,0.003292181069958833,-0.0032921810699588438,0.0,0.0016460905349794165,0.004938271604938249,-0.0020576131687242705,-0.0008230452674897082,0.003703703703703687,-0.007818930041152328,-0.0016460905349794165,0.0020576131687242705,0.003292181069958833,0.0008230452674896971,0.0004115226337448541,-0.0004115226337448541,-0.004938271604938293
151,151,0.9506172839506173,0.9510691519406117,0.956524959265294,0.9800770256258332,2.793682633761561,1.733989136277386,1.5173047005210833,1.7309329040300419,0.27061827330045124,0.02304526748971194,0.024691358024691367,0.018518518518518535,0.012345679012345689,0.00864197530864198,0.02016460905349795,0.009465020576131699,0.015226337448559701,0.016460905349794254,0.009053497942386824,0.006995884773662519,0.009053497942386834,0.0008230452674897082,0.006995884773662553,0.004115226337448541,0.003703703703703687,0.006995884773662553,0.003703703703703687,0.006995884773662531,-0.004938271604938249,0.004938271604938249,0.004526748971193417,0.010288065843621408,0.004526748971193395,0.0024691358024691245,0.013580246913580275,0.011522633744856015,0.007407407407407407
152,152,0.9382716049382716,0.9389657303912397,0.9444277108433735,0.9783885542168674,1.9012380450040414,1.7423982700543859,1.5036343919086208,1.8130385399857862,1.1885678885308937,0.03744855967078183,0.01975308641975304,0.01851851851851848,0.006584362139917666,0.008230452674897082,0.00905349794238679,0.004115226337448541,0.02839506172839502,0.012345679012345633,0.008230452674897082,0.004526748971193395,0.006584362139917666,0.008641975308641936,0.0028806584362139564,-0.0020576131687243373,0.010699588477366207,0.0032921810699588216,0.0028806584362139785,0.003292181069958833,0.003292181069958833,-0.002057613168724326,0.0024691358024691136,0.0032921810699588216,0.004115226337448541,0.004938271604938249,0.005349794238683103,0.0008230452674896971,0.0012345679012345178
153,153,0.9465020576131687,0.9471244828417732,0.9536433873655507,0.9765187092864718,2.720747384323007,1.4732603782010676,1.512516821394422,1.6347886738455757,0.3952601543129568,0.016460905349794275,0.018930041152263388,0.020164609053497963,0.006584362139917732,0.012757201646090555,0.023456790123456795,0.00823045267489716,0.01399176954732514,0.021810699588477412,0.0028806584362139898,0.008230452674897148,0.004938271604938283,0.0057613168724280125,-0.0012345679012345512,0.00452674897119344,0.008641975308642035,0.004115226337448552,0.0012345679012345846,0.003292181069958866,0.005349794238683136,0.007818930041152305,0.006995884773662586,0.004938271604938293,0.004115226337448585,-0.0024691358024691136,0.013580246913580295,0.0024691358024691466,0.004115226337448585
154,154,0.9547325102880658,0.955354652360726,0.9658385093167702,0.9853810028783517,2.1088097372814385,1.5532437877164298,1.4525035403199194,1.9992046187027046,0.5422081729985366,0.043621399176954734,0.01728395061728394,0.022633744855967076,0.0016460905349794165,0.006584362139917676,0.007407407407407385,0.0008230452674897082,0.013580246913580219,0.008230452674897092,-0.0020576131687242705,0.0024691358024691245,0.005349794238683103,0.0016460905349794165,0.0020576131687242705,0.0028806584362139785,0.005761316872427957,0.003703703703703687,0.003292181069958833,-0.003292181069958833,0.0028806584362139785,0.003703703703703687,-0.0028806584362139785,0.0024691358024691245,0.0004115226337448541,-0.0028806584362139785,0.004115226337448541,0.003292181069958833,0.004938271604938249
155,155,0.9547325102880658,0.9545131075337066,0.9444444444444444,0.9912360920591374,2.2209626262185385,1.806870975076478,2.0798469245172386,1.7925800889659254,0.20680179448812772,0.023456790123456795,0.03086419753086419,0.01646090534979422,0.008230452674897082,0.004938271604938249,0.0037037037037036978,0.004938271604938249,0.02304526748971193,0.01275720164609051,0.0012345679012345622,0.004526748971193395,0.0020576131687242705,0.011934156378600791,0.0028806584362139785,0.0024691358024691245,0.009465020576131656,0.005761316872427957,0.0028806584362139785,0.0008230452674897082,0.0016460905349794165,0.0024691358024691245,0.004526748971193395,0.0004115226337448541,0.004938271604938249,0.0028806584362139785,0.004526748971193395,0.0008230452674897082,0.003703703703703687
156,156,0.934156378600823,0.934882314999274,0.9411568656495335,0.9732632202636646,2.207637793995352,1.3238908154198177,1.7041575750073614,1.7246304393743275,1.1655746142812167,0.033744855967078144,0.0518518518518518,0.013991769547325072,0.003292181069958833,0.0008230452674897082,0.01481481481481477,0.003292181069958833,0.02633744855967076,0.02139917695473248,-0.0008230452674897303,0.0016460905349794052,-0.0012345679012345622,-0.0012345679012345733,0.0008230452674897082,-0.0020576131687242926,0.008230452674897082,0.0008230452674897082,-0.0004115226337448541,-1.1102230246251566e-17,0.0016460905349794165,-0.0008230452674897082,0.0012345679012345512,-0.006584362139917721,0.007407407407407374,-0.004526748971193417,0.0012345679012345622,-0.0020576131687242705,0.009876543209876498
157,157,0.9423868312757202,0.9431202504481305,0.9473290261582099,0.980854081311062,2.853984446382382,1.8113673505839294,1.3677271665829844,1.8239166715982253,0.25077928576897324,0.027160493827160535,0.01769547325102886,0.00905349794238689,-0.000411522633744843,-0.0024691358024691024,0.006584362139917754,0.0,0.004938271604938316,0.0061728395061729,-0.0004115226337448541,-0.0008230452674897082,0.0,-0.0004115226337448541,0.0028806584362140565,0.0,-0.0008230452674897082,0.0008230452674897526,-0.0008230452674897082,-0.0028806584362139676,0.0004115226337448652,-0.0004115226337448541,-0.0012345679012345622,0.0004115226337448652,-0.0008230452674897082,-0.0004115226337448541,-0.0008230452674896971,-0.0008230452674897082,0.0004115226337448652
158,158,0.9506172839506173,0.9512459289555405,0.9569019855026788,0.9873936337850614,2.0523944134283907,2.4662096822175203,0.8230754396020505,2.276850559310403,-0.010622914653264398,0.023868312757201648,0.021810699588477377,0.007818930041152273,0.006995884773662564,0.003703703703703709,0.0057613168724279795,0.0008230452674897082,0.015637860082304555,0.0004115226337448652,-0.006584362139917666,0.0012345679012345622,0.0012345679012345622,0.003703703703703687,-0.0004115226337448541,0.006172839506172823,0.003703703703703687,0.003703703703703687,-0.0008230452674897082,0.0024691358024691245,0.006172839506172823,0.005761316872427957,0.006172839506172823,-0.0004115226337448541,0.0016460905349794165,-0.003292181069958833,0.00493827160493826,0.0012345679012345622,-0.0020576131687242705
159,159,0.9382716049382716,0.9384872774557294,0.9368768328445747,0.9750733137829912,2.6492584951219555,1.193666345820687,1.4661995935219558,2.3756050564797406,0.23303196506400708,0.044032921810699524,0.043621399176954664,0.018106995884773623,0.0008230452674896971,0.006584362139917655,0.019341563786008174,0.005761316872427957,0.014814814814814758,0.01563786008230448,0.004115226337448541,0.0012345679012345512,0.0,0.0008230452674897082,0.006995884773662519,-0.0008230452674897303,0.006172839506172811,0.006172839506172811,0.004526748971193395,0.0008230452674896971,0.0016460905349794165,0.0,0.003292181069958833,0.004526748971193384,-0.0008230452674897415,0.0028806584362139785,0.004938271604938227,0.0004115226337448541,0.009876543209876498
160,160,0.9629629629629629,0.963290087473094,0.9657764273148889,0.994882456420918,2.206839252719276,1.3250085797808429,1.4629564721773736,2.304366703290166,0.5970815692993848,0.03456790123456784,0.02345679012345674,0.011522633744855914,0.009465020576131643,0.0008230452674896748,0.01481481481481477,0.003703703703703687,0.014403292181069893,0.008641975308641936,0.004526748971193395,0.0024691358024691245,0.004115226337448541,-0.0008230452674897526,0.007818930041152227,0.000823045267489686,0.0028806584362139676,-0.0008230452674897415,-3.3306690738754695e-17,-0.0028806584362140565,0.0004115226337448541,-1.1102230246251566e-17,0.006995884773662519,0.0008230452674897082,0.005349794238683103,-0.0004115226337448652,0.002057613168724259,-0.007407407407407485,0.0028806584362139785
161,161,0.9094650205761317,0.910204876321961,0.9119728586020721,0.9702320151758353,2.798711706732906,1.5146945849896603,1.3223114380251633,1.5131103923452378,0.416238321944505,0.0304526748971193,0.020987654320987627,0.004526748971193384,-0.009465020576131722,-0.0032921810699588993,0.020576131687242795,0.003292181069958833,0.01563786008230449,0.014403292181069916,-0.004115226337448585,-0.00823045267489717,0.006995884773662519,0.0020576131687242705,0.0008230452674896971,-0.0024691358024691466,0.003703703703703687,0.003703703703703687,-0.0008230452674897303,-0.0012345679012345733,0.002057613168724259,-0.003292181069958855,-0.0028806584362139898,0.0020576131687242705,-0.005761316872428002,0.0016460905349794165,0.004938271604938249,0.0004115226337448541,0.009465020576131656
162,162,0.9423868312757202,0.942894986754636,0.9475022104332449,0.9873268493958149,2.650936316463249,1.764968053937731,1.7502440085358606,1.2757090087507281,0.4394828945630263,0.022222222222222265,0.011111111111111172,0.011522633744856015,-0.0028806584362139676,-0.0008230452674896748,0.0028806584362140453,-0.0008230452674896971,0.013168724279835443,0.008641975308642014,-0.0020576131687242705,0.002057613168724304,-0.0012345679012345512,3.3306690738754695e-17,0.002057613168724326,-0.0016460905349793941,0.0004115226337448985,0.0020576131687243373,-0.0028806584362139785,-0.007818930041152227,-0.0004115226337448319,-0.0012345679012345622,-0.006172839506172811,-0.004938271604938238,-0.007818930041152227,-0.0028806584362139564,-0.0012345679012345401,-0.0028806584362139785,0.0037037037037037533
163,163,0.934156378600823,0.934156378600823,0.9239555625097793,0.9827882960413081,2.531537557950441,1.4544993946826166,1.53592867999827,2.0821594194357416,0.4617728799084469,0.02139917695473247,0.03456790123456786,0.008641975308641947,0.0012345679012345622,0.003292181069958833,-0.0016460905349794496,-0.0008230452674897082,0.005349794238683103,0.007407407407407385,-0.0012345679012345733,0.0016460905349794165,-0.0012345679012345733,-0.0008230452674897082,-0.0016460905349794165,-0.0016460905349794386,-0.0032921810699588438,-0.0008230452674897082,-0.0012345679012345733,0.0020576131687242705,-0.0004115226337448541,0.0020576131687242705,0.003703703703703687,-0.0012345679012345622,0.003703703703703687,0.0012345679012345622,-0.002880658436214001,-0.0012345679012345733,-0.006172839506172867
164,164,0.9629629629629629,0.9632187579287796,0.9660657476139979,0.9915921830025753,1.9612258316834172,1.2979347712083773,1.471649484472771,2.8208801475448118,0.4914715340632029,0.02345679012345674,0.015226337448559602,0.010699588477366207,0.010288065843621352,0.007407407407407374,0.018106995884773602,0.0008230452674897082,0.006172839506172811,0.010699588477366207,0.0008230452674897082,0.0016460905349794165,0.0028806584362139785,0.0008230452674896971,0.002057613168724259,0.0016460905349794165,0.004938271604938249,0.001646090534979383,0.005349794238683103,0.003703703703703687,0.006172839506172811,0.003292181069958833,0.004115226337448541,-0.0004115226337448874,0.003292181069958833,0.0012345679012345512,0.006172839506172811,0.0016460905349794165,0.0012345679012345512
165,165,0.9506172839506173,0.950726174410385,0.9493464052287581,0.9843863471314451,1.7414302695719117,1.7545964774950626,1.3628097536413364,2.663616810450759,0.4901664710566429,0.025925925925925918,0.021399176954732535,0.004526748971193406,0.003292181069958833,0.0057613168724279795,0.012757201646090555,-0.0016460905349794165,0.009876543209876543,0.017695473251028826,0.003703703703703687,-0.0012345679012345622,0.0004115226337448541,-0.003292181069958833,0.0028806584362139785,0.0016460905349794165,-0.0024691358024691245,0.0020576131687242705,0.003292181069958833,-0.003292181069958833,0.003292181069958833,0.0,-0.0024691358024691245,-0.003703703703703687,0.0,0.004526748971193395,-0.0004115226337448541,0.0,0.003703703703703687
166,166,0.9423868312757202,0.9428565737906351,0.944553855476443,0.9779578851689137,2.84110301525209,1.5606288974825455,1.874560581334119,1.7680336469322349,0.1118025215567732,0.026748971193415693,0.02716049382716055,0.028806584362139953,-0.0004115226337448208,0.013580246913580295,0.014814814814814859,0.003703703703703776,0.01399176954732515,0.011111111111111172,-0.006584362139917666,-0.000823045267489686,0.002469135802469169,0.0032921810699589106,-0.004938271604938238,-0.0008230452674896971,0.001646090534979472,0.0012345679012346067,-0.0012345679012345401,-0.0028806584362139785,0.0,-0.003703703703703687,0.001646090534979472,0.004115226337448608,3.3306690738754695e-17,0.0012345679012346067,-0.0016460905349794165,-0.0024691358024691245,0.004115226337448619
167,167,0.9465020576131687,0.9473962472331123,0.9574929089190041,0.9873936337850615,3.0627983229318305,1.7732241650975715,1.6933938932699566,0.9255776359577467,0.48710381759271115,0.03703703703703708,0.01316872427983543,0.014403292181069994,0.0016460905349794165,0.007407407407407429,0.008641975308642014,0.0004115226337448541,0.025102880658436223,0.014403292181069994,0.0,0.0,-0.0004115226337448541,-0.0020576131687242705,0.0004115226337448541,0.0,0.0004115226337448541,0.0004115226337448541,-0.003292181069958833,-0.004526748971193395,0.0004115226337448541,0.0,0.0008230452674897082,-0.0028806584362139785,0.0,-0.0016460905349794165,0.0024691358024691245,-0.0020576131687242705,-0.0016460905349794165
168,168,0.9506172839506173,0.9506172839506173,0.9472961249277039,0.9906737998843262,2.3597002400674336,1.9484810986545902,1.096535169454235,1.5278325566344835,0.675870352216407,0.024691358024691357,0.030041152263374483,0.021399176954732514,-0.0004115226337448541,0.0028806584362139785,-0.0074074074074073955,0.0020576131687242705,0.019753086419753107,0.012757201646090543,-0.0028806584362139785,-0.0028806584362139785,0.0020576131687242705,0.0004115226337448541,-0.0008230452674897082,-0.0016460905349794165,-0.003292181069958833,-0.0020576131687242705,-0.0028806584362139785,-0.0024691358024691245,-0.0012345679012345622,-0.0020576131687242705,-0.009465020576131643,-0.0012345679012345622,-0.004938271604938249,-0.004526748971193395,0.0004115226337448541,-0.0020576131687242705,-0.0020576131687242705
169,169,0.9506172839506173,0.9508622861660628,0.953805120910384,0.9894736842105263,2.529566645531289,1.628345349211686,1.8075536584164786,1.4716050403072056,0.5822693665411853,0.022222222222222233,0.016872427983539117,0.0049382716049382715,0.00781893004115226,0.003292181069958855,0.010288065843621418,0.006584362139917666,0.022222222222222233,0.016049382716049398,0.0024691358024691245,0.0028806584362139785,0.003703703703703687,0.0024691358024691245,0.004115226337448541,0.0008230452674897082,0.004526748971193417,0.00493827160493826,0.0012345679012345622,0.0012345679012345622,0.0024691358024691245,0.0012345679012345622,0.00493827160493826,0.0020576131687242705,0.011522633744856004,-0.0028806584362139785,0.003292181069958833,0.0028806584362139785,0.004115226337448541
170,170,0.9423868312757202,0.9426504209365503,0.942558651026393,0.9859970674486803,1.880190728950518,1.2504150267764453,1.8155465695654929,1.7480099915253837,1.2133301052782457,0.026748971193415662,0.012345679012345734,0.016460905349794285,0.005349794238683181,0.00534979423868317,0.012345679012345723,0.0008230452674897303,0.015226337448559724,0.012757201646090566,-0.0012345679012345401,-0.0024691358024691245,-0.003703703703703687,-0.004526748971193395,2.2204460492503132e-17,0.0016460905349794607,-0.0037037037037036757,3.3306690738754695e-17,0.001646090534979472,-0.0037037037037036757,-0.0037037037037036757,0.006584362139917766,-0.00905349794238679,0.006995884773662619,-0.0004115226337448319,-0.003703703703703687,-0.00411522633744853,-0.0012345679012345401,0.009053497942386902
171,171,0.9506172839506173,0.9508683455043608,0.9511541325390915,0.978481012658228,2.0845994824564738,2.000897901758933,1.7085975061180445,1.693668350293725,0.5853360360567992,0.03004115226337446,0.023868312757201637,0.015637860082304545,0.011111111111111105,0.0057613168724279795,0.023868312757201658,0.006584362139917676,0.01522633744855969,0.019753086419753096,0.0004115226337448541,0.0024691358024691245,0.0028806584362139785,0.0012345679012345622,0.011934156378600846,0.004526748971193395,0.006172839506172834,0.00781893004115225,0.010288065843621418,0.0024691358024691245,0.003292181069958833,0.0020576131687242705,0.005349794238683125,0.004115226337448541,0.0057613168724279795,0.004526748971193406,0.004115226337448541,0.0016460905349794165,0.010288065843621418
172,172,0.9547325102880658,0.954938861738822,0.9535276073619632,0.9878834355828221,2.285030046010878,1.686972180227621,1.4336526627497157,1.8427133052664977,0.6213020626409381,0.021399176954732514,0.039094650205761305,0.01069958847736624,0.007407407407407374,0.00493827160493826,0.008641975308641947,0.0020576131687242705,0.01193415637860078,0.008230452674897104,0.0020576131687242705,0.0,0.0012345679012345622,0.008230452674897082,-0.0004115226337448541,0.004526748971193395,0.0012345679012345622,0.009053497942386812,-0.0020576131687242705,-0.003292181069958833,0.003292181069958833,0.0020576131687242705,0.005761316872427957,-0.0020576131687242705,0.0016460905349794165,0.0008230452674897082,0.007407407407407374,-0.005761316872427957,0.007407407407407385
173,173,0.9670781893004116,0.9671454489136687,0.9671393607831846,0.9922977253095306,1.9864437986441439,2.321824691725477,1.3057650749620304,2.2337875652185804,-0.2601084710317382,0.02757201646090538,0.03045267489711938,0.023045267489711974,0.011522633744856004,0.007818930041152316,0.008641975308642035,0.0037037037037037533,0.01687242798353914,0.01316872427983543,-0.0024691358024691245,0.001646090534979472,-0.0008230452674896748,-0.0004115226337448319,-0.000823045267489686,0.0016460905349794607,0.0037037037037037533,0.0004115226337448874,0.002057613168724326,0.0016460905349794607,4.4408920985006264e-17,0.001646090534979472,0.0008230452674897637,2.2204460492503132e-17,0.0012345679012346177,-0.0004115226337448319,0.0004115226337448985,-0.0016460905349794052,-0.00411522633744853
174,174,0.9588477366255144,0.9591342764033527,0.9591666666666667,0.9835714285714285,1.8852193213460746,1.9124523255056838,1.851204777433628,1.7439416006731772,0.703407570211733,0.02427983539094646,0.03004115226337446,0.01563786008230448,0.005349794238683103,0.003703703703703687,0.023045267489711897,0.007407407407407374,0.013168724279835342,0.013991769547325061,0.004115226337448541,-0.0012345679012345622,0.0004115226337448541,-0.0004115226337448652,0.004938271604938249,0.0020576131687242705,0.003292181069958833,0.007407407407407374,0.004526748971193395,0.003292181069958833,-0.0024691358024691245,0.003292181069958833,0.0008230452674896971,0.003292181069958833,0.0020576131687242705,-0.0016460905349794165,0.004115226337448541,0.0008230452674897082,0.010288065843621352
175,175,0.9300411522633745,0.9301057162900371,0.9274893314366999,0.9816500711237554,2.5673498806622073,1.5072196122754784,1.5857865879888098,1.9983709157395924,0.4286950044676198,0.028806584362139887,0.03127572016460902,0.028806584362139908,-0.0020576131687242705,0.0024691358024691466,0.009465020576131666,0.005761316872427957,0.012345679012345668,0.02427983539094649,0.007818930041152227,0.004938271604938249,0.0004115226337448541,0.007818930041152227,0.0028806584362139785,0.004526748971193395,0.0008230452674897082,0.003703703703703687,-0.0020576131687242705,0.006995884773662519,0.007818930041152227,0.004526748971193395,0.003703703703703687,0.0024691358024691245,0.0012345679012345622,0.0,0.004526748971193395,-0.0020576131687242705,0.008230452674897082
176,176,0.9547325102880658,0.9549239667605456,0.9571834992887625,0.9916073968705548,2.9713111559688996,0.8152672426917787,1.3426468597908294,1.8486384456125309,0.5641060645606363,0.032098765432098754,0.02345679012345677,0.015226337448559678,0.013168724279835375,0.006584362139917666,0.011522633744855959,0.006172839506172811,0.013580246913580219,0.015226337448559668,-0.0016460905349794165,0.004526748971193395,0.006584362139917666,0.0016460905349794165,0.012345679012345645,-0.0020576131687242705,0.009876543209876498,0.0016460905349794165,0.0020576131687242705,0.0008230452674897082,0.0016460905349794165,0.0,0.007407407407407374,0.0024691358024691245,0.008230452674897082,0.005349794238683103,0.005761316872427957,0.0028806584362139785,0.004115226337448541
177,177,0.9300411522633745,0.9308426920830021,0.9378868258178603,0.980106100795756,2.653886661739956,1.6766215374181723,1.0879723379693154,1.4275575525734925,1.3985026793050928,0.03086419753086419,0.028806584362139908,0.012345679012345656,0.0024691358024691245,0.004115226337448541,0.010288065843621385,0.007818930041152227,0.01728395061728395,0.026748971193415638,-0.0020576131687242705,0.00905349794238679,0.008230452674897082,0.005349794238683103,0.010288065843621352,0.004938271604938249,0.008230452674897092,0.011111111111111094,0.003703703703703687,-0.004115226337448541,0.00987654320987651,-0.003292181069958833,0.004115226337448541,0.00781893004115225,0.0028806584362139785,0.004938271604938249,0.009465020576131656,-0.0016460905349794165,0.01069958847736625
178,178,0.9629629629629629,0.9630228000777882,0.959439641864773,0.9931305958629206,2.1257015079440147,1.1845905415081124,0.9364119695973933,2.9831754219925832,0.6279959980583506,0.034156378600823004,0.034156378600823004,0.015637860082304465,0.005349794238683103,0.0016460905349794052,0.010699588477366207,0.0,-0.0004115226337448985,0.00411522633744853,0.004115226337448541,0.0,0.0,0.0020576131687242705,0.0024691358024691245,-0.0004115226337448652,-0.0012345679012346067,0.006995884773662519,0.0,0.003292181069958833,-0.0004115226337448652,0.0004115226337448541,0.0024691358024691136,0.004115226337448541,0.004115226337448541,-1.1102230246251566e-17,-1.1102230246251566e-17,-0.0008230452674897303,0.0008230452674897082
179,179,0.9423868312757202,0.9426315172068125,0.9428104575163399,0.9841684822076979,2.2738680053072344,1.4899431807855714,1.642588611374848,2.284032227253326,0.1875997174666115,0.03456790123456795,0.020164609053497984,0.018106995884773693,-0.002057613168724259,0.005349794238683181,0.014403292181070015,0.0037037037037037646,0.019341563786008254,0.012345679012345723,0.0020576131687243373,0.0012345679012346067,0.0008230452674897303,0.0020576131687243147,0.004526748971193484,-0.0012345679012345401,0.005761316872428046,0.0032921810699588993,0.006995884773662619,0.0004115226337448763,0.0037037037037037533,0.0012345679012346067,0.007407407407407474,0.007818930041152338,0.004526748971193495,0.004526748971193473,0.004526748971193473,0.0008230452674897415,-0.002057613168724259
180,180,0.9629629629629629,0.9631017880535565,0.9634498592801066,0.989334913346171,1.5994450439207393,1.532104160999353,1.8157470436111027,2.0561054031100583,0.7094145067230327,0.025925925925925863,0.03374485596707814,0.02510288065843619,0.010288065843621352,0.0028806584362139564,0.01975308641975305,-2.2204460492503132e-17,0.006995884773662519,0.021810699588477322,-0.0004115226337448763,0.0057613168724279466,0.0037037037037036757,0.0024691358024691136,-0.00246913580246918,0.002057613168724259,0.0024691358024691136,0.005349794238683103,-0.004526748971193495,0.0012345679012345401,0.0012345679012345512,0.000411522633744843,0.006995884773662508,0.0024691358024691136,0.00411522633744853,0.000411522633744843,0.0032921810699588216,-0.003703703703703776,0.008641975308641936
181,181,0.9629629629629629,0.963019240631351,0.9598765432098766,0.9920743789056545,2.4612610669992803,1.8672639086227532,1.378880046637,1.620788620661068,0.478883782883294,0.030864197530864158,0.015226337448559613,0.009876543209876498,0.001234567901234529,0.004115226337448518,0.003703703703703665,0.004938271604938249,0.022222222222222178,0.008230452674897092,0.0008230452674896971,0.0008230452674896971,-0.0012345679012346067,0.000411522633744843,0.000823045267489686,-0.0012345679012345956,0.0008230452674896971,-0.0004115226337448985,0.000823045267489686,-0.0008230452674897637,-0.001646090534979483,-0.0008230452674897415,-0.002880658436214034,0.0024691358024691024,0.000411522633744843,-0.0016460905349794607,-0.00246913580246918,-0.0008230452674897415,-0.0004115226337448763
182,182,0.9711934156378601,0.9712257679289651,0.9702614379084967,0.9909222948438636,1.652193480495275,1.3651189537535668,1.4182744122620303,2.6321872252041594,0.8895154329717446,0.04197530864197533,0.041152263374485645,0.031275720164609076,0.011522633744856004,0.015637860082304566,0.022222222222222233,0.0024691358024691358,0.019341563786008244,0.026748971193415672,0.005349794238683159,0.0012345679012345622,0.003703703703703709,0.007818930041152295,0.005349794238683159,0.0016460905349794386,0.006995884773662575,0.004115226337448574,0.0004115226337448541,0.007818930041152316,0.006584362139917721,0.004526748971193428,0.006995884773662586,0.008641975308642025,0.005349794238683148,0.0008230452674897082,0.010699588477366318,0.0012345679012345733,0.0057613168724280125
183,183,0.934156378600823,0.934156378600823,0.9259259259259259,0.9813290656912056,2.101753012881502,1.8287651129371634,1.9761995964520436,1.488367698092307,0.5489505097510866,0.032510288065843586,0.011522633744855936,0.00781893004115225,-0.007407407407407441,0.005349794238683092,0.010288065843621363,0.0012345679012345512,0.020987654320987613,0.009465020576131643,-0.0004115226337448541,0.0004115226337448541,0.0008230452674897082,0.004938271604938249,-0.0016460905349794165,-0.0012345679012345733,0.003292181069958833,0.0016460905349794165,0.004526748971193384,-1.1102230246251566e-17,-0.0012345679012345733,0.0024691358024691245,-0.0061728395061728895,0.0008230452674896971,-0.0008230452674897193,-0.002880658436214001,-0.002057613168724304,0.006172839506172811,-0.0024691358024691466
184,184,0.9547325102880658,0.9548850282318467,0.9548008171603677,0.9905880636217714,2.2904013791750626,1.5698750385872404,1.50219095073335,2.0323840546696017,0.4679946468783064,0.030452674897119326,0.04526748971193413,0.018106995884773658,0.004526748971193395,0.0028806584362139785,0.018106995884773668,-0.003292181069958833,0.02016460905349795,0.01728395061728394,0.0016460905349794165,-0.003292181069958833,0.0020576131687242705,-0.0008230452674897082,-0.0012345679012345622,-0.0008230452674897082,0.0024691358024691245,-0.003292181069958833,0.0004115226337448541,0.0004115226337448541,0.0004115226337448541,0.007407407407407374,0.0028806584362139785,-0.004938271604938249,0.0020576131687242705,0.0016460905349794165,0.004115226337448541,0.0008230452674897082,-0.0028806584362139785
185,185,0.9547325102880658,0.9551702038962412,0.9598765432098766,0.9825483920134126,2.3710099704265217,1.2569283014409156,1.236489473532194,2.3921932179763195,0.08025288005369977,0.034156378600823024,0.01646090534979422,0.01728395061728396,0.006172839506172811,0.011111111111111082,0.009465020576131678,0.006172839506172811,0.01563786008230452,0.01646090534979423,0.0020576131687242705,0.0020576131687242705,0.003703703703703687,0.006172839506172811,0.007407407407407374,0.0008230452674897082,0.007818930041152227,0.003292181069958833,0.011111111111111061,0.0016460905349794165,0.004526748971193395,0.006995884773662519,0.004526748971193395,0.006995884773662542,0.003703703703703687,0.0004115226337448541,0.007407407407407374,0.006172839506172811,0.0020576131687242705
186,186,0.9629629629629629,0.9634344832130738,0.9696637426900585,0.9927712800519819,2.541719331672455,1.3611860792916035,1.42683829751701,1.949501333034071,0.5145564914470667,0.021399176954732445,0.012345679012345623,0.011522633744855914,0.0,0.006584362139917643,0.011522633744855926,0.0008230452674897082,0.013580246913580184,0.020164609053497907,-0.005761316872428046,0.0004115226337448541,-0.0008230452674897303,-0.0004115226337448652,0.006172839506172811,-0.0024691358024691913,-0.006584362139917777,0.0020576131687242705,0.0004115226337448319,-0.0012345679012346067,0.000411522633744843,0.0,0.0024691358024691245,-0.007818930041152328,-0.005761316872428068,-0.0004115226337448652,0.0008230452674896971,-0.0028806584362140453,0.0008230452674897082
187,187,0.9465020576131687,0.94742960004935,0.9538980509745127,0.9917541229385307,2.598289475327358,1.8288783249023002,0.9216780922846856,1.9066394507037108,0.778777849933512,0.022222222222222244,0.012345679012345734,0.004115226337448585,0.003703703703703731,-0.009053497942386801,-0.007818930041152227,-0.0004115226337448541,0.016049382716049422,-0.000823045267489686,-0.0024691358024691245,-0.0008230452674897082,0.0008230452674897082,-0.0004115226337448541,0.0008230452674897082,0.0016460905349794165,0.0016460905349794165,0.0028806584362139785,-0.0024691358024691245,-0.004526748971193395,0.0037037037037037203,0.0024691358024691466,0.0004115226337448541,0.0,0.0008230452674897082,-0.004115226337448541,0.00452674897119344,-0.003703703703703687,0.0004115226337448541
188,188,0.9629629629629629,0.9631709419772094,0.9660557184750733,0.9951612903225806,2.439441597873846,1.0062127237685545,0.9770481015120178,2.9155701091104422,0.22392877431502858,0.03703703703703699,0.025102880658436168,0.010699588477366195,0.0012345679012345622,0.004938271604938249,0.02345679012345675,0.002057613168724259,0.004938271604938249,0.004938271604938227,-0.006172839506172911,0.0004115226337448541,0.0008230452674896971,-0.0012345679012346177,0.003292181069958833,0.0008230452674897082,0.0008230452674897082,-0.001646090534979472,0.0016460905349794165,0.0008230452674897082,-1.1102230246251566e-17,0.0008230452674897082,-0.0004115226337448652,0.004526748971193395,0.003292181069958833,0.0024691358024691136,0.0012345679012345512,-0.002057613168724326,-0.004115226337448619
189,189,0.934156378600823,0.9357610013567175,0.9495045417010735,0.9872832369942197,2.5035800039646645,1.470819176802049,1.4193362946943768,1.9509520972766299,0.6949555720819238,0.01934156378600822,0.011934156378600801,0.009465020576131666,0.005349794238683103,0.0028806584362139785,0.003703703703703687,0.0012345679012345622,0.013991769547325061,0.010288065843621352,0.0016460905349794165,0.0008230452674897082,0.0028806584362139785,0.0016460905349794165,0.004526748971193395,0.0008230452674897082,0.0028806584362139785,0.0008230452674897082,0.003703703703703687,0.0012345679012345622,0.0008230452674897082,0.0004115226337448541,0.0024691358024691245,0.0004115226337448541,0.0028806584362139785,0.0,0.004115226337448541,0.0008230452674897082,0.004526748971193395
190,190,0.9423868312757202,0.9427125956365723,0.9451482867837604,0.983155773106824,2.0459759459272036,1.3658458294892903,1.7505760306617308,1.9495502503512765,0.6159853482672933,0.02921810699588484,0.011111111111111138,0.01399176954732515,0.0004115226337448763,0.004938271604938338,0.0069958847736626304,-0.0032921810699588216,0.017283950617283994,0.014814814814814859,-0.007407407407407374,-0.0008230452674897082,-0.0024691358024691136,-0.003703703703703687,-0.0028806584362139785,-0.0008230452674896971,0.0004115226337448874,-0.000411522633744843,-0.0016460905349794165,-0.008230452674897082,-0.0020576131687242484,-0.0012345679012345512,-0.003703703703703687,-0.0020576131687242705,-0.0028806584362139785,-0.0024691358024691245,-0.0004115226337448319,-0.0028806584362139785,-0.0016460905349794052
191,191,0.9382716049382716,0.9391422318958552,0.944335014182162,0.9807752915222188,2.3042248021388443,1.6554034500854127,1.4429168408468318,1.4626785741515924,1.1030077628349677,0.025102880658436178,0.010699588477366207,0.01769547325102875,0.0016460905349793941,0.004526748971193384,0.016460905349794174,0.005349794238683103,0.018106995884773602,0.01769547325102876,0.0004115226337448541,0.0004115226337448319,0.003292181069958833,0.0008230452674896748,0.003292181069958833,0.002057613168724259,0.005761316872427957,0.004526748971193395,-0.0012345679012346067,-0.0004115226337448763,0.003292181069958833,0.000823045267489686,0.0016460905349793941,0.0032921810699588216,-0.0004115226337448985,0.000823045267489686,0.004115226337448541,-0.002469135802469202,0.006584362139917666
192,192,0.9547325102880658,0.955101549929049,0.9597096726410902,0.9877055251073915,2.7010068018935596,1.5449001681912835,1.8134088154141639,1.972836386087136,-0.138237487023511,0.039094650205761305,0.03374485596707818,0.014814814814814791,0.0028806584362139785,0.014814814814814803,0.011934156378600801,0.0028806584362139785,0.013991769547325094,0.020576131687242805,0.003703703703703687,0.006584362139917666,0.0,0.003292181069958833,0.003703703703703687,0.0028806584362139785,0.0004115226337448541,0.003703703703703687,0.0024691358024691245,0.0,0.005349794238683103,0.003292181069958833,0.006584362139917666,0.0028806584362139785,0.005349794238683103,0.0004115226337448541,0.004938271604938249,0.0028806584362139785,0.007818930041152227
193,193,0.9423868312757202,0.942240378702703,0.9351906158357771,0.988049853372434,1.7908394224145703,1.5723050119480864,1.7733380511348669,2.0105148776921644,0.5186288352257016,0.043209876543209916,0.015226337448559713,0.01687242798353914,0.0069958847736626304,0.007407407407407462,0.012757201646090588,0.005761316872428035,0.021399176954732535,0.011934156378600869,-0.002057613168724259,0.002469135802469202,0.004526748971193484,0.005761316872428035,0.0024691358024691913,0.0016460905349794607,3.3306690738754695e-17,0.0037037037037037533,0.004526748971193506,0.003703703703703776,0.002469135802469169,-0.0032921810699588216,0.0012345679012346067,0.0004115226337448985,0.0008230452674897637,2.2204460492503132e-17,0.0008230452674897526,0.0032921810699589106,0.004115226337448619
194,194,0.9300411522633745,0.9305769647754133,0.9367559523809523,0.9745606575963719,2.466046252364067,1.5305413950483076,1.4475014472955614,1.782134496691072,0.5333159433533345,0.03744855967078189,0.018930041152263356,0.00493827160493826,0.0016460905349794165,-0.003703703703703709,-0.0028806584362139898,0.0012345679012345622,0.01358024691358023,0.003292181069958833,0.0020576131687242705,0.0028806584362139785,-0.0020576131687242705,0.0016460905349794165,0.0024691358024691245,-0.0008230452674897082,0.0,-0.002880658436214001,0.0012345679012345622,-0.0008230452674897082,-0.0004115226337448541,0.0028806584362139785,-0.0020576131687242705,-0.0020576131687242705,-0.0008230452674897082,0.0012345679012345622,-0.0012345679012345622,-0.0008230452674897082,0.0004115226337448541
195,195,0.9176954732510288,0.9179494995681552,0.9100076687116564,0.9783742331288344,2.7291429147033055,1.5302140391788568,1.7834054700543458,2.049665449581175,-0.18072056357339786,0.004115226337448619,0.016460905349794296,0.013168724279835443,-0.006172839506172811,-0.005349794238683103,0.004938271604938327,-0.0008230452674897082,0.0032921810699589106,0.014403292181070004,-0.0004115226337448541,-0.0016460905349794165,-0.0004115226337448541,-0.0004115226337448541,-0.0012345679012345401,-0.0020576131687242705,-0.0020576131687242705,-0.003292181069958833,0.0,-0.005349794238683103,4.4408920985006264e-17,0.0,-0.0016460905349794165,-0.003703703703703687,-0.004526748971193395,-0.003703703703703687,0.0037037037037037646,-0.006995884773662519,-0.009465020576131643
196,196,0.9547325102880658,0.9547991743907286,0.9508786547492805,0.9888653234358431,2.15276710193722,1.3916742980177579,2.126297276541528,1.488321666163004,0.9103806540075072,0.04238683127572016,0.045679012345679004,0.025925925925925908,0.009465020576131678,0.01563786008230452,0.021810699588477356,0.006172839506172811,0.028806584362139898,0.03456790123456788,0.01069958847736623,0.0016460905349794165,0.003292181069958833,0.009053497942386801,0.011522633744855949,0.011522633744855936,0.008641975308641936,0.008230452674897104,0.0008230452674897082,0.004115226337448541,0.010699588477366207,0.005761316872427968,0.003703703703703687,0.007407407407407374,0.0020576131687242705,0.003703703703703687,0.02016460905349795,0.009053497942386801,0.010288065843621397
197,197,0.9259259259259259,0.9261936255983875,0.9258532057689561,0.9800085677566758,2.6919190926048486,1.6039990468215,1.4167852666693217,1.6798361753604836,0.5806329439035298,0.042798353909465035,0.02304526748971194,0.02222222222222222,-0.007407407407407385,0.0049382716049382715,0.013580246913580275,0.0012345679012345622,0.030041152263374494,0.018518518518518524,0.0008230452674897082,-0.0004115226337448541,0.0020576131687242705,0.0016460905349794165,0.0008230452674897082,0.006584362139917676,0.008230452674897092,0.0020576131687242705,0.003292181069958833,-0.0012345679012345622,-0.0016460905349794165,0.0004115226337448541,-0.0012345679012345622,0.006584362139917676,-0.0016460905349794165,0.0008230452674897082,0.009053497942386824,0.00781893004115226,0.006995884773662553
198,198,0.9588477366255144,0.9590714235373787,0.9600527108433735,0.9922439759036145,2.7150844886250183,1.3117786082581409,1.9240701154747701,1.6242266259219538,0.46476702778965084,0.01193415637860078,0.008230452674897104,0.00987654320987651,0.0028806584362139785,0.0016460905349794165,0.008641975308641936,0.0,0.0024691358024691245,0.011111111111111094,-0.0020576131687242705,-0.0008230452674897082,0.0004115226337448541,0.0004115226337448541,0.0,0.0004115226337448541,0.0,0.005761316872427957,-0.0016460905349794275,0.0,0.0004115226337448541,-0.0012345679012345622,0.0012345679012345622,0.004938271604938249,-0.0024691358024691245,-0.0004115226337448541,0.0024691358024691245,0.0020576131687242705,0.0
199,199,0.9629629629629629,0.9632435010349851,0.9685117302052786,0.9898093841642229,1.7844704861133422,1.4653173847279024,2.1812607018293564,1.729938706939068,0.5767254012242212,0.0584362139917695,0.032510288065843586,0.02427983539094645,0.008230452674897082,0.014814814814814758,0.019341563786008164,0.009465020576131643,0.03045267489711929,0.029629629629629596,0.000411522633744843,0.006172839506172811,0.005349794238683103,0.011522633744855914,0.006172839506172811,0.0016460905349794165,0.007818930041152227,0.003703703703703687,0.004115226337448541,0.004115226337448541,0.006172839506172811,0.0020576131687242705,0.010699588477366207,-0.001646090534979472,0.006172839506172811,0.0008230452674897082,0.013168724279835332,0.0020576131687242705,0.007818930041152227
200,200,0.9670781893004116,0.9669973329471538,0.9621698526192908,0.99139063184007,2.3440159920702097,1.3699051116043919,1.9742316209310893,1.239696209614457,1.0614469168891527,0.03539094650205765,0.025925925925925963,0.018930041152263433,0.0032921810699588884,0.014814814814814859,0.019753086419753107,0.007818930041152328,0.02633744855967083,0.044444444444444474,0.006584362139917766,0.008230452674897193,0.007407407407407474,0.009465020576131754,0.008641975308642025,0.010699588477366318,0.010288065843621463,0.004526748971193484,0.0037037037037037533,0.0012345679012346067,0.007818930041152328,0.012345679012345734,0.004938271604938316,0.005349794238683203,0.008230452674897193,0.0037037037037037533,0.004115226337448619,0.006584362139917777,0.0032921810699588993
201,201,0.9588477366255144,0.9591709373231578,0.9650326797385621,0.9809731299927379,2.8694051057388013,1.3470139880354866,1.741756879162994,1.7006560320224642,0.24720155191159068,0.026337448559670774,0.012345679012345656,0.013168724279835342,0.003703703703703687,0.006584362139917666,0.005761316872427957,0.0024691358024691245,0.011522633744855926,0.011111111111111072,0.008230452674897082,0.0008230452674897082,0.0028806584362139785,0.0004115226337448541,0.0024691358024691245,0.003703703703703687,0.0008230452674897082,0.008641975308641936,0.0004115226337448541,0.0004115226337448541,0.006584362139917666,0.005349794238683103,0.0028806584362139785,0.009465020576131643,0.0008230452674897082,0.0004115226337448541,0.006584362139917666,-0.0004115226337448541,0.0008230452674897082
202,202,0.9629629629629629,0.9632758203873337,0.968801191362621,0.990096798212956,1.959284336784903,1.0186518940161142,1.9718594929064397,2.687784408548055,0.40483632140331227,0.02839506172839503,0.02757201646090531,0.025925925925925873,0.012345679012345623,0.006172839506172811,0.028395061728395045,-0.0028806584362140565,0.009876543209876498,0.010699588477366207,0.003292181069958833,0.004938271604938249,-1.1102230246251566e-17,0.008641975308641936,0.0012345679012345622,-0.0028806584362140565,0.006172839506172811,-3.3306690738754695e-17,-0.0028806584362140787,0.003703703703703687,-0.0037037037037037867,-0.0020576131687243373,0.00905349794238679,-3.3306690738754695e-17,0.009465020576131643,0.0,0.003703703703703687,0.0016460905349794165,0.0004115226337448541
203,203,0.9465020576131687,0.9471036330057409,0.9535768072289157,0.9781626506024096,2.936885284813759,1.193232920321635,1.7448470125516706,1.4991808340762265,0.7587201862212015,0.042798353909465056,0.03168724279835392,0.021810699588477377,0.0020576131687242817,0.014403292181069994,0.019341563786008265,0.0020576131687242817,0.021810699588477388,0.032921810699588515,0.0016460905349794275,0.0028806584362139898,0.0012345679012345622,0.0032921810699588438,0.008641975308642014,0.0069958847736625975,0.0032921810699588438,0.0016460905349794275,0.006172839506172878,0.004115226337448574,0.006172839506172867,0.008230452674897148,0.0028806584362139898,0.0024691358024691466,0.0020576131687242705,0.004526748971193417,0.0041152263374485635,0.005349794238683136,0.0012345679012345733
204,204,0.9176954732510288,0.9179191601628931,0.9118373764600181,0.9772386942198263,2.73251439413645,1.0401394212590247,1.343472218642744,1.4637103389000272,1.316439017550955,0.020164609053497984,0.009876543209876599,0.01028806584362144,-0.007818930041152227,0.005761316872428035,-0.0028806584362139785,-0.0028806584362139676,0.006172839506172911,0.010699588477366306,0.0012345679012346067,-0.006584362139917655,-0.0032921810699588216,-0.009465020576131643,-0.008641975308641936,-0.0012345679012345401,-0.002057613168724259,0.004938271604938327,-0.012757201646090477,-0.006995884773662519,0.007818930041152328,-0.003292181069958833,-0.010699588477366207,-0.00041152263374480966,-0.009465020576131633,-0.005349794238683103,0.007818930041152338,-0.004115226337448541,0.002057613168724326
205,205,0.9506172839506173,0.9511617362494555,0.9591541993778699,0.9959265294030514,3.037662179053536,0.9958153784962877,1.6236442064535193,2.006918241189411,0.10020160655027753,0.029218106995884775,0.0065843621399176875,0.0024691358024691245,-0.004938271604938249,-0.0012345679012345622,-0.0032921810699588216,-0.0016460905349794165,0.0,-0.009053497942386824,-0.003703703703703687,0.0,-0.004526748971193395,0.0,-0.003703703703703687,-0.0008230452674897082,0.0,0.0016460905349794165,-0.003292181069958833,-0.004938271604938249,-0.0004115226337448541,-0.0004115226337448541,-0.0008230452674897082,-0.006172839506172811,0.0012345679012345622,-0.003292181069958833,-0.0008230452674897082,-0.0024691358024691245,-0.004115226337448541
206,206,0.9423868312757202,0.9427538601723584,0.945060557420108,0.9846782431052095,2.329656328716093,1.5885669807225031,1.6730124804259263,2.0206940485514986,0.3570059560221362,0.048559670781893015,0.019341563786008275,0.019341563786008275,0.0004115226337448874,0.007818930041152328,0.010699588477366318,0.0008230452674897526,0.019753086419753117,0.015226337448559724,-0.003703703703703687,-0.0008230452674897082,-0.000411522633744843,-0.0008230452674896971,-0.0008230452674897082,-0.003703703703703687,-0.0016460905349794165,-0.0004115226337448208,-0.0012345679012345622,-0.004115226337448541,-0.0024691358024691245,-0.0024691358024691245,-0.004526748971193395,-0.0004115226337448541,-0.0008230452674897082,-0.0008230452674897082,0.0004115226337448874,-0.003703703703703687,-0.004115226337448541
207,207,0.9423868312757202,0.9426085740540971,0.945034965034965,0.9839860139860139,2.1493311432749214,1.30855826211053,2.0931017195401234,1.9759353958239714,0.21231480146852327,0.03333333333333338,0.020164609053497994,0.02263374485596714,0.0032921810699588993,0.012757201646090588,0.014403292181070004,0.0037037037037037646,0.018930041152263398,0.018106995884773713,0.0037037037037037867,0.0008230452674897303,0.0024691358024691913,0.0016460905349794496,0.002469135802469169,0.002469135802469169,0.0008230452674897303,0.009053497942386902,0.004526748971193506,0.0008230452674897415,0.002880658436214034,0.00246913580246918,0.004526748971193495,3.3306690738754695e-17,0.0008230452674897303,0.002880658436214034,0.0016460905349794607,0.006584362139917766,0.0037037037037037424
208,208,0.9547325102880658,0.9549080661217748,0.9543186895011169,0.9857781087118391,1.8605711568554186,1.2361479569820646,1.9808786642707554,2.33949762839017,0.5643385077073702,0.025925925925925918,0.0316872427983539,0.008230452674897115,0.005761316872427957,0.009053497942386801,0.01934156378600822,-0.003292181069958833,0.01358024691358023,0.006995884773662542,-0.0020576131687242705,0.0004115226337448541,0.0012345679012345622,-0.003703703703703687,-0.0008230452674897082,-0.0016460905349794165,0.005349794238683103,-0.0012345679012345622,0.003292181069958833,0.0,-0.0024691358024691245,-0.0028806584362139785,0.0028806584362139785,0.0,-0.0016460905349794165,-0.003703703703703687,0.0004115226337448541,-0.0016460905349794165,-0.0016460905349794165
209,209,0.9753086419753086,0.975227646087994,0.9688650306748465,0.9973159509202454,1.904567956912715,1.7060033172868672,1.6704118178381673,1.864495271547113,0.5402012992482945,0.02304526748971193,0.010699588477366262,0.018518518518518535,0.011934156378600836,0.008230452674897115,0.011111111111111127,0.004526748971193395,0.015637860082304555,0.023868312757201658,0.003703703703703687,0.009053497942386824,0.005761316872427957,0.00781893004115225,0.004526748971193406,0.0065843621399176875,0.007407407407407407,0.015226337448559678,0.005349794238683103,0.005349794238683136,0.0028806584362139785,0.003292181069958833,0.012757201646090555,0.008230452674897115,0.009053497942386834,0.006584362139917676,0.009465020576131689,0.005349794238683136,0.0016460905349794165
210,210,0.934156378600823,0.9345261204101177,0.9323587335252235,0.977730646871686,2.318806337494098,1.3747886369683227,1.7883541872028281,1.89521988157318,0.6314251683850084,0.02139917695473249,0.01975308641975304,0.003292181069958833,-0.003703703703703709,0.006584362139917666,0.0024691358024691245,-0.004938271604938283,0.0032921810699588216,0.004938271604938249,-0.003292181069958866,0.0024691358024691245,0.0028806584362139785,-0.0016460905349794165,0.0024691358024691245,-0.0004115226337448541,0.0004115226337448541,-0.004526748971193428,-0.003292181069958833,0.0008230452674897082,-0.0004115226337448541,-0.0012345679012345622,-0.0016460905349794275,0.0,-0.0020576131687242817,-0.0004115226337448541,-0.0016460905349794165,-0.0004115226337448541,-0.007818930041152328
211,211,0.9629629629629629,0.9634853391375131,0.9730538922155689,0.9913331232272298,1.5311996971973387,1.6557482361564193,1.4282446607328594,2.4926816772091396,0.2891777208724816,0.02263374485596702,0.008641975308641903,0.013168724279835332,0.0020576131687242705,0.0012345679012345401,0.015226337448559613,0.0004115226337448541,0.00905349794238679,0.011111111111111061,-0.002057613168724326,0.0004115226337448541,0.0004115226337448541,0.0004115226337448541,0.0016460905349793941,0.0004115226337448541,0.0004115226337448541,0.004115226337448541,0.004526748971193395,-0.005349794238683192,0.0016460905349794165,0.0008230452674897082,0.0012345679012345622,0.0024691358024691024,-2.2204460492503132e-17,-0.004938271604938349,0.0024691358024691245,-0.002057613168724348,0.0016460905349794165
212,212,0.9629629629629629,0.9629942922039142,0.9622581556277362,0.993927411382573,2.711351440395056,1.9312871155599798,1.1365300292021732,1.9182335576524379,0.2688200556323246,0.032098765432098705,0.03415637860082301,0.014403292181069883,0.007407407407407374,-0.002880658436214023,0.006584362139917655,0.004115226337448541,0.03415637860082301,0.016049382716049342,-0.004115226337448608,-0.005349794238683192,0.0028806584362139785,-0.002469135802469169,-0.001646090534979483,-0.002880658436214034,0.004526748971193395,0.0024691358024691136,-0.0008230452674897526,-0.008641975308642047,-0.008641975308642047,-0.004526748971193473,-0.004526748971193473,0.005349794238683103,-0.0012345679012346067,-0.007818930041152338,-3.3306690738754695e-17,-0.005761316872428058,0.0012345679012345512
213,213,0.934156378600823,0.9347768821453033,0.9408496732026144,0.9793754538852578,2.484396112729889,1.5531460799050363,1.5149997405340356,1.9753464064822133,0.5450588873234239,0.02921810699588475,0.009053497942386801,0.012345679012345633,0.0,-0.0020576131687242926,0.0024691358024691136,0.0008230452674897082,0.008641975308641936,0.008641975308641936,-0.0069958847736625975,0.0,-0.0024691358024691245,-0.0020576131687242817,0.0008230452674897082,-0.004115226337448552,-0.004115226337448552,-0.003703703703703709,-0.0024691358024691245,-0.004526748971193417,0.0,-0.0028806584362139785,-0.003703703703703709,-0.008230452674897148,-0.0028806584362139785,-0.0020576131687242705,-0.0008230452674897082,-0.0008230452674897082,-0.0012345679012345733
214,214,0.9588477366255144,0.9591693941232843,0.9585244022273174,0.9868981329839502,2.0170846417016475,1.2642294184435192,1.9561216685910883,2.389648963347188,0.46653507697926144,0.020987654320987648,0.021810699588477346,0.017283950617283918,0.005761316872427957,0.004526748971193395,0.01481481481481477,0.004526748971193395,0.011934156378600768,0.012345679012345633,0.004115226337448541,0.0004115226337448541,0.0012345679012345622,0.0020576131687242705,0.006995884773662519,-0.0004115226337448541,0.0020576131687242705,0.0012345679012345622,0.0016460905349794165,0.003292181069958833,-0.0004115226337448541,0.0004115226337448541,0.004115226337448541,0.004526748971193395,0.0012345679012345622,0.004115226337448541,0.004526748971193395,0.0016460905349794165,0.005761316872427957
215,215,0.9588477366255144,0.9591099001231131,0.9627900189697942,0.9918283963227784,2.5659790088479673,1.2370621069847043,1.5802045795456048,1.8964284796723805,0.507565536406611,0.02839506172839503,0.028806584362139877,0.013991769547325084,0.0012345679012345622,0.0028806584362139785,0.02510288065843621,0.003703703703703687,0.012345679012345623,0.021810699588477346,-0.0008230452674897082,0.003292181069958833,0.0028806584362139785,0.0020576131687242705,0.0012345679012345622,0.0020576131687242705,0.0012345679012345622,0.0028806584362139785,0.0024691358024691245,0.0012345679012345622,0.006584362139917666,0.0020576131687242705,0.0008230452674897082,0.004938271604938249,0.0,0.0008230452674897082,0.005349794238683103,0.0004115226337448541,0.005349794238683103
216,216,0.9629629629629629,0.963024628019885,0.9592074592074592,0.9893550893550893,2.3619432879058455,1.548569514078924,1.6567466966194946,2.250132141869456,0.08511854072841435,0.034567901234567856,0.01687242798353904,0.00905349794238679,0.009876543209876498,0.007407407407407363,0.010699588477366207,0.003292181069958833,0.02139917695473246,0.008641975308641924,-0.0012345679012346067,-0.0004115226337448763,0.002057613168724259,0.00411522633744853,0.007818930041152227,0.0008230452674896748,0.006172839506172811,0.005349794238683103,0.000823045267489686,0.002057613168724259,-0.0012345679012346067,-0.0008230452674897526,0.0024691358024691245,0.0037037037037036757,0.0016460905349794165,0.003703703703703687,0.0028806584362139564,0.005349794238683103,0.004938271604938238
217,217,0.9588477366255144,0.9589559358071019,0.9574832464631422,0.992553983618764,2.091199375367395,2.249100680395676,1.8311229469510986,1.9388440679272356,-0.26529417705751723,0.020164609053497918,0.008230452674897082,0.007407407407407374,-0.0057613168724280125,0.0024691358024691245,0.006995884773662519,-0.003703703703703709,0.010699588477366217,0.006584362139917666,-0.0024691358024691245,-0.002880658436214001,-0.0016460905349794165,-0.003703703703703687,-0.0024691358024691466,-0.0057613168724280125,-0.004526748971193406,-0.0004115226337448541,-0.0012345679012345733,-0.009465020576131734,0.0008230452674897082,-0.007818930041152305,-0.004526748971193428,-0.0028806584362139898,-0.005349794238683159,-0.004526748971193417,0.0008230452674896971,-0.006584362139917732,-0.004938271604938293
218,218,0.9423868312757202,0.9428879096633448,0.9443251533742332,0.9720092024539877,2.052499044841578,0.9963134941955781,1.6217219380569612,2.350009531100502,0.8279065042778541,0.06378600823045272,0.045267489711934186,0.018518518518518556,0.005761316872428058,0.0012345679012346067,0.01399176954732515,0.0004115226337448652,0.03703703703703709,0.018106995884773703,0.0028806584362140565,0.005761316872428046,0.004115226337448619,0.00905349794238689,0.001646090534979472,-0.0004115226337448208,0.014403292181070004,0.009465020576131744,-0.0012345679012345622,0.0008230452674897303,-0.0016460905349794052,-0.0012345679012345512,-0.003703703703703687,0.005761316872428058,-0.0020576131687242705,2.2204460492503132e-17,-0.0024691358024691136,0.0012345679012345956,0.004938271604938327
219,219,0.9423868312757202,0.9422502175311165,0.9359477124183007,0.9797385620915032,2.880883930738543,1.2573907255280388,1.8507263197015855,2.192411243414814,0.10107057076008986,0.04814814814814818,0.023868312757201693,0.002469135802469169,-0.0024691358024691245,0.0028806584362140565,0.009465020576131734,-0.003292181069958833,0.007818930041152328,0.0061728395061728895,-0.0016460905349794052,-0.0024691358024691245,-0.003292181069958833,-0.0024691358024691245,-0.008230452674897082,-0.0032921810699588216,-0.004938271604938249,3.3306690738754695e-17,-0.009465020576131643,-0.003292181069958833,-0.0016460905349793941,-0.0028806584362139785,-0.0012345679012345622,-0.003292181069958833,-0.006172839506172811,-0.004115226337448541,-0.007407407407407374,-0.0028806584362139785,-0.0028806584362139785
220,220,0.9506172839506173,0.9507892078173202,0.9461471793255594,0.9887330601953987,2.78025211095972,1.4939288693955655,2.102795470820477,1.5275791825303024,0.4261829807053269,0.0279835390946502,0.009876543209876543,0.008641975308641992,0.0024691358024691245,0.010288065843621408,0.0024691358024691358,0.0012345679012345622,0.011522633744855992,0.0074074074074073955,-0.0008230452674897082,-0.0020576131687242705,0.0028806584362139785,-0.0008230452674897082,0.005349794238683103,0.0,0.0024691358024691245,-0.0024691358024691245,0.0024691358024691245,-0.0008230452674897082,-0.0012345679012345622,-0.0012345679012345622,0.0012345679012345622,0.0008230452674897082,-0.0020576131687242705,-0.0004115226337448541,0.0008230452674897082,-0.0008230452674897082,0.0020576131687242817
221,221,0.9506172839506173,0.9506172839506173,0.9470588235294117,0.9896151053013797,1.747072012313191,1.4213281778657776,1.6751430440755708,2.567652399051526,0.5145885014491239,0.022222222222222233,0.023868312757201658,0.008641975308641992,0.015637860082304555,0.0024691358024691466,0.015226337448559678,0.0012345679012345622,0.003292181069958855,0.0,-0.0008230452674897082,0.004115226337448541,0.0028806584362139785,-0.0028806584362139785,-0.0024691358024691245,-0.0004115226337448541,0.004115226337448541,0.0012345679012345622,-0.004115226337448541,-0.003703703703703687,0.004115226337448541,0.0020576131687242705,0.004526748971193395,-0.0008230452674897082,0.0008230452674897082,-0.004526748971193395,0.01028806584362143,0.0,0.0004115226337448652
222,222,0.9629629629629629,0.9631411112892595,0.9659516268355888,0.9845234667434495,1.7137352524791791,1.4193571258292268,1.8997106322622723,2.259412175732026,0.8953152756959762,0.04609053497942382,0.025102880658436154,0.02427983539094645,0.004526748971193395,0.007407407407407374,0.015226337448559613,0.004115226337448541,0.020987654320987603,0.02716049382716047,0.000411522633744843,-0.0020576131687243147,0.0008230452674897082,-0.0016460905349794607,0.0020576131687242705,0.0008230452674897082,-0.0016460905349794607,0.008230452674897082,-0.0012345679012346067,-0.0032921810699589214,0.0008230452674897082,0.0004115226337448541,0.0008230452674897082,0.003703703703703687,0.003292181069958833,-0.0008230452674897303,0.004115226337448541,-0.0028806584362140453,0.008230452674897082
223,223,0.9465020576131687,0.9465735669764261,0.942553983618764,0.9881608339538347,2.537580231485133,1.3222381573699986,1.5339987244757116,2.114538532439581,0.22479316740248687,0.017283950617283984,0.034156378600823066,0.014403292181070004,0.0016460905349794275,0.0004115226337448652,0.018930041152263412,0.006172839506172867,0.007818930041152295,0.022633744855967107,0.004115226337448574,0.0024691358024691358,0.010288065843621453,0.0024691358024691358,0.00658436213991771,-0.0004115226337448541,0.0008230452674897082,0.003292181069958855,0.008641975308642025,0.0028806584362139898,-0.004115226337448541,0.0016460905349794275,0.0008230452674897082,0.004115226337448585,-0.0028806584362139785,0.004938271604938293,0.003292181069958866,-0.0024691358024691245,-0.0028806584362139898
224,224,0.934156378600823,0.9344911273391477,0.933060312732688,0.9851824274013403,2.477529661830654,1.408619114841677,1.2908666664088668,2.0801870386547465,0.6464117660525069,0.01893004115226332,0.007407407407407363,0.008641975308641947,-0.004938271604938283,0.008641975308641936,0.011111111111111072,0.0028806584362139785,0.01769547325102879,0.00905349794238679,-0.00905349794238689,-0.0020576131687242705,-0.0004115226337448541,-0.0012345679012345622,-0.0008230452674897082,-0.0024691358024691245,-0.0020576131687242705,-0.005349794238683148,0.0012345679012345622,0.0,0.0,0.0008230452674897082,-0.0016460905349794165,-0.0037037037037036978,0.0012345679012345622,-0.0020576131687242705,-0.0028806584362139785,0.0008230452674897082,-0.004115226337448574
225,225,0.9629629629629629,0.9633095083387481,0.9690577185274958,0.9963641872443569,2.421528347576844,1.5516269716998197,1.9153348477842984,1.3912965351415492,0.5760740741251016,0.02427983539094646,0.016460905349794174,0.009465020576131656,-0.0008230452674897303,0.006584362139917666,0.0024691358024691136,-0.0037037037037037867,0.013168724279835332,0.009876543209876487,-0.0032921810699589106,-0.002880658436214034,-0.0028806584362140565,0.0016460905349794165,-0.0008230452674897415,0.0,-0.004938271604938349,-0.0037037037037037533,-0.004115226337448629,-0.0037037037037037867,-1.1102230246251566e-17,0.0,-1.1102230246251566e-17,-0.005349794238683192,0.0024691358024691245,-0.0028806584362140565,-0.0024691358024691913,-0.002057613168724348,-0.0037037037037037646
226,226,0.9753086419753086,0.9754384809932137,0.9783243486073675,0.9946840371368674,2.5539594922814124,1.6665518336470164,1.6277933697107527,1.5101541392056896,0.4321215102988768,0.03662551440329219,0.017695473251028826,0.0316872427983539,0.015226337448559701,0.012757201646090543,0.02510288065843621,0.003292181069958833,0.015226337448559678,0.02592592592592593,0.003703703703703709,0.009465020576131678,0.00493827160493826,0.008230452674897104,0.0065843621399176875,0.006995884773662519,0.009053497942386834,0.008230452674897115,0.004115226337448541,0.007407407407407385,0.009876543209876543,0.004526748971193395,0.006995884773662531,0.0028806584362139785,0.006172839506172834,0.004115226337448552,0.011522633744856004,0.00781893004115226,0.005349794238683103
227,227,0.934156378600823,0.934156378600823,0.9306011709267457,0.9767956590032844,2.4677665375033535,1.3289434010543428,1.8278742175286993,2.0081835484747135,0.6114589616793574,0.031687242798353873,0.04773662551440326,0.01646090534979421,0.0008230452674897082,0.0024691358024691245,0.009876543209876498,-0.0024691358024691245,0.020164609053497918,0.01934156378600821,-0.0008230452674897193,0.0008230452674897082,-0.0020576131687242705,-0.0024691358024691245,-0.0004115226337448541,-0.004115226337448552,-0.0020576131687242705,0.0012345679012345622,-0.0016460905349794275,-0.004115226337448574,-0.0012345679012345733,-0.0028806584362139898,0.0012345679012345622,-0.004526748971193417,-0.0008230452674897193,-0.008641975308642025,0.0016460905349794165,-0.006172839506172878,0.0
228,228,0.9835390946502057,0.9835390946502057,0.9809888906274449,0.9951494288843686,2.717591700837176,1.213415264677633,1.6467050188032566,1.853468128923714,0.41876972991435396,0.036625514403292134,0.04115226337448556,0.0222222222222222,0.006584362139917666,0.008641975308641947,0.018106995884773613,-0.0020576131687242705,0.014403292181069926,0.020987654320987637,-0.0012345679012345622,-0.0004115226337448541,-0.0008230452674897082,-0.0012345679012345622,0.0,-0.0024691358024691245,-0.0020576131687242705,0.005761316872427957,-0.0016460905349794165,-0.0008230452674897082,-0.0016460905349794165,-0.0020576131687242705,0.0,0.0028806584362139785,0.0012345679012345622,-0.0004115226337448541,0.0020576131687242705,-0.0016460905349794165,0.005349794238683103
229,229,0.9629629629629629,0.9633095083387481,0.9690577185274958,0.9741705802151189,3.1962475901299157,0.7234991807599901,1.7069520803724978,1.7916320674242394,0.6572404141056731,0.041975308641975254,0.032921810699588425,0.010699588477366207,0.0016460905349794052,0.004115226337448541,0.006172839506172811,0.000823045267489686,0.011111111111111061,0.010288065843621352,-1.1102230246251566e-17,0.0004115226337448541,0.004115226337448541,0.0,0.0008230452674897082,0.0016460905349794165,0.0012345679012345622,-3.3306690738754695e-17,-0.0032921810699589214,-0.002057613168724326,0.003703703703703687,0.003703703703703687,0.0004115226337448541,0.0024691358024691245,0.0004115226337448541,-0.0004115226337448763,0.0004115226337448319,-0.0008230452674897303,0.0016460905349794052
230,230,0.9465020576131687,0.9472031040770434,0.9498034719947592,0.9869800196528005,2.586267725805724,1.0722725286612886,1.784995772493166,2.3381505574487154,0.057622313797989905,0.022633744855967086,0.002880658436214012,-0.000823045267489686,0.005349794238683148,0.0012345679012345622,0.003292181069958855,0.0,-0.0004115226337448541,-0.003703703703703687,0.0028806584362139785,0.005349794238683148,-0.006995884773662519,0.0016460905349794165,0.004938271604938293,0.0004115226337448541,0.003703703703703687,-0.005761316872427957,0.0008230452674897193,-0.0016460905349794165,-0.005761316872427957,-0.011934156378600768,0.0020576131687242817,0.0020576131687242817,0.003703703703703687,0.0004115226337448541,0.004526748971193417,-0.0008230452674897082,-0.004115226337448541
231,231,0.9465020576131687,0.9467489200680551,0.948494623655914,0.9822222222222222,1.7960660921334344,1.715233077750348,1.8495126012942773,2.138203292408267,0.6314055435060566,0.046502057613168744,0.009465020576131722,0.01028806584362143,0.006584362139917732,0.007818930041152295,0.019341563786008254,0.0004115226337448541,0.017695473251028836,0.02757201646090538,0.010699588477366318,0.0004115226337448541,0.0020576131687242817,0.0012345679012345622,-0.0020576131687242705,0.004526748971193406,0.0020576131687242705,0.00905349794238688,-0.0012345679012345622,0.004115226337448541,0.004526748971193417,0.004115226337448541,0.004115226337448552,0.0012345679012345622,0.003292181069958855,0.0,-0.0024691358024691245,0.008230452674897182,0.006584362139917732
232,232,0.9670781893004116,0.9672571388299029,0.9692018072289157,0.9842620481927711,2.9134552394423032,1.945230799707319,1.5284502859953837,1.2105712973483638,0.36112444803689414,0.04032921810699593,0.015637860082304555,0.02551440329218111,0.004115226337448608,0.011934156378600869,0.012345679012345734,0.009053497942386902,0.03374485596707825,0.020987654320987682,0.0012345679012346067,0.002880658436214034,0.009465020576131754,0.00246913580246918,0.010699588477366318,0.004526748971193495,0.004115226337448608,0.007818930041152328,0.01399176954732515,0.001646090534979472,0.012345679012345734,0.004115226337448619,0.002880658436214023,0.005761316872428058,0.0032921810699588993,0.004938271604938338,0.015226337448559713,0.005761316872428058,0.014403292181070004
233,233,0.9629629629629629,0.9633405143609226,0.965392303848076,0.9887556221889056,2.276210245737836,1.5751210770566166,1.7937320530871264,2.357291248948951,-0.1770674472378287,0.015226337448559613,0.00905349794238679,0.010288065843621352,0.003703703703703687,0.005349794238683103,0.013580246913580197,0.000411522633744843,0.010699588477366207,0.010288065843621342,0.003292181069958833,-0.0012345679012346067,0.0024691358024691245,0.0008230452674897082,-0.0004115226337448874,0.0016460905349794165,0.005761316872427957,0.003703703703703687,0.0016460905349794165,-0.002469135802469202,0.006172839506172811,0.0024691358024691245,0.004115226337448541,-0.0008230452674897415,0.004526748971193395,0.0024691358024691245,0.006995884773662519,0.0024691358024691245,0.005761316872427957
234,234,0.9423868312757202,0.9426698285121224,0.942267812175974,0.976670122944749,2.258153245008673,1.7795110430352337,0.8342195356087071,2.4163517869918656,0.37289169777193704,0.04609053497942389,0.015637860082304576,0.017283950617283984,0.009876543209876599,0.01687242798353914,0.030041152263374525,0.0008230452674897526,0.020164609053497973,0.019341563786008275,0.010699588477366318,0.0028806584362140453,0.0016460905349794607,0.0008230452674897415,0.004938271604938327,-0.0012345679012345401,-0.0024691358024691024,0.008641975308642047,-0.004938271604938249,-0.0020576131687242705,0.006995884773662619,-0.005349794238683103,-0.0004115226337448208,0.005761316872428058,0.0016460905349794607,0.0004115226337448985,0.00905349794238689,-0.0012345679012345512,0.008641975308642025
235,235,0.9382716049382716,0.9389281777361322,0.941025641025641,0.985936285936286,2.3629481477924266,1.879420509358178,1.7528037137278967,1.7112786080906661,0.17048104950522486,0.04855967078189295,0.03004115226337445,0.019341563786008164,0.0037037037037036757,0.006584362139917632,0.0028806584362139455,-0.00246913580246918,0.025102880658436168,0.01563786008230448,-0.004115226337448619,-0.00246913580246918,-0.002880658436214034,-0.004115226337448608,-3.3306690738754695e-17,-0.004115226337448608,0.000411522633744843,-0.008641975308642035,-0.00246913580246918,-0.009053497942386902,-0.001646090534979483,-0.001646090534979472,-0.0069958847736626304,-0.004938271604938338,-0.005761316872428058,-0.0061728395061729,-0.0004115226337448985,-0.004526748971193484,-0.006172839506172911
236,236,0.9423868312757202,0.942767947884907,0.9450146627565983,0.9885630498533724,1.7950860865782043,1.3224030445127863,2.053719879535683,2.348325019603862,0.5013637507982086,0.049794238683127615,0.023045267489711974,0.013580246913580295,0.004526748971193484,0.005349794238683181,0.008641975308642047,0.0,0.014403292181070004,0.004526748971193473,-0.003703703703703687,-0.0004115226337448541,0.0004115226337448652,1.1102230246251566e-17,0.0008230452674897303,0.0004115226337448763,0.0008230452674897303,0.002057613168724326,0.0,0.0,-0.0024691358024691245,0.0,0.0,0.0012345679012345956,0.00246913580246918,-0.0008230452674896971,0.0008230452674897415,-0.0020576131687242705,-0.007407407407407374
237,237,0.9670781893004116,0.9672399020069272,0.9692638127684787,0.9931861946378314,2.5482345483496824,1.262297049446159,2.157569654743731,1.7144411798860688,0.3002742139780397,0.016872427983539127,0.022633744855967107,0.01028806584362144,-0.00041152263374480966,0.0028806584362140565,0.011934156378600857,0.0016460905349794607,0.004115226337448619,0.016872427983539127,0.0012345679012345956,0.0004115226337448874,-0.0012345679012345622,-0.0016460905349794052,0.0032921810699589106,0.0028806584362140565,0.001646090534979472,0.008641975308642047,0.0004115226337448985,-0.002057613168724259,0.0028806584362140565,0.002057613168724326,-0.0008230452674896748,0.0004115226337448874,-0.0008230452674897082,-0.006584362139917666,0.002057613168724326,-0.004938271604938238,0.003703703703703776
238,238,0.9547325102880658,0.955015302139275,0.957036485480268,0.9883842144452719,2.515767319564071,0.9650800110694302,1.4771260776297495,1.7643162125650873,1.1050393121406983,0.025514403292181066,0.029218106995884764,0.025514403292181076,0.007818930041152227,0.009053497942386801,0.011522633744855936,0.0028806584362139785,0.01646090534979423,0.0057613168724279795,-0.0008230452674897082,-0.0020576131687242705,-0.0028806584362139785,0.003292181069958833,0.008641975308641936,0.0016460905349794165,0.0024691358024691245,-0.0020576131687242705,0.004115226337448541,-0.0020576131687242705,-0.0008230452674897082,-0.0008230452674897082,-0.0012345679012345622,-0.007818930041152273,-0.0012345679012345622,0.003703703703703687,0.0020576131687242705,0.003703703703703687,0.006995884773662519
239,239,0.9670781893004116,0.9671706247527351,0.9663027108433735,0.9941265060240965,2.9926237716003246,1.6672528640465452,1.7551808824656518,0.8853026038950974,1.0347262493491394,0.044032921810699635,0.023868312757201672,0.02757201646090539,0.004938271604938338,0.019753086419753117,0.016460905349794275,0.009465020576131734,0.03744855967078192,0.036213991769547385,0.004938271604938327,0.007407407407407485,0.004938271604938327,0.007818930041152328,0.011111111111111172,0.004115226337448619,0.0061728395061729,0.004938271604938327,0.005349794238683203,0.004938271604938327,0.008230452674897193,0.0024691358024691913,0.0020576131687243373,0.006995884773662619,-0.0037037037037036535,0.00246913580246918,0.008230452674897193,0.0037037037037037646,0.006584362139917754
240,240,0.9547325102880658,0.9551702038962412,0.9598765432098766,0.9811004420057918,2.5531497593971952,1.4379116677346788,1.9985523648591694,1.7760311150321297,0.641838303192814,0.020987654320987637,0.013168724279835375,0.00781893004115224,-0.004526748971193395,0.0008230452674897082,0.0028806584362139785,-0.003703703703703687,0.008230452674897092,0.01646090534979422,-0.0004115226337448541,0.0024691358024691245,-0.0012345679012345622,-0.0012345679012345622,0.0,-0.0012345679012345622,-0.0016460905349794165,0.0004115226337448541,0.0,0.0008230452674897082,-0.0004115226337448541,-0.0008230452674897082,-0.0008230452674897082,-0.0008230452674897082,-0.0004115226337448541,-0.0008230452674897082,-0.0004115226337448541,-0.006584362139917666,0.0
241,241,0.9711934156378601,0.9714553713323661,0.9755036261079775,0.9839645447219983,1.976577552426077,1.5270238123459405,2.1518246267997796,1.9731940765923666,0.47042844805924555,0.023045267489711963,0.021810699588477377,0.027572016460905357,0.0028806584362139898,0.005761316872428002,0.005349794238683136,0.0,0.007818930041152283,0.006172839506172878,0.0008230452674897082,0.0028806584362139898,0.0,0.0004115226337448541,0.004115226337448541,0.0008230452674897082,0.0,0.004526748971193417,0.0004115226337448541,0.0008230452674897082,0.0012345679012345622,0.0,0.0,0.0012345679012345622,0.0,0.0004115226337448541,0.0012345679012345622,0.0020576131687242705,0.0008230452674897082
242,242,0.9629629629629629,0.962893628697305,0.9547619047619047,0.993095238095238,2.101131122428445,1.8567379398114403,1.8469714801184411,2.091639559037234,0.5799431840425016,0.01687242798353903,0.019341563786008188,0.017695473251028736,0.004526748971193384,-0.0024691358024691913,0.014403292181069916,-0.00246913580246918,0.005761316872427957,0.018518518518518455,0.0028806584362139785,-0.0008230452674897526,-0.002057613168724326,-0.0008230452674897526,0.0028806584362139564,-0.0004115226337448763,0.0012345679012345401,0.004938271604938216,-0.0028806584362140453,0.0,-0.0004115226337448763,-0.0020576131687243147,0.0004115226337448208,0.0012345679012345622,-0.0028806584362140453,-0.0016460905349794607,0.0012345679012345512,-0.0008230452674897415,0.006584362139917666
243,243,0.9382716049382716,0.9390897552891322,0.9444055944055945,0.9790986790986791,2.6824828781512435,1.0950953179945375,1.676155156541131,2.381148889446341,-0.1312127594711731,0.003703703703703687,0.006172839506172789,0.0037037037037036535,-0.0016460905349794607,0.0016460905349794052,0.006995884773662508,0.0028806584362139785,0.013168724279835332,0.005349794238683092,-0.004115226337448641,-0.0004115226337448652,-0.0020576131687243373,0.0028806584362139785,0.004115226337448541,0.000411522633744843,0.0,-0.0016460905349794607,0.0012345679012345622,-0.004526748971193506,-0.0028806584362140565,0.0008230452674897082,0.003292181069958833,-0.0004115226337448652,-0.0004115226337448763,0.0016460905349793941,-0.0028806584362140565,0.0012345679012345512,0.003703703703703687
244,244,0.9506172839506173,0.9509081645784961,0.9539112203585888,0.9871312897628687,2.4838115879144227,1.5702700279353803,2.203830619065828,1.466991283351842,0.2099540823971663,0.04032921810699589,0.016049382716049398,0.010288065843621418,0.0012345679012345622,0.008230452674897127,0.009465020576131689,0.0004115226337448541,0.019341563786008254,0.011934156378600824,0.0004115226337448541,0.0004115226337448541,0.0,0.0,0.0020576131687242705,0.0016460905349794165,-0.0016460905349794165,0.007407407407407374,0.0,-0.0004115226337448541,0.003292181069958833,0.0004115226337448541,-0.0020576131687242705,0.0020576131687242705,0.003292181069958833,-0.0016460905349794165,0.005349794238683115,-0.0020576131687242705,0.003292181069958833
245,245,0.9382716049382716,0.9385707905123981,0.9342657342657343,0.9854700854700855,1.8611456799629367,1.537746089166635,0.4952825185688109,2.7806496989022467,0.7483573981135561,0.03333333333333329,0.007407407407407374,0.010699588477366195,0.0028806584362139676,-0.0008230452674897303,0.012757201646090477,-0.0004115226337448652,0.01563786008230448,0.001646090534979383,0.0024691358024691245,-0.0004115226337448652,0.0,-0.0008230452674897303,0.0028806584362139785,-1.1102230246251566e-17,-0.0008230452674897303,-0.0016460905349794607,-0.0008230452674897303,-0.002057613168724326,-0.0008230452674897303,-0.0008230452674897303,0.0016460905349794165,-0.0012345679012345956,-0.0008230452674897303,-0.0012345679012345956,0.0012345679012345401,-1.1102230246251566e-17,0.001234567901234529
246,246,0.9547325102880658,0.9546615703137442,0.9475308641975309,0.990474013107758,2.156078423350034,1.5384686066524744,1.975224077702148,1.6318047208703923,0.5000360436308896,0.020576131687242795,0.015226337448559658,0.006584362139917676,0.004115226337448541,0.005349794238683103,0.019341563786008244,0.003703703703703687,0.012345679012345668,0.009465020576131699,-0.0020576131687242705,0.004938271604938249,0.0024691358024691245,0.0,0.0004115226337448541,0.0004115226337448541,0.0024691358024691245,0.0016460905349794165,0.0024691358024691245,0.004938271604938249,0.0012345679012345622,0.0004115226337448541,0.0028806584362139785,-0.0016460905349794165,0.0004115226337448541,-0.0020576131687242705,-0.0016460905349794165,0.003703703703703687,0.006584362139917666
247,247,0.9465020576131687,0.9467613517774116,0.9437062937062937,0.9888111888111888,1.8089548995512525,1.7975091611251348,1.8080121154207733,1.5853504426227356,1.0344401053976529,0.023868312757201658,0.00658436213991771,2.2204460492503132e-17,-0.004938271604938249,0.008230452674897137,0.009053497942386867,0.005761316872427991,0.017695473251028836,0.018518518518518535,0.0041152263374485635,-0.0012345679012345622,-0.003292181069958833,0.005349794238683181,0.0049382716049382715,0.004526748971193428,0.0037037037037037203,-0.00411522633744853,-0.0012345679012345622,0.0012345679012345733,0.003292181069958866,0.0008230452674897193,-0.0008230452674896971,0.00452674897119344,-0.0016460905349794165,-0.0012345679012345512,0.004526748971193451,-0.0024691358024691136,0.0008230452674897303
248,248,0.9382716049382716,0.9387391683916418,0.9417888563049854,0.9788856304985338,2.562941520912502,1.5534287616189923,1.3174494041587055,1.9873811749607349,0.6470521351155837,0.037448559670781846,0.02181069958847731,0.01687242798353904,0.009465020576131643,0.005761316872427957,0.024691358024691322,0.012345679012345623,0.01687242798353904,0.01193415637860078,-0.001646090534979472,0.004115226337448541,0.004526748971193395,0.005761316872427957,0.009465020576131643,0.003292181069958833,0.004938271604938249,0.01687242798353903,0.0028806584362139785,0.0004115226337448319,-0.0008230452674897303,0.0016460905349794052,0.003703703703703687,0.009465020576131643,0.006584362139917666,0.0004115226337448541,0.004938271604938238,0.0020576131687242705,0.0028806584362139785
249,249,0.9506172839506173,0.9509811375402772,0.9538719285182428,0.9889054355919583,2.0042537835689056,2.1710173302306637,1.554268195291352,1.4952533360759672,0.8346006908477435,0.01728395061728395,0.01522633744855969,0.016872427983539096,0.006172839506172834,0.0020576131687242817,0.010699588477366273,-0.0028806584362139785,0.010288065843621408,0.00781893004115226,-0.003292181069958833,0.004938271604938249,0.0004115226337448541,0.0004115226337448541,0.004115226337448541,-0.0004115226337448541,0.004526748971193395,0.0,0.0008230452674897082,-0.003292181069958833,0.0004115226337448541,0.0012345679012345622,0.0028806584362139785,0.0020576131687242705,0.0016460905349794165,-0.007407407407407374,0.0012345679012345622,0.0016460905349794165,0.0016460905349794165
