,random_seed,accuracy,f1_weighted,balanced_acc,auc,model_weights.random_forest,model_weights.bagging_svc,model_weights.bagging_knn,model_weights.gradient_boosting,model_weights.mlp,feature_importance.backlow_CO2_scaled,feature_importance.backtop_temperature_scaled,feature_importance.back_CO2_vd_scaled,feature_importance.backlow_temperature_scaled,feature_importance.backtop_CO2_scaled,feature_importance.backtop_CO2_fd3_scaled,feature_importance.backtop_humidity_scaled,feature_importance.back_CO2_vd_fd3_scaled,feature_importance.backtop_temperature_fd2_scaled,feature_importance.backtop_humidity_fd1_scaled,feature_importance.back_CO2_vd_fd1_scaled,feature_importance.backlow_temperature_fd2_scaled,feature_importance.backtop_temperature_fd1_scaled,feature_importance.backtop_temperature_fd3_scaled,feature_importance.backlow_temperature_fd3_scaled,feature_importance.backlow_humidity_scaled,feature_importance.backtop_CO2_fd1_scaled,feature_importance.backlow_CO2_fd2_scaled,feature_importance.backtop_CO2_fd2_scaled,feature_importance.back_CO2_vd_fd2_scaled,feature_importance.backlow_humidity_fd2_scaled,feature_importance.backlow_CO2_fd1_scaled,feature_importance.backlow_CO2_fd3_scaled,feature_importance.backlow_temperature_fd1_scaled,feature_importance.backlow_humidity_fd1_scaled,feature_importance.backlow_humidity_fd3_scaled,feature_importance.backtop_humidity_fd2_scaled,feature_importance.backtop_humidity_fd3_scaled
0,0,0.9506172839506173,0.9506172839506173,0.9454177897574124,0.9916891284815813,2.383706945337259,1.729388096197246,0.9925754229020376,1.7118487118770218,0.8494899023610281,0.032098765432098754,0.029218106995884775,0.028395061728395087,0.025514403292181086,0.02016460905349795,0.00864197530864197,0.006172839506172834,0.004526748971193395,0.004115226337448541,0.004115226337448541,0.0028806584362139785,0.0028806584362139785,0.0024691358024691245,0.0024691358024691245,0.0020576131687242705,0.0020576131687242705,0.0012345679012345622,0.0008230452674897082,0.0008230452674897082,0.0004115226337448541,0.0004115226337448541,0.0,0.0,0.0,0.0,-0.003292181069958833,-0.003703703703703687,-0.006995884773662519
1,1,0.9670781893004116,0.9673378673362215,0.9721009036144579,0.9893072289156627,2.5185423154505058,1.0677574200262936,1.260074066006093,1.5691438490006329,1.1491393568502084,0.03786008230452679,0.046090534979423906,0.04197530864197534,0.03209876543209883,0.02921810699588483,0.006584362139917777,0.01193415637860088,0.0028806584362140565,0.0012345679012345846,0.007818930041152338,0.0004115226337448652,0.0008230452674897303,0.002469135802469158,0.006995884773662609,0.004526748971193473,0.016049382716049422,0.0008230452674897303,0.0008230452674897303,0.0008230452674897303,0.0012345679012345956,0.0032921810699589106,0.007818930041152338,0.0004115226337448652,0.0008230452674897303,0.0004115226337448652,0.002057613168724326,0.0008230452674897303,0.0008230452674897193
2,2,0.9218106995884774,0.922985364019749,0.9342319656347208,0.976892312250037,2.3003718075391824,1.2656280418701493,1.5449771755687327,2.1556977786421267,0.2957875636898274,0.027983539094650223,0.021399176954732545,0.019341563786008254,0.011111111111111138,0.012345679012345701,0.005761316872428024,0.006584362139917721,-0.0004115226337448541,0.0012345679012345622,-0.003292181069958833,-0.0028806584362139785,0.0004115226337448541,-0.003292181069958833,0.006584362139917743,0.0,0.0020576131687242926,-0.0004115226337448541,0.0,0.0,-0.0016460905349794165,0.0012345679012345622,0.0,-0.0008230452674897082,0.0016460905349794165,0.0,0.006172839506172856,-0.003703703703703687,-0.0008230452674897082
3,3,0.9547325102880658,0.954938861738822,0.9535276073619632,0.9878067484662577,1.999757429417329,1.1128146866467727,1.9327397995365665,1.5994420430422602,1.0459096609487186,0.028806584362139908,0.03415637860082301,0.03127572016460902,0.0251028806584362,0.01728395061728394,-0.003703703703703687,0.006172839506172823,0.0016460905349794165,0.007407407407407374,0.0024691358024691245,0.0008230452674897082,0.0028806584362139785,0.003292181069958833,0.00905349794238679,0.003292181069958833,0.007407407407407374,0.0028806584362139785,-0.0008230452674897082,0.0,0.0,0.0024691358024691245,-0.0004115226337448541,0.0,0.004938271604938249,0.0020576131687242705,0.0028806584362139785,0.006584362139917666,0.006172839506172823
4,4,0.934156378600823,0.9356779514325121,0.9398948494029584,0.9896631616467653,2.378040953887941,1.9786404329066312,0.8543811713735118,1.630450413905387,0.9651271328983175,0.013580246913580207,0.006584362139917655,0.01193415637860078,0.018930041152263332,0.008641975308641947,0.005349794238683103,0.0016460905349794052,-0.009465020576131744,-0.0012345679012345733,-0.0004115226337448541,-0.006584362139917743,-0.002057613168724304,-0.007407407407407441,0.0008230452674896971,-0.004526748971193428,-0.0024691358024691358,-0.006172839506172856,-0.0041152263374485635,-0.0016460905349794165,-0.006172839506172867,-0.01111111111111115,-0.006995884773662564,-0.0004115226337448652,-0.004938271604938293,-0.005349794238683136,-0.013580246913580295,-0.00534979423868317,-0.007818930041152283
5,5,0.9423868312757202,0.9427822157669653,0.9449602122015914,0.9820954907161803,1.5717944710160885,1.5368945933677396,1.8164904563734754,1.2672802452827494,1.5747819511932566,0.016872427983539127,0.08930041152263378,0.031687242798353964,0.05720164609053502,0.010288065843621453,0.005349794238683192,0.006584362139917754,2.2204460492503132e-17,0.0012345679012346067,-0.0012345679012345512,0.0,3.3306690738754695e-17,-0.0012345679012345401,0.0032921810699588884,0.0012345679012346067,0.0032921810699588993,4.4408920985006264e-17,2.2204460492503132e-17,0.0012345679012345956,0.0028806584362140565,0.0008230452674897526,-0.003292181069958833,3.3306690738754695e-17,-0.0012345679012345401,-0.0008230452674896971,0.0012345679012346177,-0.0012345679012345512,-0.0037037037037036757
6,6,0.9547325102880658,0.9552290901083172,0.9599045532780472,0.986934751994993,2.0613215104792455,1.099501658863104,0.688842561427233,2.5485216384425593,1.2111472034102269,0.039917695473251025,0.0362139917695473,0.030452674897119326,0.01934156378600823,0.01728395061728395,0.008641975308641947,0.004115226337448552,0.0012345679012345622,0.003703703703703687,0.003703703703703687,-0.0004115226337448541,0.006584362139917666,0.009465020576131643,0.007818930041152227,0.010288065843621363,0.004115226337448541,0.0024691358024691245,0.0028806584362139785,0.0028806584362139785,0.0,0.007407407407407374,0.003292181069958833,0.008230452674897082,0.004938271604938249,0.003703703703703687,0.0004115226337448541,0.004526748971193395,0.003292181069958833
7,7,0.9465020576131687,0.9467939511013325,0.9425475771629618,0.9812090196705582,2.086405715075478,1.2518625075874092,1.477452963232742,1.577355363141212,1.1533696807908251,0.03333333333333336,0.015226337448559713,0.023868312757201682,0.014814814814814847,0.017283950617283984,0.0028806584362139785,-0.0012345679012345512,0.003292181069958833,0.0016460905349794165,0.005349794238683148,0.0008230452674897082,0.0024691358024691245,-0.0024691358024691245,0.004115226337448552,0.003703703703703709,0.0008230452674897082,0.0037037037037036978,0.0,-0.0004115226337448541,-0.0024691358024691245,0.003292181069958855,0.0037037037037036978,0.0,0.0,0.0028806584362139785,-0.003703703703703687,0.003703703703703687,0.0008230452674897082
8,8,0.9423868312757202,0.9429524324965961,0.9498030059827812,0.9853348898292719,2.5056007424464197,0.5649862429372204,1.8802705747051842,1.1670751782460533,1.465677498552488,0.022222222222222275,0.061316872427983594,0.027572016460905402,0.020576131687242837,0.0061728395061728895,-0.000823045267489686,0.00246913580246918,0.0008230452674897303,1.1102230246251566e-17,-0.0008230452674896971,0.0004115226337448763,0.0008230452674897526,0.0004115226337448652,-0.006995884773662519,0.0004115226337448763,0.004115226337448619,0.0016460905349794607,0.0032921810699589214,0.0004115226337448874,-0.0024691358024691136,0.0008230452674897415,0.007818930041152338,0.0020576131687243373,0.001646090534979472,-0.0008230452674896971,0.004115226337448619,0.0004115226337448652,1.1102230246251566e-17
9,9,0.9300411522633745,0.9307852681009499,0.9315850815850816,0.9795648795648796,2.0005427435582375,1.4532213937101894,1.1185723293337047,1.5209351024447633,1.5636488609774648,0.02016460905349795,0.06460905349794237,0.030452674897119336,0.0316872427983539,0.00987654320987652,0.005761316872427957,0.016049382716049367,0.01069958847736624,0.004526748971193395,0.0012345679012345622,0.00905349794238679,0.0004115226337448541,-0.0020576131687242705,0.0028806584362139785,0.000411522633744843,0.008641975308641947,0.010699588477366217,0.0012345679012345622,0.004938271604938249,0.004526748971193395,-0.0004115226337448541,0.004938271604938249,0.0020576131687242705,0.006172839506172811,0.0020576131687242705,0.0028806584362139785,-0.003292181069958833,-0.0020576131687242705
10,10,0.9670781893004116,0.9671618764849926,0.9666345726559029,0.9850392534439343,2.0166223206678504,1.330091859640165,1.876018135096666,2.027965411621799,0.6908416360431205,0.02839506172839511,0.027983539094650255,0.02263374485596712,0.019753086419753117,0.007818930041152316,0.002057613168724326,0.003703703703703776,-0.0012345679012345622,-0.0008230452674896971,-0.0016460905349794165,-0.0028806584362139785,-0.0016460905349794165,-0.003292181069958833,-0.0012345679012345512,0.0008230452674897415,0.006172839506172911,-0.007407407407407374,-0.0016460905349794052,-0.0020576131687242705,-0.0020576131687242705,-0.0016460905349794165,-0.0016460905349794052,0.0024691358024691913,-0.0012345679012345622,-0.0016460905349794165,0.0012345679012345956,-0.0016460905349794165,-0.0012345679012345622
11,11,0.9670781893004116,0.9671402396548596,0.9672640297015564,0.9911466514350993,2.6542248817033807,1.584819095164028,1.1905139590569143,1.1692739880067533,1.0867220545340304,0.03827160493827164,0.08765432098765435,0.039506172839506214,0.018930041152263422,0.02633744855967083,0.0024691358024691913,0.012757201646090588,3.3306690738754695e-17,0.0,0.0008230452674897415,0.004938271604938349,0.0004115226337448985,0.0049382716049383045,0.0028806584362140453,0.0012345679012346177,0.004526748971193473,0.0024691358024691913,0.0012345679012346067,2.2204460492503132e-17,0.0,0.0004115226337448763,0.004526748971193473,0.0008230452674897303,0.0008230452674897303,2.2204460492503132e-17,0.006172839506172911,0.0008230452674897303,2.2204460492503132e-17
12,12,0.9465020576131687,0.9464328992544349,0.9405393457117595,0.9915266725611553,2.162777584766126,1.260812944520838,1.3144550376941972,2.029416900317115,1.1050910206548388,0.023045267489711963,0.021810699588477388,0.021399176954732535,0.026337448559670795,0.009876543209876553,-0.0004115226337448541,-0.0024691358024691245,-0.004526748971193395,-0.003703703703703687,-0.0028806584362139785,0.0028806584362139898,-0.004115226337448541,-0.003292181069958833,-0.003703703703703687,-0.0024691358024691245,-0.0004115226337448541,-0.0004115226337448541,-0.0016460905349794165,-0.0020576131687242705,0.0,-0.0008230452674897082,0.0,-0.0016460905349794165,-0.004115226337448541,-0.0008230452674897082,-0.0008230452674897082,0.0,0.0
13,13,0.9053497942386831,0.905196877167463,0.8912576687116565,0.9749233128834356,1.8357584137164833,1.706771487018938,1.6385739477982841,1.9888711426292782,0.6454755616362932,0.003292181069958855,0.014814814814814791,0.02304526748971193,0.008230452674897104,0.009876543209876543,-0.004526748971193406,0.006172839506172823,-0.013580246913580252,-0.009053497942386824,-0.003292181069958833,-0.0032921810699588438,-0.009876543209876543,-0.005761316872427968,-0.011111111111111105,-0.0024691358024691358,0.010288065843621385,-0.0020576131687242705,-0.009053497942386812,-0.010699588477366262,-0.010699588477366262,-0.006995884773662553,-0.004526748971193406,-0.011522633744855982,-0.007818930041152273,-0.0065843621399176875,-0.010699588477366262,-0.009465020576131678,-0.008230452674897127
14,14,0.9465020576131687,0.9469342145535735,0.9469175402910343,0.9865435769050227,2.0962579097211917,1.4487856949986597,1.486696239146069,1.707710139800457,1.163837840287977,0.009053497942386846,0.006995884773662586,0.007407407407407418,0.013580246913580285,0.0016460905349794386,-0.0004115226337448541,1.1102230246251566e-17,-0.0028806584362139785,-0.004115226337448541,-0.004938271604938249,-0.0008230452674897082,-0.0004115226337448541,-0.0012345679012345622,-0.0020576131687242705,-0.0008230452674897082,0.0004115226337448541,-0.0028806584362139785,-0.0012345679012345622,-0.0016460905349794165,-0.003703703703703687,-0.005761316872427957,-0.003703703703703687,-0.0008230452674897082,-0.0024691358024691245,-0.004526748971193395,-0.006995884773662519,-0.004115226337448541,-0.004115226337448541
15,15,0.9670781893004116,0.9671590456536693,0.9667329796640142,0.9923371647509579,2.990256460781305,1.2863605351960432,1.7426343402187714,1.2723333907940273,0.30499508256599506,0.043621399176954775,0.05720164609053503,0.020164609053497973,0.0012345679012346177,0.02263374485596712,0.0028806584362140565,0.0020576131687243373,-0.0020576131687242705,0.0012345679012345956,0.0008230452674897303,0.0,-0.0016460905349793941,0.0028806584362140453,0.0004115226337448985,0.0016460905349794496,0.004526748971193473,0.0037037037037037646,-0.0008230452674897082,0.0,0.0,0.0008230452674897303,0.0012345679012345956,-0.0012345679012345622,-0.0004115226337448541,0.0004115226337448763,0.0012345679012346067,0.0,0.0004115226337448652
16,16,0.9629629629629629,0.9632576926074601,0.9701986754966887,0.9920817736826951,1.7574635862871786,1.436930383454402,2.418394316319311,0.7450311384017368,1.1843881940408758,0.03539094650205754,0.0473251028806584,0.03168724279835387,0.030864197530864158,0.029629629629629596,0.007818930041152227,0.010699588477366207,0.004526748971193395,0.007407407407407374,0.010288065843621352,0.010699588477366207,0.006172839506172811,0.0028806584362139676,0.008641975308641936,0.004938271604938249,0.008641975308641936,0.003703703703703687,0.004938271604938249,0.009465020576131643,0.006584362139917666,0.007407407407407374,0.006995884773662519,0.0028806584362139676,0.004526748971193395,0.007407407407407374,0.006172839506172811,0.0016460905349794165,0.002057613168724259
17,17,0.934156378600823,0.934156378600823,0.9283819628647214,0.9815060418508694,1.5264873364141178,2.085120136558666,2.050220164604601,1.4443514709552139,0.6956303071105435,0.009465020576131656,0.024691358024691322,0.020987654320987627,0.021810699588477332,0.018106995884773637,0.003292181069958833,0.006995884773662508,0.0016460905349794052,-0.003703703703703709,0.0028806584362139785,-0.006172839506172878,0.003703703703703687,0.000411522633744843,-0.0004115226337448652,0.004115226337448541,0.00905349794238679,0.0020576131687242705,0.0004115226337448541,0.0008230452674897082,-0.012345679012345723,0.0016460905349794052,0.0024691358024691245,-0.0008230452674897193,0.0008230452674897082,0.0020576131687242705,-0.0004115226337448652,0.0020576131687242705,0.0
18,18,0.9382716049382716,0.9381971150753262,0.9323289070480082,0.985553772070626,2.444705679417486,0.8053608904313708,0.9078104023071305,1.9543946324581523,1.9598462643032761,0.031275720164609014,0.034979423868312695,0.007818930041152227,0.022222222222222164,0.01275720164609051,-0.004115226337448641,-0.004115226337448608,-0.002057613168724326,-0.004526748971193473,-0.007818930041152328,-0.0032921810699588993,-1.1102230246251566e-17,-0.0032921810699588993,-0.0032921810699588993,-0.005349794238683192,0.0012345679012345401,-0.005761316872428046,-0.006995884773662619,-0.005761316872428058,-0.005761316872428068,-0.0004115226337448763,-0.006172839506172922,-0.0037037037037037424,-0.0069958847736626304,-0.004526748971193495,-0.002880658436214034,-0.002057613168724326,-2.2204460492503132e-17
19,19,0.9423868312757202,0.9430763389759502,0.9474358974358974,0.9871794871794871,2.6725675149823327,1.5428258639781611,1.4055291560427274,1.5316996266198426,0.4259582246001294,0.011111111111111172,0.00905349794238688,0.006584362139917766,0.006995884773662586,0.007407407407407441,-0.003703703703703687,-0.005349794238683103,-0.0012345679012345622,-0.0020576131687242705,0.0024691358024691913,-0.0028806584362139676,-0.003292181069958833,-0.005761316872427957,-0.005761316872427957,-0.003292181069958833,-0.0024691358024691024,-0.000823045267489686,-0.0012345679012345512,-0.0012345679012345512,-0.003703703703703687,-0.004938271604938249,-0.0008230452674896748,-0.002057613168724259,-0.0020576131687242705,3.3306690738754695e-17,-0.001646090534979383,-0.002057613168724259,-0.0032921810699588104
20,20,0.9670781893004116,0.9674021728496704,0.9724629687992437,0.9933028679483138,2.4244901571751747,1.7386897696136205,1.2612956706537546,1.4680985158530138,0.82576087188225,0.019341563786008275,0.045679012345679046,0.038271604938271656,0.03168724279835396,0.016872427983539152,-0.0016460905349794052,0.013168724279835443,0.005761316872428058,0.0032921810699588884,0.0004115226337448652,0.0008230452674897303,0.0028806584362140453,0.0008230452674897303,0.004526748971193484,0.005761316872428058,0.014403292181070004,0.0020576131687243147,0.004526748971193495,0.008230452674897193,0.0020576131687243147,0.004526748971193506,0.0008230452674897303,0.00493827160493836,0.00246913580246918,0.004526748971193495,0.008641975308642047,-0.0028806584362139785,-0.0016460905349794052
21,21,0.9423868312757202,0.9427999102509732,0.939588997281305,0.9896049896049895,2.095299338291593,1.493325168659487,1.4344176431271465,1.5583255321693938,1.2960170127192712,0.008641975308642025,0.010288065843621463,0.013168724279835453,0.002057613168724348,0.00534979423868317,0.0028806584362140453,-0.0012345679012345178,-0.0008230452674897082,2.2204460492503132e-17,0.0,-0.0004115226337448541,0.002057613168724326,2.2204460492503132e-17,0.001646090534979472,0.0012345679012346067,-0.0016460905349794052,0.0032921810699589214,0.0032921810699589214,0.0032921810699589214,0.0,-0.0028806584362139785,0.0020576131687243373,-0.0016460905349794165,0.0032921810699589214,0.0,1.1102230246251566e-17,0.0,0.0004115226337448985
22,22,0.9259259259259259,0.9264528646551119,0.9268997185602132,0.9831136127981039,1.4600893231373575,1.5588239448535242,2.0396488950577845,1.9604346361694087,0.6688080199558699,0.03168724279835391,0.0279835390946502,0.028395061728395055,0.019753086419753086,0.01316872427983542,0.0028806584362139785,0.0012345679012345622,0.0016460905349794165,0.0024691358024691245,0.0,0.0,-0.0004115226337448541,-0.0016460905349794165,0.009053497942386834,0.005349794238683103,0.013580246913580275,0.0016460905349794165,-0.0004115226337448541,0.0,0.0,0.003703703703703687,0.0024691358024691245,0.0004115226337448541,0.004115226337448541,0.0,-0.0024691358024691245,0.0,-0.009876543209876498
23,23,0.9547325102880658,0.9553709700569604,0.9634809328710998,0.9903876457611094,2.5224449855622773,0.6604718846178385,1.3208214920922041,2.2133447986861614,0.9698526499613,0.016872427983539086,0.013580246913580252,0.029218106995884775,0.006995884773662531,0.006172839506172823,0.0008230452674897082,-0.005349794238683103,0.0020576131687242705,0.0,-0.003292181069958833,0.0004115226337448541,0.004115226337448541,0.0020576131687242705,0.004938271604938249,-0.0004115226337448541,-0.003703703703703687,-0.003703703703703687,-0.004115226337448541,-0.003703703703703687,0.003703703703703687,0.003703703703703687,0.0004115226337448541,0.0028806584362139785,0.003292181069958833,-0.007407407407407374,-0.0016460905349794165,0.003703703703703687,0.0
24,24,0.9300411522633745,0.9306114862539848,0.9327136720485854,0.9827432972892906,1.851678820650202,1.6133087719308512,1.10239619862618,2.1614391209572146,0.8759138760524167,0.027983539094650213,0.037037037037037035,0.02921810699588474,0.010288065843621385,0.009465020576131656,0.0004115226337448541,0.0012345679012345622,0.0028806584362139785,0.0028806584362139785,0.0004115226337448541,-0.0004115226337448541,0.0008230452674897082,0.0008230452674897082,0.0028806584362139785,0.003703703703703687,0.003292181069958833,0.0020576131687242705,0.0004115226337448541,-0.0004115226337448541,0.004526748971193395,0.0028806584362139785,0.0004115226337448541,0.0004115226337448541,0.0024691358024691245,0.0004115226337448541,-0.0004115226337448541,0.0004115226337448541,0.005761316872427957
25,25,0.9711934156378601,0.971233205965876,0.969564240790656,0.9972297094938605,2.0447985134068225,0.9346959981871003,1.1726848791739628,2.388247290828905,0.8310889191885475,0.030864197530864234,0.052263374485596724,0.02592592592592593,0.020576131687242826,0.019341563786008244,0.006172839506172867,0.00658436213991771,-0.0008230452674897082,-0.006172839506172811,-0.004938271604938249,-0.0020576131687242705,-0.0024691358024691245,-0.0028806584362139785,0.0004115226337448541,0.0012345679012345622,0.002469135802469158,0.0,0.0,-0.0020576131687242705,-0.0028806584362139785,-0.0024691358024691245,0.0016460905349794165,0.0020576131687242705,0.0,-0.005761316872427957,-0.003292181069958833,-0.0020576131687242705,-0.003703703703703687
26,26,0.934156378600823,0.9349283565954708,0.9324938067712634,0.981420313790256,1.8507889017785264,1.5513432342932498,2.3125045836931397,1.8046510197123948,0.6777308194717299,0.015226337448559635,0.017283950617283918,0.011934156378600791,0.0185185185185185,0.0024691358024691358,-0.0020576131687242705,-0.003292181069958855,-0.0020576131687242705,-0.0008230452674897082,-0.004526748971193428,-0.004115226337448552,-0.0012345679012345622,-0.0004115226337448541,-0.0028806584362139898,-0.0016460905349794275,0.004938271604938238,-0.0032921810699588438,-0.0004115226337448541,-0.0004115226337448541,-0.0004115226337448541,-0.0012345679012345733,-0.0004115226337448541,-0.0020576131687242705,-0.0008230452674897082,-0.0008230452674897082,0.0032921810699588216,-0.0008230452674897082,-0.004526748971193406
27,27,0.934156378600823,0.9350733058899057,0.9373086220789686,0.9792103142626915,1.941116312357214,2.206447116842239,1.2526558447245117,1.302543428742001,0.8910554747539002,0.02222222222222219,0.01646090534979421,0.039094650205761305,0.018106995884773623,0.02057613168724276,0.004938271604938249,-0.0008230452674897193,-0.0020576131687242817,0.0020576131687242705,-0.004526748971193417,0.0028806584362139785,0.0004115226337448541,0.000411522633744843,0.0008230452674897082,0.003292181069958833,-1.1102230246251566e-17,0.0,-0.0008230452674897193,-0.006172839506172867,0.004115226337448541,-0.007407407407407441,0.0016460905349794165,-0.0012345679012345733,-0.0012345679012345622,-0.005349794238683148,-0.0020576131687242705,0.0008230452674897082,0.004526748971193395
28,28,0.9588477366255144,0.9588477366255144,0.9542545180722892,0.9946536144578313,2.316487049209084,0.6667283512616387,0.8863440158640987,2.2679157007712583,1.2795369978340574,0.02921810699588474,0.018106995884773637,0.01069958847736623,0.027983539094650168,0.01481481481481477,-0.0012345679012345846,0.0024691358024691245,0.0,-0.006995884773662575,-0.0008230452674897082,-0.003292181069958833,-0.003703703703703687,-0.0057613168724280125,-0.004526748971193417,-0.0069958847736625975,0.0024691358024691245,0.0004115226337448541,-0.0004115226337448541,-0.007818930041152316,-0.0004115226337448541,-0.0020576131687242705,-0.003292181069958855,-0.0008230452674897082,-0.003292181069958833,-0.0028806584362139785,0.004115226337448541,-0.0008230452674897082,-0.0004115226337448541
29,29,0.9300411522633745,0.9302267227802801,0.9293741109530583,0.9849928876244665,1.9446308804210213,1.3816509266214416,1.324849999298579,1.425188929290358,1.599557342722642,0.004938271604938249,0.014403292181069949,0.02345679012345677,0.013991769547325084,0.010699588477366262,0.003703703703703687,0.0012345679012345622,0.0,0.005349794238683103,-0.003292181069958833,0.0,0.006172839506172811,0.004526748971193395,0.0020576131687242705,0.004526748971193395,-0.0016460905349794165,0.0012345679012345622,0.0,-0.0012345679012345622,-0.0008230452674897082,-0.0020576131687242705,0.0008230452674897082,0.0016460905349794165,0.004526748971193395,0.0028806584362139785,0.004526748971193395,0.0,-0.003703703703703687
30,30,0.9506172839506173,0.9510745313214449,0.9534965034965035,0.9874902874902874,2.5181741592434213,0.9249469479261762,1.653757753785582,1.8673615974044615,0.3185867466432376,0.030452674897119347,0.05267489711934158,0.03251028806584364,0.011522633744855992,0.007407407407407418,0.003292181069958833,-0.0024691358024691245,0.0024691358024691245,0.0008230452674897082,0.0008230452674897082,0.0008230452674897082,0.0024691358024691245,0.0,-0.0012345679012345622,-0.0020576131687242705,0.008641975308641992,0.0008230452674897082,0.003703703703703687,0.003703703703703687,-0.0020576131687242705,0.0,0.0008230452674897082,0.003703703703703687,0.0020576131687242705,0.004938271604938249,-0.0028806584362139785,0.0020576131687242705,0.004938271604938249
31,31,0.9547325102880658,0.9553088128159789,0.9597953216374269,0.9770955165692008,2.1807674510744772,2.0275191226320404,1.3871279457980552,1.7394845056152672,0.4004416895935553,0.01934156378600823,0.03539094650205761,0.0345679012345679,0.013168724279835375,0.01934156378600822,0.0,0.0012345679012345622,0.004115226337448541,0.0028806584362139785,0.0008230452674897082,-0.0008230452674897082,-0.0024691358024691245,0.0024691358024691245,0.0,0.0012345679012345622,0.007407407407407374,0.0,-0.003292181069958833,0.0,-0.0008230452674897082,-0.0004115226337448541,-0.0004115226337448541,0.0,-0.0012345679012345622,-0.0024691358024691245,0.0016460905349794165,0.0,-0.0012345679012345622
32,32,0.9382716049382716,0.9392742305925587,0.9506172839506173,0.9877305288827922,1.7263095412445748,1.9376577867689466,1.2345526382519751,1.958631825529021,0.7552504093912155,0.0061728395061727784,0.03004115226337444,0.03497942386831271,0.03827160493827157,0.019341563786008174,0.005761316872427957,0.006995884773662508,0.002057613168724259,0.002057613168724259,-0.005349794238683192,0.0016460905349794052,-0.0008230452674897303,-0.002057613168724326,-0.002057613168724304,0.004526748971193384,0.004115226337448541,0.0012345679012345401,0.0024691358024691024,0.006584362139917655,-0.0020576131687243373,0.003292181069958833,0.002057613168724259,0.0016460905349794052,-0.0028806584362140453,-0.004115226337448641,-0.0016460905349794496,-0.0008230452674897303,0.0012345679012345401
33,33,0.9547325102880658,0.9551284188797586,0.9597933513027852,0.9856993111710093,1.6527595902976226,1.687944919643158,1.3498696397769587,1.639667982188423,1.478570276620835,0.020164609053497918,0.02304526748971194,0.02057613168724278,0.039094650205761305,0.00987654320987653,0.0028806584362139785,0.0008230452674897082,0.0008230452674897082,0.0024691358024691245,0.0012345679012345622,-0.003292181069958833,0.0016460905349794165,0.0028806584362139785,0.0,0.0012345679012345622,0.0016460905349794165,0.0024691358024691245,0.0,0.0008230452674897082,0.0004115226337448541,0.0012345679012345622,0.0012345679012345622,-0.0004115226337448541,0.0,0.0020576131687242705,0.004938271604938249,0.0004115226337448541,-0.0004115226337448541
34,34,0.9300411522633745,0.9299537438730008,0.9230571847507332,0.9835777126099707,2.19936644309763,2.1150414296593407,1.4618214073440685,1.431873368469076,0.7035817876426106,0.01934156378600823,0.05720164609053498,0.03292181069958847,0.009053497942386812,0.03415637860082301,-0.0004115226337448541,0.006584362139917676,-0.0008230452674897082,-0.006172839506172823,-0.0016460905349794165,-0.006995884773662531,-0.006995884773662542,0.003292181069958833,-0.004526748971193406,-0.0016460905349794165,0.006995884773662519,0.0008230452674897082,0.0016460905349794165,-0.0004115226337448541,-0.0020576131687242705,0.0008230452674897082,0.003703703703703687,0.0008230452674897082,0.0016460905349794165,-0.0024691358024691245,-0.0008230452674897082,-0.005761316872427957,-0.015226337448559713
35,35,0.9135802469135802,0.9139041721249653,0.909457858095097,0.9798548363205452,1.8918221759718286,1.6128748502037014,0.8431632572996309,2.0246802763016434,1.6628883695250578,0.011934156378600791,0.04362139917695468,0.019341563786008174,0.03580246913580241,-0.0020576131687243373,0.006995884773662519,-0.001646090534979472,0.0020576131687242705,-0.0037037037037037533,-0.006584362139917766,-0.005761316872428046,-0.005761316872428058,-0.005761316872428058,-0.004526748971193484,-0.0028806584362140453,0.0004115226337448208,-0.004526748971193484,0.003292181069958833,0.004938271604938249,-3.3306690738754695e-17,-0.0032921810699588993,-0.005349794238683181,0.0037037037037036757,-0.009876543209876609,-0.0061728395061728895,-0.009465020576131754,-0.012345679012345734,-0.010699588477366318
36,36,0.9465020576131687,0.9466889737949653,0.9457844574780059,0.9881964809384165,1.8657528282982587,0.826419668363874,1.5324336066639104,2.2475860212344054,1.0069850557586897,0.025514403292181086,0.06213991769547328,0.028395061728395087,0.029629629629629662,0.008230452674897148,0.004115226337448574,0.00823045267489717,-0.0024691358024691245,0.0012345679012345622,0.0008230452674897082,0.0,0.0008230452674897082,-0.0016460905349794165,0.005349794238683136,0.005761316872428002,-0.0008230452674897082,0.0,-0.0016460905349794165,0.0004115226337448541,0.0,-0.003292181069958833,-0.0024691358024691245,0.0,-0.0012345679012345622,-0.004115226337448541,-0.0008230452674897082,0.0,0.0
37,37,0.9382716049382716,0.9384950745271078,0.9366710875331565,0.9827586206896552,2.5096199972587954,1.4384799598742948,1.9458054797201445,1.3476899099336048,0.6437361630963514,0.025102880658436154,0.07901234567901229,0.02345679012345675,0.0024691358024690802,0.00411522633744853,-0.0024691358024691913,0.0004115226337448319,0.0008230452674897082,-0.005349794238683192,-0.003703703703703776,-0.0004115226337448652,-0.00493827160493836,0.0020576131687242484,-0.004938271604938338,0.0004115226337448208,-0.0020576131687243147,-0.001646090534979472,-0.001646090534979472,-0.004115226337448608,0.0004115226337448319,0.00411522633744853,-0.0020576131687243147,-2.2204460492503132e-17,-0.002057613168724326,-0.0012345679012346177,0.0008230452674896971,-0.0004115226337448652,-0.002057613168724326
38,38,0.9588477366255144,0.9591404803639512,0.9628943860168864,0.9954821507924752,2.438616267738928,1.2026209818439435,1.569826225480067,1.2214526731252018,1.2653259400737433,0.02427983539094649,0.04238683127572013,0.014403292181069938,0.02716049382716046,0.011934156378600791,0.004115226337448541,-0.0008230452674897082,0.0008230452674897082,0.0016460905349794165,0.0008230452674897082,0.0,0.004115226337448541,0.003703703703703687,0.002057613168724259,0.004115226337448541,-0.0004115226337448541,0.004115226337448541,-0.0004115226337448541,-0.0008230452674897082,0.0024691358024691245,-0.0037037037037037203,0.0028806584362139785,0.0012345679012345622,0.003292181069958833,0.0012345679012345622,-0.005761316872428002,0.0024691358024691245,0.0028806584362139785
39,39,0.9588477366255144,0.9590569545869673,0.9602010424422933,0.9784065524944154,2.8538090143327253,1.5366881014790366,1.681759652957815,1.0060987177427443,0.5940973977664916,0.018106995884773623,0.036213991769547295,0.03868312757201643,0.025925925925925897,0.018106995884773623,0.0,0.0008230452674897082,-0.0004115226337448541,0.0012345679012345622,0.003292181069958833,0.0,0.0004115226337448541,0.0012345679012345622,0.0016460905349794052,0.0,0.003703703703703687,-0.0012345679012345622,0.003292181069958833,0.0004115226337448541,-0.0004115226337448541,0.003292181069958833,-0.0016460905349794165,-0.0004115226337448541,0.0004115226337448541,0.0024691358024691245,0.0024691358024691245,-0.0008230452674897082,-0.0012345679012345622
40,40,0.9382716049382716,0.9385892405741024,0.9335802080050426,0.9873148439962182,1.665551468762832,1.2802558134597781,1.4666177389685244,1.4960433897833643,1.730816212064837,0.0164609053497942,0.01687242798353906,0.02139917695473246,0.03991769547325099,0.005761316872427957,0.003292181069958833,0.0008230452674896748,0.0037037037037036757,0.0061728395061728,-2.2204460492503132e-17,-0.006995884773662619,-2.2204460492503132e-17,-0.0012345679012346177,-0.0037037037037037646,-0.004115226337448619,-0.0004115226337448874,-0.001646090534979472,0.0012345679012345512,0.0016460905349794165,-0.0004115226337448985,-0.0028806584362140565,-0.005761316872428068,0.0020576131687242705,-0.0016460905349794607,-0.0016460905349794607,-0.0037037037037037533,0.000823045267489686,-0.001646090534979472
41,41,0.9588477366255144,0.9589384786753208,0.9581699346405229,0.9899782135076253,2.0103638258621928,1.3624380403049738,1.0683644688447478,1.7402746968858922,1.3382497204195307,0.01975308641975305,0.07325102880658432,0.0407407407407407,0.014403292181069904,0.011522633744855926,0.0,0.006584362139917666,0.0004115226337448541,0.007407407407407374,0.0008230452674897082,0.0012345679012345622,0.004526748971193395,0.0,0.004938271604938249,0.0037037037037036757,0.00905349794238679,-0.0012345679012345733,-0.0016460905349794165,-0.0020576131687242705,-0.0016460905349794165,-0.0032921810699588438,-0.002880658436214012,0.0024691358024691245,0.0016460905349794165,-0.0004115226337448541,-0.004526748971193417,0.0004115226337448541,0.004115226337448541
42,42,0.9506172839506173,0.9506172839506173,0.9433566433566434,0.9934731934731935,2.711853058616122,1.130276175149902,1.2740606996675943,1.916172438939149,0.946022175942661,0.013991769547325117,0.03950617283950618,0.014403292181069971,0.006584362139917699,0.007818930041152273,-0.004115226337448541,-0.0016460905349794165,-0.0004115226337448541,-0.0012345679012345622,-0.0016460905349794165,-0.005349794238683103,0.003292181069958833,0.0028806584362139785,0.004526748971193406,0.0028806584362139785,-0.0012345679012345622,-0.0016460905349794165,-0.0012345679012345622,-0.0016460905349794165,0.0,-0.004115226337448541,-0.0004115226337448541,-0.0016460905349794165,0.0,-0.0008230452674897082,-0.007407407407407385,-0.0008230452674897082,-0.0020576131687242705
43,43,0.934156378600823,0.9353025377121762,0.9411549707602339,0.973846653671215,1.7595008982840272,1.3510216842484848,1.4879848568112022,1.8555794890634176,1.11791409195677,0.02839506172839503,0.03374485596707817,0.0251028806584362,0.02551440329218103,0.02633744855967076,0.0020576131687242705,0.007407407407407374,0.0012345679012345622,0.003292181069958833,0.0004115226337448541,-0.0008230452674897082,0.0008230452674897082,0.005349794238683103,0.0028806584362139785,0.004115226337448541,0.006995884773662519,0.004938271604938249,0.0,0.0,0.0,0.0016460905349794165,0.0012345679012345512,0.0004115226337448541,0.0,-0.0004115226337448541,0.003703703703703687,0.0004115226337448541,-0.003292181069958833
44,44,0.9547325102880658,0.9551702038962412,0.9598765432098766,0.9924554183813443,2.116319460159193,0.9464951099589157,1.5903989704310315,1.629732735108979,1.5437374157619095,0.01934156378600822,0.04444444444444442,0.017283950617283928,0.023868312757201637,0.01358024691358024,0.0020576131687242705,0.0008230452674897082,0.0,-0.0004115226337448541,0.0,0.0,-0.0016460905349794165,-0.006995884773662531,-0.0024691358024691245,-0.0004115226337448541,-0.0008230452674897082,0.0,0.0028806584362139785,0.003292181069958833,-0.0004115226337448541,0.003292181069958833,0.0004115226337448541,0.003292181069958833,-0.0004115226337448541,0.003703703703703687,0.003703703703703687,0.0,0.003292181069958833
45,45,0.9465020576131687,0.9467459275095169,0.9442101226993864,0.9883435582822087,2.6954927035156944,1.652515036155739,1.4440851843073266,1.2037721292154688,0.8994133033707451,0.019753086419753096,0.038683127572016494,0.025514403292181086,0.03045267489711937,0.024691358024691367,0.003292181069958855,0.012345679012345723,0.006172839506172867,0.006584362139917732,0.003703703703703709,0.0016460905349794386,0.0008230452674897193,0.0004115226337448541,0.004115226337448574,0.0024691358024691358,0.012345679012345723,0.0020576131687242817,0.0,0.0,0.004115226337448552,0.0020576131687242705,-0.0004115226337448541,0.004115226337448552,0.0004115226337448541,0.0008230452674897082,0.007818930041152305,0.0,0.0004115226337448541
46,46,0.9176954732510288,0.9189938634300786,0.9259202453987729,0.9805981595092025,1.9995800391312506,0.7547878019106834,1.6074230658873292,2.2664834605415622,1.3222038678760053,0.0028806584362140453,0.014814814814814859,0.02633744855967083,-0.001646090534979372,0.0049382716049383045,-0.002057613168724237,-0.0020576131687242484,-0.00905349794238679,3.3306690738754695e-17,-0.004938271604938249,-0.005761316872427957,-0.005349794238683092,-0.005761316872427935,3.3306690738754695e-17,-0.005761316872427957,-0.003703703703703665,-0.002057613168724259,-0.005349794238683103,-0.008230452674897082,-0.003292181069958833,-0.0024691358024691245,-0.0012345679012345067,-0.004115226337448518,-0.0016460905349794052,-0.005761316872427957,-0.001234567901234529,-0.007407407407407374,-0.006584362139917666
47,47,0.9547325102880658,0.955114891584519,0.9597542814594192,0.9844378257632167,2.0085955131803654,1.547691182594315,1.5563850503545351,1.6233440592689963,0.636754357042045,0.014403292181069949,0.023868312757201627,0.03127572016460904,0.0251028806584362,0.024279835390946504,-0.0004115226337448541,0.004115226337448541,-0.0012345679012345622,-0.004115226337448541,0.0,-0.0028806584362139785,-0.0012345679012345622,-0.003292181069958833,0.0008230452674897082,-0.0028806584362139785,0.008230452674897092,0.0016460905349794165,0.004115226337448541,0.0004115226337448541,-0.006172839506172811,-0.006584362139917676,-0.0004115226337448541,-0.004115226337448541,0.003703703703703687,-0.003292181069958833,0.0020576131687242705,-0.004115226337448541,0.0008230452674897082
48,48,0.9382716049382716,0.9389281777361322,0.941025641025641,0.9854700854700855,1.674445010883758,1.812875624570284,1.4842754796468907,1.5615287430520959,0.9866939692723055,0.010288065843621352,0.02921810699588473,0.02139917695473246,0.03703703703703699,0.00411522633744853,-2.2204460492503132e-17,0.0004115226337448319,-0.0069958847736626304,-0.0037037037037037646,-0.0004115226337448652,-0.0020576131687243147,-0.006172839506172922,-0.004115226337448619,-0.007818930041152328,-0.008230452674897193,0.004115226337448541,0.0012345679012345401,0.002057613168724259,0.0028806584362139676,-0.007818930041152338,-1.1102230246251566e-17,-0.0004115226337448763,-0.00246913580246918,-0.004115226337448629,0.000411522633744843,-0.00246913580246918,0.0,0.0016460905349794052
49,49,0.9382716049382716,0.938368341266892,0.9317101226993865,0.9887269938650307,2.375362150873035,2.0059417835046216,1.498103522633975,0.8680677972818475,1.0025676906516303,0.010288065843621352,0.03374485596707816,0.023868312757201603,0.017283950617283893,0.008230452674897082,0.006172839506172811,-0.0008230452674897637,-0.0012345679012346177,-0.002469135802469169,-0.0012345679012346067,0.0008230452674896971,-0.002057613168724326,-0.01193415637860088,0.0012345679012345401,-0.009876543209876599,-3.3306690738754695e-17,-0.004115226337448619,0.0016460905349794052,0.004938271604938238,-0.001646090534979472,0.003292181069958833,-0.001646090534979483,-3.3306690738754695e-17,0.0016460905349793941,-0.0028806584362140565,-0.0004115226337448874,-0.002880658436214034,-0.004938271604938338
50,50,0.9423868312757202,0.9428113271303237,0.9448250186150409,0.9825018615040952,2.13006597270762,1.5547343256039803,1.7297099353923935,0.996945716818906,1.3733329507526297,0.009465020576131744,0.030041152263374525,0.03209876543209881,0.015637860082304576,0.009465020576131744,0.0012345679012345846,0.0020576131687243147,0.0004115226337448652,0.0008230452674897303,-0.0024691358024691245,-0.0020576131687242705,0.0016460905349794607,0.0012345679012345956,0.0004115226337448763,0.004115226337448608,0.002880658436214034,-0.004115226337448541,1.1102230246251566e-17,-0.0008230452674896971,0.002057613168724326,0.0004115226337448763,-0.0008230452674896971,0.0004115226337448652,2.2204460492503132e-17,-0.006584362139917666,0.0024691358024691913,0.0008230452674897415,0.0004115226337448652
51,51,0.9423868312757202,0.9427424681196972,0.9409154059895029,0.988653905526397,1.5234787753466046,1.2003265242777137,0.9586024090832241,2.103462169120283,1.487673246483263,0.047325102880658464,0.017283950617283984,0.021399176954732545,0.02921810699588482,0.0004115226337448874,0.0028806584362140453,-0.0004115226337448208,-0.0020576131687242705,-0.0008230452674896971,-0.005349794238683103,0.0024691358024691913,0.0012345679012346067,0.0016460905349794607,0.0016460905349794607,0.001646090534979472,0.0004115226337448985,3.3306690738754695e-17,0.0,-0.004115226337448541,-0.0004115226337448541,-0.006584362139917666,0.003703703703703776,0.002469135802469202,0.0032921810699589214,-0.003292181069958833,0.0016460905349794496,-0.006172839506172811,0.0028806584362140453
52,52,0.934156378600823,0.9346757346724429,0.9355045180722892,0.9784638554216867,1.85399510193765,1.1630245564107877,1.4043400544329172,2.1658750149300734,1.1970098354395815,0.023868312757201627,0.0193415637860082,0.030864197530864168,0.0222222222222222,0.01769547325102876,0.0028806584362139676,0.003703703703703687,-0.0016460905349794165,0.004115226337448541,0.0004115226337448541,0.0020576131687242705,0.003292181069958833,0.003292181069958833,-0.0012345679012345846,-0.006172839506172867,0.0012345679012345622,0.0008230452674897082,0.0016460905349794165,0.0008230452674897082,-0.0028806584362139785,0.0,0.003292181069958833,0.006584362139917666,0.0024691358024691245,0.004115226337448541,0.004526748971193395,0.0,-0.0004115226337448541
53,53,0.9423868312757202,0.9428576485685207,0.9474317817014446,0.9834379104042026,1.7462707349846762,1.603144481410754,1.4658131178831206,1.811478204922154,0.994435527170533,0.017283950617283994,0.04197530864197535,0.02633744855967083,0.038683127572016515,0.00905349794238688,0.006584362139917777,0.015637860082304566,0.005761316872428058,0.007818930041152338,0.0037037037037037867,-0.0020576131687242484,0.0032921810699588993,0.004526748971193484,-0.0004115226337448319,0.0008230452674897637,0.012345679012345734,0.006172839506172922,0.004115226337448641,0.0037037037037037867,-0.004115226337448541,0.001646090534979472,0.0012345679012345846,-0.000411522633744843,0.0,0.006584362139917777,0.0008230452674897415,0.0,0.004938271604938338
54,54,0.9547325102880658,0.9550764293726597,0.9566224143254091,0.9888854584748379,1.413851448051687,1.6492567403147969,1.5151431966326652,2.371123234308901,0.5881482421721776,0.038271604938271586,0.04320987654320986,0.028806584362139908,0.00781893004115224,0.01358024691358024,0.0024691358024691245,0.0,0.0004115226337448541,-0.0012345679012345622,-0.0004115226337448541,-0.0008230452674897082,-0.0012345679012345622,0.0008230452674897082,0.007407407407407374,0.0020576131687242705,-0.0016460905349794165,-0.0004115226337448541,0.0,0.0,-0.0004115226337448541,0.0004115226337448541,0.0008230452674897082,0.0,-0.0016460905349794165,0.003703703703703687,-0.003292181069958833,0.0,-0.0004115226337448541
55,55,0.9423868312757202,0.9431697354672451,0.9506901840490798,0.9801380368098159,1.9995978268539718,1.3517593303719968,1.1065489039893772,1.9288327548314645,1.4597682766813944,0.023456790123456826,0.04197530864197534,0.02551440329218112,0.023045267489711953,0.019341563786008254,0.006995884773662619,0.00823045267489717,0.0032921810699588884,0.003703703703703776,0.003703703703703776,0.008230452674897193,0.004526748971193484,0.0012345679012346067,0.006172839506172922,0.009465020576131754,0.004938271604938327,0.0012345679012346067,0.0008230452674897303,0.0008230452674897303,0.0,3.3306690738754695e-17,0.0032921810699588993,0.004115226337448629,0.002469135802469202,0.00246913580246918,0.0016460905349794607,0.0,0.0020576131687243147
56,56,0.9423868312757202,0.943195641483552,0.9507564062982402,0.9763044149428837,1.7964156917044696,2.1203262533011986,2.1658280275945927,0.8375914037099204,0.6937604011850698,0.016049382716049422,0.03950617283950621,0.03621399176954737,0.03045267489711939,0.014403292181070004,0.0028806584362140565,0.017283950617283994,0.00246913580246918,0.006172839506172922,0.004115226337448629,0.0004115226337448652,0.0020576131687243373,0.007407407407407485,0.003703703703703776,0.0032921810699588993,0.020164609053497973,0.009876543209876609,0.009053497942386902,0.008230452674897193,0.0008230452674897303,0.00493827160493836,0.0069958847736626304,0.0032921810699588993,0.003703703703703776,0.0037037037037037533,0.0028806584362140453,0.005349794238683214,-0.0028806584362139676
57,57,0.9588477366255144,0.9590788252563235,0.9599681866383881,0.9893955461293743,1.6822085367523414,1.8445092913527352,0.9577691940352093,1.7382398699521955,1.055148571797832,0.02510288065843619,0.025925925925925897,0.03209876543209873,0.020164609053497918,0.01481481481481477,0.002057613168724259,0.004526748971193395,-0.0012345679012345622,0.0008230452674897082,-0.0012345679012345622,0.0004115226337448541,-0.0008230452674897082,-0.0024691358024691245,0.004115226337448541,0.000411522633744843,0.009465020576131643,0.0004115226337448541,0.0008230452674897082,0.0,0.0012345679012345622,-0.0057613168724280125,0.0004115226337448541,0.0008230452674897082,-0.0008230452674897082,0.0012345679012345622,-0.0024691358024691358,-0.0028806584362139785,0.0
58,58,0.9423868312757202,0.9427208835341365,0.941358024691358,0.9871970736168267,1.8179558360406447,1.0262845613228835,1.2966056885991344,2.3494603355437835,1.0110507207150066,0.03621399176954737,0.04979423868312762,0.027983539094650244,0.029629629629629672,0.01687242798353914,3.3306690738754695e-17,0.0020576131687243373,0.0004115226337448652,0.0012345679012346177,-0.007407407407407374,-0.002057613168724259,1.1102230246251566e-17,-0.0024691358024691245,-0.008230452674897082,-0.0016460905349793941,0.00905349794238689,-0.0004115226337448541,0.002057613168724326,0.0004115226337448763,-0.0008230452674896971,0.0032921810699589214,-0.0024691358024691024,1.1102230246251566e-17,0.0,0.0004115226337448763,-0.0004115226337448208,-0.003292181069958833,-0.0012345679012345401
59,59,0.9423868312757202,0.9427208835341365,0.941358024691358,0.9813290656912057,2.300015109717271,1.2281091934535158,1.0244244103466567,1.9172933307601556,1.1655393990316678,0.022222222222222265,0.01975308641975314,0.023868312757201693,0.029629629629629662,0.007818930041152305,-0.0012345679012345401,0.004526748971193506,0.0004115226337448874,0.0012345679012345956,0.0008230452674897303,0.0004115226337448763,0.0004115226337448652,0.0008230452674897303,0.0004115226337448652,0.0016460905349794607,0.007818930041152316,-0.0008230452674897082,0.0037037037037037867,0.0028806584362140565,0.0,0.003703703703703776,2.2204460492503132e-17,0.0037037037037037867,0.0,0.0004115226337448763,0.002057613168724326,0.0012345679012345956,0.0004115226337448652
60,60,0.9629629629629629,0.963116439942453,0.9631777108433734,0.988328313253012,2.6016043429580478,1.6258188283628474,1.328316892608537,0.7817499094542216,1.4228481591045403,0.020987654320987613,0.0695473251028806,0.031275720164609014,0.04855967078189296,0.03045267489711929,0.0012345679012345512,0.011522633744855926,0.0008230452674896971,0.002469135802469091,0.003292181069958833,0.0004115226337448541,-0.0008230452674897526,0.0008230452674897082,-0.004115226337448608,0.001646090534979383,0.012757201646090477,0.004938271604938249,0.0,0.0,-0.0004115226337448985,0.0024691358024691245,0.003292181069958833,0.0004115226337448319,0.0008230452674896971,-0.0012345679012345956,0.0024691358024691024,0.003703703703703687,-0.005349794238683203
61,61,0.9382716049382716,0.9388880430245975,0.9412576687116564,0.9789877300613496,2.0035285114793493,1.2247051630382573,2.2987607181041363,1.1910961012909378,0.8017741677576065,0.013991769547325051,0.013580246913580197,0.01563786008230448,0.006172839506172811,0.007818930041152217,0.000823045267489686,0.005349794238683103,-0.0032921810699589214,-0.0008230452674897415,0.0012345679012345512,-0.003703703703703776,-0.007407407407407485,-0.005761316872428068,-0.004115226337448641,-0.004938271604938349,0.0024691358024691024,-0.004526748971193473,-0.0016460905349794607,-0.0016460905349794496,-0.0016460905349794607,-0.0012345679012345956,-0.005349794238683192,0.003292181069958833,-0.0008230452674897415,-1.1102230246251566e-17,-2.2204460492503132e-17,-0.0008230452674897303,0.0024691358024691245
62,62,0.9259259259259259,0.9274839941407858,0.9420745920745921,0.9847707847707848,1.55201532108724,1.7715282685785743,2.115208064128668,1.0760009534896784,1.3930805715010532,0.01522633744855969,0.023868312757201658,0.021399176954732525,0.010288065843621397,0.016872427983539107,0.004115226337448552,0.00864197530864198,-0.003703703703703687,0.005349794238683115,0.004938271604938249,0.0028806584362139785,-0.0028806584362139785,-0.004115226337448541,-0.0012345679012345622,-0.007818930041152227,0.005349794238683125,0.005349794238683115,-0.0016460905349794165,0.0020576131687242705,-0.003703703703703687,0.0020576131687242705,0.00493827160493826,0.00493827160493826,-0.0008230452674897082,-0.004938271604938249,-0.0008230452674897082,-0.003292181069958833,0.003292181069958833
63,63,0.934156378600823,0.934392423729539,0.926547619047619,0.986904761904762,1.2981044416501535,1.69241642956771,1.196166473313445,1.8591527700993986,1.6207292635996717,0.011934156378600791,0.02839506172839503,0.01975308641975305,0.017283950617283918,0.018106995884773613,-0.0041152263374485635,0.000411522633744843,0.0016460905349794165,-0.0024691358024691245,-0.002880658436214001,-0.0024691358024691466,-0.007407407407407462,-0.005349794238683136,-0.009876543209876609,-0.006995884773662575,0.004938271604938249,-0.0024691358024691466,-0.0012345679012345622,-0.0016460905349794275,-0.004115226337448552,-0.0008230452674897082,0.0,0.0020576131687242705,-0.007407407407407429,0.0008230452674897082,-0.0004115226337448541,0.0012345679012345622,-0.010288065843621453
64,64,0.9300411522633745,0.9304118933748563,0.9235714285714285,0.9838888888888889,2.3577089439093792,2.025960632501009,1.6289950578941552,1.832091614617353,-0.10106737267968156,0.03251028806584361,0.04238683127572016,0.021810699588477367,0.013168724279835365,0.009876543209876543,-0.0008230452674897082,0.00987654320987651,-0.005761316872427957,-0.004115226337448541,-0.008230452674897092,0.0028806584362139785,-0.0012345679012345622,-0.004938271604938249,-0.006995884773662542,-0.0024691358024691245,0.011522633744855949,-0.0028806584362139898,-0.003292181069958833,-0.003292181069958833,-0.004526748971193395,-0.0012345679012345622,-0.003292181069958833,-0.0008230452674897082,-0.004526748971193406,-0.006995884773662519,-0.0016460905349794165,0.0,-0.0028806584362139785
65,65,0.934156378600823,0.9343412495054704,0.9297063253012048,0.9843373493975903,2.1170890139052743,1.370879479389985,1.0835080833354696,1.2344497238154748,1.6672852909515272,0.02839506172839503,0.04732510288065842,0.04115226337448556,0.030452674897119315,0.018930041152263342,0.005761316872427957,0.0028806584362139785,0.0012345679012345622,0.006172839506172811,0.0004115226337448541,0.0012345679012345622,0.006584362139917666,-0.0049382716049383045,0.007818930041152227,0.008641975308641959,-0.0020576131687242817,0.004938271604938249,0.0008230452674897082,0.003292181069958833,-0.003292181069958866,0.004938271604938249,0.013168724279835342,0.004115226337448541,0.005349794238683103,0.0008230452674897082,0.008230452674897082,0.0008230452674897082,0.0016460905349794165
66,66,0.9753086419753086,0.9754095313951945,0.9780581260844419,0.9932041642567959,2.4014793847186278,1.5536139519362127,1.6610932560590292,1.5510080266650905,0.525399889988153,0.025514403292181066,0.029629629629629606,0.03950617283950619,0.025925925925925943,0.016460905349794254,0.009465020576131699,0.016460905349794275,0.004115226337448541,0.0004115226337448541,0.0020576131687242705,0.0028806584362139785,0.0004115226337448541,0.0024691358024691245,0.0065843621399176875,0.003292181069958833,0.006995884773662531,0.0028806584362139785,0.0008230452674897082,0.0028806584362139785,0.0008230452674897082,0.0012345679012345622,0.0037037037037036978,0.0024691358024691358,0.0004115226337448541,0.0012345679012345622,0.0016460905349794165,-0.003292181069958833,0.0008230452674897082
67,67,0.9670781893004116,0.9671647486456815,0.966530156366344,0.9903946388682054,2.5139811683170716,1.9953839917414327,1.8668332441734306,0.3795017349310663,1.0708408019050506,0.017283950617283984,0.038683127572016515,0.03251028806584366,0.010699588477366295,0.00534979423868317,0.005761316872428068,0.0061728395061729,0.0012345679012345956,-0.0028806584362139785,0.0008230452674897415,0.0004115226337448763,-0.0028806584362139676,-0.003703703703703687,0.006584362139917766,0.0037037037037037646,0.00534979423868317,-0.001234567901234529,-0.000411522633744843,1.1102230246251566e-17,1.1102230246251566e-17,-0.0028806584362139785,0.0004115226337448874,0.0004115226337448652,-0.0004115226337448319,-0.0008230452674896971,-0.0016460905349794165,0.0032921810699588993,0.00246913580246918
68,68,0.9423868312757202,0.9431697354672451,0.9506901840490798,0.9805214723926381,2.185441974160186,1.163388034481907,1.2805249738257363,2.053007252826169,0.9279489229037199,0.032510288065843676,0.036625514403292224,0.03868312757201651,0.027983539094650244,0.014814814814814859,0.0032921810699589106,0.0037037037037037533,0.0,0.0012345679012346067,-0.0028806584362139785,0.0,-0.0028806584362139785,0.002057613168724326,0.0008230452674897526,-0.0016460905349794052,0.0032921810699588993,0.0012345679012345846,-0.00041152263374480966,-0.0012345679012345512,-0.005761316872427957,-0.003292181069958833,0.0004115226337448874,-0.0008230452674896971,-0.0024691358024691245,0.0024691358024691913,-0.0032921810699588216,0.0,-0.003703703703703687
69,69,0.9259259259259259,0.9265102015064983,0.926355421686747,0.9792921686746987,2.33073866190677,1.7006985731978732,1.9859925612936762,0.9731525892474217,0.8281326509663002,0.011522633744855982,0.045679012345679025,0.030041152263374483,0.0016460905349794165,0.0016460905349794165,-0.005761316872427957,0.0028806584362139785,-0.003292181069958833,-0.006584362139917666,-0.003703703703703687,0.0012345679012345622,-0.006584362139917666,-0.006995884773662519,-0.003703703703703687,-0.003703703703703687,0.00864197530864198,-0.003292181069958833,-0.0024691358024691245,-0.004526748971193395,-0.005761316872427957,-0.003292181069958833,-0.0028806584362139785,-0.003292181069958833,-0.0012345679012345622,-0.003703703703703687,-0.0028806584362139785,-0.008641975308641936,-0.003292181069958833
70,70,0.9506172839506173,0.9509127872507159,0.9504601226993865,0.9839723926380368,1.492883797268491,1.423202085671917,1.527237582012544,2.229405787751302,1.09904893379226,0.0337448559670782,0.032098765432098775,0.023868312757201658,0.025514403292181076,0.03292181069958851,0.006995884773662542,0.011522633744856004,0.0008230452674897082,0.003292181069958833,0.0008230452674897082,0.009053497942386824,0.0028806584362139785,0.010288065843621397,0.0074074074074073955,0.011934156378600824,0.006995884773662531,0.0065843621399176875,0.0008230452674897082,0.0008230452674897082,0.0028806584362139785,0.004526748971193395,0.0020576131687242705,0.003703703703703687,0.004526748971193395,0.004526748971193395,0.006995884773662553,0.0,0.004526748971193406
71,71,0.9382716049382716,0.9390641681921191,0.9444272923741897,0.9897344859524544,1.7871293487721114,1.6491860975132016,1.275407400177226,1.815089168172755,1.1867553807074867,0.01851851851851847,0.017283950617283928,0.02716049382716046,0.028806584362139852,0.013991769547325051,0.004938271604938249,0.004938271604938249,0.0016460905349794052,0.0,0.0008230452674897082,0.0004115226337448541,-0.0037037037037037867,0.001234567901234529,-0.004526748971193495,-0.0004115226337448985,0.0032921810699588216,0.0028806584362139785,-0.0008230452674897303,0.002057613168724259,0.0016460905349794165,-0.002057613168724326,0.003292181069958833,-0.0028806584362140565,-0.0016460905349794607,-0.0024691358024691913,-0.0004115226337448874,-0.001646090534979472,-0.008641975308642047
72,72,0.9135802469135802,0.9145188191866926,0.9171159029649596,0.9569481880802636,1.9641062358347152,1.09717163252165,2.0338493773577464,1.1574850517109454,1.6880307137673636,0.017283950617283893,0.02469135802469129,0.04814814814814809,0.052674897119341514,0.003703703703703665,0.00905349794238679,0.008230452674897082,0.0032921810699588104,0.004526748971193384,0.0012345679012345512,0.002057613168724237,-0.005761316872428058,-0.005761316872428058,-0.0008230452674897526,0.002469135802469091,0.010288065843621363,-0.0008230452674897526,0.0024691358024691136,0.009876543209876498,-0.0008230452674897526,0.004115226337448541,-0.006995884773662609,0.006584362139917666,0.0028806584362139676,0.007818930041152227,0.009876543209876498,0.0016460905349794165,0.0057613168724279466
73,73,0.9300411522633745,0.9301474545258852,0.9228395061728395,0.9778997104099985,1.753690224181517,1.0376664678266427,1.2918176651552848,2.17095956601148,1.219215462569648,0.019753086419753076,0.0374485596707819,0.02839506172839503,0.04567901234567899,0.005761316872427957,0.004115226337448541,0.006172839506172823,0.0028806584362139785,0.0004115226337448541,0.0,-0.0020576131687242705,0.0,-0.0024691358024691245,-0.003292181069958833,-0.0016460905349794165,0.007407407407407385,0.0004115226337448541,-0.0004115226337448541,0.0,0.0,-0.0016460905349794165,-0.003292181069958833,0.0,0.0008230452674897082,0.0020576131687242705,-0.0016460905349794165,-0.0008230452674897082,-0.0020576131687242705
74,74,0.9382716049382716,0.9381835423545107,0.9303683737646002,0.9862234201856843,3.4150879561456127,1.452679501546628,1.6269411786004042,1.182348876656192,0.2330518151856324,0.01687242798353904,0.033333333333333284,0.02263374485596704,0.007407407407407374,0.01193415637860078,-0.0008230452674897415,-0.0028806584362140453,-0.0069958847736626304,-0.004115226337448608,-0.001646090534979472,-0.0012345679012346067,-0.005761316872428046,-0.006995884773662619,-0.004526748971193473,-0.006584362139917754,0.0004115226337448208,0.0020576131687242484,-0.0012345679012345956,0.0012345679012345622,-0.006584362139917754,-0.004115226337448619,-0.0020576131687243147,-0.004115226337448629,-0.005761316872428068,-3.3306690738754695e-17,-0.0061728395061729,-0.004526748971193484,0.004938271604938249
75,75,0.9506172839506173,0.951019920391973,0.9537570065141645,0.9799272837448871,2.3048961672964436,1.18556620628656,2.133629675107675,1.0784721390588983,0.995423186980485,0.016872427983539107,0.055555555555555566,0.02304526748971194,0.009876543209876543,0.0037037037037036978,-0.0008230452674897082,0.0008230452674897082,0.005761316872427968,0.003703703703703687,0.0008230452674897082,-0.0020576131687242705,0.00493827160493826,-0.0004115226337448541,0.0049382716049382715,0.0020576131687242705,0.0032921810699588438,0.0016460905349794165,0.0,-0.0004115226337448541,0.0016460905349794165,0.0020576131687242705,0.0016460905349794165,-0.003703703703703687,0.003292181069958833,0.0004115226337448541,0.006995884773662542,0.0,0.0004115226337448541
76,76,0.934156378600823,0.9347290396152511,0.9350076687116564,0.9875766871165643,2.479380901418825,1.8100106691458442,1.4102178037814928,1.157729874806665,0.6099923714854493,0.01275720164609052,0.015226337448559635,0.0251028806584362,0.008641975308641959,0.010288065843621363,0.0016460905349794165,0.0020576131687242705,0.0012345679012345622,0.0016460905349794165,0.0008230452674897082,0.0004115226337448541,0.0,0.0008230452674897082,-0.0008230452674897082,0.0008230452674897082,0.0004115226337448319,0.003703703703703687,0.003703703703703687,0.003703703703703687,0.0,0.0020576131687242705,-0.0016460905349794165,0.0004115226337448541,-0.0004115226337448541,0.0008230452674897082,-0.0020576131687242705,0.0004115226337448541,-0.0012345679012345622
77,77,0.9094650205761317,0.9103544404619673,0.9111635220125787,0.9684785864031147,2.4604647437202756,2.0013631254935826,1.4667803567550497,0.7236723235193186,1.151005908112029,0.009053497942386801,0.03662551440329215,0.023868312757201627,0.014403292181069938,0.014403292181069926,0.0020576131687242705,0.00987654320987651,-0.0004115226337448541,0.0020576131687242705,-0.0024691358024691466,-0.0008230452674897082,-0.0020576131687242705,-0.0004115226337448652,-0.0004115226337448541,-0.003703703703703709,0.008230452674897082,-0.0037037037037036978,-0.0008230452674897082,-0.0008230452674897082,-0.0028806584362139898,-0.0028806584362139898,-0.0012345679012345733,0.0004115226337448541,0.003292181069958833,-0.006995884773662586,-0.0041152263374485635,-0.0012345679012345622,-0.005349794238683136
78,78,0.9670781893004116,0.9671736328028162,0.9661793667626117,0.9929556127859415,2.4461669865700366,1.1386409273977907,1.0114375170946424,2.0806771939042727,0.6990308319640888,0.035390946502057666,0.06378600823045272,0.032921810699588515,0.03621399176954739,0.014403292181070015,0.007818930041152338,0.01399176954732515,0.0028806584362140565,0.006172839506172922,0.00246913580246918,0.0008230452674897415,0.011111111111111172,0.006172839506172922,0.011111111111111172,0.006172839506172922,0.012757201646090576,-0.0012345679012345622,0.0004115226337448874,0.0008230452674897415,-0.0004115226337448319,0.006172839506172911,0.0037037037037037646,0.002057613168724326,0.007818930041152338,0.0008230452674897415,0.006172839506172911,0.006584362139917777,0.008230452674897193
79,79,0.9423868312757202,0.9430549357925531,0.9474760728619944,0.9790058660080272,1.9148736314316066,2.194839344265714,1.4468002573908196,1.8149092304780847,0.3638150584721551,0.02839506172839511,0.03827160493827166,0.019753086419753117,0.018106995884773693,0.01399176954732515,0.002469135802469169,0.004526748971193484,0.0016460905349794607,-0.0012345679012345622,0.0016460905349794607,-0.0012345679012345512,0.0,-0.0028806584362139785,0.0008230452674897415,0.0008230452674897415,-0.0028806584362139676,-0.0008230452674897082,-0.0004115226337448541,0.0008230452674897193,0.0004115226337448652,-0.0004115226337448541,0.0008230452674897303,0.0012345679012345956,1.1102230246251566e-17,1.1102230246251566e-17,0.0012345679012346067,0.0016460905349794607,0.0004115226337448652
80,80,0.9547325102880658,0.9549413939037389,0.9572043010752689,0.9880286738351255,1.8530642608296288,1.8743742020941132,2.016473544461021,1.3670308229495698,0.9339822371339813,0.0316872427983539,0.03827160493827157,0.046502057613168724,0.014403292181069949,0.028395061728395055,0.0012345679012345622,0.009053497942386812,0.009876543209876498,0.003292181069958833,-1.1102230246251566e-17,-0.0024691358024691245,0.0028806584362139785,0.004115226337448541,0.005761316872427957,0.003703703703703687,0.006995884773662519,0.004526748971193395,-0.0012345679012345622,0.0,0.0020576131687242705,-0.0020576131687242705,0.005349794238683103,0.0020576131687242705,0.0020576131687242705,0.0012345679012345622,0.0020576131687242705,-0.0016460905349794275,-0.0016460905349794165
81,81,0.9094650205761317,0.9104966241718379,0.9029642974123813,0.9764166393711103,1.0662459756926919,1.733992764089441,1.4251381059991546,2.421057346494772,0.9407051569304816,0.02016460905349793,0.011111111111111072,0.0222222222222222,0.03786008230452671,0.00781893004115224,0.0012345679012345512,0.005349794238683103,0.0024691358024691245,-0.0020576131687242705,-0.0020576131687242817,-0.0008230452674897082,-0.0012345679012345622,-0.0016460905349794165,0.0004115226337448541,-0.0008230452674897082,0.006584362139917666,0.0008230452674897082,-0.0012345679012345733,-0.0016460905349794275,-0.0020576131687242705,-0.0016460905349794165,0.0,0.0004115226337448541,-0.0008230452674897082,-0.0016460905349794275,0.0016460905349794052,-0.002880658436214001,-0.0020576131687242817
82,82,0.9506172839506173,0.9507221493496569,0.9495011567379988,0.9895170618854829,2.290649899414791,2.0854848410116986,1.1617151113344744,1.9443843826137426,-0.04641010715063406,0.04485596707818932,0.045679012345679025,0.03662551440329219,0.013168724279835408,0.024691358024691367,0.009465020576131711,0.011111111111111138,0.013168724279835408,0.006995884773662564,0.0012345679012345733,-0.004115226337448541,0.009053497942386846,0.00781893004115225,0.01316872427983542,0.013168724279835398,0.0028806584362139898,0.0004115226337448541,0.0012345679012345622,0.006172839506172811,-0.0004115226337448541,0.0020576131687242705,0.0028806584362139785,0.0020576131687242705,0.011522633744855982,-0.0012345679012345512,0.008230452674897127,0.004526748971193395,0.004526748971193406
83,83,0.934156378600823,0.9346082465908174,0.9360079575596817,0.9871058060713234,2.088941835970548,1.7944396686280384,0.779887495663062,1.6234479094880292,1.404167873343433,0.01646090534979421,0.03580246913580244,0.02345679012345677,0.03127572016460902,0.013168724279835353,0.0024691358024691245,0.0016460905349794052,-0.0004115226337448652,-0.0016460905349794165,0.0004115226337448541,-0.003292181069958855,-0.0012345679012345622,-0.0004115226337448541,0.0016460905349794165,-0.0024691358024691358,-0.0004115226337448541,0.0008230452674897082,-1.1102230246251566e-17,0.0016460905349794165,-0.0028806584362139898,-0.005349794238683159,-0.0016460905349794275,-0.0037037037037036978,0.0020576131687242705,-0.0032921810699588438,-0.006172839506172878,0.0008230452674897082,-0.0016460905349794275
84,84,0.9588477366255144,0.9589252995685744,0.9585891760673997,0.9854348136512924,1.733100155043433,1.887982294692799,1.1920238367329197,2.016915045192507,0.7423165760679372,0.04691358024691354,0.062139917695473224,0.029629629629629596,0.022633744855967076,0.012345679012345645,0.0024691358024691245,0.005349794238683103,0.0,0.0,0.0,0.0,-0.0016460905349794165,-0.004526748971193417,0.0012345679012345622,0.0020576131687242705,0.007407407407407374,0.0004115226337448541,0.0,0.0,-0.0016460905349794165,0.0,0.0004115226337448541,0.0,0.0,0.0,0.0004115226337448541,0.0,0.0
85,85,0.9218106995884774,0.9224616085226526,0.9180192247084777,0.9800661834226284,2.311042204142249,1.9296417315116483,1.8654023042312216,1.1109451014342466,0.582173682783199,0.015637860082304545,0.030452674897119357,0.030864197530864224,0.019753086419753117,0.011934156378600846,0.00452674897119344,0.003292181069958866,-0.008641975308641936,-0.005349794238683103,-0.003292181069958833,-0.004938271604938249,-0.004115226337448541,-0.006995884773662519,-0.004115226337448541,-0.004938271604938249,0.0004115226337448763,-0.0028806584362139785,-0.0016460905349794165,-0.0020576131687242705,-0.003292181069958833,-0.0004115226337448541,-0.003292181069958833,-0.003703703703703687,-0.005349794238683103,0.0008230452674897082,-0.0016460905349794165,-0.0004115226337448541,0.0012345679012345733
86,86,0.9629629629629629,0.963407652853126,0.9695746041899889,0.9845674076443307,2.0214626568337093,1.6021321239367907,1.6618598958727646,1.4018431296857035,0.8224774108666845,0.02469135802469129,0.04279835390946497,0.02798353909465018,0.02921810699588473,0.01851851851851847,0.0016460905349794165,0.011111111111111061,0.0020576131687242705,0.0020576131687242705,0.0004115226337448541,0.0024691358024691245,0.0008230452674897082,0.0028806584362139785,0.0016460905349794165,0.004526748971193395,0.015637860082304465,0.003703703703703687,0.0,0.004115226337448541,0.003703703703703687,0.0,-2.2204460492503132e-17,0.0,0.0008230452674897082,0.0020576131687242705,0.004526748971193395,0.0004115226337448541,0.0020576131687242705
87,87,0.9547325102880658,0.9550981815453315,0.9564230949773118,0.9851353465811297,2.192969668826202,1.75832987396857,2.0297691646779987,0.958756555563909,0.582946500974607,0.02016460905349793,0.039094650205761305,0.02345679012345677,0.026337448559670774,0.009876543209876543,0.01728395061728396,0.010288065843621363,0.008230452674897082,0.006995884773662519,0.0004115226337448541,0.003703703703703687,0.007407407407407374,0.004938271604938249,0.004526748971193395,0.005761316872427957,0.016049382716049377,0.006584362139917666,0.004526748971193395,0.008641975308641936,0.004115226337448541,0.007407407407407374,0.0008230452674897082,0.0028806584362139785,0.006584362139917666,0.0008230452674897082,0.011934156378600791,0.0020576131687242705,-0.0008230452674897082
88,88,0.9629629629629629,0.9630175063196871,0.960081805787002,0.9969701560369642,1.8350212462724684,1.6445795381302233,1.5403987533639658,1.7564367288632272,0.4839012493624404,0.01975308641975303,0.01563786008230448,0.02263374485596702,0.027160493827160424,0.011111111111111061,0.0024691358024691245,0.0016460905349794165,0.0016460905349794052,-0.0004115226337448874,0.0016460905349794052,0.002057613168724259,0.0028806584362139785,0.003703703703703687,0.00411522633744853,0.0028806584362139676,0.004526748971193384,0.0024691358024691245,0.0024691358024691245,0.003703703703703687,-0.0004115226337448763,0.0012345679012345401,0.0032921810699588216,0.000411522633744843,0.0008230452674897082,0.000411522633744843,0.0028806584362139785,-2.2204460492503132e-17,-0.0008230452674897303
89,89,0.9588477366255144,0.9592406397535913,0.9629166014708184,0.9899859176967611,2.1534518529386117,2.0279565524025247,1.6875128196875702,0.9542290191667775,0.9030071220864362,0.02798353909465019,0.02263374485596705,0.03909465020576127,0.0251028806584362,0.021810699588477322,0.0020576131687242705,0.010288065843621352,0.0016460905349794165,0.003703703703703687,0.0004115226337448541,0.0028806584362139785,0.0024691358024691245,0.0028806584362139785,0.003292181069958833,0.003292181069958833,0.01563786008230449,0.0024691358024691245,0.0,0.0,0.0008230452674897082,0.0,0.0004115226337448541,0.0012345679012345622,0.0028806584362139785,0.0,0.003703703703703687,0.0,0.0
90,90,0.9382716049382716,0.9391525582001773,0.9391596638655462,0.9859663865546219,2.394484171885803,1.0488915301982644,1.4140291965414182,2.0643002677081466,0.7512024509183428,0.01769547325102875,0.025102880658436168,0.018518518518518455,0.020576131687242726,0.011522633744855926,-0.0012345679012345956,0.002469135802469091,-0.0024691358024691913,0.002057613168724237,0.0028806584362139785,0.000823045267489686,-0.0008230452674897526,-0.0016460905349794607,0.000823045267489686,0.0024691358024691136,0.0012345679012345401,0.004115226337448541,-0.0012345679012345956,0.0016460905349793941,-0.001646090534979494,-0.0004115226337448874,-0.0037037037037037646,0.005349794238683103,0.002057613168724259,0.006995884773662519,0.003292181069958833,-2.2204460492503132e-17,0.0016460905349794165
91,91,0.9465020576131687,0.9466439644790376,0.9466571834992887,0.987126600284495,2.0860831570043086,1.233401777611215,1.960945693512258,1.3874896808955093,0.9296662990388571,0.021810699588477388,0.02757201646090538,0.01399176954732514,0.019753086419753117,0.016049382716049408,0.0012345679012345733,0.007407407407407451,0.0012345679012345622,-0.003703703703703687,0.0008230452674897082,0.0008230452674897082,0.0004115226337448541,-0.0004115226337448541,-0.0008230452674897082,-0.0028806584362139785,0.00905349794238688,-0.0004115226337448541,-0.004115226337448541,-0.0012345679012345622,0.0016460905349794275,0.0028806584362139785,0.0004115226337448541,0.003292181069958833,0.0004115226337448541,0.0028806584362139785,0.0024691358024691358,0.0004115226337448541,0.0041152263374485635
92,92,0.9588477366255144,0.9592775462922718,0.9628178474332321,0.9856069086838318,1.9097248813793821,0.9081914277904143,1.7012549775182786,1.2729716657920138,2.000396441297314,0.01934156378600821,0.01851851851851848,0.03456790123456786,0.03209876543209873,0.02427983539094646,0.0024691358024691245,-0.003292181069958866,0.0,0.0012345679012345622,-0.005761316872428024,-0.0008230452674897082,-0.004938271604938293,0.0,0.003292181069958833,0.0,0.011934156378600768,0.0016460905349794165,-0.0004115226337448541,-0.0028806584362139785,0.0016460905349794165,-0.007407407407407462,0.003292181069958833,-0.0016460905349794165,-0.0012345679012345622,-0.006584362139917743,-0.0020576131687242705,-0.007818930041152328,0.004115226337448541
93,93,0.9300411522633745,0.9313248270164369,0.9332174355495251,0.9832089552238805,1.7881905795919262,1.6353628209462474,1.3743304372208474,1.8849819816748021,0.9249644103763531,0.017695473251028805,0.0279835390946502,0.021399176954732525,0.01728395061728395,0.0057613168724279795,0.003292181069958833,-0.0024691358024691245,0.004115226337448541,-0.008230452674897115,0.0020576131687242705,-0.004526748971193417,-0.0020576131687242705,-0.0028806584362139785,-0.0008230452674897082,-0.0016460905349794165,-0.0012345679012345622,0.0016460905349794165,0.0,-0.0028806584362139785,0.0024691358024691245,-0.003292181069958833,0.0,0.003292181069958833,0.0020576131687242705,-0.0012345679012345622,-0.0004115226337448541,-0.0016460905349794165,0.004115226337448541
94,94,0.9547325102880658,0.955015302139275,0.957036485480268,0.985331347728965,1.6553981892365326,1.3608034068210966,1.1842930222744252,2.5011600006808448,0.5616691489364104,0.042798353909465,0.043621399176954734,0.05144032921810697,0.0362139917695473,0.021810699588477367,0.013168724279835375,0.015637860082304535,0.004938271604938249,0.013168724279835375,0.0004115226337448541,0.0024691358024691245,0.00781893004115224,0.003292181069958833,0.004526748971193395,0.009465020576131656,0.017695473251028805,0.0,0.0004115226337448541,0.0004115226337448541,0.004115226337448541,0.004938271604938249,0.0016460905349794165,-0.0020576131687242705,0.004115226337448541,0.005349794238683103,0.009053497942386801,0.004938271604938249,0.007407407407407374
95,95,0.9670781893004116,0.9673830208809633,0.9723776223776224,0.9924630924630925,1.8259187955272724,1.8040806644046006,1.250795205482373,2.161197530413527,0.4863862747545606,0.027572016460905412,0.06831275720164616,0.017283950617283984,0.016872427983539152,0.012345679012345734,0.0,0.004526748971193506,0.0016460905349794607,0.0,0.004115226337448652,0.008641975308642047,0.004115226337448641,0.0008230452674897303,0.002057613168724326,0.0012345679012345956,0.00493827160493836,0.004115226337448652,0.0032921810699589214,0.004115226337448652,0.004526748971193473,0.0,0.006584362139917777,0.004115226337448652,0.0008230452674897303,0.0,-0.0024691358024691245,0.0,-0.004115226337448541
96,96,0.9382716049382716,0.9386084051169221,0.9328322405245482,0.9784903246441709,2.116269877527475,1.6930390100473638,1.3035302866984184,1.8603234984714938,0.4734465120301161,0.02921810699588473,0.02057613168724274,0.03168724279835387,0.02139917695473246,0.01604938271604932,0.006995884773662519,0.006172839506172811,-1.1102230246251566e-17,0.003292181069958833,0.000411522633744843,-0.0004115226337448874,0.0028806584362139785,0.003703703703703687,0.003703703703703687,0.007407407407407374,0.01193415637860078,0.006172839506172811,0.000411522633744843,0.000411522633744843,0.003292181069958833,0.000411522633744843,0.0008230452674896971,-0.0004115226337448763,-1.1102230246251566e-17,0.000411522633744843,0.00041152263374480966,0.000411522633744843,0.005349794238683103
97,97,0.9300411522633745,0.929962582413548,0.9242336610757663,0.9872758820127241,1.7761438590814003,1.997397267241121,1.9347254494061807,2.0037467584196857,0.4139720323451539,0.014814814814814803,0.009053497942386812,0.017695473251028816,0.018930041152263377,0.007818930041152227,-0.0008230452674897082,-0.005761316872427991,0.0012345679012345622,0.0,-0.003292181069958833,-0.005761316872427957,-0.0008230452674897082,0.0,-0.0024691358024691358,-0.0004115226337448541,-0.008230452674897104,0.0008230452674897082,-0.0004115226337448541,-0.0004115226337448541,-0.003292181069958833,-0.003703703703703687,-0.0020576131687242705,-0.004115226337448541,-0.0008230452674897082,-0.0028806584362139785,-0.006995884773662564,-0.003703703703703687,-0.006995884773662519
98,98,0.9629629629629629,0.9633447664600312,0.9692806421735103,0.9907378820623649,2.0921889311357877,1.4310957813698064,1.4786666908812398,2.069714511432893,0.4356188453227887,0.0222222222222222,0.04238683127572011,0.03333333333333329,0.02139917695473246,0.013580246913580184,0.004938271604938249,0.008230452674897082,0.0,0.0004115226337448541,0.0008230452674897082,0.0,0.0,0.0024691358024691245,0.0,-1.1102230246251566e-17,0.0028806584362139564,-0.0028806584362140565,0.0,0.0,0.0,0.0,0.005349794238683103,0.0,0.0,0.0028806584362139785,0.0020576131687242705,0.0,0.0004115226337448541
99,99,0.9218106995884774,0.921702697269577,0.9126954579300075,0.9796723752792256,2.8466229429921226,1.4789610419642436,1.5069430639407617,0.9260502307079452,0.8889709240699545,0.02469135802469139,0.04897119341563788,0.026748971193415648,0.025514403292181086,0.011111111111111138,0.0016460905349794275,0.009465020576131744,0.0004115226337448763,0.003292181069958866,0.0024691358024691245,0.003292181069958877,0.0020576131687242705,-0.0008230452674897082,-0.004526748971193395,-0.003292181069958833,0.012757201646090588,0.0024691358024691466,0.0,-0.0024691358024691245,0.004938271604938283,0.0,0.0024691358024691245,0.0012345679012345733,0.005349794238683148,0.0016460905349794275,0.0016460905349794165,0.0,-0.0024691358024691245
100,100,0.9423868312757202,0.9422502175311165,0.9359477124183007,0.9898329702251271,1.5192435722372097,1.7658411059064907,1.7711852561914512,2.24300307491384,0.3253479650392018,0.027160493827160535,0.018518518518518556,0.02551440329218112,0.02551440329218112,0.005761316872428035,0.00246913580246918,-0.005761316872427957,-0.0024691358024691245,-0.000823045267489686,-0.003703703703703687,-0.003703703703703687,-0.0012345679012345622,0.0008230452674897415,-0.0028806584362139785,-0.003292181069958833,-0.000411522633744843,-0.003703703703703687,-0.0016460905349794165,0.0016460905349794607,-0.0008230452674897082,-0.0024691358024691245,0.0,-0.0004115226337448541,-0.003703703703703687,-0.004115226337448541,-0.0028806584362139785,-0.0012345679012345622,-0.004115226337448541
101,101,0.9300411522633745,0.9313804946895983,0.9419319256224393,0.9742357390482193,2.2795104993746365,1.2540254005801406,1.4027802673090586,1.2820541342621306,1.6932514144349073,0.022633744855967065,0.030452674897119326,0.03456790123456789,0.02304526748971193,0.020987654320987648,0.011111111111111082,0.014814814814814826,-0.0008230452674897193,0.005761316872427957,0.0028806584362139785,0.0,-0.004115226337448541,-0.0012345679012345622,0.0008230452674897082,-0.0028806584362139785,0.012345679012345668,0.007818930041152227,0.0004115226337448541,-0.0016460905349794165,0.0024691358024691245,0.004115226337448541,0.003703703703703687,0.0020576131687242705,0.0016460905349794165,0.005349794238683103,0.008230452674897082,0.0024691358024691245,0.0024691358024691245
102,102,0.9382716049382716,0.938726132910972,0.9380751533742331,0.9766104294478528,1.3887604841856378,1.6572546104879746,1.6318499986914496,1.7409232872186353,1.2874033166321361,0.010699588477366207,0.014814814814814758,0.028395061728395,0.017283950617283918,0.001646090534979372,-0.0024691358024691913,0.001646090534979383,-0.005761316872428068,-0.006584362139917766,-0.00493827160493836,-0.009876543209876609,-0.00493827160493836,-0.0069958847736626304,-0.009876543209876609,-0.009465020576131754,0.01604938271604932,-0.004938271604938349,-0.0016460905349794607,-0.005349794238683214,-0.00493827160493836,-0.002880658436214034,-0.007407407407407485,-0.0032921810699589106,-0.010288065843621463,-0.0032921810699589214,-0.0037037037037037533,-0.005349794238683203,-0.004526748971193506
103,103,0.9547325102880658,0.9551323291337815,0.9560610906764753,0.9873660642891412,2.5040723791721597,1.578869331893637,2.3853537238016704,1.0684665129861228,0.6228248134353104,0.009465020576131689,0.02633744855967076,0.03497942386831273,0.013168724279835387,0.006584362139917676,0.0028806584362139785,0.0016460905349794165,0.0,0.0004115226337448541,0.0028806584362139785,0.004115226337448541,0.0008230452674897082,0.0004115226337448541,0.003292181069958833,0.0020576131687242705,0.0004115226337448541,0.004115226337448541,0.0,0.0012345679012345622,0.003292181069958833,0.0028806584362139785,0.0024691358024691245,0.0,0.0,0.003292181069958833,0.004526748971193395,0.0028806584362139785,0.003703703703703687
104,104,0.934156378600823,0.9346585017083101,0.9356469002695418,0.9797843665768194,1.0397558548856225,1.7159004304652115,1.8173836386493054,1.7922536336210138,1.3323580382711409,0.0156378600823045,0.02057613168724277,0.036625514403292134,0.027572016460905336,0.020164609053497918,0.00781893004115224,0.012345679012345623,0.0012345679012345622,0.005349794238683103,-0.0004115226337448652,0.005349794238683103,0.009465020576131643,0.003292181069958833,0.006584362139917666,0.007818930041152227,0.011111111111111061,0.005349794238683103,0.003703703703703687,0.004526748971193395,-0.0024691358024691245,-1.1102230246251566e-17,0.0020576131687242705,0.004938271604938249,0.004938271604938249,0.006995884773662519,0.0020576131687242705,-0.0020576131687242817,0.0016460905349794165
105,105,0.9588477366255144,0.9589285367999252,0.958494623655914,0.9869534050179212,1.4443776465647296,1.9703413637133473,1.22997634961036,2.063448134514507,1.1157270873719718,0.03827160493827155,0.04320987654320986,0.04897119341563781,0.06296296296296296,0.02839506172839503,0.008641975308641936,0.012345679012345645,0.004115226337448541,0.0020576131687242705,0.008230452674897082,0.0,0.0,0.003292181069958833,0.004526748971193395,0.003292181069958833,0.016872427983539072,0.005349794238683103,0.0008230452674897082,0.0004115226337448541,0.0,0.005761316872427957,0.007407407407407374,0.005761316872427957,0.0004115226337448541,0.008641975308641936,0.0020576131687242705,0.0,0.012757201646090488
106,106,0.9465020576131687,0.9467283243533721,0.9485419630156472,0.9813655761024183,1.777595158222527,1.7191746545732995,1.7478031891317012,1.7012245356838003,0.5375065806258479,0.03127572016460909,0.03621399176954736,0.026337448559670816,0.017695473251028836,0.01687242798353914,0.0024691358024691245,0.007407407407407441,0.0004115226337448541,0.003703703703703687,0.003292181069958855,0.0004115226337448541,0.0008230452674897082,0.0028806584362139785,0.0028806584362139785,0.0020576131687242705,0.004526748971193417,0.004115226337448541,0.004115226337448541,0.004115226337448541,-0.0004115226337448541,0.0024691358024691245,0.004115226337448541,0.003703703703703687,0.0028806584362139898,0.0024691358024691245,0.003292181069958833,0.0004115226337448541,0.0
107,107,0.9547325102880658,0.9552952592128628,0.9630751533742332,0.9857361963190184,2.5184497199209255,1.7228437323714212,1.5262840373804387,1.5667807938263538,0.4288435884885199,0.04156378600823045,0.04485596707818927,0.03456790123456789,0.027983539094650213,0.024691358024691357,0.005761316872427957,0.015226337448559678,0.004115226337448541,0.0012345679012345622,0.0012345679012345622,0.003703703703703687,0.0012345679012345622,0.0004115226337448541,0.0028806584362139785,0.007407407407407374,0.011934156378600801,0.005349794238683103,0.003703703703703687,0.004115226337448541,0.0004115226337448541,0.004526748971193395,0.0028806584362139785,0.003703703703703687,0.0024691358024691245,0.0012345679012345622,0.008230452674897082,0.0012345679012345622,0.005349794238683103
108,108,0.9465020576131687,0.946575953936627,0.9422731356693621,0.991015274034142,2.169945767429925,1.311329083641667,1.117043434831522,1.8152494255187703,1.2343870920883662,0.029629629629629672,0.06872427983539096,0.013991769547325127,0.014403292181069994,0.0008230452674897193,0.0,0.0024691358024691358,0.0,0.0012345679012345622,-0.0008230452674897082,-0.0008230452674897082,-0.0008230452674897082,-0.005761316872427957,-0.0016460905349794165,0.0016460905349794165,0.005761316872428002,-0.0028806584362139785,-0.0004115226337448541,-0.0004115226337448541,0.0,-0.0020576131687242705,-0.004526748971193395,0.0,-0.0012345679012345622,-0.0028806584362139785,0.002880658436214012,-0.0008230452674897082,-0.003703703703703687
109,109,0.9506172839506173,0.9508598530103907,0.9512664790401422,0.9933343208413569,1.8017722176828488,2.361879469575157,1.0495502133439403,1.415029086875558,0.8626780671638243,0.019341563786008244,0.057201646090534984,0.025514403292181076,0.023045267489711918,0.01810699588477368,0.006172839506172811,0.0012345679012345733,0.0004115226337448541,0.004115226337448541,0.0024691358024691245,0.0012345679012345622,0.004526748971193395,0.0024691358024691245,0.0049382716049382715,0.0074074074074073955,0.003292181069958833,0.003292181069958833,0.0037037037037036978,0.004115226337448541,0.0024691358024691245,0.0,0.0016460905349794165,0.0020576131687242705,0.0008230452674897082,0.0012345679012345622,0.0020576131687242705,0.0016460905349794165,0.004526748971193406
110,110,0.9300411522633745,0.9305243205321395,0.9292531434631117,0.9762914709892441,2.280854148441118,1.6560805778456649,1.7310820909075288,0.9250415391939842,1.2340104129093044,0.018930041152263367,0.03086419753086418,0.026748971193415627,0.016049382716049377,0.00781893004115225,-0.0004115226337448541,0.008230452674897082,0.0024691358024691245,0.003292181069958833,0.0,0.0012345679012345622,0.0004115226337448541,-0.0008230452674897082,0.003292181069958833,0.0,0.0024691358024691245,-0.006584362139917666,0.0,-0.0012345679012345622,0.0004115226337448541,0.0008230452674897082,-0.004938271604938249,-0.0008230452674897082,0.0012345679012345622,0.0004115226337448541,-0.0012345679012345622,-0.0008230452674897082,-0.003703703703703687
111,111,0.9259259259259259,0.9268674067524642,0.9321314952279958,0.9684138766853507,2.13611229878092,1.2251757368174268,1.8385684935823203,1.9398318973026998,0.7891357637992774,0.016049382716049398,0.03868312757201646,0.03456790123456791,0.021810699588477356,0.013580246913580275,-0.0008230452674897082,-0.0012345679012345622,0.0020576131687242705,0.004938271604938249,0.0024691358024691245,0.0,0.0012345679012345622,0.0008230452674897082,-0.0004115226337448541,0.0008230452674897082,0.0,0.0012345679012345622,0.0,0.0008230452674897082,0.0020576131687242705,0.0024691358024691245,0.0012345679012345622,0.0008230452674897082,0.0004115226337448541,0.0004115226337448541,-0.0016460905349794165,0.0012345679012345622,-0.006172839506172811
112,112,0.9300411522633745,0.9301168530129678,0.9264386928860613,0.9835164835164836,2.5120024063951933,1.9028500585707566,1.1544244730080866,1.5339832621609544,0.6878356213382097,0.034156378600823045,0.07489711934156378,0.02016460905349794,0.014814814814814803,0.01069958847736624,0.0024691358024691245,-0.0012345679012345622,0.0008230452674897082,-0.0016460905349794165,-0.0004115226337448541,-0.0008230452674897082,-0.0028806584362139785,-0.005761316872427968,-0.0032921810699588438,-0.0008230452674897082,-0.0008230452674897082,-0.0004115226337448541,-0.0008230452674897082,0.0028806584362139785,0.004938271604938249,-0.0024691358024691245,-0.0004115226337448541,0.004526748971193395,-0.0016460905349794165,-0.003703703703703687,0.0020576131687242705,-0.0008230452674897082,-0.003292181069958833
113,113,0.934156378600823,0.9347290396152511,0.9350076687116564,0.9843558282208589,1.7455830409818995,1.8119055546992817,1.224325604339358,1.9222729183296128,0.8744205918469903,0.02427983539094648,0.05432098765432095,0.03868312757201643,0.02633744855967075,0.01275720164609052,0.005761316872427957,0.0004115226337448541,0.0,0.0012345679012345622,0.0,-0.0004115226337448763,-0.0020576131687242817,0.0012345679012345622,-0.0004115226337448652,-0.0024691358024691466,-0.0004115226337448652,-0.005761316872428002,0.004526748971193395,0.004526748971193395,-0.004115226337448585,-0.0069958847736625975,0.0012345679012345622,0.003292181069958833,0.0004115226337448541,-0.0004115226337448541,0.008641975308641936,-0.0020576131687242817,-0.0016460905349794165
114,114,0.9506172839506173,0.9507302509481159,0.9491828396322779,0.9929228075295491,2.233250928391019,1.2405965250859976,0.9956362222714713,2.1031560560531735,1.0000620603702952,0.019341563786008254,0.029218106995884775,0.02304526748971193,0.026748971193415638,0.016049382716049387,-0.003703703703703687,-0.005349794238683103,-0.0016460905349794165,-0.0004115226337448541,-0.0028806584362139785,-0.003292181069958833,-0.0020576131687242705,0.0,-0.0024691358024691245,0.0,-0.004115226337448541,-0.0028806584362139785,-0.003292181069958833,-0.006172839506172811,0.0008230452674897082,-0.0016460905349794165,-0.007407407407407374,-0.003292181069958833,-0.0004115226337448541,-0.008230452674897092,-0.003703703703703687,-0.004526748971193395,-0.006584362139917666
115,115,0.9423868312757202,0.9425332838487372,0.939638572063398,0.9860020737668493,2.233419006962859,1.499002769968988,1.33408235582238,1.7101622909648322,0.9240665226880603,0.032098765432098796,0.03168724279835396,0.023045267489711984,0.012757201646090588,0.01851851851851858,0.0008230452674897415,0.005349794238683192,-0.0004115226337448541,-0.0008230452674896971,-0.000411522633744843,0.0004115226337448652,-0.000411522633744843,-0.0012345679012345512,0.0016460905349794607,0.0004115226337448652,0.0008230452674897415,-0.0028806584362139785,-0.0008230452674896971,-0.0008230452674896971,-0.000823045267489686,-0.0008230452674896748,-0.0008230452674896748,1.1102230246251566e-17,-0.0012345679012345512,-0.0008230452674896971,0.002057613168724326,-0.0012345679012345512,0.004938271604938349
116,116,0.9629629629629629,0.963116439942453,0.9631777108433734,0.9918674698795181,2.4019934227854267,1.5668909017431427,1.5651169110846017,1.250185946837127,0.516150426524365,0.030864197530864158,0.05061728395061723,0.03991769547325098,0.029629629629629596,0.02181069958847731,0.013580246913580184,0.01851851851851847,0.004938271604938249,0.010288065843621352,0.003292181069958833,0.009876543209876498,0.008641975308641936,0.008230452674897082,0.0057613168724279466,0.006172839506172811,0.014403292181069893,0.005349794238683103,0.004526748971193395,0.004526748971193395,0.003703703703703687,0.007407407407407374,0.0008230452674896748,0.008641975308641936,0.004526748971193395,0.0024691358024691136,0.007818930041152227,0.0012345679012345622,0.004526748971193384
117,117,0.9506172839506173,0.9511483854902282,0.9529814665592264,0.9871877518130541,2.1378249561077096,1.5910381693055873,1.355178469268127,2.005433909337536,0.6259953833072632,0.03827160493827162,0.03209876543209879,0.03580246913580247,0.024279835390946514,0.027572016460905346,0.0008230452674897082,0.01399176954732514,0.003703703703703687,-0.0020576131687242705,0.0008230452674897082,0.00781893004115224,-0.0024691358024691245,-0.0024691358024691245,0.0,0.0004115226337448541,0.013580246913580252,0.0004115226337448541,-0.0028806584362139785,0.0028806584362139785,0.0016460905349794165,-0.0008230452674897082,-0.003292181069958833,0.0008230452674897082,-0.0016460905349794165,0.0004115226337448541,0.0008230452674897082,0.0012345679012345622,0.0008230452674897082
118,118,0.9465020576131687,0.9474011162767085,0.9601226993865031,0.982898773006135,2.0126534889729757,1.1950078126954908,1.5768876669050964,1.455739426026462,1.3713513851908574,0.023868312757201682,0.03333333333333336,0.02592592592592593,0.04115226337448562,0.01810699588477368,0.008641975308642025,0.006172839506172878,0.0024691358024691358,0.0020576131687242705,0.0008230452674897082,0.0016460905349794165,0.003703703703703687,0.004115226337448541,0.004526748971193428,0.0012345679012345622,0.00905349794238689,0.0004115226337448541,0.004115226337448541,0.0016460905349794165,0.003703703703703687,-0.0008230452674897082,-0.004938271604938249,0.004115226337448541,0.004115226337448541,0.0008230452674897082,0.0004115226337448652,-0.0012345679012345622,-0.004938271604938249
119,119,0.9670781893004116,0.9673041232954087,0.971816976127321,0.9877689360447981,2.188401996475006,1.548277910046374,1.553617635586932,1.2945363239181207,0.7955122437529867,0.034567901234567947,0.03786008230452679,0.0283950617283951,0.013580246913580308,0.01111111111111116,0.007407407407407485,0.008230452674897193,1.1102230246251566e-17,0.0037037037037037646,0.0024691358024691913,0.007407407407407485,0.0016460905349794607,0.0037037037037037533,0.00246913580246918,0.0024691358024691913,0.01111111111111116,0.0032921810699589106,0.004115226337448641,0.004115226337448641,0.0016460905349794607,0.0012345679012346067,0.0032921810699588993,0.0032921810699589106,0.001646090534979472,2.2204460492503132e-17,0.0020576131687243147,0.0008230452674897526,0.006172839506172922
120,120,0.9753086419753086,0.9754563936253579,0.9784125766871166,0.9955521472392638,1.5658598603472185,1.95791846926398,1.398802096449405,2.021501665481712,0.6163212921758907,0.034979423868312785,0.05020576131687243,0.034156378600823045,0.034979423868312765,0.02304526748971194,0.00493827160493826,0.010288065843621397,0.0020576131687242705,0.006172839506172823,0.0012345679012345622,0.0012345679012345622,0.008230452674897127,0.004938271604938249,0.004938271604938249,0.0024691358024691245,0.019341563786008254,0.0020576131687242705,0.0016460905349794165,0.0004115226337448541,0.0008230452674897082,0.003703703703703687,0.0020576131687242705,0.0016460905349794165,0.005761316872427957,0.0012345679012345622,0.003703703703703687,0.0016460905349794165,0.0016460905349794165
121,121,0.9547325102880658,0.954938861738822,0.9535276073619632,0.9921779141104294,1.4558364892093492,1.2731296545512911,1.9678632766651405,1.9586131611187931,0.9639577868463048,0.022633744855967065,0.030041152263374483,0.030041152263374483,0.031275720164609035,0.004115226337448552,0.003292181069958833,-0.0008230452674897082,-0.004938271604938249,0.0024691358024691245,-0.006172839506172823,-0.010288065843621397,-0.0020576131687242705,0.0028806584362139785,-0.0020576131687242705,0.0012345679012345622,-0.0037037037037036978,-0.0008230452674897082,-0.004115226337448541,-0.0016460905349794165,-0.0008230452674897082,0.0020576131687242705,-0.0004115226337448541,0.0016460905349794165,-0.0024691358024691245,-0.0074074074074073955,-0.006995884773662531,-0.0004115226337448541,-0.005761316872427957
122,122,0.9382716049382716,0.9386705954694283,0.9387915543575921,0.9779125486672656,2.4257203910080514,1.544532129653271,1.7757709474192436,1.654532376299549,0.30929153047277647,0.022222222222222178,0.04197530864197526,0.025925925925925897,0.014814814814814791,0.014814814814814758,0.0004115226337448319,0.011111111111111061,-0.002057613168724326,-0.0004115226337448874,-0.0028806584362140565,0.004115226337448541,-0.004938271604938338,-0.004526748971193484,-0.0016460905349794607,-0.0028806584362140565,0.013580246913580197,-0.005349794238683192,-0.006584362139917777,-0.006584362139917766,0.0012345679012345512,-2.2204460492503132e-17,-0.003703703703703776,-0.0020576131687243373,-0.006172839506172922,-0.004938271604938349,-0.0024691358024691913,-0.0012345679012345956,-0.006172839506172922
123,123,0.9506172839506173,0.9510691519406117,0.956524959265294,0.9845948748333581,1.4230424298597246,2.0077745477628386,0.450173466912762,2.107084421897405,1.2154967601105569,0.018518518518518535,0.016872427983539117,0.04074074074074072,0.025514403292181076,0.00658436213991771,0.003292181069958833,-0.004115226337448541,0.003703703703703687,0.003703703703703687,-0.0004115226337448541,-0.0008230452674897082,0.003703703703703687,0.004115226337448541,0.0028806584362139785,0.003292181069958833,-0.0008230452674897082,0.0012345679012345622,0.0,0.0004115226337448541,0.0004115226337448541,0.0008230452674897082,0.003292181069958833,0.0012345679012345622,0.004115226337448541,0.0012345679012345622,-0.003703703703703687,0.0024691358024691245,0.0016460905349794165
124,124,0.934156378600823,0.9349932504466348,0.9413346462657173,0.9854567489774277,2.2667140238930776,1.6531973706216048,1.0932745553787908,1.952644729241316,0.5387069476399604,0.02757201646090531,0.05637860082304522,0.030452674897119326,0.01687242798353906,0.00987654320987653,0.004938271604938249,0.004526748971193395,0.004115226337448541,0.0024691358024691245,0.0028806584362139785,-0.0004115226337448652,0.0028806584362139785,0.010699588477366207,0.005349794238683103,0.0016460905349794165,0.0020576131687242705,-1.1102230246251566e-17,-0.0024691358024691358,-0.0028806584362139898,-0.004115226337448574,-0.00452674897119344,0.005761316872427957,-0.0008230452674897082,0.0024691358024691245,-0.0037037037037037424,0.000411522633744843,-0.0020576131687242705,-0.0016460905349794165
125,125,0.9423868312757202,0.9428412678383876,0.9446536144578312,0.9844126506024096,2.509874197235917,0.9868897878383142,1.472818454647628,2.734637160010358,0.34904757808699693,0.05226337448559677,0.018106995884773724,0.011522633744856025,0.008641975308642014,0.006584362139917743,0.0032921810699588993,-0.004115226337448541,-0.003703703703703687,-0.003703703703703687,-0.0028806584362139785,-0.003703703703703687,-0.0024691358024691245,0.0016460905349794607,-0.0028806584362139785,-0.0020576131687242705,-0.003292181069958833,-0.006172839506172811,-0.003703703703703687,-0.003292181069958833,0.0,-0.0004115226337448541,-0.004526748971193395,0.0,-0.0028806584362139785,-0.007407407407407374,-0.0016460905349794165,-0.0004115226337448541,-0.0020576131687242705
126,126,0.9465020576131687,0.9466823060921825,0.9459360863855246,0.9878885159784037,1.4870829334800915,1.6063617398774166,1.5941281427093261,1.4299240405000289,1.6026395621236866,0.017283950617283973,0.03251028806584364,0.03209876543209881,0.02469135802469139,0.012757201646090566,0.0024691358024691358,0.003292181069958855,-0.0024691358024691245,-0.0024691358024691245,-0.0016460905349794165,0.0,-0.0020576131687242705,0.0012345679012345846,0.0028806584362139898,0.0008230452674897415,0.004938271604938316,-0.0004115226337448541,0.0008230452674897082,0.0004115226337448541,-0.004526748971193395,-0.0016460905349794165,-0.0008230452674897082,0.003703703703703709,-0.0020576131687242705,0.0,-0.000411522633744843,-0.0020576131687242705,-0.0020576131687242705
127,127,0.9588477366255144,0.9591301541192608,0.9628647214854111,0.9851900972590628,2.0427912623729085,2.1701528562817622,1.19503755838437,1.0657031668928312,0.8341721648352225,0.028806584362139887,0.04526748971193415,0.043209876543209846,0.051028806584362096,0.026748971193415617,0.013168724279835342,0.011522633744855926,0.011522633744855914,0.013168724279835342,0.003703703703703687,0.0012345679012345622,0.012345679012345623,0.010699588477366207,0.009876543209876498,0.00905349794238679,0.009465020576131643,0.010288065843621363,0.006995884773662519,0.008230452674897082,0.004115226337448541,0.00905349794238679,0.005761316872427957,0.007818930041152227,0.010699588477366207,0.003292181069958833,0.009465020576131643,0.008641975308641936,0.004115226337448541
128,128,0.9300411522633745,0.930337039539025,0.9312588904694168,0.9830725462304409,2.065831012895629,1.450419397025206,1.5191789329086873,2.130142489388965,0.6754066172585518,0.0251028806584362,0.025514403292181076,0.03251028806584362,0.013168724279835375,0.010288065843621397,-0.0024691358024691358,-0.004115226337448552,0.0008230452674897082,0.0,-0.0004115226337448541,-0.004526748971193395,-0.0012345679012345622,0.0004115226337448541,-0.0012345679012345622,-0.0028806584362139785,0.003292181069958833,-0.005761316872427968,-0.003292181069958833,-0.003703703703703687,0.0020576131687242705,-0.0012345679012345622,-0.0004115226337448541,-0.0020576131687242705,-0.0028806584362139785,-0.003703703703703687,-0.004526748971193406,-0.0020576131687242705,-0.0028806584362139785
129,129,0.9382716049382716,0.9392095198129332,0.9477076258104353,0.9776937326335289,1.122115154857595,0.6224931071926648,1.7386584000180911,2.781587038643497,1.9024283860631357,0.018930041152263332,0.012757201646090477,0.02921810699588472,0.0518518518518518,0.010699588477366217,0.013168724279835342,0.005761316872427957,0.0,0.0024691358024691245,0.004526748971193395,-0.0037037037037037646,0.006995884773662519,0.004938271604938249,0.006995884773662519,0.005349794238683092,0.003703703703703687,-0.0004115226337448763,0.006172839506172811,0.003703703703703687,0.0,0.004115226337448541,0.0032921810699588216,0.003703703703703687,0.000411522633744843,0.003292181069958833,0.005349794238683103,0.005349794238683103,0.0028806584362139676
130,130,0.9423868312757202,0.9429140105973803,0.9475262924011258,0.9833358021033921,2.177336494763735,1.129859545529329,0.8779903729129236,1.8785696104211949,1.5528097236735472,0.026748971193415693,0.09341563786008233,0.014403292181070004,0.005761316872428035,0.020576131687242837,0.004526748971193484,0.004938271604938327,0.0016460905349794607,0.0032921810699589214,0.008641975308642047,0.0024691358024691913,0.002057613168724326,0.007407407407407474,0.00823045267489717,0.009876543209876609,0.007407407407407474,0.004938271604938349,0.0024691358024691913,0.0037037037037037867,0.0016460905349794607,0.0,0.004938271604938349,0.0032921810699589214,0.0032921810699589214,0.004115226337448652,0.0032921810699588993,0.0008230452674897303,0.0024691358024691913
131,131,0.934156378600823,0.9344911273391477,0.933060312732688,0.9827252419955324,2.5791038890295193,1.4299044033114245,1.603944595023145,1.8284617703039237,0.5062220765341325,0.03621399176954728,0.031275720164609035,0.024691358024691346,0.005349794238683115,0.006584362139917666,-0.0004115226337448763,-0.0012345679012345846,0.000411522633744843,0.003292181069958833,-0.0008230452674897082,-0.002880658436214001,0.0020576131687242705,-0.0024691358024691358,0.004115226337448541,0.004938271604938249,0.0008230452674897082,0.0004115226337448541,0.0,0.0,0.002057613168724259,0.0024691358024691245,-0.0012345679012345733,-0.0020576131687242926,-0.0004115226337448541,-0.0004115226337448541,-0.0016460905349794165,0.0008230452674897082,0.0016460905349794165
132,132,0.9670781893004116,0.9673466135946487,0.9721633085896076,0.9894712922284502,1.4747048847179194,1.5968541725622158,1.1419477232612265,2.367086629418737,1.0845842087316842,0.015637860082304566,0.03127572016460909,0.04403292181069962,0.05061728395061732,0.027983539094650234,0.0004115226337448652,0.0028806584362140565,0.0012345679012346067,0.004526748971193484,0.0004115226337448652,0.004938271604938349,0.002880658436214034,-0.0024691358024691136,0.0004115226337448652,0.0016460905349794496,0.0032921810699588993,-0.0012345679012345622,0.0004115226337448652,0.0004115226337448652,0.0016460905349794607,0.0004115226337448652,-0.000823045267489686,0.0028806584362140453,0.0028806584362140453,0.0037037037037037867,0.00246913580246918,0.0004115226337448652,1.1102230246251566e-17
133,133,0.9670781893004116,0.9670781893004116,0.9647058823529412,0.9931735657225854,2.0944947082180065,1.082326646593274,1.4132269450994768,1.353857925519817,1.9431485654697338,0.012757201646090566,0.03703703703703707,0.035802469135802525,0.05020576131687245,0.020987654320987693,3.3306690738754695e-17,0.007818930041152328,0.00246913580246918,0.0020576131687243147,0.0016460905349794496,0.0016460905349794607,0.0004115226337448652,0.0012345679012345956,-0.0004115226337448208,-0.0004115226337448208,0.007407407407407462,0.004115226337448608,1.1102230246251566e-17,-0.000411522633744843,0.0008230452674897303,0.00246913580246918,0.002469135802469169,-0.0008230452674897082,0.0004115226337448763,0.0008230452674897415,-0.001234567901234529,0.0012345679012345956,-0.0024691358024691245
134,134,0.9382716049382716,0.9386310591340343,0.9392130857648099,0.984526967285588,1.8776338579179659,1.726049436444518,1.3044221894302688,1.5973589111440083,1.059485317912615,0.03292181069958844,0.0275720164609053,0.03744855967078185,0.02551440329218103,0.02181069958847731,0.006995884773662519,0.008230452674897082,-0.0004115226337448985,0.0004115226337448319,0.0012345679012345622,0.004115226337448541,-1.1102230246251566e-17,0.0016460905349794052,-0.002057613168724326,-0.0028806584362140565,0.013991769547325039,0.004938271604938249,-0.00246913580246918,0.0032921810699588216,-0.0016460905349794607,0.0008230452674897082,0.003292181069958833,0.003292181069958833,-0.0028806584362140674,-2.2204460492503132e-17,-2.2204460492503132e-17,-0.0008230452674897303,-0.005761316872428058
135,135,0.9259259259259259,0.9268124358262216,0.9285547785547785,0.9862470862470862,2.352015982504697,1.7705623647419142,1.351108775806796,1.3822520283340956,0.7411040246985365,0.00864197530864198,0.023045267489711953,0.023456790123456805,0.01563786008230452,0.007407407407407418,0.00864197530864198,-0.0004115226337448541,0.0016460905349794165,0.0004115226337448541,0.0,0.0,0.003292181069958833,0.0008230452674897082,0.006172839506172834,0.006172839506172811,0.0024691358024691358,-0.0008230452674897082,0.0008230452674897082,0.0,0.0024691358024691245,0.0020576131687242705,0.004526748971193406,0.004526748971193406,0.0024691358024691245,0.0008230452674897082,0.0016460905349794165,0.0016460905349794165,0.0024691358024691245
136,136,0.9300411522633745,0.9306957379731908,0.9322451143766095,0.9847750340857446,2.1643349246327914,1.4269810795969016,1.1041539048220796,2.139298678779372,0.8780097577816667,0.021399176954732514,0.06790123456790123,0.01728395061728394,0.009465020576131666,0.003292181069958833,-0.0008230452674897082,0.0,-0.003292181069958833,0.0,0.0016460905349794165,-0.003292181069958833,-0.005761316872427957,0.0012345679012345622,-0.005349794238683103,0.0,0.0020576131687242705,-0.0004115226337448541,0.0004115226337448541,-0.0008230452674897082,-0.0020576131687242705,0.004115226337448541,0.0028806584362139785,0.0032921810699588216,0.006172839506172811,-0.0008230452674897082,0.004115226337448541,0.0020576131687242705,0.0008230452674897082
137,137,0.9465020576131687,0.9465643630071009,0.9435648621041879,0.9908069458631256,1.623512962273759,1.2097083291608568,1.6548449956432743,1.756738774890495,1.0748851274908453,0.013580246913580275,0.037860082304526796,0.022222222222222244,0.01111111111111115,0.012345679012345701,0.0024691358024691245,0.007407407407407474,0.0012345679012345622,-0.0016460905349794165,0.0020576131687242705,0.0028806584362139785,-0.003703703703703687,-0.004115226337448541,0.0008230452674897082,-0.0012345679012345622,0.00823045267489717,-0.0008230452674897082,0.0028806584362139785,0.0028806584362139785,0.0004115226337448541,-0.004526748971193395,0.004115226337448552,-0.0008230452674897082,0.0004115226337448541,-0.0012345679012345622,-0.002057613168724259,-0.0004115226337448541,-0.0012345679012345622
138,138,0.934156378600823,0.9346757346724429,0.9355045180722892,0.9823042168674698,2.2589641922687402,0.8829443914657232,1.3178089427655706,1.9011843024469615,1.2031556825173226,0.014814814814814758,0.02633744855967075,0.034979423868312744,0.011522633744855936,0.011111111111111072,-0.0020576131687242817,0.0008230452674897082,0.0004115226337448541,0.0008230452674897082,0.0024691358024691245,0.0016460905349794165,-0.005349794238683159,-0.003703703703703687,0.0004115226337448541,0.0020576131687242705,0.0028806584362139785,0.0008230452674897082,-0.0004115226337448541,0.0,-0.0016460905349794165,0.0016460905349794165,-0.0016460905349794165,-0.0004115226337448541,-0.003703703703703687,-0.0012345679012345622,0.0008230452674897082,0.003703703703703687,0.0004115226337448541
139,139,0.9506172839506173,0.9513049794174292,0.9568896051571314,0.9914585012087026,2.4329449483441907,1.9981820053114125,0.8258064588538715,1.8955652239142042,0.4492936496245352,0.029629629629629638,0.021810699588477367,0.01522633744855969,0.013991769547325106,0.020987654320987648,-0.0008230452674897082,0.0020576131687242705,0.0,-0.003292181069958833,-0.0004115226337448541,-0.0028806584362139785,0.0,0.0,-0.0020576131687242705,0.0,-0.003703703703703687,0.0,-0.0008230452674897082,-0.0008230452674897082,0.0,-0.0004115226337448541,0.0,0.0,0.0,-0.0024691358024691245,-0.0016460905349794165,-0.0004115226337448541,-0.007407407407407374
140,140,0.9382716049382716,0.938055932420814,0.9308126084441875,0.9804800462695199,2.2548788408694214,1.6500254531880818,1.07342033076858,2.0418370842280003,0.7034508484249854,0.05020576131687239,0.023868312757201603,0.03209876543209873,0.015226337448559623,0.012757201646090488,-0.002057613168724326,0.008641975308641936,-0.002057613168724326,0.0024691358024691136,-1.1102230246251566e-17,-0.0004115226337448985,0.0020576131687242484,-0.004115226337448641,0.0008230452674896971,0.0024691358024691136,0.013991769547325061,0.0016460905349794052,0.004115226337448541,-0.0016460905349794607,-0.0024691358024691913,0.003292181069958833,-0.0004115226337448652,0.004115226337448541,-0.0012345679012345956,0.0,0.003703703703703687,0.004115226337448541,-0.0004115226337448652
141,141,0.9382716049382716,0.9391199804918992,0.947432207241327,0.9856839872746553,1.553791111907972,1.967714707280103,1.7901890858535168,0.8695562371549248,1.588030687733065,0.023868312757201603,0.0563786008230452,0.03045267489711929,0.025925925925925887,0.019341563786008188,0.0012345679012345512,0.00905349794238679,-0.0020576131687243373,0.0028806584362139785,0.0004115226337448319,-0.0028806584362140565,0.003292181069958833,0.006172839506172811,0.004526748971193384,0.006995884773662508,0.011111111111111061,0.0024691358024691136,0.0004115226337448541,0.0,0.007818930041152227,0.004526748971193384,-3.3306690738754695e-17,-1.1102230246251566e-17,0.005761316872427957,-0.0004115226337448874,0.004526748971193395,-1.1102230246251566e-17,-0.001646090534979472
142,142,0.9547325102880658,0.9553137233408874,0.9631830811979005,0.9800864464340846,2.1753601064973185,1.4423448425780738,0.846470605672407,1.1638814707146283,2.027825926203123,0.026748971193415627,0.058847736625514416,0.0567901234567901,0.041152263374485576,0.030452674897119315,0.005349794238683103,0.014814814814814814,0.00781893004115224,0.006995884773662519,0.0028806584362139785,0.0016460905349794165,0.005761316872427957,0.014403292181069949,0.007818930041152227,0.01934156378600823,0.022633744855967076,-0.0004115226337448541,0.0008230452674897082,0.0008230452674897082,0.0016460905349794165,0.0012345679012345622,0.003703703703703687,0.003703703703703687,0.0020576131687242705,0.0012345679012345622,0.006584362139917666,0.0012345679012345622,-0.004115226337448541
143,143,0.934156378600823,0.9342553742553742,0.9333964646464646,0.9864618406285073,1.365823516180594,1.7091925883623722,1.3195328212720252,2.298348745262052,0.7275542673181367,0.04362139917695471,0.01275720164609051,0.025514403292181055,0.05596707818930038,0.01069958847736623,0.0016460905349794165,-0.00452674897119344,0.004115226337448541,0.003703703703703687,0.0004115226337448541,0.0016460905349794165,0.004526748971193395,0.0012345679012345622,0.006995884773662519,0.005349794238683103,0.004938271604938249,0.0012345679012345622,0.0008230452674897082,0.0020576131687242705,0.003292181069958833,0.0024691358024691245,0.0012345679012345622,0.0012345679012345622,0.003292181069958833,0.0012345679012345622,-1.1102230246251566e-17,0.0012345679012345622,0.0024691358024691245
144,144,0.9588477366255144,0.9589708630005555,0.9567901234567902,0.992912665752172,2.518274636941123,1.4335439218372703,0.8495198207494379,1.6379470312721682,0.8872161872526317,0.02921810699588474,0.05308641975308639,0.03004115226337447,0.013580246913580207,0.020987654320987637,-0.0004115226337448541,0.0024691358024691136,0.0012345679012345622,0.003292181069958833,-0.0008230452674897082,-0.0012345679012345622,0.0020576131687242705,-0.0004115226337448541,0.0024691358024691245,0.003703703703703687,0.008641975308641947,0.0020576131687242705,-0.0008230452674897082,-0.0008230452674897082,-0.0004115226337448541,-0.0008230452674897082,0.0012345679012345622,-0.002880658436214012,0.0024691358024691245,-0.0008230452674897082,-0.0012345679012345733,-0.0008230452674897082,0.0024691358024691245
145,145,0.9629629629629629,0.9631338677394229,0.9659139784946237,0.9825089605734767,2.3341782659487653,1.7456240103623184,1.4328990719852668,1.3720685205661236,1.0889866953206764,0.02551440329218102,0.04567901234567898,0.02921810699588473,0.03168724279835387,0.009876543209876498,0.0008230452674896971,-0.0016460905349794607,-0.0012345679012345956,0.0024691358024691136,0.0016460905349794052,-0.0016460905349794607,-2.2204460492503132e-17,-0.0028806584362140565,0.000823045267489686,0.0008230452674896971,0.001234567901234529,-0.0032921810699588993,-0.0012345679012345956,-0.0004115226337448652,-1.1102230246251566e-17,-0.0008230452674897303,-0.002057613168724326,-0.0004115226337448763,0.0028806584362139785,-0.0004115226337448652,0.0028806584362139785,-0.001646090534979472,0.0004115226337448319
146,146,0.9588477366255144,0.9593356428562422,0.9685534591194969,0.9929619646600779,2.921806502472997,1.2844444715289953,0.5201491439996149,1.7548241754911365,1.23618740479745,0.034156378600823004,0.06625514403292178,0.0251028806584362,0.008641975308641947,0.015226337448559646,0.0012345679012345622,0.003292181069958833,0.0012345679012345622,0.0,0.0,0.0016460905349794165,0.004115226337448541,-0.0012345679012345622,0.0004115226337448541,0.0008230452674897082,0.006584362139917666,-0.0012345679012345622,0.0,0.0,0.0,0.0024691358024691245,-0.0028806584362139785,0.0,0.0004115226337448541,0.004115226337448541,0.006172839506172811,0.0004115226337448541,0.0024691358024691245
147,147,0.9547325102880658,0.9550883854902211,0.9596595932802829,0.9883583849101091,2.555604886230011,1.520615794195458,1.4027826633271,1.447374013244619,0.6867375529456496,0.031275720164609035,0.05720164609053498,0.034979423868312744,0.02427983539094649,0.025514403292181055,0.0024691358024691245,0.008230452674897104,0.0004115226337448541,-0.0012345679012345622,0.0,0.0012345679012345622,0.0004115226337448541,0.0012345679012345622,0.004526748971193395,0.0016460905349794165,0.003703703703703687,-0.0008230452674897082,0.0028806584362139785,0.0028806584362139785,-0.0016460905349794165,0.0016460905349794165,-0.0004115226337448541,0.0008230452674897082,-0.0012345679012345622,0.0,-0.0012345679012345622,0.0020576131687242705,0.003703703703703687
148,148,0.9053497942386831,0.9062715621896129,0.9084880636604775,0.9725169466548776,1.8136326506899307,1.9014822400066933,1.9640977722278439,1.2345587657204575,1.0661676501922774,0.00864197530864198,0.01563786008230452,0.010288065843621397,-0.0016460905349794275,0.004526748971193417,-0.0016460905349794165,-0.0024691358024691358,-0.0028806584362139785,0.0024691358024691245,0.0012345679012345622,-0.009053497942386834,-0.008230452674897127,-0.006584362139917699,-0.00781893004115226,-0.00781893004115226,0.005761316872427957,-0.0008230452674897082,-0.004526748971193406,-0.0049382716049382715,-0.005761316872427957,-0.004115226337448541,-0.0024691358024691245,0.0024691358024691245,-0.0004115226337448541,-0.0074074074074073955,-0.0028806584362139898,-0.0024691358024691358,-0.00493827160493826
149,149,0.9794238683127572,0.9795480180843329,0.9840764331210191,0.9942230780625093,2.0628547233570695,1.4525227219554913,1.5133478399695306,1.5400468391129798,1.1629617825798568,0.024279835390946504,0.03868312757201646,0.01769547325102879,0.01934156378600821,0.015226337448559658,0.0016460905349794165,0.005349794238683103,0.0,-0.0004115226337448541,0.0004115226337448541,-0.0012345679012345622,0.0024691358024691245,0.0004115226337448541,0.0012345679012345622,-0.0016460905349794165,0.003292181069958833,-0.0016460905349794165,-0.0016460905349794165,-0.003292181069958833,0.0,-0.004115226337448541,0.0012345679012345622,-0.0004115226337448541,0.0004115226337448541,0.0004115226337448541,-0.0004115226337448541,0.0,0.003703703703703687
150,150,0.9506172839506173,0.9511032592745055,0.9533170501103057,0.9866057358966278,2.426748437463819,1.295864991320663,1.3604876001212414,1.693796673465647,0.6718962478543502,0.012345679012345701,0.041975308641975316,0.02304526748971194,0.013991769547325117,0.016872427983539107,0.0008230452674897082,0.0024691358024691245,0.004938271604938249,0.004115226337448541,0.0008230452674897082,0.0012345679012345622,0.003703703703703687,0.004115226337448552,0.004526748971193395,0.004938271604938249,0.0024691358024691245,0.0028806584362139785,0.0024691358024691245,-0.0004115226337448541,0.003703703703703687,0.0008230452674897082,0.003292181069958833,0.0020576131687242705,0.003292181069958833,0.0012345679012345622,0.0008230452674897082,0.0008230452674897082,-0.0024691358024691245
151,151,0.9259259259259259,0.9264528646551119,0.9268997185602132,0.9708191379054955,3.0229876979420562,1.1932012726316268,2.2138709739236955,1.0017397074157541,0.4997497970266045,0.022222222222222233,0.025514403292181086,0.02016460905349795,0.008641975308642002,0.013580246913580262,-0.0012345679012345622,0.003292181069958855,-0.0024691358024691245,-0.0028806584362139785,-0.004526748971193395,-0.0020576131687242705,0.0032921810699588438,-0.0004115226337448541,0.0024691358024691245,0.004115226337448541,0.0012345679012345622,-0.0024691358024691245,-0.0008230452674897082,0.0004115226337448541,-0.0020576131687242705,-0.0028806584362139785,0.0,-0.0008230452674897082,0.0,-0.0004115226337448541,-0.0012345679012345622,-0.004115226337448541,-0.003703703703703687
152,152,0.9259259259259259,0.9265102015064983,0.926355421686747,0.9778614457831325,2.039383893262963,1.5177882474755928,1.937671097360588,0.8088024387244399,1.3454860055407722,0.015226337448559701,0.024279835390946514,0.016049382716049387,0.008230452674897115,0.020576131687242805,0.0016460905349794165,-0.0024691358024691245,-0.004526748971193395,0.0028806584362139785,-0.004115226337448541,-0.0024691358024691245,-0.006995884773662519,-0.0024691358024691245,-0.0012345679012345622,-0.0012345679012345622,0.0024691358024691245,0.005349794238683103,-0.0008230452674897082,-0.003292181069958833,-0.0012345679012345622,-0.004526748971193395,-0.0004115226337448541,-0.0004115226337448541,-0.003703703703703687,-0.003703703703703687,-0.0016460905349794165,-0.003292181069958833,-0.007818930041152227
153,153,0.9300411522633745,0.9308550929469341,0.9352370852901075,0.974928041205878,2.4351049670449343,1.9287356045253878,1.9075156436408276,1.0461207837498288,0.3684433334195097,0.013991769547325084,0.01769547325102879,0.011934156378600813,0.009053497942386812,0.006172839506172834,0.004115226337448541,-0.006584362139917699,-0.0028806584362139785,-0.0057613168724279795,-0.006584362139917676,-0.006172839506172834,-0.004526748971193395,-0.008230452674897104,-0.0004115226337448541,-0.0028806584362139785,-0.007818930041152273,-0.0004115226337448541,-0.0020576131687242705,0.0004115226337448541,0.0,-0.0020576131687242705,-0.0016460905349794165,-0.0024691358024691245,-0.004526748971193395,-0.006172839506172811,-0.003703703703703687,-0.004938271604938249,-0.0020576131687242705
154,154,0.9300411522633745,0.9305243205321395,0.9292531434631117,0.9856082411755795,1.8836613223543235,0.8903165294940448,1.8189401239279432,1.667382922505593,1.434458003767619,0.021810699588477356,0.016049382716049367,0.023456790123456795,0.004938271604938249,0.016872427983539107,-0.003292181069958833,-0.006584362139917699,-0.003703703703703687,-0.005761316872427968,-0.004938271604938249,-0.0004115226337448541,-0.006172839506172844,-0.004526748971193406,-0.0020576131687242705,-0.003292181069958833,-1.1102230246251566e-17,-0.0008230452674897082,-0.0004115226337448541,-0.003703703703703687,-0.0008230452674897082,-0.004115226337448541,0.003292181069958833,-0.0028806584362139785,-0.003292181069958833,-0.004526748971193395,-0.006172839506172834,-0.006172839506172811,-0.006172839506172823
155,155,0.9547325102880658,0.954932502596054,0.9537037037037037,0.9907026367931718,2.0947914624341384,1.8155467442208628,2.0448032433302252,0.9707786544122181,0.7924434311119147,0.01851851851851851,0.03580246913580245,0.03333333333333331,0.012345679012345668,0.018930041152263377,-0.0008230452674897082,0.013168724279835387,-0.0037037037037036978,0.0024691358024691245,-0.0020576131687242705,0.006584362139917666,0.0,0.0004115226337448541,0.0008230452674897082,0.0020576131687242705,0.01440329218106996,0.0004115226337448541,-0.004115226337448541,-0.0004115226337448541,0.005349794238683103,-0.0016460905349794165,0.005349794238683103,-0.003292181069958833,0.003703703703703687,-0.0004115226337448541,0.004938271604938249,-0.0024691358024691245,-0.0016460905349794165
156,156,0.9218106995884774,0.9222824687204649,0.9210857650718411,0.9744482298918679,2.2148010998695167,1.4848574907128411,1.328575565031071,1.819303261010308,0.8271918594808036,0.04526748971193417,0.031275720164609076,0.04403292181069962,0.02263374485596712,0.022633744855967097,0.014403292181069994,0.012345679012345689,-0.003703703703703687,-0.0012345679012345512,0.003703703703703709,-0.008230452674897082,-0.002057613168724259,2.2204460492503132e-17,0.01028806584362144,0.01028806584362143,0.009053497942386857,0.00823045267489716,0.0016460905349794275,-0.002057613168724259,-0.005349794238683103,0.015637860082304566,0.0041152263374485635,0.007407407407407441,-0.0016460905349794165,0.004938271604938283,0.004938271604938293,0.0037037037037037203,0.0008230452674897303
157,157,0.9423868312757202,0.9431202504481305,0.9473290261582099,0.9848723605420737,2.373683244388454,1.2149484393862477,1.647937001217051,1.2927327179267467,0.9836173779817389,0.017283950617283984,0.020987654320987693,0.025102880658436254,0.024279835390946546,0.010699588477366306,0.004115226337448641,0.0004115226337448874,-0.0004115226337448319,0.0004115226337448652,0.0004115226337448763,-0.002057613168724259,0.0,0.0032921810699589327,0.0032921810699589214,-0.003292181069958833,3.3306690738754695e-17,-0.0024691358024691245,0.0004115226337448763,0.0024691358024691913,0.0,0.0020576131687243373,-0.0012345679012345401,0.002057613168724326,0.0012345679012345956,-0.000411522633744843,0.003703703703703776,0.0032921810699588993,-0.004526748971193395
158,158,0.9423868312757202,0.9429538024869232,0.9437440907658368,0.9793570753230381,2.1677673813022067,1.644359857254461,1.342137987088176,1.3954067176753238,1.1687521114716566,0.02263374485596712,0.046502057613168765,0.020576131687242826,0.021810699588477412,0.009465020576131722,0.005349794238683203,0.0061728395061729,-0.0012345679012345512,0.002469135802469202,-0.006584362139917666,0.0028806584362140453,0.004115226337448629,2.2204460492503132e-17,0.005349794238683192,0.005761316872428058,0.005761316872428046,0.0037037037037037646,0.003703703703703776,0.003703703703703776,0.0028806584362140453,0.0028806584362140453,0.002469135802469169,0.0024691358024691913,0.004526748971193495,0.0004115226337448985,0.004526748971193484,0.002469135802469202,0.0032921810699589214
159,159,0.9259259259259259,0.9262648269184216,0.9247434017595308,0.9711876832844575,2.4168311803161324,1.3742120805929428,1.4437363745039382,1.7908282286862265,0.9686037223580668,0.023456790123456805,0.025514403292181076,0.05267489711934158,0.02222222222222222,0.032098765432098754,-0.0020576131687242705,0.0,-0.0004115226337448541,-0.0012345679012345622,0.0008230452674897082,-0.0004115226337448541,0.0,-0.0024691358024691245,-0.0004115226337448541,-0.0012345679012345622,0.0020576131687242705,-0.0008230452674897082,-0.0008230452674897082,0.0,-0.0008230452674897082,0.0028806584362139785,-0.0012345679012345622,0.0020576131687242705,0.0,-0.0016460905349794165,0.004115226337448541,0.0,-0.003703703703703687
160,160,0.9670781893004116,0.9674220370338175,0.9725331840716456,0.9894450663681433,2.5367771384542612,1.4382757287858545,0.9816691980312467,1.9393492754339055,1.0894022208824088,0.03539094650205765,0.03703703703703707,0.025925925925925974,0.03539094650205765,0.006995884773662619,0.0024691358024691913,0.007407407407407485,0.004526748971193506,0.006584362139917777,0.004526748971193484,2.2204460492503132e-17,0.004115226337448641,0.00246913580246918,0.004115226337448641,0.005761316872428058,0.015637860082304566,0.001646090534979472,0.0004115226337448652,0.0016460905349794607,0.007407407407407485,-0.0024691358024691245,0.004526748971193495,0.004115226337448641,0.0032921810699589214,0.0012345679012346067,-0.0004115226337448541,0.00493827160493836,0.007407407407407485
161,161,0.9259259259259259,0.9265312624452409,0.9297023201517584,0.9717641908653144,2.68060898922515,1.8767626850885697,1.0711265990258148,0.30074346437385474,1.6480184394208497,0.02592592592592593,0.04444444444444447,0.03991769547325104,0.03827160493827161,0.01522633744855969,0.005349794238683125,0.008230452674897104,0.0,0.004115226337448541,0.0024691358024691245,0.003292181069958833,0.0020576131687242705,0.0020576131687242817,0.004938271604938249,0.005349794238683125,0.010288065843621408,0.0020576131687242705,-0.004115226337448541,-0.0008230452674897082,0.004526748971193395,0.0016460905349794165,0.0004115226337448541,0.0020576131687242705,0.003292181069958833,0.003292181069958833,0.0008230452674897082,0.0,-0.0012345679012345622
162,162,0.9218106995884774,0.9224253931194727,0.9238505747126436,0.9858532272325375,2.334085779178139,1.7503944186570095,1.3047462688074853,0.9328961032085674,1.113715125134109,0.011934156378600869,0.04485596707818932,0.018106995884773693,0.017695473251028836,0.018106995884773703,0.002880658436214001,0.007407407407407451,-0.0004115226337448541,0.0024691358024691245,-0.0004115226337448541,-0.0008230452674897082,0.0012345679012345622,0.0008230452674897082,0.0,0.0,0.003292181069958855,-0.0012345679012345622,0.0008230452674897082,0.0016460905349794165,0.0,0.003292181069958833,-0.0020576131687242705,0.003703703703703709,-0.0012345679012345622,-0.0012345679012345622,0.0057613168724280125,-0.003703703703703687,-0.004115226337448541
163,163,0.9506172839506173,0.9510887677043097,0.9534110467845407,0.9878735722109216,2.274938573951509,1.1931782617456126,1.1001990981455412,1.8236327036038775,1.339117563848985,0.025514403292181076,0.026748971193415648,0.03621399176954735,0.02510288065843621,0.018106995884773668,0.008230452674897127,0.006172839506172834,0.006172839506172811,0.003703703703703687,-0.004526748971193395,-0.0020576131687242705,0.0028806584362139785,0.003703703703703687,0.006172839506172823,0.005349794238683115,0.00493827160493826,0.0,-0.0008230452674897082,0.0012345679012345622,-0.0020576131687242705,-0.0016460905349794165,0.004115226337448541,0.0057613168724279795,0.004115226337448541,-0.0020576131687242705,0.004526748971193406,0.004938271604938249,0.0024691358024691245
164,164,0.9465020576131687,0.9465808424617702,0.941675503711559,0.9903044993182851,2.1680081374470106,1.643987759637386,1.5674938839221981,2.0740211437755107,-0.1259307461443144,0.01028806584362143,0.022222222222222254,0.009876543209876586,0.009465020576131722,0.007818930041152295,-0.0004115226337448541,0.005349794238683159,-0.0028806584362139785,-0.0012345679012345622,-0.004938271604938249,0.0008230452674897082,0.0024691358024691358,-0.0016460905349794165,-0.005349794238683103,0.0008230452674897193,0.0057613168724280125,-0.0020576131687242705,-0.0012345679012345622,-0.0016460905349794165,-0.0024691358024691245,-0.0016460905349794165,-0.007407407407407374,-0.0008230452674897082,-0.0016460905349794165,-0.0008230452674897082,-0.004115226337448541,-0.003703703703703687,-0.003703703703703687
165,165,0.9629629629629629,0.9628288812096611,0.9568627450980391,0.9832970225127088,2.2285735704149463,1.5084517660326968,1.3256420361149115,1.7330777338352668,1.0518018610376267,0.040329218106995836,0.04238683127572013,0.017283950617283883,0.02222222222222219,0.01851851851851848,0.004938271604938249,0.015226337448559623,0.0004115226337448319,0.0024691358024691245,-0.0004115226337448652,0.0008230452674896971,-0.0032921810699589327,0.0012345679012345512,0.003703703703703687,0.005761316872427957,0.0057613168724279466,0.004526748971193395,0.0008230452674896971,0.0004115226337448541,0.005349794238683103,-1.1102230246251566e-17,0.011934156378600768,0.0012345679012345622,-0.0037037037037037867,0.004115226337448541,0.0024691358024691245,-0.0016460905349794607,-0.0032921810699589214
166,166,0.9382716049382716,0.9386979298812996,0.9384562945008332,0.9878806241478564,2.207911591317802,1.1629218711034346,1.1280572035158973,1.853958145825697,1.1885662007323774,0.027160493827160438,0.0193415637860082,0.02263374485596703,0.03333333333333329,0.012757201646090477,0.007407407407407374,0.009876543209876498,-0.004938271604938327,-0.002057613168724326,-0.0016460905349794496,-0.0032921810699589106,0.0024691358024691245,-0.0028806584362140453,0.0020576131687242484,0.0032921810699588216,0.0189300411522633,-0.007407407407407485,-0.00246913580246918,-0.001646090534979472,-0.00905349794238689,-0.0008230452674897303,-0.0069958847736626304,-0.0024691358024691913,-0.0069958847736626304,-0.0004115226337448763,-0.0012345679012346067,-1.1102230246251566e-17,-0.0032921810699589214
167,167,0.9423868312757202,0.9431202504481305,0.9473290261582099,0.9829026158209896,2.39682116782761,1.5543000694345939,2.168224826078615,1.2439728577816753,0.6796477770189333,0.00905349794238689,0.022222222222222265,0.02757201646090539,0.011934156378600869,0.017283950617283994,0.0032921810699589214,-0.001234567901234529,-0.004526748971193395,-0.0012345679012345512,0.0,-0.0020576131687242705,0.0012345679012345956,-0.0024691358024691024,0.0016460905349794607,-0.0028806584362139676,-0.0032921810699588216,-0.0024691358024691245,-0.0016460905349794165,-0.0012345679012345622,-0.007407407407407374,0.0,0.001646090534979483,0.0028806584362140565,0.0020576131687243147,-0.004115226337448541,-0.000411522633744843,-0.003292181069958833,-0.0028806584362139785
168,168,0.9423868312757202,0.9425091742412662,0.9407171775592829,0.9883603238866396,1.9072725514512079,0.9481495008845947,1.8733423795212583,1.7585796729446694,1.0251899907810378,0.033333333333333395,0.009465020576131722,0.015226337448559713,0.00823045267489717,0.020987654320987693,0.0012345679012346177,-0.012345679012345623,-0.00411522633744853,-0.009465020576131643,-0.0028806584362139785,-0.004526748971193395,-0.006584362139917666,-0.004115226337448518,-0.0028806584362139455,-0.00411522633744853,-0.001646090534979383,-0.005349794238683103,-0.0004115226337448208,-0.0004115226337448208,-0.004938271604938249,0.0016460905349794607,-0.0024691358024691136,-0.003703703703703687,-0.004115226337448541,-0.000823045267489686,0.0032921810699589106,0.0012345679012345956,-0.00905349794238679
169,169,0.9465020576131687,0.9467283243533721,0.9485419630156472,0.9865576102418208,2.020224651077165,1.7203358069953465,1.24800944248362,2.382385376748392,0.3028802756699051,0.03209876543209881,0.025102880658436244,0.024279835390946525,0.02757201646090538,0.017283950617283973,0.0020576131687242926,0.012345679012345723,0.0024691358024691245,0.005761316872427991,0.003703703703703709,0.0024691358024691358,0.0008230452674897082,0.008230452674897148,0.006584362139917721,0.008641975308642014,0.009876543209876599,-0.0012345679012345622,0.0012345679012345622,0.0028806584362139785,-0.003703703703703687,0.0020576131687242817,0.004526748971193428,0.0032921810699588438,0.003292181069958833,-0.0012345679012345622,0.0057613168724280125,0.0012345679012345622,0.0012345679012345733
170,170,0.9423868312757202,0.9425234450203239,0.9401026392961876,0.9848240469208212,2.208280823756448,1.1799808878770468,1.6770645072011163,1.5244432725289978,1.0424496404840036,0.004115226337448629,0.038683127572016515,0.03703703703703709,0.01399176954732514,0.010699588477366318,0.0061728395061729,0.005761316872428046,-0.002057613168724259,-0.0004115226337448208,0.002057613168724348,-0.0004115226337448319,0.001646090534979472,0.0024691358024691913,0.0028806584362140453,0.0028806584362140453,0.009465020576131754,-0.0004115226337448208,-0.003703703703703687,-0.0012345679012345512,-0.005761316872427957,0.006584362139917766,-0.0016460905349794052,-0.003703703703703687,-0.003292181069958833,0.001646090534979472,0.001646090534979472,0.006584362139917766,0.009465020576131754
171,171,0.9547325102880658,0.955015302139275,0.957036485480268,0.9747580044676099,1.426288184730988,1.6305872804469288,1.361837936698805,2.1103433959025684,1.278134546537702,0.023868312757201637,0.04814814814814814,0.020987654320987658,0.024691358024691346,0.018518518518518524,0.0008230452674897082,0.01358024691358023,0.0012345679012345622,-0.0012345679012345622,0.0,0.004938271604938249,-0.0028806584362139785,0.0008230452674897082,-0.0016460905349794165,-0.0016460905349794165,0.014403292181069982,0.0004115226337448541,0.0008230452674897082,0.0004115226337448541,-0.0008230452674897082,0.0020576131687242705,0.0004115226337448541,-0.0024691358024691245,-0.0012345679012345622,0.0004115226337448541,0.003292181069958833,-0.0008230452674897082,0.0004115226337448541
172,172,0.9465020576131687,0.9465858957646397,0.9410276073619632,0.9834355828220859,1.8481598220267672,1.6756525062676697,1.6345169672565203,1.2717463925720913,1.1829699273228702,0.019341563786008265,0.026337448559670806,0.025102880658436234,0.015226337448559701,0.01193415637860088,-0.0012345679012345622,-0.006172839506172811,0.0004115226337448541,-0.0008230452674897082,-0.0028806584362139785,-0.003703703703703687,-0.003292181069958833,-0.006172839506172811,-0.004115226337448541,-0.006584362139917666,-0.003292181069958833,-0.0004115226337448541,-0.0024691358024691245,-0.0004115226337448541,-0.0016460905349794165,-0.0008230452674897082,0.0,-0.0012345679012345622,-0.003703703703703687,0.0008230452674897082,-0.0024691358024691245,-0.0004115226337448541,-0.003292181069958833
173,173,0.9547325102880658,0.9546835274500938,0.9508350129570977,0.9902101929167866,1.7854980995331122,1.8851222381025874,1.2110836548068353,1.955348989323307,0.7542186493604374,0.03744855967078189,0.025514403292181066,0.019753086419753096,0.028806584362139898,0.020576131687242795,0.006584362139917676,0.00493827160493826,0.003292181069958833,-0.004115226337448552,-0.0016460905349794165,0.008230452674897082,0.0,-0.0028806584362139898,-1.1102230246251566e-17,0.0024691358024691245,0.00781893004115224,0.0008230452674897082,-0.0028806584362139785,-0.0008230452674897082,0.003292181069958833,-0.0012345679012345622,0.003703703703703687,0.0004115226337448541,-1.1102230246251566e-17,-0.005349794238683115,0.00864197530864197,-0.003292181069958833,-0.003703703703703687
174,174,0.9465020576131687,0.9467855655219489,0.9428571428571428,0.978095238095238,2.6167880212274537,1.1402252824420807,1.3737533652971665,1.2817656321508457,1.2577355952819922,0.019341563786008254,0.05802469135802472,0.015226337448559701,0.030452674897119357,0.017283950617283984,0.005761316872428024,0.00905349794238688,-0.0016460905349794165,0.0020576131687242705,-0.0016460905349794165,0.0,-0.0004115226337448541,0.0024691358024691358,0.0004115226337448652,0.0028806584362139898,0.007407407407407451,0.0,-0.0004115226337448541,-0.0016460905349794165,0.0,-0.004115226337448541,0.0,0.005761316872428002,-0.0028806584362139785,0.0032921810699588438,-0.005349794238683103,-0.003703703703703687,-0.004526748971193395
175,175,0.9259259259259259,0.9259259259259259,0.922226173541963,0.9804409672830725,1.266359241018808,1.3066128906542955,1.8697273221862585,1.743127596024548,1.5803920998941114,0.018106995884773668,0.00781893004115226,0.030452674897119347,0.019753086419753096,0.011111111111111117,0.0012345679012345622,0.0016460905349794165,0.0004115226337448541,-0.003292181069958833,-0.0012345679012345622,-0.0008230452674897082,-0.0004115226337448541,-0.007407407407407374,-0.011111111111111072,-0.01275720164609051,0.0028806584362139785,0.0,-0.0012345679012345622,0.0,0.0,-0.009876543209876498,0.0012345679012345622,-0.0016460905349794165,-0.003703703703703687,0.0,-0.008641975308641947,-0.01275720164609052,0.0
176,176,0.9547325102880658,0.9548525853284165,0.955298719772404,0.9909672830725462,2.4563907340623024,0.3750620539620131,1.427434886730208,2.105303738046146,1.0530759618096546,0.026748971193415627,0.03086419753086418,0.03374485596707816,0.034156378600823024,0.006172839506172834,0.0024691358024691245,0.006995884773662531,0.0,-0.0028806584362139785,0.0020576131687242705,0.0008230452674897082,-0.0065843621399176875,-0.0016460905349794165,-0.005349794238683103,-0.005761316872427957,0.01069958847736624,-0.006172839506172811,-0.003703703703703687,0.0016460905349794165,0.0020576131687242705,0.006172839506172811,0.004526748971193395,0.005761316872427957,0.0016460905349794165,-0.0008230452674897082,0.009465020576131656,0.005761316872427957,-0.0008230452674897082
177,177,0.9423868312757202,0.942894986754636,0.9475022104332449,0.9771588564692013,2.6037289302029185,1.4035442836120993,1.5264055702499726,1.7567020869969132,0.5766721038695158,0.03292181069958853,0.018518518518518566,0.03333333333333338,0.04444444444444449,0.02551440329218111,3.3306690738754695e-17,0.0024691358024691913,0.002469135802469202,0.004115226337448629,0.0004115226337448763,0.0012345679012346177,0.0004115226337448985,0.006172839506172911,0.010699588477366306,0.0032921810699589106,0.0028806584362140453,-0.0024691358024691245,1.1102230246251566e-17,0.0004115226337448652,0.006584362139917777,0.006584362139917777,0.002057613168724326,1.1102230246251566e-17,-0.0004115226337448319,0.0008230452674897303,0.004115226337448619,0.0024691358024691913,-0.0028806584362139785
178,178,0.9588477366255144,0.9592171157506376,0.9629515282494596,0.9958320469280642,2.93576717396672,1.4787610408192717,1.3547245058153135,1.524767255570069,0.34017284555084815,0.018930041152263342,0.023045267489711908,0.014403292181069926,0.011934156378600791,-0.004115226337448574,0.0020576131687242705,-0.0032921810699588438,-0.0004115226337448541,0.0024691358024691245,0.0004115226337448541,0.0,0.0,-0.0008230452674897082,-0.002880658436214001,-0.0016460905349794386,0.0,0.0,0.0,0.0,0.0,-0.003292181069958833,0.0004115226337448541,-0.0008230452674897082,0.0,-0.0028806584362139785,-0.007407407407407429,0.0,-0.004115226337448574
179,179,0.9300411522633745,0.9302682545121543,0.9284313725490196,0.9785766158315178,1.8527029135373774,1.5254977485762349,1.393538322130189,1.293342698457812,1.9283007400911063,0.0028806584362139898,0.03251028806584362,0.02427983539094649,0.00411522633744853,0.006995884773662531,-0.0020576131687242705,0.0012345679012345622,0.0,0.0008230452674897082,-0.0004115226337448541,-0.004526748971193395,-0.0028806584362139785,-0.003703703703703687,-0.005349794238683103,-0.006995884773662519,0.004115226337448541,0.0008230452674897082,0.0,-0.0004115226337448541,0.0004115226337448541,0.003292181069958833,0.0012345679012345622,0.0008230452674897082,-0.0024691358024691245,-0.004526748971193395,-0.004526748971193395,-0.004115226337448541,-0.004115226337448541
180,180,0.9547325102880658,0.9549021853987913,0.9544511924159385,0.9936305732484076,1.8999867655476752,1.548766796727149,1.9843711186454192,1.4083321289842456,0.4754190340598638,0.029218106995884764,0.030452674897119347,0.02016460905349794,0.01728395061728394,0.016872427983539096,0.0008230452674897082,0.0024691358024691245,0.0008230452674897082,0.011111111111111094,-0.00781893004115224,-0.0004115226337448541,0.006172839506172811,0.004526748971193395,0.0020576131687242705,0.006995884773662531,0.004526748971193395,-0.0024691358024691245,-0.004526748971193395,-0.0008230452674897082,0.003703703703703687,-0.0012345679012345622,-0.0012345679012345622,-0.005349794238683115,0.0004115226337448541,-0.004938271604938249,0.0,-0.003703703703703687,-0.006172839506172823
181,181,0.9588477366255144,0.9589708630005555,0.9567901234567902,0.9913885078494132,2.2212573922279577,1.9603881569757782,0.7554338328774214,1.5910094504818786,1.152879434381524,0.016872427983539072,0.03127572016460902,0.03292181069958844,0.03991769547325099,0.01769547325102878,0.004938271604938249,0.010288065843621352,0.0028806584362139785,0.0004115226337448541,0.0024691358024691245,0.000411522633744843,0.0020576131687242705,0.0004115226337448541,0.005761316872427957,0.005349794238683103,0.011522633744855914,-0.0020576131687242705,0.0024691358024691245,0.0024691358024691245,0.0016460905349794165,0.0020576131687242705,-0.0008230452674897082,0.003292181069958833,0.0008230452674897082,0.003703703703703687,0.005761316872427957,0.0024691358024691245,0.0016460905349794165
182,182,0.9711934156378601,0.9710891298297365,0.9656862745098039,0.9925199709513435,2.192183197827697,1.1370223431410247,0.931351556088102,2.2152195632779237,1.1642766488551315,0.05473251028806586,0.029629629629629638,0.04074074074074076,0.03497942386831278,0.023456790123456816,0.007407407407407441,0.010699588477366318,0.00452674897119344,0.012757201646090588,0.004526748971193428,0.0,0.006584362139917732,0.004938271604938283,0.010288065843621453,0.006584362139917732,0.017283950617283984,0.0012345679012345622,0.006584362139917732,0.0069958847736625975,0.0028806584362139898,0.0049382716049382715,0.0020576131687242817,0.0069958847736625975,0.005349794238683136,0.004938271604938283,0.003703703703703731,0.005349794238683136,0.0069958847736625975
183,183,0.9300411522633745,0.9297020752793645,0.9166666666666667,0.9805669867398262,2.0891266611905484,0.8877850145075369,1.6520450024479272,1.4283849224830598,1.787697585060049,0.036213991769547295,0.03662551440329217,0.030041152263374483,0.024279835390946504,0.028395061728395066,0.008230452674897092,0.00493827160493826,0.0012345679012345622,0.005349794238683103,-0.0012345679012345622,-0.0016460905349794165,0.0,0.0016460905349794165,0.004526748971193395,0.006584362139917676,0.007407407407407374,-0.0024691358024691245,0.004115226337448541,0.004526748971193395,0.008230452674897082,0.006584362139917676,0.0012345679012345622,0.004938271604938249,0.0008230452674897082,-0.0004115226337448541,0.004115226337448541,0.0004115226337448541,0.003703703703703687
184,184,0.9547325102880658,0.9547852302367777,0.9524295928790311,0.987012987012987,1.9107791623061203,1.5140230661638234,1.7905533034315089,1.21465791137953,1.0837090851331903,0.01769547325102879,0.034979423868312744,0.02510288065843621,0.035390946502057596,0.01934156378600823,0.0004115226337448541,0.004115226337448541,0.0,0.0024691358024691245,0.0004115226337448541,0.0004115226337448541,0.0004115226337448541,-0.0008230452674897082,0.0004115226337448541,0.0,0.005761316872427957,0.0008230452674897082,0.0,0.0,0.0004115226337448541,0.0,0.0028806584362139785,0.0008230452674897082,0.0004115226337448541,0.0008230452674897082,0.0016460905349794165,0.0004115226337448541,0.0004115226337448541
185,185,0.9423868312757202,0.9431442255468326,0.9506172839506173,0.9894071025758268,2.428838904743206,1.5712264678778285,0.8107354737173846,1.6977550306283085,0.8995479911141259,0.0312757201646091,0.031687242798353964,0.030452674897119402,0.026337448559670806,0.018930041152263422,0.009876543209876609,4.4408920985006264e-17,0.0016460905349794607,0.0008230452674897526,1.1102230246251566e-17,-0.0024691358024691245,-0.003703703703703687,0.0008230452674897526,0.0016460905349794607,0.0012345679012345956,0.009876543209876609,0.005761316872428068,0.004115226337448652,0.004115226337448652,1.1102230246251566e-17,0.002057613168724326,0.005761316872428058,0.0,-0.003292181069958833,-0.002057613168724259,0.002880658436214034,0.002469135802469202,-0.0028806584362139785
186,186,0.9547325102880658,0.9554521842103542,0.9638157894736843,0.9889538661468485,2.215336817506522,1.5298295630630871,1.0581187059235886,1.4250150786353977,1.575599826576381,0.01934156378600822,0.04609053497942388,0.02304526748971193,0.04238683127572016,0.016049382716049377,0.0,0.013168724279835353,-0.0016460905349794165,0.0016460905349794165,0.0028806584362139785,0.0008230452674897082,0.0028806584362139785,0.0004115226337448541,0.0020576131687242705,0.003292181069958833,0.01563786008230452,0.0016460905349794165,-0.0028806584362139785,-0.0012345679012345622,-0.004115226337448541,-0.0028806584362139785,-0.0004115226337448541,-0.0020576131687242705,0.0020576131687242705,-0.004526748971193406,-0.0016460905349794165,-0.0020576131687242705,0.0020576131687242705
187,187,0.9506172839506173,0.9513892619452652,0.9567716141929035,0.9912543728135932,2.0829752177208936,1.2463761686486337,0.47461761212912446,2.5095878322360927,1.4328215531319322,0.02222222222222222,0.020987654320987648,0.021399176954732525,0.01728395061728396,0.0024691358024691245,-0.0016460905349794165,-0.004938271604938249,-0.0024691358024691245,-0.0028806584362139785,-0.003703703703703687,0.0008230452674897082,0.0012345679012345622,0.004115226337448541,0.004938271604938249,0.003703703703703687,0.0004115226337448541,-0.0028806584362139785,0.0,-0.003292181069958833,0.0,-0.005761316872427957,0.0,-0.004526748971193395,0.0024691358024691245,-0.003703703703703687,-0.004526748971193395,-0.003292181069958833,-0.011111111111111061
188,188,0.9670781893004116,0.9672288119637429,0.9692815249266862,0.9946480938416422,1.7635422734366257,1.5633495529015662,1.019199876289207,1.8598912150797158,1.0453566242281924,0.03045267489711938,0.03621399176954737,0.030864197530864244,0.03580246913580252,0.017695473251028847,0.007818930041152338,0.014814814814814859,0.0012345679012345956,0.0020576131687243147,0.004115226337448641,0.0004115226337448763,0.0028806584362140453,0.002057613168724326,0.004526748971193484,0.00246913580246918,0.005349794238683181,-0.0016460905349794052,-0.005349794238683103,0.0,0.0008230452674897415,0.0004115226337448985,0.0032921810699589106,0.0032921810699589106,0.0012345679012345956,0.0008230452674897526,-0.0004115226337448208,0.0016460905349794607,0.004115226337448619
189,189,0.9300411522633745,0.931841087533082,0.9466143682906689,0.9813377374071016,2.5589149523704657,1.7804632034640946,1.1732936035912198,1.4077336594586385,0.7496282811417898,0.023456790123456785,0.05596707818930039,0.020576131687242795,0.007818930041152227,0.009053497942386801,0.004938271604938249,0.0008230452674897082,0.005761316872427957,0.0008230452674897082,-0.0028806584362139785,0.0020576131687242705,0.0008230452674897082,0.003292181069958833,0.004115226337448541,0.004526748971193395,0.0,0.0012345679012345622,0.003703703703703687,0.004526748971193395,0.0008230452674897082,0.0,0.003703703703703687,0.0024691358024691245,0.0028806584362139785,-0.004115226337448541,0.0020576131687242705,0.0,0.0012345679012345622
190,190,0.9423868312757202,0.9426130717640705,0.9430247624532104,0.976893175928592,2.155404464853563,1.2987974303512042,1.8353291157338982,0.9575496638680698,1.3140498269457195,0.019341563786008265,0.03909465020576135,0.029629629629629672,0.025925925925925984,0.02427983539094656,-0.002057613168724259,0.008641975308642047,0.0004115226337448652,2.2204460492503132e-17,-0.0004115226337448319,0.0032921810699589106,1.1102230246251566e-17,-0.002057613168724259,-0.0008230452674896971,0.0004115226337448763,0.005761316872428046,-0.0008230452674896971,-0.0004115226337448541,0.0004115226337448763,-0.004938271604938249,0.0008230452674897526,-0.000411522633744843,-0.000411522633744843,-0.0004115226337448541,0.0028806584362140565,0.0004115226337448985,2.2204460492503132e-17,-0.000823045267489686
191,191,0.9423868312757202,0.9431202504481305,0.9473290261582099,0.9839268830759533,1.6980293225134295,2.021514309933513,1.6299189805504561,1.712731740523234,0.4776987793266809,0.011522633744856037,0.03045267489711939,0.03127572016460911,0.016049382716049422,0.013168724279835443,0.0069958847736626304,0.009465020576131754,0.0016460905349794496,0.009465020576131754,-0.004115226337448541,0.002057613168724326,0.004938271604938327,0.004115226337448619,0.008230452674897182,0.005349794238683192,0.008641975308642047,0.0020576131687243147,0.0037037037037037533,0.004115226337448619,0.0020576131687243147,0.0004115226337448763,0.005349794238683192,0.006172839506172922,0.0032921810699588993,0.0008230452674897415,0.0032921810699588993,1.1102230246251566e-17,0.005761316872428058
192,192,0.934156378600823,0.9344798040138541,0.9332691453118056,0.988594282328544,1.8290184034736412,1.8314679861086411,1.7210464940303714,1.9245309550951293,0.2128982211629498,0.011934156378600791,0.028806584362139877,0.0127572016460905,0.011522633744855936,0.01769547325102877,-0.0008230452674897082,0.006584362139917666,-0.0057613168724280125,-0.006584362139917732,-0.003292181069958833,0.0,-0.0041152263374485635,-0.0020576131687242817,-0.005349794238683148,-0.0028806584362139898,0.005349794238683103,-0.003703703703703687,-0.003292181069958833,-0.003292181069958833,-0.005349794238683148,-0.003703703703703687,-0.0037037037037036978,-0.0004115226337448541,-0.0028806584362139785,-0.003292181069958833,-0.0041152263374485635,0.0,0.0
193,193,0.9382716049382716,0.9384872774557294,0.9368768328445747,0.987316715542522,1.0545410649445126,1.6775167061956504,1.5730391891289042,1.914147420436688,1.0724717596341826,0.02633744855967075,0.02427983539094646,0.03662551440329213,0.02139917695473246,0.011111111111111072,0.0016460905349793941,0.006584362139917655,-0.002880658436214034,-0.0004115226337448985,0.002057613168724259,0.0012345679012345401,-0.002057613168724326,0.0012345679012345401,0.0008230452674896748,0.003703703703703687,0.004526748971193373,-4.4408920985006264e-17,0.0004115226337448208,-0.0008230452674897415,-0.002880658436214034,0.0012345679012345512,0.0020576131687242484,0.000823045267489686,-0.0016460905349794607,-0.002880658436214034,0.0012345679012345401,-0.0020576131687243373,-0.0061728395061729
194,194,0.9218106995884774,0.9221265715624581,0.9227253401360545,0.9740646258503401,1.8272600451256842,1.9608014689488742,1.4896304774335025,1.3394578061940303,1.1124985304575694,0.003292181069958866,0.017695473251028836,0.027160493827160515,0.008641975308642002,0.0020576131687242926,-0.005349794238683103,-0.0028806584362139785,-0.006995884773662519,-0.005761316872427957,-0.007407407407407374,-0.008230452674897082,-0.006584362139917666,-0.005349794238683103,-0.006995884773662519,-0.005761316872427957,-0.0012345679012345622,-0.008230452674897082,-0.007818930041152227,-0.009465020576131643,-0.006995884773662519,-0.0016460905349794052,-0.007818930041152227,-0.004938271604938249,-0.003703703703703687,-0.006995884773662519,-0.0012345679012345622,-0.002057613168724259,-0.009053497942386801
195,195,0.9300411522633745,0.9303600590509068,0.9255751533742331,0.9775306748466257,1.9256360722202601,1.1944644574235177,1.4261665138921145,1.785317482478343,1.642546549900489,0.02263374485596705,0.03374485596707817,0.023868312757201627,0.03086419753086418,0.030041152263374483,0.0024691358024691245,0.005761316872427968,-0.0008230452674897082,0.005761316872427957,0.0004115226337448541,0.004938271604938249,0.007407407407407374,-0.004115226337448552,0.004526748971193395,-0.0004115226337448541,0.008641975308641959,0.0008230452674897082,0.0008230452674897082,0.0004115226337448541,0.0024691358024691245,0.004526748971193395,0.004526748971193395,0.0016460905349794165,-0.0004115226337448541,0.0008230452674897082,0.0008230452674897082,0.004526748971193395,0.0012345679012345622
196,196,0.9547325102880658,0.9551560657473587,0.9598545674897743,0.9840933191940615,2.8500397215866196,1.6553800017992732,1.6235346600687572,0.45232916050544814,1.284552315324075,0.019753086419753096,0.02427983539094649,0.03662551440329218,0.028806584362139898,0.019753086419753076,0.0028806584362139785,0.003703703703703687,-0.0004115226337448541,-0.0016460905349794165,-0.0020576131687242705,-0.0008230452674897082,-0.0008230452674897082,-0.0008230452674897082,0.0012345679012345622,0.0,0.004526748971193395,0.0,0.0020576131687242705,0.003703703703703687,-0.0012345679012345622,-0.0008230452674897082,-0.0008230452674897082,0.0028806584362139785,-0.0016460905349794165,-0.0004115226337448541,0.0,0.0,-0.0004115226337448541
197,197,0.9176954732510288,0.9176954732510288,0.9132514636584321,0.9821505069256034,1.65497942944197,1.7001543001569615,1.9397761888257818,1.2431855045575388,1.0253633338285941,0.026748971193415683,0.04938271604938277,0.02551440329218112,0.021810699588477412,0.01975308641975313,0.004115226337448608,0.008230452674897182,0.0024691358024691913,0.002469135802469202,0.0012345679012345956,2.2204460492503132e-17,-0.002469135802469091,-0.004526748971193395,-0.003292181069958833,-0.0024691358024691024,0.011522633744856025,-0.004115226337448541,-0.0016460905349793941,-0.000823045267489686,-0.003292181069958833,-0.003292181069958833,-0.000823045267489686,0.0037037037037037533,-0.0016460905349793941,2.2204460492503132e-17,-0.0020576131687242484,-0.008641975308641936,-0.004115226337448508
198,198,0.9547325102880658,0.9550350499018464,0.9569277108433735,0.9844126506024097,2.4013404587157163,1.373649265148059,2.15649715801039,1.5045943681072191,0.3375081100688001,0.02016460905349794,0.014814814814814803,0.01440329218106996,0.018930041152263388,0.009053497942386812,0.004526748971193395,0.007818930041152227,0.0020576131687242705,0.004526748971193395,0.0,0.004526748971193395,0.004115226337448541,0.0012345679012345622,0.005349794238683103,0.003703703703703687,0.009876543209876498,0.007407407407407374,0.0004115226337448541,0.004526748971193395,0.0016460905349794165,0.005349794238683103,0.005349794238683103,0.003703703703703687,0.0028806584362139785,0.004526748971193395,0.003292181069958833,0.0004115226337448541,0.0008230452674897082
199,199,0.9382716049382716,0.9386182366286826,0.9393328445747801,0.9857771260997067,2.096954295695554,1.4278294838697134,1.6452926835106354,1.3484494018859294,1.003154081355856,0.013168724279835342,0.015226337448559623,0.03333333333333329,0.010288065843621352,0.02263374485596703,-0.0016460905349794607,0.009465020576131643,-0.0008230452674897526,-0.0004115226337448874,0.000411522633744843,-0.0028806584362140565,0.00411522633744853,-0.0016460905349794607,0.0008230452674896748,0.003292181069958833,0.014403292181069893,-0.0012345679012346067,-0.002057613168724326,-0.005349794238683203,-2.2204460492503132e-17,0.004526748971193395,-0.002880658436214034,-0.0028806584362140565,0.004115226337448541,0.0016460905349794165,0.004526748971193395,0.005761316872427957,0.000823045267489686
200,200,0.9259259259259259,0.9255493335953106,0.9154749744637385,0.9859915365533343,1.605369575583768,1.6385842971695295,1.7439150601143651,1.5455947890321349,1.0798265608443596,0.009053497942386834,0.03333333333333334,0.015637860082304535,0.028395061728395076,0.016872427983539107,-0.00987654320987651,0.004115226337448552,-0.00781893004115224,-0.005761316872427957,0.0020576131687242705,-0.011934156378600791,-0.004938271604938249,-0.00905349794238679,-0.007407407407407374,-0.00987654320987651,0.0074074074074073955,-0.0012345679012345622,-0.003703703703703687,-0.0008230452674897082,-0.005349794238683103,-0.0016460905349794165,-0.008641975308641936,-0.005349794238683103,-0.0020576131687242705,-0.0004115226337448541,-0.0020576131687242705,-0.0008230452674897082,-0.0012345679012345622
201,201,0.9465020576131687,0.9467806677109003,0.9483660130718954,0.9867828612926652,1.746583901082982,1.407474236824824,1.5864292504318238,1.3059042510191534,1.4667284777052192,0.008230452674897148,0.024691358024691367,0.03333333333333338,0.016460905349794285,-0.0028806584362139676,-0.004938271604938249,-0.002057613168724259,0.0004115226337448541,-0.005349794238683103,0.0,-0.0004115226337448541,-0.0028806584362139785,-0.0020576131687242705,-0.0012345679012345622,-0.0004115226337448541,-0.0016460905349794165,0.0,0.0,-0.003292181069958833,-0.007407407407407374,-0.0004115226337448541,-0.004526748971193395,-0.0024691358024691245,-0.0024691358024691245,-0.0004115226337448541,-0.0024691358024691245,-0.004526748971193395,-0.003703703703703687
202,202,0.9465020576131687,0.9467095326893702,0.9452717795979151,0.9876396128071482,1.6740102956418803,1.0984137909736789,1.3663291452014492,2.032695567313197,1.591483392960768,0.023045267489711963,0.024691358024691377,0.030041152263374515,0.036625514403292224,0.011111111111111138,0.0008230452674897082,0.0008230452674897193,-0.0024691358024691245,-0.0024691358024691245,-0.0020576131687242705,0.0016460905349794165,1.1102230246251566e-17,-0.003703703703703687,0.0016460905349794275,-0.0004115226337448541,0.0016460905349794275,-0.0008230452674897082,-0.004115226337448541,-0.0008230452674897082,-0.0020576131687242705,-0.008641975308641936,-0.0016460905349794165,-0.003703703703703687,-0.0004115226337448541,-0.0024691358024691245,-0.000823045267489686,-0.0012345679012345622,-0.0020576131687242705
203,203,0.9382716049382716,0.9389657303912397,0.9444277108433735,0.982078313253012,2.2629724233120134,1.7111558462517542,1.1647866641275482,1.533925982851084,0.9007286987204176,0.01851851851851847,0.061728395061728336,0.040740740740740675,0.021399176954732445,0.016049382716049342,0.005349794238683092,0.004526748971193384,0.0028806584362139676,0.006995884773662519,0.0016460905349794052,0.005761316872427957,0.005349794238683103,0.0028806584362139785,0.0024691358024691136,0.0020576131687242705,0.006584362139917666,0.002057613168724259,-2.2204460492503132e-17,0.0008230452674896971,0.0028806584362139785,0.001646090534979383,0.003292181069958833,0.003703703703703687,0.005349794238683103,-0.0012345679012346067,-0.0004115226337448985,0.004115226337448541,-0.004115226337448619
204,204,0.934156378600823,0.9346585017083101,0.9356469002695418,0.977088948787062,2.946086833456994,1.2171237577548357,1.747699048980866,0.8887492714361639,1.0091702931578583,0.031687242798353873,0.03580246913580245,0.033744855967078144,0.01563786008230449,0.020164609053497918,0.011934156378600768,0.003292181069958833,0.0004115226337448541,0.013168724279835332,0.010288065843621352,0.006584362139917666,0.00905349794238679,0.006172839506172811,0.009465020576131643,-0.0004115226337448541,0.004938271604938249,0.004938271604938249,0.004115226337448541,0.005349794238683103,-0.0004115226337448763,0.004526748971193395,0.006584362139917666,0.0024691358024691245,0.012345679012345623,0.003703703703703687,0.009465020576131643,0.0020576131687242705,0.0024691358024691245
205,205,0.9547325102880658,0.955101549929049,0.9597096726410902,0.995778403199526,2.437554284332545,1.9134852732546992,1.4988286794055792,1.2888220928782976,0.426998772239638,0.018930041152263367,0.045679012345679004,0.014403292181069949,0.0020576131687242705,0.010288065843621397,0.0020576131687242705,-0.004115226337448552,-0.004115226337448541,-0.004115226337448541,-0.003292181069958833,-0.0016460905349794165,-0.0024691358024691245,-0.004115226337448541,0.0024691358024691245,0.0020576131687242705,-0.012345679012345701,0.0,-0.0008230452674897082,-0.0004115226337448541,-0.003292181069958833,-0.0024691358024691245,0.0028806584362139785,-0.0004115226337448541,-0.0024691358024691245,-0.004115226337448541,0.0008230452674897082,-0.004938271604938249,-0.003703703703703687
206,206,0.9465020576131687,0.9467915016557312,0.9483073106668612,0.9824894206916678,1.7107582162857398,1.3211517535061388,1.468024663750016,1.6837609060933072,1.4952512005711291,0.025102880658436234,0.018106995884773693,0.03744855967078192,0.047736625514403316,0.013580246913580285,0.005349794238683148,0.005349794238683159,-0.0016460905349794165,0.0020576131687242705,-0.004938271604938249,-0.0012345679012345622,0.0,0.0020576131687242705,0.0028806584362139785,0.0012345679012345622,0.0049382716049383045,-0.004526748971193395,-0.004526748971193395,-0.004115226337448541,-0.0028806584362139785,-0.005761316872427957,-0.004115226337448541,-0.005349794238683103,0.0012345679012345622,-0.003703703703703687,0.0,-0.0016460905349794165,0.0037037037037037203
207,207,0.9465020576131687,0.9465412810325673,0.9455244755244755,0.9847552447552448,1.8361863727649947,1.8997386979851363,1.4027120572189038,1.8109560965684597,0.5021944130176185,0.047325102880658464,0.049382716049382755,0.03333333333333338,0.04773662551440333,0.029218106995884806,0.007407407407407441,0.017695473251028826,0.0008230452674897082,0.0012345679012345622,0.004938271604938283,0.0008230452674897193,0.01111111111111115,0.004526748971193428,0.005349794238683148,0.004115226337448574,0.02098765432098767,0.006584362139917721,0.004526748971193406,0.006172839506172856,0.003703703703703709,-0.004526748971193395,0.004115226337448585,0.005349794238683159,0.00823045267489717,-0.0008230452674897082,0.005349794238683159,0.0012345679012345622,-0.0008230452674897082
208,208,0.9506172839506173,0.9507471229685224,0.9484363365599404,0.9847356664184661,2.5561350902056685,1.2736829015403548,1.357867010590544,1.5178894996933563,0.9969291898189306,0.04855967078189301,0.032098765432098775,0.03662551440329219,0.021810699588477377,0.021399176954732535,0.004115226337448552,0.016049382716049422,0.003292181069958833,0.003703703703703687,0.0004115226337448541,0.0,0.0028806584362139785,0.0024691358024691245,0.007407407407407385,0.006995884773662531,0.01646090534979424,0.004115226337448541,-0.0020576131687242705,0.004526748971193406,-0.0012345679012345622,-0.0016460905349794165,0.0041152263374485635,-0.0016460905349794165,0.0074074074074073955,0.0024691358024691245,0.0008230452674897082,0.0016460905349794165,0.0
209,209,0.9506172839506173,0.9507696997408932,0.9472776073619632,0.9900306748466258,2.4253566468837886,1.3173807270786475,1.1392667956640559,1.6035574530631511,1.0469370362118664,0.041975308641975316,0.07983539094650206,0.022633744855967097,0.014814814814814826,0.0037037037037036978,0.0020576131687242705,0.0024691358024691245,0.004526748971193395,0.012757201646090566,-0.004115226337448541,-0.0012345679012345622,0.006172839506172811,0.003703703703703687,0.003703703703703687,0.003703703703703687,0.0024691358024691358,0.0012345679012345622,0.0012345679012345622,0.004115226337448541,0.0020576131687242705,0.0004115226337448541,0.004115226337448541,0.0004115226337448541,0.005349794238683103,0.003292181069958833,-0.004115226337448541,0.0012345679012345622,-0.0016460905349794165
210,210,0.9423868312757202,0.9427103553588528,0.941561884562945,0.9791698227541281,1.7574950277034644,1.5200758327177764,1.2218996780024127,2.422718133801778,0.7584988936756948,0.027983539094650234,0.03621399176954735,0.022222222222222265,0.010699588477366306,0.008641975308642025,0.014814814814814859,0.009876543209876609,0.0012345679012345846,0.0037037037037037646,0.004526748971193495,0.0016460905349794496,0.004115226337448629,0.005761316872428046,0.007818930041152316,0.008230452674897193,0.004115226337448619,0.00493827160493836,0.0008230452674897303,0.0020576131687243147,0.0008230452674897303,0.008641975308642047,0.0012345679012345956,0.0020576131687243147,0.0016460905349794607,0.0008230452674897303,0.011522633744856025,0.0016460905349794496,0.005349794238683214
211,211,0.9465020576131687,0.9472566009764076,0.9539079735266309,0.9898361172392057,2.0303338044238255,1.411200322059018,0.5595601848423546,1.848228962470491,1.603721027827847,0.018930041152263398,0.04814814814814815,0.017695473251028826,0.022633744855967097,0.014403292181069994,0.0004115226337448541,0.002880658436214001,0.002880658436214001,-0.0020576131687242705,-0.0004115226337448541,0.0016460905349794165,0.0024691358024691358,0.0024691358024691466,0.0049382716049382715,0.006584362139917732,0.0008230452674897193,0.0016460905349794275,0.0,0.0012345679012345622,0.0004115226337448541,-0.0008230452674897082,0.0004115226337448541,-0.0008230452674897082,-0.0008230452674897082,-0.0016460905349794165,-0.0024691358024691245,-0.003703703703703687,-0.003703703703703687
212,212,0.9629629629629629,0.9629942922039142,0.9622581556277362,0.9942804688603305,2.2225657533316534,1.3484613153719411,1.9005387655662243,1.8136121660845141,0.5935727469245846,0.02757201646090531,0.02921810699588472,0.03950617283950614,0.030864197530864168,0.023868312757201592,0.0016460905349794052,0.005761316872427957,-1.1102230246251566e-17,-0.002469135802469202,0.006995884773662519,0.005349794238683103,-0.004115226337448619,-0.0008230452674897415,0.0012345679012345401,0.004115226337448518,0.009876543209876498,0.0020576131687242705,-0.0008230452674897303,0.004115226337448541,-0.0028806584362140674,0.008230452674897082,0.0024691358024691136,-0.0004115226337448874,-0.0028806584362140453,0.003703703703703687,0.010699588477366217,0.005349794238683103,0.006584362139917666
213,213,0.934156378600823,0.9345599362803664,0.9362745098039216,0.9789397240377633,2.028455777475786,1.5443456151183523,1.2894943391445726,2.2906630932912733,0.7366354356621799,0.04156378600823043,0.013580246913580207,0.02139917695473249,0.04732510288065841,0.009465020576131656,-0.0016460905349794165,0.0024691358024691245,0.0,0.0,0.0,-0.0004115226337448541,-0.0008230452674897082,-0.003703703703703709,-0.0004115226337448541,-0.0008230452674897082,0.006172839506172811,-0.0016460905349794165,0.0,-0.0012345679012345622,-0.0012345679012345622,0.0,-0.0008230452674897082,0.0,-0.0016460905349794165,-0.0004115226337448541,-0.0004115226337448541,-0.0004115226337448541,0.0024691358024691245
214,214,0.934156378600823,0.934156378600823,0.9204061578774976,0.9846053062561415,2.1012671396487357,2.364076514247867,1.83934160980265,1.1382147048606337,0.6310667696010508,0.02139917695473249,0.02263374485596705,0.011522633744855926,0.02633744855967076,0.008230452674897082,0.006584362139917666,0.007407407407407374,0.003292181069958833,-0.005349794238683148,-0.0020576131687242817,-0.003703703703703709,0.0028806584362139785,-0.0016460905349794275,-0.0057613168724280125,-0.0012345679012345846,0.0127572016460905,0.003703703703703687,0.0024691358024691245,0.0028806584362139785,0.0024691358024691245,0.0016460905349794165,-0.0004115226337448652,0.003292181069958833,-0.003292181069958855,-0.0008230452674897193,0.003703703703703687,-0.0037037037037036978,0.0
215,215,0.9588477366255144,0.9590292207251271,0.9604187946884577,0.9858456150590982,2.17040746080113,2.0343086353410347,0.7489928742393851,1.7285624060023281,0.8820749229505077,0.03333333333333331,0.08395061728395059,0.03209876543209873,0.012345679012345633,0.018106995884773623,0.004115226337448541,0.003292181069958833,0.0020576131687242705,0.0004115226337448541,0.0016460905349794165,-0.0020576131687242705,0.0,0.0004115226337448541,0.0020576131687242705,0.0016460905349794165,0.007407407407407374,0.0020576131687242705,0.0,0.0004115226337448541,0.0008230452674897082,0.0004115226337448541,0.0020576131687242705,0.0,-0.0008230452674897082,0.0008230452674897082,0.0008230452674897082,0.0,0.0012345679012345622
216,216,0.9547325102880658,0.9552139970064971,0.9599067599067599,0.9888888888888889,1.3105105243053472,1.6271866161660213,1.3262082634209618,2.367542829994736,0.9048880190398857,0.026748971193415627,0.01934156378600823,0.02222222222222222,0.0028806584362139785,0.013168724279835375,-0.0004115226337448541,0.0024691358024691245,0.0,0.0028806584362139785,0.0,-0.0008230452674897082,0.0,-0.006995884773662519,-0.0004115226337448541,-0.0004115226337448541,0.007818930041152227,-0.0004115226337448541,0.0,0.0,0.0,0.004115226337448541,-0.003703703703703687,0.0,-0.0020576131687242705,0.0,0.0,0.0,0.0
217,217,0.9670781893004116,0.9672455636695738,0.9692479523454951,0.9918093819806404,2.0640673298299834,1.4826607660965558,1.3084726644444291,1.9396895699923746,0.8585425764928617,0.027160493827160535,0.02469135802469139,0.02098765432098767,0.017695473251028847,0.011522633744856004,0.00905349794238689,0.0020576131687243373,-0.0004115226337448319,0.0037037037037037533,0.0,2.2204460492503132e-17,-0.0012345679012345622,-0.0012345679012345622,2.2204460492503132e-17,-0.0008230452674896971,0.004115226337448619,0.0012345679012345956,0.0032921810699589214,0.004115226337448641,0.0012345679012346177,0.0028806584362140565,0.001646090534979472,0.0004115226337448763,-0.0012345679012345622,0.0,-0.0012345679012345622,0.0,0.0004115226337448652
218,218,0.9218106995884774,0.9221671248216018,0.9162576687116564,0.9740030674846626,2.0279919955664414,1.2567297438198095,1.2865700779148717,1.9249686694624049,1.3334501441125628,0.02757201646090538,0.027160493827160515,0.049382716049382734,0.03621399176954736,0.014403292181069994,0.010288065843621463,0.012757201646090576,0.0012345679012345622,-0.0028806584362139564,-0.004526748971193395,-0.0024691358024691136,-0.0004115226337448541,-0.010699588477366207,-0.0020576131687242705,-0.0008230452674896971,0.015637860082304566,-0.006584362139917666,0.0020576131687242705,0.0028806584362139898,0.0016460905349794165,0.0,-0.0016460905349794165,-0.0024691358024691245,2.2204460492503132e-17,-0.0016460905349794165,-0.0008230452674896971,-0.005761316872427957,-0.0004115226337448541
219,219,0.9547325102880658,0.9546797903393539,0.9503267973856209,0.9835148874364561,1.8956017112835242,1.7326427268118023,1.2827401427665712,2.5959325449760646,0.1726034351136812,0.0382716049382716,0.029629629629629617,0.046502057613168724,0.06872427983539092,0.015226337448559658,0.0024691358024691245,0.006172839506172811,0.0,0.0024691358024691245,0.0,0.006172839506172811,-0.0024691358024691245,-0.0008230452674897082,0.0032921810699588438,0.0016460905349794165,0.004526748971193395,0.0020576131687242705,0.006995884773662519,0.006172839506172811,-0.0008230452674897082,0.0024691358024691245,0.006995884773662519,0.007818930041152227,-0.0028806584362139785,0.0,0.0028806584362139785,0.0004115226337448541,0.00905349794238679
220,220,0.9506172839506173,0.9509511065066621,0.9497321147179325,0.9875512133627482,2.0439729600972028,0.8563839311455116,1.9229047860374022,2.1956687852729067,1.0010443386718568,0.019341563786008254,0.021810699588477356,0.021810699588477377,0.016872427983539117,0.006172839506172823,0.0,0.0016460905349794165,0.0,0.0,0.0,0.0,0.0,0.0,0.0008230452674897082,0.0,0.0028806584362139785,0.0,0.0,0.0,0.0,-0.0020576131687242705,-0.0012345679012345622,0.0,0.0,0.0,-0.0020576131687242705,0.0004115226337448541,0.0
221,221,0.934156378600823,0.9345599362803664,0.9362745098039216,0.9826434277414671,2.540923013317713,2.139207929183055,1.6274868528719366,0.9331107965995858,0.4728848004183457,0.001234567901234529,0.008230452674897092,0.011934156378600791,0.008641975308641947,-0.0008230452674897303,-0.0008230452674897082,-0.002880658436214012,-0.0037037037037036978,-0.0004115226337448541,-0.0004115226337448541,-0.004115226337448574,0.0,-0.0012345679012345622,-0.0024691358024691358,-0.0004115226337448541,-0.0024691358024691466,-0.0004115226337448541,-0.0020576131687242817,-0.0008230452674897082,-0.009876543209876599,-0.00823045267489716,-0.0008230452674897082,-0.0008230452674897082,-0.0012345679012345622,-0.004115226337448552,-0.0016460905349794165,0.0,-0.004115226337448552
222,222,0.9588477366255144,0.9589318111420859,0.9583933198963432,0.9873308378923121,2.0436213086212103,1.4418710634299121,2.4888502376573136,1.3701672641850435,0.39891790125713517,0.02139917695473249,0.03374485596707816,0.028806584362139877,0.02716049382716047,0.013991769547325072,0.0028806584362139785,-0.0024691358024691358,-0.004526748971193417,-0.004526748971193417,0.0012345679012345622,0.0012345679012345622,-0.004526748971193417,-0.00658436213991771,-0.0057613168724280125,-0.0020576131687242817,-0.0004115226337448652,0.0,0.003292181069958833,0.004938271604938249,-0.005761316872428002,-0.0024691358024691358,0.003292181069958833,0.006172839506172811,-0.004526748971193428,-0.0008230452674897082,-0.004938271604938283,-0.0012345679012345622,-0.0016460905349794386
223,223,0.9300411522633745,0.930632105176075,0.9326135517498139,0.9741623231571109,1.6667835813778595,1.721490133973815,1.8578431567993363,1.481950500865634,0.9175250837919459,0.006584362139917676,0.026748971193415617,0.006584362139917699,0.013580246913580207,0.0020576131687242705,-0.003703703703703687,-0.0012345679012345622,-0.0008230452674897082,-0.0012345679012345622,-0.00493827160493826,-0.0065843621399176875,-0.0004115226337448541,0.0,-0.0012345679012345622,-0.0012345679012345622,-0.0041152263374485635,-0.0016460905349794165,-0.003703703703703687,-0.0016460905349794165,-0.006172839506172823,-0.008230452674897092,-0.004115226337448552,-0.006584362139917676,-0.0020576131687242705,-0.009465020576131699,-0.009465020576131689,-0.0012345679012345622,-0.00493827160493826
224,224,0.9300411522633745,0.930312465824561,0.9271779597915115,0.9787043931496648,2.1918192960776515,1.5351695164111439,1.354915910890877,1.5612639435998041,1.005486218983251,0.024691358024691346,0.02304526748971193,0.016049382716049377,0.019753086419753076,0.023456790123456785,0.004938271604938249,0.004115226337448541,0.0008230452674897082,0.0004115226337448541,0.0008230452674897082,-0.0004115226337448541,0.0,-0.0004115226337448541,0.0004115226337448541,0.0,0.006172839506172823,0.0012345679012345622,0.004115226337448541,0.003703703703703687,0.0,0.0,-0.0024691358024691245,0.004115226337448541,0.004115226337448541,0.0,0.0012345679012345622,0.0,0.003292181069958833
225,225,0.9629629629629629,0.9631214756137323,0.9630737767005,0.9912891986062717,1.9444673878375247,1.2980215275950215,1.5235245329647942,2.0520734082452674,0.5628970487654336,0.02263374485596703,0.031687242798353846,0.028395061728395,0.010699588477366195,0.009465020576131643,0.0020576131687242705,0.0004115226337447986,0.0032921810699588216,0.0024691358024691024,-1.1102230246251566e-17,0.0016460905349793941,-0.0004115226337448985,-0.0037037037037037533,0.002057613168724259,-0.0028806584362140453,0.007818930041152217,0.0008230452674897082,-0.002057613168724326,-0.0012345679012345956,0.0012345679012345512,0.0024691358024691136,0.0016460905349794052,-0.0012345679012346067,-0.006995884773662609,0.0028806584362139676,0.0024691358024691136,0.0024691358024691245,-0.0008230452674897415
226,226,0.9588477366255144,0.9589595800814465,0.9573225516621743,0.9949086552860138,2.4075242647203665,0.9931387487241152,1.5905008971307533,1.8723843450351194,0.7292424361166764,0.02427983539094647,0.058436213991769514,0.02139917695473249,0.009465020576131656,0.001234567901234529,0.0008230452674897082,0.010699588477366207,-0.0016460905349794386,-0.002880658436214012,-0.0008230452674897082,-0.0016460905349794165,0.0024691358024691245,-0.0008230452674897303,0.002057613168724259,0.000823045267489686,0.006584362139917666,0.0,-0.0004115226337448541,-0.004526748971193417,-0.0008230452674897082,-0.0012345679012345622,0.0,-0.005349794238683159,0.006172839506172811,-0.003292181069958855,-0.0008230452674897193,0.0020576131687242705,-0.005349794238683148
227,227,0.9382716049382716,0.9385445027572503,0.9398472083392831,0.9804369555904612,1.7250168829762973,1.2988229080928877,1.3487452311140953,2.071550205169773,1.2737406786923007,0.04650205761316868,0.0275720164609053,0.03292181069958844,0.06707818930041147,0.01769547325102875,0.0028806584362139785,0.007407407407407374,-2.2204460492503132e-17,0.0020576131687242705,0.0,0.0028806584362139676,0.0008230452674897082,0.003292181069958833,-0.0004115226337448874,0.0020576131687242705,0.008641975308641936,0.0,-0.0008230452674897303,-0.0008230452674897303,0.0004115226337448541,-0.0004115226337448652,0.0004115226337448541,-0.0004115226337448763,0.0,0.0,0.0008230452674896971,-0.0004115226337448652,-0.0037037037037037867
228,228,0.9711934156378601,0.9711425296029509,0.9649898294476608,0.9893600375528085,2.539489427704381,1.253093958172448,1.4880982672121634,1.849610197220663,0.5366992428081259,0.031275720164609076,0.042798353909465035,0.028395061728395076,0.012345679012345701,0.011934156378600846,0.003292181069958855,0.006172839506172856,0.0,0.0,0.003292181069958833,0.0016460905349794165,-0.0008230452674897082,-0.004115226337448541,-0.003703703703703687,0.0,0.006584362139917732,0.0028806584362139785,0.003703703703703687,0.003703703703703687,0.0,0.0,0.0024691358024691245,0.003703703703703687,0.0,0.0020576131687242705,0.0,0.0,0.003703703703703687
229,229,0.9547325102880658,0.9550451485796196,0.9568625965762763,0.9778821390698379,2.5697997860079083,1.069696225684418,1.7673174316079563,1.5302746523197555,0.7887848540854159,0.019753086419753076,0.0251028806584362,0.029629629629629606,0.01275720164609052,0.016872427983539096,0.0012345679012345622,0.0024691358024691245,0.003292181069958833,0.004526748971193395,-0.0004115226337448541,0.0012345679012345622,0.0008230452674897082,-0.004115226337448552,0.006172839506172811,-0.0016460905349794165,0.003703703703703687,-0.003292181069958833,0.0008230452674897082,0.0012345679012345622,0.0008230452674897082,0.0020576131687242705,-0.003703703703703687,0.0012345679012345622,0.0,0.0004115226337448541,0.004526748971193395,-0.0004115226337448541,0.0008230452674897082
230,230,0.9218106995884774,0.9230905402673494,0.9240910579757615,0.983950212905339,1.8114363955657413,1.0507722092060388,0.6596147210587994,1.8982012444200522,2.122140739499604,0.0004115226337448541,0.04485596707818933,0.014814814814814847,0.004526748971193428,1.1102230246251566e-17,0.006172839506172867,-0.006584362139917666,-0.004526748971193395,-0.006172839506172811,-0.005349794238683103,-0.004115226337448541,-0.0008230452674896971,-0.0012345679012345622,-0.006172839506172811,-0.0028806584362139785,-0.004526748971193395,0.0024691358024691245,0.0008230452674897082,0.0008230452674897082,-0.009465020576131643,-0.004526748971193395,0.0037037037037036978,0.0008230452674897082,-0.004115226337448541,-0.009465020576131643,-0.004938271604938249,-0.005761316872427957,0.0016460905349794275
231,231,0.9382716049382716,0.9383334293820228,0.9356989247311828,0.9883870967741936,2.4365314788147283,0.9723456951260417,1.804948896386292,1.8038113129233244,0.8584251483007854,0.022222222222222164,0.02921810699588472,0.027983539094650168,0.023045267489711897,-0.005761316872428035,-0.0020576131687243373,-0.001646090534979472,0.0016460905349794165,-1.1102230246251566e-17,-0.006172839506172911,0.0016460905349794165,0.0024691358024691245,0.0020576131687242705,-2.2204460492503132e-17,-0.006584362139917766,0.001234567901234529,0.0008230452674896971,-0.0008230452674897415,0.0016460905349794165,-0.0008230452674897526,-0.006172839506172911,-0.0008230452674897415,0.0020576131687242705,0.0020576131687242705,-0.0028806584362140565,0.004526748971193395,-0.006584362139917754,-0.006584362139917766
232,232,0.9629629629629629,0.963116439942453,0.9631777108433734,0.9891566265060241,2.1713631392792783,1.8171007618034616,1.3758076659588656,1.6811884282568732,0.45600939279495095,0.02633744855967074,0.026748971193415592,0.027983539094650168,0.0378600823045267,0.018106995884773613,0.0016460905349794052,-0.0024691358024691913,0.0,0.0,-0.004526748971193506,-0.0008230452674897303,0.0008230452674897082,0.0,0.000411522633744843,0.0008230452674897082,-0.0016460905349794607,-0.004115226337448652,-0.0024691358024691913,-0.00493827160493836,-0.0037037037037037867,-0.004526748971193506,0.0008230452674897082,-0.004526748971193495,0.0,-0.004526748971193506,-0.004526748971193506,-0.004526748971193506,-0.004526748971193506
233,233,0.9711934156378601,0.9714870667251619,0.975512243878061,0.9932533733133433,2.312887233886002,1.4395071576727163,1.5933006397557554,1.0723787171504136,1.2450076207397496,0.015637860082304566,0.040740740740740786,0.014403292181070004,0.015226337448559713,0.009876543209876599,0.0020576131687242705,0.0024691358024691466,0.0004115226337448541,0.0057613168724280125,0.005349794238683125,0.0,0.004526748971193417,0.0028806584362139898,0.004938271604938283,0.003292181069958855,0.003703703703703709,0.007818930041152316,0.0,0.003703703703703687,0.0004115226337448541,0.0028806584362139898,0.005349794238683136,0.0008230452674897082,0.003703703703703687,0.0020576131687242817,-0.0020576131687242705,0.0004115226337448541,0.0008230452674897082
234,234,0.934156378600823,0.9344798040138541,0.9332691453118056,0.9844467486298326,2.975948376751957,1.8259311180118192,1.287591182956808,1.0072036851984436,0.5901755494465359,0.01769547325102878,0.03497942386831273,0.02427983539094648,0.023868312757201627,0.004938271604938249,0.0008230452674897082,0.0024691358024691245,0.0004115226337448541,-0.0032921810699588438,-0.003703703703703709,-0.0016460905349794165,-0.007818930041152305,-0.004938271604938293,-0.00658436213991771,-0.004115226337448574,-0.0008230452674897193,-0.0008230452674897082,-0.0008230452674897082,-0.0008230452674897082,0.0016460905349794165,-0.004115226337448552,-0.0020576131687242926,-0.0012345679012345733,-0.004115226337448574,-0.0057613168724280125,-0.006995884773662575,-0.0008230452674897193,-0.005761316872427991
235,235,0.9547325102880658,0.9552139970064971,0.9599067599067599,0.9861693861693862,1.9865930526107052,1.210223753110096,1.805162163947749,1.6744906692168229,1.0682346202844075,0.02427983539094649,0.030041152263374483,0.04526748971193416,0.027572016460905346,0.022633744855967097,0.007407407407407374,0.005349794238683103,0.004526748971193395,0.0024691358024691245,0.004526748971193395,0.007818930041152227,0.004938271604938249,0.005761316872427957,0.005349794238683103,0.008230452674897082,0.006584362139917676,0.0028806584362139785,0.003292181069958833,0.006172839506172811,0.0012345679012345622,0.006584362139917666,0.0024691358024691245,0.007407407407407374,0.0008230452674897082,0.003292181069958833,0.004526748971193395,0.004115226337448541,0.006584362139917666
236,236,0.9300411522633745,0.9297698387021879,0.9206011730205279,0.9802785923753665,1.6461181770143294,0.7705188443750527,1.5655141339793535,2.317795735455653,1.6185262277076913,0.023456790123456785,0.04814814814814814,0.04732510288065843,0.018518518518518524,0.01934156378600822,-0.0020576131687242705,-0.0008230452674897193,0.0004115226337448541,-0.0024691358024691245,0.0008230452674897082,-0.003292181069958833,0.003703703703703687,0.0028806584362139785,0.006995884773662542,0.010288065843621375,-0.003703703703703709,0.0024691358024691245,0.0008230452674897082,0.0012345679012345622,0.006172839506172811,-0.0012345679012345622,-0.0004115226337448541,0.0020576131687242705,-0.0004115226337448541,0.0008230452674897082,-0.0008230452674897082,0.0004115226337448541,0.0024691358024691245
237,237,0.9547325102880658,0.955101549929049,0.9597096726410902,0.9925936898237299,1.833707949061618,1.386074943714527,2.588247394755954,1.5339322133827997,0.36408200731616014,0.026337448559670774,0.013168724279835387,0.004526748971193406,0.00987654320987653,-0.0004115226337448541,-0.003292181069958833,-0.004526748971193406,-0.0016460905349794165,-0.0008230452674897082,-0.003292181069958833,-0.004526748971193395,0.0004115226337448541,-0.003292181069958833,0.0004115226337448541,-0.0020576131687242817,0.003292181069958833,-0.00781893004115224,-0.0008230452674897082,-0.0016460905349794165,-0.005761316872427957,-0.0024691358024691245,-0.004115226337448552,-0.0016460905349794165,-0.0008230452674897082,-0.006172839506172811,-0.0016460905349794165,-0.0008230452674897082,-0.0012345679012345622
238,238,0.9382716049382716,0.9387930339788897,0.9416604616530155,0.9883097542814594,1.5204509551928798,1.8434067263985967,1.8838089370323874,1.4093375422081968,0.9405743302593945,0.010288065843621385,0.03004115226337444,0.035390946502057576,0.02057613168724275,0.01563786008230449,0.0024691358024691136,0.007407407407407363,0.004115226337448541,0.003703703703703687,0.004526748971193395,0.005761316872427957,0.0004115226337448208,-0.004938271604938327,0.001234567901234529,0.003292181069958833,-0.0004115226337449096,0.0020576131687242484,0.0004115226337448319,0.000411522633744843,0.004526748971193384,-0.0032921810699589214,-0.002057613168724326,0.000411522633744843,0.0020576131687242484,-3.3306690738754695e-17,-3.3306690738754695e-17,-0.002469135802469202,-1.1102230246251566e-17
239,239,0.9423868312757202,0.9423868312757202,0.9359563253012049,0.9912650602409638,1.9700315626639087,1.831431526149774,1.2279627037197383,1.8378581690295914,1.0470202839779792,0.00823045267489716,0.019341563786008265,0.028806584362139974,0.03045267489711939,0.010699588477366285,0.0024691358024691913,0.0024691358024691913,-0.0012345679012345622,-0.0004115226337448541,-0.0028806584362139785,-0.0028806584362139785,-0.0020576131687242705,0.0012345679012345956,-0.010288065843621352,-0.011111111111111061,0.009876543209876599,0.0037037037037037867,-0.0016460905349794165,0.0020576131687243373,-0.0024691358024691245,-0.0016460905349793941,0.005761316872428058,-0.005761316872427957,-0.0004115226337448541,0.006995884773662619,-0.0037037037037036757,-0.0016460905349794052,-0.006995884773662519
240,240,0.9547325102880658,0.9552770815928711,0.9629629629629629,0.9786617893613778,1.991725147662747,1.7085015327603323,1.3977649259676592,1.5624413835863196,1.134312448831923,0.02880658436213992,0.03168724279835389,0.022633744855967086,0.021810699588477367,0.011111111111111094,-0.0016460905349794165,0.006584362139917666,0.0004115226337448541,0.0,0.003703703703703687,0.003703703703703687,0.0008230452674897082,0.0004115226337448541,0.0012345679012345622,-0.0004115226337448541,0.007407407407407374,0.0008230452674897082,0.0,0.0004115226337448541,0.0024691358024691245,0.0,0.0008230452674897082,0.0,0.004115226337448541,-0.0024691358024691245,0.0020576131687242705,-0.003292181069958833,0.0004115226337448541
241,241,0.9670781893004116,0.9674322569934853,0.9725624496373892,0.9894439967767928,2.09656061639866,1.0974981201726055,1.8089398747105307,1.4348612323903767,1.4876314666730153,0.030864197530864234,0.020576131687242837,0.027160493827160535,0.02345679012345686,0.016460905349794285,0.001646090534979472,0.004938271604938327,0.0037037037037037867,0.0037037037037037867,0.002057613168724326,0.004115226337448652,0.006172839506172911,0.0037037037037037424,0.004938271604938338,0.00246913580246918,0.006584362139917777,0.0,0.0037037037037037867,0.0069958847736626304,0.0008230452674897303,0.0024691358024691913,0.004115226337448641,0.0037037037037037867,0.0032921810699589214,0.0008230452674897303,-0.0016460905349794052,0.0032921810699589214,0.0012345679012346067
242,242,0.9506172839506173,0.9500216590859866,0.9310714285714285,0.9928571428571429,1.799566551406004,2.3733414211422126,1.1949334339436553,2.1875152944765572,0.5644354146580088,0.025925925925925918,0.03744855967078192,0.015226337448559678,0.016049382716049422,0.009465020576131678,0.0012345679012345622,0.0008230452674897082,0.0,-0.0008230452674897082,-0.005761316872427957,-0.007407407407407374,-0.004115226337448541,-0.0004115226337448541,-0.004526748971193395,-0.0028806584362139785,0.006995884773662553,0.0004115226337448541,-0.0008230452674897082,0.0,-0.0004115226337448541,-0.0020576131687242705,0.0,-0.0008230452674897082,-0.004115226337448541,-0.004938271604938249,-0.0004115226337448541,-0.0020576131687242705,-0.0020576131687242705
243,243,0.9300411522633745,0.9307852681009499,0.9315850815850816,0.9792540792540793,2.0848684520551637,1.760832802494875,0.9557543651146995,1.3955593405036295,1.4234980860747057,0.010288065843621375,0.029218106995884764,0.03251028806584361,0.021810699588477356,0.006172839506172823,0.005349794238683103,-0.0012345679012345622,0.0028806584362139785,-0.0008230452674897082,-0.006172839506172811,0.0020576131687242705,0.003292181069958833,-1.1102230246251566e-17,0.005761316872427957,-0.0020576131687242705,0.0,0.0024691358024691245,-0.0008230452674897082,0.0012345679012345622,0.0028806584362139785,0.003292181069958833,0.0008230452674897082,0.006995884773662519,0.0012345679012345622,-0.0020576131687242705,-0.0020576131687242817,0.0020576131687242705,-0.0016460905349794165
244,244,0.9259259259259259,0.9259259259259259,0.9209441873915558,0.9835887796414112,1.6200600927720423,1.6685949066462107,1.757203699087536,1.3090843708662936,1.5194193409117451,0.005761316872428002,0.004526748971193417,0.03292181069958848,0.03539094650205761,0.01275720164609051,-0.005349794238683115,-0.009465020576131656,-0.009465020576131643,-0.008230452674897082,-0.00987654320987651,-0.005761316872427957,-0.0024691358024691245,-0.004115226337448541,-0.011522633744855959,-0.010288065843621375,-0.006995884773662542,-0.005761316872427957,-0.00987654320987653,-0.004115226337448541,-0.008641975308641936,-0.008641975308641947,-0.0028806584362139785,0.0004115226337448541,-0.003703703703703687,-0.007407407407407374,-0.00987654320987652,-0.005349794238683103,-0.006995884773662519
245,245,0.9300411522633745,0.9307852681009499,0.9315850815850816,0.9817404817404818,2.7302768284682672,1.5594086600686947,1.0483361094852595,0.9013273158371411,0.9738765520453432,0.012345679012345678,0.04444444444444444,0.02510288065843621,0.024691358024691357,0.0020576131687242705,-0.003292181069958833,-0.003292181069958855,-0.003703703703703687,-0.0041152263374485635,-0.0024691358024691245,-0.003703703703703687,-0.006995884773662542,-0.004526748971193395,-0.00493827160493826,-0.004526748971193428,-0.006995884773662575,-0.0012345679012345622,-0.0028806584362139785,-0.0004115226337448541,-0.006172839506172811,-0.003292181069958833,-0.0020576131687242705,0.0016460905349794165,-0.00781893004115225,-0.005761316872427968,-0.007407407407407418,-0.006172839506172823,-0.011934156378600857
246,246,0.9465020576131687,0.9464182194616976,0.9382716049382716,0.9885688157293095,1.704769583691519,2.425723787721041,1.2552430549616382,1.476576064572736,0.5159586106244004,0.018930041152263398,0.023456790123456816,0.028806584362139932,0.025102880658436234,0.01111111111111115,0.0020576131687242817,0.011522633744856004,0.008641975308642014,0.0024691358024691358,0.0012345679012345622,0.0037037037037036978,0.0057613168724280125,-0.0016460905349794165,0.0032921810699588438,0.007407407407407429,0.012757201646090566,0.004115226337448574,-0.0004115226337448541,0.00823045267489717,0.003703703703703709,0.006995884773662586,0.0024691358024691358,0.0037037037037037203,0.0020576131687242926,0.0012345679012345622,0.0020576131687242705,0.0012345679012345622,0.0020576131687242817
247,247,0.9506172839506173,0.9506172839506173,0.9433566433566434,0.9904428904428904,2.1074116472628828,1.411754279247543,1.4355856918779202,1.680950322005638,0.9062884448263686,0.027983539094650213,0.04197530864197531,0.019341563786008254,0.031275720164609076,0.005349794238683136,-0.0012345679012345622,0.006995884773662553,-0.003703703703703687,-0.0012345679012345622,-0.0012345679012345622,0.0008230452674897082,-0.0020576131687242705,-0.004938271604938249,-0.003292181069958833,-0.005349794238683103,0.013991769547325106,0.0004115226337448541,-0.0004115226337448541,-0.0008230452674897082,0.0008230452674897082,0.0004115226337448541,0.0,0.0,-0.003703703703703687,0.0,0.0074074074074073955,-0.004115226337448541,0.0020576131687242705
248,248,0.9218106995884774,0.9226721201714098,0.9288856304985338,0.9787390029325513,1.7021788494668049,1.9655839501702845,1.0270439973478656,1.3007949203078275,1.4307209773063605,0.016049382716049422,0.0666666666666667,0.03374485596707823,0.026748971193415662,0.016460905349794275,-0.0008230452674897082,0.0012345679012346067,0.004938271604938293,0.0037037037037037203,-0.003292181069958833,0.0041152263374485635,0.004115226337448552,0.0004115226337448652,-0.0012345679012345512,0.003292181069958866,0.0012345679012345846,-0.0016460905349794165,-0.0020576131687242705,-0.0004115226337448541,0.0020576131687242705,-0.0008230452674897082,0.002880658436214012,-0.0020576131687242705,0.003703703703703709,-0.0016460905349794165,0.003703703703703709,0.0028806584362139898,0.0004115226337448541
249,249,0.9506172839506173,0.9510856739321158,0.9565897244973939,0.9859270290394638,2.3911902201765205,1.2959012308630964,1.3158618549277044,1.519871822568014,1.1719927282535716,0.03251028806584364,0.045679012345679004,0.025925925925925943,0.023868312757201648,0.011934156378600824,0.006584362139917676,0.006584362139917676,0.0028806584362139785,0.005349794238683115,0.0,0.0004115226337448541,0.00864197530864197,0.0024691358024691245,0.006584362139917699,0.004526748971193406,0.009876543209876543,0.0004115226337448541,0.0,0.0,-0.0016460905349794165,0.0008230452674897082,0.005349794238683115,0.003703703703703687,-0.0012345679012345622,0.0024691358024691245,0.0012345679012345733,0.004938271604938249,-0.0016460905349794165
