,random_seed,accuracy,f1_weighted,balanced_acc,auc,model_weights.random_forest,model_weights.bagging_svc,model_weights.bagging_knn,model_weights.gradient_boosting,model_weights.mlp,feature_importance.fronttop_CO2_scaled,feature_importance.front_CO2_vd_scaled,feature_importance.frontlow_CO2_scaled,feature_importance.fronttop_CO2_fd3_scaled,feature_importance.fronttop_CO2_fd1_scaled,feature_importance.front_CO2_vd_fd3_scaled,feature_importance.fronttop_CO2_fd2_scaled,feature_importance.frontlow_CO2_fd3_scaled,feature_importance.frontlow_CO2_fd1_scaled,feature_importance.frontlow_CO2_fd2_scaled,feature_importance.front_CO2_vd_fd2_scaled,feature_importance.front_CO2_vd_fd1_scaled
0,0,0.9094650205761317,0.9094650205761317,0.8999326145552561,0.9670560047918538,2.471190598366989,0.7168063930463339,1.1385243122907502,1.5513904020022844,0.6173287304589329,0.07407407407407403,0.051851851851851816,0.029629629629629606,0.003292181069958833,0.0028806584362139676,0.002057613168724259,0.0008230452674897082,-0.002057613168724304,-0.0032921810699588438,-0.004115226337448574,-0.007818930041152283,-0.01028806584362144
1,1,0.9176954732510288,0.9181428470747575,0.9143072289156626,0.9718373493975904,3.063719693212109,1.2666750779342841,1.3809180253234317,0.9091167167922501,-0.23304431947320398,0.04938271604938275,0.025925925925925963,0.03333333333333336,0.013580246913580285,0.001646090534979472,0.016460905349794275,0.0004115226337448985,0.013168724279835443,0.0032921810699588993,0.0008230452674897637,0.009876543209876586,-0.009876543209876498
2,2,0.8847736625514403,0.8855933450190628,0.881906384239372,0.9521552362612947,2.7125166907080693,0.9882927924144325,1.206536072891328,1.296071334165574,0.5304705212897045,0.12633744855967075,0.023868312757201627,0.02633744855967075,0.006172839506172823,-0.0016460905349794275,0.004115226337448541,0.0028806584362139785,0.008230452674897082,0.0016460905349794052,0.0024691358024691245,0.0008230452674896971,-0.0037037037037037203
3,3,0.9012345679012346,0.9018255745014316,0.8945552147239264,0.9624233128834355,3.3126690667006695,0.9332168992494952,0.7815256203046606,0.9207550264074642,0.5973962145488543,0.12592592592592594,0.0358024691358025,0.03168724279835392,0.005761316872427991,0.0037037037037036978,0.0028806584362139898,-0.0012345679012345622,0.003292181069958833,-0.0024691358024691245,-0.0028806584362139785,-0.009053497942386812,-0.003703703703703687
4,4,0.9094650205761317,0.9111855106833137,0.9021119230083764,0.957761539832472,3.216241260631251,0.6179178360390865,0.8156872580686904,0.904223148270658,0.9312026768610021,0.11028806584362136,0.03744855967078189,0.04609053497942385,0.00781893004115224,-0.0008230452674897193,0.0028806584362139785,0.0028806584362139676,0.0016460905349794052,0.005761316872427957,0.004938271604938249,-0.0020576131687242926,0.004938271604938249
5,5,0.8724279835390947,0.8728898206893563,0.8650530503978779,0.938034188034188,3.444509077830186,1.2750679410921382,1.1751375642974267,1.428751328429222,-0.8378352500044147,0.08353909465020579,0.018930041152263412,0.03045267489711938,0.011522633744856004,-0.0016460905349794165,0.006584362139917721,0.0004115226337448652,0.0057613168724280125,-0.0020576131687242705,-0.006995884773662519,-0.002057613168724259,-0.006584362139917666
6,6,0.9218106995884774,0.9224423135782999,0.9184008762322016,0.9637771866687529,3.04783399770513,0.7553483781828675,0.6952331857976644,1.1262627248024997,0.8271153668204091,0.14691358024691362,0.03539094650205763,0.024279835390946525,0.007407407407407441,0.0004115226337448541,0.018106995884773693,0.0004115226337448541,0.0016460905349794386,-0.0012345679012345622,-0.0016460905349794165,0.0049382716049382715,0.0004115226337448541
7,7,0.9218106995884774,0.9219570719270886,0.9096033903726212,0.9572205341436112,2.9453745605241073,0.8801766319409215,1.4808651779815294,1.2269811754113504,0.10580975751567333,0.09135802469135806,0.05061728395061732,0.0358024691358025,0.008230452674897148,0.0028806584362139898,0.003292181069958877,0.007818930041152295,0.010288065843621453,1.1102230246251566e-17,0.0,0.003703703703703731,-0.0024691358024691245
8,8,0.8930041152263375,0.8938784901986814,0.8942433970523858,0.9481978695461841,3.440463836992905,1.066842712265706,1.0526120921117241,1.1187398176765164,-0.05939346687543374,0.10617283950617291,0.011934156378600869,0.026748971193415693,0.0032921810699588993,-0.010288065843621352,-0.0016460905349793941,-0.0032921810699588104,-0.005349794238683092,-0.0057613168724279466,-0.017283950617283883,-0.004526748971193395,0.0004115226337448874
9,9,0.8847736625514403,0.8861526779519001,0.8813519813519813,0.9523698523698524,3.2862668583673393,0.7808846374882709,1.1362360052949907,1.0264761279061507,0.3009423103227524,0.05144032921810697,0.012345679012345645,0.013580246913580207,-0.006172839506172856,-0.00452674897119344,-0.002057613168724304,-0.003292181069958855,-0.002057613168724304,-0.004938271604938293,-1.1102230246251566e-17,-0.011522633744856004,-0.006584362139917732
10,10,0.9094650205761317,0.909218964973081,0.8983854243815731,0.9574877795882091,3.388535770498937,1.182435449970172,1.1361261883681442,1.7203020162567326,-0.7255814498565694,0.09341563786008228,0.033333333333333305,0.02263374485596705,0.005761316872427957,-0.0041152263374485635,-0.0004115226337448874,-0.0016460905349794496,-0.0004115226337448763,0.0028806584362139785,-0.0024691358024691466,-1.1102230246251566e-17,0.0012345679012345622
11,11,0.934156378600823,0.9340218593743086,0.928637726688562,0.9800799657289733,2.2550146242860434,0.9269717833198539,0.8896997382580741,1.9662092697979892,0.345835548840914,0.09300411522633742,0.03004115226337446,0.034156378600823004,0.028806584362139898,0.0032921810699588216,0.01687242798353906,0.0016460905349794165,0.011522633744855926,0.0127572016460905,-0.0020576131687242926,0.01769547325102877,0.004115226337448541
12,12,0.897119341563786,0.8964087999920727,0.8817418213969939,0.9693486590038314,3.033113048165726,0.7752471236314633,1.2062884686520008,1.3550838021253089,0.24808014647344712,0.10740740740740744,0.03744855967078191,0.019753086419753117,-0.002057613168724259,-0.005349794238683103,-0.0008230452674897082,-0.008230452674897092,0.0004115226337448874,-0.010699588477366207,-0.009876543209876498,-0.0028806584362139785,-0.011522633744855914
13,13,0.8683127572016461,0.8683127572016461,0.850920245398773,0.9440184049079756,2.90113897504991,1.201075579357833,0.7910425316269518,1.1693157285398088,0.5232534376530342,0.09382716049382721,0.03827160493827164,0.023456790123456826,0.013580246913580295,0.002469135802469158,0.005761316872428046,3.3306690738754695e-17,0.004115226337448608,0.0012345679012346067,-0.005349794238683103,-0.004938271604938227,0.012757201646090588
14,14,0.934156378600823,0.9345883566665015,0.9309184791112501,0.9775465498357064,2.9805068286802237,0.9695732634242783,1.304371440803187,0.9632584946320768,0.38888541309005686,0.13950617283950612,0.03086419753086419,0.02345679012345677,0.013168724279835365,0.003292181069958833,0.012345679012345633,0.004938271604938249,0.006995884773662519,0.0024691358024691245,0.006172839506172811,0.007818930041152227,0.0
15,15,0.9465020576131687,0.9465688993234543,0.9430813439434129,0.9665487768936045,3.957209405593511,1.0768383787961282,0.8460994181965679,0.5813627226946985,-0.10635079588334753,0.12921810699588482,0.044444444444444474,0.03991769547325104,0.011522633744855992,0.00905349794238689,0.016049382716049422,0.014814814814814847,0.018518518518518556,0.012345679012345711,0.01028806584362143,0.004526748971193428,0.003292181069958855
16,16,0.934156378600823,0.9342908978273373,0.9321551972358192,0.9719982723869853,3.4261352151260196,0.958691714841375,0.9811406787671523,1.4724896262453802,-0.4742574447555992,0.09917695473251024,0.02345679012345677,0.02839506172839503,0.014403292181069926,-0.0012345679012345846,0.010288065843621352,0.0016460905349794165,0.009465020576131656,0.0016460905349793941,0.0008230452674896971,0.0012345679012345401,-0.0004115226337448763
17,17,0.9176954732510288,0.916741038226982,0.9003094606542883,0.9660330091364574,2.5720991799618194,1.1017053303154094,1.3781646507093623,1.451642534709631,0.014795855647894457,0.13251028806584367,0.024279835390946546,0.021810699588477388,0.020164609053497984,0.0004115226337448874,0.017283950617283994,-0.0024691358024691136,0.004938271604938327,0.002057613168724326,-0.0024691358024691136,0.0032921810699588993,-0.0008230452674896748
18,18,0.9259259259259259,0.9260953764221739,0.9225886473077485,0.9620604114986138,3.016445611402703,0.9408780890644544,0.5852339036660252,1.732784598174971,0.25636425252729633,0.14197530864197527,0.03292181069958848,0.04650205761316871,0.022633744855967097,0.004115226337448552,0.016049382716049398,0.005349794238683115,0.030041152263374494,0.004938271604938249,0.006172839506172834,0.009465020576131689,0.0012345679012345622
19,19,0.9218106995884774,0.9228470233662343,0.9255244755244756,0.9685314685314685,3.3867939490575982,1.0599359918893052,0.6699839620458009,1.3813595685020965,-0.024741188190960772,0.06584362139917699,0.04814814814814816,0.02757201646090538,0.020576131687242826,0.002469135802469158,0.01028806584362144,0.004938271604938293,0.011934156378600869,0.0008230452674897193,0.0020576131687242926,0.004938271604938283,-0.0008230452674896971
20,20,0.9094650205761317,0.9100770285955471,0.9018673179955878,0.9550898203592815,3.48227020194072,0.9798768185726153,0.5692875962591644,0.9612467707609388,0.37464035798701834,0.10370370370370367,0.048971193415637826,0.04567901234567899,0.012345679012345656,0.003703703703703687,0.01481481481481478,0.007818930041152227,-0.003292181069958866,0.006584362139917666,-2.2204460492503132e-17,0.009465020576131656,0.005761316872427957
21,21,0.9218106995884774,0.9219570719270886,0.9096033903726212,0.9660962737885815,2.635575959504471,1.1471925096685875,0.8457339447174529,1.6595862288006333,0.0885429865115619,0.10370370370370371,0.040740740740740765,0.020576131687242826,0.012345679012345711,0.013580246913580285,0.008641975308641992,0.003292181069958866,0.012345679012345701,0.004526748971193451,0.00823045267489716,0.011111111111111138,0.0024691358024691466
22,22,0.8683127572016461,0.8692495371646431,0.8639090505110354,0.9387498148422456,3.220839153802362,0.7082020683101238,0.9865845957028871,1.2370789967601576,0.5708516027883099,0.10946502057613175,0.017695473251028847,0.013580246913580308,-0.004115226337448508,-0.018518518518518434,0.0020576131687243147,-0.013168724279835332,0.0016460905349794496,-0.0032921810699588216,-0.006995884773662519,-0.013168724279835332,-0.021810699588477332
23,23,0.9176954732510288,0.9170702589506009,0.8971005357705641,0.9705326189725811,2.997283894555535,0.6066613377560598,1.1444216759548063,1.629818692346128,0.23368808342308448,0.07942386831275723,0.034979423868312785,0.03209876543209881,0.004526748971193461,0.0008230452674897415,0.008641975308642047,-0.0020576131687242484,0.006584362139917743,0.0012345679012346177,0.0004115226337448763,-0.0032921810699588216,0.001646090534979483
24,24,0.8888888888888888,0.8890325254801054,0.8798326173900163,0.9549696341282773,2.5818836027213954,0.9882073122034319,0.8251193408572177,1.5045583024871574,0.6753353152851614,0.13497942386831271,0.032921810699588425,0.010699588477366207,0.023045267489711883,0.004526748971193395,0.004526748971193395,0.007818930041152227,0.01851851851851847,0.007818930041152227,0.002057613168724237,0.0028806584362139564,-0.005349794238683203
25,25,0.9465020576131687,0.9467165857029405,0.9450808625336927,0.9826295297993412,3.5597745656078996,0.5154735109195479,0.8383023173350744,1.0790358340965343,0.29734409147729685,0.08847736625514407,0.040329218106995926,0.042386831275720196,0.021399176954732535,-0.003292181069958833,0.006584362139917721,0.0020576131687242817,0.012345679012345711,0.0012345679012345956,0.0049382716049383045,0.003292181069958866,-0.0020576131687242705
26,26,0.9053497942386831,0.9062877778734904,0.8952518579686211,0.9487200660611065,3.7661121725556015,1.0822896714158299,0.9609331018298132,1.3212144048555243,-0.6191261979852803,0.08806584362139916,0.03909465020576132,0.036213991769547316,0.005349794238683103,0.0012345679012345622,0.006172839506172823,-0.0004115226337448541,0.008641975308641947,-1.1102230246251566e-17,0.0004115226337448541,-0.0008230452674897082,0.0008230452674897082
27,27,0.8930041152263375,0.8941548352288277,0.8844480257856567,0.9547945205479452,2.3642217317361913,1.190485464825252,1.385863424720456,1.6250327293152433,-0.34639230891832246,0.06543209876543214,0.04403292181069962,0.030041152263374525,-0.00041152263374480966,-0.004938271604938249,-0.006584362139917655,-0.004526748971193395,-0.0004115226337447986,-0.0012345679012345401,-0.0057613168724279466,0.0012345679012346177,-0.009876543209876498
28,28,0.934156378600823,0.9343412495054704,0.9297063253012048,0.975,3.25007381976869,0.7673137204887021,0.8665813384474531,1.0926180680122137,0.49339225442067025,0.14074074074074072,0.01646090534979421,0.04074074074074073,0.013991769547325051,0.006584362139917666,0.004938271604938249,0.004115226337448541,0.01769547325102877,0.007818930041152227,-0.003292181069958877,0.0008230452674897082,-0.0004115226337448652
29,29,0.9135802469135802,0.9136600024759283,0.9102062588904694,0.9487197724039829,3.317115738421698,0.7389625320248421,0.8616905734358421,1.1590530944887758,0.33713047848054556,0.09711934156378596,0.04773662551440326,0.035390946502057555,0.008230452674897082,0.005349794238683103,0.00905349794238679,-0.001646090534979494,0.010288065843621363,0.006995884773662519,0.0008230452674896748,0.008641975308641936,0.000823045267489686
30,30,0.8930041152263375,0.8939948178631307,0.8874125874125874,0.954079254079254,3.1699137082265465,0.7086405936402436,1.1262655310680152,1.8636161508881943,-0.2724278640643892,0.09259259259259263,0.039506172839506214,0.018518518518518556,0.009465020576131744,-0.0004115226337448319,-0.00041152263374480966,0.005349794238683192,0.011934156378600869,-0.004115226337448518,-0.002057613168724259,0.00534979423868317,-0.0004115226337448208
31,31,0.9259259259259259,0.9269881290051477,0.927266081871345,0.9689733593242366,2.6489591102854995,1.221401821778845,0.670403344735198,1.3627882407715062,0.3870096772009885,0.10864197530864199,0.04444444444444447,0.03744855967078191,0.021399176954732514,0.0004115226337448541,0.00658436213991771,0.0032921810699588438,0.013168724279835398,0.005761316872427991,-0.0004115226337448541,0.0016460905349794165,0.0008230452674897082
32,32,0.9135802469135802,0.914415843801915,0.9135802469135802,0.9572473708276179,3.4772902768224663,0.8979880914968547,0.8547582775524377,1.0377409051734319,0.24706248299467282,0.14156378600823039,0.05514403292181065,0.02139917695473246,0.007407407407407374,0.000823045267489686,0.00905349794238679,-0.0020576131687243373,0.0057613168724279466,-0.0037037037037037424,-0.0032921810699588993,0.0024691358024691136,-0.00246913580246918
33,33,0.9176954732510288,0.9179191601628931,0.9118373764600181,0.9757412398921833,2.3483740909355575,1.2221639131056476,1.2091143718750703,1.4938118786710068,0.11102899148149117,0.10823045267489717,0.03909465020576136,0.017695473251028836,0.012757201646090588,-0.0004115226337448208,0.00823045267489717,0.009465020576131754,0.014403292181069994,-0.004526748971193384,-0.0037037037037036757,0.0008230452674897637,0.0024691358024691913
34,34,0.8888888888888888,0.8884579791152396,0.8760630498533725,0.9505865102639297,2.902114248003654,1.4905598397703563,0.7482603702705322,1.2935223180093787,-0.19448645299592004,0.09835390946502051,0.02757201646090531,0.02633744855967074,0.00905349794238679,-0.008641975308642025,-5.551115123125783e-17,-0.001646090534979472,0.0032921810699587995,-0.007407407407407451,-0.012345679012345734,-0.007407407407407474,-0.012345679012345734
35,35,0.897119341563786,0.8975049668154349,0.8914605243667605,0.9590431047252259,3.2346907132829226,1.2200510939089748,1.0165071861247306,0.8844471289808407,0.20618785911273918,0.10164609053497944,0.025514403292181086,0.03209876543209879,0.007407407407407429,-0.0008230452674896971,0.007407407407407441,-0.004526748971193373,0.0020576131687242817,-0.008641975308641936,-0.006995884773662519,-0.003292181069958833,-0.00905349794238679
36,36,0.934156378600823,0.934457623927486,0.9336510263929618,0.9671554252199414,2.8235973583176746,0.7509563096249761,1.1704197279940982,1.3846649397069775,0.21049959266076346,0.07983539094650202,0.04032921810699586,0.04691358024691354,0.007818930041152227,0.0024691358024691245,0.006172839506172811,0.0028806584362139785,0.014814814814814758,0.0020576131687242705,0.0012345679012345622,0.003703703703703687,0.0016460905349794165
37,37,0.9259259259259259,0.9259259259259259,0.9194297082228117,0.9606542882404951,2.836169442706836,1.1175914856822646,1.0306460663676298,1.1501317991622386,0.2750695484925868,0.14897119341563786,0.05308641975308642,0.03950617283950619,0.010288065843621408,0.0008230452674897082,0.009876543209876543,0.0016460905349794275,0.007818930041152273,0.004115226337448552,0.0,-0.003292181069958833,0.0016460905349794165
38,38,0.9176954732510288,0.9180997550173178,0.915271811583469,0.9677825507332247,3.1857168955602715,1.1211619894664258,0.8864149589622562,1.8037279442190206,-0.5459579308691487,0.046913580246913625,0.03950617283950621,0.016460905349794296,0.009876543209876599,0.00246913580246918,0.0069958847736625975,0.0069958847736626304,0.008230452674897182,0.0012345679012346177,-0.0008230452674896971,0.0028806584362140565,-0.007818930041152217
39,39,0.9053497942386831,0.9052190545894878,0.8946016381236038,0.9617274758004468,3.0247639870937424,1.2035605587592173,0.525702711261515,1.5880706021382296,0.04340202421654931,0.10617283950617282,0.008641975308641959,0.023456790123456785,0.023868312757201617,-0.0024691358024691245,-0.006172839506172811,-0.005349794238683115,0.00781893004115225,-0.00864197530864198,-0.009876543209876543,-0.007407407407407418,-0.0074074074074073955
40,40,0.9300411522633745,0.9304011393173159,0.9240072486605736,0.9774661203907973,3.3987455139493443,1.07426050802662,1.1121192289706616,0.8114671656614058,-0.047182990677512526,0.07777777777777779,0.03292181069958846,0.029218106995884764,0.017695473251028816,-0.0012345679012345846,0.01563786008230452,-0.0008230452674897082,0.0074074074074073955,-0.0032921810699588438,-0.0037037037037036978,0.006172839506172811,0.0
41,41,0.8724279835390947,0.8704896261314605,0.8506535947712419,0.9558460421205519,2.644367322950756,1.369034599489204,0.8635053252017388,2.227043667443743,-0.6585625776905307,0.056790123456790145,0.0024691358024691466,0.016049382716049408,0.0012345679012345956,-0.0024691358024691245,0.0049382716049383045,1.1102230246251566e-17,0.0041152263374485964,-0.006995884773662531,-0.006172839506172811,-0.0004115226337448541,0.003292181069958866
42,42,0.934156378600823,0.934156378600823,0.9244755244755245,0.9804972804972805,3.0542777101739738,0.8313500488274939,0.7229204025961117,1.6854178879973514,0.2319302964106213,0.09259259259259256,0.04609053497942382,0.03333333333333331,0.02139917695473247,-0.0028806584362139898,0.0004115226337448208,0.0008230452674896971,0.011111111111111082,-0.0020576131687242926,-0.00823045267489716,0.0037037037037036757,-0.0016460905349794386
43,43,0.8806584362139918,0.8832415169317189,0.8830409356725146,0.9501299545159194,3.348432018410724,1.156617704977654,1.5118737233385597,1.1541770081078855,-0.5437514812526881,0.05020576131687241,0.013168724279835375,0.010288065843621375,-0.005761316872427991,-0.009053497942386834,-0.005761316872428002,-0.006995884773662542,-0.01028806584362143,-0.007407407407407385,-0.0041152263374485635,-0.011934156378600813,-0.01069958847736625
44,44,0.9135802469135802,0.914415843801915,0.9135802469135802,0.970202713001067,3.2257028475222076,0.8238153220578043,1.1477631599231997,1.069359233299542,0.1377389282652796,0.04567901234567896,0.02345679012345674,0.009876543209876487,-0.004938271604938327,0.000823045267489686,0.0020576131687242262,-0.004115226337448619,-0.004115226337448619,-0.0028806584362140453,-0.004526748971193473,0.0008230452674896748,-0.0028806584362140565
45,45,0.9135802469135802,0.9139741905922966,0.9069401840490797,0.9414110429447853,2.4577001989067395,0.8306659036106236,0.752758462786548,2.0004626921599598,0.4297518458893853,0.12139917695473246,0.04279835390946497,0.036625514403292134,0.015226337448559623,0.008230452674897082,0.003703703703703687,0.003292181069958833,0.02057613168724274,0.002057613168724237,0.007407407407407374,0.006995884773662519,0.005761316872427957
46,46,0.9094650205761317,0.9104818105516918,0.9102377300613497,0.9608128834355828,2.8816110752211084,0.9469258143183261,0.6814212998268648,1.3254630744983464,0.48974236604720356,0.11111111111111108,0.04238683127572014,0.025925925925925908,0.002057613168724259,-0.0057613168724280125,0.005761316872427957,-0.0012345679012346067,-0.004115226337448585,0.003292181069958833,-0.0037037037037037203,-0.0020576131687242926,-0.002880658436214001
47,47,0.897119341563786,0.8966790286449818,0.8828369322412509,0.9562174236783321,3.251808225173117,0.9084153626877804,0.9138866003630903,0.8534634411471383,0.44452885741358655,0.10041152263374489,0.014403292181069994,0.019341563786008254,0.007407407407407441,-0.0024691358024691136,0.007818930041152273,-0.0012345679012345512,0.0024691358024691466,-0.004526748971193395,-0.0024691358024691245,1.1102230246251566e-17,-0.011522633744855914
48,48,0.9135802469135802,0.9139991067173572,0.9059440559440559,0.9612276612276611,2.788927826744084,0.8078050843503984,1.2164715094308984,1.54202678993541,0.24380535767690836,0.09547325102880654,0.03209876543209873,0.02469135802469131,0.0032921810699588216,0.006172839506172811,-0.0008230452674897526,0.0016460905349793941,0.007407407407407374,0.0028806584362139564,-0.0037037037037037533,0.006995884773662508,-0.0004115226337448763
49,49,0.9218106995884774,0.9214201542279722,0.9067101226993866,0.9634969325153374,3.5117208066649233,0.9669043763291257,0.7075301688580004,0.7473662982137506,0.4638466220688693,0.14238683127572016,0.026748971193415662,0.017283950617283984,0.0049382716049383045,-0.005349794238683103,0.0008230452674897415,-0.005349794238683092,-0.0016460905349793941,-0.001234567901234529,-0.00781893004115224,-0.01069958847736623,-0.0028806584362139898
50,50,0.9094650205761317,0.9103237355422125,0.911355174981385,0.9599404318689502,3.840576586852208,1.2112773487647672,0.5114319438087811,1.192306478366873,-0.4379702079509388,0.11440329218106993,0.037037037037037014,0.035390946502057576,0.01069958847736623,0.004938271604938249,0.007818930041152227,0.0024691358024691245,0.009053497942386801,0.0028806584362139676,0.0024691358024691245,0.006584362139917666,-0.0016460905349794275
51,51,0.9094650205761317,0.9097531495367214,0.9001234949058352,0.9556962025316456,2.927279026317574,0.6649652198940447,0.03296857131601898,1.537910501042198,1.2034177664558217,0.15761316872427983,0.059259259259259234,0.027983539094650168,0.0185185185185185,0.0057613168724279466,0.012345679012345623,0.000823045267489686,0.011934156378600791,0.011111111111111072,0.006172839506172811,0.008641975308641936,-0.003292181069958877
52,52,0.8930041152263375,0.8935857011971847,0.8868599397590362,0.9463855421686747,3.1959577687029426,0.7395163998703363,0.776847455786615,1.6154746916860168,0.382203658883909,0.0909465020576132,0.023045267489711984,0.02921810699588482,0.0008230452674897637,-0.002057613168724259,0.00246913580246918,-0.005349794238683092,-0.0008230452674896748,0.0004115226337448874,-0.0004115226337448319,-0.0020576131687242484,-0.0020576131687242705
53,53,0.9094650205761317,0.9096721267382125,0.9048591857580621,0.9591419816138917,2.8040939134028844,0.8585595867386062,1.2919337808797304,1.6951431304562121,-0.05304197746981702,0.05884773662551439,0.04609053497942385,0.032921810699588425,0.020164609053497907,0.0024691358024691245,0.006172839506172811,0.008641975308641947,0.011934156378600768,0.003292181069958833,-4.4408920985006264e-17,0.0024691358024691245,-0.0004115226337448652
54,54,0.9218106995884774,0.9208152679493546,0.8994288360605125,0.977539364001235,2.568091100517103,0.8288623484331576,1.0143583622633756,1.8833110443857815,-0.17199485349534657,0.07736625514403295,0.03539094650205763,0.03456790123456791,0.010699588477366295,-0.004938271604938249,0.008641975308642014,-0.0028806584362139676,0.011111111111111138,0.003292181069958855,-0.004115226337448541,0.006995884773662575,-0.0024691358024691136
55,55,0.8930041152263375,0.8933343494386019,0.8820552147239265,0.9470858895705522,2.982026283137156,0.8217796973247479,1.3518349748781393,1.1374320502214863,0.2883605030451761,0.09547325102880662,0.006584362139917732,0.007407407407407451,4.4408920985006264e-17,-0.0032921810699588104,-0.001646090534979383,-0.0012345679012345178,0.0008230452674897526,-0.004115226337448541,-0.0012345679012345512,-0.0008230452674896748,-0.007818930041152227
56,56,0.8888888888888888,0.8900342993800937,0.8848795924668107,0.9501389317690645,2.7333742620368544,1.3826351135415031,0.6317349088533418,1.9648423197764917,-0.3473985749142701,0.09711934156378596,0.041152263374485555,0.02551440329218103,0.02345679012345675,0.0032921810699587995,0.001234567901234529,-0.006584362139917766,0.0012345679012345178,-0.0028806584362140565,-0.0028806584362140453,-0.0028806584362140565,-0.0016460905349794607
57,57,0.9053497942386831,0.9060034924846594,0.901643690349947,0.9643993334343282,3.2891841725907844,1.0632911560620304,0.9598695906414998,0.5390480592293593,0.616220864341929,0.09794238683127572,0.026748971193415627,0.021810699588477367,0.01358024691358023,0.0012345679012345622,0.008230452674897092,0.004115226337448541,0.011934156378600791,0.0016460905349794165,0.004115226337448541,0.0004115226337448541,-0.003703703703703709
58,58,0.9012345679012346,0.9009202453987729,0.8858024691358024,0.9537418076512726,3.3745647839472954,1.0494340651234473,0.931899579143784,1.2275462178583665,-0.14916241635472782,0.11728395061728396,0.024279835390946514,0.04320987654320989,0.015637860082304555,0.006584362139917699,0.0,0.004526748971193428,0.0008230452674897303,0.0008230452674897082,-0.0032921810699588438,-0.0016460905349794165,-0.0020576131687242705
59,59,0.897119341563786,0.8975738695364863,0.8888888888888888,0.9576284103033075,3.042881843747264,0.6638591494697507,0.6860771912889403,1.2673529377974504,0.928773571787555,0.15020576131687244,0.0469135802469136,0.014814814814814836,0.003292181069958877,-0.0028806584362139785,0.015637860082304555,-0.005349794238683092,0.004526748971193451,0.006172839506172856,-0.004115226337448541,-0.004526748971193395,0.0012345679012345733
60,60,0.9382716049382716,0.9385273999040883,0.935730421686747,0.9815512048192772,2.8075769689106735,0.8470813350462403,0.7595155895151005,1.2479280274112767,0.7095389816665705,0.09547325102880654,0.031275720164609014,0.034567901234567856,0.0032921810699587883,0.007818930041152227,0.006172839506172789,0.0012345679012345401,0.004526748971193373,-4.4408920985006264e-17,0.0028806584362139676,0.008230452674897082,-0.002469135802469202
61,61,0.9176954732510288,0.9176954732510288,0.9068251533742331,0.9669478527607361,2.9068749212205836,0.9214016266574591,1.0425677781610394,1.682825762370873,0.02780169305437994,0.1275720164609054,0.046913580246913625,0.0312757201646091,0.008641975308642035,0.012345679012345723,0.015637860082304566,0.004526748971193473,0.023045267489711974,0.01111111111111116,0.005349794238683192,0.010288065843621463,0.015637860082304566
62,62,0.9465020576131687,0.9467613517774116,0.9437062937062937,0.9728826728826729,3.218214361683886,1.1357868215331834,0.7436145720868867,1.1080039366841006,0.11322389979193472,0.18765432098765436,0.05679012345679015,0.06790123456790127,0.032098765432098796,0.007818930041152305,0.038683127572016494,0.022633744855967107,0.025102880658436234,0.021399176954732545,0.013580246913580275,0.015226337448559701,0.013991769547325127
63,63,0.8888888888888888,0.8898417957963811,0.8790476190476191,0.9428571428571428,2.8434310346448544,0.9037340541332811,1.078624012700395,1.8380243850600821,-0.02021073659242846,0.13292181069958847,0.03950617283950612,0.020987654320987613,0.02345679012345673,-0.005349794238683181,0.004526748971193395,-4.4408920985006264e-17,0.011111111111111061,0.006172839506172811,-0.0012345679012346177,0.007407407407407363,-0.0020576131687243373
64,64,0.9053497942386831,0.9067260478796647,0.9057142857142857,0.9448412698412698,3.0557350372301557,0.7975440355602896,0.7098353747629612,0.7140467686800855,1.3480837981683522,0.11522633744855967,0.033333333333333305,0.028395061728395045,0.0012345679012345733,-0.004115226337448541,0.01728395061728396,0.0,0.0074074074074073955,0.004115226337448541,-0.0024691358024691245,0.004115226337448552,-0.0012345679012345622
65,65,0.9218106995884774,0.9216955525020599,0.9116340361445783,0.9720632530120481,2.2344130791611496,0.7185790528483094,1.3603776705537296,1.9243091725061945,0.13268122630009158,0.08847736625514407,0.020164609053497963,0.032098765432098775,0.01316872427983543,0.004115226337448574,0.013580246913580262,0.003703703703703709,0.013991769547325162,0.0041152263374485635,0.0008230452674897193,0.004526748971193451,-0.0016460905349794165
66,66,0.9094650205761317,0.9098349484490463,0.9077862926547138,0.9638519375361481,3.4456470539642297,0.5671317610212427,1.1541276771024833,1.1814802164410412,0.18562515069996863,0.0539094650205761,0.031275720164609014,0.03004115226337446,0.0016460905349793941,-0.0028806584362139898,0.004526748971193395,-0.002469135802469158,0.008230452674897082,-0.006172839506172867,-0.0004115226337448652,-0.0012345679012345733,-0.005761316872428002
67,67,0.9094650205761317,0.9097030587756242,0.9032017870439315,0.9614296351451973,3.2873197306672264,0.8907120345322235,1.4076666043485329,1.2733008632712632,-0.38807233894814475,0.1106995884773662,0.0465020576131687,0.007818930041152227,0.00987654320987651,-0.00452674897119344,0.012345679012345623,-0.003292181069958855,0.00781893004115224,-0.0024691358024691466,-0.005761316872428002,0.0028806584362139785,-0.0004115226337448652
68,68,0.8888888888888888,0.8905226028033044,0.891717791411043,0.9473926380368098,3.071482682677136,0.6355696940234045,1.21081655111091,1.6048347015348832,0.18957417176890168,0.05720164609053492,0.0584362139917695,0.03621399176954726,0.009876543209876498,0.009876543209876498,0.013991769547325051,0.012345679012345623,0.013168724279835332,0.0057613168724279466,0.009876543209876498,0.0024691358024691024,-0.004526748971193473
69,69,0.8930041152263375,0.8930041152263375,0.8810617469879518,0.9539156626506023,2.511430110440637,1.0083808556088234,1.1768066216650288,1.211932035771721,0.709978822873734,0.08230452674897124,0.014814814814814847,0.02263374485596714,-0.0020576131687242484,-0.001646090534979383,0.002469135802469158,-0.007407407407407374,-0.00041152263374480966,-0.013168724279835342,-0.00905349794238679,-0.0024691358024691245,-0.009465020576131643
70,70,0.8847736625514403,0.8843956817439718,0.8663726993865031,0.9528374233128833,2.6384266417879205,1.0945391448117698,1.2220597850332808,0.8281225267598823,0.8451283220049622,0.1098765432098765,0.05637860082304526,0.03004115226337447,-2.2204460492503132e-17,0.004938271604938238,0.0008230452674896971,-0.009053497942386857,-0.0004115226337448985,-0.0012345679012345733,-0.009465020576131722,0.0024691358024691136,-0.0057613168724280125
71,71,0.9012345679012346,0.9021210778015303,0.8973062673664711,0.9525316455696202,3.2631750550679697,0.9926275170527336,0.5221605299032953,1.2129820252099568,0.6224597795539013,0.10699588477366255,0.023456790123456816,0.018518518518518545,0.0004115226337448541,0.006584362139917676,0.0028806584362139898,-0.003292181069958833,2.2204460492503132e-17,0.0008230452674897303,-0.0008230452674897082,0.0008230452674897082,-0.00987654320987653
72,72,0.897119341563786,0.8980191338176333,0.8961141060197664,0.9299940101826895,2.4412565243739266,1.242191152399111,1.295281251140954,1.3950796713833467,0.37228614439325436,0.09958847736625516,0.05185185185185187,0.035802469135802484,0.018518518518518545,0.009876543209876576,0.016460905349794275,0.009876543209876576,0.021399176954732525,0.002880658436214001,0.0069958847736625975,0.0008230452674897193,-0.0012345679012345512
73,73,0.8888888888888888,0.8883503548554613,0.8703703703703703,0.9565614997713763,2.3837575575546945,0.8687615970913863,1.3948154272747948,1.9083481665849646,-0.12617822250643548,0.07654320987654314,0.04650205761316868,0.03333333333333329,-0.006172839506172878,-0.007818930041152338,0.004526748971193384,-2.2204460492503132e-17,-0.005349794238683181,-0.00905349794238689,-0.0061728395061728895,-3.3306690738754695e-17,-0.015226337448559713
74,74,0.8847736625514403,0.8840841548512103,0.867026055705301,0.9390536088649297,2.964021518708796,0.8045142468093138,1.215383903203467,1.3595819027555873,0.3281664352441942,0.0790123456790123,0.02345679012345677,0.02139917695473248,-0.002880658436214023,-0.0037037037037036978,0.0020576131687242705,-0.008641975308642002,0.005349794238683092,0.007818930041152227,-0.0012345679012345733,-0.0024691358024691358,-0.009465020576131734
75,75,0.9300411522633745,0.9299348500008636,0.9202772307226178,0.9736403575215877,2.994277586820102,0.9235823177349588,1.1765222839521077,1.50873741145626,-0.02555887724364755,0.09382716049382714,0.020576131687242795,0.0316872427983539,0.009465020576131678,0.006584362139917666,0.015226337448559646,0.004938271604938249,0.009465020576131666,0.007407407407407385,0.004938271604938249,0.00987654320987651,0.003703703703703687
76,76,0.9053497942386831,0.9057812563629916,0.8976226993865031,0.9542177914110429,1.8766667912098438,0.7288147822873972,1.0037002304192162,1.843653911323462,1.009833896198106,0.10123456790123457,0.04650205761316871,0.02798353909465018,0.0008230452674897082,0.003292181069958833,0.0024691358024691245,0.0008230452674897082,0.005349794238683103,0.0028806584362139785,0.0012345679012345622,0.0016460905349794165,0.0004115226337448541
77,77,0.8765432098765432,0.8765432098765432,0.863544474393531,0.9379305181191974,2.9204809016231934,0.8990630309922274,1.1495093556162954,1.1242157483434077,0.6548217894614389,0.1288065843621399,0.010288065843621408,0.00781893004115226,-0.00781893004115225,-0.0024691358024691245,0.0028806584362139898,-0.006584362139917666,-0.0065843621399176875,-0.003703703703703687,-0.00493827160493826,-0.0028806584362139898,-0.007407407407407374
78,78,0.9300411522633745,0.9299348500008636,0.9202772307226178,0.9772761702772307,2.4571696090272694,1.3250945464577248,0.7886012702559224,1.5998692547186038,-0.15898403927602775,0.08353909465020574,0.0588477366255144,0.037037037037037035,0.00781893004115225,-0.0004115226337448541,0.0004115226337448541,-0.0016460905349794275,0.006584362139917676,0.009465020576131678,0.0012345679012345622,-0.0016460905349794165,0.006172839506172811
79,79,0.9218106995884774,0.9216805178016423,0.9092698363692497,0.960558814448904,2.8693724849217057,0.7836112702560842,0.6505293055060315,1.545261298514018,0.8204521267938841,0.1526748971193416,0.022222222222222254,0.03251028806584365,0.00452674897119344,0.005349794238683136,0.014403292181070004,0.006172839506172867,0.011111111111111172,0.009465020576131734,-0.0008230452674897082,0.009053497942386867,0.0016460905349794165
80,80,0.9176954732510288,0.9175206975859629,0.9108602150537635,0.9653763440860215,3.04201111930805,1.0486136802212929,0.761052883714267,1.1640424330412564,0.32334089006682515,0.13909465020576134,0.01975308641975314,0.030864197530864244,-0.002469135802469091,2.2204460492503132e-17,0.004526748971193484,-0.003703703703703665,-0.0057613168724279466,-0.0028806584362139676,-0.006584362139917666,-0.015637860082304465,0.005761316872428046
81,81,0.8888888888888888,0.8895495556229706,0.8718883065836882,0.9529970520799215,2.788355272542976,0.9194527233933091,1.1628372741211144,1.4461706801364569,0.1543576459155755,0.09259259259259253,0.018106995884773602,0.018930041152263332,0.009465020576131643,-0.00246913580246918,0.012345679012345633,0.004526748971193384,0.009465020576131643,-0.00534979423868317,-0.0012345679012345956,0.001646090534979383,-0.004938271604938327
82,82,0.9053497942386831,0.9052434938536239,0.8978817235396184,0.9680451127819548,2.9964929383484997,1.4369835692056692,0.9150289830087246,1.333068781126537,-0.4206748648549564,0.0736625514403292,0.03580246913580246,0.03580246913580247,-0.0016460905349794386,0.006995884773662531,0.0028806584362139785,-1.1102230246251566e-17,-2.2204460492503132e-17,-0.0008230452674897082,-0.003292181069958866,0.0028806584362139785,-0.003292181069958855
83,83,0.9053497942386831,0.9054680526491887,0.8983200707338639,0.9548334806955496,2.279465294657351,1.0012700540144734,0.3536796376640362,1.859452580638801,1.0698801262896367,0.13086419753086417,0.04238683127572015,0.02345679012345676,0.0008230452674897082,0.006995884773662519,0.008230452674897082,-0.00864197530864198,0.008641975308641947,0.0,-0.0024691358024691245,0.006172839506172811,0.0016460905349794165
84,84,0.934156378600823,0.934156378600823,0.9306011709267457,0.9558760531200914,3.0604589320136433,0.85373145061542,0.45640886781479995,1.545185557342446,0.4792419717910577,0.11851851851851851,0.04115226337448556,0.02798353909465018,0.02839506172839503,0.007818930041152227,0.013168724279835332,0.007407407407407374,0.011522633744855936,0.010699588477366217,0.0008230452674897082,0.008230452674897082,-0.0008230452674897082
85,85,0.9012345679012346,0.9012345679012346,0.8851244878663724,0.9650173337535455,2.912452908456218,1.521593103017529,0.7780494877865062,1.2270313104638222,-0.0420195866030034,0.11646090534979425,0.00987654320987653,0.013168724279835408,0.004115226337448552,-0.0008230452674897082,-0.0004115226337448541,-0.00493827160493826,-0.000411522633744843,-0.0020576131687242705,-0.0024691358024691245,0.006172839506172834,0.0
86,86,0.934156378600823,0.9338990526026071,0.9184791300175916,0.9623380777226932,2.975607949323717,0.8356390277148218,0.7125569630461227,1.1854490062422725,0.7247871198154998,0.07572016460905347,0.05226337448559668,0.0378600823045267,0.004938271604938249,0.004938271604938249,0.002057613168724259,-0.0057613168724280125,0.006172839506172811,-0.002880658436214023,0.0024691358024691245,0.0028806584362139676,0.007407407407407374
87,87,0.9094650205761317,0.9103294074579009,0.9058832733531528,0.9601783758410264,2.768699031081864,0.6068514897065481,0.9583732113696314,1.499876161431738,0.7168742459149962,0.09341563786008225,0.04238683127572013,0.013580246913580197,0.012757201646090488,0.004115226337448541,0.008641975308641936,0.014403292181069904,0.00905349794238679,0.007818930041152227,0.006584362139917666,0.0020576131687242705,0.0020576131687242705
88,88,0.9218106995884774,0.9221453374067686,0.9170580215118922,0.975609756097561,3.4926624269400675,0.8926720757389298,0.4799173695623911,1.3977127302997117,-0.038887294067225825,0.09094650205761319,0.030452674897119357,0.03456790123456793,0.018930041152263398,-0.003703703703703687,0.015226337448559701,0.0,3.3306690738754695e-17,0.004115226337448585,0.0,0.0020576131687242926,-0.000411522633744843
89,89,0.9094650205761317,0.9094650205761317,0.8954388984509466,0.9485995931779064,3.3660875529828784,1.1342640007422349,0.6453252940052514,0.9655535679230289,0.33794965937162974,0.13045267489711931,0.05720164609053496,0.03292181069958844,0.0020576131687242484,0.006172839506172811,0.008641975308641936,0.0024691358024691136,0.003703703703703687,-0.002469135802469158,-0.007407407407407451,0.010288065843621363,0.0012345679012345401
90,90,0.9053497942386831,0.9073555056605112,0.9073109243697479,0.9572268907563025,2.9555747014548897,1.2225258936816827,1.1319256556009567,1.5007429478143062,-0.2507230830165466,0.09958847736625515,0.05802469135802468,0.016872427983539086,0.01728395061728396,-0.0008230452674897082,0.011934156378600824,0.004526748971193395,0.01563786008230451,-0.005349794238683136,0.0016460905349794052,0.004526748971193417,-0.003703703703703709
91,91,0.9012345679012346,0.9001048979262487,0.886877667140825,0.9702702702702701,2.4375169400954313,0.7863415161440355,1.044615288891587,1.3890969545661784,0.8972867132629009,0.10987654320987654,0.015226337448559678,0.028395061728395066,0.013580246913580262,0.00493827160493826,-0.004115226337448541,0.0004115226337448541,0.009465020576131711,0.004526748971193428,-0.0016460905349794165,-0.0032921810699588438,-0.0020576131687242705
92,92,0.9012345679012346,0.9012345679012346,0.8834159603390372,0.9705741244202782,3.1605694042795798,1.0681620720814813,0.6366913499813862,1.5846161058709787,-0.24120552983021248,0.061728395061728426,0.0041152263374485635,0.010699588477366273,0.0020576131687242817,-0.006584362139917676,0.004115226337448552,-0.016872427983539096,-0.0037037037037036978,-0.006995884773662519,-0.015637860082304535,-0.004526748971193417,-0.011522633744855949
93,93,0.9053497942386831,0.906739047952602,0.8976848710990502,0.9674355495251017,3.168349509990111,0.8943001283005108,0.808686808603073,1.2269303174382975,0.256695815794892,0.10123456790123456,0.01975308641975306,0.023456790123456785,0.0016460905349794165,-0.012757201646090555,0.003703703703703687,-0.003292181069958833,-0.0008230452674897193,0.0032921810699588438,0.0012345679012345622,0.006584362139917666,-0.006995884773662531
94,94,0.8806584362139918,0.8816665323591866,0.878332092330603,0.9414743112434848,3.2705125978576435,0.8584455248028293,0.4142460885133155,1.3421243414197803,0.7347895939757862,0.11234567901234568,0.030864197530864203,0.026337448559670774,0.010288065843621385,-0.004526748971193406,0.0024691358024691358,-0.006172839506172856,0.0049382716049382715,-0.0008230452674897082,-0.009053497942386857,-0.0032921810699588438,-0.011111111111111117
95,95,0.9465020576131687,0.9470710873713146,0.9504662004662006,0.9759129759129759,3.131911720226765,1.0824186679991465,0.9349241606960493,1.4140156931496852,-0.26822786832115775,0.07572016460905352,0.03292181069958851,0.04979423868312759,0.016049382716049432,0.0016460905349794386,0.008641975308642014,-0.0008230452674897082,0.006995884773662575,0.010288065843621453,-0.003703703703703687,0.009465020576131734,0.003292181069958833
96,96,0.9094650205761317,0.9094650205761317,0.8931312969774508,0.9429873660642891,2.7449081554243118,1.003344678077109,1.0647835503160343,1.4871176770754835,0.14532808142230136,0.05843621399176953,0.03209876543209874,0.043209876543209846,0.025102880658436178,0.011522633744855936,0.0016460905349794165,-0.0012345679012345733,-0.0016460905349794607,-0.00905349794238689,-0.0008230452674897193,-0.0004115226337448652,-1.1102230246251566e-17
97,97,0.9012345679012346,0.9010086339062373,0.8923872180451128,0.9550318102949683,2.412431329410579,1.5327234288828906,1.0982583756572741,1.783277946715377,-0.20321337964205008,0.07407407407407408,0.028395061728395066,0.03333333333333334,0.016049382716049398,-0.0020576131687242705,0.0008230452674897082,-0.004526748971193395,0.0008230452674897193,-0.005349794238683103,-0.01069958847736623,0.0016460905349794165,-0.00987654320987651
98,98,0.9135802469135802,0.9131355570234172,0.8966116085211484,0.9685087990120408,3.141496703037496,1.1926594222273477,0.7630649188709203,0.948583049316848,0.5426966942398412,0.1432098765432098,0.049382716049382644,0.027572016460905326,0.01481481481481477,0.004115226337448518,0.0016460905349793941,-0.0004115226337449096,0.005761316872427935,0.009465020576131633,-0.0012345679012345956,0.008641975308641936,0.004526748971193384
99,99,0.8683127572016461,0.8683127572016461,0.8552494415487715,0.9375279225614297,3.3209558044251177,1.046667675019518,1.0474778549264496,1.155941053956148,0.10364456214546391,0.07901234567901239,0.007407407407407462,0.03168724279835396,0.008641975308642025,-0.006584362139917655,-0.0020576131687242262,0.002057613168724326,0.0004115226337449096,0.003703703703703776,-0.0028806584362139564,-0.0037037037037036757,-0.009465020576131643
100,100,0.9012345679012346,0.9014523488207697,0.8964052287581699,0.9599128540305011,2.5659559759737447,1.2996711644035965,0.3131437539052971,1.9477441310427996,0.27646630902798197,0.09300411522633745,0.05761316872427984,0.03292181069958848,0.01728395061728396,0.005349794238683115,0.016460905349794264,0.0037037037037036978,0.0020576131687242705,0.009876543209876543,0.004115226337448541,0.0065843621399176875,0.0
101,101,0.9012345679012346,0.9024918579110808,0.8994642294358651,0.9572959344468956,3.204792158294042,1.1989171477622016,0.7012227867666867,0.8500925253153557,0.5927494849602583,0.14238683127572016,0.04814814814814815,0.04320987654320989,0.004526748971193406,0.0028806584362139898,0.006995884773662553,0.0008230452674897082,0.0028806584362139898,0.005349794238683125,-0.004526748971193395,0.006172839506172834,-0.009465020576131656
102,102,0.9094650205761317,0.9100067766263122,0.903872699386503,0.9507668711656442,2.7976829774318497,0.8358281013902396,0.9338555015722391,1.2783305950826553,0.6223762719519348,0.11604938271604937,0.020164609053497883,0.02263374485596703,0.0057613168724279466,-0.005761316872427991,0.005349794238683103,-0.0016460905349794386,0.005349794238683103,-0.01028806584362144,-0.00452674897119344,0.0012345679012345512,0.003292181069958833
103,103,0.9094650205761317,0.9101141446801005,0.9007276507276507,0.9544218774988006,3.217614643945065,1.2437178471728467,0.65393997183066,1.48295540298506,-0.22913042073814174,0.07860082304526747,0.03703703703703699,0.02921810699588474,0.02057613168724277,0.006584362139917655,0.004115226337448541,0.0008230452674897082,0.0065843621399176875,0.0012345679012345622,0.0020576131687242705,0.006584362139917666,0.004115226337448541
104,104,0.8930041152263375,0.8935667509705925,0.8873539982030548,0.9514824797843665,3.1187160881161304,1.0330895772112276,0.7860226435220844,0.8631406995733435,0.7268135017200668,0.11234567901234574,0.037448559670781936,0.03786008230452679,0.0004115226337448985,-0.004115226337448518,0.009465020576131744,-0.0057613168724279466,0.0008230452674897415,-0.00041152263374480966,-0.004115226337448541,0.0004115226337448985,-0.0032921810699588104
105,105,0.8806584362139918,0.8799882816125306,0.8686021505376345,0.9458064516129031,1.8575573313347216,1.2010048295476912,0.9138823502026951,1.4204937629224688,1.185418628140412,0.11275720164609053,0.005349794238683125,0.012345679012345668,0.0028806584362139898,-0.004526748971193428,-0.006995884773662553,-0.006584362139917699,0.0016460905349794275,-0.005349794238683125,-0.009053497942386824,-0.00864197530864197,-0.016049382716049408
106,106,0.8806584362139918,0.8805436295148228,0.87375533428165,0.9556899004267425,2.902693040101935,1.2173124790205263,0.7553097642972637,1.2051581529936837,0.44716657131408943,0.07983539094650202,0.01851851851851851,0.01275720164609052,0.009465020576131678,0.0024691358024691245,-0.0008230452674897082,0.0016460905349794165,0.004938271604938249,-0.003703703703703709,0.003703703703703687,-0.0016460905349794165,0.0008230452674897082
107,107,0.8806584362139918,0.8818502165142218,0.8760352760736196,0.945398773006135,3.383048445225261,0.7937625226812127,0.7061703113515012,1.4623353054151942,0.30610179259151044,0.12181069958847734,0.025514403292181076,0.021810699588477356,0.006995884773662531,0.0020576131687242705,0.0016460905349794165,-0.0012345679012345733,0.005349794238683125,0.006172839506172823,-0.0049382716049382715,0.006172839506172811,-0.0020576131687242817
108,108,0.9176954732510288,0.9172029677508645,0.9034141958670261,0.9777628032345014,4.02234394172994,0.5588140892554586,0.7648226116465573,0.9889051782679172,0.1246902072769267,0.058024691358024724,0.01399176954732515,0.005761316872428024,-0.010699588477366195,-0.0016460905349793941,0.0061728395061729,-0.007818930041152227,-0.0024691358024691024,-0.002057613168724237,-0.005349794238683092,0.0008230452674897526,-0.006584362139917666
109,109,0.9094650205761317,0.9099097305190496,0.9062731447193009,0.9530439934824471,3.4284578054707757,0.8350515773985445,0.9514083612483202,1.2207923961820812,0.2790405266454663,0.07777777777777775,0.03333333333333329,0.03786008230452671,0.011111111111111072,0.0024691358024691024,0.023868312757201627,-0.005349794238683148,0.024691358024691346,0.005349794238683103,0.0016460905349794165,0.004115226337448541,-0.002880658436214001
110,110,0.9135802469135802,0.9143888527904123,0.9138388123011665,0.957809422814725,2.718361701928657,0.830346636286051,0.7707966961247604,1.2229962692447043,1.079881375149013,0.14814814814814808,0.049794238683127524,0.033333333333333284,0.003703703703703665,-0.0008230452674897526,0.00987654320987651,-3.3306690738754695e-17,0.004526748971193373,0.0061728395061728,-0.009465020576131754,0.005349794238683092,0.0037037037037036757
111,111,0.9012345679012346,0.9015208984084487,0.8925541584608392,0.9387214058475988,3.5150592142191623,1.1908251493564872,0.9776442841224697,1.5046832104247727,-0.5481780796823469,0.1049382716049383,0.029218106995884775,0.0522633744855967,0.012345679012345689,0.010699588477366262,0.008641975308641992,0.00493827160493826,0.018518518518518545,0.011111111111111117,0.009876543209876543,0.010699588477366262,0.004115226337448552
112,112,0.9135802469135802,0.9132783053891395,0.9044606709080394,0.9639965297860035,3.8175728246016694,0.6590227386902621,0.5382886445424643,1.2038669613569082,0.21557061408788147,0.12921810699588474,0.0275720164609053,0.032921810699588425,0.0057613168724279466,0.0020576131687242484,0.015637860082304465,-0.0032921810699588884,0.00905349794238679,0.003703703703703665,-4.4408920985006264e-17,0.012345679012345623,0.007818930041152227
113,113,0.8930041152263375,0.8946920224591022,0.8979677914110429,0.9650306748466257,3.618973424526633,0.7267722606069248,0.6692695793122146,1.004460563199402,0.44812653588516244,0.11111111111111116,0.06008230452674901,0.018930041152263422,0.007818930041152316,-0.010288065843621352,0.004115226337448608,-0.007818930041152217,0.0037037037037037646,-0.0032921810699587995,-0.012757201646090477,-0.0024691358024691024,-0.00905349794238679
114,114,0.8888888888888888,0.8884724136171082,0.8767692981176127,0.9541806508098643,3.108014732788575,0.7001678790646751,0.6871739588238372,1.7779906844172284,0.42204901968908015,0.08724279835390943,0.01687242798353905,0.01193415637860078,-0.00534979423868317,-0.0016460905349794496,-0.0012345679012345956,-0.0037037037037037646,-0.0020576131687243373,-0.006584362139917732,-0.0032921810699588884,-0.0004115226337448985,0.0004115226337448208
115,115,0.9053497942386831,0.9061214225789206,0.9057176714560806,0.9461561250185159,3.451077577813862,0.9255823518987942,1.082320867863746,1.539363859318302,-0.1972536268127713,0.10781893004115224,0.03950617283950615,0.030452674897119315,0.016049382716049387,0.0008230452674897082,0.006995884773662542,0.0,0.008641975308641959,-0.006995884773662553,-0.0049382716049382715,0.01069958847736623,0.0016460905349794165
116,116,0.9053497942386831,0.9046081490525935,0.8875376506024096,0.9550451807228916,3.3230581310194727,0.7230815871334261,0.6871473916035329,1.2695378021183927,0.4702658866289873,0.14156378600823044,0.023868312757201627,0.030864197530864203,0.010288065843621385,0.01440329218106996,0.02716049382716048,0.005761316872427957,0.015226337448559646,0.005761316872427957,0.0065843621399176875,0.009876543209876553,0.004938271604938249
117,117,0.9259259259259259,0.9262072723611184,0.9157937147461724,0.9719580983078162,3.1462217727261557,0.8101570122681429,0.614786928475013,1.522217624499309,0.18521293638241776,0.12757201646090538,0.05185185185185186,0.03662551440329218,0.006995884773662542,0.004115226337448541,0.0074074074074073955,0.004526748971193406,0.008230452674897104,0.00781893004115225,0.006172839506172823,0.0028806584362139898,0.0032921810699588438
118,118,0.9012345679012346,0.9015393994817863,0.8913726993865031,0.9526073619631901,2.6014756483619057,0.9760775772438307,0.9921497124222793,1.585735741670466,0.4057638244556626,0.10823045267489713,0.03744855967078189,0.03539094650205763,0.01728395061728396,0.0057613168724279795,0.011934156378600813,0.003703703703703709,0.022222222222222233,0.008230452674897137,-0.0024691358024691245,0.009465020576131678,0.003292181069958833
119,119,0.9135802469135802,0.9140834827876482,0.9123563218390804,0.9819481284998527,2.4043849961379022,0.9494906203122047,0.517407029086679,1.3629090598682128,1.0065209726960929,0.11893004115226333,0.03497942386831271,0.020164609053497907,0.012345679012345633,0.004526748971193395,0.012757201646090477,0.00411522633744853,0.007818930041152227,0.007818930041152227,0.009465020576131643,-0.0004115226337448985,0.000411522633744843
120,120,0.934156378600823,0.9348958622194122,0.9381901840490797,0.9798312883435583,2.3881984927020588,1.0821942178197652,0.7451755579141851,2.108154323736631,-0.07229840892963495,0.11522633744855963,0.02798353909465019,0.04238683127572014,0.013580246913580207,-1.1102230246251566e-17,0.006172839506172823,-0.009465020576131734,-1.1102230246251566e-17,0.007407407407407385,-0.0012345679012345733,0.0016460905349794052,-0.0016460905349794275
121,121,0.9094650205761317,0.9091680356559777,0.8943251533742331,0.9585122699386502,3.0979332037500886,0.9519053946660561,0.7028047534083823,1.8240515539201052,-0.04025782089822964,0.1201646090534979,0.038271604938271586,0.030864197530864168,0.0032921810699588104,0.007407407407407374,0.007818930041152227,0.006584362139917666,0.010288065843621363,-0.0016460905349794496,0.004526748971193395,0.0008230452674896971,0.005349794238683103
122,122,0.8806584362139918,0.8797517404455174,0.8610736747529201,0.9562743336328243,3.2222851268354273,1.2982265672397313,0.855634692824479,1.2799052691878539,-0.14346284921792263,0.09259259259259259,0.014814814814814791,0.007407407407407418,0.005349794238683115,0.004938271604938249,-0.0032921810699588438,0.004526748971193395,-0.004115226337448541,-0.0024691358024691358,-0.0016460905349794275,-0.0028806584362139785,-0.010288065843621385
123,123,0.9053497942386831,0.9059208831879313,0.9030884313435047,0.9571915271811584,2.8779053504841827,1.2955368416972053,0.8078234639802843,1.1266348573642473,0.07384085028222083,0.11769547325102878,0.01069958847736624,0.03168724279835389,0.007407407407407385,-0.003703703703703687,-0.006172839506172834,-0.009465020576131689,-0.004526748971193417,-0.004115226337448552,-0.00781893004115226,-0.0049382716049382715,-0.008641975308641992
124,124,0.8888888888888888,0.8893644268411974,0.8802454173610059,0.9531131646720195,2.8863364876547397,0.9298877776414975,1.5204944221169152,1.6086478574602874,-0.3597540928961711,0.1415637860082304,0.001234567901234529,0.01687242798353906,0.008641975308641924,0.001234567901234529,0.013580246913580197,0.002057613168724259,0.0028806584362139564,0.0032921810699588104,0.006172839506172789,-0.001646090534979483,-5.551115123125783e-17
125,125,0.9094650205761317,0.9105767954334263,0.9138554216867469,0.9581325301204819,2.1395256577375434,0.9463912554970317,0.5242794343479984,1.69864474091668,1.2658392031400436,0.1567901234567901,0.049794238683127545,0.016049382716049367,0.0037037037037036757,-0.004115226337448574,0.011934156378600801,0.003292181069958833,0.012757201646090477,-2.2204460492503132e-17,0.0012345679012345401,-0.0008230452674897082,-0.004115226337448574
126,126,0.9259259259259259,0.9260953764221739,0.9225886473077485,0.9681161535094119,3.1693583469395596,0.4195712730808095,0.8323499641766268,1.8971763456421864,0.032267519368836754,0.07448559670781894,0.025102880658436223,0.03662551440329219,0.014403292181069982,-0.004115226337448541,0.020164609053497963,-0.006584362139917666,0.014814814814814836,-0.004526748971193395,0.0,0.0024691358024691245,-0.0008230452674897082
127,127,0.897119341563786,0.8979281488414115,0.8969938107869142,0.9451075744179193,2.990164568750821,1.0051349736670754,1.0919569684822834,1.2209421874445958,0.19103128802794186,0.06090534979423869,0.05596707818930043,0.03251028806584363,0.020987654320987682,0.003703703703703709,0.004938271604938293,0.005349794238683136,0.00452674897119344,2.2204460492503132e-17,0.002469135802469158,0.0032921810699588438,-0.004938271604938249
128,128,0.8847736625514403,0.8845474220630899,0.8771337126600285,0.9485775248933144,3.391128557075804,1.0656521753039367,0.8545652475639747,1.4893615458244194,-0.22953402438511625,0.07366255144032918,0.024691358024691336,0.02633744855967076,0.020164609053497918,-0.008641975308642025,-0.00823045267489716,-0.006995884773662586,-0.006172839506172878,-0.007818930041152283,-0.004938271604938293,-0.002880658436214023,0.0024691358024691245
129,129,0.8847736625514403,0.8854849362393945,0.8752701451065144,0.9448132139549243,3.0648672466650018,1.2862125422199306,0.9112535925952572,1.8262541108922632,-0.579020959670502,0.03744855967078188,0.02469135802469131,0.023868312757201637,-0.003292181069958877,0.0028806584362139785,0.0028806584362139785,0.0004115226337448319,0.006584362139917655,-0.0020576131687242926,-0.0024691358024691466,0.0024691358024691136,0.0028806584362139785
130,130,0.9094650205761317,0.9106185399655662,0.9167901051696046,0.968226929343801,2.775325958473189,1.1989498473587998,0.9877212060331043,0.7736280010575572,0.5168709122596081,0.12057613168724277,0.04032921810699586,0.04074074074074071,0.00905349794238679,0.004938271604938249,0.008230452674897082,0.004938271604938249,0.009465020576131656,0.005761316872427957,0.004526748971193395,0.007818930041152227,-0.0012345679012345846
131,131,0.897119341563786,0.8975183320949428,0.8909903201787044,0.9562918838421445,3.0663347597561352,0.415964497108647,0.949355300801239,1.6202483512259493,0.6421626235050376,0.061728395061728426,0.02962962962962965,0.0218106995884774,-0.013580246913580197,-0.007407407407407374,-0.007818930041152227,0.0016460905349794165,0.0020576131687242926,-0.006584362139917666,-0.004115226337448541,-0.0024691358024691245,-0.004115226337448541
132,132,0.9300411522633745,0.9301441786038532,0.9232692016361157,0.9660657476139979,2.6555399435455316,1.1182201269767635,1.7690217218185686,0.9281098393211294,-0.2333686349673368,0.06337448559670779,0.030452674897119347,0.03497942386831273,0.011522633744855959,0.0028806584362139785,0.01069958847736624,-0.0012345679012345622,0.006172839506172834,0.0065843621399176875,0.005761316872427957,0.01358024691358024,0.004115226337448541
133,133,0.9218106995884774,0.9218985129500481,0.9173202614379086,0.9684095860566448,2.50389354000241,1.1426665116357824,1.239713861547503,2.1119029934977678,-0.675246980438984,0.07818930041152265,0.032098765432098775,0.031275720164609076,0.008230452674897148,0.009876543209876599,0.022222222222222244,0.01028806584362143,0.017283950617283973,0.01028806584362143,0.009876543209876586,0.007818930041152283,0.002880658436214023
134,134,0.8888888888888888,0.8890277139794825,0.8804155614500442,0.9549808429118773,3.074693599934751,1.0450825646252586,0.5536772216630088,1.0989508445204725,0.9836044117705699,0.15925925925925916,0.05102880658436208,0.027160493827160438,0.013168724279835332,-0.0041152263374485964,0.013580246913580184,0.006172839506172811,0.015637860082304455,0.000823045267489686,0.008641975308641936,0.008230452674897082,-0.009465020576131744
135,135,0.8930041152263375,0.8942846295267645,0.8907925407925408,0.9437451437451437,3.0303370514728676,0.9269571323664181,1.140743409418599,1.2392670957869518,0.3965259957057077,0.08806584362139921,0.06008230452674902,0.032921810699588536,0.01111111111111116,0.0032921810699588993,0.009465020576131754,0.006995884773662619,0.017283950617283994,0.009876543209876609,0.0020576131687243147,0.004115226337448619,0.002880658436214023
136,136,0.897119341563786,0.8969630147071525,0.8834646265717315,0.9600060596879261,3.382018181029817,0.9292358786759753,0.2667309146403379,1.1976208597018474,0.7566794009898943,0.13004115226337448,0.03415637860082306,0.014814814814814836,0.004115226337448585,-0.006172839506172811,0.008641975308642025,-0.0004115226337448319,-0.0008230452674896748,-0.004526748971193395,-0.0008230452674897082,-0.003703703703703687,0.0016460905349794275
137,137,0.9423868312757202,0.9423868312757202,0.9379468845760981,0.9835108711513205,3.0608217050425033,1.050262530678311,0.9805173049527478,1.0081493531170207,0.10335599338427999,0.0843621399176955,0.04279835390946507,0.03209876543209881,0.009465020576131734,0.004526748971193484,0.013168724279835443,-0.008230452674897092,0.006584362139917743,0.0008230452674897526,-0.0012345679012345401,0.004938271604938316,0.0008230452674897526
138,138,0.897119341563786,0.8980503194698183,0.8957831325301204,0.946234939759036,3.3376791156648857,0.8214046790468015,1.0875139608127595,0.8356356873089348,0.36528705751830176,0.08683127572016464,0.048148148148148176,0.03456790123456795,0.016049382716049422,0.0024691358024691466,0.015226337448559713,0.006172839506172878,0.024691358024691377,0.0020576131687242926,0.008641975308642025,0.00905349794238688,-0.0008230452674896971
139,139,0.9135802469135802,0.9146488536466749,0.9108783239323126,0.9700241740531829,3.108223535123051,1.3055398229136104,1.3091070851489335,1.1161515130396031,-0.3472249340570297,0.13209876543209872,0.023045267489711883,0.00905349794238679,0.0037037037037036757,0.0028806584362139455,0.012757201646090488,-0.0028806584362140565,0.0016460905349793941,-0.0016460905349794607,-0.005761316872428058,0.001234567901234529,-0.0004115226337448985
140,140,0.9094650205761317,0.9090356630930913,0.8989661654135338,0.9613215731636784,2.9895806217461676,0.770692292063819,0.7121784170009459,1.459740058840024,0.47043884953787346,0.12510288065843617,0.037037037037037014,0.040329218106995836,0.007407407407407385,0.011522633744855926,0.01769547325102877,0.009465020576131656,0.018106995884773637,0.010699588477366217,0.0012345679012345512,0.009053497942386801,0.005761316872427957
141,141,0.897119341563786,0.8980819676076335,0.8954325102257235,0.9703832752613241,2.603444315978792,1.3066743907447393,0.4811841200895674,1.4233502055970428,0.5113149099601513,0.14691358024691362,0.04567901234567904,0.03292181069958851,0.025925925925925943,0.004115226337448574,0.010699588477366285,0.0016460905349794386,0.011934156378600857,0.005761316872427991,0.0020576131687242926,0.004115226337448585,-0.0028806584362139785
142,142,0.9053497942386831,0.9051922057598829,0.8905140475455388,0.9656529793146033,2.841945108548888,1.1288744358827014,0.8696830221756359,1.5668609786898853,-0.16520527768052912,0.06584362139917693,0.02139917695473247,0.02427983539094647,0.01069958847736624,-0.005349794238683125,-0.0028806584362139785,-0.003292181069958833,0.0012345679012345512,-0.005349794238683125,-0.003703703703703709,0.0020576131687242705,-0.007818930041152273
143,143,0.897119341563786,0.8971986010838812,0.8942550505050505,0.9520903479236813,2.6622996625998088,1.0940544858462196,0.7863245284248974,1.0134015243307848,0.8204681303526858,0.10576131687242803,0.048559670781893015,0.018518518518518566,0.0016460905349794386,-0.00411522633744853,0.008641975308642014,-0.006172839506172811,-0.002057613168724259,-0.006584362139917666,-0.0037037037037036757,-0.0024691358024691245,-0.015226337448559623
144,144,0.9094650205761317,0.908204245553643,0.8858024691358024,0.9778235025148605,2.887325008725371,1.26614491521058,0.8324776261209942,1.4863028994132983,-0.33399614255113286,0.07448559670781893,0.02057613168724276,0.012345679012345656,0.015226337448559635,0.003292181069958833,-0.003292181069958877,-0.008641975308641992,-0.0008230452674897415,-3.3306690738754695e-17,-0.006584362139917732,-0.011522633744856015,-0.007407407407407429
145,145,0.9176954732510288,0.91826501453202,0.9210752688172043,0.9627240143369176,3.030783302744657,0.7090010484764219,0.7072746351221441,1.381971328407517,0.7454553655607975,0.1300411522633745,0.023456790123456816,0.03127572016460909,0.023045267489711963,0.001646090534979483,0.01316872427983543,0.005761316872428035,0.004526748971193451,0.004938271604938316,-0.005349794238683092,-0.0008230452674896638,-0.013991769547325039
146,146,0.9300411522633745,0.9306530109959905,0.9325022461814915,0.9668313866427074,2.796965770473133,0.9923699776191934,0.48901626908915324,2.0199073994337553,0.1987377150960497,0.14897119341563783,0.041152263374485576,0.04362139917695471,0.03086419753086418,0.011111111111111082,0.003292181069958833,0.011934156378600801,0.018930041152263367,0.015226337448559646,0.007407407407407374,0.00987654320987652,0.005349794238683103
147,147,0.9176954732510288,0.9187043674498871,0.9257294429708223,0.9622752726201003,2.7479405623998274,0.8351587060786357,0.6069524521788066,1.6920555475774917,0.4734918728474222,0.12016460905349799,0.04650205761316876,0.039094650205761375,0.0032921810699589106,0.0020576131687243147,0.014814814814814859,0.0004115226337448652,0.006584362139917754,0.013168724279835453,-0.0008230452674897082,0.014403292181070004,0.005349794238683214
148,148,0.8641975308641975,0.8649883300948756,0.8586427939876216,0.9459180666077218,2.9848638066844955,1.2431920338870253,0.9544252324630091,1.3265012009658326,0.0017184492715023557,0.11604938271604934,0.021810699588477322,0.01975308641975305,0.011522633744855914,-0.002057613168724326,0.01893004115226332,-0.0008230452674897637,-6.661338147750939e-17,-0.008641975308642035,-0.005349794238683181,0.012345679012345645,-0.0024691358024691913
149,149,0.9465020576131687,0.9461204530835385,0.9349355651014665,0.9805214042364094,3.3623026448852,0.8349303818931908,1.1637186745560115,1.066740044396285,-0.08181426185718477,0.10617283950617287,0.032098765432098796,0.031275720164609076,0.015226337448559713,0.01028806584362144,0.015637860082304555,0.004526748971193428,0.011522633744856015,0.0008230452674897303,0.005349794238683159,0.003292181069958866,0.005349794238683159
150,150,0.9259259259259259,0.9266548889117583,0.9245981720768988,0.9590293098014496,3.291205782531964,1.4771268370017343,1.1285844342459361,1.333695979895051,-0.8311689467930797,0.14074074074074075,0.05226337448559672,0.03909465020576132,0.024279835390946504,0.0012345679012345846,0.004526748971193417,0.006995884773662564,0.011111111111111105,0.012345679012345678,0.006172839506172844,0.015226337448559701,-0.0020576131687242705
151,151,0.9053497942386831,0.9061214225789206,0.9057176714560806,0.9562287068582432,2.5957869232951314,1.044260180648136,0.9261199655827143,1.4773580886139857,0.6693905902946563,0.14156378600823044,0.04074074074074073,0.025925925925925918,0.0020576131687242817,0.004526748971193395,0.011111111111111105,0.00493827160493826,0.006584362139917666,0.007407407407407374,-0.003703703703703687,-0.0012345679012345622,0.0020576131687242705
152,152,0.897119341563786,0.8972661125367208,0.8870858433734939,0.9387048192771085,3.0146727724487232,1.0773000949221685,1.177034599538499,0.9612824954641747,0.7101642157339938,0.1320987654320988,0.05185185185185189,0.04444444444444447,0.018518518518518545,0.010288065843621453,0.012757201646090576,0.01028806584362143,0.018106995884773693,0.004526748971193451,0.003703703703703731,0.0049382716049383045,0.003292181069958866
153,153,0.8930041152263375,0.8941293867148472,0.8923269201636116,0.9611422511740645,2.5892375598586885,1.2765206892198497,1.2289842568844382,1.2396286316048144,0.21610126102403224,0.07407407407407411,0.029629629629629683,0.013580246913580295,0.007407407407407451,-0.00411522633744853,-0.008230452674897071,-0.0012345679012345178,-0.00041152263374480966,0.005761316872428035,-0.0016460905349794052,-0.0061728395061728,-0.011934156378600768
154,154,0.9135802469135802,0.9145857030520952,0.9168307832146645,0.9679594000908953,2.7310647528062364,1.0048799295622899,0.6389940155610769,1.5358674564879091,0.47143340501456926,0.12798353909465016,0.052674897119341514,0.030041152263374428,0.012345679012345633,0.002469135802469091,0.001234567901234529,-0.0004115226337448874,0.008641975308641936,0.00411522633744853,0.001234567901234529,-0.0004115226337449207,-0.0012345679012346288
155,155,0.9135802469135802,0.9122063239710299,0.8888888888888888,0.9549611339734796,2.684341298550206,1.4362867169260662,0.6777138350987116,1.3087517458585747,0.5125834970673282,0.10493827160493822,0.01975308641975302,0.017283950617283893,0.004115226337448518,0.0028806584362139676,0.005349794238683103,0.0032921810699588104,0.005761316872427935,-0.0004115226337448985,-5.551115123125783e-17,0.003703703703703665,-0.005761316872428024
156,156,0.8477366255144033,0.8486553338240634,0.8400977632943267,0.9226781217597393,2.876082753351349,1.4824187380663247,1.036707741291688,1.4687937970610967,-0.13889693796297056,0.1094650205761317,0.038683127572016474,0.01316872427983543,0.026337448559670806,0.005349794238683148,0.019753086419753107,0.014403292181069982,0.012757201646090566,0.021810699588477388,0.007407407407407429,0.006995884773662575,-0.004938271604938249
157,157,0.9012345679012346,0.9015784156346406,0.8887094232587457,0.9578474629687992,3.4996284100960455,0.678790084478727,1.2497149455649041,1.1272780086653338,0.06203059608905185,0.13950617283950617,0.01316872427983542,0.028806584362139932,0.013991769547325117,0.0020576131687242705,0.008230452674897127,-0.0028806584362139785,0.01152263374485597,-0.003292181069958833,-0.0028806584362139785,0.004526748971193417,-0.0020576131687242705
158,158,0.9382716049382716,0.9389697046112333,0.9407500787897889,0.9691931925622439,3.1405354935543626,0.7428793661190406,0.593747708506142,1.2452656796035708,0.817004942122581,0.13909465020576123,0.044444444444444384,0.03950617283950614,0.02427983539094647,0.006584362139917655,0.011522633744855926,0.009053497942386779,0.01193415637860078,0.0032921810699588104,-0.004115226337448608,0.008230452674897082,-0.004938271604938316
159,159,0.8847736625514403,0.8838341775216104,0.867925219941349,0.9420087976539591,2.1691715254599897,1.15470755564387,1.0923135569859082,1.8780206337449807,0.2270852288044201,0.13086419753086415,0.018930041152263342,0.047736625514403275,0.009465020576131656,-0.003292181069958877,0.0028806584362139676,0.0024691358024691136,0.00781893004115224,0.0012345679012345401,-0.00452674897119344,-0.004526748971193428,-0.0012345679012345733
160,160,0.897119341563786,0.8983545912586833,0.8918519110826804,0.9546617623540701,3.221275885048475,0.22580393682027017,0.4675360805885293,2.229383943021592,0.5015998922996705,0.09012345679012349,0.04197530864197534,0.021399176954732525,0.026748971193415672,0.01028806584362144,0.021810699588477377,-0.0012345679012345512,0.012345679012345711,0.006995884773662575,0.0012345679012345956,0.003292181069958877,0.005761316872428002
161,161,0.8806584362139918,0.8810605289748684,0.8750182401867794,0.9453524004085802,2.808209826061511,1.0762707729169267,1.2556622823167785,0.9922714816673702,0.3800124945043386,0.12098765432098765,0.04362139917695471,0.03374485596707818,0.016872427983539086,-0.0008230452674897193,0.006172839506172823,0.0024691358024691245,0.0016460905349794165,0.007818930041152227,0.009053497942386801,0.0016460905349794165,0.0024691358024691245
162,162,0.9259259259259259,0.9261078527207559,0.921971706454465,0.9710433244916004,3.013891188389898,0.8042985197413763,1.1247084983982756,0.9642757005646883,0.6385705461974434,0.11522633744855967,0.03662551440329217,0.04156378600823046,0.0020576131687242926,0.0024691358024691358,0.015637860082304545,-0.004115226337448541,0.005349794238683125,0.004115226337448552,0.0028806584362139898,-0.0016460905349794165,-0.0008230452674897082
163,163,0.9094650205761317,0.9103294074579009,0.9058832733531528,0.9572836801752465,3.238578483782184,0.9078306587736167,1.301497108291071,0.9185905805526657,0.37757275205926677,0.13827160493827156,0.035390946502057596,0.034156378600823024,0.013991769547325072,0.006172839506172811,0.006584362139917666,0.006995884773662519,0.014403292181069926,0.008641975308641936,-0.0037037037037037203,0.005349794238683103,-1.1102230246251566e-17
164,164,0.9135802469135802,0.9139501097653757,0.9078548704741706,0.9699287986668687,2.947318337900775,0.5565979243161364,0.9627334166559094,1.7998835773063513,0.45711280167892304,0.09341563786008225,0.03209876543209873,0.026748971193415582,0.02139917695473246,0.004938271604938238,0.007407407407407374,0.0032921810699588216,0.018106995884773613,0.0061728395061728,0.011934156378600768,0.006172839506172811,0.00411522633744853
165,165,0.9176954732510288,0.9183418746463156,0.9209150326797386,0.9572258533042847,3.670435314586913,0.3699125113138444,0.5280153323260781,1.2509509565071055,0.6850919922340504,0.11275720164609057,0.03744855967078192,0.035802469135802525,0.01399176954732515,0.004115226337448619,0.015226337448559713,-0.003703703703703687,0.01193415637860088,3.3306690738754695e-17,0.006995884773662619,0.004115226337448608,-0.007818930041152227
166,166,0.8806584362139918,0.8814826644371793,0.8740342372367823,0.9429631873958492,2.797051478764959,0.8468161346892463,0.6540189229802975,2.0002557553788205,0.16707204352463095,0.0839506172839506,0.030452674897119315,0.016872427983539096,0.0065843621399176875,0.0016460905349794165,-0.0008230452674897193,-0.0012345679012345733,0.0041152263374485635,0.0020576131687242705,-0.0057613168724279795,-0.0016460905349794165,-0.006995884773662564
167,167,0.9094650205761317,0.9106175364184907,0.9090371887803341,0.9569807752915223,3.0490613746435917,0.8001176100050156,0.6771415287626065,1.1686648576211336,0.774058002613293,0.11810699588477362,0.025514403292181055,0.03209876543209874,0.003703703703703687,-1.1102230246251566e-17,0.0024691358024691245,0.0,0.005761316872427957,0.0016460905349794165,-0.006584362139917732,-0.0020576131687243147,-0.007818930041152328
168,168,0.9300411522633745,0.9303914907779642,0.9308487565066512,0.9676113360323886,2.7604825844366503,0.9627095114650783,0.7711484368264384,1.6531786853515127,0.2973132450018779,0.09465020576131686,0.0588477366255144,0.048559670781892994,0.027983539094650213,0.0028806584362139785,0.008230452674897104,0.003292181069958833,0.014814814814814814,0.015226337448559646,0.004938271604938249,0.0020576131687242705,0.0028806584362139785
169,169,0.9423868312757202,0.942273711031545,0.937624466571835,0.9768136557610242,2.6606476552353895,0.6815342885488362,0.42166226798432094,1.7520583696679926,0.6937666603839101,0.07242798353909469,0.04362139917695477,0.04567901234567906,0.023868312757201682,0.006995884773662619,0.012345679012345734,0.013168724279835443,0.019341563786008275,0.008230452674897182,0.015637860082304566,0.006584362139917766,0.005349794238683192
170,170,0.9012345679012346,0.9012345679012346,0.8931085043988269,0.9471407624633431,2.7834861467399548,1.2948467962813839,1.2379705935044658,0.9913724732192932,0.2141253030354886,0.08024691358024692,0.03539094650205763,0.03292181069958847,0.01440329218106996,0.007818930041152273,0.016872427983539096,0.005761316872427968,0.016049382716049398,0.007407407407407407,0.00781893004115225,0.0016460905349794275,0.009465020576131699
171,171,0.9465020576131687,0.9467095326893702,0.9452717795979151,0.9734921816827996,3.257784413226542,1.0726783528547332,1.018901150313341,1.0578201432524428,-0.05693047549637435,0.08024691358024691,0.032921810699588494,0.034979423868312765,0.013580246913580285,0.004938271604938283,0.01399176954732514,0.0049382716049383045,0.016872427983539127,0.005349794238683159,0.00452674897119344,0.007818930041152305,0.0037037037037037203
172,172,0.9053497942386831,0.9045380587248933,0.8848926380368098,0.961196319018405,2.721552599991378,0.6282464760559838,0.8491251735777322,1.451080903852509,0.8968139875058161,0.0962962962962963,0.020987654320987648,0.015226337448559678,-0.0012345679012345622,0.0,-0.0028806584362139898,-0.011111111111111117,-0.015637860082304545,-0.003292181069958833,-0.007818930041152273,-0.011934156378600824,-0.00493827160493826
173,173,0.9053497942386831,0.9054483793501882,0.9004822919665996,0.9577454650158365,2.8989899823459764,1.552006410852803,0.9359836229305681,1.3745986287996559,-0.3368030333091327,0.061316872427983525,0.021810699588477356,0.02798353909465018,0.01563786008230451,-0.006995884773662542,0.004115226337448552,-0.0028806584362139898,0.005761316872427991,0.004115226337448541,-0.007818930041152273,-0.003703703703703709,-0.014814814814814847
174,174,0.934156378600823,0.934392423729539,0.926547619047619,0.9718253968253968,3.144657198375774,0.9990782569427242,0.9903272005401454,1.3318363842871306,-0.03130753123951585,0.1061728395061728,0.03251028806584357,0.03909465020576127,0.016049382716049342,0.007407407407407374,0.0213991769547325,0.006172839506172811,0.02263374485596705,0.013991769547325051,0.006172839506172811,0.004115226337448541,0.004115226337448541
175,175,0.9135802469135802,0.912925658078862,0.9026671408250355,0.9746799431009958,2.412989874830962,0.8955769146662326,0.5555653974984609,1.6350535764367835,0.8367877037884225,0.12757201646090527,0.03209876543209873,0.02427983539094646,0.007818930041152217,0.004526748971193395,0.013991769547325051,0.004938271604938227,0.006172839506172789,-0.004526748971193473,0.001646090534979383,0.004938271604938249,-0.006584362139917777
176,176,0.9094650205761317,0.9090950927032171,0.9011735419630156,0.9667140825035562,2.9607006977715544,1.088420094521637,0.7713011175464106,1.1391255365846067,0.19684362954460516,0.12345679012345676,0.01481481481481478,0.02921810699588474,0.003292181069958833,-0.0020576131687242926,0.005761316872427957,0.0004115226337448541,-0.003292181069958866,-0.003292181069958866,-0.006172839506172867,-0.00534979423868317,0.0024691358024691245
177,177,0.8806584362139918,0.8815966526560373,0.8790893015030946,0.945254936634247,3.1345296301686103,1.375116684741762,0.4702581583903572,1.445123687309546,0.19996002810732186,0.1325102880658436,0.024691358024691346,0.020987654320987637,0.006172839506172823,0.005349794238683103,0.005349794238683115,-0.0008230452674897082,0.006172839506172811,0.0,0.0016460905349794165,-0.008641975308641959,-0.0037037037037036978
178,178,0.9382716049382716,0.9390641681921191,0.9444272923741897,0.9785427601111454,3.40430550612665,1.0040844307718606,0.9794824343908012,1.4073631956758137,-0.4460863799780817,0.1053497942386831,0.02716049382716045,0.02345679012345673,0.004115226337448541,0.00905349794238679,0.011934156378600768,0.0024691358024691136,0.009465020576131656,0.004115226337448541,0.006584362139917666,0.0024691358024691136,0.00411522633744853
179,179,0.9135802469135802,0.9130403715612718,0.9016339869281045,0.9596949891067539,2.6067253351790485,1.0325002628201294,1.0849541668620966,1.122604602818827,0.6463100822997868,0.09547325102880655,0.02716049382716045,0.0275720164609053,0.010699588477366207,0.0004115226337448208,0.008641975308641936,0.0004115226337448319,0.004526748971193384,-0.0004115226337448985,-0.0028806584362140453,0.0020576131687242484,-0.00905349794238689
180,180,0.9259259259259259,0.925724607705248,0.9163827581099097,0.9712635165160717,2.4823010058768062,0.9864099702913134,1.1145472292938854,0.7740379538686555,0.9792838437790974,0.11028806584362143,0.047325102880658464,0.04320987654320989,0.013168724279835408,0.011522633744855992,0.011934156378600824,0.004115226337448574,0.006995884773662564,0.011111111111111117,0.0028806584362139785,0.007407407407407407,0.0032921810699588438
181,181,0.9135802469135802,0.9137115614731524,0.904320987654321,0.9701265051059289,2.991924104742678,1.0117796938995587,1.0717506823302072,1.196265151693043,0.11340925196156891,0.08971193415637856,0.018106995884773623,0.02057613168724274,0.005349794238683081,0.001646090534979372,0.013991769547325051,-0.0004115226337449096,0.006584362139917655,-0.0004115226337448763,-0.0004115226337448985,-0.004526748971193484,-0.004115226337448608
182,182,0.9012345679012346,0.9007494297816878,0.8895424836601307,0.9641975308641976,2.4801765353015637,1.2308940718783177,0.9073467447106602,1.7596705655541731,-0.12465249269980237,0.10164609053497942,0.006995884773662542,0.015226337448559678,0.008230452674897127,-0.0024691358024691245,-0.0004115226337448541,-0.01069958847736623,-0.0028806584362139898,-0.00987654320987652,-0.0020576131687242705,-0.000411522633744843,-0.00781893004115226
183,183,0.9012345679012346,0.9018072289156626,0.8950617283950617,0.9595336076817558,3.45798798838669,0.6395004573363636,0.8006798165211844,1.0470554202117688,0.7563514879342104,0.10699588477366255,0.021810699588477367,0.032921810699588494,0.014814814814814826,0.006172839506172834,0.017695473251028826,0.0004115226337448541,0.01646090534979424,0.007407407407407418,0.004115226337448541,-0.0004115226337448541,-0.0016460905349794165
184,184,0.9053497942386831,0.9044641782783434,0.8897563111046257,0.9569531592003502,3.3195852784598263,0.629139267000705,0.782952869314695,0.7553681732545587,1.1603197167844201,0.1345679012345679,0.030452674897119336,0.034156378600823024,0.008230452674897092,-0.007818930041152283,0.0020576131687242817,-0.0012345679012345622,0.007407407407407385,-0.0008230452674897082,-0.007407407407407407,-0.0020576131687242817,-0.006172839506172844
185,185,0.9012345679012346,0.9020664869721473,0.8981481481481481,0.9634202103337907,2.6371229357223847,1.6141681225669298,1.0507819083161036,1.0778346750117396,0.0785994359227384,0.07078189300411522,0.03539094650205761,0.019753086419753096,0.020164609053497984,-0.004526748971193395,0.016872427983539107,0.003292181069958833,0.009053497942386834,0.004115226337448552,0.0020576131687242817,0.002880658436214001,0.0008230452674897082
186,186,0.9053497942386831,0.9062357320776454,0.8965643274853801,0.9689733593242364,2.6420209145779956,1.1652625892263444,1.0287939563875974,1.2651553227504513,0.4076179295217133,0.0596707818930041,0.019753086419753076,0.006172839506172834,-0.00864197530864197,-0.004526748971193395,0.000411522633744843,-0.0008230452674897082,0.010288065843621397,-0.0032921810699588438,0.0004115226337448541,-0.0020576131687242926,-0.007818930041152273
187,187,0.9012345679012346,0.9034215167548502,0.9047976011994003,0.9719307013160086,3.1376071167365063,1.1014489300135133,0.6670167445102667,1.2302095440429162,0.3278336810127109,0.11111111111111112,0.04032921810699589,0.012345679012345678,0.006995884773662553,0.002880658436214001,0.003292181069958833,-0.0028806584362139898,0.0008230452674897082,-0.007407407407407385,-0.009465020576131666,-0.004526748971193395,-0.01563786008230452
188,188,0.9176954732510288,0.9182399255498671,0.9182917888563049,0.9670821114369501,3.3959825672169135,0.5951648148185406,0.8635739272351252,1.0237314290429966,0.6979099739883001,0.12716049382716052,0.03539094650205764,0.02263374485596712,0.024691358024691402,0.0061728395061729,0.02757201646090538,0.002057613168724326,0.021399176954732545,0.004938271604938327,0.0032921810699588993,0.009876543209876609,0.002880658436214034
189,189,0.9094650205761317,0.9116713768654866,0.9194054500412883,0.9625103220478943,2.821587852124103,0.9127539502189665,0.8209485727865866,1.7501415719258857,0.09913624565605819,0.07942386831275718,0.04444444444444442,0.04773662551440326,0.009465020576131656,0.003292181069958833,0.01687242798353906,0.011111111111111082,0.013991769547325051,0.01563786008230448,0.0020576131687242705,0.0185185185185185,0.007407407407407374
190,190,0.9053497942386831,0.905805062183663,0.9047293406276994,0.9412611575007198,3.3369898958827706,1.36134462208653,1.096490694531001,1.2659289453928217,-0.6096360200902448,0.17037037037037034,0.03209876543209876,0.028806584362139908,0.005349794238683103,-0.0024691358024691358,0.01934156378600822,-0.005349794238683125,0.006584362139917676,-0.0041152263374485635,0.005349794238683115,0.005349794238683103,0.006172839506172811
191,191,0.8930041152263375,0.8940570617614286,0.886306334699023,0.9504412228175229,2.8557502394800087,1.0263922225552848,0.9298872518294817,1.3357411195833124,0.30909771676225906,0.09917695473251033,0.04403292181069964,0.024279835390946535,0.0032921810699588993,0.002057613168724326,0.0020576131687243373,0.0024691358024691913,0.0020576131687243147,0.0004115226337448985,0.0061728395061729,-0.0004115226337448319,-0.0024691358024691136
192,192,0.9012345679012346,0.9019371528734825,0.8999037179677085,0.9512664790401422,2.6734206187738314,1.0455337907315474,0.7432506545073214,1.4082582669020733,0.5231906864849173,0.12633744855967075,0.03497942386831275,0.018518518518518545,0.020164609053497963,0.005349794238683136,0.0012345679012345622,0.006172839506172823,0.016460905349794254,0.013991769547325127,0.0020576131687242817,0.006172839506172834,0.0049382716049382715
193,193,0.897119341563786,0.8969907998132364,0.8874266862170088,0.9527126099706745,3.1862097483405925,1.3861842362431829,0.5267395882364732,1.1445106775629417,-0.02684692765773461,0.13868312757201645,0.036625514403292224,0.03744855967078194,0.0008230452674897526,0.0024691358024691466,0.011934156378600857,0.004938271604938293,-0.0008230452674897082,0.011522633744856004,0.0012345679012345846,0.003292181069958866,-0.0008230452674896971
194,194,0.8847736625514403,0.8849730019997872,0.8812712585034014,0.9523809523809523,2.6005759905355808,0.8673958904917932,0.836197117897867,1.5662458063107956,0.7173010834450534,0.14650205761316867,0.01851851851851849,0.01851851851851848,0.006584362139917666,-1.1102230246251566e-17,0.014403292181069916,-0.0020576131687243147,0.0057613168724279795,0.007407407407407363,-0.0008230452674897303,0.004938271604938227,-0.0012345679012345846
195,195,0.8847736625514403,0.8839947432540024,0.8631901840490798,0.9417944785276074,2.8086638649168822,0.9313526945849245,0.684312159479851,1.0357091032834247,1.3145359170559203,0.16090534979423865,0.05020576131687238,0.02633744855967074,0.00905349794238679,0.005349794238683103,0.006584362139917676,0.006995884773662519,0.007818930041152227,0.004526748971193395,0.00493827160493826,0.011111111111111061,-0.0012345679012345956
196,196,0.8847736625514403,0.8844180257074632,0.8681639145584001,0.9573549462202696,3.73115819934283,1.1750546122805465,1.0601535060274447,0.7405080707477032,-0.007429724234404014,0.08312757201646089,0.008641975308641947,0.01975308641975304,-0.008230452674897148,-0.005349794238683136,0.0024691358024691136,-0.007407407407407429,-0.005349794238683136,-0.002469135802469158,-0.0020576131687242926,-0.006172839506172856,0.004526748971193395
197,197,0.8930041152263375,0.8925496984971661,0.8833000142795945,0.9534485220619735,3.5907525567820358,0.8506348143979676,0.8751748300200483,0.596878165479441,0.749380901367443,0.08888888888888893,0.02345679012345684,0.03127572016460911,0.0008230452674897526,0.002880658436214034,0.0012345679012346067,-0.0012345679012345401,-0.0008230452674896748,0.0020576131687243373,-0.0008230452674896748,0.0024691358024691913,-0.0012345679012345178
198,198,0.9382716049382716,0.9383596675220324,0.9328313253012048,0.9801957831325302,3.135020360156552,0.6800921910004707,0.8853322116873585,1.5167652014423447,0.08381216641152126,0.12880658436213985,0.0378600823045267,0.025102880658436168,0.004115226337448497,0.0012345679012345512,0.0061728395061728,-0.0012345679012346067,-0.0012345679012346177,0.008230452674897082,-0.0032921810699588993,0.004526748971193384,0.0028806584362139676
199,199,0.9053497942386831,0.904982722950019,0.8938782991202345,0.9606304985337244,2.834783471096478,0.9534469454170794,1.43838174402024,1.1160656597357006,-0.07284653465853001,0.08395061728395059,0.020987654320987648,0.04115226337448559,0.016049382716049367,0.0028806584362139898,0.02016460905349794,0.00493827160493826,0.01275720164609051,0.005349794238683125,0.004526748971193395,0.00493827160493826,-0.004526748971193406
200,200,0.9135802469135802,0.9130216601699608,0.9009922661608054,0.9579016489128848,3.045123142994588,0.7997721423543979,0.7774336509773232,1.4986214511187108,0.4855744376246313,0.09876543209876538,0.03991769547325097,0.033333333333333284,0.013991769547325051,0.006584362139917666,0.001646090534979383,-0.0016460905349794607,0.01687242798353906,0.006172839506172789,0.006172839506172811,0.00905349794238679,0.0032921810699587995
201,201,0.9259259259259259,0.9263799283154122,0.9274509803921569,0.969281045751634,3.1220429827308194,1.2307888429178684,1.0596334436540529,1.0928582385736845,-0.3515889353182284,0.06502057613168724,0.04156378600823046,0.03703703703703705,0.029218106995884775,0.0028806584362139898,0.004115226337448552,0.011522633744855982,0.016049382716049422,0.0016460905349794165,0.005349794238683125,0.004526748971193417,-0.0020576131687242705
202,202,0.9135802469135802,0.9129439077517997,0.8982129560685033,0.9691734921816828,2.240218883287178,0.7539041932289224,0.8522778151554746,1.5858563283927116,0.993292629635601,0.11193415637860078,0.023868312757201592,0.02757201646090531,0.006584362139917643,-0.004115226337448608,0.0032921810699588216,0.0037037037037036535,0.004938271604938227,-5.551115123125783e-17,-0.0028806584362140453,0.0016460905349793941,-0.010288065843621463
203,203,0.9053497942386831,0.9057420131862689,0.8991340361445783,0.9673945783132529,2.9401794089354283,0.4430167673697362,0.9314854748756403,2.071532160854967,0.12510509822883978,0.06502057613168723,0.04938271604938271,0.034156378600823024,0.0028806584362139898,0.0020576131687242705,0.007407407407407385,-0.009876543209876543,0.0,0.0016460905349794275,-0.003703703703703687,0.009053497942386824,-0.0012345679012345622
204,204,0.9053497942386831,0.9054805338878784,0.8967879604672058,0.9576220425277029,3.1041612833095327,0.8267083291862777,0.954655245911589,1.6244555907152474,-0.051651991810641354,0.08683127572016461,0.04115226337448559,0.03786008230452673,-0.004526748971193417,-0.004115226337448552,0.006584362139917676,0.0024691358024691466,-0.0024691358024691245,0.009876543209876543,-0.004526748971193428,0.006995884773662531,-0.0074074074074073955
205,205,0.9259259259259259,0.9259259259259259,0.9190119982224856,0.9770404384535625,3.197675048987488,0.9091029912401987,0.7295588135705094,1.4526243733712976,-0.046375733988524764,0.08395061728395062,0.008230452674897137,0.03415637860082306,0.009465020576131711,-0.003292181069958833,0.009465020576131699,0.0041152263374485635,0.0004115226337448652,0.0032921810699588438,-0.0004115226337448541,0.0012345679012345622,0.0024691358024691245
206,206,0.9176954732510288,0.9178837515801931,0.9137239165329053,0.9569531592003502,3.220598799721024,0.8875559827528458,1.1956789479217798,1.0725985784636538,-0.08413859640102928,0.06913580246913584,0.021399176954732545,0.03786008230452679,0.006584362139917754,0.004526748971193461,0.009465020576131754,0.007407407407407462,-0.0004115226337448208,-0.00041152263374480966,-0.0020576131687242484,0.005349794238683181,0.004938271604938327
207,207,0.8806584362139918,0.8807459346111116,0.8775524475524475,0.9409090909090908,3.169133406772836,1.5124142337554136,0.8859070606397593,1.05523155447495,-0.1809122131530796,0.0765432098765432,0.028806584362139908,0.023868312757201627,0.0065843621399176875,0.0008230452674897193,-0.0028806584362139785,-0.0049382716049382715,-0.007818930041152273,-0.006172839506172844,-0.009465020576131678,-0.006995884773662564,-0.005761316872427968
208,208,0.9094650205761317,0.9097030587756242,0.9032017870439315,0.9679076693968728,2.473648907675711,1.0543708139196544,1.115291680755742,1.760742126493582,-0.11909146257331993,0.09999999999999998,0.02551440329218104,0.016872427983539072,0.00987654320987651,0.0024691358024691136,0.004526748971193395,-0.0004115226337448541,0.0024691358024691245,0.000823045267489686,0.0028806584362139564,0.007818930041152227,-0.00452674897119344
209,209,0.9259259259259259,0.9256829382639817,0.9129601226993864,0.963420245398773,3.2662464262053925,0.9019770194295195,0.6093748444832674,0.46376625472265726,1.3063930764848288,0.11111111111111112,0.051440329218107,0.013991769547325117,0.01646090534979424,0.0,0.0037037037037036978,-0.000823045267489686,0.010699588477366273,0.008230452674897148,-0.005761316872427957,0.008230452674897137,0.004526748971193395
210,210,0.8847736625514403,0.8857131475812704,0.8801317982123921,0.9496288441145281,2.65339000016475,0.9850749568137515,0.8920483437753879,1.5781721021667876,0.4450514345320073,0.10164609053497937,0.04814814814814811,0.020987654320987627,-0.004526748971193428,0.0020576131687242705,-0.002469135802469158,-0.0008230452674897193,0.00781893004115224,0.008641975308641947,-0.003292181069958877,-0.007818930041152295,-0.006584362139917732
211,211,0.9053497942386831,0.9069318220278141,0.9096281121966593,0.9672234478411598,2.645626197507536,0.96866903975906,0.7510207753967535,1.02757374005385,1.1594976315890795,0.13950617283950617,0.0448559670781893,0.02057613168724278,0.003292181069958833,0.00781893004115225,0.016872427983539086,0.004526748971193406,0.016872427983539096,0.004526748971193406,0.0016460905349794165,0.0028806584362139898,0.005761316872427968
212,212,0.9300411522633745,0.9298474601833866,0.9244810055076966,0.9747916960881231,3.0229147359686963,1.0951409740242108,0.9047255147313498,1.5155306227040048,-0.04472357434442254,0.16378600823045267,0.013991769547325106,0.04074074074074072,0.01275720164609052,0.006995884773662519,0.005349794238683103,0.00781893004115226,0.015226337448559668,0.008230452674897115,0.004115226337448541,0.00987654320987653,0.006172839506172834
213,213,0.9012345679012346,0.9018399044205497,0.9009803921568628,0.9470588235294118,2.860805128206131,0.8922249769122768,0.9776608574444378,1.4457688868562157,0.3396298295011571,0.09094650205761318,0.032098765432098775,0.023456790123456805,0.011522633744855982,-0.013991769547325106,0.013580246913580262,0.0037037037037036978,0.0016460905349794275,0.0012345679012345622,0.0,0.0024691358024691245,1.1102230246251566e-17
214,214,0.9259259259259259,0.9262237383582412,0.9145922043891255,0.9634785456927613,3.2943890996770517,0.6810936181815583,0.784909988018014,1.3214383924248554,0.5853167367979722,0.08230452674897118,0.036213991769547337,0.04238683127572015,0.006584362139917676,-0.004115226337448541,-0.0012345679012345622,-0.0004115226337448541,0.0024691358024691466,0.0012345679012345622,-0.003703703703703687,0.0,-0.007818930041152227
215,215,0.9053497942386831,0.9056686953938613,0.9016124325113088,0.976944403910696,3.1266652230650633,1.2644400080342857,0.8691493293611787,0.8744104705038779,0.13938052600246165,0.09176954732510287,0.021810699588477346,0.006995884773662519,0.004526748971193395,-0.0024691358024691245,1.1102230246251566e-17,0.000411522633744843,0.0020576131687242817,0.006172839506172823,-0.0024691358024691358,-0.0004115226337448541,-0.0008230452674897082
216,216,0.9135802469135802,0.9139991067173572,0.9059440559440559,0.9655788655788656,2.4410698785611897,1.0383548459836136,0.6712842360284546,2.107879685144598,0.17863995499159144,0.08436213991769544,0.02839506172839502,0.03045267489711929,0.022222222222222178,0.004938271604938216,0.02139917695473246,0.001646090534979383,0.016460905349794164,0.00905349794238679,0.002057613168724259,0.012757201646090477,-0.0008230452674897415
217,217,0.9218106995884774,0.9219152132732381,0.9154132539091586,0.9730454206999255,3.2801024358933177,0.7699581019096495,0.989158877727474,0.872567534578102,0.566914984833545,0.07530864197530868,0.03333333333333337,0.010288065843621418,0.0037037037037037203,0.0008230452674897082,0.004526748971193417,-0.0008230452674897082,-0.0004115226337448541,0.007407407407407429,0.0012345679012345733,0.005349794238683159,-0.0020576131687242705
218,218,0.8683127572016461,0.8669373662680223,0.841372699386503,0.9505368098159509,3.0238827215119795,1.1037166695549785,1.1381308081936263,0.8909614810411056,0.20750935842350662,0.08312757201646095,0.004115226337448608,0.018518518518518556,-0.0028806584362139455,-0.005349794238683103,0.0016460905349794607,-0.004115226337448518,-0.004115226337448518,-0.005349794238683092,-0.006995884773662508,-0.005761316872427957,-0.011522633744855914
219,219,0.897119341563786,0.8958816795074105,0.8794117647058823,0.9628177196804648,2.992238167199611,0.7885171550735474,1.238667581442814,1.6054942126603318,-0.12510133287052283,0.08106995884773666,0.006172839506172867,0.027983539094650244,-0.008230452674897092,-0.004938271604938249,-0.006584362139917666,-0.00411522633744853,0.0012345679012345956,0.005349794238683148,-0.006584362139917666,0.0016460905349794496,-0.008230452674897082
220,220,0.9300411522633745,0.9299139166403287,0.9168373778758272,0.9563504569807753,2.903920337044686,1.1033380171248102,0.6579971174360457,1.7626532779295192,0.15764677976697575,0.08518518518518517,0.046913580246913555,0.0213991769547325,0.01563786008230452,0.0020576131687242705,0.0020576131687242705,0.0004115226337448541,0.003703703703703709,0.006172839506172844,-0.0024691358024691358,0.0024691358024691245,-0.005349794238683125
221,221,0.9135802469135802,0.9134795997387667,0.9062091503267974,0.9611474219317357,3.780176286467617,1.1762285941945527,0.8848537686115594,0.6778784347502566,0.07773487408217354,0.13086419753086415,0.037448559670781846,0.01687242798353904,0.011111111111111061,0.0024691358024691136,0.009876543209876487,0.005349794238683103,0.011111111111111061,0.0028806584362139455,0.0024691358024691136,0.008641975308641914,-0.004115226337448608
222,222,0.9382716049382716,0.9383358995762097,0.9354664555139649,0.9702706593723006,2.957390561456315,0.7345091691610743,0.879515915160913,2.1014034896131437,-0.24239621524642468,0.08930041152263371,0.02716049382716047,0.03621399176954726,0.015637860082304465,0.000411522633744843,0.010288065843621352,-0.0004115226337448763,0.011522633744855926,-0.0004115226337448985,0.0008230452674896971,0.009876543209876498,0.0012345679012345622
223,223,0.9135802469135802,0.9141201222658887,0.9118019359642591,0.969620253164557,3.0888528556439496,0.8010606319266897,0.5013930951333088,1.7737729067199388,0.043477600123964816,0.15102880658436207,0.04032921810699582,0.021399176954732445,0.015226337448559613,0.009876543209876498,0.018106995884773613,0.007818930041152227,0.018518518518518455,0.0061728395061728,0.007818930041152227,0.004938271604938238,0.004526748971193395
224,224,0.8847736625514403,0.8850766202598854,0.8760610573343262,0.941921072226359,2.623209312690894,1.2029052798406732,1.1789352685900882,1.3148358705383714,0.2969748239974523,0.14609053497942384,0.04074074074074071,0.0028806584362139676,0.000411522633744843,-0.0012345679012345846,-0.0004115226337448763,0.0012345679012345512,0.0004115226337448319,-0.003292181069958855,0.000411522633744843,-0.006172839506172867,-0.002469135802469158
225,225,0.934156378600823,0.9345261204101177,0.9323587335252235,0.9811392213301016,2.805902159738733,0.9915234109443404,1.1940336762766885,1.1846256475640269,0.2506806954036836,0.11028806584362134,0.03497942386831275,0.020164609053497918,0.023868312757201627,0.0008230452674897082,0.014403292181069926,0.00905349794238679,0.013580246913580207,-0.002057613168724304,0.0020576131687242705,0.010699588477366217,-1.1102230246251566e-17
226,226,0.9218106995884774,0.9221242406427591,0.917789757412399,0.9675052410901468,2.8189640785635697,0.7381396993895711,1.0093888957693535,1.2089759044038004,0.7230141784136138,0.10000000000000005,0.034156378600823066,0.044444444444444474,0.018930041152263398,0.009876543209876599,0.01316872427983543,0.005761316872427991,0.012757201646090566,0.0069958847736625975,0.004938271604938283,0.009876543209876586,-0.008641975308641936
227,227,0.9094650205761317,0.9088661230474097,0.8986862773097244,0.9475224903612738,2.477041717696525,0.9465205675186866,1.341618140037753,1.7625849006133596,0.2990629009676241,0.06913580246913577,0.02757201646090531,0.036213991769547295,0.013168724279835375,-0.0024691358024691466,0.011111111111111061,-0.0008230452674897303,0.011522633744855926,-0.005761316872428002,0.0008230452674896971,-0.0004115226337448652,-0.0032921810699588438
228,228,0.9300411522633745,0.9299175718928805,0.9174620560162728,0.9888123924268503,2.1516100439559747,1.4232244495481245,1.1308782224887743,1.5787272361276508,-0.12229239353575795,0.07119341563786007,0.02716049382716047,0.013168724279835375,0.0020576131687242817,-0.0057613168724279795,-0.012345679012345711,-0.010288065843621408,-0.009876543209876566,-0.005761316872427991,-0.00781893004115226,-0.006995884773662542,-0.009053497942386834
229,229,0.9053497942386831,0.9060034924846594,0.901643690349947,0.9555370398424481,3.4796672337857237,1.171609052985247,1.1195152458404074,0.9375138869151274,-0.30202863613133896,0.11563786008230452,0.013991769547325094,0.011934156378600813,-0.0012345679012345733,-0.009876543209876553,-0.007407407407407407,-0.005349794238683103,-0.006172839506172834,-0.006172839506172823,-0.004526748971193395,-0.0032921810699588438,-0.0028806584362139898
230,230,0.9094650205761317,0.9110878308360536,0.9112348509662627,0.9652800524074681,2.9545152301871687,1.014131173786823,0.2677188743122503,1.5024361486864861,0.45729582343248826,0.1378600823045267,0.03580246913580244,0.01069958847736623,0.02427983539094649,-0.007407407407407451,0.00905349794238679,0.0008230452674897082,0.008641975308641936,-0.0008230452674897193,-0.004526748971193428,0.0,0.0020576131687242705
231,231,0.8930041152263375,0.8927769068617518,0.884731182795699,0.9508960573476702,2.956003254387988,0.6635752417135773,0.8203670555032493,1.6408055256653518,0.5834050902110468,0.13703703703703707,0.043209876543209916,0.035802469135802525,0.010288065843621453,0.004938271604938338,0.01193415637860088,0.007818930041152338,0.009876543209876599,0.006995884773662609,0.009876543209876609,0.00905349794238689,0.0008230452674897526
232,232,0.9176954732510288,0.9176954732510288,0.9085090361445782,0.9599397590361446,2.823624819713064,1.3975379748385215,1.1776197715411583,1.3999788713823218,-0.3806485379422558,0.06666666666666671,0.0415637860082305,0.036213991769547385,0.005349794238683159,0.0037037037037037533,0.015637860082304566,0.004526748971193473,0.018106995884773713,0.012345679012345711,-0.0008230452674896638,0.014814814814814859,-0.0024691358024691136
233,233,0.9176954732510288,0.9176954732510288,0.8988005997001499,0.9774279526903216,2.4614530500458867,1.2074661962864663,1.0096157722830406,0.8108791303628821,0.8726046833788856,0.10946502057613175,0.02757201646090538,0.016460905349794285,0.010699588477366285,-0.003703703703703665,0.0028806584362140565,0.004526748971193451,-0.001646090534979383,-0.004938271604938238,-0.0032921810699588104,-0.0024691358024691024,-0.0057613168724279466
234,234,0.9012345679012346,0.9012345679012346,0.8920159976299807,0.9597837357428529,2.470765717056063,1.423416162427777,1.0284306222025534,0.8021734130648912,0.8413220009540878,0.1271604938271605,0.07325102880658436,0.03497942386831275,0.005349794238683136,0.003292181069958855,0.023045267489711953,0.002880658436214001,0.0004115226337448763,-0.005761316872427968,-0.0008230452674896971,0.0028806584362139898,0.010288065843621397
235,235,0.9218106995884774,0.9219408813753124,0.912004662004662,0.9555555555555555,3.4899871353471252,0.942375584393466,0.8651470242324497,1.20253372704294,0.054854906612802845,0.12345679012345681,0.059259259259259275,0.04485596707818933,0.018106995884773693,0.005761316872428002,0.011522633744856015,0.0020576131687242817,0.016460905349794275,0.011934156378600857,0.008641975308642014,0.009876543209876586,-0.0012345679012345622
236,236,0.9012345679012346,0.901468762891984,0.8955645161290322,0.9497800586510263,3.5726432898063,0.9552373231130308,0.8622808234795917,0.9101002483347806,0.1696533925242468,0.08888888888888888,0.027160493827160504,0.04897119341563786,0.020987654320987682,0.006172839506172823,0.010288065843621408,0.00493827160493826,0.02098765432098767,-0.0028806584362139785,-0.0020576131687242817,0.0016460905349794165,0.004115226337448552
237,237,0.9465020576131687,0.9467025827440261,0.9454525255517701,0.9857798844615613,3.0640920339405238,0.6762840405501447,0.9210676043158802,1.121412725984761,0.6811444467361075,0.14650205761316873,0.030041152263374515,0.024279835390946514,0.017695473251028847,0.0008230452674897303,0.004938271604938293,0.0008230452674897193,0.004526748971193417,0.003292181069958855,0.0,-0.0004115226337448541,0.0016460905349794165
238,238,0.8930041152263375,0.8927037000062855,0.8796723752792257,0.9593447505584513,3.255326782018643,0.8397876905554129,1.0584262946390992,1.5597162257133226,-0.3527696941328562,0.09794238683127575,0.02551440329218112,0.01975308641975313,0.030041152263374525,-0.005349794238683092,0.0012345679012345956,-0.011111111111111061,-0.0016460905349794052,-0.004938271604938227,-0.013580246913580184,-0.008230452674897082,-0.012757201646090477
239,239,0.9094650205761317,0.9079350005275931,0.8848644578313254,0.963027108433735,3.4365854423791884,0.7889288629635091,0.5918151935649435,1.2418112658216895,0.5535862016144827,0.09629629629629628,0.04238683127572015,0.0502057613168724,-0.0016460905349794386,0.005761316872427957,0.01646090534979421,0.0028806584362139785,0.005761316872427957,0.009465020576131678,0.006172839506172811,0.009465020576131656,-0.011934156378600869
240,240,0.934156378600823,0.9347109913147649,0.9351851851851851,0.9661636945587562,3.2012316865401154,0.9547193622456661,0.9265683052002763,1.0226789413399753,0.2848314026277865,0.12633744855967075,0.04403292181069958,0.020987654320987637,0.010288065843621385,0.004115226337448541,0.006172839506172811,0.003292181069958833,0.007407407407407374,0.0032921810699588216,0.005349794238683103,0.0008230452674897082,-0.0016460905349794275
241,241,0.9300411522633745,0.9309062148568322,0.9304593070104754,0.9646253021756648,3.1501506955861824,0.3508182074640827,0.9417775823457558,1.5515149841526428,0.432891979337869,0.056378600823045265,0.038271604938271586,0.0382716049382716,0.011522633744855959,0.0020576131687242705,0.0028806584362139898,0.006172839506172811,0.012345679012345668,0.005761316872427957,0.0024691358024691245,0.004115226337448541,0.004526748971193395
242,242,0.9259259259259259,0.9253469424299399,0.9058333333333334,0.9771428571428571,2.3024570418902615,1.1857983199239341,1.299523508558215,1.138302369790411,0.6090280327696711,0.1263374485596708,0.054320987654320994,0.020164609053497963,0.01069958847736625,0.006172839506172834,0.018106995884773668,0.015637860082304535,0.014814814814814814,0.009465020576131699,0.0024691358024691358,0.007407407407407407,-0.005761316872427968
243,243,0.9176954732510288,0.9190820050358834,0.9258741258741259,0.9619269619269619,3.3841252888116915,0.8122718739288859,0.8816387200718925,0.7541437558151347,0.7476869305477513,0.12757201646090538,0.0592592592592593,0.023868312757201682,0.013168724279835443,0.004115226337448608,0.012757201646090588,-0.000823045267489686,0.01193415637860088,0.0012345679012346067,-0.0020576131687242484,-0.00041152263374480966,-0.0008230452674896638
244,244,0.8765432098765432,0.876805373374142,0.8704453441295547,0.9552486986697513,3.2097597722024775,1.0296181379678842,1.0006128855499865,1.3218610253518155,0.04864343474475503,0.10164609053497942,0.04156378600823046,0.017695473251028805,0.014814814814814836,-0.0028806584362139785,0.014814814814814826,-0.003703703703703709,0.011111111111111117,-0.010288065843621385,-0.009053497942386812,0.0037037037037036978,-0.01275720164609052
245,245,0.8724279835390947,0.8747187695662985,0.8756410256410256,0.9383838383838383,2.979028949688308,0.6205485192367745,0.6044043495101811,1.9589672631855068,0.33276656557195566,0.0555555555555556,0.026748971193415638,0.03127572016460909,0.0049382716049383045,0.0016460905349794275,-0.011522633744855949,0.0008230452674897303,-0.005349794238683092,0.0020576131687242926,-0.013580246913580184,0.00452674897119344,-0.006172839506172811
246,246,0.9176954732510288,0.918590220898486,0.9197530864197531,0.9691358024691358,2.7002313795274318,0.9198372245453693,0.6716606310054408,1.6527557522768646,0.4830065215484002,0.1312757201646091,0.034979423868312806,0.04032921810699595,0.018930041152263412,0.007407407407407474,0.009053497942386902,0.0061728395061729,0.024691358024691402,0.008641975308642035,0.0008230452674897526,0.004938271604938327,0.009465020576131754
247,247,0.8930041152263375,0.8939948178631307,0.8874125874125874,0.9601398601398601,2.379536426261918,0.5690133329295582,1.0773347551532448,1.9985214617848281,0.6964030031036504,0.1345679012345679,0.018518518518518566,0.01399176954732514,0.005761316872428035,0.0028806584362140453,-0.0024691358024691024,-0.004526748971193395,0.00823045267489717,-0.0037037037037036757,-0.004526748971193395,-0.0024691358024691136,-0.007818930041152227
248,248,0.8930041152263375,0.8942645979471467,0.8989369501466276,0.9535923753665689,3.666413443334748,0.9252414403581931,0.9836978221618223,0.7544630470022852,0.3302596895988401,0.09547325102880663,0.03539094650205765,0.020987654320987682,0.0020576131687243147,-0.0012345679012345401,-0.00411522633744853,-0.00041152263374480966,0.004115226337448608,-0.0016460905349793941,-0.006584362139917643,-0.010699588477366207,-0.0024691358024691136
249,249,0.9135802469135802,0.9141201222658887,0.9118019359642591,0.9654504839910648,2.6603478964808356,0.9273556601967189,1.1932351493107411,1.3048877622669273,0.6660283352908184,0.09341563786008225,0.027983539094650168,0.027572016460905326,0.006995884773662519,-3.3306690738754695e-17,0.003703703703703665,0.00041152263374480966,0.002057613168724237,0.0028806584362139564,-0.0037037037037037533,0.003703703703703665,-0.006584362139917754
