,random_seed,accuracy,f1_weighted,balanced_acc,auc,model_weights.random_forest,model_weights.bagging_svc,model_weights.bagging_knn,model_weights.gradient_boosting,model_weights.mlp,feature_importance.righttop_CO2_scaled,feature_importance.rightlow_CO2_scaled,feature_importance.righttop_CO2_fd2_scaled,feature_importance.rightlow_CO2_fd2_scaled,feature_importance.righttop_CO2_fd1_scaled,feature_importance.rightlow_CO2_fd3_scaled,feature_importance.right_CO2_vd_fd1_scaled,feature_importance.right_CO2_vd_fd2_scaled,feature_importance.righttop_CO2_fd3_scaled,feature_importance.right_CO2_vd_fd3_scaled,feature_importance.rightlow_CO2_fd1_scaled,feature_importance.right_CO2_vd_scaled
0,0,0.9709090909090909,0.9706945968829376,0.9460734319224886,0.9966003739588645,2.666537174132473,1.2789153374787898,1.7338413074582812,1.0061148007964633,0.9120064645254696,0.07127272727272731,0.022181818181818226,0.006545454545454588,0.0043636363636363916,0.0021818181818181958,0.0018181818181818299,0.001454545454545464,0.001454545454545464,0.001090909090909109,2.2204460492503132e-17,-0.0003636363636363549,-0.0014545454545454195
1,1,0.9563636363636364,0.9563636363636364,0.9308697838109603,0.9910340204457853,3.833690931873586,1.676333767897797,1.2542804710259843,1.0767364603385703,0.15688149190079181,0.023272727272727313,0.02690909090909095,-0.002909090909090839,-0.002545454545454484,-0.002909090909090828,-0.0014545454545454085,0.0,0.000363636363636366,0.0010909090909091202,-0.002545454545454484,-0.0021818181818181294,0.0010909090909090979
2,2,0.9672727272727273,0.9671706584408661,0.9483678593848086,0.9958411801632141,2.92974613251095,1.1896174497031449,1.243830869687016,2.3445419961703955,0.034594096229293436,0.15709090909090911,0.018545454545454552,-0.004727272727272714,0.000363636363636366,0.000727272727272732,-0.000363636363636366,0.0021818181818181958,0.002909090909090928,-0.002181818181818185,0.002909090909090928,-0.00654545454545451,0.004727272727272747
3,3,0.9527272727272728,0.9515544551227343,0.9053999678094318,0.9863190085305005,2.6832599043857397,1.1628233591473933,2.15125076920262,1.7362471682048672,0.2754519642305092,0.035272727272727324,0.040000000000000036,0.0043636363636363916,0.007636363636363686,0.009818181818181882,0.0010909090909090979,0.0,0.0,0.004727272727272758,0.0,0.008000000000000052,0.0025454545454545617
4,4,0.9745454545454545,0.9740168371573331,0.9453125,0.9978524881516587,3.146906752502824,0.8270475230598756,1.6084962746218467,1.6070834547204762,0.6023430097206897,0.12981818181818178,0.027272727272727205,0.0025454545454544953,0.003999999999999948,0.004363636363636303,0.004727272727272658,0.0007272727272727098,0.0007272727272727098,0.00290909090909085,0.003272727272727205,0.0010909090909090647,0.0021818181818181294
5,5,0.9490909090909091,0.9487155445451411,0.911014788373279,0.988781234064253,3.06296936932697,1.2390174185287943,1.7751210558699904,1.478786461738253,0.42079101038876465,0.09163636363636365,0.014909090909090905,0.0,0.0,0.0,0.00545454545454549,-0.003272727272727294,-0.0025454545454545617,0.0018181818181818299,-0.0010909090909090979,0.0025454545454545617,-0.007272727272727275
6,6,0.9709090909090909,0.9710562571756602,0.965311004784689,0.9978251413658112,2.4481603837531174,0.8234114307945253,1.870995137752875,1.9877475432749132,0.6037612705959661,0.14400000000000004,0.02254545454545457,-0.00618181818181811,-0.003636363636363571,0.00545454545454549,-0.0072727272727272085,0.001818181818181852,0.0025454545454545617,-0.0007272727272727098,-0.002909090909090839,-0.003999999999999948,0.0010909090909091313
7,7,0.96,0.9598334297281665,0.9264867841409692,0.9894456681350954,2.3812192604365254,1.4319536768701149,1.3206884670611903,1.2446138605591925,1.5110070462712404,0.04945454545454543,0.040363636363636324,0.002909090909090839,0.0003636363636363549,0.0018181818181817744,0.009818181818181771,-0.0007272727272727431,0.00618181818181811,0.0039999999999999255,0.0021818181818181403,-0.002909090909090939,0.005090909090909012
8,8,0.9636363636363636,0.9636363636363636,0.9423914865091336,0.9937154348919055,3.2533154064739827,1.1051161722270464,1.5987658767983948,1.5089222168206728,0.6283521771707103,0.09236363636363634,0.015636363636363605,-0.000363636363636366,-0.007272727272727308,-0.000363636363636366,-0.005090909090909113,-0.0036363636363636598,-0.000363636363636366,0.003272727272727294,-0.000727272727272732,0.0,-0.007272727272727275
9,9,0.9418181818181818,0.9423235583478607,0.9026570048309179,0.9884057971014493,2.5409868042185306,1.40924461750335,1.281801859758698,2.2447086171222534,0.39042519184784696,0.09381818181818179,0.02436363636363633,0.00363636363636356,-0.0174545454545455,-0.0036363636363636598,0.005454545454545379,-0.01054545454545458,-0.013090909090909153,0.006545454545454477,-0.011636363636363677,-0.008000000000000052,-0.002181818181818218
10,10,0.9672727272727273,0.9669955080213904,0.9460159952606635,0.9954828199052133,3.031538098693437,1.2847548075366348,1.7243059369029192,1.3425797387992064,0.34789866793609914,0.064,0.030545454545454563,-0.0029090909090909167,-0.0036363636363636598,-0.0021818181818181958,-0.0018181818181818299,0.0,0.0,0.000727272727272732,-0.000363636363636366,0.0010909090909090979,-0.000727272727272732
11,11,0.9563636363636364,0.9569586776859504,0.9442461329253782,0.9933707292197858,3.286737105573095,1.2438014676227693,1.312042767023547,1.8968679971797735,0.17350104292560603,0.0574545454545455,0.017090909090909136,-0.010909090909090868,-0.003999999999999937,0.0010909090909091313,-0.013818181818181785,0.003272727272727294,0.0018181818181818299,-0.006545454545454477,-0.00727272727272722,-0.002909090909090861,0.0003636363636363993
12,12,0.9636363636363636,0.9636363636363636,0.9407123145912384,0.9940496723007933,3.5292974130806045,1.064675527032497,1.9627797105683202,0.8565708937981342,0.24731575911449552,0.05490909090909091,0.030545454545454508,-0.00545454545454549,0.0032727272727272826,0.0010909090909090979,0.0,0.0018181818181818299,0.002181818181818185,-0.00545454545454549,0.004000000000000015,-0.006545454545454554,0.0021818181818181737
13,13,0.9781818181818182,0.9780251263270131,0.958438076085135,0.9984079101726161,3.2533735723951565,1.2111928820284465,1.68212101898378,0.9274793093700054,0.5542831442332957,0.10145454545454542,0.030545454545454508,-0.0010909090909090979,-0.003272727272727294,-0.004000000000000026,-0.0021818181818181958,0.0040000000000000036,0.0065454545454544984,0.0010909090909090979,-0.001454545454545464,-0.0061818181818182215,-0.0010909090909090979
14,14,0.9709090909090909,0.9707386102483392,0.952635165833712,0.996971073754354,2.436401563689663,1.6935265541045104,0.8779178796173114,2.391068459700418,0.323827558386736,0.15563636363636366,0.026545454545454594,-0.002909090909090839,-0.0007272727272726986,-0.0003636363636363549,-0.003272727272727205,-0.0007272727272727098,-0.0010909090909090647,-0.002909090909090839,0.000727272727272732,-0.0010909090909090534,-0.0014545454545454195
15,15,0.9309090909090909,0.9295766849259898,0.8885619977037887,0.9844288174512055,2.7073444406563762,0.5350775161477715,2.2405720438923087,1.106228534246512,1.7688051000692186,0.15345454545454545,0.0290909090909091,0.0021818181818181958,-0.000363636363636366,-0.000727272727272732,-0.007272727272727287,-0.0010909090909090979,-0.000727272727272732,-0.0025454545454545617,0.003272727272727294,0.0021818181818181958,-0.0025454545454545617
16,16,0.9563636363636364,0.9560418953244065,0.9227010028896822,0.9907360190379058,2.317414177481855,1.279259497787093,1.8802588909022353,1.853171303263912,0.6437790404214384,0.09418181818181823,0.0032727272727273047,-0.0036363636363635488,0.0,-0.0018181818181817744,-0.0032727272727271937,-0.0014545454545454195,-0.0003636363636363549,-0.0036363636363635488,-0.003272727272727205,-0.0018181818181817744,-0.0032727272727271937
17,17,0.96,0.9595855957061723,0.9283675799086758,0.9894814090019569,3.1367013412748754,1.751845852723966,1.403479701917765,0.8948695218973459,0.5485651604387703,0.08109090909090906,0.018909090909090865,0.0003636363636363549,-0.002909090909090928,-0.0025454545454545617,0.0007272727272727098,0.0,-0.003272727272727294,0.0,-0.002909090909090928,0.0007272727272727098,-0.0036363636363636598
18,18,0.9490909090909091,0.9479825506247308,0.9118712702472294,0.9914748508098892,3.5555423331272973,0.3094189298158511,2.469976847462241,0.7980810336412733,0.5309170734663814,0.05672727272727272,0.03600000000000001,0.000363636363636366,0.0010909090909090979,0.0043636363636363916,-0.000363636363636366,0.0025454545454545617,0.0036363636363636598,-0.000363636363636366,0.00545454545454549,0.007272727272727297,0.004000000000000026
19,19,0.9563636363636364,0.9559430523043863,0.9338580502623585,0.993993371996686,3.235144683993603,2.033735594401542,1.48831964957586,1.1557275984897628,-0.2012173518671514,0.1363636363636364,0.035272727272727324,-0.0032727272727271937,0.0007272727272727541,0.003272727272727294,-0.0069090909090908535,-0.0007272727272727098,-0.002909090909090839,-0.005818181818181789,0.001090909090909109,-0.0010909090909090534,0.001454545454545475
20,20,0.96,0.9601665702718335,0.9336506159014557,0.9926278462112728,3.186850804015553,1.8638893554948428,1.199225020999085,1.6726494959346327,0.15497904091748574,0.08327272727272722,0.03345454545454542,0.0,-0.000363636363636366,-0.0007272727272727431,-0.006909090909090953,-0.0043636363636363916,-1.1102230246251566e-17,0.009454545454545405,-0.0018181818181818299,-1.1102230246251566e-17,-0.0007272727272727541
21,21,0.9672727272727273,0.9669155114548373,0.9376571141277024,0.993883023294788,2.354392101481354,1.122850292017234,1.5769811099485722,2.310594898577129,0.464892111553573,0.12545454545454546,0.020000000000000007,0.0010909090909090979,0.000727272727272732,-0.001454545454545464,0.003272727272727294,0.000363636363636366,-0.000363636363636366,0.0043636363636363916,0.001454545454545464,-0.0014545454545454527,0.001454545454545464
22,22,0.9636363636363636,0.9631140574536802,0.9295454545454545,0.9943801652892562,2.9195729937567685,1.2454226148815026,1.361110376750669,0.8776902824777743,1.1039125268315502,0.07963636363636362,0.016363636363636358,0.0,-0.009454545454545448,0.0,0.0,-0.000363636363636366,-0.0036363636363636598,-0.0036363636363636598,-0.0021818181818181958,0.0,-0.001454545454545464
23,23,0.96,0.9593268895319009,0.9241220403623073,0.9911806769426347,2.73820131670786,1.058466453307317,1.619566372987443,2.1891332230696254,0.22207412012492916,0.14581818181818176,0.013090909090909042,0.002545454545454484,0.00036363636363633266,0.002545454545454484,0.0007272727272726986,-0.003636363636363671,0.0007272727272727098,0.004363636363636292,0.0010909090909090534,-0.00036363636363637706,-0.002181818181818207
24,24,0.9236363636363636,0.9217903808729496,0.8631813125695217,0.9878436357857938,3.1765902556030183,1.6128949805124937,2.0152973718510676,1.171115697331965,-0.15390302232600656,0.08436363636363634,0.0032727272727272163,-0.014545454545454639,-0.014545454545454629,-0.007636363636363686,-0.01090909090909098,-0.009818181818181882,-0.007636363636363686,-0.01090909090909098,-0.011272727272727313,-0.010181818181818247,-0.00545454545454549
25,25,0.9636363636363636,0.963220574669916,0.9382034952606635,0.9948163507109005,2.7352472943441146,0.6520652524582373,1.2789104531650235,2.3347031307487938,0.939323038824936,0.20363636363636362,0.02654545454545453,0.0,-0.0025454545454545617,-0.000363636363636366,-0.0043636363636363916,-0.0021818181818181958,-0.000727272727272732,0.002181818181818185,0.007636363636363608,0.000363636363636366,-0.0018181818181818299
26,26,0.9490909090909091,0.9490909090909091,0.9225414453565105,0.9923547400611621,2.9940085972822397,1.5922778472260197,0.946763155324825,1.9542964299428005,0.3262211224516923,0.12654545454545457,0.019272727272727275,0.0036363636363636598,-0.0010909090909090979,0.0,-0.002909090909090928,-0.002909090909090928,0.0036363636363636598,0.0036363636363636598,-0.0021818181818181958,0.0021818181818181958,0.0021818181818181958
27,27,0.96,0.9590076158730829,0.9164654756156446,0.9958152261387414,2.8379202008034166,1.8351927511500041,1.584016520093879,0.7784508989723905,0.7152412255578577,0.07127272727272724,0.023272727272727233,0.003272727272727205,0.0036363636363635488,0.0010909090909090534,-0.0021818181818181958,-0.0010909090909090979,0.00545454545454539,0.0014545454545454195,-0.001454545454545464,0.003272727272727205,0.003272727272727205
28,28,0.9490909090909091,0.9490909090909091,0.9181964983851776,0.9937956824749277,3.118788884304005,1.9961648506887746,1.422921465207805,0.9363813203150304,0.4697660475730753,0.07127272727272727,0.022545454545454546,-0.003272727272727294,-0.0043636363636363916,-0.011999999999999978,-0.0021818181818181958,-0.001454545454545464,-0.0025454545454545617,-0.003272727272727294,-0.001454545454545464,-0.011272727272727257,-0.0021818181818181958
29,29,0.96,0.9594861297381239,0.9182727606461086,0.9933002936857562,3.6573179573452608,1.1864827319468405,1.8961125065059246,0.3353002288127542,0.6600100459618572,0.03854545454545451,0.019636363636363584,-0.003272727272727294,-0.005090909090909123,-0.007636363636363686,-0.013090909090909108,0.0,-0.000363636363636366,-0.0061818181818182215,0.0,-0.009818181818181882,-0.00545454545454549
30,30,0.9490909090909091,0.9490909090909091,0.9244742623979911,0.9897991211550534,2.879541485099998,1.928037157383859,1.6277340963960731,0.7264920291946252,0.7394315907820922,0.09454545454545456,0.03127272727272727,-0.002909090909090928,-0.005818181818181856,-0.005090909090909113,-0.0043636363636363916,-0.000363636363636366,0.0,0.0043636363636363916,0.0025454545454545617,-0.005090909090909123,-0.0025454545454545617
31,31,0.9490909090909091,0.9484312950850856,0.912154739485248,0.9939579409918393,3.2422790812641367,0.6471567453217187,2.007975693945816,1.4697488758629347,0.3311315483947559,0.038909090909090914,0.01709090909090909,-0.004727272727272758,-0.0010909090909090979,-0.002909090909090928,-0.007636363636363641,-0.005818181818181856,0.002909090909090928,-0.0021818181818181958,0.0018181818181818299,-0.0036363636363636598,-0.006909090909090909
32,32,0.96,0.96013462209362,0.9409090909090909,0.9943801652892562,3.68184169914482,1.236616249794767,1.369463033591834,1.0950919248925848,0.42732604467939267,0.07672727272727269,0.014545454545454495,-0.004000000000000026,-0.006909090909090953,-0.0032727272727273047,-0.009454545454545504,-0.004000000000000026,-0.0043636363636363916,-0.0018181818181818299,-0.004727272727272758,-0.003272727272727294,-0.0018181818181818633
33,33,0.9672727272727273,0.967380092821862,0.952870189171559,0.9953522504892368,3.6362998608376333,0.8570830476066599,1.6064600904052866,1.1792195245576274,0.4721955726924334,0.08327272727272728,0.022545454545454556,0.0072727272727273196,0.0043636363636363916,0.0036363636363636598,0.000363636363636366,0.000727272727272732,0.0036363636363636598,0.005818181818181845,0.003272727272727294,0.0036363636363636598,-0.0032727272727272718
34,34,0.9672727272727273,0.9669155114548373,0.9376571141277024,0.9957264957264956,3.0370278297266498,1.1372483783174832,1.2616769030356707,1.934455394095273,0.5225096025751761,0.08472727272727273,0.022181818181818202,0.0,-0.003272727272727294,-0.0036363636363636598,0.0,-0.001454545454545464,-0.0036363636363636598,0.000363636363636366,0.0,-0.002909090909090928,-0.0010909090909090979
35,35,0.9563636363636364,0.9553454545454546,0.9083375828658848,0.9915009348971613,4.035704764485305,0.8829103195657245,2.230444299114936,0.801698020955899,0.2934881850410717,0.04763636363636371,0.03818181818181824,0.003272727272727294,0.0,0.0,0.0,0.0025454545454545617,0.0036363636363636598,-0.0032727272727271937,0.001454545454545464,0.000363636363636366,0.0021818181818181958
36,36,0.96,0.9589812734082398,0.915076647097195,0.9952707110241358,2.948094127512195,1.7290298873011383,1.4618328641614557,0.6334869872591443,1.1423880441133782,0.09781818181818178,0.03199999999999999,0.002545454545454484,0.0,0.0,-2.2204460492503132e-17,0.0014545454545454195,-0.000363636363636366,0.0003636363636363549,-1.1102230246251566e-17,0.002909090909090839,-0.000363636363636366
37,37,0.9709090909090909,0.9707206297645697,0.9499841093278245,0.9974574924519307,3.2732713980176826,1.3240304044151654,1.5819195862020985,0.5134009455372093,1.0511600911198238,0.10254545454545458,0.023636363636363688,-0.006545454545454477,-0.0043636363636362805,-0.0032727272727271937,-0.006545454545454477,-0.0003636363636363549,-0.0007272727272727098,-0.0036363636363635488,0.0,-0.00363636363636356,-0.0032727272727271937
38,38,0.9418181818181818,0.9414597956970839,0.9087209302325581,0.9905426356589148,2.9941877286563905,1.8325903493046642,1.2975508927195492,1.3108427353887686,0.4353718285323487,0.07381818181818178,0.009454545454545415,0.002909090909090828,-0.0007272727272727431,-0.00036363636363637706,-4.4408920985006264e-17,-0.0021818181818181958,-0.00036363636363637706,0.0010909090909090758,-0.001454545454545475,0.0014545454545453972,-0.0007272727272727763
39,39,0.9563636363636364,0.9563636363636364,0.936046511627907,0.9924806201550388,2.939959738858304,1.1476918439869341,1.3831059605521285,2.023874179869552,0.20123646739927104,0.14072727272727276,0.0236363636363637,0.004727272727272758,0.004000000000000026,-0.002545454545454484,0.0003636363636363993,-0.005090909090909024,0.0,0.002909090909090928,0.0036363636363636598,4.4408920985006264e-17,-0.00036363636363633266
40,40,0.96,0.9598544676297485,0.9321349651538331,0.9926908040115587,3.2061210552180843,1.489098307097642,1.4376941982513418,1.9405438060525417,-0.3000376835584294,0.04654545454545452,0.0247272727272727,-0.00036363636363637706,0.0014545454545454195,0.00727272727272722,-0.0010909090909090979,0.0018181818181817744,-1.1102230246251566e-17,0.0007272727272726986,0.002181818181818118,0.0043636363636362805,-0.00290909090909095
41,41,0.9454545454545454,0.9446844919786097,0.9111721611721612,0.9934798534798536,3.176541279629715,1.4359199190242349,2.346901933498288,0.21307356586646298,0.4998336548319594,0.03599999999999999,0.03199999999999999,-0.0061818181818182215,-0.006909090909090953,-0.0036363636363636598,-0.004000000000000026,-0.0036363636363636598,-0.002909090909090928,-0.0036363636363636598,-0.002909090909090928,-0.004727272727272758,0.0
42,42,0.96,0.9601922833649588,0.9276006539955037,0.9882485182914367,3.343496879366028,1.417371718721551,1.528316328083845,1.1288723202895252,0.45683478352761875,0.05563636363636361,0.008727272727272684,0.0036363636363635488,0.0036363636363635488,0.0036363636363635488,0.0039999999999999255,0.0003636363636363549,0.002909090909090839,0.0043636363636362805,0.00363636363636356,0.0036363636363635488,0.0014545454545454195
43,43,0.9490909090909091,0.9497851239669421,0.932559918408975,0.9892911779704232,2.672640148500339,1.1962675616350085,2.1833358027439727,1.5291895343895505,0.4638336852360106,0.06363636363636366,0.021090909090909105,0.003272727272727294,-0.01090909090909089,-0.00690909090909092,0.002909090909090928,0.0018181818181818299,-0.003272727272727294,0.0036363636363636598,-0.00618181818181821,-0.0036363636363636598,0.0018181818181818299
44,44,0.9527272727272728,0.9521974682644522,0.9132670406255312,0.9891211966683664,3.348186054479574,1.8144102736108207,2.109244224928797,0.5897752688320811,-0.032609171629256674,0.03163636363636367,0.03200000000000003,-0.0025454545454545396,0.001090909090909109,-0.0010909090909090868,-0.0014545454545454527,-0.0018181818181818299,-0.0010909090909090979,0.004000000000000026,0.000363636363636366,-0.0018181818181818188,0.001454545454545464
45,45,0.9490909090909091,0.9484637333789876,0.9145472652060671,0.9906542056074766,3.012672759645684,0.7223749181567221,1.8387002929928167,1.6324223540117526,0.8732159213334506,0.0712727272727273,0.03854545454545456,0.004727272727272758,0.000363636363636366,0.0043636363636363916,0.006545454545454588,0.0025454545454545617,0.002909090909090928,0.010181818181818158,-0.003272727272727294,0.000727272727272732,0.0018181818181818299
46,46,0.9709090909090909,0.9702116341307238,0.93045015522594,0.9980165574335979,3.406877390696884,1.2503083068937833,1.7182061397671826,0.9946725586197711,0.2998830582342452,0.08545454545454548,0.021818181818181858,0.002909090909090928,-0.0032727272727271937,0.0010909090909090979,-0.0010909090909090647,-0.0007272727272727098,-0.002545454545454473,0.0021818181818181958,0.002909090909090928,-0.0010909090909090647,0.005090909090909123
47,47,0.9672727272727273,0.9669814483037623,0.9445706497046797,0.9947751022262608,2.894037795713806,1.8893099382981233,1.6966370445637131,1.0714922639535251,0.07002480909711908,0.1083636363636364,0.016727272727272736,0.0021818181818181958,0.0,0.000363636363636366,-0.002909090909090928,0.0,-0.0010909090909090979,-0.0010909090909090979,0.0,0.000363636363636366,-0.000727272727272732
48,48,0.9709090909090909,0.9704685510567862,0.9388917219105899,0.9939656637769846,3.1166033959287067,1.6720553394934778,1.3525451934320092,1.556283803628353,0.08353406775951326,0.08400000000000003,0.02327272727272729,0.00036363636363637706,0.0007272727272727431,0.001454545454545475,0.006545454545454588,0.000727272727272732,0.000727272727272732,0.001090909090909109,0.000727272727272732,0.0,0.0
49,49,0.9527272727272728,0.952183129226063,0.9118661607450845,0.991635046567782,2.6407686069097696,1.5746984843941145,1.7119619200921348,1.49571521777762,0.47456127541710186,0.09854545454545459,0.012363636363636387,0.0043636363636363916,0.005090909090909123,0.002545454545454551,0.00545454545454549,0.001454545454545464,0.006545454545454588,0.0010909090909090979,0.002909090909090928,0.00545454545454549,0.0043636363636363916
50,50,0.9563636363636364,0.9556265906545861,0.9095177894166516,0.9922340617662995,3.3219979908711377,0.8345681155551227,1.698203180267024,0.7828932020284228,1.055979697763731,0.03854545454545459,0.020363636363636407,0.003272727272727294,0.0036363636363636598,0.006545454545454588,0.006909090909090953,0.002909090909090928,-0.0003636363636363438,0.001090909090909109,-0.0007272727272727098,0.0036363636363636598,-0.0014545454545454195
51,51,0.9818181818181818,0.981608895856178,0.9592963090720938,0.9976716109003104,4.095916730558588,1.750412095080831,2.172941379576386,-0.0261067975639374,-0.39769592918760666,0.052000000000000005,0.03890909090909091,0.006909090909090943,0.006909090909090943,0.01018181818181817,0.005454545454545467,0.0025454545454545617,0.0,0.01345454545454543,0.005818181818181845,0.003272727272727294,0.004000000000000026
52,52,0.9563636363636364,0.9551423739659034,0.9091848085174004,0.9942793580168441,2.833375405752058,0.6231276558228117,1.867454335332932,1.494429833728094,1.2478146371918302,0.10909090909090913,0.024727272727272785,-0.0007272727272727098,-0.0007272727272727098,0.001454545454545475,-0.0003636363636363549,-0.0032727272727271937,-0.002545454545454484,-0.0003636363636363438,0.004000000000000026,-0.0003636363636363549,0.0
53,53,0.9636363636363636,0.9634123723106774,0.9406976744186046,0.993798449612403,3.2894305080673583,1.28159286665859,2.039906915269327,0.8703507601739102,0.25405559654526993,0.05199999999999999,0.018909090909090886,0.004727272727272714,0.005090909090909079,0.005454545454545434,0.0036363636363636377,0.0032727272727272718,0.004727272727272714,0.0036363636363636155,0.005454545454545434,0.004727272727272724,0.0003636363636363549
54,54,0.9490909090909091,0.9487693396703408,0.9183145009416196,0.9884651600753296,3.060201400609368,1.7635113928146013,1.8210265828466614,0.35111051570294033,0.886084104309629,0.07345454545454547,0.027636363636363646,0.000363636363636366,-0.0025454545454545617,-0.0018181818181818299,-0.002909090909090928,-0.001454545454545464,0.0,-0.002909090909090928,0.0,0.003272727272727294,-0.001454545454545464
55,55,0.9454545454545454,0.9452507745073068,0.9073818558123491,0.9904277337012763,3.5412326303080204,1.2812819702503528,1.626085016135124,1.0948651469926818,0.5680991977340428,0.09599999999999999,0.010909090909090879,-0.0061818181818182215,-0.014545454545454539,-0.0018181818181818299,-0.0036363636363636598,-0.0007272727272727431,-0.000727272727272732,0.0021818181818181958,-0.002909090909090928,-0.006545454545454588,0.0021818181818181737
56,56,0.9709090909090909,0.9711353535353535,0.958325808199386,0.9966588405273614,2.7014422492214107,1.6015226371537081,1.7699102602829355,1.0724168645398757,0.6361447833422447,0.07781818181818187,0.021090909090909115,-0.006545454545454477,-0.0003636363636363549,0.0,-0.00618181818181811,0.0,-0.002545454545454484,-0.0010909090909090647,-0.005818181818181745,-0.005090909090909035,-0.0014545454545454195
57,57,0.9636363636363636,0.9633819339701694,0.9363636363636363,0.9933884297520662,2.641368008043429,0.5479077233285212,1.917936249526751,1.7201420985697147,0.9329610495168185,0.11527272727272726,0.025454545454545452,0.006181818181818144,0.008727272727272684,0.0029090909090909167,0.009818181818181771,0.0065454545454544984,0.0,0.0,0.0,0.0032727272727272826,0.0021818181818181737
58,58,0.9563636363636364,0.9557685950413224,0.9206502494769033,0.9904233059713503,3.5110805440910178,1.133591764192153,2.3877416051700306,1.1510239263480484,-0.23600834989138822,0.05527272727272734,0.03381818181818188,-0.00290909090909085,-0.0036363636363635488,-0.002909090909090839,0.0,0.001454545454545475,0.0,0.011636363636363712,0.0018181818181818299,0.0,0.0
59,59,0.9672727272727273,0.9671536553334305,0.9438211796702363,0.9960904300526942,3.096096159800347,1.4879216441284169,1.6672751685458302,1.8921704091937965,-0.25978679411531347,0.08836363636363638,0.014181818181818174,-0.0029090909090909167,-0.004000000000000015,-0.004000000000000015,0.0,-0.001454545454545464,0.003272727272727294,-0.002909090909090928,0.001454545454545464,-0.003999999999999981,-0.0018181818181818299
60,60,0.96,0.960162035456635,0.9347008076358296,0.993208516886931,3.0679582234572638,1.5894095531685368,1.5250365679348565,0.3340032470447363,1.2738068578574475,0.07599999999999997,0.039999999999999945,0.0,0.0,-0.00036363636363637706,0.00618181818181811,-0.000363636363636366,0.0,0.0014545454545454195,0.0,0.0,-0.0010909090909091202
61,61,0.9636363636363636,0.963911701044054,0.9466666666666668,0.9953777777777778,3.4869235104452625,1.0053838267223765,1.6291051341585125,1.1063222331135059,0.5484570620253383,0.07999999999999999,0.018909090909090875,0.0,-0.003272727272727294,-0.01345454545454543,-0.003272727272727294,-0.0025454545454545617,0.0,0.0072727272727272085,-0.002909090909090928,-0.006909090909090943,-0.0025454545454545617
62,62,0.96,0.9598465236278639,0.930015756302521,0.9942226890756303,2.7373246978881323,1.5773090250052617,1.723979965110708,1.0107360197188333,0.5627222955932869,0.09199999999999994,0.017090909090909056,0.0007272727272727098,-0.0018181818181818299,-0.002909090909090928,0.0043636363636362805,-0.0010909090909090979,-0.00545454545454549,0.00618181818181811,-0.0036363636363636598,-0.0036363636363636598,-0.0021818181818181958
63,63,0.9527272727272728,0.9529086538943426,0.9244444444444444,0.9906666666666667,2.2759168244895758,0.7658433169773047,2.002153813957236,2.052999422030078,1.0163060461349003,0.11490909090909093,0.015272727272727304,0.0,-0.0032727272727272718,0.0,0.0,-0.001454545454545464,0.000363636363636366,0.0,0.0,0.001454545454545464,-0.0010909090909090979
64,64,0.9672727272727273,0.9671567343228278,0.9446539299480476,0.994804759510642,2.7731435002345997,1.6168523692368078,1.4622539371637986,1.549364767241763,0.4660060187499101,0.036727272727272754,0.04800000000000003,-0.0069090909090908535,-0.000727272727272732,-0.0065454545454544984,-0.000363636363636366,0.0,0.0,-0.002909090909090928,0.0021818181818181958,-0.005090909090909057,-0.0007272727272727208
65,65,0.96,0.96013462209362,0.9409090909090909,0.9950413223140495,2.558095897830496,1.5382524873552677,1.0419344893364737,1.5758877082636153,0.9580858382847399,0.09454545454545452,0.016363636363636348,0.0014545454545454195,-0.004727272727272769,-0.000727272727272732,0.0021818181818181294,-0.0025454545454545617,-0.0021818181818181958,0.005454545454545423,-0.006545454545454588,-0.0021818181818181958,-0.002545454545454573
66,66,0.9527272727272728,0.9522499762135298,0.9183566714952519,0.9919523579591181,2.960521725530798,0.9263803601706377,0.9931345819844833,2.114242614663758,1.0991055951245468,0.13454545454545458,0.0352727272727273,0.004727272727272758,-0.002909090909090928,-0.004727272727272724,-0.009454545454545427,0.001454545454545464,0.00036363636363637706,0.011272727272727313,0.006545454545454588,-0.008363636363636351,-0.002545454545454551
67,67,0.9818181818181818,0.981898276015923,0.971256038647343,0.9979710144927536,3.2802842800987957,0.5955551266166282,1.7239604932487718,1.365711978320816,0.6761083184919312,0.11090909090909093,0.012727272727272731,0.0,-0.003272727272727294,0.0,0.0,-0.000363636363636366,-0.003272727272727294,0.0,-0.000363636363636366,-0.006909090909090953,-0.0018181818181818299
68,68,0.9636363636363636,0.9638975167277055,0.9480855467402554,0.9925836495343222,2.871534930126385,1.282713955310331,0.6802474657486592,1.7177868203072988,1.4137071488103985,0.0978181818181818,0.02545454545454544,0.004000000000000015,0.0036363636363636598,0.000363636363636366,0.013818181818181795,0.0,0.006181818181818144,0.009090909090909038,0.0,0.002181818181818185,0.0018181818181818299
69,69,0.9709090909090909,0.9704441197235129,0.9367121848739496,0.9970238095238094,3.098966264338121,1.216317648093298,1.719293902032819,1.2037457149957256,0.5637011741220113,0.03381818181818184,0.02581818181818185,-0.0003636363636363438,-0.003272727272727205,0.001090909090909109,-0.0003636363636363549,0.0,0.000727272727272732,-0.0007272727272726986,0.001090909090909109,-0.0014545454545454195,0.0
70,70,0.9709090909090909,0.9709090909090909,0.9545454545454546,0.9964462809917356,2.7357365847695925,1.524654879793497,1.2180315368795434,1.5527644901844004,0.8897569373956408,0.11709090909090913,0.029818181818181855,0.001090909090909109,0.003272727272727294,0.0,0.007636363636363675,0.0,0.001454545454545464,0.0018181818181818299,-0.0007272727272727098,0.0036363636363636598,0.001454545454545464
71,71,0.96,0.9590814280796258,0.9203488372093023,0.9934108527131783,3.511101833603725,1.5125767684199194,2.1710008587512504,0.33154667374408936,0.4477927167641692,0.049818181818181796,0.045090909090909057,0.0014545454545453972,0.002181818181818118,0.005090909090909012,0.002181818181818118,-0.0025454545454545617,-1.1102230246251566e-17,-0.000727272727272732,0.0025454545454544953,0.006545454545454477,0.002909090909090861
72,72,0.96,0.9595517039160747,0.9249532551419344,0.9944756076831549,3.238350244746005,1.1042688571150008,1.7309581914595709,0.8058739203041754,0.7553565201712166,0.07090909090909087,0.02945454545454541,-0.003272727272727294,-0.006545454545454588,-2.2204460492503132e-17,-0.002909090909090928,0.0,0.0007272727272726875,-0.003272727272727294,0.0014545454545454195,-0.005818181818181856,0.003999999999999915
73,73,0.9563636363636364,0.9563636363636364,0.9308697838109603,0.9901122842299312,2.5691043293574105,1.67837277882054,1.2180050898004466,1.8081157774932048,0.5478067842813972,0.030909090909090976,0.035636363636363674,0.001454545454545464,-0.0003636363636363549,-0.002909090909090839,0.005090909090909123,0.0036363636363636598,0.003272727272727294,0.00909090909090915,0.0007272727272727431,0.006545454545454588,0.0043636363636363916
74,74,0.9636363636363636,0.9634066711931006,0.9398932831136222,0.9938010043942247,3.0722465116902438,1.3371699043046377,2.2588145977484793,0.9898959390003603,0.30710867901163824,0.09454545454545453,0.014909090909090894,-0.0021818181818181958,0.0010909090909090979,-0.001454545454545464,-0.005818181818181856,0.000363636363636366,-0.000363636363636366,0.0036363636363636264,0.0,-0.002909090909090928,0.006909090909090876
75,75,0.9636363636363636,0.9630551496543911,0.9246761204481793,0.9932598039215687,2.258558529396771,0.6786417564077177,1.5990717504485745,2.5519471647145044,0.9494755776807137,0.11636363636363636,0.0298181818181818,0.0,0.000363636363636366,0.000363636363636366,0.0,0.0,0.0,0.0,0.0,0.0003636363636363549,-0.000727272727272732
76,76,0.9490909090909091,0.948396694214876,0.9095847416706905,0.9899404474488975,3.022615615238593,1.4555744531049684,1.6476765470070394,1.6279062621494398,0.24557234010565512,0.0730909090909091,0.029454545454545476,-0.005090909090909123,-0.003272727272727294,-0.003272727272727294,-0.0036363636363636598,0.0,-0.0010909090909090979,-0.002909090909090928,-0.004000000000000026,-0.00618181818181821,-0.005090909090909113
77,77,0.9709090909090909,0.970649099692578,0.939101955572432,0.9941142965635086,3.216819515657614,1.0484372742363346,2.0578893794521553,0.753535042653109,0.6113745833265538,0.027272727272727303,0.016727272727272778,-0.0003636363636363438,0.000727272727272732,0.001818181818181841,2.2204460492503132e-17,0.0010909090909090979,-0.003636363636363571,0.0007272727272727541,0.0021818181818181958,0.0021818181818181958,0.0003636363636363993
78,78,0.96,0.9601866885131949,0.9289294306335205,0.9949879711307137,2.7888136728174584,1.655192650410157,1.189438652274229,2.498941546182119,-0.303823571213623,0.1087272727272727,0.00290909090909085,0.0014545454545454195,-0.0010909090909091202,-0.003272727272727294,0.0010909090909090424,-0.0018181818181818299,-0.002909090909090928,-0.008727272727272783,0.00036363636363633266,-0.0007272727272727431,0.003999999999999948
79,79,0.9672727272727273,0.967372270148304,0.9545276208411801,0.9934086629001884,2.562458076649233,1.254824329493143,1.824128848912823,1.7505052329219468,0.8193616177879363,0.12800000000000003,0.022545454545454546,0.006909090909090943,-0.0036363636363636155,0.0043636363636363916,0.002909090909090928,0.004000000000000026,0.0072727272727273196,0.001454545454545475,0.00436363636363638,0.0010909090909090979,0.007999999999999997
80,80,0.96,0.9589050283686561,0.9195053317535544,0.994372037914692,2.9813165907734187,1.4505854476010995,0.9840183290498232,1.1628392150104907,1.2353689927972245,0.09527272727272725,0.028363636363636348,-0.0007272727272727431,-1.1102230246251566e-17,-0.002909090909090928,-0.0036363636363636598,0.0018181818181817633,0.00036363636363633266,-0.0036363636363636598,0.0039999999999999255,-0.0032727272727273047,-0.0007272727272727541
81,81,0.9636363636363636,0.9638780169602087,0.95,0.9919834710743801,2.9340997243732607,2.1198682895045358,1.2069587634209245,1.140311425543474,0.6731516187426846,0.0967272727272727,0.023272727272727257,0.001454545454545464,0.002545454545454551,0.000727272727272732,-0.0061818181818182215,0.0040000000000000036,0.000363636363636366,0.0018181818181818078,0.001454545454545464,0.0021818181818181737,0.008363636363636328
82,82,0.9527272727272728,0.9521367053998632,0.9073054000361207,0.9882607910420805,3.5126086940115235,0.7578451656269799,2.3781916260961222,0.4465952776143051,0.7999671155495659,0.021818181818181848,0.015272727272727316,0.0,0.003272727272727294,0.0036363636363636598,0.0,0.0010909090909090979,0.0,0.0043636363636363916,0.0,0.0043636363636363916,0.0010909090909090979
83,83,0.96,0.9601417691609883,0.9393166751657318,0.9888662247152814,2.4019538463202608,0.916160892662734,1.4480769130050686,1.6617380768380736,1.6901775634610734,0.12981818181818178,0.017090909090909056,0.0032727272727272163,0.0007272727272726986,0.003636363636363571,0.0010909090909090534,0.0003636363636363549,0.00036363636363633266,0.014545454545454528,0.0032727272727271937,0.005090909090909035,0.0021818181818181294
84,84,0.9636363636363636,0.9636363636363636,0.9473341504519688,0.9931821663857822,3.5329134914119553,1.1161039939415418,1.5395373335887401,1.1540308947668987,0.6432102873158577,0.06618181818181817,0.02109090909090907,0.000363636363636366,0.000727272727272732,0.0010909090909090979,0.000727272727272732,0.0029090909090909167,0.000363636363636366,0.004000000000000015,0.000363636363636366,0.0036363636363636598,0.004363636363636347
85,85,0.9418181818181818,0.9405646469797414,0.890370189171559,0.9872798434442269,2.5960888682543866,1.6547465655057283,1.4830736057387734,1.55652135407237,0.6907648573966484,0.09599999999999996,0.011636363636363601,-0.004000000000000026,-1.1102230246251566e-17,-0.0043636363636363916,0.011636363636363601,-0.006909090909090953,-0.0007272727272727431,0.006545454545454477,0.0018181818181817854,-0.0018181818181818299,0.0007272727272726765
86,86,0.9636363636363636,0.963012680186692,0.9336996336996337,0.9946520146520146,2.7864165485546324,1.8159630921507832,2.2089272751143905,1.0745938389562357,-0.07903128690794398,0.06399999999999999,0.034909090909090904,-0.000363636363636366,0.0040000000000000036,0.0021818181818181958,0.0025454545454545617,0.0036363636363636598,0.0036363636363636598,0.007999999999999941,-0.000727272727272732,0.0014545454545454527,-0.000363636363636366
87,87,0.9636363636363636,0.9636363636363636,0.9473341504519688,0.9941014248506206,3.3951464385290153,1.896467820280066,1.4005600983835598,1.8387625341962166,-0.718269190837918,0.1367272727272727,0.017818181818181823,-0.00545454545454549,0.0,-0.0018181818181818299,-0.004000000000000026,0.0021818181818181958,0.000363636363636366,-0.0014545454545454861,0.0,-0.003272727272727294,0.0
88,88,0.96,0.9593268895319009,0.9241220403623073,0.9933259176863182,3.098425279869643,1.9311459679393388,2.080940553560196,0.344693038720962,0.1172713198658747,0.033454545454545424,0.02618181818181814,0.002909090909090839,0.0036363636363635488,0.002909090909090839,0.0036363636363635488,-0.0010909090909090979,-0.000363636363636366,-1.1102230246251566e-17,0.0003636363636363438,0.002545454545454473,-0.00036363636363638817
89,89,0.9563636363636364,0.9560736523750223,0.9271286013198132,0.9917109286978915,2.7448061558334174,1.8436155859733383,0.6282183775253447,1.6344750979720732,1.0890803969260396,0.09418181818181824,0.0236363636363637,0.003636363636363671,0.0025454545454545617,0.003272727272727294,-0.0018181818181817744,-0.004363636363636303,-0.004727272727272658,0.0116363636363637,0.002909090909090928,0.006545454545454588,0.003636363636363671
90,90,0.9454545454545454,0.9435709717965115,0.884090909090909,0.9910743801652893,3.02068906355843,1.8386978634492528,1.9622114512710833,0.8624763424707427,0.23264521839495414,0.07599999999999998,0.021818181818181803,0.002909090909090928,-0.000363636363636366,0.002909090909090928,-0.000727272727272732,-0.002909090909090928,0.0,0.001454545454545464,0.0036363636363636598,0.002909090909090928,0.0014545454545454527
91,91,0.9490909090909091,0.9483368208943657,0.9197735432201048,0.9924744545705606,3.165694243002662,2.079036682358289,2.2497601522808477,0.396141420518481,0.3238861847978479,0.0610909090909091,0.04800000000000001,-0.0036363636363636598,-0.007272727272727287,-0.007636363636363663,-0.007272727272727308,-0.0021818181818181958,0.0,-0.007272727272727308,-0.0025454545454545617,-0.0061818181818182215,-0.000363636363636366
92,92,0.9527272727272728,0.9523065364387678,0.923746781765864,0.9932606391034379,2.7580741584660027,1.583000965438823,1.5705258706653795,1.7294359576400784,0.2474801715398195,0.10545454545454547,0.007272727272727287,-0.005090909090909079,-0.00727272727272722,-0.0036363636363636377,-0.00727272727272722,-0.000727272727272732,-0.000363636363636366,-0.006909090909090865,-0.0040000000000000036,-0.001454545454545464,-0.004363636363636347
93,93,0.9745454545454545,0.9742601752193204,0.9483256841747407,0.9953255141934386,3.221653299479132,1.531425089310933,2.0293208791762525,0.8381255597402241,0.17602638834369863,0.05963636363636361,0.03381818181818175,0.003272727272727205,0.00290909090909085,0.002909090909090839,0.003272727272727205,0.0018181818181817744,0.0010909090909090647,0.006181818181818133,0.0014545454545454195,-2.2204460492503132e-17,0.00290909090909085
94,94,0.9709090909090909,0.9707157682500147,0.9492596169322388,0.9953323676162884,3.293112027551145,1.306611129311939,2.1078058096558694,1.494248039162293,-0.3309925840058158,0.06581818181818186,0.018545454545454566,-0.006909090909090842,-0.006545454545454477,-0.005818181818181745,-0.006545454545454477,0.0021818181818181958,-0.0021818181818181294,-0.003272727272727227,0.0007272727272727541,-0.005818181818181767,0.0040000000000000365
95,95,0.9454545454545454,0.9440281488238743,0.8909090909090909,0.9937190082644628,3.3933572590641154,1.4467851340224673,1.7130869007919298,1.4132391097144297,-0.12147296134349263,0.03745454545454545,0.006181818181818166,-0.000363636363636366,-0.000727272727272732,-0.004000000000000026,0.004727272727272714,-0.002909090909090928,-0.000363636363636366,-0.001454545454545464,-0.000727272727272732,-0.0010909090909090979,-0.0072727272727273196
96,96,0.9454545454545454,0.9445366675435013,0.902272366121087,0.9910217702208803,3.0552022292600904,1.611092232456285,1.4504342917155615,1.0383112755552273,0.7235137408544701,0.048363636363636345,0.03999999999999998,-0.000727272727272732,-0.000727272727272732,-0.000363636363636366,-0.000727272727272732,-0.004000000000000026,-0.000363636363636366,0.001454545454545464,-0.0021818181818181958,-0.0072727272727273196,0.0018181818181817965
97,97,0.9636363636363636,0.9636363636363636,0.9379176449340798,0.9920534585515621,3.300992018932166,1.5146119204997437,1.2716045501332247,1.5943000452460883,0.1346201456439668,0.06327272727272726,0.03272727272727273,-0.001454545454545464,0.004727272727272724,-0.0029090909090909167,0.005090909090909079,0.000727272727272732,0.006545454545454521,0.02545454545454543,0.0032727272727272826,0.0029090909090909054,0.0032727272727272718
98,98,0.96,0.9594490050445823,0.9322169059011165,0.9969551979121357,3.3216367686663353,1.7105651835038052,1.404588714088125,1.3003287808842308,-0.053364997118952616,0.1356363636363636,0.012363636363636332,0.0010909090909090647,-0.000363636363636366,0.0021818181818181294,-0.004000000000000026,0.0,0.0021818181818181294,0.005090909090909035,0.00036363636363633266,-0.004000000000000026,0.002545454545454484
99,99,0.9309090909090909,0.9302461496524465,0.8882611424984306,0.9831293157564345,3.0374194138070854,1.656856286037102,1.837825557884007,0.9782477983219515,0.514031416500434,0.04436363636363636,0.023636363636363657,-0.005818181818181845,-0.0018181818181818299,-0.012727272727272731,0.002909090909090928,-0.000363636363636366,-0.000363636363636366,-0.0010909090909090979,-0.000727272727272732,-0.005454545454545467,-0.000727272727272732
100,100,0.96,0.9588962798718896,0.910589835118137,0.9916709161992181,3.212712382284337,1.7378753711968065,1.8294540842664846,0.44959031146989137,0.3869483243845416,0.0367272727272727,0.026909090909090872,-0.001454545454545475,-0.000727272727272732,-1.1102230246251566e-17,-0.004727272727272758,0.0007272727272727098,0.004363636363636303,-0.00036363636363638817,0.0014545454545454085,0.0010909090909090647,-0.0007272727272727875
101,101,0.9709090909090909,0.97050200344318,0.9418623613829094,0.9957599478147423,3.1143276072826236,1.514385804322642,1.4202020109612057,1.465993413479321,0.23861513620352334,0.08945454545454548,0.021818181818181827,-0.004727272727272658,-0.006545454545454477,-0.0021818181818181294,-0.010181818181818136,0.0007272727272727431,0.0010909090909090979,-0.005818181818181755,0.0021818181818181958,-0.00545454545454539,0.004727272727272758
102,102,0.9709090909090909,0.9709090909090909,0.9525698516729907,0.9969817178337358,3.064533703324649,1.4105141675914041,1.0994399943113293,1.7035684010174572,0.49883305693297353,0.1101818181818182,0.013454545454545486,-0.0032727272727271937,-0.0032727272727271937,-0.002909090909090839,-0.006909090909090842,0.0,-0.0072727272727272085,-0.0036363636363635488,0.0,-0.0032727272727271937,-0.0007272727272726986
103,103,0.9454545454545454,0.9441359863378211,0.8959558239313523,0.9901477832512315,2.559852481212082,1.5061037423786363,2.0128395380190613,0.5227877462334327,1.2544500564224461,0.040363636363636345,0.024363636363636365,-0.000363636363636366,-0.0021818181818181958,0.000363636363636366,-0.0010909090909090979,-0.002909090909090928,-0.000727272727272732,-0.001454545454545464,0.0,-0.0021818181818181958,0.0
104,104,0.9709090909090909,0.971107438016529,0.960910005027652,0.997737556561086,3.706367774065427,1.1590329905757895,1.2868517374578583,0.735464943844093,0.8419431196670716,0.10181818181818184,0.01745454545454549,-0.002909090909090839,-0.0043636363636362805,0.0,-0.0032727272727271937,-0.0021818181818181294,0.0,0.0,0.0,-0.0007272727272727098,0.0
105,105,0.9418181818181818,0.9405646469797414,0.890370189171559,0.9895629484670581,2.293935890789355,1.0948653028288136,2.2508217790351996,2.7540283196562845,-0.49366010839727253,0.12436363636363632,0.003272727272727227,0.0003636363636363549,-0.003272727272727294,-0.000363636363636366,0.002545454545454506,-0.0018181818181818299,0.0007272727272727098,0.003999999999999915,-0.002545454545454573,-0.009818181818181882,0.0007272727272726875
106,106,0.9490909090909091,0.9477716810792619,0.902826719779378,0.992186303048874,3.8147813380572786,1.0330199872434518,1.3686126410309658,1.3431780721108542,0.4164036201008212,0.03563636363636365,0.028727272727272747,-0.0036363636363636598,0.0,0.004000000000000026,0.000363636363636366,-0.0021818181818181958,-0.0018181818181818299,0.003272727272727294,-0.0018181818181818299,-0.00545454545454549,-0.0043636363636363916
107,107,0.9490909090909091,0.9485088045378821,0.9178391587677726,0.9934093601895735,2.5210794512892893,1.198109716792483,1.7803552463611776,1.0487381466586776,1.349991546496392,0.09381818181818183,0.023636363636363643,-0.004000000000000026,-0.0010909090909090979,0.0,-0.0036363636363636598,-0.004727272727272758,-0.0010909090909090979,0.002909090909090928,0.000727272727272732,0.0021818181818181958,0.001454545454545464
108,108,0.9636363636363636,0.9634232628104238,0.942223231864304,0.9946993790701196,2.7164034304587363,1.8284991598014073,1.3569402142562446,0.7448124850380087,0.8402898768973918,0.07418181818181817,0.03163636363636363,0.000363636363636366,-0.004000000000000026,0.0,-0.0010909090909090979,0.0021818181818181958,0.000363636363636366,0.0018181818181818078,0.001454545454545464,0.000727272727272732,-0.000727272727272732
109,109,0.9709090909090909,0.9707157682500147,0.9492596169322388,0.9953323676162884,3.2782539366114487,0.6117560900001509,2.377166372062767,1.9571848537381742,-0.46966648045878984,0.08945454545454548,0.02690909090909095,0.0,0.010545454545454613,-0.0018181818181817854,0.000363636363636366,0.000363636363636366,4.4408920985006264e-17,0.0018181818181818299,-0.0032727272727272163,0.0,0.0
110,110,0.9709090909090909,0.9706888209829385,0.9451966195239738,0.9956881683339083,2.8197340957254418,1.5266376228859642,1.7205848164689521,0.6832663269789517,0.8457257299731424,0.10254545454545458,0.01890909090909093,0.0,-0.00290909090909085,-0.0003636363636363549,-0.002545454545454473,-0.0003636363636363549,-0.0003636363636363549,-0.0032727272727271937,-0.0003636363636363549,-0.003272727272727205,-0.0014545454545454195
111,111,0.9636363636363636,0.9632919005613473,0.9231601731601732,0.9944903581267217,3.0081786476419183,1.9104539663663458,1.2304010772106828,0.4940320652215088,0.9353504803919711,0.08509090909090909,0.02145454545454546,-0.000727272727272732,0.000363636363636366,-0.000727272727272732,0.000363636363636366,0.0,0.0,0.004000000000000015,0.000363636363636366,0.0,0.0010909090909090979
112,112,0.9672727272727273,0.9666097197484644,0.9360805860805861,0.9972893772893773,3.0821281766862585,1.1257510639118105,1.6460694833071965,1.0750083286719028,0.8601853905793745,0.12654545454545457,0.041454545454545466,-0.001454545454545464,-0.00727272727272722,0.003272727272727294,1.1102230246251566e-17,0.0043636363636363916,-0.0021818181818181958,-0.006909090909090865,0.000363636363636366,-0.0069090909090908535,0.0
113,113,0.9636363636363636,0.9636363636363636,0.9407123145912384,0.992669886167644,2.806627116585673,1.9154831250711677,1.806053210703176,0.6866788494739564,0.5639052433758512,0.07309090909090907,0.027636363636363636,0.0029090909090909167,0.000363636363636366,0.006181818181818144,0.000363636363636366,-0.000363636363636366,0.000363636363636366,-0.00545454545454549,-0.0018181818181818299,-0.000727272727272732,0.006181818181818144
114,114,0.9563636363636364,0.9556661795852692,0.9126400560224089,0.9919467787114846,3.040747196972745,0.7239554230523948,2.0210132298630614,0.2500375053690406,1.8424257646887807,0.04290909090909097,0.037090909090909154,-0.00363636363636356,-0.0072727272727272085,-0.0014545454545454195,0.0036363636363636598,-0.005090909090909024,-0.007636363636363575,0.003272727272727294,-0.0007272727272727098,0.005818181818181856,-0.0018181818181817744
115,115,0.9454545454545454,0.9445127175140281,0.9008128118461292,0.9886528247223564,2.602845994031497,2.1413962685434007,1.966922184257003,0.5172162135772285,0.5524373570407812,0.06509090909090907,0.010181818181818158,-0.002909090909090928,-0.002909090909090928,-0.0036363636363636598,-0.0021818181818181958,-0.0025454545454545617,0.000727272727272732,-0.002909090909090928,-0.005090909090909123,-0.009454545454545504,0.0018181818181818299
116,116,0.96,0.9603649905437813,0.9493882091212458,0.9940409979342126,2.8485881675693494,1.7532290322937842,0.9393546606899533,1.8527307663099668,0.5977842727675207,0.0407272727272727,0.04072727272727269,0.0032727272727271937,-0.0043636363636363916,0.0,-0.002909090909090928,-0.003272727272727294,-0.00545454545454549,-0.002909090909090939,0.0021818181818181403,-0.0025454545454545617,0.0007272727272726875
117,117,0.9636363636363636,0.963127504303975,0.9306506849315068,0.9939660795825179,2.8823419944430717,1.155744142538494,1.9154982100689208,1.5734267770641976,0.30661079748314823,0.07745454545454543,0.017818181818181823,0.0010909090909090868,-0.0010909090909090979,0.000363636363636366,-0.0021818181818181958,0.005090909090909068,0.0032727272727272826,0.0065454545454544984,0.00654545454545451,0.004727272727272714,0.0036363636363636377
118,118,0.9818181818181818,0.9820517592099438,0.9801932367149758,0.9959420289855072,3.4456407335591663,1.1009144443845122,2.3171252616121176,0.39065283423382924,0.33277354667559617,0.03454545454545453,0.028727272727272702,-0.003272727272727294,0.0021818181818181958,0.0061818181818182215,0.0018181818181818299,0.0,0.000363636363636366,-0.003272727272727294,0.0018181818181818299,0.002909090909090928,0.0018181818181818299
119,119,0.9709090909090909,0.9702100070472164,0.9375,0.9960011848341233,3.374577309597123,0.6974545477038527,1.7379344128060523,1.6769486623163754,0.21254699256832763,0.10909090909090913,0.025454545454545487,0.004000000000000026,0.003272727272727294,0.003272727272727294,0.009818181818181882,0.004000000000000026,0.0010909090909090979,0.007636363636363686,0.0043636363636363916,0.006909090909090953,0.004000000000000026
120,120,0.9454545454545454,0.9442019473813079,0.8990310077519379,0.9903100775193798,2.874223515830913,1.6247485004778928,1.811904593624835,0.9097051357410375,0.7235540156242432,0.07345454545454543,0.01963636363636362,0.003272727272727294,0.0025454545454545617,-0.003272727272727294,0.0040000000000000036,0.0,-0.0036363636363636598,0.013090909090909065,-0.003272727272727294,0.001454545454545464,0.000727272727272732
121,121,0.96,0.9595395708835918,0.9237236978268368,0.9932735426008968,2.219438454182459,1.0067971466886356,0.9559283381369827,2.2508717975878287,1.3711670731307966,0.13818181818181813,0.011636363636363589,0.0032727272727271937,0.003636363636363571,0.002909090909090839,0.0032727272727271937,0.0010909090909090647,-0.0007272727272727431,0.005818181818181755,0.0010909090909090647,0.0043636363636362805,-0.00036363636363638817
122,122,0.9781818181818182,0.9780251263270131,0.958438076085135,0.995810289927937,3.2788608519132683,0.7238177980322306,1.4854322368359998,1.8851618635012484,0.23495304669863884,0.11527272727272726,0.034545454545454504,-0.0018181818181818299,0.0,0.0,-0.003272727272727294,-0.0036363636363636598,0.0,-0.003272727272727294,-0.0010909090909090979,0.000363636363636366,-0.0010909090909090979
123,123,0.9636363636363636,0.9638719400670148,0.9505870841487281,0.996249184605349,3.2454374616487516,1.1892221915039813,1.4862876136353043,0.8050927628010416,1.0866945329877986,0.088,0.039999999999999994,-0.006545454545454588,-0.0036363636363636598,-0.0036363636363636598,0.0,-0.000727272727272732,-0.0036363636363636598,-0.003272727272727294,-0.004727272727272758,-0.003272727272727294,-0.001454545454545464
124,124,0.9454545454545454,0.9452800872291126,0.9149054505005562,0.9897505164468456,2.758788722873344,1.5911876062923969,1.65521220992612,1.9317728208848666,-0.10141814151728162,0.06472727272727272,0.05090909090909089,-0.002909090909090928,-0.0021818181818181958,0.0,-0.006545454545454588,-0.004727272727272758,-0.003272727272727294,-0.000727272727272732,-0.0036363636363636598,-1.1102230246251566e-17,0.0010909090909090868
125,125,0.9563636363636364,0.9575848987613693,0.9577777777777778,0.9939555555555556,2.3441307002576885,1.8414486107244383,0.8760842626559378,1.2441643143857033,1.4654933481694221,0.0727272727272728,0.06254545454545461,-0.0018181818181817633,-0.003999999999999937,-0.0010909090909090424,-0.002545454545454484,-0.002181818181818118,-0.0021818181818181294,0.001090909090909109,-0.0010909090909090534,-0.0021818181818181294,-0.00036363636363632155
126,126,0.9527272727272728,0.9532862998051469,0.9302955212922173,0.9950440528634361,2.2908369988830413,1.8435212685173534,1.244797983466387,2.474724716009259,0.027274043896764775,0.09090909090909094,0.0043636363636363916,-0.0036363636363636377,-0.013090909090909065,-0.007999999999999952,-0.007636363636363575,0.0,-0.004727272727272724,-0.01345454545454543,-0.005818181818181789,-0.008363636363636328,-0.0036363636363636485
127,127,0.9636363636363636,0.9628730746377805,0.925237405440206,0.993722839208112,2.45373311512583,1.822103842803598,1.8412545428814657,1.106523409632162,0.13654744405679103,0.059272727272727276,0.03199999999999999,0.0032727272727272718,0.0040000000000000036,0.0032727272727272718,-0.000363636363636366,0.0025454545454545617,-0.0025454545454545617,-0.000363636363636366,0.0036363636363636485,0.002181818181818185,0.004727272727272714
128,128,0.9527272727272728,0.9519317785377011,0.9131972032416971,0.9924519307166694,2.6579273209844243,1.3613509380126498,2.3965885827802524,1.3461085707499911,0.07815107968542198,0.08290909090909093,0.01890909090909094,0.0,0.0,0.0,-0.0010909090909090979,0.0,0.0,-0.0032727272727272826,0.0,0.000363636363636366,0.001454545454545464
129,129,0.9563636363636364,0.955398413245947,0.9113636363636364,0.9938842975206612,2.7940711516443963,1.2241507779615075,1.6884590505993238,1.1494802115566272,0.8743143541095407,0.09381818181818186,0.03054545454545462,-0.0032727272727272163,-0.0039999999999999255,-0.003999999999999915,-0.0010909090909090647,-0.0036363636363635488,-0.006545454545454488,-0.0039999999999999255,-0.00290909090909085,-0.0043636363636362805,-0.005090909090909012
130,130,0.9672727272727273,0.9667872623244523,0.9397274633123689,0.9970050913447139,2.9519981403963578,1.307985280331869,1.1820509250291023,1.1052134361894315,1.137252067466644,0.09745454545454547,0.03418181818181817,0.005818181818181856,0.0036363636363636598,0.003272727272727294,-0.0010909090909090979,0.001454545454545464,0.0,0.009818181818181804,0.0036363636363636598,0.000727272727272732,0.0021818181818181958
131,131,0.96,0.9601186692095782,0.9443798449612403,0.992170542635659,3.244902188983754,1.3313686915229048,1.28352079829255,1.4551587950294,0.4788285521866977,0.08290909090909085,0.038181818181818164,-0.0036363636363636598,-0.006909090909090953,-1.1102230246251566e-17,-0.0036363636363636598,-0.0018181818181818299,-0.000727272727272732,-0.0036363636363636598,-0.004000000000000026,-0.005090909090909123,-0.002909090909090928
132,132,0.9745454545454545,0.9741279218543754,0.9468377275580666,0.9952919020715632,2.8056856629329965,1.1768288355493919,1.7913743222754046,1.6832875220797767,0.31871207283326725,0.051272727272727234,0.055636363636363595,-0.0007272727272727431,0.003636363636363571,0.00545454545454539,-2.2204460492503132e-17,-0.001454545454545475,0.0007272727272727098,-0.0036363636363636598,0.00290909090909085,-0.001454545454545464,0.0069090909090908535
133,133,0.9781818181818182,0.97795004995005,0.960282721010333,0.9964121699196326,3.196166020353578,1.1741694291325062,1.7292589191622096,1.240240436139333,0.6463403695167604,0.12254545454545451,0.03563636363636361,0.005090909090909079,0.0065454545454544984,0.009454545454545405,0.0076363636363635965,-0.000363636363636366,0.0,0.007999999999999962,0.0040000000000000036,0.009090909090909049,0.0010909090909090868
134,134,0.9672727272727273,0.9671504647043841,0.942954467057606,0.9956019317005864,2.8356591033011007,1.4699872806845902,1.6917602233835978,0.8918208194756437,0.8746620144749653,0.07527272727272727,0.026181818181818205,-0.000363636363636366,-0.0010909090909090979,0.000363636363636366,0.0065454545454545765,-0.0029090909090908946,0.000363636363636366,0.005090909090909123,0.003272727272727294,0.002909090909090928,0.003272727272727294
135,135,0.9563636363636364,0.9556683316683316,0.9265771526001705,0.9917590224495596,2.842879621709504,1.3072233590455036,1.4208308650387849,0.9184257610228935,1.077729441688941,0.13890909090909095,0.010909090909090957,0.000727272727272732,0.000727272727272732,0.000363636363636366,0.000727272727272732,0.0,0.0,0.00545454545454549,0.0018181818181818299,0.000363636363636366,0.000727272727272732
136,136,0.9418181818181818,0.9403846373337897,0.8953279424977538,0.9895926924228811,2.87253798029873,1.5314088754335387,2.457645737036417,0.8739120433827949,0.004866660428464096,0.039272727272727216,0.01927272727272723,-0.004000000000000026,0.009090909090909038,0.0047272727272726685,-0.0072727272727273196,-0.00036363636363638817,-1.1102230246251566e-17,-0.009454545454545516,-0.000727272727272732,0.003272727272727205,-3.3306690738754695e-17
137,137,0.9636363636363636,0.9636363636363636,0.9485250074872715,0.9973045822102425,2.4486461076412067,1.6087036405910908,1.0325915476169556,1.3701302767922756,1.1721597262610621,0.10327272727272727,0.028727272727272712,-0.000363636363636366,0.000363636363636366,-0.0043636363636363916,-0.006545454545454588,-0.008000000000000018,-0.0036363636363636598,-0.006909090909090953,-0.0043636363636363916,-0.004000000000000026,-0.0043636363636363916
138,138,0.9672727272727273,0.9671597079198653,0.9454545454545454,0.9967768595041322,3.573046532970704,0.8584898655352909,1.653859240901289,0.7116180969353968,0.9798038031606262,0.05309090909090909,0.028363636363636348,0.0025454545454545617,0.004727272727272758,0.000363636363636366,0.000363636363636366,0.003272727272727294,0.0043636363636363916,0.0021818181818181958,0.000363636363636366,-0.0010909090909090979,0.0032727272727272718
139,139,0.9527272727272728,0.9513664985688973,0.906595486899894,0.9895502044525216,2.75355419094796,1.1009266470282366,1.6356223043843279,2.0516082789752987,0.6063550000374271,0.10690909090909093,0.024727272727272754,0.006545454545454588,0.003272727272727294,0.006545454545454588,0.002909090909090928,0.0,0.0,0.0025454545454545617,-0.000727272727272732,0.000363636363636366,0.000363636363636366
140,140,0.9636363636363636,0.9633682461036721,0.9343872174060853,0.9926058133605303,3.2416850360991853,1.442614008104528,1.670797909764736,1.2423473303350745,0.1895178561474711,0.05709090909090908,0.030181818181818164,0.0029090909090909054,0.0036363636363636598,0.006181818181818155,0.0010909090909090979,0.0007272727272727208,0.003272727272727294,0.0036363636363636377,0.0036363636363636485,0.004000000000000015,0.0018181818181817854
141,141,0.9636363636363636,0.9633610262286733,0.9333390824422214,0.9935322525008624,3.191607258667468,1.0782272918094609,2.000479432575401,1.1189831533048646,0.49063313380824597,0.10654545454545454,0.010545454545454514,0.000727272727272732,-0.0061818181818182215,-0.003272727272727294,-0.003272727272727294,0.0,0.0,0.0018181818181818188,-0.001454545454545464,-0.006545454545454565,-0.0025454545454545617
142,142,0.9490909090909091,0.9493484500574054,0.9354066985645932,0.9895606785558939,3.233450344588096,1.3597980929234095,1.898310930700831,0.898498802912871,0.7917715207226285,0.06545454545454545,0.027636363636363646,-0.0043636363636363916,-0.0036363636363636598,0.0021818181818181958,-0.005090909090909113,-0.0036363636363636598,-0.0061818181818182215,-0.0021818181818181958,-0.00618181818181821,-0.000363636363636366,-0.008363636363636361
143,143,0.9709090909090909,0.970550704787993,0.9461467749348859,0.9953271028037384,3.4028545953860445,1.3613939782060305,1.2748896518539306,1.1529457020095244,0.5358265979567752,0.10509090909090915,0.02072727272727275,0.0025454545454545617,0.003272727272727294,0.006545454545454588,0.007636363636363686,0.005090909090909123,-0.0010909090909090647,0.0018181818181818299,0.0018181818181818299,0.005818181818181856,0.0040000000000000365
144,144,0.9636363636363636,0.9644848484848485,0.9611795446061964,0.9929078014184398,2.6192347611204014,1.7475083320552738,1.4909438460550037,1.4355198133698344,0.570027176897056,0.08472727272727273,0.02545454545454544,-0.005090909090909123,0.000727272727272732,-0.0021818181818181958,0.001454545454545464,-0.002909090909090928,-0.004000000000000026,0.005454545454545434,-0.000363636363636366,-0.0036363636363636598,0.007999999999999952
145,145,0.9636363636363636,0.9627150565000508,0.9155555555555556,0.9961777777777778,3.1129326233013255,1.5231113062509671,1.6541203075942619,0.6911511811648043,0.5931830574176611,0.07490909090909087,0.03127272727272727,-0.000727272727272732,-0.0010909090909090979,0.0021818181818181958,-0.000727272727272732,-0.008363636363636373,-0.0036363636363636598,-0.004000000000000015,-0.000727272727272732,0.0029090909090909167,0.0003636363636363549
146,146,0.9490909090909091,0.948396694214876,0.9095847416706905,0.9920328343795268,3.307064539166088,1.6260192508887978,1.4434893379354186,0.9657001326281835,0.5851607998651769,0.07745454545454546,0.016363636363636358,-0.007272727272727308,-0.0065454545454545765,-0.00872727272727275,-0.006545454545454588,-0.003272727272727294,-0.005818181818181845,-0.0018181818181818299,-0.0061818181818182215,-0.001454545454545464,-0.00436363636363638
147,147,0.9709090909090909,0.9705123966942149,0.9427812650893288,0.9964590375020119,3.0781454395312644,0.8497849584967483,1.325318340177973,1.967532022911537,0.5804334459483297,0.12509090909090909,0.03454545454545458,-0.0039999999999999255,-0.0010909090909090647,-0.0007272727272727098,0.001454545454545464,-0.003999999999999915,-0.0007272727272727098,-0.002909090909090839,0.002909090909090939,-0.007636363636363575,0.0018181818181818299
148,148,0.9672727272727273,0.9675713558994574,0.9603130462418561,0.99467662482123,3.4821832547753826,1.3954128122335414,1.8153837832073763,1.2828273010156086,-0.31173865149994445,0.0752727272727273,0.023636363636363667,0.000727272727272732,0.0010909090909090979,-0.0036363636363636264,0.000727272727272732,0.000727272727272732,0.004727272727272758,0.00690909090909092,0.003272727272727294,0.0010909090909090979,0.00690909090909092
149,149,0.9781818181818182,0.9783947383089013,0.9670627475505524,0.9968730456535335,3.050780362415616,1.6498684426538606,1.6515223288542673,0.9379578497913844,0.3676702685401734,0.0727272727272727,0.005818181818181811,0.0036363636363636598,0.000363636363636366,-0.001454545454545464,-0.000363636363636366,0.0,0.0,0.004000000000000015,0.0,0.0036363636363636598,0.0018181818181818299
150,150,0.96,0.9593268895319009,0.9241220403623073,0.991339583664389,3.072868765940508,1.6818170619603259,2.132381634564015,-0.34823973926184476,1.3764776164243782,0.03709090909090906,0.06509090909090906,-0.0021818181818181958,-0.002909090909090939,0.0,0.002181818181818118,0.0003636363636363549,-0.00036363636363637706,-0.0036363636363636598,0.00363636363636356,0.0014545454545454085,-0.0021818181818181958
151,151,0.9636363636363636,0.9633457566453775,0.9311111111111111,0.9925333333333334,2.9095507631864566,0.838326669667043,2.1435770512902157,1.9791593171351187,0.11280663333590289,0.11199999999999996,0.0178181818181818,0.000727272727272732,0.0,0.0010909090909090868,0.0,0.0,0.0,0.0,0.004363636363636359,-0.003272727272727294,0.0058181818181818005
152,152,0.96,0.9601312245600535,0.9416585127201565,0.9942922374429224,2.6471683168923885,1.3154957054347052,1.5504948777886252,1.2034304993312366,1.030016762586147,0.03927272727272725,0.021454545454545428,-0.007636363636363686,-0.008363636363636417,-0.004000000000000026,0.0007272727272726986,-0.00545454545454549,-0.004727272727272758,-0.0018181818181818299,-0.000727272727272732,-0.00909090909090915,0.0010909090909090424
153,153,0.9381818181818182,0.9383698436134631,0.9113700564971752,0.9879158819836786,2.2951661122485008,1.7791139368574196,1.8835627699869655,0.8127277543881352,1.2580954193124962,0.08145454545454549,0.01490909090909096,1.1102230246251566e-17,0.0,2.2204460492503132e-17,-0.003272727272727205,-0.0021818181818181294,-0.0010909090909090534,-0.003272727272727205,-0.002909090909090861,-0.002909090909090839,-0.0007272727272726986
154,154,0.96,0.9598752492055033,0.9375784682988073,0.9942718141870684,4.065633505479044,0.9864782816696427,1.9018090610113594,0.745420603305585,-0.09093305803789208,0.05781818181818178,0.02799999999999997,-0.006909090909090953,-0.0061818181818182215,0.0007272727272726986,-0.006545454545454588,-0.004000000000000026,-0.0043636363636363916,-0.005090909090909123,-0.005818181818181856,0.0003636363636363438,-0.0018181818181818299
155,155,0.96,0.9596527103444336,0.9350104821802935,0.9932614555256065,3.269111520290858,1.8803250655846344,1.1509765389748143,0.8455181788850819,0.5668107108862095,0.1145454545454545,0.028727272727272678,-0.004000000000000026,-0.002909090909090928,-0.0036363636363636598,0.006909090909090842,-0.001090909090909109,0.0010909090909090534,0.0007272727272726986,-0.0007272727272727431,-0.003272727272727294,0.00036363636363632155
156,156,0.9709090909090909,0.9704441197235129,0.9367121848739496,0.9965861344537815,3.097716412573362,1.4894114190718022,1.512811699932859,2.003171938384807,-0.27877644286228276,0.07672727272727277,0.02109090909090914,-0.0010909090909090647,-0.003272727272727205,-0.0014545454545453862,0.0010909090909090979,-0.0007272727272726986,-0.002545454545454484,-0.00290909090909085,-0.0010909090909090424,-0.004363636363636292,-0.002545454545454506
157,157,0.9563636363636364,0.9570589410589411,0.954679691049523,0.9954566106315311,3.431789611153277,1.5391084890845166,1.2881662602486006,1.3948464911779472,-0.0291306384932877,0.11490909090909093,0.02181818181818187,-0.004363636363636292,-0.010545454545454502,-0.010181818181818136,-0.003636363636363571,-0.006545454545454477,-0.005818181818181755,-0.009090909090909049,-0.0010909090909090647,0.0010909090909091313,0.002181818181818229
158,158,0.9563636363636364,0.9563636363636364,0.9368009805423625,0.9944844492109699,3.2093632174481512,1.5584114816068504,1.5782175167110009,1.520324334839587,0.0005054377807398452,0.1163636363636364,0.010909090909090957,0.003272727272727294,0.0010909090909090979,-0.0003636363636363549,0.0010909090909090979,-0.009818181818181771,0.0,0.0010909090909090979,-0.0014545454545454195,0.0,0.0021818181818181958
159,159,0.9672727272727273,0.967670450666286,0.9549272116461367,0.9947741694662188,3.0319497029181695,0.9747477916605592,1.113117926382208,1.8855558240449708,0.6424295970132311,0.06690909090909092,0.01890909090909091,0.000363636363636366,-0.006181818181818122,-0.0036363636363636598,0.0010909090909090979,-0.004363636363636359,0.0,0.0010909090909090979,-0.000363636363636366,-0.0076363636363635965,0.0040000000000000036
160,160,0.96,0.96013462209362,0.9409090909090909,0.9926446280991736,3.0676239820349123,1.741293197154316,1.7617971847613998,0.9555334947208473,0.17560878814894354,0.06290909090909087,0.010181818181818158,-0.002545454545454573,0.00036363636363632155,0.0018181818181817744,0.00036363636363632155,-2.2204460492503132e-17,0.0007272727272727098,0.00545454545454539,0.0014545454545454085,0.0003636363636363549,0.0025454545454545174
161,161,0.9781818181818182,0.9781818181818182,0.964427388754743,0.9971541911003795,3.3050828101888126,1.4207542187660542,1.4647882998212929,1.1835908308996002,0.13011507844777062,0.1127272727272727,0.027272727272727237,-0.002909090909090928,-0.002909090909090928,0.000727272727272732,-0.002909090909090928,-0.0025454545454545617,-0.003272727272727294,-0.004000000000000026,0.000363636363636366,0.0,0.005818181818181789
162,162,0.9672727272727273,0.966924748423029,0.9386363636363636,0.9942148760330578,3.1907566717850133,1.8354027509073239,1.560401904000398,0.7368682863769904,0.3272355729472495,0.07454545454545455,0.02145454545454546,0.0,0.002909090909090928,-0.000363636363636366,-0.003272727272727294,0.0,0.0021818181818181958,0.0010909090909090979,0.0,-0.000363636363636366,-0.000727272727272732
163,163,0.9490909090909091,0.9479030303030304,0.8966513683494816,0.9889512153663097,2.761296861687147,1.0954441357602185,1.4806119158333877,1.1105647229843096,1.2108792024875061,0.10036363636363639,0.011636363636363634,-0.006909090909090943,0.000363636363636366,0.000363636363636366,0.003272727272727294,-0.0021818181818181958,0.003272727272727294,0.0,-0.006545454545454588,0.000363636363636366,0.0018181818181818299
164,164,0.96,0.9601417691609883,0.9393166751657318,0.9924358320584736,2.439513156278063,1.9011064169949976,0.9983861589169223,1.4265381202778886,1.0133897261973221,0.11345454545454543,0.030909090909090886,0.0039999999999999255,0.005454545454545379,0.010181818181818136,0.00618181818181811,-0.0007272727272727431,0.0021818181818181403,0.007636363636363575,-0.003272727272727316,0.004363636363636292,0.0047272727272726685
165,165,0.9418181818181818,0.9418181818181818,0.9126013030351183,0.9911806769426347,2.56316804501537,1.8353157115540386,1.0608941074498297,1.8563011097190016,0.32088822667772215,0.10545454545454543,0.01345454545454543,-0.00036363636363638817,-0.0021818181818181958,-0.001090909090909109,-0.0040000000000000365,-1.1102230246251566e-17,-0.001818181818181841,-0.001818181818181852,-0.001818181818181852,-0.0014545454545454861,0.0014545454545454085
166,166,0.9636363636363636,0.9638442581195876,0.9531944231653133,0.9952504979316685,3.173222698468717,1.5109591487907272,1.76616521239572,1.223835363146252,0.053587701584878265,0.1,0.016363636363636348,-0.002909090909090928,0.0,-0.0018181818181818299,-0.0025454545454545617,0.0,-0.001454545454545464,0.0,0.0,-0.004000000000000026,0.0
167,167,0.9381818181818182,0.9369599999999999,0.8971291866028708,0.9873133246338988,2.198721122614579,1.926026739421253,1.2527643916348372,1.5438579534654675,1.0886550937452677,0.06690909090909095,0.04400000000000005,-0.005090909090909035,-0.006545454545454477,-0.003636363636363571,-0.0007272727272726986,-0.00290909090909085,-0.0014545454545454306,0.004000000000000026,-0.002545454545454484,-0.0072727272727272085,0.00036363636363638817
168,168,0.9490909090909091,0.948396694214876,0.9095847416706905,0.9945276034122003,2.63129372519329,0.8874740553256438,2.344077661192273,1.3924288666908458,0.3654151177011556,0.045818181818181834,0.011272727272727278,0.0,-0.003272727272727294,0.0,0.000363636363636366,0.0018181818181818299,0.003272727272727294,0.0,-0.0036363636363636598,-0.000727272727272732,-0.0010909090909090979
169,169,0.9563636363636364,0.9556848484848485,0.9141083132114523,0.9900827871679889,3.2844119679590684,1.4755270351897902,1.836188751816053,1.3474679228040927,-0.1476244299336105,0.0694545454545455,0.0225454545454546,0.008000000000000052,0.0061818181818182215,0.0018181818181818299,0.0061818181818182215,-0.0007272727272727098,0.0007272727272727431,0.001818181818181841,0.006909090909090953,0.003636363636363671,0.004000000000000026
170,170,0.9672727272727273,0.9666276960290263,0.9282080027595723,0.9957744049672301,2.950422964565306,1.7154621092275948,1.5631900764677664,1.625287558347175,-0.15391878032204268,0.11963636363636368,0.0181818181818182,-0.000363636363636366,0.0,-0.001454545454545464,0.0,0.0010909090909090979,0.000363636363636366,0.0,0.0018181818181818299,0.0,0.001454545454545464
171,171,0.9672727272727273,0.9680054518195448,0.9726411932294285,0.9929612870789342,3.9115216853203756,1.5695655693673234,1.4565970754652888,0.6077150220804901,0.24411098725601615,0.02654545454545455,0.03200000000000001,-0.0032727272727272826,-0.0025454545454545617,0.0,-0.0014545454545454527,-0.0036363636363636377,-0.0036363636363636485,0.0025454545454545617,-0.005818181818181767,0.000727272727272732,0.0036363636363636485
172,172,0.9563636363636364,0.955515561213292,0.9180232558139535,0.9932558139534884,2.4691824386257055,1.2015407846982527,1.7561051595944996,1.6216795827604036,0.8341147438005658,0.1014545454545455,0.018909090909090952,0.003272727272727294,0.0018181818181818299,0.001454545454545464,0.0010909090909090979,-0.0032727272727271937,-0.0003636363636363549,0.000727272727272732,0.0021818181818181958,0.0043636363636363916,-0.0021818181818181294
173,173,0.9745454545454545,0.9746248414146798,0.9649213411727315,0.9965835054822819,2.4709821749087246,1.3609115400917542,1.6555366945531629,1.4364648290944504,0.7682497984234163,0.10109090909090904,0.023636363636363587,0.0021818181818181294,0.00618181818181811,0.0018181818181817523,0.004727272727272647,-0.003272727272727294,-0.000363636363636366,0.0032727272727271937,-2.2204460492503132e-17,0.002545454545454484,-0.0007272727272727653
174,174,0.9672727272727273,0.9669814483037623,0.9445706497046797,0.9965924579736483,3.229439331495444,1.7149522077798944,1.9875878283507686,0.42393355599800786,0.5122853620072682,0.05745454545454548,0.030909090909090896,0.002909090909090928,0.000363636363636366,-0.00436363636363637,0.0036363636363636598,0.006545454545454588,-0.0036363636363636598,-0.006181818181818144,0.0,0.0021818181818181958,0.0036363636363636598
175,175,0.9709090909090909,0.9699532772660526,0.9230769230769231,0.9975853742669886,3.1552610142743083,0.8800742405995619,1.8447321086356832,0.9757389447006645,0.9229927230937862,0.09454545454545457,0.036727272727272754,-0.005090909090909024,-0.006545454545454477,0.0043636363636363916,0.0010909090909090979,0.0,0.003272727272727294,-0.0010909090909090534,-0.0018181818181817744,-0.00618181818181811,-0.002909090909090839
176,176,0.9563636363636364,0.9560809446468548,0.9281344350866041,0.9942793580168442,3.740194720777488,1.5055289206804556,1.8237897329716035,1.3516645347486764,-0.6687367867870818,0.05127272727272734,0.008727272727272783,3.3306690738754695e-17,-0.00036363636363633266,-0.00036363636363633266,0.0021818181818181958,-0.002909090909090839,-0.0021818181818181403,0.005818181818181856,-0.0021818181818181294,-0.002545454545454473,0.002181818181818218
177,177,0.9563636363636364,0.9560242424242426,0.9202118347338936,0.9935224089635855,3.652548786192502,1.189443015282857,1.6179861197294354,1.0759826950957314,0.36219932967073826,0.07309090909090915,0.012000000000000044,-0.00290909090909085,-0.0021818181818181403,-0.0014545454545454085,-0.002545454545454484,-0.0072727272727272085,0.001818181818181841,0.004727272727272769,0.005818181818181856,-0.0014545454545454195,-0.002909090909090861
178,178,0.96,0.9601534763721361,0.9366666666666668,0.9905777777777778,2.2688477551310493,1.8975986088700467,1.4489279825311407,1.7411717432881009,0.5279734120290364,0.09199999999999996,0.024727272727272688,0.002545454545454484,-0.0036363636363636598,0.0003636363636363438,0.007636363636363575,0.003272727272727205,-0.000363636363636366,0.0039999999999999255,-0.004000000000000026,0.0014545454545453972,0.00290909090909085
179,179,0.9636363636363636,0.9632814967578914,0.9216118684843624,0.9912790697674418,3.19897032420898,1.2896018354324643,1.7915071779138456,1.7074819803656864,-0.15059729169716346,0.05745454545454546,0.017090909090909066,-0.000727272727272732,-0.000363636363636366,-0.0043636363636363916,-0.0036363636363636598,-0.0036363636363636598,-0.000363636363636366,-0.0010909090909090979,0.000363636363636366,-0.003272727272727294,0.0018181818181818188
180,180,0.9527272727272728,0.9535435236090544,0.9413590893411521,0.9924111762676785,2.7734163503815545,2.135470798242728,0.7921326868399071,2.3697869633277238,-0.180013175712774,0.06690909090909093,0.052363636363636425,-0.0036363636363636485,0.0,-0.006181818181818166,0.0036363636363636598,0.000363636363636366,0.000363636363636366,0.0,-0.0014545454545454527,0.0036363636363636485,0.001454545454545475
181,181,0.9781818181818182,0.9781818181818182,0.9627505869604479,0.9976521582084161,3.220103631179448,1.0353442657924181,1.3862754274484468,1.5455833987535426,0.16492201838893497,0.09818181818181815,0.023272727272727223,0.0,0.0,-0.004727272727272758,0.0036363636363636598,0.002545454545454551,0.0,0.0,0.0018181818181818299,-0.0061818181818182215,0.0007272727272727098
182,182,0.9636363636363636,0.9633682461036721,0.9343872174060853,0.9938806731259562,3.30578885605927,1.1007542674280582,1.3731450523093527,1.1906824294293505,0.7228941074944034,0.11490909090909089,0.02799999999999998,0.000363636363636366,0.0010909090909090979,0.000363636363636366,0.0010909090909090979,0.001454545454545464,0.0,-0.001454545454545464,0.0,-0.00545454545454549,-0.001454545454545464
183,183,0.9454545454545454,0.9439895437205192,0.8890983743924921,0.9920395508630803,2.7202982755280365,1.2131628912227466,1.48611840356597,2.1122074657575425,0.4347819583208586,0.0887272727272727,0.012363636363636354,-0.0072727272727273196,0.0,-0.000363636363636366,-0.0036363636363636598,-0.0018181818181818299,-0.007636363636363686,-0.006909090909090953,0.000363636363636366,0.000727272727272732,-0.009090909090909139
184,184,0.9745454545454545,0.9746485680178586,0.9599394273127753,0.9945851688693098,3.10651118995611,1.6758005090344597,1.0066419966346485,1.5143142732495047,0.34099325728591007,0.06436363636363632,0.02763636363636358,0.0003636363636363549,0.003999999999999915,0.003272727272727227,0.003999999999999915,0.0025454545454544953,0.0014545454545454195,0.003272727272727227,0.004727272727272647,0.0014545454545454195,0.005454545454545412
185,185,0.9563636363636364,0.9561202319692886,0.9334641587677726,0.992446682464455,2.48283826635199,1.5478593852163813,1.8351742384947334,1.3146980580824676,0.7546331185574139,0.09454545454545461,0.03963636363636369,0.0,0.0036363636363636598,0.003272727272727294,0.006545454545454588,0.000727272727272732,-0.0003636363636363549,0.001454545454545475,0.001454545454545475,0.003272727272727294,0.0025454545454545617
186,186,0.9636363636363636,0.9638719400670148,0.9505870841487281,0.9934768427919113,2.820888447536814,1.7042121168663487,2.041501878339881,1.6907969934586635,-0.4317824911897974,0.06254545454545454,0.03818181818181817,-0.006545454545454588,-0.007636363636363675,-0.01018181818181817,0.000727272727272732,-0.003272727272727294,-0.004727272727272747,-0.002909090909090928,-0.003272727272727294,-0.0036363636363636598,-0.0025454545454545617
187,187,0.9672727272727273,0.9674168968286614,0.9446859903381642,0.9960386473429952,3.821330824719227,1.8640108887843334,1.5638939459760879,0.39413678652201,0.0022643007982142563,0.04945454545454547,0.011636363636363656,-0.0032727272727272826,0.0,0.0,-0.005818181818181789,-0.003272727272727294,-0.000727272727272732,0.00545454545454549,-0.0021818181818181958,0.002909090909090928,-0.0025454545454545396
188,188,0.9527272727272728,0.9519003691533813,0.9222245236122618,0.9911626622479979,2.536798914830542,1.6674101533176093,2.0130613627913245,0.9613617229681535,0.6785918871895312,0.13272727272727275,0.03490909090909093,0.0,0.0,0.0010909090909090979,0.0,0.000363636363636366,0.000727272727272732,0.0025454545454545617,-0.002181818181818185,-0.000363636363636366,-0.000727272727272732
189,189,0.96,0.9589539758041744,0.9136363636363636,0.9947107438016529,3.0164201131049597,1.9778269344027888,1.6342751411981176,0.6570186862256698,0.3873919541536701,0.09490909090909087,0.02799999999999996,-0.00545454545454549,-0.006909090909090953,-0.002909090909090928,-0.006909090909090953,0.0,-0.0036363636363636598,-0.002909090909090928,0.0,-0.0043636363636363916,-0.0025454545454545617
190,190,0.9527272727272728,0.9520083519592185,0.9180296834772073,0.9931091927911555,2.7414902387138302,1.0674099319885664,2.178066075573539,1.1138496782451417,0.7400281182278312,0.08472727272727275,0.02400000000000003,-0.000363636363636366,-0.003272727272727294,-0.000363636363636366,-0.0065454545454544984,-0.003272727272727294,-0.001454545454545464,-0.003272727272727294,-0.000727272727272732,-0.003999999999999981,-0.0010909090909090868
191,191,0.9527272727272728,0.9512580211400656,0.9021500313873195,0.9944287507846831,3.414846498340617,1.4435653261624974,1.626553145029797,0.8745186203729565,0.29283470274114254,0.05454545454545458,0.02763636363636367,-0.0029090909090909167,0.000363636363636366,0.000363636363636366,0.0018181818181818299,-0.002909090909090928,-0.0025454545454545617,-0.000727272727272732,0.0010909090909090979,-0.005818181818181789,0.000363636363636366
192,192,0.9563636363636364,0.9567769920536561,0.9254547312487227,0.9920294297976701,3.187243790175559,1.758054202294114,1.7840476855781964,1.8196698363859973,-0.6710174100471561,0.0734545454545455,0.02945454545454551,0.001818181818181841,-0.003636363636363571,-0.0007272727272726986,0.0021818181818181958,-0.0014545454545454195,-0.0003636363636363438,0.00036363636363637706,-0.0014545454545454195,-0.006545454545454488,-0.003272727272727205
193,193,0.9672727272727273,0.9669059395676975,0.9366394696583376,0.9952405235424103,2.6884021565300174,1.1469617976615953,1.6578709750879497,2.2783922056663726,-0.018910552647502483,0.08981818181818182,0.04363636363636366,-0.0036363636363636598,-0.0025454545454545617,0.002909090909090928,0.0,-0.004000000000000015,-0.000363636363636366,-0.0036363636363636598,-0.0032727272727272605,-0.000727272727272732,-0.0018181818181818188
194,194,0.9381818181818182,0.9384127585886888,0.9014793417366946,0.9868697478991597,3.065039820935339,1.7739934803842967,1.7591983547745973,1.4088678072416208,0.39609753595507496,0.03745454545454554,0.02945454545454551,-0.006545454545454477,-0.003999999999999915,-0.00363636363636356,-0.010181818181818136,-0.0036363636363635488,-0.0003636363636363549,-0.007999999999999941,-0.0018181818181817744,-0.010545454545454502,-0.0047272727272726685
195,195,0.9709090909090909,0.971129360835243,0.9588888888888889,0.9957333333333334,3.2565781508756606,1.9339868986445126,0.9672586837659032,1.5181831526229064,0.09432583339356357,0.07563636363636367,0.00945454545454547,0.0010909090909090979,0.004727272727272758,-0.004727272727272658,0.0010909090909090979,0.002909090909090961,0.0021818181818181958,0.0021818181818181958,-0.0007272727272726986,0.004000000000000026,0.00872727272727276
196,196,0.96,0.9598752492055033,0.9375784682988073,0.9923101067168865,2.1707451191584384,1.0060127734201587,1.3369663024964662,2.5934887828777033,0.71011889339989,0.0945454545454545,0.08181818181818178,-0.000363636363636366,-0.000363636363636366,0.002909090909090861,0.00363636363636356,0.00618181818181811,-0.001454545454545475,-2.2204460492503132e-17,0.002909090909090839,-0.0007272727272727541,0.005090909090909024
197,197,0.9454545454545454,0.9434102739365897,0.8778889272162815,0.9914625733011384,3.5083113695547543,1.3243900185479893,2.1910151505180755,1.2633829743452252,-0.47386055486251094,0.04981818181818183,0.021090909090909084,-0.0010909090909090979,-0.0018181818181818299,-0.005818181818181856,0.002181818181818185,-0.004727272727272758,-0.005818181818181856,0.0032727272727272826,-0.0021818181818181958,0.0036363636363636264,-0.002909090909090928
198,198,0.9636363636363636,0.9633535353535353,0.9322478991596639,0.992734593837535,2.131812799544599,1.6408792542530561,1.9843616564437676,2.1376546058763632,-0.1760639978847706,0.11745454545454544,0.007636363636363608,-0.0036363636363636485,0.0,0.001454545454545464,0.0,0.002545454545454551,0.0036363636363636598,0.000727272727272732,0.000727272727272732,-0.0010909090909090979,-0.000363636363636366
199,199,0.9745454545454545,0.9747896960610605,0.9707273320287019,0.9959230267449446,3.7479054152755547,0.8492478859004801,2.2600195374250895,0.43505056775367823,0.6144093917010384,0.033454545454545404,0.017090909090909035,-0.000727272727272732,0.0032727272727271937,0.0003636363636363549,0.0,0.002909090909090839,0.0,-0.000363636363636366,0.0010909090909090647,0.0003636363636363549,0.0018181818181817633
200,200,0.9672727272727273,0.9673585865026774,0.9573260073260073,0.9952380952380953,2.928667373484526,1.4844416861629788,1.722885816498203,0.2557164964535513,1.600780399226294,0.07381818181818182,0.06581818181818182,-0.0021818181818181737,-0.0003636363636363549,0.000363636363636366,-0.0018181818181818299,0.003272727272727294,-0.00436363636363637,-0.0021818181818181737,0.0025454545454545617,0.004000000000000015,0.000727272727272732
201,201,0.9672727272727273,0.9668857085265067,0.9344800420168067,0.9950980392156863,3.466151767911985,1.4333112102273395,1.231753039871147,1.4710688215273977,0.36911663117923893,0.09963636363636365,0.019272727272727264,-0.0010909090909090868,0.002181818181818185,-0.001454545454545464,-0.0029090909090908946,-0.000363636363636366,0.001454545454545464,-0.0029090909090909054,0.001454545454545464,-0.0036363636363636377,0.00945454545454547
202,202,0.9636363636363636,0.9634066711931006,0.9398932831136222,0.9949780288763339,2.693958767944578,1.3236718816293946,1.8019576671830349,1.3407404570081334,0.5632918655992079,0.11854545454545454,0.020727272727272716,-0.009090909090909084,-0.003272727272727294,-0.006909090909090953,-0.003272727272727294,0.000363636363636366,-0.0072727272727273196,-0.0025454545454545617,-0.005818181818181845,-0.007272727272727308,-0.004727272727272735
203,203,0.9781818181818182,0.9781818181818182,0.964427388754743,0.9960331148671955,3.227448414974642,1.9652651600396216,1.721738512344079,0.7628512566569764,-0.1904174895055903,0.05163636363636361,0.026545454545454494,0.008727272727272695,0.0036363636363636377,0.000363636363636366,0.010545454545454502,-0.000363636363636366,0.0010909090909090979,0.0040000000000000036,0.0,0.004727272727272702,0.0025454545454545617
204,204,0.9672727272727273,0.9675366714708261,0.9620395327942497,0.9929619646600778,2.4621729207411778,0.8772322574107303,1.9655273263475852,1.2433797225439671,1.2962243416018293,0.057818181818181824,0.028000000000000004,0.003272727272727294,0.0043636363636363916,0.0032727272727272826,-0.001454545454545464,-0.0018181818181818299,-0.0021818181818181958,0.000363636363636366,-0.0021818181818181958,0.0025454545454545617,-0.001454545454545464
205,205,0.96,0.9595634028892456,0.926135411429529,0.9927936986760516,3.0025899398766804,1.9025917531794485,1.5719088220423802,0.8738435068708376,0.21523982814472178,0.041818181818181775,0.03745454545454544,-0.0036363636363636598,-0.003272727272727294,0.0014545454545454085,-0.003272727272727294,-2.2204460492503132e-17,-0.000727272727272732,-0.003272727272727294,-0.000727272727272732,-0.0065454545454545765,-0.001818181818181841
206,206,0.9818181818181818,0.9814598311272369,0.9519230769230769,0.9982752673335633,3.2340219255428027,1.3538774000695109,1.5198367406453581,0.6274729298636755,0.7983708071222141,0.10654545454545454,0.02145454545454545,-0.0010909090909090979,0.000363636363636366,0.000363636363636366,-0.000363636363636366,-0.003272727272727294,-0.000363636363636366,0.0025454545454545617,0.001454545454545464,0.000363636363636366,0.0
207,207,0.9381818181818182,0.9375886602153468,0.8990505335844319,0.9899560577526679,2.451358259314226,0.9762312637647471,1.5682342740982367,2.332822319877998,0.3972622639872802,0.13200000000000006,0.013454545454545507,-0.0014545454545454085,-0.007999999999999941,0.008000000000000052,-0.010909090909090868,-0.0021818181818181515,-0.0010909090909090647,-0.0039999999999999255,0.005818181818181856,-0.00618181818181811,-0.0018181818181817854
208,208,0.9345454545454546,0.9345454545454546,0.9052014708135437,0.9914968592002452,2.6467397639103356,1.9012038096012762,1.3434258487724005,2.0282046836631213,0.29909816043026455,0.09854545454545457,0.009454545454545483,-0.005090909090909079,-0.007636363636363575,-0.007636363636363585,-0.007999999999999941,-0.0018181818181818299,-0.000363636363636366,-0.01527272727272726,-0.0032727272727272826,-0.004000000000000015,-0.0036363636363636598
209,209,0.9490909090909091,0.9486727406220798,0.9050930106555897,0.991872855336825,2.7928873849755016,0.9810509844694074,1.8243473429573558,1.6176337353044836,0.6423570965091344,0.07200000000000001,0.020727272727272726,0.0,0.003272727272727294,-0.01345454545454543,0.003272727272727294,-0.0072727272727273196,0.0,0.0043636363636363916,-0.000363636363636366,0.002909090909090928,-0.005090909090909123
210,210,0.96,0.9591898227168247,0.9148721988795518,0.9934348739495799,2.9074615289632573,1.3297934535081894,1.6121613016478094,2.515482603054436,-0.32069684429844847,0.11963636363636361,0.01418181818181814,-0.0007272727272727541,0.0007272727272727098,-0.0021818181818181958,-1.1102230246251566e-17,0.0018181818181817744,0.0010909090909090647,-0.005818181818181856,-1.1102230246251566e-17,0.0014545454545454306,0.004363636363636314
211,211,0.9709090909090909,0.9709090909090909,0.9525698516729907,0.9941359089341152,2.5403191206901043,1.6322608808264203,1.2137443571567674,1.8328753705642928,0.5604052090871255,0.13600000000000007,0.006545454545454599,-0.0018181818181817744,0.00036363636363637706,0.0036363636363636598,-0.0036363636363635488,0.001454545454545464,0.001454545454545464,-0.0032727272727271937,0.003272727272727294,0.002909090909090939,-0.003636363636363582
212,212,0.96,0.9598379645433649,0.9277135633014267,0.9900668231894528,2.8480744762927683,1.2066079881880962,0.9430491042893597,2.451416672632746,0.2697569137451086,0.1287272727272727,0.022909090909090858,-0.000363636363636366,-0.003272727272727294,-0.0007272727272727431,-0.0036363636363636598,0.0018181818181817744,0.002909090909090839,0.01527272727272726,0.0010909090909090647,-0.0036363636363636598,0.005090909090909024
213,213,0.96,0.9594399344604155,0.9135265700483092,0.9918840579710145,3.3519671322193796,1.1952698640217996,1.6128212415039376,1.155200004736391,0.4098241338557441,0.05781818181818179,0.0018181818181817633,-0.002181818181818207,0.002909090909090839,-0.0007272727272727541,-0.003272727272727294,-0.0025454545454545617,-0.0007272727272727431,0.0032727272727272163,-0.0021818181818181958,0.0003636363636363438,-0.0021818181818181958
214,214,0.96,0.9598950609411722,0.9425837320574162,0.9917355371900827,2.667803669104762,2.0698435936418718,0.7730693219485738,1.1141599733688545,0.8862923701394444,0.07199999999999995,0.03454545454545451,-0.0043636363636363916,-0.005818181818181856,-0.0025454545454545617,0.0021818181818181403,-0.0036363636363636598,-0.003272727272727294,-0.002181818181818218,-0.00545454545454549,0.003272727272727227,-0.0036363636363636598
215,215,0.96,0.9589319771137953,0.9206959706959708,0.9942124542124542,3.456705704583248,1.1390415714839737,1.964122367557527,0.6124133506262451,0.7438620246835338,0.059636363636363585,0.042181818181818154,0.010545454545454502,0.0072727272727272085,0.0072727272727272085,0.008363636363636306,0.0039999999999999255,0.0010909090909090534,0.011636363636363601,0.004363636363636292,0.005090909090909012,0.008727272727272672
216,216,0.9672727272727273,0.9668960125411206,0.9355812349085891,0.9952569851672991,3.620872133292949,0.9721550496515922,1.9458218406948369,1.340362187547299,-0.08512846288193664,0.03527272727272729,0.02654545454545455,0.0,0.0021818181818181958,0.001454545454545464,-0.000363636363636366,0.001454545454545464,0.0,0.004727272727272758,0.0021818181818181958,0.0036363636363636598,0.0025454545454545617
217,217,0.9672727272727273,0.967128557716793,0.936918549458895,0.9952534649705714,2.3842556769575065,1.993541858935567,1.403690157496483,1.9865458185633798,-0.011950863902005449,0.10145454545454546,0.01272727272727272,0.0,-0.002909090909090928,-0.000363636363636366,0.0032727272727272826,0.000363636363636366,0.002909090909090928,0.003272727272727294,0.000363636363636366,-0.003272727272727294,0.000727272727272732
218,218,0.9745454545454545,0.9742524541986493,0.9474387719903414,0.9974991376336667,3.4211622229545857,1.5687486409461933,1.034145713654398,1.2099356565806636,0.3491044763638377,0.10909090909090904,0.01054545454545448,0.0,0.0,0.0007272727272727098,-0.0036363636363636598,-0.00036363636363637706,0.0007272727272727098,0.00036363636363633266,0.0,0.0003636363636363438,0.0
219,219,0.9745454545454545,0.9749849742510293,0.9769317005864091,0.9976716109003105,3.6695326003524844,1.4849570704903619,1.3178177541914908,0.17545062809218817,0.9426097631321838,0.07490909090909086,0.06254545454545449,0.0007272727272727098,0.002181818181818118,0.005454545454545401,0.0003636363636363438,0.0,0.0036363636363635488,0.00545454545454539,0.002909090909090839,0.0036363636363635488,0.0047272727272726685
220,220,0.9563636363636364,0.9560948467728128,0.9300387596899224,0.9941085271317829,3.173688046197467,1.436060325979363,1.7500066136792285,0.9235710103394872,0.4960306684726143,0.047272727272727355,0.02109090909090915,-0.005090909090909024,-0.008727272727272672,-0.002909090909090839,-0.0010909090909090534,-0.008363636363636318,-0.008727272727272684,-0.00036363636363633266,-0.008727272727272672,-0.006181818181818122,-0.006545454545454477
221,221,0.9709090909090909,0.9710674278328307,0.9643980233602875,0.9976789457921533,2.5351739527090342,1.912517716138049,1.37209384166261,1.4959341845306107,0.23473562507854234,0.1298181818181819,0.0312727272727273,-0.0003636363636363549,-0.0007272727272727098,-0.0072727272727272085,-0.0003636363636363549,0.0,0.0,0.010909090909090969,0.000363636363636366,-0.0043636363636362805,-0.0021818181818181294
222,222,0.9709090909090909,0.9707386102483392,0.952635165833712,0.9962895653490837,3.0656946025651575,1.426313102865775,1.6878848297629792,0.8556747981368475,0.6218678810635835,0.06690909090909095,0.03345454545454548,0.0,0.00036363636363637706,0.003272727272727294,-0.0003636363636363549,0.0010909090909090979,0.0036363636363636598,0.00036363636363637706,0.005090909090909123,0.000727272727272732,0.001454545454545464
223,223,0.96,0.9594231499051232,0.9117965367965368,0.9910468319559229,2.6498336939308462,1.7145191854102246,2.153358129873912,0.806835291604243,0.48298194183174187,0.058909090909090876,0.016363636363636323,0.005818181818181745,0.005454545454545379,0.003636363636363571,0.009090909090909038,0.004727272727272658,0.002545454545454484,0.009454545454545405,0.003636363636363582,0.005454545454545379,0.002545454545454484
224,224,0.9563636363636364,0.9550850314079976,0.914274322169059,0.9963752356096853,2.7621326116089664,0.7627388764089089,1.5471233582994406,1.195728790580472,1.6586921476240655,0.09272727272727277,0.05090909090909096,0.000363636363636366,-0.0003636363636363549,-0.002545454545454484,-0.00363636363636356,0.000363636363636366,-0.0021818181818181294,-0.0036363636363635488,0.0018181818181818299,0.004727272727272769,-0.004727272727272658
225,225,0.9636363636363636,0.9634007872057125,0.9390592722072144,0.9934053710471954,3.0454719026512462,1.4837959207338822,1.1390994850751983,2.058287655446148,0.07357279738581662,0.07163636363636364,0.06981818181818181,-0.000363636363636366,-0.003272727272727294,-0.007636363636363652,0.008727272727272672,-0.004000000000000026,0.003272727272727294,0.0029090909090909167,-0.0036363636363636598,0.0029090909090909054,-0.004000000000000026
226,226,0.9672727272727273,0.966924748423029,0.9386363636363636,0.9930578512396694,2.3481099610791056,1.7342383044203522,1.7083931451776475,1.4108845050090635,0.4000725774826591,0.1061818181818182,0.021090909090909094,0.000363636363636366,0.0,0.004000000000000026,-0.002545454545454551,0.003272727272727294,-0.003272727272727294,0.005818181818181856,0.0021818181818181958,0.004000000000000026,-0.0007272727272727208
227,227,0.96,0.9596161919040479,0.9314187068424357,0.9943502824858758,3.0007919962036347,0.35335361558794204,2.105653830085781,0.9859322185553129,1.4328728599189278,0.030181818181818143,0.06872727272727269,-4.4408920985006264e-17,-0.003272727272727294,0.002545454545454506,-0.003272727272727294,-0.0036363636363636598,-1.1102230246251566e-17,-0.002545454545454573,0.0003636363636363549,-0.0010909090909090979,-0.0014545454545454861
228,228,0.96,0.9598752492055033,0.9375784682988073,0.9930947897049592,3.8469534004753165,0.8180051166208779,1.856656045750295,1.1056625992420526,0.25838234755892414,0.06436363636363632,0.039999999999999966,-0.0021818181818181958,0.0,0.0018181818181817744,-0.0036363636363636598,-0.0036363636363636598,0.0003636363636363549,-0.0007272727272727431,-0.00036363636363637706,0.0,0.0014545454545454085
229,229,0.9454545454545454,0.9442858984212762,0.9114562323517548,0.990654833938416,2.6928638249687618,1.374731954853009,1.872127719736517,1.5819654356307256,0.4330498582286915,0.11018181818181816,0.03272727272727273,-0.0036363636363636598,-0.0021818181818181958,0.0014545454545454527,-0.000363636363636366,-0.0010909090909090979,0.000363636363636366,0.0010909090909090979,0.004727272727272724,-0.001454545454545464,-0.004000000000000026
230,230,0.9490909090909091,0.9485088045378821,0.9178391587677726,0.9937055687203792,2.7427068555075125,1.870506734901856,1.7306474348841943,0.883455794965509,0.6563887299270592,0.06072727272727274,0.020000000000000028,-0.0025454545454545617,0.004000000000000026,-0.004727272727272758,-0.001454545454545464,-0.0010909090909090979,-0.0021818181818181958,0.000363636363636366,-0.000363636363636366,-0.001454545454545464,-0.0018181818181818299
231,231,0.9418181818181818,0.9409602057135689,0.8938327467739232,0.9888553712083124,2.2858893460958485,0.9794469621704582,1.660290678697337,2.5768716949687986,0.3631140780467579,0.09599999999999996,0.018909090909090875,-0.000363636363636366,-0.000363636363636366,-0.00545454545454549,-0.000363636363636366,0.0003636363636363549,-0.000727272727272732,-0.000363636363636366,-0.000363636363636366,-0.006909090909090953,-0.0007272727272727541
232,232,0.9781818181818182,0.9783065548717526,0.9742607629845258,0.9965527807568562,3.995948431449369,1.0729275180935218,1.252542947172794,1.419962412861872,-0.2077470546816172,0.08399999999999998,0.06727272727272725,0.003272727272727294,0.0036363636363636598,0.004000000000000015,0.0032727272727272718,0.0,0.003272727272727294,0.0029090909090909167,0.0069090909090908535,0.0,0.004363636363636336
233,233,0.9636363636363636,0.9634432234432233,0.9449760765550239,0.9935479193852399,3.1543121305396635,1.527944406078465,1.124176918322447,1.3680449085302864,0.21985343417209022,0.16363636363636364,0.03163636363636363,-0.001454545454545475,-0.0018181818181818299,-0.003272727272727294,0.004727272727272714,0.0029090909090909054,-1.1102230246251566e-17,0.018181818181818188,-1.1102230246251566e-17,0.0,0.000363636363636366
234,234,0.9381818181818182,0.9374702459110053,0.8881510865815798,0.9867195584684374,2.144020479037259,1.3999186319039745,0.9825123535507373,1.912262629897601,1.5981518171293312,0.09309090909090914,0.006545454545454588,0.001818181818181852,-0.00290909090909085,0.0036363636363636598,0.006181818181818233,0.0036363636363636598,-0.003272727272727205,0.001818181818181852,0.0007272727272727431,-0.009454545454545415,0.003636363636363671
235,235,0.9672727272727273,0.966644869386716,0.9294577596464388,0.995580486146524,3.220364340436786,1.6911538094970902,1.9922043279978319,0.9232935501315627,-0.12155699960693155,0.06218181818181821,0.03890909090909093,0.000363636363636366,0.0036363636363636598,0.004000000000000026,0.005090909090909113,0.0,0.0,0.00545454545454549,-0.000727272727272732,0.0043636363636363916,0.000363636363636366
236,236,0.9672727272727273,0.967128557716793,0.936918549458895,0.9902221378393773,2.936507994510084,1.6977093244674342,1.6327111706811017,0.8711468529078769,0.692758339351529,0.11599999999999999,0.022545454545454556,0.000363636363636366,0.000363636363636366,0.0010909090909090979,0.0036363636363636598,-0.002181818181818185,-0.001454545454545464,0.009818181818181814,0.000363636363636366,0.004727272727272758,-0.0014545454545454527
237,237,0.9418181818181818,0.9405969194204489,0.8920408820215677,0.9924352164815708,2.5400109796229544,2.231410361262652,1.2372391196477637,1.825137508886714,-0.031287093733754996,0.0916363636363636,0.015636363636363594,-0.002909090909090928,-0.000363636363636366,-0.0025454545454545617,-0.007636363636363686,-0.002909090909090928,-0.004727272727272758,-0.005090909090909123,-0.008727272727272783,-4.4408920985006264e-17,-0.0032727272727273047
238,238,0.9636363636363636,0.9633457566453775,0.9311111111111111,0.9945777777777778,3.062515743972425,1.0322915873099998,1.449377712024522,1.8605143149455352,0.20750871393292109,0.08581818181818181,0.018909090909090886,-0.005090909090909123,-0.003272727272727294,-0.007272727272727297,-0.0036363636363636598,-0.0036363636363636598,-0.005818181818181845,-0.003272727272727294,-0.005454545454545478,-0.007272727272727308,-0.007272727272727287
239,239,0.96,0.9590933242340783,0.9083146696528555,0.9936543486375513,2.9052741901357892,1.7155740657302903,1.5134085232300143,1.1994520526929442,0.19080785161812963,0.08690909090909085,0.020727272727272684,-0.001454545454545464,-0.0025454545454545617,-0.0036363636363636598,-0.0032727272727273047,0.0,0.0,-0.0032727272727273047,-0.0021818181818181958,-0.006545454545454588,-0.001818181818181852
240,240,0.9490909090909091,0.9490909090909091,0.9253875968992248,0.9922480620155039,3.087700409264985,1.2889825699250113,1.8854575466561547,1.1474957112598403,0.41168731321171365,0.08327272727272729,0.012,-0.00545454545454549,-0.0072727272727273196,-0.004727272727272747,-0.013454545454545441,-0.0058181818181818334,-0.0010909090909090979,-0.005090909090909123,-0.004727272727272758,-0.011272727272727257,-0.0065454545454545435
241,241,0.9454545454545454,0.9449568310766618,0.9122108166079362,0.9903477861191972,2.6643170135792795,1.7731731587034087,1.2625696603871743,1.1627986594549102,0.9426421755966159,0.10327272727272727,0.010545454545454535,-0.0010909090909090979,-0.006909090909090953,0.000727272727272732,-0.0021818181818181958,0.0,-0.0010909090909090979,-0.006909090909090943,-0.0021818181818181958,0.0007272727272727208,-0.001818181818181841
242,242,0.9745454545454545,0.9743012130298486,0.9529974890144381,0.9939579409918393,3.2662345955316456,1.6076575187044861,1.873515275779616,0.8258977723423154,0.05192393598536741,0.03563636363636356,0.022181818181818126,0.0003636363636363549,0.0003636363636363549,-0.000363636363636366,-0.000363636363636366,-0.001454545454545464,-0.002909090909090928,-1.1102230246251566e-17,-0.0021818181818181958,-0.002181818181818207,-0.001090909090909109
243,243,0.9672727272727273,0.9666927625232301,0.932933789954338,0.9945368558382257,2.309137456106741,2.019667157275272,1.2442086572322437,1.516418967775384,0.5770601433074066,0.11709090909090909,0.030181818181818188,-0.0036363636363636377,-0.003272727272727294,-0.0036363636363636377,-0.010181818181818136,-0.0010909090909090979,0.0,-0.0036363636363636485,-0.0003636363636363549,-0.0018181818181818078,-0.005090909090909079
244,244,0.9490909090909091,0.9484942267782777,0.9167789757412399,0.9913147648996705,3.0541426801242153,1.693602139059693,1.8019689189316896,1.1643371538295666,0.04489756687154566,0.04909090909090911,0.04690909090909092,0.0025454545454545617,0.004727272727272758,0.0043636363636363916,0.002909090909090928,0.0036363636363636598,0.002909090909090928,0.002909090909090928,0.004727272727272758,0.0010909090909090979,0.0036363636363636598
245,245,0.9672727272727273,0.9669506306253235,0.9413634196726521,0.9940409979342126,3.1798321058405414,1.3222060353000225,1.7243346030720135,1.532144869153454,0.13574700012369317,0.10254545454545456,0.02654545454545456,0.004727272727272758,0.0010909090909090979,0.0010909090909090979,0.007636363636363652,0.001454545454545464,0.000363636363636366,0.010545454545454535,0.0021818181818181958,0.001454545454545464,0.005818181818181845
246,246,0.9745454545454545,0.9744477877631861,0.9540878851540616,0.9967612044817926,3.5282071087719533,1.581577878146287,1.349528823756361,0.8631667944535273,0.4306628356679546,0.06290909090909087,0.02945454545454541,-0.003272727272727294,-0.0036363636363636598,-0.0043636363636363916,-0.000727272727272732,-0.001454545454545464,-0.0018181818181818299,0.002909090909090839,0.0,-0.0036363636363636598,0.0003636363636363438
247,247,0.9672727272727273,0.9673698202623824,0.9550387596899225,0.9942635658914729,3.303309409669456,1.8698303920780046,1.5497572054735038,1.008277231375,-0.3205138828631346,0.1101818181818182,0.03781818181818184,0.0025454545454545617,-0.0010909090909090979,0.009818181818181804,0.0025454545454545617,0.0,-0.003272727272727294,0.0018181818181818299,-0.002181818181818185,0.0043636363636363916,0.001454545454545475
248,248,0.9418181818181818,0.9409371021135728,0.8921468638449771,0.9889512153663097,2.6476206330920666,1.6083021961553474,1.986416452381176,1.1645841248053974,0.6064887486415805,0.04109090909090907,0.03199999999999996,-0.000727272727272732,-0.000727272727272732,-0.000727272727272732,-0.000727272727272732,-0.003272727272727294,-0.003272727272727294,0.002909090909090839,-0.005090909090909123,-0.000727272727272732,0.0014545454545454085
249,249,0.9636363636363636,0.9636363636363636,0.9431818181818181,0.9934710743801654,2.818370915196105,1.7515160951364606,1.0182587813382356,1.3635303037488558,1.1298863008834847,0.11018181818181816,0.026909090909090883,-0.0010909090909090979,-0.0010909090909090979,-0.004727272727272758,0.000727272727272732,-0.0036363636363636598,0.0,0.0036363636363636598,-0.0036363636363636598,-0.000727272727272732,-0.0025454545454545617
