,random_seed,accuracy,f1_weighted,balanced_acc,auc,model_weights.random_forest,model_weights.bagging_svc,model_weights.bagging_knn,model_weights.gradient_boosting,model_weights.mlp,feature_importance.leftlow_CO2_scaled,feature_importance.leftlow_humidity_scaled,feature_importance.leftlow_temperature_scaled,feature_importance.lefttop_temperature_scaled,feature_importance.lefttop_humidity_scaled,feature_importance.leftlow_humidity_fd3_scaled,feature_importance.leftlow_temperature_fd2_scaled,feature_importance.lefttop_humidity_fd3_scaled,feature_importance.lefttop_humidity_fd2_scaled,feature_importance.lefttop_CO2_scaled,feature_importance.left_CO2_vd_scaled,feature_importance.lefttop_temperature_fd3_scaled,feature_importance.lefttop_CO2_fd3_scaled,feature_importance.left_CO2_vd_fd2_scaled,feature_importance.leftlow_CO2_fd3_scaled,feature_importance.lefttop_CO2_fd1_scaled,feature_importance.leftlow_humidity_fd2_scaled,feature_importance.lefttop_CO2_fd2_scaled,feature_importance.left_CO2_vd_fd1_scaled,feature_importance.left_CO2_vd_fd3_scaled,feature_importance.leftlow_CO2_fd1_scaled,feature_importance.leftlow_CO2_fd2_scaled,feature_importance.lefttop_temperature_fd1_scaled,feature_importance.lefttop_humidity_fd1_scaled,feature_importance.leftlow_temperature_fd1_scaled,feature_importance.leftlow_temperature_fd3_scaled,feature_importance.leftlow_humidity_fd1_scaled,feature_importance.lefttop_temperature_fd2_scaled
0,0,0.9818181818181818,0.9820065474062853,0.98155702872684,0.9971103178650349,2.9902235800084624,0.713284776121628,1.8087394869170057,2.623677137210438,0.8667633515368515,0.09709090909090907,0.013454545454545441,0.01090909090909089,0.01090909090909089,0.008000000000000007,0.0072727272727273196,0.006909090909090953,0.006545454545454588,0.0061818181818182215,0.005454545454545478,0.005090909090909123,0.005090909090909123,0.004000000000000026,0.0036363636363636598,0.0036363636363636598,0.0036363636363636598,0.0036363636363636598,0.003272727272727294,0.0,0.0,0.0,0.0,0.0,0.0,-0.000363636363636366,-0.000727272727272732,-0.000727272727272732,-0.000727272727272732
1,1,0.9709090909090909,0.9712957362272431,0.9679068208479973,0.995810289927937,2.837498863743755,1.1223545240828925,1.0342003016152674,2.3879446175552648,2.049724408142398,0.10000000000000005,0.006545454545454588,0.000363636363636366,0.000363636363636366,0.001454545454545464,-0.0003636363636363549,0.003272727272727294,1.1102230246251566e-17,0.0018181818181818299,-0.00036363636363632155,-0.0014545454545454195,0.001818181818181841,0.002909090909090928,2.2204460492503132e-17,0.003272727272727294,-0.0010909090909090647,-0.00036363636363633266,1.1102230246251566e-17,-0.002545454545454484,-0.0036363636363635488,-0.0003636363636363549,0.0,-0.004363636363636303,1.1102230246251566e-17,-0.0007272727272726875,0.001454545454545464,-0.003999999999999915,-0.0043636363636362805
2,2,0.9745454545454545,0.9746228767820143,0.9653170119271814,0.9982736974262398,2.6988029178523583,0.6096940252152945,1.7074805143689646,2.9733675802534445,1.2850222639745061,0.10981818181818177,0.005818181818181767,0.002545454545454484,-0.000363636363636366,-0.001090909090909109,0.0036363636363635488,0.0,0.004727272727272647,0.0007272727272726986,-0.0007272727272727763,0.006181818181818133,-0.001454545454545464,-0.0043636363636363916,0.0,-0.000727272727272732,0.0,0.0,-0.000363636363636366,0.0,0.0,0.0,-0.000363636363636366,0.0,-0.000363636363636366,-0.000363636363636366,0.0036363636363635488,0.0,-0.000363636363636366
3,3,0.9563636363636364,0.9557685950413224,0.9206502494769033,0.9930790278448415,2.534360580986885,0.7390315007059465,0.9694761463357181,2.5513168117776828,2.1120996565978665,0.06836363636363642,0.003636363636363682,0.002909090909090928,0.0025454545454545617,0.0025454545454545617,0.001818181818181841,-0.006545454545454477,-0.002909090909090861,-0.0014545454545454195,-0.005090909090909024,0.0014545454545455082,-0.014545454545454495,0.00036363636363637706,-0.00290909090909085,0.00036363636363637706,-0.00618181818181811,-0.003999999999999937,0.0,-0.005818181818181745,-0.002545454545454484,-0.003636363636363571,-0.0032727272727271937,-0.0021818181818181294,2.2204460492503132e-17,-0.0039999999999999255,-0.0010909090909090424,0.00036363636363638817,-0.002181818181818118
4,4,0.9854545454545455,0.9852882298679664,0.96875,0.9988892180094787,2.785111865611602,0.6010026339742119,1.7177277436691172,3.0006746079341116,1.0126820904204201,0.15490909090909094,0.02400000000000003,0.01890909090909092,0.010545454545454603,0.010181818181818214,0.008727272727272783,0.0,0.003272727272727294,0.002909090909090928,0.002909090909090928,0.014909090909090927,0.001454545454545464,-0.0025454545454545617,0.0010909090909090979,0.002909090909090928,0.0,0.0021818181818181958,0.002909090909090928,-0.000363636363636366,0.0,0.0,-0.001454545454545464,-0.0018181818181818299,0.0,0.001454545454545464,0.000363636363636366,0.005090909090909123,0.000363636363636366
5,5,0.9854545454545455,0.9854545454545455,0.9766275709671937,0.995835458099609,3.219826413502011,0.20871929937890624,1.3139909139278738,2.899341629179511,1.264364728831629,0.1505454545454546,0.02145454545454547,0.013454545454545464,0.012363636363636387,0.002909090909090928,0.000363636363636366,0.000363636363636366,0.0,0.000363636363636366,0.004727272727272758,0.016000000000000025,0.008363636363636396,0.000363636363636366,0.0,0.009454545454545516,0.004000000000000026,0.0,0.0043636363636363916,0.000363636363636366,0.000363636363636366,0.0018181818181818299,0.0,0.0,0.000727272727272732,0.000727272727272732,0.0,0.0,0.0036363636363636598
6,6,0.9854545454545455,0.98552812858783,0.9852472089314195,0.9994925329853559,2.755713674590376,1.0034388460611172,0.7279103162024494,3.1627594389826026,0.8224811102306157,0.13418181818181818,0.012727272727272743,0.012000000000000021,0.002909090909090928,0.005090909090909123,0.0,0.0,0.0,0.002909090909090928,-0.0010909090909090979,0.0021818181818181958,-0.0025454545454545174,-0.0021818181818181958,-0.003272727272727294,0.003272727272727294,0.0,-0.000727272727272732,0.0,-0.0036363636363636598,0.0021818181818181958,0.0036363636363636598,0.0,0.0036363636363636598,0.0036363636363636598,0.0,0.0,-0.000363636363636366,0.0
7,7,0.9672727272727273,0.9674053017372468,0.9473201174743024,0.9965124816446402,2.8104870790837775,0.32764430520535204,2.048128153386926,2.9348989076699077,0.8882618083577978,0.068,0.0036363636363636485,0.0021818181818181958,0.0010909090909090979,-0.006181818181818155,-0.0065454545454544984,0.0,0.000727272727272732,0.000363636363636366,-0.004363636363636359,-0.006909090909090887,-0.009454545454545438,-0.005454545454545434,-0.003272727272727294,0.0,-0.0036363636363636598,-0.0025454545454545617,-0.003272727272727294,-0.005454545454545434,0.000727272727272732,-0.003272727272727294,0.0,-0.0072727272727272085,-0.0036363636363636598,0.001454545454545464,-0.0010909090909090979,-0.0076363636363635965,-0.0036363636363636598
8,8,0.9745454545454545,0.974455237806644,0.956175632646221,0.9958940841293782,2.9903934384285034,0.8445489117421988,1.5671544260646584,2.530296773800343,1.293566839223512,0.06763636363636358,0.00727272727272722,0.008727272727272672,0.0032727272727272163,0.00618181818181811,0.0003636363636363549,0.0003636363636363549,0.0,0.002545454545454484,0.0021818181818181403,0.0072727272727272085,0.0047272727272726685,0.0003636363636363549,0.0,0.0007272727272727098,0.0,0.0032727272727271937,0.0,0.0,0.0,0.0,0.0,0.0,0.0007272727272727098,0.0,-0.000363636363636366,0.0036363636363635488,0.0036363636363635488
9,9,0.96,0.9598186648468157,0.922463768115942,0.9932367149758454,2.6822828812239696,0.5733225906406697,1.6305486296640082,3.8082270938868095,0.8415686836208014,0.10145454545454542,-0.001818181818181852,0.002909090909090861,-0.00036363636363637706,0.0014545454545454195,0.0003636363636363549,0.0014545454545454195,0.0,0.0021818181818181294,-0.001454545454545464,0.004363636363636303,-0.003272727272727294,0.0,-0.000363636363636366,0.0,-0.000363636363636366,-0.001454545454545464,0.002909090909090839,0.0032727272727271937,0.0,-0.000363636363636366,0.0,0.0,0.0,-0.000363636363636366,-0.000727272727272732,0.0,-0.000363636363636366
10,10,0.9745454545454545,0.9744753279147649,0.9616409952606635,0.998074644549763,3.163444087648228,0.9003683874706753,1.0459362581234604,2.7428385512642657,0.9963683842836762,0.12072727272727266,0.003636363636363593,0.0032727272727271937,0.003272727272727205,0.0014545454545454306,-0.003272727272727294,-0.001454545454545464,-0.0010909090909091202,-0.000727272727272732,-0.001818181818181852,0.0003636363636363438,0.003999999999999971,-0.001454545454545464,-0.000727272727272732,-0.000363636363636366,-0.001454545454545464,0.0,0.0,0.0,-0.000727272727272732,-0.000363636363636366,0.0010909090909090647,0.0,-0.000363636363636366,-0.0010909090909090979,-0.000727272727272732,-0.000363636363636366,0.0
11,11,0.9636363636363636,0.963890793302558,0.9487506374298827,0.9958354580996089,2.938504412354314,-0.016124502278519214,0.8996908994289763,3.369851635225245,1.7305319972372877,0.12181818181818183,-0.006545454545454554,-0.0061818181818182215,-0.007272727272727287,-0.003272727272727294,-0.005454545454545478,-0.0065454545454545765,-0.001454545454545464,-0.002909090909090928,0.004363636363636359,-0.00036363636363638817,0.006545454545454521,-0.0043636363636363916,0.000363636363636366,-0.006545454545454588,0.002909090909090928,-0.0021818181818181958,-0.00436363636363638,-0.0010909090909090979,-0.0010909090909090979,-0.004727272727272758,-0.0043636363636363916,-0.002909090909090928,-0.000363636363636366,-0.004000000000000026,-0.0043636363636363916,0.0032727272727272718,-0.003272727272727294
12,12,0.9672727272727273,0.9678378240370376,0.9650741635046568,0.9975853742669886,2.6295392258992702,0.4066372037351836,1.1112987967142414,3.467003348298952,1.3322222399734165,0.12545454545454549,-0.007999999999999974,0.0,-0.0003636363636363549,-0.003999999999999981,-0.001454545454545464,0.000363636363636366,-0.000727272727272732,0.000727272727272732,0.000727272727272732,-0.005454545454545445,-0.0021818181818181737,-0.000363636363636366,-0.0010909090909090979,-0.002909090909090928,-0.0036363636363636485,0.0036363636363636598,0.000727272727272732,0.0,0.0,0.003272727272727294,0.003272727272727294,-0.0025454545454545617,0.0,0.0018181818181818299,-0.0025454545454545617,-0.006181818181818155,0.004000000000000026
13,13,0.9818181818181818,0.9820017574003906,0.9816909669850846,0.9989106753812635,3.2137189590177955,0.6595591829167765,1.0851510290834798,2.1467347570746265,1.6661539712803184,0.07163636363636364,-0.002909090909090928,-0.0036363636363636598,-0.004727272727272758,-0.004000000000000015,-0.00436363636363637,-0.000363636363636366,0.0010909090909090979,-0.008363636363636384,0.0061818181818182,-0.004727272727272747,0.0036363636363636485,0.003272727272727294,0.0,0.0021818181818181958,-0.0010909090909090979,0.000727272727272732,0.0025454545454545617,0.0,0.0036363636363636598,-0.000363636363636366,-0.0018181818181818299,0.0,-0.007636363636363652,-0.000727272727272732,0.0010909090909090979,-0.0018181818181818299,0.0
14,14,0.9890909090909091,0.9891217112299465,0.9872406481902165,0.9991670452824474,2.9131416747866585,1.0152837889354576,1.2315144144258168,3.0437330538510174,0.6793063800770555,0.1341818181818182,0.012363636363636387,0.01090909090909098,0.0072727272727273196,0.005090909090909123,0.004000000000000026,0.0,0.0010909090909090979,0.0,-0.0018181818181817744,0.006545454545454599,0.004727272727272758,0.0,0.0,0.000363636363636366,0.0,0.001454545454545464,0.0036363636363636598,0.0,0.0,0.000363636363636366,0.0,0.000363636363636366,0.001454545454545464,0.000363636363636366,0.0025454545454545617,0.0,0.0
15,15,0.96,0.9600999553770636,0.9482634902411022,0.9911021814006888,2.5365033891790083,0.683957423384342,1.9316295636514427,2.882855710007065,1.1170215520059679,0.07345454545454543,0.034545454545454525,0.01672727272727269,0.016363636363636337,0.009090909090909038,0.002545454545454484,0.0032727272727271937,0.002545454545454484,0.0021818181818181294,-0.003272727272727294,0.005454545454545401,0.0021818181818181403,-0.0025454545454545617,0.0039999999999999255,0.0010909090909090647,0.0007272727272726986,-1.1102230246251566e-17,0.004727272727272658,0.0007272727272727098,0.0032727272727271937,-2.2204460492503132e-17,0.003636363636363571,0.005818181818181755,0.0003636363636363549,-0.00036363636363637706,0.00290909090909085,-1.1102230246251566e-17,0.00545454545454539
16,16,0.9672727272727273,0.9669059395676975,0.9366394696583376,0.9949005609382968,4.05790359594326,-0.498904411484152,1.4985064766945149,2.2798347215198547,1.4640460964937625,0.10436363636363635,0.005818181818181845,0.006545454545454588,0.00545454545454549,0.003272727272727294,-0.007636363636363575,-0.003272727272727294,0.0,0.0,-0.0040000000000000036,0.0025454545454545617,-0.0014545454545454527,-0.004727272727272735,0.0,-0.0025454545454545617,-0.000363636363636366,0.0,-0.0021818181818181958,0.0,0.0,0.0,-0.004000000000000015,0.0,-0.0010909090909090868,-0.0036363636363636598,-0.0036363636363636598,-0.0025454545454545396,-0.0018181818181818299
17,17,0.9781818181818182,0.9780330578512396,0.9597195042400521,0.9968199608610567,2.3277366296663646,0.7165795739239258,1.3522240498765512,2.302640641365789,2.6204317734002203,0.07927272727272724,0.023272727272727233,0.021818181818181757,0.019999999999999952,0.014909090909090905,0.0040000000000000036,0.005090909090909057,-0.0025454545454545617,0.000727272727272732,0.0025454545454545396,0.011636363636363622,0.005090909090909102,0.0,-0.0018181818181818299,-0.000727272727272732,-0.001454545454545464,0.007999999999999941,-0.0021818181818181958,-0.000363636363636366,0.0021818181818181958,-0.0036363636363636598,0.006181818181818177,0.0003636363636363549,0.0018181818181818188,-0.000363636363636366,0.006545454545454532,0.0029090909090908946,0.0003636363636363549
18,18,0.9672727272727273,0.9673525484783682,0.9585109406081274,0.9933930093776641,2.673362547322521,0.6222266125742228,1.5607458106140943,2.176959160572712,2.0056618697463375,0.09490909090909092,0.0232727272727273,0.017454545454545455,0.018545454545454552,0.013090909090909087,0.001454545454545464,0.005090909090909113,0.008363636363636373,0.002909090909090928,0.001454545454545464,0.005818181818181845,0.007636363636363663,0.0025454545454545617,0.000727272727272732,0.007272727272727297,0.003272727272727294,0.000727272727272732,0.004000000000000026,0.001454545454545464,-0.000363636363636366,0.000363636363636366,0.0043636363636363916,0.0043636363636363916,0.0043636363636363916,0.00436363636363638,0.005818181818181845,0.004727272727272747,0.007272727272727308
19,19,0.9781818181818182,0.9781818181818182,0.9715202982601492,0.9991024578845622,3.232082558428772,-0.10178441930171764,1.3122632445323996,3.480038377162907,1.15428885822831,0.16109090909090906,0.006545454545454521,-0.00036363636363637706,0.0018181818181818188,0.001454545454545464,-0.0025454545454545617,-0.004000000000000026,-0.0043636363636363916,-0.0061818181818182215,-0.0025454545454545617,0.007999999999999962,0.004363636363636359,-0.005090909090909123,-0.0036363636363636598,-0.005818181818181856,-0.0025454545454545617,-0.007636363636363686,-0.0072727272727273196,-0.001454545454545464,-0.002909090909090928,-0.0072727272727273196,-0.0025454545454545617,-0.0036363636363636598,-0.002909090909090928,-0.0061818181818182215,-0.0061818181818182215,-0.0025454545454545617,-0.003272727272727294
20,20,0.9672727272727273,0.9681517283131432,0.9718178424785368,0.9954273982829415,3.321328002537196,0.32791532275852037,1.519915848757963,2.2340939348502715,1.5829686758656543,0.06000000000000003,-0.0010909090909090758,-0.0036363636363636377,-0.0025454545454545396,-0.0032727272727272605,0.0061818181818182215,-0.002181818181818185,0.0025454545454545617,-0.002545454545454551,0.00618181818181821,-0.0007272727272727098,0.00872727272727274,0.004000000000000026,0.0,0.003272727272727294,0.0,0.00545454545454549,0.000363636363636366,0.0010909090909090979,0.0010909090909090979,-0.000363636363636366,0.000363636363636366,0.00618181818181821,0.004000000000000026,-0.001454545454545464,0.0010909090909090979,0.003272727272727294,-0.0010909090909090979
21,21,0.9927272727272727,0.9927272727272727,0.9884782973018267,0.9971509971509972,2.4170331777744285,-0.08814166388016868,1.370847712926627,2.637852994929991,2.8918255841549825,0.09709090909090905,0.0236363636363636,0.01927272727272724,0.012363636363636332,0.00727272727272722,0.016363636363636348,0.0018181818181817854,0.004727272727272658,0.0007272727272727098,0.00545454545454539,0.012363636363636332,0.017090909090909066,0.0007272727272727098,0.0,0.0003636363636363549,0.0029090909090908725,0.0003636363636363549,0.0007272727272727098,0.0007272727272727098,0.0010909090909090647,0.0007272727272727098,0.0010909090909090647,0.0021818181818181403,0.0036363636363635488,0.002545454545454484,0.002545454545454506,0.006545454545454488,0.0
22,22,0.9854545454545455,0.9854545454545455,0.9772727272727273,0.998099173553719,2.7306598776109663,0.6341435827554294,1.3011047823092725,2.5944547605774533,1.5919302389388297,0.11090909090909093,0.01890909090909092,0.0181818181818182,0.016000000000000004,0.011636363636363644,0.0043636363636363916,0.000727272727272732,0.005818181818181856,0.0043636363636363916,0.002909090909090928,0.012000000000000033,0.003272727272727294,0.004000000000000026,0.000727272727272732,0.000363636363636366,0.0,-0.0025454545454545617,0.004000000000000026,-0.000363636363636366,0.003272727272727294,0.0,0.000363636363636366,0.000727272727272732,0.0036363636363636598,0.004000000000000026,0.0025454545454545617,0.0018181818181818299,0.007636363636363686
23,23,0.9709090909090909,0.9712586328400281,0.9689337358970285,0.9953122517082472,3.5069275849161117,-0.14218239357402085,1.6450967320311756,2.629232990782085,1.3700823544121785,0.09272727272727276,0.01636363636363637,0.016727272727272723,0.015272727272727294,0.00981818181818186,-0.0036363636363635488,0.0,-0.0021818181818181294,0.0018181818181818299,3.3306690738754695e-17,0.00545454545454549,-0.0069090909090908535,-0.0003636363636363438,0.0,0.0,-0.0003636363636363549,0.0018181818181818299,0.000727272727272732,-0.0003636363636363549,-0.0003636363636363549,0.0,0.001090909090909109,-0.0003636363636363438,0.0,0.000727272727272732,0.000727272727272732,0.0021818181818181958,-0.0003636363636363549
24,24,0.9563636363636364,0.9563636363636364,0.9344509772763387,0.9932464643254411,2.874646261501588,0.33823652908892954,1.624516641831961,2.9057347321407065,1.2081894691921218,0.11527272727272733,0.015272727272727327,0.010181818181818247,0.006909090909090953,0.009454545454545504,-0.0025454545454544953,-0.0003636363636363549,-0.0032727272727271937,-0.003272727272727205,-0.005090909090909024,0.001818181818181852,-0.0007272727272726875,-0.0003636363636363549,-0.0021818181818181403,-0.0007272727272727098,-0.0003636363636363549,-0.0025454545454544953,-0.0003636363636363549,-0.0014545454545454195,-0.0032727272727271937,-0.0007272727272727098,-0.0010909090909090647,-0.003999999999999937,-0.0018181818181817744,-0.006545454545454477,-0.00363636363636356,-0.0007272727272727098,2.2204460492503132e-17
25,25,0.9709090909090909,0.9709090909090909,0.959271327014218,0.9960752369668247,3.12567236826455,0.22920356449332516,1.030175983827104,2.5665405027365886,2.365874163382485,0.09854545454545459,0.012000000000000033,0.010545454545454613,0.005090909090909135,0.0014545454545454972,0.003636363636363671,0.0025454545454545617,-0.00036363636363633266,0.0061818181818182215,0.0014545454545454861,0.004727272727272758,0.0065454545454545765,0.0003636363636363993,0.003272727272727294,0.0123636363636364,-0.0018181818181817633,0.005090909090909113,-0.0014545454545454306,-0.0003636363636363549,2.2204460492503132e-17,0.0003636363636363993,0.0014545454545454861,0.0018181818181818299,-0.0007272727272726875,-0.0007272727272726986,0.004000000000000026,0.0014545454545454861,0.002909090909090928
26,26,0.9709090909090909,0.9712674770301888,0.968694672460969,0.9961371318203767,2.6588911906169774,0.7315155514626702,1.3015133726523362,2.655535869597531,1.65572552190815,0.1374545454545455,0.009090909090909127,0.010181818181818236,0.014181818181818174,0.01054545454545457,-0.0014545454545454195,0.002909090909090939,0.001090909090909109,1.1102230246251566e-17,0.0007272727272727653,0.0043636363636363916,5.551115123125783e-17,-0.0018181818181817744,-0.0007272727272726875,0.005090909090909123,0.000727272727272732,0.0040000000000000365,0.0010909090909090979,0.002909090909090928,0.0007272727272727541,-0.002545454545454473,-0.002909090909090839,0.001454545454545464,0.000727272727272732,2.2204460492503132e-17,0.002909090909090939,0.001454545454545464,0.0010909090909090979
27,27,0.9781818181818182,0.9778842975206612,0.9538467728955415,0.9974247545469177,2.300632977953601,0.6796956876821859,1.7445743673798768,3.2222545952357797,1.397508755045998,0.11309090909090905,0.014909090909090894,0.010909090909090868,0.013090909090909065,0.01345454545454543,0.004363636363636359,0.0,0.000727272727272732,0.0,0.0010909090909090979,0.013454545454545419,0.00836363636363634,0.0,0.0,0.000363636363636366,0.0,0.000363636363636366,0.0,0.0,0.0,0.0,0.0,0.0040000000000000036,0.0,0.0036363636363636377,0.0018181818181818299,0.00436363636363637,0.0025454545454545617
28,28,0.9745454545454545,0.9746356712842651,0.9626891041985381,0.997790243073262,2.6076398033074963,0.2985792717780247,0.726547644533921,2.664549352920096,2.5079221915620815,0.08072727272727268,0.011636363636363589,0.014181818181818162,0.0039999999999999255,0.0047272727272726685,-0.001818181818181841,-0.002909090909090928,0.0043636363636362805,0.002909090909090839,-0.00036363636363638817,0.006181818181818144,0.002545454545454506,-0.002545454545454573,0.0,-0.003272727272727294,0.0003636363636363549,-1.1102230246251566e-17,-0.002181818181818207,0.0007272727272727098,0.0010909090909090647,0.0021818181818181403,0.0,0.0014545454545454306,-0.0007272727272727431,0.0010909090909090647,-0.001454545454545475,0.002909090909090828,-0.0025454545454545617
29,29,0.9854545454545455,0.9855707882509399,0.9829754038179148,0.997889133627019,2.416027363387423,0.7433173399106757,1.2706812688786997,2.3506267039887367,2.2499018040112557,0.09854545454545456,0.01309090909090913,0.0025454545454545617,0.004727272727272758,0.000363636363636366,0.003272727272727294,0.000727272727272732,0.0010909090909090979,-0.004000000000000015,0.002909090909090928,0.007272727272727297,0.001454545454545464,0.00545454545454549,0.0,0.0,-0.000727272727272732,0.0,-0.0036363636363636485,0.003272727272727294,-0.000363636363636366,0.0,-0.000363636363636366,0.0,0.003272727272727294,0.000363636363636366,0.0,0.0061818181818182215,0.0021818181818181958
30,30,0.96,0.9603560076287349,0.9498979912115505,0.9953703703703705,3.4565234053324847,0.17063874479891292,1.1370842194938204,2.4128745865580656,2.040559796812681,0.11381818181818178,0.00654545454545451,0.006545454545454477,0.00618181818181811,0.0032727272727272384,-0.0072727272727273196,-0.002909090909090928,0.0021818181818181403,-0.0072727272727273196,-0.006909090909090953,0.0018181818181817523,-0.0021818181818181958,-0.002909090909090928,0.0,0.00036363636363633266,-0.0010909090909091202,0.00036363636363633266,0.0010909090909090647,-0.002181818181818207,-0.0007272727272727653,0.0014545454545454195,0.00036363636363633266,0.0,-0.001454545454545464,-1.1102230246251566e-17,-0.00545454545454549,0.0014545454545454306,0.0003636363636363549
31,31,0.9781818181818182,0.9783128964059196,0.9737915881983679,0.9975674827369743,2.809389843207657,0.2915533991799899,0.7007665391540993,2.762172691232391,2.0913118315987393,0.0636363636363636,0.012727272727272688,0.009090909090909049,0.0058181818181818005,0.007636363636363608,-0.002909090909090928,-0.004727272727272758,-0.0036363636363636598,-0.0025454545454545617,0.003999999999999992,0.004363636363636347,0.006181818181818155,0.000363636363636366,0.0,0.008727272727272684,-0.0036363636363636598,0.0036363636363636485,0.0036363636363636485,0.000363636363636366,0.000363636363636366,-0.004727272727272758,0.0,-0.003272727272727294,0.000363636363636366,-0.0036363636363636598,0.0,-0.003272727272727294,-0.003272727272727294
32,32,0.9672727272727273,0.9675948239201311,0.9590909090909091,0.9942975206611571,2.872955039154521,0.5013664696177605,1.5418962829332021,2.3236872775484314,1.6252198844766546,0.07854545454545456,0.004727272727272747,0.008000000000000018,0.005454545454545478,0.008363636363636373,-0.0032727272727272718,0.00545454545454549,0.000363636363636366,0.0,-0.0010909090909090979,0.0043636363636363916,0.0025454545454545617,-0.000363636363636366,0.000727272727272732,0.0036363636363636598,0.0,0.0025454545454545617,0.0,0.001454545454545464,0.0,0.0036363636363636598,0.0021818181818181958,0.0036363636363636598,0.002909090909090928,0.000727272727272732,0.0036363636363636598,0.000727272727272732,0.000363636363636366
33,33,0.9709090909090909,0.9712765988183117,0.9684442270058709,0.994781474233529,2.6723699237121137,0.8409939026312669,1.1890387858867355,2.7016302596552273,1.828627063853646,0.12218181818181821,-0.0010909090909090424,0.006909090909090953,0.004000000000000026,0.0040000000000000365,-0.0003636363636363438,0.0,0.007636363636363686,-0.0010909090909090647,0.0032727272727273047,0.0014545454545454861,0.008000000000000052,2.2204460492503132e-17,0.000727272727272732,0.002545454545454573,-0.0003636363636363549,0.000727272727272732,0.003272727272727294,-0.0018181818181817744,-0.0025454545454544953,0.000363636363636366,-0.00363636363636356,0.006545454545454588,0.004727272727272758,-0.0007272727272726875,0.003272727272727294,0.002909090909090928,0.0072727272727273196
34,34,0.9781818181818182,0.9783305785123966,0.9724317077258253,0.9987430869783811,2.4122034404312727,1.3191766799635807,0.961791240791303,2.5549302686002093,1.7245630328255508,0.07890909090909089,0.006545454545454521,0.000363636363636366,0.001454545454545464,0.002545454545454551,-0.0010909090909090979,0.000363636363636366,0.003272727272727294,0.002545454545454551,-0.0010909090909090979,-0.002909090909090928,-0.003272727272727294,0.0,0.0,-0.000727272727272732,0.0,0.000363636363636366,0.0,0.0,-0.000727272727272732,0.0,-0.003272727272727294,-0.000363636363636366,0.0,-0.000727272727272732,-0.003272727272727294,-0.005818181818181856,-0.0010909090909090979
35,35,0.9781818181818182,0.9781818181818182,0.9649413564507905,0.9975352711201768,2.9085541124056826,0.8027243161627985,1.4036503616864437,1.8612735373034421,2.350305365286224,0.056363636363636324,0.014181818181818162,0.009090909090909038,0.009454545454545405,0.01527272727272726,-0.000727272727272732,0.007636363636363585,0.0036363636363636485,0.012363636363636332,0.0010909090909090868,0.011999999999999955,-0.008363636363636417,0.000727272727272732,0.004363636363636359,0.0,0.0036363636363636598,-0.001454545454545464,0.0010909090909090979,0.002545454545454551,0.0010909090909090979,0.003272727272727294,0.0,-0.0025454545454545617,0.000363636363636366,0.004000000000000015,0.0036363636363636485,0.0,-0.0025454545454545617
36,36,0.9745454545454545,0.9746289610836704,0.9640818656229615,0.997635355512068,3.0921583440019713,1.1116447004122538,0.9734376132634924,2.951432434547239,0.8488970730860306,0.12581818181818177,0.009818181818181771,0.006909090909090842,0.014909090909090882,0.0047272727272726685,0.0021818181818181294,0.0010909090909090313,-1.1102230246251566e-17,0.0010909090909090647,-0.0018181818181818299,0.0047272727272726685,-0.001090909090909109,-0.003272727272727294,-0.000363636363636366,0.0003636363636363438,0.0,0.0021818181818181294,0.0007272727272726986,-2.2204460492503132e-17,0.0010909090909090647,-1.1102230246251566e-17,-2.2204460492503132e-17,-0.002909090909090928,-0.0007272727272727431,0.0007272727272727098,0.002181818181818118,0.0014545454545453972,-0.003272727272727294
37,37,0.9745454545454545,0.9747777212551335,0.9712378833624662,0.997616399173685,3.1465094611108624,0.7119819253213767,1.0985008089355979,2.7621954837191196,1.2638554139588403,0.1043636363636363,0.002909090909090861,0.0,-0.000363636363636366,0.0018181818181817854,-0.000727272727272732,0.0,0.00036363636363633266,-0.000363636363636366,-0.0043636363636363916,0.005454545454545379,0.002545454545454484,-0.001454545454545464,-0.0036363636363636598,-0.000363636363636366,-1.1102230246251566e-17,-0.001454545454545464,-0.000727272727272732,-0.002909090909090928,-0.000363636363636366,-0.000363636363636366,0.0,-0.000363636363636366,-0.003272727272727294,0.0,-0.002909090909090928,-0.002909090909090928,-0.000363636363636366
38,38,0.9709090909090909,0.9710795715698427,0.9633720930232558,0.9955038759689923,2.363526494541458,1.045484942744636,1.226844018301091,2.974655870770803,1.7562048689590724,0.08509090909090913,0.01890909090909094,0.013090909090909108,0.015272727272727294,0.012000000000000044,-0.0021818181818181294,0.003272727272727294,0.006909090909090943,-0.00363636363636356,-0.0047272727272726685,0.01563636363636366,-0.0007272727272726653,0.0025454545454545617,0.000727272727272732,0.002181818181818207,-0.0021818181818181403,0.002181818181818207,-0.003636363636363582,1.1102230246251566e-17,0.0036363636363636598,-0.0010909090909090758,0.000727272727272732,0.0003636363636364104,-0.0010909090909090424,0.0021818181818181958,0.009090909090909139,-0.0010909090909090647,-0.0014545454545454195
39,39,0.9745454545454545,0.9746209713151862,0.9656976744186045,0.9972868217054264,2.562196878093644,0.6195717730594398,0.9876524572306963,3.1730061231716444,1.8200566370688835,0.22618181818181812,0.005090909090909024,0.009090909090909038,0.010545454545454502,0.009090909090909038,-0.0036363636363636598,0.0036363636363635488,-0.00036363636363637706,-0.003272727272727294,0.00036363636363633266,0.002545454545454506,-0.0021818181818181958,0.0,-0.0010909090909090979,-0.000363636363636366,-0.0036363636363636598,0.0,0.0,0.0018181818181817744,0.0010909090909090647,-0.0025454545454545617,0.0,-0.006909090909090953,0.0,-0.003272727272727294,-0.002909090909090928,-0.001090909090909109,-0.0036363636363636598
40,40,0.9818181818181818,0.9818826223459037,0.9743753187149413,0.9983851776304608,3.0112055829052307,0.3059260514393236,1.4475020718696896,2.4682766746105647,1.453663532275046,0.10472727272727274,0.015999999999999993,0.005454545454545478,0.008000000000000018,0.0036363636363636485,0.0,-0.002909090909090928,-0.0025454545454545617,-0.0025454545454545617,-0.004727272727272747,0.004727272727272747,0.004727272727272758,0.000727272727272732,0.000363636363636366,0.0,-0.001454545454545464,-0.003272727272727294,-0.004000000000000026,-0.0061818181818182215,-0.000727272727272732,-0.0072727272727273196,0.0069090909090909315,-0.002909090909090928,-0.0021818181818181958,-0.002909090909090928,-0.0036363636363636598,-0.0061818181818182,-0.0021818181818181958
41,41,0.9709090909090909,0.9712034234422295,0.9703296703296703,0.995897435897436,2.7519207294500045,0.05528012894923942,1.3752528484690967,2.455318034121428,2.2654698679780005,0.10472727272727275,0.01890909090909093,0.020000000000000018,0.008363636363636417,0.0112727272727273,0.0010909090909091202,0.0007272727272727541,-0.003636363636363582,0.0021818181818181958,0.00036363636363638817,0.007636363636363663,0.002545454545454573,-0.0003636363636363438,0.004727272727272758,0.008363636363636417,0.0007272727272727431,-0.0010909090909090534,0.000363636363636366,0.0010909090909090979,0.005090909090909123,0.0025454545454545617,1.1102230246251566e-17,-0.00290909090909085,0.004000000000000026,0.0014545454545454861,0.003272727272727294,-0.003636363636363571,0.0018181818181818299
42,42,0.9818181818181818,0.982230307166328,0.9892703862660944,0.9961169016963008,2.5439880314318293,0.537265160942356,1.8117839807366598,3.275738072809613,0.969907818325609,0.10218181818181818,0.015999999999999993,0.015636363636363625,0.012363636363636344,0.005090909090909123,0.003272727272727294,0.000363636363636366,0.000363636363636366,0.002909090909090928,-0.0021818181818181958,0.006909090909090943,0.0043636363636363916,0.000727272727272732,0.0,0.0,0.0,0.003272727272727294,-0.0025454545454545617,0.0,0.000727272727272732,0.0,0.0,0.0,0.0036363636363636598,0.0,-0.0018181818181818299,0.007636363636363663,0.00618181818181821
43,43,0.9818181818181818,0.9820065474062853,0.98155702872684,0.9952405235424103,3.633739388904911,0.054616383017726026,1.5420037030230072,2.3422919792083463,1.0237792755686896,0.05890909090909093,0.014909090909090905,0.010909090909090901,0.006545454545454588,0.013818181818181808,0.000363636363636366,0.000363636363636366,0.000363636363636366,0.0,0.00436363636363638,0.01272727272727272,0.016727272727272723,0.004000000000000026,0.000727272727272732,0.0036363636363636598,0.000727272727272732,0.003272727272727294,0.0,0.000363636363636366,0.000363636363636366,0.0,0.000727272727272732,0.0,0.0,0.0,0.002909090909090928,0.001454545454545464,0.0
44,44,0.96,0.9604144042938277,0.9464983851776305,0.9937106918238994,3.000057079736185,0.2679499471408765,1.4775975255587803,2.9282973166583197,1.574690373002437,0.10945454545454543,0.00290909090909085,0.00545454545454539,0.003272727272727227,-0.005454545454545501,-0.00036363636363637706,-0.0003636363636363993,0.0010909090909090534,-0.0007272727272727431,0.005454545454545412,-0.004727272727272769,-0.002909090909090939,-0.001454545454545464,0.004363636363636292,0.0018181818181817854,0.0010909090909090758,-0.0010909090909090979,0.0032727272727271937,0.0039999999999999255,0.0,-0.001454545454545464,0.002545454545454484,0.0007272727272726986,0.0,0.0018181818181817523,-0.0007272727272727431,0.003636363636363593,0.004727272727272658
45,45,0.9781818181818182,0.9781818181818182,0.9684004902711812,0.9969358051172055,2.968345123637897,0.5521147469257611,1.7280835954748124,2.5764925109508905,1.174871071817454,0.15127272727272725,0.019636363636363598,0.026545454545454494,0.011272727272727235,0.012727272727272698,-0.0025454545454545617,0.0007272727272727208,-0.002909090909090928,0.002181818181818185,-0.000363636363636366,0.010545454545454514,0.011272727272727235,0.0036363636363636598,0.000363636363636366,0.0032727272727272826,0.0014545454545454527,0.0,-0.0010909090909090979,0.0,0.000727272727272732,-0.0021818181818181958,-0.001818181818181841,0.004000000000000015,0.0032727272727272826,-0.0025454545454545617,0.000363636363636366,0.0010909090909090868,0.00509090909090909
46,46,0.9927272727272727,0.9926722052457347,0.9807692307692308,0.9997412901000344,3.5662883330298216,-0.11498746340248987,1.4163210818757526,2.473245363004361,1.156334373368453,0.11599999999999996,0.017454545454545434,0.009818181818181771,0.0018181818181817744,0.008727272727272684,-0.000363636363636366,0.0036363636363635488,-0.000363636363636366,-0.000363636363636366,0.003272727272727205,0.012363636363636332,-0.0010909090909091202,-0.003272727272727294,-0.000727272727272732,0.0032727272727271937,0.0010909090909090647,0.0003636363636363549,0.0003636363636363549,0.0003636363636363549,-0.0010909090909090979,0.0003636363636363549,-0.002909090909090928,-0.003272727272727294,0.0,0.0,-0.003272727272727294,-0.0007272727272727431,-0.000363636363636366
47,47,0.9745454545454545,0.9747558344375232,0.9721338785400575,0.9966681811297895,3.3048907754309362,1.0874595249753942,1.2878917890251333,1.9482703946279403,0.8532314897029954,0.11999999999999995,0.011636363636363589,0.007999999999999941,0.01599999999999995,0.011636363636363589,0.003636363636363571,0.0007272727272727098,0.006545454545454488,0.0010909090909090647,0.0014545454545454085,0.003999999999999948,0.011272727272727222,0.0003636363636363549,-0.0025454545454545617,0.002545454545454484,0.0010909090909090647,0.0047272727272726685,0.0,0.0,0.0,0.0010909090909090647,0.0,0.0003636363636363549,-0.003272727272727294,0.0010909090909090647,-0.001818181818181841,0.005454545454545379,0.0010909090909090647
48,48,0.9854545454545455,0.9855563173210232,0.9838092809790924,0.9991500934897162,2.793171061574199,0.027498959676228608,1.5312129556703054,2.898321588035144,1.8426671136761792,0.08509090909090908,0.012727272727272731,0.012000000000000033,0.0043636363636363916,0.003272727272727294,0.0036363636363636598,0.002909090909090928,0.003272727272727294,0.0036363636363636598,0.000363636363636366,-0.0010909090909090868,0.004000000000000026,-0.0036363636363636598,-0.0036363636363636598,0.003272727272727294,0.0,0.004000000000000026,-0.000727272727272732,-0.0018181818181818299,0.000727272727272732,0.001454545454545464,0.0,0.01054545454545459,0.0,0.000363636363636366,0.002181818181818207,-0.006181818181818155,0.0010909090909090979
49,49,0.9636363636363636,0.9638975167277055,0.9480855467402554,0.9956019317005864,2.7039277770958208,0.21082618744000253,1.0721295688305374,3.194015565912576,1.9620334927060716,0.09818181818181818,0.00509090909090909,0.009454545454545415,0.0014545454545454306,0.002545454545454551,0.003272727272727294,0.003272727272727294,-0.000727272727272732,-0.0010909090909090979,-0.005454545454545457,0.0032727272727272605,-0.0021818181818181958,0.0,-0.000727272727272732,-0.001454545454545464,-0.000363636363636366,-0.0010909090909090979,0.0,0.0025454545454545617,0.002909090909090928,-0.000727272727272732,0.0,0.000363636363636366,-0.000727272727272732,0.000727272727272732,0.0029090909090909054,-0.0058181818181818334,-0.000363636363636366
50,50,0.9781818181818182,0.9783515151515152,0.97074227921257,0.9972909517789417,2.860334893359807,1.060607780248823,1.5394630899725605,3.308204097602435,0.06692088945236327,0.14945454545454545,0.015272727272727249,0.011272727272727235,0.011636363636363601,0.0029090909090909054,0.00436363636363637,0.0,0.003272727272727294,0.000363636363636366,-1.1102230246251566e-17,0.007999999999999974,0.0025454545454545396,0.000363636363636366,0.000363636363636366,0.0036363636363636598,0.002545454545454551,0.004000000000000015,0.004000000000000015,0.0010909090909090979,0.0036363636363636598,0.0010909090909090979,0.00436363636363637,0.0036363636363636598,0.0,0.0,0.0010909090909090979,0.00436363636363637,0.004727272727272724
51,51,0.9818181818181818,0.981608895856178,0.9592963090720938,0.9983615039668852,3.164313207795723,0.554572516513113,1.457459517294283,2.423584690140518,1.3129270733347558,0.06909090909090909,0.0058181818181818334,0.0061818181818182215,0.00872727272727274,-0.000727272727272732,0.0,0.0036363636363636598,0.002909090909090928,-0.0010909090909090979,0.0058181818181818334,-0.0018181818181818299,0.0021818181818181958,0.0,0.0,-0.0021818181818181958,0.0021818181818181958,-0.0018181818181818299,-0.0036363636363636598,0.003272727272727294,0.001454545454545464,0.0,-0.000363636363636366,0.0036363636363636598,-0.000363636363636366,0.000363636363636366,0.0,0.000363636363636366,0.0
52,52,0.9818181818181818,0.9817600290763708,0.9695296361036072,0.9987287462259653,2.6004005588470394,0.49439649551057246,1.2743114025057116,3.6101256538668967,0.9637873239449345,0.15963636363636363,0.016363636363636358,0.018545454545454552,0.008727272727272728,0.008000000000000018,0.0,0.0,0.0,0.0025454545454545617,-0.001454545454545464,0.0061818181818182,0.004727272727272758,0.0,0.0,0.0,0.0,0.0036363636363636598,0.003272727272727294,0.003272727272727294,0.0,0.0036363636363636598,0.0036363636363636598,0.0,0.0018181818181818299,0.0,0.0,0.0,0.0
53,53,0.9672727272727273,0.9675568733545542,0.961046511627907,0.9958139534883721,2.800471855265035,0.25904069451130235,0.7525761347215254,3.1121349915094836,2.126200832135213,0.11454545454545458,0.009090909090909084,0.008000000000000007,0.0010909090909090979,0.004727272727272735,-0.0036363636363636598,-0.0036363636363636598,-0.0036363636363636598,-0.0018181818181818299,-0.0032727272727272826,0.0061818181818182,-0.000727272727272732,-0.0069090909090908535,-0.0032727272727272826,0.0,-0.000363636363636366,-0.0036363636363636598,-0.0069090909090908535,-0.000727272727272732,0.0,-0.000363636363636366,-0.000363636363636366,-0.0072727272727272085,-0.002909090909090928,-0.0036363636363636598,-0.0069090909090908535,-0.0021818181818181737,-0.0072727272727272085
54,54,0.9636363636363636,0.9636363636363636,0.9460530445699937,0.9946641556811048,2.7130733931535547,0.18317274058548527,1.626505364379439,2.6703270112764446,1.9945978509470113,0.10872727272727271,0.00836363636363634,0.008363636363636318,0.005818181818181789,0.009090909090909071,0.0,0.000727272727272732,0.0,-0.000727272727272732,-0.0058181818181818334,0.010181818181818148,0.007272727272727264,-0.0036363636363636598,-0.000363636363636366,0.0,-0.004000000000000026,-0.000727272727272732,0.0,0.0,0.000363636363636366,-0.0036363636363636598,-0.002909090909090928,0.000363636363636366,0.0,0.000727272727272732,-0.0018181818181818299,-0.001454545454545464,-0.000727272727272732
55,55,0.96,0.9606906738230462,0.9532166264229045,0.9950845119006554,2.7608449437998863,0.37171656772745887,1.419913613760151,3.1079459794029916,2.023927605963868,0.0767272727272727,0.0010909090909090534,0.009090909090909038,0.003636363636363593,-0.0003636363636364104,-0.006545454545454588,-0.010909090909090934,-0.004000000000000026,-0.002545454545454573,-0.003272727272727294,-3.3306690738754695e-17,0.0029090909090908833,-0.0061818181818182215,-0.003272727272727294,-0.010181818181818247,-0.006909090909090953,-0.0036363636363636598,-0.0014545454545454861,-0.000363636363636366,-0.002909090909090939,-0.000727272727272732,-0.006909090909090953,-0.002909090909090928,-0.002909090909090939,-0.003272727272727294,-0.009454545454545504,0.0007272727272727098,-0.006545454545454588
56,56,0.9854545454545455,0.9854545454545455,0.9751670579736319,0.9986454758894708,3.203946697329573,0.34405094438833794,1.3222049502087982,2.750515715355772,1.4417379667592363,0.08909090909090911,0.0029090909090909167,0.0010909090909090979,0.0010909090909090979,0.000363636363636366,0.0,0.0,0.0010909090909090979,0.000363636363636366,0.003272727272727294,0.005818181818181856,0.010909090909090957,0.002909090909090928,0.0,0.0,0.0025454545454545617,0.0,0.0,0.0,0.0,0.004727272727272758,0.0036363636363636598,0.0,0.000363636363636366,0.0,-0.0018181818181818299,-0.000363636363636366,0.003272727272727294
57,57,0.9818181818181818,0.981997124400073,0.9818181818181818,0.9967768595041322,2.974427370369348,0.06761965198126901,1.4644764654552656,3.086786120993936,1.7624920689917762,0.14181818181818184,0.017454545454545455,0.016363636363636358,0.011636363636363622,0.007999999999999997,0.004727272727272758,0.00545454545454549,0.0025454545454545617,0.00436363636363638,0.0,0.010909090909090913,0.009818181818181814,0.005454545454545478,0.004727272727272747,0.007636363636363663,0.0025454545454545617,0.0018181818181818299,0.006909090909090953,0.0,0.0010909090909090979,0.0036363636363636598,0.005090909090909123,-0.003272727272727294,-0.0021818181818181958,0.004727272727272758,0.00545454545454549,0.0,0.002909090909090928
58,58,0.9818181818181818,0.9819882965379502,0.9820537582488331,0.996861419604056,2.8535423251117193,0.029400260812008326,1.3157279948732175,2.8781952815676384,1.776459883526224,0.08909090909090908,0.0229090909090909,0.013090909090909065,0.01018181818181817,0.0018181818181818299,-0.004000000000000026,-0.002909090909090928,0.0036363636363636598,0.000727272727272732,0.000363636363636366,0.007636363636363652,0.001454545454545464,-0.0018181818181818299,0.001454545454545464,0.0010909090909090979,0.0010909090909090979,0.008363636363636373,-0.0025454545454545617,-0.000363636363636366,0.0025454545454545617,0.0010909090909090979,-0.0025454545454545617,-0.000363636363636366,0.001454545454545464,0.000727272727272732,0.0072727272727273196,0.0058181818181818334,0.007272727272727308
59,59,0.9854545454545455,0.9854545454545455,0.9766275709671937,0.9983001869794322,2.4095180741882203,0.8526178868068163,1.702428461816445,2.6575190310077828,1.7652885886012237,0.10400000000000001,0.00981818181818187,0.010181818181818247,0.007636363636363686,0.00872727272727276,0.0,-0.000727272727272732,0.0,0.0,0.000363636363636366,0.000363636363636366,-0.000727272727272732,-0.0036363636363636598,0.0,-0.0036363636363636598,-0.0036363636363636598,0.0,-0.0036363636363636598,0.0,-0.000363636363636366,0.0,-0.0036363636363636598,-0.0036363636363636598,0.0,0.0,-0.0018181818181818299,-0.000727272727272732,-0.0036363636363636598
60,60,0.9818181818181818,0.9821669917548548,0.9889867841409692,0.9972466960352423,2.6413351439253203,0.694632386210265,1.1315864330724967,3.2249832393101734,1.6614843866217295,0.13963636363636364,0.017454545454545455,0.011999999999999978,0.010909090909090879,0.011999999999999988,0.0,0.0025454545454545617,0.000727272727272732,0.0,0.0021818181818181958,0.009818181818181827,0.007272727272727297,0.0,0.0,0.006545454545454588,0.000363636363636366,0.0,0.004000000000000026,-0.003272727272727294,0.0,0.0,0.000727272727272732,0.0,0.0,0.000727272727272732,0.000363636363636366,0.002909090909090928,0.004727272727272758
61,61,0.9745454545454545,0.9748307338715887,0.9688888888888889,0.9978666666666667,3.6820972692398373,0.8324174065547146,1.1422701073399626,1.8912289782245741,1.5221977591197682,0.07418181818181814,0.008363636363636328,0.003999999999999915,0.004363636363636292,0.0014545454545454195,-1.1102230246251566e-17,0.00036363636363633266,-0.000363636363636366,-0.000727272727272732,-0.0018181818181818633,-0.006909090909090953,-0.003636363636363671,-0.002909090909090928,-0.0025454545454545617,-0.0036363636363636598,0.002909090909090839,-0.0036363636363636598,0.002545454545454484,-0.0036363636363636598,-0.0018181818181818299,-0.003272727272727294,0.0003636363636363549,0.0003636363636363549,0.0007272727272726986,0.0003636363636363549,-0.0018181818181818299,0.0003636363636363438,0.0014545454545453972
62,62,0.9818181818181818,0.9818861054672615,0.9736957282913166,0.9970238095238095,2.7962499621818226,0.1143844941880022,1.4843090806791785,3.84207016825676,0.9385987601981517,0.12036363636363634,0.01527272727272726,0.013090909090909075,0.0043636363636363916,0.004000000000000026,0.000363636363636366,0.0,0.000363636363636366,0.000363636363636366,0.0,0.007272727272727308,0.003272727272727294,0.0036363636363636598,0.0,0.0036363636363636598,0.0,0.000363636363636366,0.0036363636363636598,0.0,0.0,0.0,0.0,0.000727272727272732,0.000363636363636366,0.000363636363636366,0.0036363636363636598,0.0,0.0010909090909090979
63,63,0.9745454545454545,0.9750085120871638,0.9766666666666667,0.9966222222222223,2.448624225431412,0.3163289128418775,1.0458097661958012,3.0129439887069864,1.8628853267578418,0.11709090909090905,0.006545454545454477,0.010545454545454502,0.0069090909090908535,0.0025454545454544953,0.0007272727272727098,0.0032727272727271937,0.0032727272727271937,0.0003636363636363438,0.002545454545454484,0.00290909090909085,0.0003636363636363549,0.0014545454545454195,0.0010909090909090647,0.0010909090909090647,0.0021818181818181294,0.0010909090909090647,0.0014545454545454195,0.0007272727272727098,0.0,0.0003636363636363549,0.0003636363636363549,0.0003636363636363549,0.0036363636363635488,0.0036363636363635488,0.0018181818181817744,0.0003636363636363549,0.0036363636363635488
64,64,0.9854545454545455,0.9853500842180086,0.9699597787833082,0.9990782637841461,2.029985863348642,0.654882185737289,1.0296725680374594,2.841850768352581,2.4552388578591926,0.10400000000000001,0.019636363636363674,0.003272727272727294,0.0036363636363636598,0.0018181818181818299,0.001454545454545464,-0.000363636363636366,-0.0021818181818181958,0.001454545454545464,0.01745454545454548,0.007636363636363686,0.008727272727272773,0.002909090909090928,0.0010909090909090979,0.00545454545454549,0.0036363636363636598,-0.0032727272727272492,-0.0025454545454545617,-0.0003636363636363549,0.0010909090909090979,0.0010909090909090979,0.000363636363636366,0.005454545454545478,-0.002181818181818185,0.0036363636363636598,0.000363636363636366,-0.002181818181818185,0.0043636363636363916
65,65,0.9781818181818182,0.9781818181818182,0.9659090909090908,0.997603305785124,2.9009555294695164,1.0367619871582288,1.4706908052662526,2.3667581858678832,1.121631078948619,0.05854545454545453,0.009818181818181781,0.004000000000000015,0.003272727272727294,0.006909090909090876,0.000363636363636366,0.0,0.004363636363636359,0.004727272727272714,0.0014545454545454417,0.0032727272727272605,0.000363636363636366,0.0,0.0,0.000363636363636366,0.004000000000000015,0.0036363636363636598,0.0,0.000363636363636366,0.0,0.004000000000000015,0.0,0.000363636363636366,0.0040000000000000036,0.001454545454545464,0.005818181818181789,0.0,0.0
66,66,0.96,0.9598687754399465,0.9359005311443747,0.9962176082407855,2.7685125757648987,0.16561319337296496,1.291452540430065,3.0412358183417494,2.1034030219471203,0.08618181818181815,0.0025454545454544953,0.0032727272727271937,0.002909090909090839,-0.0007272727272727431,0.0,0.0003636363636363549,-0.000363636363636366,-0.0007272727272727431,-0.003636363636363671,-0.0003636363636363993,-0.007636363636363675,-0.005090909090909123,0.0,-0.004000000000000026,-0.004727272727272758,-0.000363636363636366,-0.0010909090909090979,0.0,0.0,0.0,0.0007272727272727098,-0.0010909090909090979,-0.004000000000000026,0.0,0.0,-0.001090909090909109,-0.0036363636363636598
67,67,0.9818181818181818,0.981898276015923,0.971256038647343,0.9987439613526571,2.75636169690337,0.47577644975046507,1.1310118141809336,3.03206441798745,2.0668781584781937,0.08872727272727274,-0.002181818181818207,0.00545454545454549,0.000727272727272732,-0.0010909090909090979,0.000363636363636366,0.000363636363636366,0.0,-0.000363636363636366,0.010545454545454535,-0.006545454545454554,0.000363636363636366,0.000363636363636366,0.0,-0.009454545454545438,-0.005090909090909113,0.000363636363636366,-0.008000000000000018,-0.000363636363636366,0.0021818181818181958,-0.003272727272727294,-0.000363636363636366,0.0,0.0036363636363636598,0.0036363636363636598,-0.001454545454545464,0.0,0.000363636363636366
68,68,0.9745454545454545,0.9749849742510293,0.9769317005864091,0.9952569851672991,2.687889538586163,0.5476171511586769,1.864199280431615,2.6243809193508385,1.640707397773956,0.10509090909090904,0.010545454545454492,0.01745454545454538,0.013454545454545408,0.012727272727272688,0.0003636363636363549,0.0014545454545454195,0.0010909090909090647,0.006909090909090842,0.002909090909090861,0.005454545454545379,0.0072727272727272085,0.0,0.0036363636363635488,0.007999999999999941,0.003999999999999915,0.0007272727272727098,0.0036363636363635488,0.0032727272727271937,0.0032727272727271937,0.0036363636363635488,0.0036363636363635488,0.0,0.0,0.002545454545454484,0.002181818181818118,0.0036363636363635488,0.003999999999999915
69,69,0.9818181818181818,0.9818861054672615,0.9736957282913166,0.9992121848739496,2.8765567047759117,0.431857954355543,1.271731315144027,2.6475392887497637,1.7271962435978407,0.07709090909090908,0.009090909090909094,0.004727272727272747,0.0036363636363636598,0.0018181818181818299,-0.000363636363636366,-0.006545454545454588,-0.000363636363636366,-0.0036363636363636598,-0.000363636363636366,0.0025454545454545617,0.0,-0.006909090909090953,-0.0036363636363636598,-0.000363636363636366,-0.0036363636363636598,0.0,-0.010181818181818158,-0.004000000000000026,0.000363636363636366,-0.0025454545454545617,-0.006545454545454588,-0.0021818181818181958,0.0,-0.0036363636363636598,-0.007272727272727308,-0.0021818181818181958,-0.0072727272727273196
70,70,0.9781818181818182,0.9781818181818182,0.9659090909090908,0.9979338842975206,2.1514859882980466,0.9855974516307217,1.1456704338369657,3.238779701235002,1.9457628084660166,0.132,0.0029090909090909167,0.010909090909090868,0.007999999999999941,0.0036363636363636264,-0.000363636363636366,0.000363636363636366,-0.002909090909090928,-0.003272727272727294,-0.004000000000000026,0.0025454545454545287,-0.000727272727272732,-0.000363636363636366,0.0,0.0,-0.004000000000000026,-0.001454545454545464,-0.000363636363636366,0.0,0.0,-0.003272727272727294,-0.000363636363636366,0.0,-0.000363636363636366,-0.0018181818181818299,0.0,0.0,-0.000727272727272732
71,71,0.9781818181818182,0.9780474233864065,0.962015503875969,0.9982945736434109,2.7860644963446917,0.38919195419240504,1.3169441956391057,2.8061954497580164,1.7022810354029254,0.11672727272727271,0.012363636363636332,0.008363636363636318,0.0018181818181818078,-0.000727272727272732,0.005454545454545423,0.0036363636363636485,-0.000727272727272732,0.005818181818181778,0.000363636363636366,0.008727272727272705,0.0,0.0036363636363636598,0.0,-0.0010909090909090979,0.000363636363636366,-0.000727272727272732,-0.000363636363636366,0.0036363636363636598,0.0,-0.000363636363636366,-0.0025454545454545617,0.003272727272727294,0.000363636363636366,0.0036363636363636598,0.0072727272727272085,-0.003272727272727294,0.000363636363636366
72,72,0.9672727272727273,0.9673887202226268,0.951002889682135,0.9969403365629781,3.70263362457124,-0.4556715353212058,1.2129396666060541,2.8380481392993415,1.6309957528031624,0.14400000000000004,0.0061818181818181885,0.0061818181818182215,-0.0021818181818181737,0.0032727272727272826,0.001454545454545464,-0.000727272727272732,-0.0010909090909090979,0.0036363636363636598,0.0010909090909090979,0.0032727272727273047,0.0010909090909090979,0.007636363636363663,-0.000727272727272732,0.000727272727272732,0.000727272727272732,-0.000363636363636366,0.0,-0.000363636363636366,0.000363636363636366,0.003272727272727294,0.002909090909090928,-0.000727272727272732,0.004000000000000026,-0.000363636363636366,0.000363636363636366,0.0021818181818181958,0.000363636363636366
73,73,0.9781818181818182,0.9783305785123966,0.9724317077258253,0.9963968493380257,2.5990775468741476,0.5711128943780234,0.9285907361715703,2.852078677927775,1.9485605633341372,0.0825454545454545,0.017090909090909056,0.013090909090909065,0.013818181818181795,0.009818181818181781,-0.000363636363636366,0.00436363636363637,0.002909090909090928,-0.001454545454545464,0.000363636363636366,0.002181818181818185,0.007999999999999962,0.0040000000000000036,0.0,-0.000363636363636366,0.0,0.005454545454545423,-0.00036363636363637706,0.000727272727272732,0.003272727272727294,-0.003272727272727294,0.0,0.0032727272727272826,-0.0036363636363636598,-0.000727272727272732,0.0,0.002545454545454551,0.0
74,74,0.9854545454545455,0.9855419309372798,0.9845809792843692,0.9979598242310106,3.306724866807689,0.5735889275588361,1.5117617844536708,2.6025660832122988,0.9612543773300568,0.07163636363636365,0.017818181818181855,0.011272727272727334,0.012727272727272754,0.009818181818181882,-0.000727272727272732,0.0021818181818181958,0.0010909090909090979,0.0025454545454545617,0.000727272727272732,0.013090909090909108,-0.000363636363636366,0.000727272727272732,0.0,0.000727272727272732,0.000363636363636366,0.000363636363636366,0.000363636363636366,0.000363636363636366,0.000727272727272732,0.001454545454545464,0.000363636363636366,0.0,0.0,0.003272727272727294,0.001454545454545464,0.0,0.0
75,75,0.9745454545454545,0.9744477877631861,0.9540878851540616,0.9971988795518207,3.5382171639169395,-0.010995505118942511,1.4919280341237207,2.8704972989933295,1.115260353401844,0.10618181818181811,0.007999999999999941,0.005818181818181745,0.005818181818181745,0.004727272727272658,0.0,0.0,0.0,0.0032727272727271937,-0.00545454545454549,0.00618181818181811,-0.0007272727272727541,0.0,0.0,0.0,0.0,0.0,0.0007272727272726986,0.0,0.0,0.0,0.0,0.0,0.0,0.0,0.0,-0.000363636363636366,-0.0036363636363636598
76,76,0.9636363636363636,0.9633947103125186,0.9381941091260261,0.9964590375020119,2.6480190615127417,0.6401181339854543,1.3979866960896004,2.7169897158463168,1.9425775927791165,0.10363636363636361,0.006181818181818155,-0.000727272727272732,0.004000000000000015,0.0021818181818181624,-0.000727272727272732,-0.000727272727272732,-0.0007272727272727431,-0.006545454545454565,-0.011272727272727268,0.0036363636363636264,-0.007636363636363641,-0.00800000000000003,-0.007272727272727308,-0.005454545454545467,-0.01018181818181817,-0.002909090909090928,-0.004727272727272758,-0.0061818181818182215,-0.011272727272727257,-0.005818181818181856,-0.0036363636363636598,-0.0036363636363636598,-0.0043636363636363916,-0.000727272727272732,-0.00545454545454549,-0.0010909090909090979,-0.0036363636363636598
77,77,0.9781818181818182,0.9781818181818182,0.9608410860072147,0.9967723561799886,2.734905845930041,0.2635748693821529,1.3468402628742935,3.3248741715252836,1.5415031560208166,0.11854545454545448,0.0076363636363635965,0.005090909090909079,0.005454545454545423,0.010545454545454525,-0.0018181818181818299,0.005090909090909068,0.0021818181818181958,0.001454545454545464,-0.001454545454545464,0.0029090909090908946,0.007999999999999952,0.007636363636363575,-0.0036363636363636598,0.006181818181818144,0.00509090909090909,0.0032727272727272826,0.0069090909090908535,0.0021818181818181958,-0.003272727272727294,0.002909090909090928,-0.0010909090909090979,0.00436363636363637,-0.004000000000000026,-0.0025454545454545617,0.0065454545454544984,-0.0010909090909090979,0.006909090909090865
78,78,0.9709090909090909,0.9711767020857931,0.9543404170008019,0.9963913392141139,2.5471686366259307,0.4930300608156981,1.5830635567376643,3.336239553054469,1.4852673179292424,0.10690909090909093,0.005090909090909123,1.1102230246251566e-17,-0.0032727272727271937,0.0007272727272727541,-0.00290909090909085,0.001090909090909109,0.001090909090909109,0.002909090909090928,-0.0010909090909090534,0.004727272727272769,3.3306690738754695e-17,0.003272727272727294,-0.0003636363636363549,0.003272727272727294,0.002909090909090928,0.0043636363636363916,0.002909090909090928,1.1102230246251566e-17,0.0018181818181818299,0.0025454545454545617,-0.0014545454545454085,0.0018181818181818299,0.001090909090909109,-0.00290909090909085,-0.0007272727272726765,-0.0021818181818181294,0.002181818181818218
79,79,0.9818181818181818,0.9819800034676068,0.9822661644695543,0.9987445072190835,2.1169978716718036,0.6349178505488836,1.3213204641020222,3.4097527035359803,1.7555784607509848,0.11454545454545455,0.008363636363636361,-0.0025454545454545617,-0.003272727272727294,0.0021818181818181958,-0.000363636363636366,-0.001454545454545464,0.000727272727272732,0.000363636363636366,-0.002909090909090928,0.007636363636363641,-0.004727272727272747,-0.0036363636363636598,-0.000727272727272732,-0.000363636363636366,-0.002909090909090928,-0.000363636363636366,-0.000727272727272732,0.0,0.0,-0.007272727272727297,-0.0010909090909090979,-0.005090909090909123,0.0021818181818181958,-0.001454545454545464,-0.000727272727272732,0.001454545454545464,-0.001454545454545464
80,80,0.9745454545454545,0.9741771170319751,0.9507553317535544,0.9985189573459716,2.7315331614931044,0.2473712880707381,1.6012277196984959,3.057260086206897,1.3019616945331025,0.13418181818181812,0.012727272727272676,0.0018181818181817744,0.004727272727272647,0.0010909090909090647,-0.0010909090909090979,0.0032727272727271937,-0.0003636363636363993,-0.005818181818181856,-0.001454545454545464,0.0021818181818181403,0.0021818181818181294,-2.2204460492503132e-17,-0.0010909090909090979,-0.001454545454545464,0.0,0.0014545454545454195,-0.00036363636363637706,-0.0010909090909090979,0.0,0.002909090909090828,-0.00036363636363637706,0.0,0.0,-0.001454545454545464,0.0,0.002545454545454484,-0.002909090909090928
81,81,0.9818181818181818,0.9818793736789181,0.975,0.9977685950413223,2.500805331518525,0.23114718868108156,1.2183665070049143,2.9398540995243088,2.4196016448994397,0.08327272727272728,0.01054545454545457,0.009090909090909084,0.0036363636363636598,0.009090909090909094,0.0010909090909090979,0.005090909090909123,0.012363636363636332,0.00872727272727275,0.008363636363636373,0.0065454545454545435,0.001454545454545464,0.008363636363636373,0.0010909090909090979,0.004000000000000026,0.005818181818181845,0.0043636363636363916,0.0036363636363636598,-0.0036363636363636598,0.000363636363636366,0.0036363636363636598,0.0010909090909090979,0.003272727272727294,0.000727272727272732,0.00945454545454546,0.010181818181818158,-0.0021818181818181958,0.001454545454545464
82,82,0.9709090909090909,0.9717447808013846,0.9823008849557522,0.9956655228463066,3.004764758931309,0.6090258721656426,1.4266199109982367,2.4022210002055053,1.589750078603791,0.05636363636363641,0.017818181818181855,0.019272727272727285,0.0072727272727273196,0.014181818181818195,-0.0032727272727271937,-0.0032727272727271937,-0.002545454545454473,-0.002545454545454473,-0.0010909090909090647,0.00945454545454547,-0.00290909090909085,-0.0032727272727271937,0.0,0.0043636363636363916,0.000727272727272732,-0.002909090909090828,-0.0007272727272726986,0.0,0.0,-0.002181818181818118,0.000363636363636366,0.001454545454545464,-0.002909090909090839,-0.0021818181818181294,0.0007272727272727431,-0.0018181818181817744,0.0036363636363636598
83,83,0.9709090909090909,0.9706945968829376,0.9460734319224886,0.9970253272140064,2.828671761027533,0.19436311356983998,1.6816313726724466,2.6308961740658865,1.5473113082049514,0.08145454545454549,0.006545454545454588,0.006545454545454588,0.00545454545454549,0.004000000000000026,0.005090909090909123,-0.0010909090909090647,0.0043636363636363916,0.0043636363636363916,-0.005090909090909035,0.0014545454545454861,-0.00727272727272722,0.0036363636363636598,-0.0036363636363635488,-0.0069090909090908535,-0.00363636363636356,-0.0018181818181817744,-0.003999999999999915,0.000363636363636366,0.000363636363636366,0.000363636363636366,-0.0069090909090908535,-0.002545454545454484,0.002909090909090939,-0.0003636363636363438,-0.0014545454545454195,2.2204460492503132e-17,-0.002545454545454484
84,84,0.9854545454545455,0.9854545454545455,0.9789336601807874,0.9975486440937644,2.337726371832696,0.8445136456089692,1.1071247111351539,3.5448745010942613,1.819431580683402,0.20581818181818184,0.015272727272727282,0.020000000000000018,0.012000000000000033,0.009818181818181847,0.005090909090909123,0.006909090909090953,0.0043636363636363916,0.003272727272727294,0.0036363636363636598,0.011636363636363667,0.0061818181818182215,0.0036363636363636598,0.0,0.003272727272727294,0.0043636363636363916,0.000727272727272732,0.0,0.0036363636363636598,0.000363636363636366,0.003272727272727294,0.0025454545454545617,0.0036363636363636598,0.0010909090909090979,0.005818181818181856,0.0036363636363636598,0.0018181818181818299,0.0036363636363636598
85,85,0.9745454545454545,0.9746289610836704,0.9640818656229615,0.9945368558382257,2.4683253954016844,0.5768017240803887,1.355893881866148,3.0254377552336904,1.6073428837497687,0.1356363636363636,0.02181818181818177,0.021818181818181747,0.012727272727272676,0.011999999999999955,0.0032727272727271937,0.006909090909090842,0.0,0.0,0.0021818181818181294,0.017090909090909035,0.003636363636363582,0.002909090909090839,0.0003636363636363549,0.0032727272727271937,0.0036363636363635488,0.002909090909090839,0.0,0.0,0.0,0.0003636363636363549,0.0018181818181817744,0.0,0.002909090909090839,0.0039999999999999255,0.0036363636363635488,-0.001090909090909109,0.0010909090909090647
86,86,0.9854545454545455,0.9853753769926755,0.9745421245421246,0.9997802197802198,3.2371170963131948,0.2637156987785328,1.8634000626108524,1.9061479241173482,1.5507397955988738,0.11054545454545454,0.02581818181818183,0.0170909090909091,0.020000000000000028,0.004727272727272758,0.0,0.001454545454545464,0.000727272727272732,0.001454545454545464,0.001454545454545464,0.01309090909090912,0.0036363636363636598,-0.005818181818181789,0.0,-0.002909090909090928,0.001454545454545464,-0.002909090909090928,0.000363636363636366,0.0,-0.003272727272727294,-0.009454545454545405,-0.005090909090909079,-0.0036363636363636598,0.000363636363636366,0.000727272727272732,-0.0036363636363636598,-0.0025454545454545617,-0.0036363636363636598
87,87,0.9709090909090909,0.9713841016803103,0.9754481385016087,0.9970124099892753,3.4418714288679166,0.44219847213859387,1.092765257195085,2.3415663419795076,1.9625703661982223,0.1785454545454546,0.002545454545454573,0.0036363636363636598,0.004000000000000026,0.003636363636363671,-0.002909090909090839,-0.002909090909090839,-0.002909090909090839,-0.006909090909090842,-0.0014545454545454195,-0.003636363636363571,-0.00472727272727268,0.0,0.0,0.000363636363636366,0.0,-0.00618181818181811,-0.0021818181818181294,0.0,0.0,0.000363636363636366,-0.002909090909090839,0.0,0.000363636363636366,-0.0003636363636363549,-0.0003636363636363549,-0.00363636363636356,-0.003999999999999915
88,88,0.9818181818181818,0.9817600290763708,0.9695296361036072,0.998093119338948,2.9505716993233855,-0.18703322127710847,1.5962421347303366,3.1346987555169306,1.5520862360713306,0.08654545454545454,0.01636363636363637,0.01018181818181817,0.010909090909090879,0.004727272727272758,-0.002909090909090928,0.0021818181818181958,0.000363636363636366,-0.0036363636363636598,0.004000000000000015,0.0036363636363636485,0.001454545454545464,0.004000000000000026,-0.003272727272727294,0.004000000000000026,-0.002909090909090928,-0.002909090909090928,0.0036363636363636598,-0.003272727272727294,-0.0036363636363636598,0.002909090909090928,-0.0018181818181818299,0.0,0.0,-0.001454545454545464,0.000727272727272732,0.0,-0.0025454545454545617
89,89,0.9854545454545455,0.9855464224318508,0.9843473362304844,0.9985514244326412,3.256941139085609,0.1552496287603237,1.3679249864572882,2.7237805284329006,1.4966787093024103,0.13672727272727273,0.012727272727272754,0.0061818181818182215,0.001454545454545464,0.009454545454545483,-0.000727272727272732,-0.0007272727272727208,-0.004000000000000015,-0.000363636363636366,-0.000363636363636366,0.005090909090909123,0.005090909090909113,0.000363636363636366,-0.0018181818181818299,0.0025454545454545617,0.0,-0.0036363636363636377,0.003272727272727294,0.000363636363636366,0.000363636363636366,-0.003272727272727294,0.0036363636363636598,-0.0018181818181818188,0.0,0.0018181818181818299,0.001090909090909109,0.0,0.000363636363636366
90,90,0.9781818181818182,0.9780291603821016,0.9590909090909091,0.9963636363636363,2.184951718918566,0.6878547307526969,1.6389593816412282,3.162620865474925,1.6912581570126857,0.12072727272727271,0.01781818181818179,0.015636363636363625,0.014545454545454528,0.009090909090909061,-0.0010909090909090979,0.004000000000000015,0.005454545454545423,0.000727272727272732,0.0014545454545454527,0.011272727272727235,-0.0010909090909090979,-0.000363636363636366,0.0,-0.003272727272727294,-0.003272727272727294,0.000363636363636366,-0.003272727272727294,-0.000363636363636366,0.0,0.0,-0.003272727272727294,0.0014545454545454527,-0.003272727272727294,0.0058181818181818005,0.005818181818181778,-0.001090909090909109,0.0
91,91,0.9709090909090909,0.9706287015362575,0.9528445180889258,0.9966859983429992,3.1571226127266905,1.0831109879591814,1.6895454412277493,2.668860322784365,0.46213149122635994,0.16872727272727278,0.013454545454545452,0.014545454545454528,0.00909090909090915,0.004000000000000026,1.1102230246251566e-17,0.000363636363636366,0.000363636363636366,0.003272727272727294,-0.0007272727272726986,0.000727272727272732,-0.0010909090909090534,0.000727272727272732,0.000363636363636366,0.000727272727272732,0.0010909090909090979,0.0,-0.0003636363636363549,1.1102230246251566e-17,0.000363636363636366,0.000727272727272732,1.1102230246251566e-17,0.001454545454545464,0.00036363636363637706,0.000363636363636366,-0.0003636363636363438,1.1102230246251566e-17,0.0025454545454545617
92,92,0.9636363636363636,0.9631994362226919,0.9365061335756475,0.9961381190368015,2.422337232947355,0.031101876820633118,1.8809544508693714,2.664173485561169,2.1877251984412975,0.11309090909090909,0.007999999999999952,0.006181818181818155,0.004727272727272714,0.0021818181818181958,-0.006909090909090953,0.000363636363636366,-0.0021818181818181958,0.0,-0.01018181818181817,0.0014545454545454527,-0.00618181818181821,-0.000363636363636366,-0.0021818181818181958,0.000727272727272732,0.000363636363636366,-0.002909090909090928,-0.0021818181818181958,-0.003272727272727294,-0.0036363636363636598,-0.002909090909090928,-0.001454545454545464,-0.0036363636363636598,-0.0061818181818182215,-0.002909090909090928,-0.00800000000000003,0.0,-0.002909090909090928
93,93,0.9781818181818182,0.9783344759815348,0.9721230664626891,0.9981302056773755,2.7119382849995106,0.5117674804288604,0.8608139513217644,3.123303224469001,1.9904229940530458,0.12836363636363635,0.0036363636363636264,0.005454545454545445,0.0036363636363636485,0.002545454545454551,0.0,0.0,0.000363636363636366,0.0,0.002181818181818185,-0.0018181818181818299,0.0032727272727272826,0.000363636363636366,0.0,0.0,0.000363636363636366,0.001454545454545464,0.0,0.0,0.0,0.0,0.0,0.000363636363636366,-0.000363636363636366,0.000363636363636366,0.001454545454545464,-0.000363636363636366,0.0
94,94,0.9745454545454545,0.9747836151531302,0.9709882504426204,0.9974247545469177,2.9802289974608804,0.7945450370108311,1.0364852160460227,2.8666196415433323,1.1837553248650239,0.09163636363636357,0.004727272727272658,0.002909090909090839,0.0025454545454544953,-0.002181818181818207,0.0007272727272727098,0.0,-1.1102230246251566e-17,0.0010909090909090647,0.004727272727272658,0.0010909090909090647,0.0007272727272726986,0.0003636363636363438,0.0,-0.0036363636363636598,-0.0036363636363636598,-0.0010909090909090979,-0.003272727272727294,0.0,0.0,-0.0036363636363636598,0.0003636363636363549,0.0,0.0,0.0,-0.003272727272727294,-0.0018181818181818299,-0.000363636363636366
95,95,0.9818181818181818,0.9818793736789181,0.975,0.9985950413223141,2.68722036921041,0.3061999771784836,1.493511582847211,2.6860731278971115,1.5313313499046193,0.09672727272727273,0.019999999999999997,0.017454545454545445,0.005090909090909113,0.0014545454545454527,0.0,0.0021818181818181958,0.000727272727272732,0.000363636363636366,-0.0025454545454545617,0.009090909090909094,-0.0021818181818181958,-0.002909090909090928,-0.004000000000000026,0.004000000000000026,0.002909090909090928,0.003272727272727294,0.000363636363636366,-0.0036363636363636598,-0.000727272727272732,0.000727272727272732,-0.000727272727272732,-0.004000000000000026,-0.0010909090909090979,-0.000727272727272732,0.0025454545454545617,-0.000727272727272732,0.002909090909090928
96,96,0.9672727272727273,0.9673747961045881,0.9539965040521214,0.9974574924519307,2.9291376129242734,0.5035030979336549,1.3910322494104619,1.8494515208568743,2.40202241889834,0.10145454545454546,0.000727272727272732,0.008727272727272728,0.001454545454545464,0.0032727272727273047,-0.000727272727272732,-0.0010909090909090979,-0.013090909090909075,-0.014545454545454528,-0.009818181818181781,0.011636363636363634,-0.0018181818181818078,0.0018181818181818299,-0.000727272727272732,-0.006181818181818155,-0.000727272727272732,-0.004363636363636359,-0.0018181818181818188,-0.0007272727272727208,-0.000727272727272732,-0.014909090909090894,-0.0018181818181818299,-0.0036363636363636377,-0.009090909090909049,-0.002545454545454551,-0.0040000000000000036,-0.004363636363636359,-0.0029090909090909054
97,97,0.9818181818181818,0.9820274677801856,0.980946360845223,0.9974715549936789,2.7552891702298314,0.11717993687023306,1.4725148222292281,2.986442124308304,1.6007292433355627,0.10836363636363636,0.008363636363636384,0.01527272727272726,0.013090909090909065,0.014545454545454528,-0.006909090909090953,0.0,0.0,0.0036363636363636598,-0.000727272727272732,0.007636363636363652,0.0036363636363636598,-0.000363636363636366,0.0,-0.000363636363636366,0.003272727272727294,0.0021818181818181958,-0.000727272727272732,0.0,0.0,0.0,0.0,0.0,-0.000727272727272732,0.0,0.0,0.006545454545454565,0.0025454545454545617
98,98,0.9745454545454545,0.9743401646135998,0.9573365231259967,0.9989125706829056,3.8196092592074677,0.16491266583771264,1.1770808946438176,1.7879344025296329,1.5431526653542338,0.10472727272727264,0.011272727272727235,0.008727272727272672,0.006545454545454477,-0.00036363636363637706,-0.00036363636363638817,-0.001090909090909109,-2.2204460492503132e-17,-0.003272727272727294,-0.0010909090909091202,0.005090909090909035,-0.0036363636363636598,-0.0036363636363636598,0.0,-0.003272727272727294,-0.000727272727272732,0.00036363636363633266,-0.000363636363636366,-0.0018181818181818299,0.0,-0.004000000000000026,-0.007636363636363686,-0.003272727272727294,-0.0018181818181818299,-0.001090909090909109,-0.004727272727272758,-0.002909090909090928,-0.003272727272727294
99,99,0.9527272727272728,0.9525798399701402,0.926789077212806,0.9918392969240427,3.2983583523678357,-0.3000989012718207,1.403672547445389,3.240108441894193,1.6333811807001122,0.10254545454545458,0.01709090909090911,0.011636363636363667,0.005818181818181856,0.002909090909090928,0.000727272727272732,0.0021818181818181958,-0.004727272727272724,-0.009818181818181804,-0.0007272727272727098,0.002909090909090928,-0.0036363636363636155,-0.005818181818181778,0.0,-0.000727272727272732,-0.0032727272727272826,-0.002545454545454551,-0.0021818181818181958,-0.0010909090909090979,0.000363636363636366,0.0036363636363636598,-0.004363636363636336,0.002909090909090928,-0.0010909090909090979,0.006909090909090953,-0.006909090909090865,0.003272727272727294,-0.005818181818181789
100,100,0.9781818181818182,0.9781818181818182,0.9649413564507905,0.9981302056773755,3.279602215126612,-0.14874801942018478,1.1692029583132304,2.627670949983915,1.7125360023504719,0.10436363636363635,0.016727272727272702,0.008727272727272672,0.006181818181818144,0.0018181818181817965,-0.004727272727272747,-0.000363636363636366,-0.0010909090909090979,0.0,-0.003272727272727294,0.0,-0.002909090909090928,-0.0010909090909090979,-0.000727272727272732,-0.000727272727272732,-0.0025454545454545617,-0.0010909090909090979,-0.000363636363636366,-0.000727272727272732,-0.0018181818181818299,0.0,-0.000363636363636366,-0.0018181818181818299,-0.0010909090909090979,0.000727272727272732,0.003999999999999992,-0.002909090909090928,-0.000727272727272732
101,101,0.9745454545454545,0.9744597859404237,0.9574363992172211,0.9975538160469667,2.504833629127104,0.7910670693896448,1.3417728308782286,3.3258797802961415,1.3169498841171607,0.12618181818181817,0.008363636363636306,0.014909090909090882,0.005818181818181767,0.009090909090909038,0.0032727272727272163,0.003636363636363571,-1.1102230246251566e-17,-1.1102230246251566e-17,0.0003636363636363438,-0.0003636363636363993,-0.0007272727272727763,0.0003636363636363549,0.0,-0.00036363636363638817,0.0007272727272727098,-0.003272727272727294,-0.006909090909090953,0.0,0.0039999999999999255,-0.000363636363636366,-0.00036363636363637706,-0.001454545454545464,-0.003272727272727294,0.00363636363636356,0.0010909090909090534,-0.0043636363636363916,-0.001454545454545464
102,102,0.9745454545454545,0.9748161047618865,0.9695584684373922,0.9985339772335288,3.9824566130716073,0.0032284369653968886,1.6993051898790652,2.0580382135154838,0.9511008584341103,0.056727272727272696,-0.0025454545454545842,-0.003272727272727294,-0.0025454545454545617,-0.003272727272727294,-0.0036363636363636598,-0.000363636363636366,-0.000363636363636366,-0.000727272727272732,-0.0040000000000000365,-0.001454545454545464,0.0021818181818181294,0.0018181818181817744,-0.000363636363636366,0.002545454545454484,-0.000727272727272732,0.0,0.0036363636363635488,-0.000363636363636366,0.0,0.0,0.0036363636363635488,0.0010909090909090534,-1.1102230246251566e-17,-0.000363636363636366,0.0036363636363635488,0.0,-0.001454545454545464
103,103,0.9781818181818182,0.9780404723234274,0.9609089464484348,0.9972985857301764,2.3630950170482383,0.7005569782975123,1.2961325098276006,3.2944622603428133,0.9258481385376036,0.10109090909090908,0.025454545454545407,0.016727272727272723,0.011636363636363589,0.009090909090909071,0.000363636363636366,0.000727272727272732,0.0,0.004727272727272724,-0.0043636363636363916,0.009090909090909061,-0.0010909090909090979,-0.0010909090909090979,0.000727272727272732,-0.004000000000000026,-0.000363636363636366,-0.0025454545454545617,0.0,0.0032727272727272605,0.0,-0.0021818181818181958,-0.004000000000000026,0.0010909090909090979,-0.001454545454545464,0.0,0.0025454545454545617,-0.0043636363636363916,-0.0025454545454545617
104,104,0.9745454545454545,0.9749629872365337,0.9771660801072566,0.9974023797553209,2.8853850599999973,0.8807617827943179,1.4698244230686583,2.2670076667098966,1.1593408341124776,0.09818181818181813,-0.0043636363636363916,0.0,0.0,-0.0014545454545454861,0.0,0.0032727272727271937,0.0003636363636363549,0.0007272727272727098,-0.005090909090909123,0.0018181818181817523,0.002909090909090839,0.0032727272727271937,0.0,0.0025454545454544953,0.0010909090909090647,0.0014545454545454195,0.0032727272727271937,0.0,0.0003636363636363549,0.002909090909090839,0.0007272727272727098,0.0010909090909090647,0.0,0.0032727272727271937,0.0032727272727271937,0.0,0.0039999999999999255
105,105,0.9672727272727273,0.967380092821862,0.952870189171559,0.9930691454664057,3.29501860882206,0.8271162126138021,1.3033318352245036,2.667586981997575,1.0988529572397217,0.10654545454545454,0.017454545454545455,0.010909090909090879,0.005818181818181845,0.011272727272727257,-0.000727272727272732,0.000363636363636366,0.005454545454545478,-0.0025454545454545396,-0.006545454545454521,0.005454545454545478,-0.0029090909090908833,0.0,0.000363636363636366,-0.0010909090909090979,-0.001454545454545464,-0.000363636363636366,0.000363636363636366,0.0,-0.000363636363636366,-0.000727272727272732,0.0,-0.002909090909090928,-0.0014545454545454527,-0.000727272727272732,0.002909090909090928,-0.0010909090909090979,0.0
106,106,0.9672727272727273,0.9669740986459971,0.943810326336755,0.9974720392216945,3.400325027858731,0.48517723438257987,1.0409334266148198,2.3062362329653174,1.4678954539072044,0.10981818181818184,0.009090909090909084,0.006545454545454588,0.0036363636363636598,0.0043636363636363916,0.003272727272727294,0.001454545454545464,0.005090909090909123,0.0,-0.0036363636363636598,0.008363636363636373,-0.0029090909090909167,-0.0010909090909090979,-0.000363636363636366,-0.004000000000000015,-0.004000000000000015,0.000363636363636366,-0.0069090909090908535,-0.002909090909090928,-0.000363636363636366,0.0,0.000363636363636366,-0.000363636363636366,0.000363636363636366,0.0,0.000727272727272732,-0.0021818181818181958,0.0
107,107,0.9818181818181818,0.9818670603733854,0.9772659952606635,0.9977784360189573,2.7831125687045404,0.2148991099046317,1.4108092132210885,3.1195978280973193,1.5723521516119037,0.10581818181818181,0.021818181818181792,0.015999999999999993,0.01527272727272726,0.012,0.005818181818181856,0.009090909090909094,0.0021818181818181958,0.001454545454545464,-0.004000000000000026,0.014545454545454528,0.005090909090909102,0.0021818181818181958,0.002909090909090928,0.00690909090909092,0.004727272727272747,0.0018181818181818299,0.004000000000000026,0.0018181818181818299,0.0072727272727273196,0.004000000000000026,0.00800000000000003,0.007636363636363663,0.000727272727272732,0.00690909090909092,0.008363636363636361,0.0065454545454545765,0.007272727272727287
108,108,0.9781818181818182,0.9780539576862544,0.9630470998031198,0.9986369831894594,3.430421223790264,0.03463743458522211,0.857654973487275,1.8714626595556352,2.0941883198407525,0.11636363636363636,0.0076363636363635965,0.002181818181818185,0.0025454545454545396,0.0010909090909090868,0.0040000000000000036,0.0018181818181818188,-0.000363636363636366,0.0018181818181818188,0.0058181818181818005,0.0014545454545454527,0.0036363636363636264,-0.000363636363636366,0.000363636363636366,-0.000727272727272732,0.0,-0.0025454545454545617,0.0,0.0,0.0010909090909090868,0.000727272727272732,0.0,0.0003636363636363549,-0.001454545454545464,-0.005090909090909123,0.006181818181818155,-0.004000000000000026,0.003999999999999992
109,109,0.9854545454545455,0.9854545454545455,0.9778689843875745,0.9981490423305972,2.467291652337309,0.7334721885154774,1.1203430189964088,3.54489331666162,1.244268390511587,0.12545454545454549,0.014181818181818195,0.0018181818181818299,0.0025454545454545617,0.006909090909090953,0.0018181818181818299,0.0,0.0043636363636363916,0.0036363636363636598,0.004727272727272758,0.013090909090909108,0.0025454545454545617,0.0,0.0,0.0,0.0,0.0036363636363636598,0.0,0.0,0.003272727272727294,0.0036363636363636598,0.0,0.0,0.0,0.000363636363636366,0.002909090909090928,0.0,0.0
110,110,0.9818181818181818,0.9820115034013475,0.9814160055191445,0.9993101069334253,2.6872957852801327,-0.05700788793458442,1.6341043356638565,2.645483946843804,2.2688615080417875,0.088,0.0058181818181818334,0.000363636363636366,0.007636363636363641,0.0,-0.0061818181818182215,-0.004000000000000026,-0.0036363636363636598,-0.006909090909090943,0.0010909090909090979,-0.00436363636363638,-0.003272727272727294,0.0025454545454545617,-0.002909090909090928,0.0,0.0,-0.003272727272727294,-0.0043636363636363916,-0.000363636363636366,-0.00618181818181821,-0.000363636363636366,-0.0021818181818181958,-0.003272727272727294,-0.0061818181818182215,-0.0018181818181818299,0.000727272727272732,-0.0010909090909090979,-0.0018181818181818299
111,111,0.9854545454545455,0.9857072337193848,0.9913419913419914,0.9972451790633609,2.8527219365573986,0.1171220612063355,1.314565027997931,2.7436143252900966,2.0294899038710166,0.11200000000000002,0.023636363636363632,0.017818181818181823,0.00800000000000004,0.009454545454545493,0.003272727272727294,0.006545454545454588,0.003272727272727294,0.005090909090909123,-0.000727272727272732,0.009818181818181847,0.0061818181818182215,0.004000000000000026,0.0036363636363636598,0.0072727272727273196,0.0036363636363636598,0.000363636363636366,0.0072727272727273196,0.000363636363636366,0.001454545454545464,0.001454545454545464,0.003272727272727294,0.0043636363636363916,0.005090909090909123,0.004000000000000026,0.006909090909090953,0.004727272727272758,0.00545454545454549
112,112,0.9854545454545455,0.9853753769926755,0.9745421245421246,0.9987545787545787,2.909214016510654,1.142389521561471,0.867484423302597,3.122610847045629,1.3977079538018637,0.14581818181818185,0.009818181818181847,0.005818181818181856,0.0072727272727273196,0.007636363636363675,0.0025454545454545617,0.000363636363636366,0.004727272727272758,0.001454545454545464,-0.000727272727272732,0.012727272727272764,0.010181818181818214,0.0018181818181818299,0.000363636363636366,0.0072727272727273196,0.0036363636363636598,0.0,0.000363636363636366,0.004000000000000026,0.000363636363636366,0.004727272727272758,0.007636363636363686,0.003272727272727294,0.0010909090909090979,0.003272727272727294,0.0036363636363636598,0.004727272727272758,0.002909090909090928
113,113,0.9818181818181818,0.9817502581691023,0.9666695412211107,0.9968954812004139,3.1504737310957127,-0.12039827623021729,1.5173110895270179,2.3656517732351885,2.008150647310152,0.08909090909090908,0.013454545454545441,0.015636363636363625,0.00945454545454546,0.00945454545454546,0.004000000000000026,-0.0018181818181818299,-0.003272727272727294,0.0,0.0061818181818182,0.0061818181818181885,0.00690909090909092,0.0036363636363636598,0.007636363636363675,0.00800000000000003,0.000727272727272732,-0.000363636363636366,0.0,-0.000363636363636366,0.0,0.005090909090909113,0.005454545454545478,0.0,-0.000363636363636366,0.004727272727272758,0.003272727272727294,0.0018181818181818299,0.0018181818181818299
114,114,0.9781818181818182,0.9781818181818182,0.9638918067226891,0.9972864145658263,2.790429672010434,-0.1014300661865103,1.3380362359706368,2.5875577244463113,2.2546973666527657,0.09345454545454543,0.013818181818181775,0.006181818181818144,0.009454545454545405,0.00509090909090909,-0.0025454545454545617,0.0018181818181818188,0.000363636363636366,0.000363636363636366,-0.0018181818181818299,0.004363636363636347,-0.000363636363636366,0.000727272727272732,0.0,0.0014545454545454527,0.000363636363636366,0.0,0.0,-0.000727272727272732,0.000727272727272732,0.000363636363636366,0.004363636363636347,-0.0025454545454545617,0.001454545454545464,0.00436363636363637,0.00436363636363637,-0.000727272727272732,-0.0010909090909090979
115,115,0.9636363636363636,0.9636363636363636,0.9446724609689361,0.9959761789795589,2.836621498092847,0.11717596226696772,1.508515607220447,2.4682211121305646,2.1168406574912724,0.0938181818181818,0.006545454545454532,0.014181818181818162,0.012727272727272698,0.004727272727272714,-0.001454545454545464,0.0010909090909090868,-0.0010909090909090979,-0.002909090909090928,0.0007272727272727208,0.0036363636363636264,-0.0058181818181818334,0.0010909090909090868,-0.000363636363636366,-0.000727272727272732,-0.003272727272727294,-0.0021818181818181958,0.000363636363636366,-0.000363636363636366,0.0,0.00727272727272722,0.0010909090909090979,-0.007636363636363663,-0.0010909090909090979,0.0,-0.0018181818181818299,-0.002909090909090928,-0.000727272727272732
116,116,0.9745454545454545,0.9749230383941127,0.9775544255522008,0.9983314794215795,2.599129084863158,0.1800268553632098,1.4707440528085816,3.1122304019006832,1.8702336276837463,0.15418181818181811,-3.3306690738754695e-17,0.0036363636363635488,0.003999999999999937,0.0032727272727271937,-0.0072727272727273196,-0.004000000000000026,0.0003636363636363438,-0.0036363636363636598,-0.003636363636363671,-0.0036363636363636598,0.005818181818181755,0.0010909090909090534,-0.004000000000000026,-0.004000000000000026,-0.005818181818181856,-0.0036363636363636598,-0.004000000000000026,-0.003272727272727294,-1.1102230246251566e-17,0.0003636363636363549,0.0072727272727272085,-0.0036363636363636598,0.0,-0.0072727272727273196,-0.004727272727272758,-1.1102230246251566e-17,0.002909090909090839
117,117,0.9854545454545455,0.9856382994091559,0.9908675799086758,0.9987769080234834,2.0069770887049416,0.2717943900601762,1.2964493281654839,2.842557910669289,2.8707170195344354,0.13636363636363638,0.012363636363636387,0.012727272727272764,0.010545454545454603,0.0072727272727273196,0.0,0.005090909090909123,0.0036363636363636598,0.002909090909090928,0.001454545454545464,0.0061818181818182215,0.00981818181818187,0.0,0.0,0.000363636363636366,0.0,0.003272727272727294,0.0,0.0,0.000727272727272732,-0.002909090909090928,-0.002909090909090928,0.0036363636363636598,0.0025454545454545617,0.0036363636363636598,0.0025454545454545617,-0.000727272727272732,0.003272727272727294
118,118,0.9781818181818182,0.9787194633560272,0.9869565217391305,0.9979710144927536,2.6680565726792134,0.4984467997326063,1.2550330751552676,2.895428726347951,1.8680688623041557,0.0756363636363636,-0.0025454545454545617,0.0036363636363636377,0.0,-0.0025454545454545617,-0.0036363636363636598,-0.000727272727272732,0.0,0.000363636363636366,-0.003272727272727294,-0.001454545454545464,-0.000363636363636366,0.0,0.0,0.0,-0.000363636363636366,-0.000363636363636366,-0.000363636363636366,-0.0036363636363636598,-0.000363636363636366,0.0,-0.001454545454545464,-0.000363636363636366,-0.0021818181818181958,0.0025454545454545617,-0.000727272727272732,-0.008363636363636417,-0.000727272727272732
119,119,0.9854545454545455,0.9853734106564296,0.9741928317535544,0.9990373222748815,1.6464879504606695,1.2605534267235325,1.3371175126253985,3.271057224164336,1.5279502105322564,0.12836363636363637,0.0170909090909091,0.010181818181818247,0.012363636363636387,0.00981818181818186,0.000363636363636366,0.000363636363636366,0.000363636363636366,0.0018181818181818299,-0.002545454545454551,0.019636363636363664,0.0007272727272727431,0.002909090909090928,0.0,-0.000363636363636366,0.0025454545454545617,0.000727272727272732,0.0036363636363636598,0.0,0.0,0.003272727272727294,0.0025454545454545617,0.0,0.0,0.0,0.0,-0.000727272727272732,-0.000363636363636366
120,120,0.9818181818181818,0.9817628802206392,0.9703488372093023,0.9972868217054263,2.5586974837157563,1.017158920592153,1.5552170296994523,2.3615765591706386,1.6681538307882695,0.0869090909090909,0.018181818181818177,0.01781818181818181,0.014909090909090894,0.014909090909090905,0.000727272727272732,0.009454545454545448,0.0043636363636363916,0.000363636363636366,0.0018181818181818188,0.012,0.00545454545454549,0.001454545454545464,0.0010909090909090979,0.0018181818181818299,0.0,0.0036363636363636598,0.002909090909090928,0.0065454545454545765,0.000727272727272732,0.0025454545454545617,0.0018181818181818299,0.000727272727272732,0.000363636363636366,0.004000000000000026,0.011636363636363622,0.010181818181818158,0.007636363636363652
121,121,0.9745454545454545,0.9748161047618865,0.9695584684373922,0.9970679544670576,2.4873107248903654,1.1131127113790693,0.9971312812958067,3.064551641984546,1.3830470444013476,0.1403636363636363,0.013090909090909032,0.0036363636363635488,0.006545454545454477,0.003636363636363593,-0.002909090909090928,0.0,-0.000727272727272732,-0.000727272727272732,-0.005090909090909123,0.002909090909090861,0.005090909090909035,0.0,-0.004727272727272758,-0.000727272727272732,0.0,0.0,0.0036363636363635488,0.0,0.0,0.0,0.0,0.0,-0.000727272727272732,0.0,-0.0010909090909090979,-0.003272727272727294,-0.002909090909090928
122,122,1.0,1.0,1.0,1.0,3.2649996546033626,0.37589640775346883,1.3060653845686936,2.5119806773572106,1.2478974320270637,0.1061818181818182,0.009818181818181814,0.010545454545454514,0.009090909090909094,0.008000000000000007,0.0010909090909090979,0.001454545454545464,0.0,0.0021818181818181958,0.00872727272727274,0.007272727272727297,0.010545454545454547,0.004000000000000026,0.0,0.0036363636363636598,0.000727272727272732,0.0010909090909090979,0.000727272727272732,0.000363636363636366,0.0,0.0,0.004000000000000026,0.003272727272727294,0.000727272727272732,0.0010909090909090979,0.0043636363636363916,0.0018181818181818299,0.0036363636363636598
123,123,0.9745454545454545,0.9749423888915807,0.9773727984344422,0.9968199608610567,2.941465737379006,0.5064833844890739,1.5186178459267834,2.1351819952807345,2.0288765884259305,0.09963636363636358,0.005818181818181745,0.0021818181818181294,0.00290909090909085,0.003999999999999959,-0.004000000000000026,-3.3306690738754695e-17,0.00290909090909085,0.0047272727272726685,0.005454545454545423,0.0025454545454544953,-0.0007272727272727541,0.0018181818181817744,0.0,-0.001090909090909109,0.0003636363636363549,0.0003636363636363549,-0.0061818181818182215,0.0032727272727271937,0.0025454545454544953,0.0010909090909090647,-0.0025454545454545617,-0.0036363636363636598,-0.000727272727272732,-0.0021818181818181958,-1.1102230246251566e-17,0.0003636363636363549,-0.0025454545454545617
124,124,0.9527272727272728,0.9528747054844052,0.932146829810901,0.9916573971078977,3.588592864218786,0.885065816821947,1.0876905931983945,1.971111888281706,1.2540821176847277,0.1330909090909091,-0.006181818181818155,-0.0021818181818181737,-0.002545454545454551,-0.00654545454545451,-0.008363636363636318,-0.0065454545454544984,-0.009090909090909061,-0.00436363636363637,-0.0021818181818181624,-0.0025454545454545396,0.005818181818181856,0.0025454545454545617,-0.000727272727272732,-0.000363636363636366,-0.0036363636363636598,0.0,0.006909090909090953,-0.0010909090909090979,0.002909090909090928,-0.000363636363636366,0.0025454545454545617,-0.0010909090909090868,-0.0065454545454544984,-0.000363636363636366,-0.000727272727272732,0.001454545454545464,0.004000000000000026
125,125,0.9781818181818182,0.9786518937462333,0.9866666666666667,0.9990222222222221,2.7855081148315994,0.31159512201415995,1.6663174394886389,2.51840640624263,1.9999007989532636,0.08181818181818179,-0.0007272727272727541,0.0010909090909090979,0.0036363636363636264,0.005818181818181789,-0.003272727272727294,0.0010909090909090979,-0.004727272727272758,-0.000727272727272732,-0.001454545454545464,0.002545454545454551,0.006181818181818155,0.000727272727272732,-0.0036363636363636598,0.000727272727272732,-0.0025454545454545617,0.00436363636363637,0.000727272727272732,-0.003272727272727294,-0.0021818181818181958,-0.0036363636363636598,0.0036363636363636598,0.000727272727272732,0.0018181818181818188,0.0,0.000363636363636366,0.0010909090909090979,0.006545454545454521
126,126,0.9890909090909091,0.9891351005790822,0.985178046989721,0.9977973568281938,3.15871724264944,0.691687499927156,1.7245363115634214,2.3472969665772467,1.3126257975049782,0.05600000000000005,0.014909090909090972,0.010545454545454613,0.0021818181818181958,0.002909090909090928,0.002909090909090928,0.000363636363636366,0.0021818181818181958,0.000363636363636366,-0.0007272727272726875,0.008000000000000052,0.00545454545454549,0.0036363636363636598,0.0,0.003272727272727294,0.0,0.0,0.0,0.0,0.0,0.000363636363636366,0.0043636363636363916,0.0036363636363636598,0.0,0.000363636363636366,0.000727272727272732,0.003272727272727294,0.000363636363636366
127,127,0.9781818181818182,0.9778842975206612,0.9538467728955415,0.9981490423305971,2.8205284121282452,0.09681117228570303,1.4397624084905005,2.4849266625805355,1.8562886353102066,0.10545454545454543,0.01854545454545452,0.022181818181818136,0.01527272727272726,0.014545454545454518,0.004727272727272714,-0.006545454545454588,-0.002909090909090928,0.006181818181818144,0.003999999999999981,0.006545454545454532,-0.000363636363636366,-0.0036363636363636598,0.000363636363636366,0.003999999999999992,-0.0061818181818182215,0.0,-0.0018181818181818299,-0.000727272727272732,0.000727272727272732,-0.000363636363636366,-0.0036363636363636598,-0.002909090909090928,0.0029090909090909167,-0.00036363636363637706,0.004727272727272714,0.0014545454545454527,0.0058181818181818005
128,128,0.9781818181818182,0.9783162129772298,0.973542030827904,0.9956300651517559,2.8541588966822475,0.24487639243047338,1.1312603231329694,2.679965658060938,2.046925560269618,0.0927272727272727,0.018909090909090855,0.012363636363636332,0.010181818181818158,0.00836363636363634,0.002909090909090928,0.004000000000000015,0.0,-0.000363636363636366,-0.001090909090909109,0.008727272727272684,0.0032727272727272826,0.000727272727272732,0.000727272727272732,-0.000363636363636366,0.005818181818181789,0.001454545454545464,0.006181818181818144,0.000363636363636366,0.004000000000000015,-0.000363636363636366,0.0065454545454544984,0.0,0.0036363636363636598,0.004727272727272724,0.005454545454545434,0.0058181818181818005,0.000363636363636366
129,129,0.9745454545454545,0.9740823970037453,0.9431818181818181,0.9974380165289256,2.973397451367706,-0.04389009371406934,2.023024813201603,3.154608892229024,1.1534704758867855,0.12472727272727271,0.005818181818181745,0.011272727272727235,0.00290909090909085,0.0021818181818181403,0.0,0.0,0.0003636363636363549,-0.0025454545454545617,0.0007272727272727208,0.0065454545454544984,-0.0007272727272727653,0.003999999999999915,0.0,0.0,-0.003272727272727294,0.0,0.002909090909090839,0.0010909090909090647,0.0036363636363635488,0.0,0.0,0.0,0.0,0.0036363636363635488,0.0,0.0007272727272726986,-0.000363636363636366
130,130,0.9745454545454545,0.974324452037367,0.9556004791853848,0.9974543276430068,2.7421047239354266,0.570428211994786,1.7417099062529409,2.547074005169818,1.964535450884872,0.13781818181818178,0.013090909090909052,0.007999999999999952,0.005090909090909024,0.010909090909090858,0.0,0.0,0.0003636363636363438,0.00363636363636356,-2.2204460492503132e-17,0.007999999999999952,-0.00036363636363638817,-1.1102230246251566e-17,-0.0036363636363636598,-0.004000000000000026,-0.007636363636363686,-0.00036363636363637706,-0.003272727272727294,0.0,-0.000363636363636366,-0.000363636363636366,-0.0036363636363636598,-0.00036363636363637706,0.0,0.0,-0.0036363636363636598,-0.0010909090909090979,-0.003272727272727294
131,131,0.9854545454545455,0.9855397857849214,0.9846899224806202,0.9985271317829458,2.398248501598604,0.5521591913543318,0.9730682044680048,2.461651491505512,2.5121646456718714,0.10763636363636367,0.015272727272727294,0.007636363636363686,0.008727272727272783,0.0061818181818182215,0.002909090909090928,0.004000000000000026,0.004727272727272758,0.006545454545454588,0.005090909090909113,0.009454545454545504,-0.005090909090909068,0.000727272727272732,0.000363636363636366,-0.000363636363636366,0.000363636363636366,0.0018181818181818299,0.0,0.001454545454545464,0.000363636363636366,0.0,0.0010909090909090979,0.004000000000000026,0.002909090909090928,0.00545454545454549,0.0061818181818182215,0.000363636363636366,0.0018181818181818299
132,132,0.9890909090909091,0.9890568861469554,0.9807360326428123,0.9996076585059636,3.012913358279923,0.04627859108113259,1.5866092616511764,2.753886611755652,1.4109049359256018,0.09309090909090914,0.02072727272727276,0.005818181818181856,-0.0021818181818181294,0.002909090909090928,-0.003999999999999915,0.000363636363636366,0.0036363636363636598,0.0036363636363636598,2.2204460492503132e-17,0.003272727272727294,-0.0021818181818181515,-0.00290909090909085,-0.0003636363636363549,-0.003999999999999915,-0.003999999999999915,-0.0025454545454544953,-0.0007272727272727098,-0.002909090909090839,-0.0036363636363635488,0.0,-0.00363636363636356,-0.0036363636363635488,-0.0036363636363635488,0.003272727272727294,-0.0036363636363635488,-0.0032727272727271937,-0.0003636363636363549
133,133,0.9781818181818182,0.9781818181818182,0.970400401836969,0.998349598163031,2.9582203694003066,0.7468285926295086,1.3018226206644397,3.066686497274392,1.2709845851322041,0.12254545454545454,0.0018181818181817965,-0.000727272727272732,-0.000363636363636366,0.001454545454545464,-0.0010909090909090979,-0.0018181818181818299,0.006181818181818144,0.0036363636363636485,0.0058181818181818005,0.004363636363636359,0.0,0.0003636363636363549,-0.0025454545454545617,-0.0036363636363636598,0.000727272727272732,0.0036363636363636598,-0.000363636363636366,0.006909090909090865,-0.000363636363636366,0.0018181818181818299,-0.004000000000000026,0.003272727272727294,0.0036363636363636598,-0.0021818181818181958,-0.003272727272727294,0.000363636363636366,0.000727272727272732
134,134,0.9672727272727273,0.9671504647043841,0.942954467057606,0.9971541911003794,2.544625039565404,0.416878401798015,1.6684270900656901,2.884577537400708,2.029929588247309,0.12836363636363637,0.0018181818181818188,0.0010909090909090979,1.1102230246251566e-17,-0.005090909090909068,-0.0018181818181818188,-0.0040000000000000036,-0.002909090909090928,-0.008727272727272695,0.001454545454545464,-0.0036363636363636155,0.004000000000000026,-0.0072727272727272085,-0.000363636363636366,-0.0036363636363636598,-0.007999999999999941,-0.006181818181818133,-0.004727272727272724,0.0036363636363636598,0.000363636363636366,-0.00436363636363637,-0.00727272727272722,-0.0010909090909090979,-0.007999999999999941,-0.00654545454545451,-0.010909090909090868,-0.0036363636363636485,-0.0010909090909090979
135,135,0.9818181818181818,0.9816785259420625,0.9681727763569196,0.9975845410628019,2.55008812996599,0.32186322576070747,1.275132063595695,2.812290590045727,1.6817193323912347,0.12509090909090909,0.02218181818181819,0.016727272727272723,0.014181818181818162,0.010545454545454525,-0.000363636363636366,0.0,0.0021818181818181958,0.000363636363636366,0.0,0.012727272727272709,0.005454545454545478,0.001454545454545464,0.0,0.00872727272727276,0.000727272727272732,0.000363636363636366,0.00545454545454549,-0.000363636363636366,-0.000363636363636366,0.000727272727272732,0.000363636363636366,0.003272727272727294,-0.003272727272727294,0.001454545454545464,0.001454545454545464,0.0025454545454545617,0.0
136,136,0.9745454545454545,0.974324452037367,0.9556004791853848,0.9957322551662173,2.5667933638410863,-0.21778432275531442,1.3923208102816511,4.080997498971676,1.583372800088572,0.20981818181818176,0.015999999999999938,0.014909090909090882,0.004727272727272647,0.006545454545454477,0.0,0.0036363636363635488,0.0018181818181817744,-0.002909090909090928,0.0021818181818181294,0.013454545454545408,0.007636363636363575,0.00363636363636356,-1.1102230246251566e-17,0.0007272727272727098,-0.003272727272727294,0.0032727272727271937,0.007999999999999941,0.003999999999999937,0.0003636363636363549,0.005818181818181745,0.010545454545454502,0.0,0.0,0.0003636363636363549,0.0010909090909090758,0.0007272727272727208,0.007999999999999941
137,137,0.9818181818181818,0.9819648174837922,0.982629529799341,0.9986522911051213,3.565636690452726,0.5329400991768517,1.103077764386837,2.201271263783015,1.423921622686742,0.12800000000000003,0.009090909090909084,0.0018181818181818299,-0.003272727272727294,-0.000727272727272732,-0.005454545454545478,-0.002909090909090928,-0.007272727272727308,-0.000727272727272732,0.003272727272727294,0.010545454545454547,0.006545454545454565,0.0,-0.000363636363636366,0.0021818181818181958,-0.000363636363636366,-0.0043636363636363916,-0.000727272727272732,-0.0018181818181818299,0.0036363636363636598,-0.000363636363636366,0.0,-0.000363636363636366,-0.000363636363636366,-0.000727272727272732,0.000363636363636366,0.0,0.0
138,138,0.9781818181818182,0.9783268101761252,0.9727272727272727,0.9971900826446282,3.2836492969553053,0.6453866015715737,1.6364750396132692,3.21734758068428,1.0833308388698852,0.13054545454545452,0.013090909090909065,-0.000363636363636366,-0.004727272727272758,-0.0010909090909090979,0.0,0.0036363636363636598,0.0021818181818181958,-0.0021818181818181958,0.005454545454545434,0.00763636363636363,0.003999999999999981,0.0,-0.002909090909090928,0.000363636363636366,-0.001454545454545464,-0.003272727272727294,0.004000000000000015,-0.000363636363636366,0.0,0.000363636363636366,0.001454545454545464,0.001454545454545464,-0.003272727272727294,-0.000727272727272732,-0.0025454545454545617,-0.0021818181818181958,0.00436363636363637
139,139,0.96,0.958848575712144,0.9170074208693019,0.9973496895350599,3.6529750261162395,-0.08753286157300086,1.269871521861439,2.6255965756379944,1.7184427120106862,0.12254545454545451,0.0069090909090908535,0.006909090909090842,0.00618181818181811,-0.0007272727272727431,-0.010181818181818247,-0.002909090909090928,-0.0021818181818181958,-0.00545454545454549,-0.014181818181818195,0.0007272727272726765,-0.001818181818181852,0.00036363636363633266,-0.003272727272727294,-0.001454545454545464,-0.001454545454545475,-0.004000000000000026,-0.0036363636363636598,-0.0036363636363636598,0.0018181818181817633,-0.004000000000000026,0.0021818181818181294,-0.002909090909090939,-0.01090909090909098,0.002181818181818118,-0.006909090909090953,-0.005090909090909123,-0.0007272727272727431
140,140,0.9818181818181818,0.9817520307407946,0.9671936087030426,0.9982151963284039,2.895250710295576,0.579356880794477,1.5615853677718283,2.628046668593316,1.3533762025075902,0.10290909090909091,0.019272727272727264,0.015636363636363625,0.011636363636363601,0.003272727272727294,0.000727272727272732,0.0036363636363636598,0.000363636363636366,0.0,-0.0010909090909090979,0.008727272727272728,0.0058181818181818334,0.0065454545454545765,0.0036363636363636598,0.007272727272727297,0.003272727272727294,-0.00545454545454549,0.006545454545454588,-0.005818181818181856,0.0,-0.001454545454545464,0.007636363636363675,0.001454545454545464,-0.000727272727272732,-0.0018181818181818299,0.001454545454545464,0.000727272727272732,0.005090909090909123
141,141,0.9672727272727273,0.9671504647043841,0.942954467057606,0.9965505346671266,2.816687062256177,0.5129598226089048,1.2567274009868095,3.22939062708442,1.6156035063305156,0.08872727272727272,0.0065454545454545435,0.004727272727272758,-0.002909090909090928,0.007999999999999997,0.0,0.003272727272727294,0.0,0.0018181818181818299,-0.000363636363636366,0.0021818181818181958,-0.002181818181818185,-0.000727272727272732,0.0,0.000727272727272732,-0.000363636363636366,0.0018181818181818299,0.004000000000000026,-0.003999999999999992,0.000363636363636366,0.0,-0.0029090909090909167,0.0,0.002909090909090928,-0.0010909090909090979,0.000727272727272732,0.000727272727272732,0.003272727272727294
142,142,0.9709090909090909,0.9709090909090909,0.960127591706539,0.9950703204291721,2.5328074230241517,0.029390752664995898,1.4085224180800715,3.7126916170020694,1.4037658063658995,0.196,0.010181818181818236,0.017454545454545455,0.008000000000000052,0.0025454545454545617,0.0,0.004000000000000026,-0.0003636363636363549,0.002909090909090928,0.0010909090909091313,0.001818181818181852,0.009454545454545493,0.0072727272727273196,0.000363636363636366,0.006909090909090953,2.2204460492503132e-17,0.0,0.0036363636363636598,0.0,1.1102230246251566e-17,0.00036363636363637706,0.0,0.0036363636363636598,0.000363636363636366,0.003272727272727294,0.0036363636363636598,0.0,0.006909090909090953
143,143,0.9818181818181818,0.9817642412683735,0.9707369388693121,0.9983146928144631,2.6976015835674567,0.3346952338107743,1.4214903176426663,3.936952330751098,0.8308841001290657,0.11745454545454545,0.01381818181818183,0.012727272727272698,0.009454545454545448,0.0032727272727272826,-0.000727272727272732,-0.002909090909090928,0.0,-0.002909090909090928,-0.002909090909090928,-0.0010909090909090979,0.002909090909090928,0.0,-0.002909090909090928,0.0,-0.0010909090909090979,-0.0018181818181818299,-0.0010909090909090979,-0.0021818181818181958,-0.003272727272727294,-0.0010909090909090979,-0.0021818181818181958,-0.0010909090909090979,0.0,0.0,-0.000727272727272732,0.0,0.0
144,144,0.9672727272727273,0.967670450666286,0.9549272116461367,0.9958006718924972,2.7206080799548054,1.0663671088491609,2.047913268165167,2.8300745882989395,0.6592589825641675,0.08399999999999999,-0.009454545454545405,-0.004000000000000015,0.0010909090909090979,-0.0036363636363636377,0.0,0.0036363636363636598,0.0,-0.000363636363636366,-0.0018181818181818188,-0.0072727272727272415,0.001454545454545464,-0.003272727272727294,0.0,-0.003272727272727294,0.0,-0.000363636363636366,0.0,0.0,0.0,0.000727272727272732,0.0,0.0010909090909090979,-0.0018181818181818299,0.0,-0.000363636363636366,-0.000363636363636366,0.0021818181818181958
145,145,0.9781818181818182,0.9778233880656787,0.9477777777777778,0.9981333333333333,3.279569103751272,-0.11022665708597094,1.5268595560222409,2.8398483799391383,1.643510187226971,0.12690909090909092,0.018181818181818153,0.006545454545454521,0.007999999999999952,0.000727272727272732,-0.003272727272727294,-0.001454545454545464,-0.0043636363636363916,-0.0072727272727273196,-0.0010909090909090979,0.0036363636363636264,-0.000727272727272732,0.0,-0.000727272727272732,-0.004000000000000026,0.0,-0.004000000000000026,-0.0043636363636363916,0.000727272727272732,0.0010909090909090868,-0.006545454545454588,-0.0036363636363636598,-0.008727272727272783,0.0,0.000727272727272732,-0.004000000000000026,-0.003272727272727294,-0.000363636363636366
146,146,0.9636363636363636,0.9638660560796267,0.9511508128118462,0.9946885562530179,2.1565185225166466,0.6361482415569791,1.422734933078296,3.8137689372680117,1.753815842259576,0.14654545454545456,0.0018181818181818078,-0.0043636363636363916,-0.007272727272727297,-0.002545454545454551,-0.004000000000000026,-0.0036363636363636598,-0.004000000000000026,0.0,-0.000363636363636366,0.0036363636363636264,0.005454545454545445,-0.000727272727272732,-0.0010909090909090979,-0.006909090909090953,-0.0021818181818181958,-0.0043636363636363916,-0.0036363636363636598,0.0,-0.000363636363636366,0.0036363636363636598,-0.001454545454545464,0.0,0.0036363636363636485,-0.0036363636363636598,-0.0036363636363636598,0.002909090909090928,-0.0021818181818181958
147,147,0.9818181818181818,0.9819882965379502,0.9820537582488331,0.9983904715918236,2.8828265039011383,0.8336978179439473,1.396054662905223,3.1554766482228724,0.9974012120941814,0.0869090909090909,0.016363636363636348,0.006909090909090943,0.013090909090909065,0.005090909090909123,-0.002909090909090928,0.0018181818181818299,0.000363636363636366,0.0036363636363636598,0.00618181818181821,0.0025454545454545617,0.005090909090909102,0.0,0.0,0.0,0.001454545454545464,0.0036363636363636598,0.000363636363636366,0.0,0.0,0.003272727272727294,0.003272727272727294,0.0010909090909090979,0.0010909090909090979,0.004000000000000026,0.000363636363636366,-0.004727272727272758,0.001454545454545464
148,148,0.9818181818181818,0.9819840866108097,0.9821627204830764,0.9974574924519307,3.2587395198783677,0.3110549115533956,1.2138612163820197,2.9984539053103934,1.0231582209023322,0.10581818181818181,0.009090909090909094,0.004000000000000026,0.005454545454545478,0.005090909090909113,0.000363636363636366,0.001454545454545464,0.0025454545454545617,0.000363636363636366,0.004000000000000015,0.01272727272727272,0.007272727272727287,0.004000000000000026,0.0,0.0018181818181818299,0.005818181818181856,0.000363636363636366,0.005090909090909123,0.0021818181818181958,0.0010909090909090979,0.000363636363636366,0.002909090909090928,0.000363636363636366,0.000363636363636366,0.001454545454545464,0.003272727272727294,0.001454545454545464,0.003272727272727294
149,149,0.9854545454545455,0.9855964922059343,0.9813946216385241,0.9992703773191578,2.4110825607897377,0.4814699895783933,1.9264032658708117,2.98857404737728,1.5893306869659416,0.09090909090909091,0.002181818181818207,-0.000363636363636366,-0.004727272727272724,0.0007272727272727431,0.0021818181818181958,0.0,0.0010909090909090979,0.002909090909090928,-0.0010909090909090979,-0.004363636363636359,0.0010909090909090979,0.0061818181818182215,0.0,0.0010909090909090979,0.006909090909090953,-0.0025454545454545617,0.0061818181818182215,-0.000363636363636366,0.0,-0.002909090909090928,0.0036363636363636598,-0.000363636363636366,-0.0025454545454545617,0.0018181818181818299,0.002909090909090928,0.000727272727272732,0.0025454545454545617
150,150,0.9781818181818182,0.9780404723234274,0.9609089464484348,0.9976958525345623,3.446318793640457,-0.10805176063573713,1.130099067434587,3.2715423027150012,1.1446447800000803,0.15999999999999998,0.01927272727272723,0.018909090909090865,0.011272727272727245,-1.1102230246251566e-17,0.000363636363636366,0.0036363636363636598,0.000727272727272732,0.000363636363636366,-0.0010909090909090979,0.0010909090909090868,0.005090909090909057,-0.000363636363636366,0.000363636363636366,0.0036363636363636598,-0.0021818181818181958,0.0,0.000727272727272732,0.0,0.0,0.0018181818181818299,0.0036363636363636598,0.002181818181818185,0.000727272727272732,0.000363636363636366,0.0036363636363636598,-0.00545454545454549,0.0036363636363636598
151,151,0.9745454545454545,0.9748307338715887,0.9688888888888889,0.9959111111111111,3.068190744201861,0.7076643991373381,1.5718309671835082,1.9232354531326776,1.7702547633464816,0.058909090909090855,0.012363636363636299,0.010545454545454502,0.010909090909090868,0.006909090909090842,0.0007272727272726986,0.0,-0.001818181818181841,0.00363636363636356,0.0007272727272727098,0.009818181818181771,0.008363636363636306,-0.0007272727272727431,-0.003272727272727294,-3.3306690738754695e-17,-0.002909090909090928,-0.000727272727272732,-0.001818181818181841,-0.0043636363636363916,-0.0010909090909091202,0.0032727272727271937,-0.004000000000000026,0.003636363636363571,-1.1102230246251566e-17,-0.000363636363636366,-0.001454545454545464,-0.001818181818181841,0.002909090909090839
152,152,0.9709090909090909,0.9716081747709654,0.9817351598173516,0.9988584474885844,3.224103857603676,1.0006261796646074,0.6322336614711646,3.1076925904295125,0.9205077471673283,0.09090909090909094,-0.0018181818181817854,0.004000000000000026,0.003272727272727294,-0.0010909090909090534,0.0,0.0,0.0,-0.0003636363636363549,-0.0014545454545454085,-0.002909090909090861,0.00036363636363637706,-0.002545454545454484,0.0,0.0,0.0,0.0,0.0,0.000363636363636366,-0.0003636363636363549,0.0,0.0,0.0,0.0,0.0,0.0,0.000363636363636366,0.0010909090909090979
153,153,0.96,0.9605788160926105,0.9560577526679221,0.9930947897049592,3.1767876104919117,0.2940385130855956,1.3857812868446413,2.167420748334304,2.266774767104142,0.09272727272727269,0.011272727272727235,0.004363636363636292,0.0010909090909090647,0.003636363636363582,-1.1102230246251566e-17,-1.1102230246251566e-17,0.0014545454545454306,-0.003272727272727294,0.00036363636363632155,0.005454545454545379,0.0047272727272726685,-1.1102230246251566e-17,0.0018181818181817744,0.002909090909090861,-1.1102230246251566e-17,-0.001454545454545475,-0.00036363636363637706,0.00036363636363633266,-0.0018181818181818299,0.0007272727272727098,0.0010909090909090647,0.00036363636363633266,-1.1102230246251566e-17,-1.1102230246251566e-17,0.0007272727272726986,-0.0007272727272727431,-0.003272727272727294
154,154,0.9818181818181818,0.9819800034676068,0.9822661644695543,0.9984306340238545,2.7806825686111445,0.6362356979535643,1.0661433807778664,2.6988789226611205,1.567348704171501,0.09999999999999999,0.009090909090909084,0.00800000000000003,0.007636363636363675,-0.000363636363636366,-0.0036363636363636598,-0.0036363636363636598,-0.005818181818181845,-0.003272727272727294,-0.0021818181818181958,0.004727272727272758,0.0025454545454545617,0.0010909090909090979,0.0,0.0,0.0,-0.006909090909090953,0.000727272727272732,-0.003272727272727294,0.0,-0.0043636363636363916,-0.0018181818181818299,0.0,-0.0018181818181818299,-0.000727272727272732,0.001454545454545464,-0.0025454545454545617,0.0
155,155,0.9854545454545455,0.9854545454545455,0.9794100029949087,0.9984276729559749,3.0158613949945736,0.6481367870553305,1.4263613331744454,2.565530613273954,1.4670661463861037,0.12400000000000007,0.021818181818181827,0.0072727272727273196,0.0112727272727273,0.006545454545454588,0.0036363636363636598,0.002909090909090928,0.004727272727272758,0.004000000000000026,-0.0018181818181818078,0.012727272727272764,0.007636363636363675,0.0036363636363636598,0.000363636363636366,0.00545454545454549,0.002909090909090928,0.000727272727272732,0.008363636363636417,0.000727272727272732,0.000363636363636366,0.0025454545454545617,0.0018181818181818299,0.0,0.0072727272727273196,0.000363636363636366,0.001454545454545464,0.0061818181818182215,0.0
156,156,0.9745454545454545,0.9742444399650608,0.9465161064425771,0.9979866946778712,2.767270534964386,0.24199890061634344,0.850508807535277,2.757700094917133,2.2951060027052783,0.11599999999999996,0.003636363636363571,0.005818181818181745,0.0036363636363635488,0.002545454545454484,0.0010909090909090647,-0.0010909090909090979,0.0003636363636363549,0.0072727272727272085,-0.002545454545454573,0.003999999999999948,-0.004000000000000026,-0.006545454545454588,-1.1102230246251566e-17,-0.006909090909090953,-0.003272727272727294,-0.002545454545454573,0.0003636363636363549,-0.000727272727272732,0.0010909090909090758,0.0003636363636363549,-0.004000000000000026,-0.0036363636363636598,-1.1102230246251566e-17,0.005090909090909012,0.0018181818181817744,-0.002909090909090928,-0.0025454545454545617
157,157,0.9745454545454545,0.9748876044318788,0.9778509768287142,0.9981826442526125,3.0230272669124787,0.8048032396776392,1.3951708911733844,3.0376204222437413,0.41165278405595135,0.10945454545454543,-0.0003636363636364104,0.00363636363636356,0.002545454545454484,-0.0025454545454545617,-2.2204460492503132e-17,-0.0025454545454545617,-0.000727272727272732,-0.00036363636363637706,-0.004727272727272758,-0.005090909090909135,0.0021818181818181294,0.0,0.0,-0.003272727272727294,0.0,-0.002909090909090928,-0.003272727272727294,0.0,0.0,-0.003272727272727294,-0.000727272727272732,0.0,0.0,-0.0036363636363636598,-0.0018181818181818299,-0.000727272727272732,0.0
158,158,0.96,0.9605509949554177,0.956718247280527,0.9955569174199479,2.977110422841548,0.589958607746438,1.6704511696526974,2.4250429126367217,1.6953888013875051,0.10945454545454543,0.0007272727272726765,0.0021818181818181403,0.010545454545454502,0.00290909090909085,0.0,0.0043636363636362805,0.0003636363636363549,-0.002545454545454573,-0.0003636363636364104,0.004727272727272691,0.009090909090909038,0.004363636363636292,0.002909090909090839,0.010181818181818136,0.005454545454545379,0.005090909090909012,0.0032727272727271937,0.0036363636363635488,0.0,0.00363636363636356,0.0025454545454544953,0.0072727272727272085,0.003272727272727205,0.003999999999999915,0.0010909090909090534,0.0043636363636362805,0.0072727272727272085
159,159,0.9636363636363636,0.9639350553998132,0.9442889137737962,0.9961739455020531,3.4724043489999756,0.3137362558379346,1.3371963582675275,1.7462126108782323,2.142586441967411,0.05745454545454546,-0.005090909090909113,-0.0043636363636363916,-0.0058181818181818334,-0.003272727272727294,-0.0010909090909090979,0.000727272727272732,-0.0010909090909090979,-0.001454545454545464,0.0,-0.006545454545454565,0.0010909090909090647,-0.004727272727272747,-0.004000000000000026,-0.0036363636363636485,-0.011999999999999988,0.001454545454545464,-0.009818181818181804,-0.001454545454545464,-0.0021818181818181958,-0.004000000000000026,-0.01018181818181817,-0.0025454545454545617,-0.000727272727272732,0.0,-0.003272727272727294,-0.0043636363636363916,0.0
160,160,0.9781818181818182,0.9780291603821016,0.9590909090909091,0.9981818181818182,3.4338055395673917,0.647682670709734,1.3529423044342197,2.360030006226736,0.8907234961916701,0.1105454545454545,0.018181818181818153,0.014545454545454528,0.005454545454545412,0.005818181818181789,0.0,-0.000363636363636366,0.0025454545454545617,-0.000363636363636366,-0.0072727272727273196,0.0029090909090909167,0.002181818181818185,0.002909090909090928,0.0,0.0036363636363636598,0.001454545454545464,0.0036363636363636598,0.0010909090909090979,0.0,-0.000727272727272732,0.0,0.000363636363636366,0.003272727272727294,-0.004000000000000026,0.0,-0.0043636363636363916,-0.0036363636363636598,0.003272727272727294
161,161,0.9854545454545455,0.9856580891875009,0.9910313901345291,0.9982752673335632,3.555256840141743,0.42195021262606686,1.20628365833373,1.8701224496432944,1.663406130157732,0.08618181818181822,0.012000000000000044,0.004000000000000026,-0.0036363636363636598,0.008727272727272773,-0.002909090909090928,0.0010909090909090979,0.001454545454545464,0.0036363636363636598,0.011272727272727313,0.000727272727272732,0.0036363636363636598,0.0,0.0,0.000363636363636366,0.0,0.000363636363636366,-0.0018181818181818299,0.000363636363636366,0.000363636363636366,0.0,0.0018181818181818299,0.002909090909090928,0.0,0.002909090909090928,-0.001454545454545464,0.0,0.000363636363636366
162,162,0.9781818181818182,0.9781818181818182,0.9659090909090908,0.998099173553719,2.579306005124554,0.17591749817695862,1.2836783644315077,3.0690909131179525,1.8292028240082225,0.13163636363636363,0.007999999999999985,0.0029090909090908946,0.005818181818181789,0.0025454545454545396,0.001454545454545464,0.0010909090909090979,0.0025454545454545617,0.003272727272727294,-0.000363636363636366,-0.0010909090909090979,0.006181818181818166,0.000363636363636366,-0.003272727272727294,0.0029090909090909167,0.0,0.00436363636363637,0.0,0.000727272727272732,0.0,0.002909090909090928,0.000363636363636366,-0.000363636363636366,0.0,0.000727272727272732,0.001454545454545464,0.0018181818181818188,0.000727272727272732
163,163,0.9745454545454545,0.9744528430371127,0.9555073941866394,0.9968553459119497,3.104183094091661,0.26003314356895246,1.302346942995284,2.690354403234614,1.4569920479588367,0.1145454545454545,0.015636363636363594,0.01599999999999995,0.009454545454545405,0.009454545454545405,0.0007272727272727098,0.0003636363636363549,0.002545454545454484,0.0003636363636363549,0.00036363636363633266,0.008363636363636306,0.014909090909090861,0.0,0.0,0.00545454545454539,0.0007272727272727098,0.0,0.002909090909090828,0.0010909090909090647,-0.000363636363636366,0.0003636363636363549,0.0072727272727272085,0.0003636363636363549,0.0003636363636363549,0.0010909090909090647,0.00363636363636356,-0.0025454545454545617,0.0010909090909090647
164,164,0.9709090909090909,0.9709090909090909,0.9532551419343872,0.9966003739588646,2.897825183168817,0.2256224571212245,1.6020295894844818,2.329238982317671,1.9340612581901966,0.05527272727272731,0.010909090909090957,0.006909090909090953,0.0072727272727273196,0.008363636363636406,2.2204460492503132e-17,-0.0018181818181817523,0.006545454545454588,-0.006545454545454477,-0.0021818181818181403,0.008363636363636396,-0.002545454545454506,0.0021818181818181958,-0.0018181818181817523,-0.0014545454545454085,0.0007272727272727431,-0.0032727272727271937,-0.00290909090909085,0.000363636363636366,-0.0014545454545453972,0.0021818181818181958,0.004000000000000026,1.1102230246251566e-17,-0.0018181818181817744,0.0025454545454545617,0.004000000000000026,-0.0018181818181817633,0.0036363636363636598
165,165,0.9563636363636364,0.9571307993370196,0.9534006038455427,0.9944382647385985,2.9871584663244053,0.1753069029002689,0.9239834035294511,2.8093409654855197,2.163626973764325,0.10363636363636371,-0.0025454545454544953,0.009454545454545516,-0.0014545454545454085,0.0010909090909091313,0.0014545454545454861,0.0010909090909091202,-0.0014545454545454195,-0.002545454545454484,-0.005090909090909046,0.008363636363636417,0.006545454545454588,0.003272727272727294,-0.0025454545454544953,0.005090909090909135,2.2204460492503132e-17,2.2204460492503132e-17,0.004000000000000026,-0.005090909090909012,-0.0007272727272727098,-0.003272727272727205,0.006909090909090953,0.005090909090909123,-0.0021818181818181294,-0.002545454545454484,-0.0007272727272726875,0.00036363636363638817,0.006181818181818233
166,166,0.9781818181818182,0.9784252225761658,0.9801210356978705,0.9981614830703234,3.6177384681132096,0.004429000903608038,1.1479090323957712,2.5941343098923446,1.530874140044047,0.08109090909090907,0.003999999999999981,0.0069090909090908535,0.009818181818181771,0.0014545454545454306,-0.0021818181818181958,0.0010909090909090979,-0.001454545454545464,-0.001454545454545464,-0.001454545454545475,0.0010909090909090647,0.0014545454545454527,-0.003272727272727294,0.0,-0.000727272727272732,-0.002909090909090928,-0.0021818181818181958,-0.003272727272727294,0.0,0.003272727272727294,-0.0025454545454545617,0.003272727272727294,0.000363636363636366,0.0,-0.001454545454545464,-0.001454545454545464,-0.003272727272727294,0.0
167,167,0.9527272727272728,0.9530816599732262,0.9429824561403508,0.9932579382340148,3.3526022029151834,0.20442931259598182,1.8893109304969509,1.6764995612514988,1.895354330912907,0.06981818181818185,0.00981818181818186,-0.002545454545454551,0.0043636363636363916,0.003272727272727294,0.0010909090909090979,-0.0014545454545454527,0.001454545454545475,-0.0007272727272727208,-0.0036363636363636155,0.0007272727272727541,-0.0025454545454545287,-0.007636363636363585,-0.001454545454545464,-0.0032727272727272826,-0.004727272727272702,-0.009818181818181781,-0.00436363636363638,-0.0010909090909090979,0.002909090909090928,-0.00654545454545451,-0.00509090909090909,-0.010545454545454514,-0.000363636363636366,-0.0032727272727272605,-0.0021818181818181958,-0.0040000000000000036,-0.009454545454545427
168,168,0.9636363636363636,0.9636363636363636,0.9446724609689361,0.995976178979559,2.7910212748880356,1.1808051054563855,1.2641976300497646,2.6567385123533893,1.0557246681097283,0.09127272727272726,0.011272727272727268,0.011999999999999966,0.0010909090909090868,0.006545454545454532,-0.005090909090909123,-0.0036363636363636598,0.0,0.003272727272727294,-0.005818181818181845,0.0036363636363636377,-0.000363636363636366,-0.0025454545454545617,-0.000727272727272732,-0.007272727272727308,-0.0036363636363636598,-0.006909090909090943,-0.0061818181818182215,0.0,-0.000363636363636366,-0.0072727272727273196,0.006909090909090876,-0.0036363636363636598,-0.000363636363636366,-0.000727272727272732,0.004363636363636359,-0.004727272727272758,-0.010181818181818158
169,169,0.9818181818181818,0.981608895856178,0.9592963090720938,0.9976716109003104,3.1834644965135883,-0.17102879269483814,1.2692491881467407,2.255049163844333,2.724585149030726,0.09636363636363635,0.009818181818181814,0.0065454545454545765,0.008363636363636351,0.006909090909090909,0.0010909090909090979,0.004727272727272758,0.0018181818181818299,0.0021818181818181958,0.002909090909090928,0.008363636363636361,-0.000727272727272732,0.001454545454545464,-0.000363636363636366,-0.003272727272727294,-0.000363636363636366,0.0010909090909090979,-0.000727272727272732,-0.000363636363636366,0.0,-0.002909090909090928,0.000363636363636366,-0.0018181818181818299,-0.0010909090909090979,-0.000363636363636366,-0.002909090909090928,0.0,-0.0036363636363636598
170,170,0.9890909090909091,0.9891305997373413,0.98590031045188,0.9981027940669196,3.1122116360167467,0.2301844992478405,1.4623149347009874,2.995309160316783,1.0960877082440277,0.11709090909090916,0.013818181818181886,0.010545454545454613,0.005090909090909123,0.0021818181818181958,0.00036363636363637706,0.0,0.003272727272727294,0.004000000000000026,0.002181818181818207,0.0061818181818182215,-0.0003636363636363105,0.0,0.0,0.006545454545454588,0.0036363636363636598,0.006545454545454588,0.000727272727272732,0.003272727272727294,0.000363636363636366,0.002909090909090928,0.0036363636363636598,0.0010909090909090979,0.0025454545454545617,0.0043636363636363916,0.001454545454545464,-0.002909090909090839,0.0036363636363636598
171,171,0.9818181818181818,0.9817537412904599,0.9676973353443942,0.9979051449639685,2.1142927491033348,0.8146682449544402,1.3978040598500285,3.133995005791495,1.7051255850306728,0.1450909090909091,0.008727272727272728,0.007272727272727308,0.004000000000000026,0.0018181818181818299,0.0,0.0010909090909090979,0.0065454545454545765,0.006909090909090953,0.0018181818181818299,0.009090909090909094,0.006545454545454565,0.0018181818181818299,0.0036363636363636598,0.004000000000000026,0.000363636363636366,0.0,0.0043636363636363916,0.000727272727272732,0.0,0.000727272727272732,0.000363636363636366,0.0,0.000363636363636366,0.003272727272727294,0.000727272727272732,0.000727272727272732,0.0018181818181818299
172,172,0.9818181818181818,0.9816480670984137,0.9643410852713179,0.997829457364341,2.183072933480908,0.28771943401434663,1.4474275498685603,2.831155174187253,2.366793832084188,0.11963636363636362,0.017818181818181823,0.00618181818181821,0.010545454545454535,0.0036363636363636485,-0.000363636363636366,0.000727272727272732,0.000363636363636366,0.000363636363636366,-0.0010909090909090979,0.01018181818181818,0.0010909090909090979,-0.002909090909090928,0.0,0.0010909090909090979,-0.002909090909090928,0.0,0.0,0.0,0.0,-0.003272727272727294,0.000363636363636366,0.000363636363636366,-0.003272727272727294,0.0010909090909090979,0.0036363636363636598,-0.002909090909090928,0.0
173,173,0.9818181818181818,0.9816392392362908,0.9632130939138726,0.9972191323692993,2.8282931853928326,0.5028741959063578,2.0491771995575774,3.3069793841625668,0.7843981678334001,0.10363636363636361,0.008000000000000007,0.007272727272727308,0.002909090909090928,0.0043636363636363916,0.0,0.000363636363636366,0.004000000000000026,0.0036363636363636598,0.0025454545454545617,0.0036363636363636377,0.0021818181818181958,0.002909090909090928,0.0,0.000363636363636366,0.0018181818181818299,0.0036363636363636598,0.0036363636363636598,0.0,0.0,0.000363636363636366,0.0036363636363636598,0.002909090909090928,0.004000000000000026,0.003272727272727294,0.005090909090909123,0.0021818181818181958,0.003272727272727294
174,174,0.9672727272727273,0.9671780119121183,0.9502877479933363,0.9959866727245191,3.164000419406185,0.9607913913664806,1.2078827544146695,2.7625283994676924,0.9122474274609996,0.16072727272727275,-0.0010909090909090758,0.003272727272727294,-0.0018181818181818299,-0.002545454545454551,-0.0010909090909090979,-0.000363636363636366,0.0,0.000363636363636366,0.0025454545454545617,0.000727272727272732,0.000363636363636366,0.0,-0.000363636363636366,0.003272727272727294,0.0036363636363636598,-0.0036363636363636598,0.0036363636363636598,0.003272727272727294,0.0036363636363636598,-0.003272727272727294,0.002909090909090928,0.000363636363636366,-0.000363636363636366,0.000363636363636366,-0.0010909090909090979,-0.005090909090909068,0.00545454545454549
175,175,0.9927272727272727,0.9927272727272727,0.9881424629182476,0.9998275267333563,3.1949844955214286,0.28545251556451906,1.0581825380009506,2.9694443831873136,1.6586179094287195,0.14327272727272722,0.01672727272727269,0.011272727272727235,0.013818181818181795,0.005090909090909035,0.0,0.0,0.0018181818181817744,0.003272727272727205,0.0014545454545454195,0.007999999999999941,0.0021818181818181294,-0.003272727272727294,-0.0036363636363636598,0.0007272727272727098,0.0003636363636363549,-0.003272727272727294,-0.0018181818181818299,0.0,-1.1102230246251566e-17,-0.0036363636363636598,-0.002909090909090928,0.003999999999999915,0.0036363636363635488,0.0,0.0007272727272726986,-0.0025454545454545617,-1.1102230246251566e-17
176,176,0.9818181818181818,0.9819840866108097,0.9821627204830764,0.9991260130303512,3.2532899353080618,0.15303655511890046,1.5284907985444998,2.4259032631969633,1.2288450669872026,0.09999999999999999,0.009090909090909104,0.013818181818181795,0.014181818181818162,0.010909090909090879,-0.0036363636363636598,-0.002909090909090928,0.0036363636363636598,0.0,-0.001454545454545464,0.002909090909090928,0.000727272727272732,0.003272727272727294,-0.0021818181818181958,0.0010909090909090979,0.000363636363636366,0.0025454545454545617,0.000363636363636366,-0.002909090909090928,0.000363636363636366,0.000727272727272732,0.003272727272727294,0.000363636363636366,0.0018181818181818299,0.000363636363636366,0.002909090909090928,0.002909090909090928,0.004000000000000026
177,177,0.9709090909090909,0.9713269358552378,0.966999299719888,0.9967612044817927,1.9855239456486868,0.9657031977253036,1.5116556146575244,3.551265670531622,1.4867312752568422,0.08581818181818184,-0.0007272727272726986,-0.005818181818181767,-0.003999999999999937,0.0003636363636363993,0.000363636363636366,0.0,-0.0007272727272727098,0.0040000000000000365,-0.0014545454545454195,4.4408920985006264e-17,0.0036363636363636598,0.0,0.0,0.003272727272727294,0.0,0.0,0.0,-0.00290909090909085,0.0,0.003272727272727294,0.000363636363636366,0.0,-0.0014545454545454306,-0.0003636363636363549,-0.00363636363636356,-0.0025454545454544953,0.000363636363636366
178,178,0.9636363636363636,0.9633457566453775,0.9311111111111111,0.9942222222222222,2.796786210437223,0.37460929993080133,1.4418088610812878,2.543273578727968,2.1522976450863727,0.07163636363636364,0.009090909090909084,0.005818181818181789,0.005818181818181789,0.005818181818181789,-0.000363636363636366,0.0,-0.000363636363636366,-0.001454545454545464,-1.1102230246251566e-17,0.0025454545454545287,-0.00436363636363637,-0.004000000000000026,-0.003272727272727294,-0.003272727272727294,-0.0036363636363636598,-0.000363636363636366,-0.000363636363636366,-0.000363636363636366,0.0,-0.000727272727272732,-0.0036363636363636598,0.000727272727272732,0.000363636363636366,-0.000363636363636366,0.0,0.0021818181818181958,-0.005818181818181856
179,179,0.9781818181818182,0.9781818181818182,0.9586507618283882,0.996692060946271,2.892258283929003,-0.33672957417996036,1.8765234623164169,2.911786773003995,2.0227862304407105,0.06872727272727272,0.010545454545454514,0.006909090909090865,0.009090909090909049,0.005454545454545445,-0.003272727272727294,0.003272727272727294,0.0021818181818181958,-0.0036363636363636598,-0.0025454545454545617,0.0014545454545454527,-0.003272727272727294,-0.0010909090909090979,-0.0010909090909090979,-0.000363636363636366,0.0025454545454545617,-0.000727272727272732,0.0069090909090908535,0.000363636363636366,0.000363636363636366,-0.000727272727272732,0.002909090909090928,-0.000727272727272732,-0.002909090909090928,0.003272727272727294,0.0021818181818181958,-0.0021818181818181958,-0.001454545454545464
180,180,0.9854545454545455,0.9854545454545455,0.9762849258364954,0.9988789237668162,3.1741276175635775,-0.49604942762559,1.266943833353868,2.889202218037151,2.097021076689355,0.09018181818181821,0.012727272727272731,0.008727272727272783,0.006545454545454588,0.0007272727272727431,0.001454545454545464,-0.0010909090909090979,-0.003272727272727294,0.000727272727272732,-0.0029090909090909054,0.000727272727272732,-0.0007272727272727208,-0.0029090909090909167,0.0,0.0,0.0,0.00036363636363637706,0.001454545454545464,0.0,0.000363636363636366,-0.0036363636363636598,0.0,-0.004727272727272691,-0.0010909090909090979,0.000363636363636366,0.000727272727272732,0.0,-0.0025454545454545617
181,181,0.9818181818181818,0.9817445293378932,0.9649629763409788,0.9981036662452591,3.323010992378383,-0.2479517914404972,1.3939592233525977,2.511923704765835,2.1151195939678136,0.11199999999999996,0.009090909090909104,0.0036363636363636598,0.002909090909090928,0.002909090909090928,-0.006545454545454588,0.000727272727272732,0.004000000000000026,0.0036363636363636598,0.0036363636363636598,0.004000000000000015,0.007272727272727308,0.000363636363636366,0.0010909090909090979,0.000727272727272732,0.0,0.000727272727272732,-0.000727272727272732,0.000727272727272732,0.0,0.002909090909090928,-0.003272727272727294,-0.002909090909090928,0.0,0.0,0.000363636363636366,0.000363636363636366,0.0036363636363636598
182,182,0.9818181818181818,0.9820065474062853,0.98155702872684,0.998045215026347,3.4001654378372717,0.4786327848513274,1.0844504901548742,3.072115276679047,0.705569715140559,0.09818181818181818,0.013090909090909087,0.014545454545454528,0.013090909090909075,0.009454545454545438,-0.0036363636363636598,0.0010909090909090979,0.0036363636363636598,0.0,0.0,0.0,0.001454545454545464,0.0,0.0,-0.002909090909090928,0.0,-0.003272727272727294,0.0,0.0,0.0,0.0,-0.002909090909090928,-0.002909090909090928,0.0,0.0,0.0,-0.001454545454545464,-0.003272727272727294
183,183,0.9781818181818182,0.9781818181818182,0.9654348919054802,0.9970672029495559,2.706875363958733,-0.16959051399496156,1.5264411570357246,3.377406158426821,1.3431696540520344,0.13018181818181815,0.008727272727272695,0.008363636363636318,0.010545454545454502,0.0,0.0036363636363636598,0.004727272727272714,0.0,0.0072727272727272085,0.0040000000000000036,0.00654545454545451,0.0025454545454545617,0.0,0.0,0.000363636363636366,0.0,0.000727272727272732,0.000363636363636366,0.0,0.0,0.000363636363636366,-0.000363636363636366,0.0,0.0,0.000363636363636366,0.000363636363636366,0.000363636363636366,0.005818181818181778
184,184,0.9636363636363636,0.9639269706273498,0.9451174743024964,0.9955029368575623,2.311658757424976,-0.0025083577233592177,1.3857830027408975,2.9466161017970003,2.577564601252139,0.08618181818181818,-0.008363636363636373,-0.007636363636363675,-0.0036363636363636485,-0.0061818181818181885,-0.0010909090909090979,-0.002909090909090928,-0.003272727272727294,0.0,-0.0036363636363636377,-0.00436363636363638,-0.0025454545454545617,-0.0021818181818181958,-0.005090909090909123,0.0032727272727272826,-0.007636363636363652,-0.0043636363636363916,-0.004727272727272758,-0.003272727272727294,0.000363636363636366,-0.004000000000000026,-0.004000000000000026,-0.0036363636363636598,-0.007272727272727287,-0.000727272727272732,-0.005818181818181856,-0.0010909090909090979,0.003272727272727294
185,185,0.9745454545454545,0.9747457927486712,0.9725266587677726,0.9973341232227488,2.612715926742223,0.5622836519049798,1.2962460956960746,2.6538542702450667,1.9590454124826702,0.15563636363636357,0.009090909090909038,0.006181818181818122,0.004727272727272658,0.008727272727272684,-0.003272727272727294,0.003272727272727205,0.0025454545454545174,-0.0007272727272727431,-0.0014545454545454861,0.003999999999999948,-0.0007272727272727431,-0.00036363636363637706,-0.0010909090909090979,-0.00036363636363637706,-0.002909090909090928,-0.0043636363636363916,-0.0018181818181818299,0.0,-0.000727272727272732,-0.0032727272727273047,-0.004000000000000026,0.0007272727272727098,-0.0025454545454545617,0.0032727272727272384,-0.00290909090909095,-0.0036363636363636598,-4.4408920985006264e-17
186,186,0.9781818181818182,0.978457449113734,0.9796559034572733,0.9969015003261578,3.1951267510197865,0.0977647354999868,0.7752780209936418,3.399659108148256,1.125891292830828,0.128,0.0021818181818181403,0.0021818181818181958,-0.004000000000000026,-0.0021818181818181958,0.0,-0.002909090909090928,0.003999999999999992,0.0036363636363636598,0.000363636363636366,-0.004000000000000026,-0.000363636363636366,0.0032727272727272718,-0.0036363636363636598,0.000363636363636366,0.003272727272727294,0.006181818181818144,0.0025454545454545617,0.0,0.0,0.0,-0.0018181818181818299,-0.000363636363636366,0.0,-0.003272727272727294,0.0,0.0,0.0
187,187,0.9745454545454545,0.9748724628939212,0.9669082125603865,0.9952657004830918,2.6520439516209056,0.35555474362399353,1.4963174469677718,3.448278665846271,1.392411666141894,0.0916363636363636,0.005818181818181745,0.010909090909090868,0.00618181818181811,0.00618181818181811,0.0007272727272727098,0.00618181818181811,0.004727272727272647,0.0007272727272727098,0.007999999999999941,0.0003636363636363438,0.004727272727272647,0.0007272727272727098,0.006545454545454477,0.0032727272727271937,0.0032727272727271937,0.003999999999999915,-0.00036363636363637706,0.002545454545454484,0.004727272727272647,0.0021818181818181403,0.003999999999999915,0.005454545454545379,0.0003636363636363549,0.0032727272727271937,0.0021818181818181294,0.007636363636363575,0.0036363636363635488
188,188,0.9818181818181818,0.9817759344472137,0.973971278652306,0.9966169566418117,3.3373688845150977,-0.01456171738295877,1.916325511617512,3.0035781211294945,0.8139500153571165,0.1490909090909091,0.026181818181818174,0.01345454545454543,0.012363636363636344,0.001454545454545464,-0.000363636363636366,-0.000363636363636366,0.0010909090909090979,0.000727272727272732,-0.0021818181818181958,0.004727272727272747,0.0032727272727272826,0.0,0.0,-0.000727272727272732,0.0,0.0,-0.0010909090909090979,-0.0021818181818181958,-0.000727272727272732,-0.000363636363636366,-0.000727272727272732,-0.000727272727272732,-0.0021818181818181958,-0.000363636363636366,0.0,-0.000363636363636366,-0.0025454545454545617
189,189,0.9818181818181818,0.981755393288814,0.9681818181818183,0.998595041322314,1.849485513389048,0.5561305548395261,1.2060856059556389,3.134973849369358,2.403615737211321,0.14036363636363638,0.015636363636363625,0.013090909090909065,0.01345454545454543,0.013454545454545441,0.000363636363636366,-0.0010909090909090979,0.0021818181818181958,-0.001454545454545464,-0.0043636363636363916,0.00945454545454546,-0.000727272727272732,-0.002909090909090928,-0.000363636363636366,-0.002909090909090928,-0.0036363636363636598,0.0,-0.000727272727272732,-0.0025454545454545617,-0.000363636363636366,-0.0036363636363636598,-0.0025454545454545617,-0.002909090909090928,-0.000363636363636366,-0.0021818181818181958,0.0,0.000727272727272732,-0.002909090909090928
190,190,0.96,0.9596439923712652,0.9341587157352718,0.9966681811297895,3.4857755356722686,-0.15398150377338082,1.2134607614446986,2.9176518718125335,1.3367844816479366,0.15527272727272723,0.005818181818181767,0.006909090909090842,0.0018181818181817744,-0.00036363636363637706,-0.002909090909090928,-0.000727272727272732,-0.006545454545454588,-0.007636363636363686,-0.009090909090909127,0.004363636363636314,-0.006545454545454588,-0.003272727272727294,-0.0043636363636363916,-0.000363636363636366,-0.003272727272727294,-0.000727272727272732,-0.004000000000000026,-0.000727272727272732,-0.004000000000000026,-0.0018181818181818299,-0.004727272727272758,-0.000363636363636366,-0.008000000000000052,0.0032727272727271937,0.0010909090909090534,-0.002181818181818207,-0.003272727272727294
191,191,0.9781818181818182,0.9780440027158604,0.9614720652856246,0.9982736974262398,2.921377612262012,-0.012046259205835779,1.4321395654813738,2.5688736857027448,2.2385484654637766,0.08799999999999998,0.019636363636363598,0.017818181818181778,0.007636363636363608,0.006909090909090865,-0.0018181818181818299,-0.000363636363636366,-0.000363636363636366,-0.0018181818181818299,-0.004000000000000026,0.013090909090909065,0.0036363636363636264,0.000363636363636366,-0.0072727272727273196,0.000727272727272732,-0.001818181818181841,-0.005818181818181856,-0.0036363636363636598,-0.0036363636363636598,-0.004000000000000026,-0.0025454545454545617,0.001454545454545464,-0.0036363636363636598,-0.002909090909090928,-0.0036363636363636598,0.0032727272727272826,-0.003272727272727294,-0.0025454545454545617
192,192,0.9636363636363636,0.9646113306982873,0.9590230942162272,0.9970365828734928,2.781820735070898,0.7219995829122685,1.4684040484525973,2.73831539800789,1.263018964094741,0.04799999999999999,-0.008727272727272728,-0.001454545454545464,-0.0025454545454545617,0.0003636363636363549,-0.004000000000000026,0.002909090909090928,0.000363636363636366,-0.002909090909090928,-0.00436363636363638,-0.0018181818181818299,0.0,0.0,0.0,-0.000727272727272732,-0.000363636363636366,-0.0021818181818181958,0.0,-0.0025454545454545617,0.0036363636363636598,-0.0036363636363636598,0.0029090909090909167,-0.000363636363636366,0.0,0.001454545454545464,0.0021818181818181958,-0.0021818181818181958,0.003272727272727294
193,193,0.9818181818181818,0.9817520307407946,0.9671936087030426,0.998895121536631,2.5523387851740993,0.46269726275359024,1.1613423709169504,2.485144347181676,2.150443775020925,0.12945454545454543,0.005454545454545467,0.010909090909090879,0.009090909090909094,0.005090909090909123,0.000727272727272732,0.0021818181818181958,0.0,-0.000727272727272732,0.005090909090909102,0.0032727272727272826,0.0,0.0,0.002909090909090928,-0.005090909090909123,-0.0025454545454545617,-0.0061818181818182215,0.0025454545454545617,0.001454545454545464,-0.003272727272727294,0.0,0.000727272727272732,-0.002909090909090928,-0.003272727272727294,0.0,0.00545454545454549,-0.003272727272727294,0.0
194,194,0.9709090909090909,0.9709090909090909,0.9518557422969187,0.996235994397759,2.683950480668943,0.2561512513479087,1.4619224265418893,3.104916089622565,1.7038505088159777,0.09927272727272732,0.006545454545454565,-0.0010909090909090647,0.006909090909090953,0.0043636363636363916,-0.0018181818181817744,-0.0014545454545454085,0.006545454545454588,0.0018181818181818299,-0.0010909090909090534,-0.0018181818181817744,-0.0010909090909090647,-0.004363636363636292,0.0,-0.0003636363636363438,-0.0007272727272727098,-0.003636363636363571,-0.0014545454545454306,-0.0003636363636363438,-0.0003636363636363549,0.0036363636363636598,0.00036363636363637706,0.001090909090909109,-0.0010909090909090647,2.2204460492503132e-17,0.00545454545454549,0.0007272727272727763,0.001090909090909109
195,195,0.9818181818181818,0.9817465116799927,0.9655555555555555,0.9986666666666667,3.4355897283192105,0.6009301289894111,1.145688606442304,2.5900651099297853,1.3205755510108792,0.11090909090909092,0.004000000000000015,-0.000727272727272732,-0.000363636363636366,-0.0018181818181818299,-0.000363636363636366,0.000727272727272732,-0.003272727272727294,-0.0018181818181818299,-0.0036363636363636598,0.001454545454545464,-0.003272727272727294,0.0,-0.000363636363636366,0.0021818181818181958,-0.000363636363636366,-0.0036363636363636598,-0.002909090909090928,-0.0010909090909090979,0.0036363636363636598,0.003272727272727294,0.002909090909090928,-0.000363636363636366,-0.0036363636363636598,-0.000727272727272732,-0.0021818181818181958,0.0,-0.000363636363636366
196,196,0.9818181818181818,0.9818734834157244,0.9761064030131827,0.9981167608286252,3.502913728578304,-0.4029146751627425,1.3400410023037703,2.4874242732738434,1.7833985237974834,0.11781818181818185,0.014909090909090917,0.014181818181818162,0.013818181818181795,0.000363636363636366,0.004000000000000026,0.007636363636363652,0.003272727272727294,0.0010909090909090979,0.002181818181818185,0.007272727272727287,0.0018181818181818299,0.0036363636363636598,0.0021818181818181958,0.005090909090909123,0.0,0.0,0.00545454545454549,0.003272727272727294,0.000363636363636366,0.000363636363636366,0.000363636363636366,0.001454545454545464,0.0043636363636363916,0.0025454545454545617,0.0,0.000727272727272732,0.005090909090909123
197,197,0.9709090909090909,0.9709090909090909,0.9525698516729907,0.9958606416005519,3.2321555406937676,0.16536812920957963,1.3804315301946288,2.8047964649940162,1.5679535618175353,0.08763636363636366,0.02945454545454549,0.018181818181818188,0.009454545454545493,0.008363636363636384,0.002909090909090928,0.0036363636363636598,-0.002181818181818118,-0.0010909090909090424,0.0007272727272727763,0.014545454545454561,0.010181818181818214,0.004000000000000026,1.1102230246251566e-17,0.00036363636363638817,0.002909090909090928,0.002909090909090928,0.005818181818181856,0.0,0.0010909090909090979,0.0043636363636363916,0.001818181818181852,-0.0032727272727271937,1.1102230246251566e-17,0.0061818181818182215,0.00545454545454549,0.002909090909090928,0.001454545454545475
198,198,0.9854545454545455,0.9855617924676221,0.983499649859944,0.9963235294117647,2.9724475092198777,-0.009787572445541712,1.1345556102780192,2.891447759060557,2.458249617039791,0.08363636363636365,0.00945454545454547,0.010545454545454613,0.006545454545454588,0.008363636363636396,0.000363636363636366,0.003272727272727294,0.0018181818181818299,0.0036363636363636598,0.002909090909090928,0.009090909090909127,0.005090909090909123,0.002909090909090928,0.0,0.004000000000000026,0.0,0.000727272727272732,0.004000000000000026,0.000363636363636366,0.0,0.003272727272727294,0.0036363636363636598,0.0036363636363636598,0.0,0.0,0.000363636363636366,0.000363636363636366,0.0
199,199,0.9781818181818182,0.978457449113734,0.9796559034572733,0.9973091976516634,2.9190429571543666,0.8722524566957022,1.1009522262359126,3.153559094865523,0.9459809505003994,0.09781818181818178,0.011272727272727245,0.005090909090909068,-0.0010909090909090979,0.0029090909090909054,-0.001454545454545464,0.0,0.0010909090909090979,0.000727272727272732,-0.0018181818181818299,0.0032727272727272826,0.0,-0.002909090909090928,-0.0072727272727273196,-0.0061818181818182215,0.0,-0.0021818181818181958,-0.000363636363636366,0.0,-0.0025454545454545617,-0.000363636363636366,-0.0036363636363636598,0.000363636363636366,0.0,-0.0021818181818181958,0.0,-0.000363636363636366,-0.0036363636363636598
200,200,0.9709090909090909,0.9707507539853512,0.9543956043956044,0.9975824175824175,2.3857886586945605,0.5299945282409165,0.905734318305927,3.393447580983437,2.057546664202196,0.1450909090909091,0.0003636363636363993,0.0007272727272727431,0.0007272727272727431,-0.00545454545454539,-0.0003636363636363438,0.003272727272727294,0.000363636363636366,-0.0014545454545454195,0.0021818181818181958,0.0010909090909091202,-0.003636363636363582,0.001454545454545464,0.002909090909090928,0.0036363636363636598,0.006545454545454588,-0.0032727272727271937,0.003272727272727294,-0.002545454545454484,0.003272727272727294,-0.00363636363636356,0.002909090909090928,-0.0007272727272727098,0.002909090909090928,0.002909090909090928,0.003272727272727294,-0.0010909090909090647,-0.002909090909090861
201,201,0.9890909090909091,0.988961902842169,0.9705882352941176,0.9992121848739496,3.06536913555592,0.1220182094124336,1.0739633883981214,3.1375451231064315,1.8029335297238618,0.1418181818181819,0.010181818181818236,0.011636363636363712,0.003272727272727294,0.0061818181818182215,0.0010909090909090979,0.0010909090909090979,0.000363636363636366,0.000727272727272732,0.0,0.0061818181818182215,0.0043636363636363916,1.1102230246251566e-17,0.000727272727272732,0.000363636363636366,0.004000000000000026,0.002909090909090928,0.0036363636363636598,0.000363636363636366,0.0,0.0,0.001454545454545464,0.000363636363636366,0.0010909090909090979,0.0,0.000363636363636366,0.000363636363636366,0.001454545454545464
202,202,0.9818181818181818,0.9818734834157244,0.9761064030131827,0.9992937853107345,2.747710627086436,0.39198910382177515,1.403881245429837,2.2220499757706853,2.0243817819686276,0.11672727272727271,0.01890909090909091,0.0036363636363636598,0.000727272727272732,0.0018181818181818299,-0.0010909090909090979,-0.002909090909090928,0.0021818181818181958,0.0021818181818181958,-0.00436363636363638,0.008727272727272728,0.004000000000000015,-0.002909090909090928,-0.002909090909090928,0.0010909090909090979,-0.002909090909090928,-0.0025454545454545617,-0.0021818181818181958,0.0,0.0,0.0,-0.001454545454545464,-0.000727272727272732,0.000727272727272732,-0.003272727272727294,-0.002909090909090928,0.0036363636363636598,-0.002909090909090928
203,203,0.9781818181818182,0.9784871337812514,0.9791738530527768,0.9968954812004139,2.50334244242684,-0.00039289983835118225,1.1420076680894562,2.9527205853515426,2.212631154338104,0.11672727272727271,0.0025454545454545396,0.007636363636363608,0.006909090909090876,0.008363636363636328,0.0036363636363636377,-0.0018181818181818299,0.013090909090909065,0.004727272727272714,0.0072727272727272415,0.0003636363636363549,0.000363636363636366,-0.006545454545454588,0.004000000000000015,-0.0018181818181818299,-0.0021818181818181958,0.0021818181818181958,0.004000000000000015,0.004000000000000015,0.000363636363636366,0.00436363636363637,0.008363636363636306,0.001454545454545464,-0.0018181818181818299,0.0018181818181818299,-0.002909090909090928,-0.0018181818181818299,0.0018181818181818188
204,204,0.9781818181818182,0.9784135864135866,0.9802710392333034,0.9964061096136568,2.6423864624077913,0.16478194204924587,1.619616375099957,3.229911383924649,1.7552507853271329,0.17781818181818182,0.009454545454545405,0.009090909090909071,0.0018181818181818299,0.0018181818181818299,0.000727272727272732,-0.003272727272727294,-0.003272727272727294,0.000363636363636366,-0.002909090909090928,0.004363636363636359,0.0014545454545454527,0.0,-0.0025454545454545617,-0.000363636363636366,-0.0036363636363636598,-0.000727272727272732,-0.0036363636363636598,0.0,0.0036363636363636485,-0.0036363636363636598,-0.000363636363636366,-0.000727272727272732,0.000363636363636366,0.0,-0.0021818181818181958,-0.000363636363636366,0.0
205,205,0.9745454545454545,0.9749629872365337,0.9771660801072566,0.9967320261437909,3.1638328173944625,0.7623934818684323,1.433700339293786,1.7493608319538148,2.2179826547664594,0.0796363636363636,0.011999999999999945,0.010909090909090868,0.003999999999999948,0.005818181818181755,0.003636363636363582,0.0007272727272726875,-0.0007272727272727431,0.0025454545454544953,0.008363636363636318,0.009454545454545405,0.00290909090909085,-0.000363636363636366,-0.005818181818181856,-0.0018181818181818299,0.0010909090909090647,0.0018181818181817744,-0.0061818181818182215,-2.2204460492503132e-17,-0.0036363636363636598,0.0003636363636363549,-0.002909090909090928,-0.0025454545454545617,0.002545454545454506,-1.1102230246251566e-17,0.005818181818181767,0.0003636363636363549,-0.003272727272727294
206,206,0.9927272727272727,0.9927272727272727,0.9881424629182476,0.9991376336667817,3.738903378345203,0.1380742458922987,1.1117797695007587,2.5953898842685796,1.496605474099817,0.13054545454545446,0.006545454545454477,0.009454545454545405,0.0,0.0039999999999999255,0.0,0.0,0.0003636363636363549,0.0007272727272727098,0.0003636363636363549,0.006545454545454488,0.008363636363636306,0.0,0.0,0.003636363636363571,0.0,0.0007272727272727098,0.0,0.0003636363636363549,0.0,0.0,0.0,0.0,0.0,0.0007272727272727098,0.0007272727272727208,0.0003636363636363549,0.0
207,207,0.96,0.9598752492055033,0.9375784682988073,0.9938010043942247,2.4872552689456664,0.4991764098392111,1.1321400015936895,3.5082060255034713,1.5950500068230686,0.1254545454545454,0.006545454545454488,0.0014545454545454306,0.0010909090909090647,-0.0018181818181818299,-0.001454545454545464,-0.0036363636363636598,-0.000363636363636366,-0.000363636363636366,-0.001454545454545464,-0.002909090909090939,-0.001818181818181852,-0.0010909090909090979,-0.000727272727272732,-0.004000000000000026,-0.005090909090909123,0.0,-0.0072727272727273196,0.0007272727272727098,-0.000727272727272732,-0.006545454545454588,-0.0036363636363636598,-0.000363636363636366,-0.005090909090909123,-0.0010909090909090979,-0.00545454545454549,-0.0010909090909090979,-0.000363636363636366
208,208,0.96,0.9603388235294117,0.9508579745671826,0.9944844492109698,2.57019361670644,1.4061613630798364,1.527678223594869,2.688550088770825,1.2967814732275706,0.08363636363636359,0.007636363636363608,0.014181818181818162,0.015999999999999993,0.006181818181818122,-2.2204460492503132e-17,0.0032727272727271937,0.0003636363636363549,-0.002909090909090928,-0.010181818181818191,0.0021818181818181403,-0.004727272727272758,-0.007636363636363686,-0.0018181818181818299,-0.0010909090909090979,-0.0043636363636363916,-0.001090909090909109,0.0007272727272727098,-0.004727272727272758,0.0007272727272726986,-0.0010909090909090979,-0.000727272727272732,-0.002909090909090928,-0.003272727272727294,-3.3306690738754695e-17,0.00363636363636356,0.00727272727272722,0.0007272727272727098
209,209,0.9745454545454545,0.9748384548922598,0.9685298898320389,0.9971103485642044,2.844441350152343,0.07561980303881398,1.0436653529357645,2.7101132121198925,2.0251761941611255,0.0905454545454545,0.009818181818181759,0.011272727272727222,0.003272727272727205,0.008727272727272672,0.0007272727272727098,-0.005090909090909123,-0.003636363636363671,-0.0021818181818181958,-0.0003636363636363993,0.013090909090909042,0.006545454545454477,0.0039999999999999255,0.0003636363636363549,0.0010909090909090534,-1.1102230246251566e-17,-0.001454545454545464,-1.1102230246251566e-17,-0.000727272727272732,0.0007272727272727098,0.0010909090909090647,-0.002909090909090928,-0.00036363636363638817,0.0003636363636363549,0.002909090909090839,-0.001454545454545464,0.002545454545454506,0.0010909090909090534
210,210,0.9818181818181818,0.982016635050343,0.9812675070028011,0.9977240896358543,3.2528067604806505,0.7528632377054205,1.291466371907028,2.773639898276879,0.8601751840192381,0.11345454545454543,0.01090909090909089,0.011636363636363622,0.01345454545454543,0.005454545454545467,0.0,0.000363636363636366,0.0,0.0,0.000363636363636366,0.001454545454545464,0.001454545454545464,-0.003272727272727294,0.0,0.0,0.0,0.0,0.0,0.0,0.0,0.0,0.0,0.0,0.0021818181818181958,0.0,0.000363636363636366,0.0,0.0010909090909090979
211,211,0.9818181818181818,0.9820115034013475,0.9814160055191445,0.9969817178337357,2.279333936515104,0.7404703258214946,1.5042147625212017,3.106490978752584,1.7304346130442816,0.09018181818181817,0.015636363636363615,0.0061818181818182215,0.0018181818181818299,0.00945454545454546,0.000363636363636366,0.000363636363636366,0.000727272727272732,0.0043636363636363916,0.0018181818181818299,0.004727272727272747,0.000727272727272732,0.003272727272727294,-0.000363636363636366,0.000363636363636366,0.000727272727272732,0.000727272727272732,0.0,0.0,0.0,0.0010909090909090979,0.0021818181818181958,0.002909090909090928,0.0,-0.0010909090909090979,0.0021818181818181958,0.002909090909090928,0.0010909090909090979
212,212,0.9818181818181818,0.9820274677801856,0.980946360845223,0.9966588405273614,3.395743101484203,-0.17373421456556856,1.0963686991260213,2.7606501217750283,1.9967019212742525,0.09236363636363636,0.013454545454545464,0.008363636363636373,0.009454545454545438,0.0069090909090909315,0.0010909090909090979,0.000363636363636366,0.006909090909090953,-0.0025454545454545617,0.0018181818181818299,0.007636363636363652,0.0018181818181818299,0.0,0.0,0.002909090909090928,0.000363636363636366,0.0,0.0021818181818181958,0.0,0.000363636363636366,0.0,0.003272727272727294,0.000727272727272732,0.0,0.000363636363636366,0.0036363636363636598,0.005090909090909102,0.004000000000000026
213,213,0.9672727272727273,0.9682007485243643,0.9714975845410627,0.996231884057971,3.0433096021662247,1.2053525300978492,1.165759628039032,3.0325148949845167,0.7920054754912962,0.076,0.007636363636363641,0.00618181818181821,-0.002181818181818185,0.000727272727272732,-0.0058181818181818005,-0.0036363636363636598,-0.0036363636363636485,-0.0040000000000000036,-0.0029090909090909167,0.0036363636363636377,0.004000000000000026,0.0010909090909090979,-0.0025454545454545617,0.000727272727272732,0.0010909090909090979,-0.00436363636363637,-0.003272727272727294,-0.004000000000000015,0.0,-0.001454545454545464,-0.0036363636363636598,-0.000363636363636366,0.0,-0.000363636363636366,-0.000727272727272732,-0.000363636363636366,0.000363636363636366
214,214,0.9781818181818182,0.9781818181818182,0.9700956937799043,0.9971726837755546,3.069968645870099,0.3487172423153105,0.8619818798545451,3.1658254453105052,1.4192792483675154,0.15818181818181815,0.008727272727272695,0.0040000000000000036,0.0040000000000000036,0.0036363636363636264,0.0021818181818181958,-0.000363636363636366,0.004727272727272714,-0.000363636363636366,0.00509090909090909,0.0018181818181818078,0.0032727272727272718,-0.002909090909090928,0.0,0.00727272727272722,0.0,0.0,0.0,0.0,0.0,0.0,-0.003272727272727294,-0.0021818181818181958,-0.000363636363636366,-0.0010909090909090979,-0.000727272727272732,0.0036363636363636598,0.000363636363636366
215,215,0.9745454545454545,0.9743350746533859,0.9567765567765568,0.9974358974358973,3.228636497988497,0.5066410946514933,1.282956159274026,2.2027042454052608,1.9098956248805667,0.11381818181818175,0.026545454545454504,0.013090909090909065,0.01890909090909082,0.012727272727272676,0.00618181818181811,0.006545454545454477,0.0036363636363636043,0.00545454545454539,0.00545454545454539,0.02436363636363631,0.011636363636363601,0.00363636363636356,0.003999999999999937,0.0032727272727272163,-0.00036363636363638817,0.0021818181818181294,0.003636363636363593,0.004363636363636292,0.0018181818181817744,0.0018181818181817744,-0.0003636363636363993,0.003636363636363571,-0.002545454545454573,0.00290909090909085,0.00363636363636356,0.009818181818181771,0.0014545454545454306
216,216,0.9890909090909091,0.9891305997373413,0.98590031045188,0.9986202138668506,3.388109728216087,0.7653036270698048,1.2209798178080236,1.9940014284667833,1.4257671231116882,0.0883636363636364,0.021454545454545504,0.012727272727272799,0.011272727272727346,0.011272727272727334,0.0036363636363636598,0.000727272727272732,0.003272727272727294,0.0040000000000000365,0.0007272727272727541,0.014545454545454594,0.003272727272727294,0.00036363636363637706,1.1102230246251566e-17,0.006909090909090953,-0.003999999999999915,-0.0032727272727271937,0.000727272727272732,-0.0025454545454544953,-0.0036363636363635488,0.003272727272727294,0.0010909090909090979,-0.0021818181818181294,-0.002909090909090839,0.000363636363636366,-0.0021818181818181294,-0.0018181818181817744,-0.003272727272727205
217,217,0.9745454545454545,0.9746544573282767,0.9586576798936777,0.9970571482817543,3.8959402180288127,0.30997528183827944,1.4076453108928384,2.7058563518623404,0.6030577922119927,0.07672727272727267,0.0007272727272726875,0.0036363636363635488,0.005090909090909012,-0.0043636363636363916,-0.003272727272727294,0.0,-0.0036363636363636598,-0.0036363636363636598,-0.004000000000000026,-0.0018181818181818299,-0.000727272727272732,-0.0018181818181818299,-0.002909090909090928,0.0,-0.0036363636363636598,-0.006545454545454588,-0.0021818181818181958,-0.000363636363636366,0.0,-0.0036363636363636598,-0.003272727272727294,-0.000727272727272732,0.0,-0.005818181818181856,-0.000363636363636366,0.0,0.0
218,218,0.9781818181818182,0.9781818181818182,0.964427388754743,0.9981890307002415,3.280617843184839,0.31348402288619354,1.605368065062508,2.6471008527804862,1.1869815606277083,0.09345454545454543,0.0036363636363636264,0.003272727272727294,0.0,0.0010909090909090979,0.0,-0.000363636363636366,-0.000363636363636366,0.0,0.000727272727272732,-0.0025454545454545617,-0.0036363636363636598,0.0,0.0,0.0,0.0,0.0,0.0,0.0,0.0,0.0,0.0,0.0,0.0,-0.000363636363636366,0.0,0.0036363636363636598,0.0
219,219,0.9818181818181818,0.9821321244650209,0.9887892376681615,0.9993101069334253,2.9967093799082014,-0.24998150803233604,1.5121180329196202,3.2999437040623905,1.0644984091146292,0.09781818181818182,0.0029090909090909167,0.002909090909090928,0.002909090909090928,-0.002909090909090928,-0.0010909090909090979,0.0,-0.0010909090909090979,-0.000727272727272732,-0.002909090909090928,-0.003272727272727294,0.000727272727272732,0.0,-0.0036363636363636598,0.0,0.0,-0.002909090909090928,0.0,0.0,-0.002909090909090928,0.0,0.0,0.0,-0.0010909090909090979,0.0,0.0,0.0,-0.000363636363636366
220,220,0.9854545454545455,0.9854545454545455,0.9786821705426356,0.9972093023255815,2.8881772468101983,0.7614869455846145,1.742622068194209,2.7333628417084284,0.7009266427465877,0.11854545454545455,0.024727272727272754,0.017454545454545455,0.01563636363636365,0.016727272727272736,0.0036363636363636598,0.002909090909090928,0.0036363636363636598,0.0,0.0025454545454545617,0.005818181818181845,0.004000000000000015,0.0,0.0,0.000363636363636366,0.0,0.0,0.0,0.0072727272727273196,0.0,0.000363636363636366,0.000363636363636366,0.003272727272727294,0.0,0.000727272727272732,0.0,0.0,0.0036363636363636598
221,221,0.9781818181818182,0.9785210961287517,0.9858490566037736,0.9994010182689428,3.21168465135786,0.5877166843639147,1.067778131158142,2.8275921650123803,1.3343102540477647,0.1356363636363636,-0.002181818181818207,0.002545454545454551,-0.0021818181818181958,-0.00036363636363637706,-0.002909090909090928,0.000363636363636366,-0.006909090909090953,-0.0061818181818182215,-0.001454545454545464,-0.004000000000000026,0.005090909090909079,0.0036363636363636598,-0.000363636363636366,0.000363636363636366,0.000727272727272732,-0.0061818181818182215,-0.003272727272727294,0.0,0.0,-0.002909090909090928,0.0036363636363636598,-0.003272727272727294,-0.0021818181818181958,0.0025454545454545617,0.002909090909090928,-0.000727272727272732,0.003272727272727294
222,222,0.9745454545454545,0.9741583433626563,0.9492654853854309,0.9984855368771771,2.3650450526890596,0.30286684250340073,1.0108030729012427,3.1324228247562362,2.020935355872545,0.10254545454545447,-0.0007272727272727541,0.005090909090909012,0.0032727272727271937,0.0010909090909090534,0.0007272727272726875,0.0043636363636362805,-0.0032727272727273047,-0.002909090909090928,-0.006181818181818233,-0.0007272727272727653,-0.0003636363636363993,0.006909090909090842,0.0,0.0007272727272727098,-0.000727272727272732,0.0010909090909090647,-0.008363636363636417,0.0,-0.000363636363636366,-0.000727272727272732,0.0,-0.00036363636363637706,0.0003636363636363438,0.0003636363636363438,0.0018181818181817633,0.0014545454545454085,-0.0043636363636363916
223,223,0.9709090909090909,0.9714144674387696,0.9642857142857143,0.9955726092089728,2.9894121552104904,0.599956332852984,1.4218583687878552,3.507434030767024,0.3391945692212384,0.08109090909090912,0.013090909090909108,0.013454545454545452,0.008363636363636417,2.2204460492503132e-17,0.0,0.0,0.000363636363636366,0.0,-0.0014545454545454195,0.01381818181818184,-0.0010909090909090534,0.002909090909090928,0.000363636363636366,0.0,0.0,-0.0036363636363635488,0.0,0.0,0.0,0.003272727272727294,0.0003636363636363993,0.0,-0.0007272727272727098,0.000363636363636366,0.0,0.00036363636363638817,0.0036363636363636598
224,224,0.9781818181818182,0.9780659340659341,0.9649122807017544,0.9980426272292301,2.4777231448990094,0.8677500174530536,1.5383371874079257,2.6796737005493445,1.3666811457488868,0.08872727272727268,0.018909090909090865,0.017090909090909056,0.01345454545454543,0.011636363636363611,0.000727272727272732,0.0,-0.000727272727272732,0.002181818181818185,-0.0010909090909090979,0.008727272727272695,0.004363636363636347,0.0,0.0,0.000363636363636366,-0.000363636363636366,-0.0036363636363636598,0.000363636363636366,0.0,0.0,-0.000363636363636366,0.0,0.000363636363636366,0.0,0.000727272727272732,-0.002909090909090928,0.000727272727272732,0.000363636363636366
225,225,0.9854545454545455,0.9854545454545455,0.9781503257587796,0.9981725726998252,2.5437703743248044,0.34382536610425557,1.174069620027652,2.921576509179813,1.7123187267105138,0.16218181818181823,0.017454545454545466,0.01563636363636365,0.010545454545454603,0.00545454545454549,0.000727272727272732,0.003272727272727294,0.000363636363636366,0.005090909090909123,0.0010909090909090979,0.0069090909090909315,0.0061818181818182215,0.000727272727272732,0.000363636363636366,-0.000727272727272732,-0.0036363636363636485,0.0,0.003272727272727294,-0.000363636363636366,0.000363636363636366,0.0,0.0,0.000363636363636366,0.0,0.0010909090909090979,0.009090909090909127,0.000363636363636366,0.0
226,226,0.9745454545454545,0.9744575506043396,0.9568181818181818,0.9953719008264463,2.7934127904278685,0.3003770476104701,1.3961186586492418,3.103839877969606,1.251255704888723,0.1127272727272727,0.009090909090909061,0.010545454545454502,0.008363636363636306,0.0072727272727272085,0.0003636363636363549,0.002545454545454484,0.0003636363636363549,0.0,0.002909090909090861,0.011272727272727222,0.0021818181818181294,0.0,0.0,0.0003636363636363549,0.0,0.0007272727272727098,0.0,0.0003636363636363549,0.0003636363636363549,0.0003636363636363549,0.0,0.0,0.0,0.0,0.003999999999999915,0.00290909090909085,0.0
227,227,0.9672727272727273,0.9677463040757722,0.9668471437539234,0.9930163214061518,3.016468798400874,1.056504600549236,1.7610863471068965,2.757297540815234,0.7025246319145222,0.11890909090909094,0.008363636363636361,-0.006181818181818166,-0.005454545454545434,0.00036363636363637706,0.0,0.0010909090909090979,0.0021818181818181958,0.0036363636363636598,0.0021818181818181958,0.005454545454545478,-0.0003636363636363549,-0.004727272727272724,0.000363636363636366,-0.0025454545454545617,0.0,0.0036363636363636598,0.0,0.002909090909090928,-0.0025454545454545617,0.0025454545454545617,-0.0021818181818181958,-0.0010909090909090979,-0.0072727272727272085,0.0,-0.001454545454545464,-0.00727272727272722,-0.0014545454545454527
228,228,0.9709090909090909,0.9710838618745596,0.9630021971123666,0.9977244193345888,2.6520484868013035,0.17706997350646628,0.7650636350028243,3.750079373695166,1.2569497716576044,0.13018181818181823,0.007272727272727308,0.00036363636363637706,0.001818181818181841,-0.0018181818181817633,-0.0014545454545454195,-0.0007272727272727098,0.00036363636363637706,-0.0036363636363635488,-0.0032727272727271937,0.002909090909090939,-0.0007272727272726986,0.0,-0.0010909090909090647,-0.0018181818181817744,0.0,-0.0036363636363635488,-0.0007272727272727098,-0.0007272727272727098,-0.0010909090909090647,-0.0003636363636363549,-0.0003636363636363549,-0.0007272727272727098,-0.0014545454545454195,-0.0018181818181817744,-0.0010909090909090647,-0.0032727272727271937,-0.0007272727272727098
229,229,0.9745454545454545,0.9743764077557181,0.9612410918381068,0.9977141320424903,2.3957861501423174,0.5171047593313931,1.0340378761738556,2.7325556086029437,1.901493969302943,0.1585454545454545,0.021818181818181747,0.011999999999999933,0.014545454545454495,0.01563636363636358,0.0036363636363635488,-0.0036363636363636598,0.013818181818181795,0.00618181818181811,-5.551115123125783e-17,0.0072727272727272085,0.0014545454545454306,0.0036363636363635488,-0.000363636363636366,0.004363636363636292,0.0,0.002909090909090839,0.0010909090909090534,0.0032727272727271937,0.0018181818181817744,0.0032727272727271937,0.0018181818181817744,0.0032727272727271937,0.0036363636363635488,-3.3306690738754695e-17,0.0003636363636363438,0.0010909090909090534,0.00363636363636356
230,230,0.9781818181818182,0.9781818181818182,0.9694534952606635,0.9950385071090048,3.5458324548000197,-0.4967523213811982,1.466625797623337,2.983466468743347,1.4856904783622962,0.1738181818181818,0.014909090909090882,0.008363636363636328,0.009454545454545415,0.0,0.000727272727272732,0.005454545454545434,0.000727272727272732,-0.000363636363636366,0.0032727272727272718,0.005818181818181789,0.006181818181818155,0.000363636363636366,0.0014545454545454527,0.009818181818181771,0.009090909090909038,0.0,0.007636363636363585,0.000727272727272732,0.0,0.0,0.00436363636363637,0.0,0.0025454545454545617,-0.0018181818181818299,0.007999999999999941,0.00727272727272722,0.0010909090909090979
231,231,0.9563636363636364,0.9560502526540263,0.923872967990615,0.9928774928774929,3.459831909470915,0.09968026872905568,1.641404178166513,2.822859249876667,0.8055957013467999,0.08945454545454551,0.0025454545454545842,0.004000000000000026,0.008363636363636417,0.005090909090909135,0.006909090909090953,0.0018181818181818299,0.0010909090909090979,-0.0007272727272726986,2.2204460492503132e-17,0.0072727272727273196,-0.006181818181818122,-0.0003636363636363549,-0.0018181818181817633,-0.0069090909090908535,-0.00290909090909085,0.001090909090909109,-0.0025454545454544953,-0.00290909090909085,0.00036363636363637706,0.001090909090909109,-0.00036363636363632155,-0.0007272727272726986,-0.0025454545454544953,0.004000000000000026,0.002181818181818207,-0.002181818181818118,-0.003636363636363571
232,232,0.9890909090909091,0.9891224808777789,0.987130381492263,0.9996169756396507,3.1166936691140275,-0.2421506999863689,1.219806856088357,3.1968580177687693,1.5077665930536173,0.14363636363636365,0.006909090909090953,0.006545454545454588,0.006545454545454588,0.001818181818181852,-0.0007272727272727098,0.0,0.000363636363636366,-0.0003636363636363438,-0.004363636363636303,0.000727272727272732,0.001818181818181841,-0.0032727272727271937,-0.002545454545454484,-0.002909090909090839,-0.0007272727272726986,-0.00036363636363633266,-0.0003636363636363549,0.0036363636363636598,0.0,0.0018181818181818299,-0.0003636363636363549,0.0,-0.002545454545454484,0.0036363636363636598,0.0,0.002545454545454573,-0.002909090909090839
233,233,0.9781818181818182,0.9783972719522593,0.9804625199362041,0.9981876178048428,3.3233266170054607,0.05773491945754096,0.9086737108676831,2.9620184773078604,1.3036258517796009,0.15854545454545452,0.009090909090909071,0.0069090909090908535,0.0076363636363635965,0.008363636363636318,-0.004727272727272758,0.001454545454545464,0.0040000000000000036,0.00509090909090909,-0.0018181818181818299,0.0036363636363636155,0.005454545454545434,0.000363636363636366,0.0,0.0036363636363636598,0.001454545454545464,-0.0021818181818181958,-0.002909090909090928,-0.004727272727272758,0.0,0.000363636363636366,0.0018181818181818299,0.0032727272727272718,0.0,0.000363636363636366,0.0018181818181818078,0.0021818181818181958,0.000363636363636366
234,234,0.96,0.9604253074829644,0.9458433942738875,0.9910313901345292,3.285496026252416,0.5506802686767593,1.278021055724578,2.2299420938653505,2.0799774223497742,0.07236363636363634,0.010545454545454514,0.017090909090909056,0.009090909090909038,0.011999999999999955,-0.005090909090909123,-0.005818181818181856,0.0021818181818181403,-0.00036363636363638817,0.008727272727272672,0.009090909090909038,0.005818181818181767,-0.000727272727272732,0.0036363636363635488,-0.0007272727272727431,0.0010909090909090647,0.005090909090909024,0.0032727272727271937,-3.3306690738754695e-17,0.0014545454545454195,0.0007272727272727098,-0.0010909090909091202,0.003999999999999948,0.00036363636363633266,0.003272727272727205,0.0010909090909090534,-0.0043636363636363916,0.0025454545454544953
235,235,0.9745454545454545,0.9744528430371127,0.9555073941866394,0.998470168281489,2.9785328470345402,0.5290430803153848,1.2166277400472056,2.7317813492397063,1.5486366408230574,0.14436363636363633,0.0010909090909090424,-0.00036363636363637706,-0.007636363636363686,-0.0010909090909090979,-0.008727272727272783,-0.005818181818181856,-0.006909090909090953,-0.0036363636363636598,-0.00036363636363638817,-0.0014545454545454972,-0.0007272727272727431,-0.0007272727272727431,-0.003272727272727294,-0.0036363636363636598,0.002909090909090839,-0.008727272727272783,-0.001090909090909109,0.002909090909090839,-0.000363636363636366,-0.000363636363636366,-0.001454545454545475,-0.0043636363636363916,-0.005090909090909123,-0.0072727272727273196,-0.006909090909090953,-0.005090909090909123,-3.3306690738754695e-17
236,236,0.9636363636363636,0.9636363636363636,0.9347351433453579,0.9952534649705714,2.815053086767819,0.9643808017947271,1.6270869721879546,2.82324308793685,1.0277079319489988,0.08145454545454545,0.0010909090909090868,0.002909090909090928,0.0,0.0018181818181817965,0.0,0.003272727272727294,-0.000363636363636366,0.0,-0.002909090909090939,0.005454545454545412,0.003999999999999992,-0.0036363636363636598,-0.000363636363636366,0.000727272727272732,0.0036363636363636598,0.0,0.0,-0.004000000000000015,0.003272727272727294,-0.000727272727272732,0.003272727272727294,0.0036363636363636598,-0.000363636363636366,-0.000363636363636366,0.0018181818181818299,0.0032727272727272826,0.003272727272727294
237,237,0.9636363636363636,0.9636363636363636,0.9446724609689361,0.996378561081603,3.12455896069356,-0.5003945656585699,1.7627625825947648,2.772857945601475,1.845550344816406,0.10654545454545454,0.0014545454545454417,0.011272727272727235,-0.00036363636363637706,-0.00690909090909092,-0.005090909090909102,-0.009818181818181804,-0.00545454545454549,-0.0043636363636363916,-0.0036363636363636598,-0.007636363636363641,-0.005454545454545478,-0.002909090909090928,-0.0043636363636363916,-0.004000000000000015,-0.004000000000000026,-0.003272727272727294,-0.004000000000000026,-0.001454545454545464,0.0,-0.0043636363636363916,-0.004727272727272758,-0.008000000000000018,-0.004000000000000026,-0.007636363636363675,-0.00945454545454546,-0.0018181818181818299,-0.009818181818181827
238,238,0.9818181818181818,0.9815972243773159,0.9577777777777778,0.9987555555555555,3.205943752909624,-0.5281603761416364,1.4744544121318217,3.070371958498735,1.5145408418112452,0.0938181818181818,0.009090909090909104,0.008000000000000018,0.003272727272727294,-0.0010909090909090979,-0.001454545454545464,-0.002909090909090928,0.000363636363636366,-0.003272727272727294,0.0,0.0021818181818181958,-0.0025454545454545617,-0.002909090909090928,-0.0010909090909090979,-0.002909090909090928,-0.0025454545454545617,0.0,-0.002909090909090928,-0.000363636363636366,-0.0010909090909090979,-0.002909090909090928,-0.0036363636363636598,-0.0018181818181818299,-0.000727272727272732,0.0,-0.0036363636363636598,-0.001454545454545464,-0.003272727272727294
239,239,0.9927272727272727,0.9926641006610628,0.9787234042553192,0.999906681597611,3.1654339320785017,0.3888857056096514,1.3368314303281772,2.807015686366449,1.051129813771597,0.11090909090909085,0.02109090909090906,0.01927272727272723,0.010181818181818136,0.01781818181818179,0.0003636363636363549,0.003636363636363571,0.010181818181818136,0.006545454545454477,0.004727272727272647,0.017090909090909046,0.011999999999999966,0.006181818181818122,0.0032727272727271937,0.0003636363636363549,0.005454545454545379,0.002909090909090839,0.003999999999999915,0.0003636363636363549,0.0,0.0,0.002909090909090839,0.0039999999999999255,0.0010909090909090647,0.0003636363636363549,0.003999999999999915,0.005090909090909012,0.0021818181818181294
240,240,0.9818181818181818,0.9819760407525302,0.9823643410852713,0.9965116279069768,3.1538167486729938,0.12858943301389922,0.8595355944819678,2.383748346698061,2.5382120879051175,0.0978181818181818,0.014909090909090905,0.010181818181818158,0.011999999999999978,0.007272727272727297,0.0025454545454545617,0.002909090909090928,0.0,0.0,0.0018181818181818299,0.008000000000000018,0.0058181818181818334,0.0018181818181818299,0.000363636363636366,0.0010909090909090979,0.0018181818181818299,-0.0018181818181818299,-0.000363636363636366,-0.0036363636363636598,0.001454545454545464,0.0018181818181818299,0.0025454545454545617,-0.0025454545454545617,-0.002909090909090928,0.0036363636363636598,0.0025454545454545617,0.000363636363636366,-0.000727272727272732
241,241,0.9636363636363636,0.9642301271003878,0.9649149685920024,0.9949440784433891,3.1880824854973007,0.6248795275450495,1.1371577675042412,2.4939811915421304,1.7159300394924313,0.1421818181818182,0.00836363636363634,0.0010909090909090868,0.0021818181818181737,0.0025454545454545174,-0.0043636363636363916,0.0025454545454545396,-0.001454545454545464,-0.0025454545454545617,-0.000363636363636366,0.005818181818181778,0.0014545454545454527,-0.0021818181818181958,0.000727272727272732,0.005090909090909079,0.0018181818181818299,-0.0025454545454545617,-0.003272727272727294,-0.002909090909090928,0.000363636363636366,-0.0036363636363636598,-0.000727272727272732,0.0010909090909090979,-0.001454545454545464,-0.0018181818181818299,0.000727272727272732,-0.002909090909090928,0.0021818181818181958
242,242,0.9781818181818182,0.9783128964059196,0.9737915881983679,0.9963119899560577,2.122269829269874,0.64807848449281,1.5957601429222414,2.917990352420983,2.2873558827953833,0.13636363636363635,0.009454545454545415,0.008727272727272695,0.008727272727272695,0.005090909090909079,-0.000363636363636366,0.0,0.000363636363636366,0.002909090909090928,0.0010909090909090979,0.004727272727272714,0.0,-0.0010909090909090979,-0.000363636363636366,0.000363636363636366,-0.000363636363636366,0.002181818181818185,0.0,-0.000727272727272732,0.000363636363636366,0.0,-0.000363636363636366,0.0,0.000363636363636366,0.0,0.000727272727272732,-0.001454545454545464,0.0
243,243,0.9781818181818182,0.9781818181818182,0.9663649706457925,0.9971461187214612,3.8171324775250604,-0.3802097755250098,1.3791327673194622,2.79955320457335,1.2511729962666276,0.12763636363636363,0.005818181818181822,-0.000363636363636366,-0.000363636363636366,0.000363636363636366,0.0,0.003272727272727294,0.000727272727272732,0.000727272727272732,0.0018181818181818299,-0.000727272727272732,0.0018181818181818299,-0.003272727272727294,0.0,-0.006545454545454588,0.0,0.0036363636363636598,0.0,0.000363636363636366,0.0,-0.000363636363636366,-0.000363636363636366,-0.000727272727272732,0.000363636363636366,0.0,-0.0036363636363636598,0.0,0.0025454545454545617
244,244,0.9745454545454545,0.974324452037367,0.9556004791853848,0.9962563641808925,2.4141781464947836,0.9791075544362363,1.345040079836949,2.7600740121091776,1.430462042300723,0.1047272727272727,0.018181818181818122,0.01636363636363628,0.010909090909090868,0.011999999999999955,-0.0010909090909091202,0.004727272727272647,0.0010909090909090647,0.0010909090909090647,0.0007272727272726875,0.008727272727272672,0.003999999999999948,0.013818181818181762,-0.002181818181818207,0.007999999999999941,0.00618181818181811,0.002181818181818118,0.013090909090909052,-1.1102230246251566e-17,0.0003636363636363438,0.009454545454545405,0.009454545454545405,0.009090909090909038,0.0003636363636363549,0.002909090909090839,0.01345454545454543,-0.002181818181818207,0.010909090909090868
245,245,0.9745454545454545,0.974294934930807,0.9522882567932625,0.9949944382647387,3.27240155313873,-0.9120798490556077,1.9142775594839476,2.728040942149824,2.204662519517441,0.10509090909090904,0.01236363636363631,0.011272727272727235,0.008727272727272672,0.006181818181818133,-0.001454545454545475,0.0021818181818181515,0.0018181818181817744,0.005090909090909035,-3.3306690738754695e-17,0.00727272727272722,0.008727272727272662,0.009090909090909038,0.003272727272727227,0.005818181818181755,-0.004727272727272758,0.0039999999999999255,0.0025454545454544953,0.0032727272727271937,0.0021818181818181403,-0.00545454545454549,0.005818181818181755,-0.001090909090909109,0.0025454545454544953,0.00618181818181811,0.009454545454545405,0.004363636363636292,0.011999999999999966
246,246,0.9818181818181818,0.9817484198308473,0.9661239495798319,0.9989495798319328,3.136273890815269,0.33471875505834314,1.2661056983599026,2.7278661498417076,1.6812734895608814,0.068,0.0036363636363636485,0.0072727272727273196,0.0061818181818182215,0.0,-0.001454545454545464,-0.000363636363636366,-0.003272727272727294,-0.003272727272727294,-0.000727272727272732,-0.000727272727272732,-0.000727272727272732,0.0,0.0,0.0,-0.000363636363636366,0.0,0.0,0.0,-0.000363636363636366,0.0,0.0,0.0,0.0,0.0,0.0,0.0,-0.000363636363636366
247,247,0.9818181818181818,0.9818721223679902,0.9763565891472868,0.9990697674418605,3.1680863934387657,0.041841846202599904,1.662298683105934,2.716779852264851,1.3926554679784438,0.09454545454545452,0.013818181818181808,0.011636363636363601,0.0061818181818182215,-0.0010909090909090979,0.000727272727272732,0.0036363636363636598,-0.0025454545454545617,-0.000363636363636366,-0.000727272727272732,0.0,-0.006545454545454588,0.0,-0.010545454545454514,-0.0036363636363636598,-0.004000000000000026,-0.002909090909090928,0.002909090909090928,-0.0021818181818181958,-0.0036363636363636598,-0.006909090909090953,-0.0061818181818182215,0.0,-0.0036363636363636598,0.0,-0.0043636363636363916,0.0,-0.0036363636363636598
248,248,0.9672727272727273,0.9671536553334305,0.9438211796702363,0.9956654767975522,3.28456170728081,0.8203192863578158,1.244106235478239,2.9580937209453166,0.6265260781162761,0.10072727272727275,0.015272727272727271,0.01709090909090909,0.01527272727272726,0.0069090909090909315,0.0018181818181818299,0.001454545454545464,0.00545454545454549,0.000363636363636366,-0.010181818181818136,0.005454545454545478,0.0036363636363636598,-0.000363636363636366,-0.000363636363636366,-0.000727272727272732,-0.000363636363636366,0.0,0.0,-0.0036363636363636377,-0.0010909090909090979,-0.000363636363636366,-0.000363636363636366,0.000363636363636366,0.0,0.000363636363636366,-0.000363636363636366,0.003272727272727294,0.0025454545454545617
249,249,0.9745454545454545,0.9749525237381309,0.9772727272727273,0.9955371900826446,3.2790607827200335,0.2911800221959313,1.5616935852626417,1.8097440043420403,2.4517613407273715,0.06981818181818175,0.011272727272727235,0.005818181818181755,0.005090909090909024,0.002545454545454506,-0.0010909090909090979,-0.003272727272727294,0.0032727272727272163,-0.002909090909090928,0.004363636363636303,0.0018181818181817854,0.0021818181818181403,0.0010909090909090758,0.0,0.006545454545454477,0.0007272727272727098,-0.001090909090909109,0.0010909090909090647,0.0003636363636363438,-1.1102230246251566e-17,-0.000363636363636366,0.00290909090909085,-2.2204460492503132e-17,-0.001090909090909109,-2.2204460492503132e-17,0.0003636363636363438,0.0025454545454544953,0.0018181818181817633
