,random_seed,accuracy,f1,balanced_acc,auc,feature_importance.C_CO2_vd_scaled,feature_importance.C_CO2_vd_fd1_scaled,feature_importance.C_CO2_vd_fd2_scaled,feature_importance.C_CO2_vd_fd3_scaled,feature_importance.C_mid_CO2_scaled,feature_importance.C_mid_CO2_fd1_scaled,feature_importance.C_mid_CO2_fd2_scaled,feature_importance.C_mid_CO2_fd3_scaled,feature_importance.C_top_CO2_scaled,feature_importance.C_top_CO2_fd1_scaled,feature_importance.C_top_CO2_fd2_scaled,feature_importance.C_top_CO2_fd3_scaled,feature_importance.C_mid_temperature_scaled,feature_importance.C_mid_temperature_fd1_scaled,feature_importance.C_mid_temperature_fd2_scaled,feature_importance.C_mid_temperature_fd3_scaled,feature_importance.C_mid_humidity_scaled,feature_importance.C_mid_humidity_fd1_scaled,feature_importance.C_mid_humidity_fd2_scaled,feature_importance.C_mid_humidity_fd3_scaled,feature_importance.C_top_temperature_scaled,feature_importance.C_top_temperature_fd1_scaled,feature_importance.C_top_temperature_fd2_scaled,feature_importance.C_top_temperature_fd3_scaled,feature_importance.C_top_humidity_scaled,feature_importance.C_top_humidity_fd1_scaled,feature_importance.C_top_humidity_fd2_scaled,feature_importance.C_top_humidity_fd3_scaled
0,0,0.9018961253091509,0.9030154849225754,0.9069321533923305,0.9808587348410357,-0.005276174773289344,-0.0023907666941466177,-8.244023083259222e-05,0.004286892003297682,-0.027205276174773307,0.01879637262984335,0.015333882934872145,0.006677658697444189,-0.02753503709810401,0.023330585325638697,0.013190436933223415,0.01211871393239905,0.0015663643858203624,0.017971970321516872,0.02300082440230855,0.02333058532563892,0.0018961253091508423,0.0069249793899422984,0.005276174773289344,0.002061005770816249,0.0007419620774938851,0.03157460840890347,0.030420445177246402,0.03091508656224229,0.001401483924154956,0.004039571310799683,0.007007419620775002,0.004781533388293457
1,1,0.9398186314921682,0.9371231696813093,0.9412924724134164,0.9737599694089369,0.0004946413849959974,0.00041220115416329417,0.0005770816158287007,-0.00024732069249777666,0.002555647155811913,-0.0017312448474855469,0.0004946413849957754,0.001401483924154956,0.0014839241549876592,-0.0044517724649628665,-0.0034624896949713158,-0.0005770816158284786,-8.244023083259222e-05,0.0027205276174773196,0.0026380873866446164,0.0013190436933222527,8.244023083259222e-05,0.003215169002473095,0.0032976092333059093,0.0029678483099752073,8.244023083259222e-05,0.0023083264633141365,0.0019785655399835456,0.001813685078318139,0.00016488046166540649,0.0037098103874689814,0.00453421269579557,0.003544929925803797
2,2,0.9348722176422094,0.932420872540633,0.9367761935977275,0.978963181470556,0.011624072547403164,0.004204451772464979,0.0037922506183017957,0.003132728771640725,-0.0002473206924979987,0.007172300082440297,0.007007419620774891,0.0058532563891179334,-0.0008244023083265883,0.004204451772464868,0.003957131079967202,0.006265457543281117,-0.00041220115416329417,-0.00016488046166529546,-0.00024732069249777666,-0.0005770816158283676,-0.0020610057708160268,0.006512778235779004,0.005276174773289344,0.0037098103874690924,-0.002473206924979432,0.006430338004946523,0.002802967848310023,0.002885408079142504,-0.00181368507831825,0.004863973619126161,0.004699093157460976,0.0037922506183015736
3,3,0.9422918384171476,0.9403747870528109,0.9445140937397575,0.9871217087293784,0.0014839241549876592,-0.0004122011541630721,-0.0007419620774937741,-0.0009068425391591806,-0.0003297609233305909,-0.0011541632316570682,-0.0011541632316571793,-0.0011541632316570682,-0.0003297609233305909,-0.0022258862324813222,-0.0022258862324815443,-0.001813685078318139,-0.0017312448474854358,-0.00041220115416329417,0.0008244023083264773,0.002473206924979321,-0.0008244023083266994,-0.001813685078318139,-0.0014839241549874371,-0.0016488046166527326,-0.00181368507831825,0.001071723000824476,0.002061005770816249,0.0023907666941468397,-0.0013190436933222527,-0.0012366034624895494,-0.0015663643858202514,-0.0005770816158284786
4,4,0.921681780708986,0.9208992506244796,0.925337321096908,0.9812629738883426,0.001401483924154956,-0.0009068425391590695,0.00395713107996698,0.007749381698268776,-0.005276174773289344,0.010222588623248097,0.0076669414674360725,-0.0014839241549876592,-0.011706512778235756,0.00849134377576255,0.007749381698268776,-0.0006595218466611819,0.0005770816158283676,0.013107996702390712,0.012118713932398939,0.015498763396537552,0.0015663643858203624,0.004286892003297349,0.0055234954657872315,0.00420445177246509,-0.0018961253091508423,0.014179719703215077,0.01821929101401476,0.01788953009068428,0.002061005770816249,0.008079142621599478,0.004946413849958642,0.004699093157460754
5,5,0.9373454245671888,0.934931506849315,0.9392043592264832,0.9726401179941002,-0.001401483924154956,-0.00016488046166540649,0.0004946413849958864,0.00016488046166529546,0.001731244847485769,0.008903544929925733,0.00906842539159114,0.008408903544929847,0.0006595218466611819,0.007254740313272889,0.008161582852432181,0.006842539159109595,0.0007419620774938851,0.00214344600164873,0.0023907666941468397,0.002143446001648952,-0.0026380873866446164,0.003215169002473095,0.0037922506183016846,0.003957131079967091,-8.244023083270324e-05,0.002802967848310023,0.002885408079142726,0.0015663643858203624,-0.0009892827699916618,0.0032976092333059093,0.0029678483099754294,0.0030502885408081326
6,6,0.9447650453421269,0.9426860564585116,0.9467155577406314,0.9874440074292583,-0.0003297609233305909,0.0006595218466610708,-0.0006595218466612929,0.0009892827699915507,0.00016488046166529546,-0.0007419620774938851,-8.244023083270324e-05,-0.0011541632316570682,-0.0018961253091510644,-0.001401483924155067,-0.00016488046166529546,-0.0018961253091510644,-0.00041220115416329417,0.0008244023083265883,0.0006595218466611819,-0.0002473206924978877,-8.244023083259222e-05,0.0013190436933222527,0.00041220115416318315,1.1102230246251565e-16,0.0002473206924979987,0.000741962077493663,-0.00041220115416329417,0.0003297609233304799,-0.0003297609233305909,-0.0005770816158287007,-0.0004946413849959974,8.244023083259222e-05
7,7,0.9282769991755977,0.9271966527196652,0.9316235114170217,0.9765117994100295,0.004616652926628162,-8.244023083270324e-05,0.0008244023083264773,0.0016488046166530657,0.002473206924979321,-0.003627370156636389,-0.005605935696620046,-0.0055234954657873425,0.0008244023083265883,-0.003544929925803686,-0.0037922506183015736,-0.0019785655399834345,-0.0009892827699917728,-0.0023083264633141365,-0.0022258862324813222,-0.002061005770816138,-0.00041220115416318315,-0.003544929925803686,-0.0034624896949712047,-0.004616652926628162,-0.0012366034624898825,0.0011541632316569572,0.0005770816158285896,0.00041220115416318315,-0.0004946413849958864,-0.0034624896949709827,-0.0030502885408077995,-0.003874690849134277
8,8,0.9183841714756801,0.9165964616680707,0.9212307440183547,0.9646973669835025,0.007502061005770777,0.0012366034624895494,0.001071723000824365,0.0012366034624896605,-0.0006595218466612929,0.0018961253091508423,0.000741962077493663,-0.0014839241549876592,-0.0016488046166530657,0.0006595218466612929,0.0003297609233303689,0.0005770816158285896,-0.001071723000824476,0.0006595218466609598,0.0002473206924978877,0.001401483924154845,0.001071723000824365,-0.0037922506183016846,-0.0037098103874689814,-0.0029678483099752073,-0.0004946413849956643,0.002802967848309912,0.0016488046166529546,0.0023083264633140255,0.0015663643858200293,-0.0034624896949712047,-0.0027205276174774307,-0.002802967848310023
9,9,0.9406430338004946,0.9382504288164666,0.9424041297935103,0.9816125860373648,0.0006595218466611819,0.0004946413849958864,-0.00016488046166529546,8.244023083259222e-05,-0.003874690849134277,8.244023083259222e-05,-8.244023083270324e-05,-1.1102230246251565e-16,0.001071723000824476,-0.0006595218466611819,-0.0017312448474856579,-0.0013190436933224747,-0.0022258862324815443,0.0014839241549878812,-0.0013190436933222527,0.001071723000824476,0.0030502885408079106,0.0030502885408079106,0.003544929925803797,0.003874690849134388,-0.0023083264633142475,0.0018961253091508423,0.0019785655399835456,0.0029678483099754294,0.003215169002473095,0.0023083264633141365,0.0019785655399835456,0.002473206924979321
10,10,0.9291014014839242,0.9279731993299832,0.9323951163552934,0.9784223751775374,-0.0009892827699917728,-0.0014839241549875481,-0.0013190436933223637,-0.0007419620774938851,-0.0009892827699917728,-0.0008244023083265883,-0.002143446001648841,-0.003874690849134166,-0.0016488046166528436,-0.0033800494641385015,-0.00181368507831825,-0.0015663643858203624,-0.0009892827699916618,0.0014839241549877702,0.001731244847485769,0.0017312448474856579,-0.0022258862324813222,-0.002802967848310023,-0.0033800494641382794,-0.002473206924979321,-0.001401483924154845,0.0014839241549877702,0.0019785655399834345,0.0012366034624896605,-0.0022258862324813222,-0.0034624896949712047,-0.002802967848309912,-0.002143446001648619
11,11,0.9365210222588624,0.9349112426035503,0.939226209985797,0.9790096143340982,0.00032976092333070195,-8.244023083270324e-05,-0.0004946413849959974,-0.0003297609233305909,0.0009068425391592916,0.005276174773289566,0.004946413849958864,0.005276174773289566,-0.0004946413849959974,0.004369332234130274,0.003874690849134499,0.0034624896949710937,-0.00016488046166529546,0.006265457543281228,0.007502061005770666,0.004863973619126161,0.0002473206924979987,-8.244023083259222e-05,-8.244023083259222e-05,0.0004946413849958864,0.00016488046166529546,0.0069249793899425205,0.0055234954657872315,0.004534212695795459,0.0004946413849958864,-0.0004122011541630721,8.244023083281427e-05,0.00016488046166529546
12,12,0.9266281945589447,0.9238665526090676,0.9284933901453076,0.9769419862340216,0.01154163231657035,0.003874690849134388,0.003627370156636278,0.004863973619126161,-0.003544929925803908,0.004369332234130274,0.0018961253091509533,-0.0009068425391589585,-0.003215169002473317,0.003544929925803797,0.002473206924979321,0.004039571310799683,0.0026380873866447274,0.0006595218466610708,0.0011541632316571793,0.0023907666941466177,0.0026380873866447274,0.003544929925803686,0.002555647155812024,0.002885408079142504,0.0013190436933221417,0.0044517724649629775,0.003215169002473317,0.0037098103874688704,0.0012366034624896605,0.0026380873866447274,0.0044517724649629775,0.0034624896949710937
13,13,0.9406430338004946,0.9380378657487092,0.9421774281656288,0.9853367748279253,-0.0009068425391591806,0.0004946413849958864,0.0004946413849958864,0.0013190436933224747,-1.1102230246251565e-16,0.0013190436933222527,0.002473206924979321,0.0012366034624897715,-0.0002473206924978877,0.0034624896949710937,0.003215169002473206,0.005688375927452416,0.0008244023083265883,0.003544929925803797,0.0044517724649629775,0.002802967848309801,-8.244023083270324e-05,0.0044517724649629775,0.002802967848309801,0.0015663643858203624,8.244023083259222e-05,0.006512778235779115,0.005853256389117822,0.004286892003297571,-0.00016488046166529546,0.0036273701566365,0.0013190436933222527,8.244023083281427e-05
14,14,0.9381698268755152,0.9364944961896697,0.9407694198623402,0.9809078990494918,0.0008244023083264773,0.00024732069249777666,8.244023083270324e-05,-8.244023083259222e-05,-0.0002473206924979987,-0.0007419620774937741,-0.0009068425391590695,-0.0003297609233304799,-0.0006595218466611819,-0.0014839241549876592,-0.0008244023083265883,-0.0013190436933223637,-0.0004946413849956643,-0.00016488046166529546,0.0,-8.24402308324812e-05,-0.00041220115416318315,0.0011541632316570682,0.0011541632316570682,0.0004946413849957754,-0.0006595218466611819,0.0008244023083263663,0.0013190436933222527,0.0014839241549875481,8.244023083259222e-05,0.0017312448474854358,0.0012366034624895494,-0.0006595218466610708
15,15,0.9332234130255564,0.9314140558848434,0.9357997377908882,0.9716185949961762,-0.002885408079142615,-8.244023083270324e-05,-0.00041220115416318315,0.00016488046166518444,-8.244023083270324e-05,0.003874690849134388,0.004039571310799794,0.003132728771640614,-0.0017312448474855469,0.0008244023083264773,0.0026380873866447274,0.0029678483099753183,0.0012366034624896605,0.00041220115416329417,0.0005770816158284786,0.0008244023083264773,-0.0009892827699917728,0.004781533388293346,0.004039571310799572,0.0055234954657873425,0.0029678483099753183,0.0011541632316570682,0.0003297609233305909,0.0004946413849958864,-0.0007419620774938851,0.004699093157460754,0.004122011541632276,0.002802967848309912
16,16,0.9464138499587799,0.9444918872758327,0.9484854692450562,0.9698404894570086,0.00016488046166518444,0.0011541632316569572,0.0006595218466610708,0.0008244023083264773,-0.0007419620774937741,0.0033800494641386125,0.002061005770816249,0.002473206924979321,-0.0011541632316570682,0.005441055234954639,0.0037922506183016846,0.002802967848309912,-0.0005770816158284786,0.001071723000824476,0.001401483924155067,0.001071723000824476,-2.220446049250313e-16,0.0004946413849958864,0.0037922506183016846,0.004699093157460976,-0.00024732069249766564,0.002061005770816138,0.0022258862324814332,0.004039571310799794,8.24402308324812e-05,0.0018961253091507313,0.002473206924979321,0.00181368507831825
17,17,0.9340478153338829,0.9325463743676222,0.9369113951709822,0.9672894133071125,-0.001071723000824254,-0.0004122011541634052,8.244023083259222e-05,0.0011541632316570682,0.00016488046166518444,0.0011541632316568462,0.0,0.0012366034624897715,-0.0014839241549876592,0.0005770816158284786,0.0018136850783183611,0.00247320692497921,-0.00181368507831825,0.0023083264633140255,0.0055234954657873425,0.004699093157460865,-0.0012366034624896605,0.0002473206924978877,0.0008244023083263663,0.0,-0.0023907666941468397,0.004946413849958753,0.00577081615828523,0.009233305853256435,-0.0009892827699915507,0.0005770816158284786,0.0006595218466611819,-0.0004946413849958864
18,18,0.9406430338004946,0.9388794567062818,0.9430842346771551,0.9815852725882224,-0.00016488046166529546,0.00041220115416329417,-0.0009892827699916618,-0.0004946413849959974,0.0004946413849958864,0.0008244023083263663,-1.1102230246251565e-16,8.244023083259222e-05,-8.244023083259222e-05,-0.002061005770816249,-0.0011541632316570682,0.0009068425391590695,0.0007419620774938851,0.0008244023083263663,-0.0004946413849959974,-0.0015663643858202514,0.0007419620774938851,0.0002473206924979987,0.0009892827699917728,0.0009892827699917728,0.0008244023083265883,-0.0003297609233305909,0.00024732069249777666,-0.0004946413849959974,0.0011541632316570682,0.0012366034624897715,-0.0006595218466611819,-0.0006595218466611819
19,19,0.9422918384171476,0.9395509499136442,0.9436072872282312,0.9769474489238501,0.0019785655399836566,0.0005770816158285896,0.00016488046166518444,0.0008244023083264773,0.0004946413849958864,-0.00453421269579557,-0.0030502885408077995,-0.0013190436933223637,0.0002473206924978877,-0.0032976092333057982,-0.002061005770816138,-0.0009068425391591806,0.0009068425391590695,0.0019785655399836566,0.00041220115416318315,0.001071723000824254,0.002802967848309912,-0.0003297609233303689,-0.0008244023083264773,-0.0002473206924978877,0.0009892827699917728,0.002802967848310023,0.0026380873866447274,0.002061005770816249,0.002473206924979321,0.0003297609233304799,-0.0008244023083264773,-8.244023083270324e-05
20,20,0.9266281945589447,0.9224062772449869,0.9272465311919589,0.9665410248006119,0.00032976092333070195,0.0012366034624896605,0.0013190436933223637,0.001401483924154956,0.0016488046166528436,0.01211871393239905,0.012036273701566458,0.008326463314097143,0.0009068425391590695,0.01063478977741139,0.010057708161582801,0.00511129431162427,0.0018961253091507313,0.004534212695795459,0.004946413849958864,0.004781533388293346,0.002555647155812024,0.004369332234130052,0.005605935696619935,0.004122011541632387,0.0009068425391589585,0.006760098928277003,0.0065952184666118185,0.005358615004122047,0.0030502885408079106,0.004369332234130052,0.004699093157460865,0.0037098103874689814
21,21,0.9389942291838417,0.9372881355932203,0.9415410248006117,0.9869987982082377,0.0032976092333059093,0.0004946413849959974,0.00024732069249810973,0.002555647155811913,0.0011541632316570682,0.0005770816158284786,0.0003297609233305909,0.0015663643858202514,-0.00041220115416318315,0.0018961253091508423,0.0022258862324814332,0.003627370156636278,-0.001071723000824476,0.0016488046166528436,0.002885408079142615,0.002885408079142615,-0.0004946413849958864,-0.0006595218466611819,-0.0002473206924979987,-0.0017312448474855469,-0.001071723000824476,0.00247320692497921,0.002555647155811913,0.00247320692497921,-0.0003297609233304799,-0.001071723000824476,-0.0005770816158284786,-0.001071723000824476
22,22,0.9398186314921682,0.9373390557939915,0.9415191740412979,0.9861083797661969,-0.0030502885408079106,-0.0009068425391590695,-8.244023083259222e-05,-0.0009892827699917728,0.0003297609233305909,-0.0041220115416321645,-0.0006595218466611819,0.0013190436933222527,0.001071723000824587,-0.008326463314097365,-0.004946413849958864,0.0003297609233305909,-0.0015663643858203624,-0.0022258862324815443,-0.0023907666941467287,-0.0012366034624897715,-0.004039571310799683,-0.0002473206924979987,-0.001813685078318139,-0.0027205276174775417,-0.0019785655399835456,8.244023083237018e-05,0.00016488046166540649,0.0017312448474855469,-0.0017312448474855469,-0.002061005770816249,-0.0019785655399835456,-0.0015663643858203624
23,23,0.9340478153338829,0.9324324324324325,0.9367980443570414,0.9826040642412324,0.0018961253091508423,0.0018961253091508423,0.0012366034624895494,0.0034624896949712047,-0.0009892827699915507,-0.00041220115416318315,-0.0034624896949710937,-0.001071723000824254,-0.001071723000824254,-0.00024732069249777666,-0.0019785655399835456,-0.002555647155812135,-0.002473206924979543,-0.0005770816158285896,0.0004946413849959974,-0.00024732069249777666,-0.002802967848310023,-0.0022258862324814332,-0.0030502885408079106,-0.0032976092333059093,-0.0022258862324814332,0.0018961253091508423,0.002473206924979432,0.0027205276174774307,-0.0023083264633141365,-0.003215169002473095,-0.004699093157460865,-0.0037922506183019067
24,24,0.8854080791426217,0.8883534136546185,0.8913867038129575,0.9741915219053862,-0.02217642209398185,0.004369332234130274,0.0058532563891180445,0.005688375927452638,-0.0018961253091508423,0.010387469084913503,0.010387469084913503,0.006265457543281228,-0.03487221764220938,0.00849134377576255,0.008903544929925844,0.01302555647155823,0.0034624896949712047,0.02844187963726308,0.03281121187139335,0.03190436933223417,0.0012366034624898825,0.0027205276174774307,0.004286892003297571,0.003132728771640614,-0.0015663643858202514,0.028936521022258965,0.030420445177246624,0.03149216817807099,-0.00016488046166518444,8.244023083270324e-05,0.0019785655399836566,0.001401483924155067
25,25,0.9480626545754328,0.9457364341085271,0.9495752758658363,0.9889926799956298,0.002143446001648841,0.0019785655399834345,0.0026380873866446164,0.004534212695795681,0.0006595218466612929,0.0008244023083266994,0.003627370156636389,0.0037922506183015736,0.0015663643858202514,0.003544929925803686,0.0013190436933223637,0.0009892827699918838,-0.001071723000824254,0.0013190436933223637,0.002555647155811913,0.001813685078318139,0.001401483924155067,0.0023083264633140255,0.00181368507831825,0.0007419620774937741,-0.002143446001648841,0.002802967848310134,0.002555647155812024,0.0037922506183017957,0.001071723000824476,0.0014839241549877702,0.0004946413849958864,0.0016488046166530657
26,26,0.9274525968672712,0.9250425894378195,0.9296050475254015,0.977387195455042,-0.0015663643858204734,1.1102230246251565e-16,-0.0007419620774937741,-0.0009068425391591806,0.00032976092333070195,-0.0012366034624896605,-0.0022258862324815443,-0.0017312448474856579,-0.0011541632316570682,-0.0015663643858204734,-0.002802967848310134,-0.0013190436933223637,-8.244023083270324e-05,0.0002473206924979987,0.0006595218466612929,0.0004946413849958864,0.00016488046166529546,-0.0011541632316570682,-0.0013190436933223637,-0.0011541632316571793,0.0004946413849961084,0.0009068425391590695,0.0011541632316569572,0.001401483924154845,0.0,-0.0004946413849958864,-0.0007419620774939961,8.24402308324812e-05
27,27,0.9398186314921682,0.9380831212892281,0.9423126297388834,0.9744455369824101,-0.00041220115416318315,0.0009068425391590695,-0.00016488046166529546,0.0005770816158287007,0.0004122011541635162,-0.0008244023083263663,-0.0011541632316570682,-0.0017312448474856579,0.0002473206924979987,-0.001813685078318139,-0.0009892827699918838,-0.0014839241549876592,-0.0017312448474856579,-0.00024732069249777666,-0.0013190436933224747,-0.0015663643858203624,-0.0008244023083265883,-0.0018136850783183611,-0.0006595218466611819,-0.0005770816158284786,-0.0009068425391590695,-0.00024732069249777666,-8.244023083259222e-05,-0.0009892827699917728,-0.0009068425391590695,-0.0009068425391590695,-0.0009068425391590695,-0.0009892827699917728
28,28,0.9431162407254741,0.9411764705882353,0.945285698678029,0.968141592920354,-0.00016488046166518444,0.00016488046166518444,0.0003297609233305909,0.0006595218466610708,0.0011541632316569572,0.00041220115416318315,-0.0005770816158285896,-0.001813685078318139,-0.0006595218466612929,-0.0009068425391591806,-0.001813685078318139,-0.001401483924154845,-0.00041220115416318315,0.0012366034624896605,-8.244023083270324e-05,0.00016488046166518444,0.0005770816158283676,0.0034624896949712047,0.0030502885408079106,0.002885408079142615,-0.0009068425391589585,0.0016488046166529546,0.0011541632316569572,0.001071723000824365,0.0003297609233305909,0.0018961253091509533,0.0008244023083262553,0.0016488046166529546
29,29,0.9332234130255564,0.9299913569576491,0.9344395280235989,0.9716431771004043,0.01764220939818628,0.0018961253091508423,0.0013190436933222527,0.0019785655399836566,-0.0012366034624898825,0.0037098103874690924,0.0015663643858202514,0.0002473206924978877,-0.002802967848310023,0.0014839241549877702,-0.0009892827699917728,0.00181368507831825,-0.001071723000824254,0.0032976092333057982,0.004122011541632276,0.004122011541632276,-0.0029678483099752073,0.007996702390766663,0.003544929925803686,0.00453421269579557,-0.00016488046166529546,0.005193734542456752,0.0044517724649629775,0.004286892003297682,-0.0032976092333057982,0.006018136850783229,0.0055234954657871205,0.002555647155812024
30,30,0.9447650453421269,0.941991341991342,0.9459221020430459,0.9836365126188136,0.00016488046166529546,-0.0009068425391591806,-8.244023083270324e-05,0.00041220115416329417,-0.0007419620774938851,-0.0022258862324814332,-0.0034624896949710937,-0.004699093157460976,-0.001071723000824587,-0.0023083264633142475,-0.003544929925803797,-0.003132728771640503,-1.1102230246251565e-16,-0.001401483924154956,-0.0004946413849959974,-0.0014839241549876592,-0.001813685078318139,0.0027205276174773196,0.004616652926628162,0.0032976092333057982,8.244023083259222e-05,-8.244023083259222e-05,-0.0012366034624897715,0.0002473206924979987,-0.001813685078318139,0.0008244023083265883,0.0003297609233304799,0.001071723000824476
31,31,0.843363561417972,0.8536209553158706,0.8521482027750464,0.9720351250955971,-0.007172300082440186,0.0003297609233305909,0.0009892827699918838,0.0007419620774937741,-0.032893652102225834,0.0139323990107173,0.007254740313273,0.005605935696620046,-0.07221764220939819,0.009315746084089138,0.011788953009068459,0.010057708161582912,-0.002802967848309912,0.016900247320692507,0.01764220939818628,0.017394888705688283,0.004781533388293457,0.005688375927452527,0.005193734542456863,0.0027205276174773196,-0.0008244023083263663,0.01904369332234135,0.018054410552349576,0.01813685078318228,0.00016488046166540649,0.004369332234130163,0.005276174773289455,0.0037922506183017957
32,32,0.9480626545754328,0.9455488331892826,0.9493485742379548,0.9838440948322956,0.0018961253091508423,0.0,0.0003297609233305909,0.0,0.001401483924155067,0.0015663643858202514,0.0018961253091508423,0.0004946413849958864,0.0006595218466610708,0.0027205276174774307,0.0023083264633142475,0.001813685078318139,-0.0008244023083264773,0.001071723000824476,-0.00041220115416318315,0.001813685078318139,-0.00181368507831825,0.0022258862324815443,0.0012366034624896605,0.00041220115416329417,0.00024732069249810973,0.0012366034624898825,0.0009068425391591806,0.00024732069249810973,-0.0018961253091509533,0.0011541632316571793,0.001071723000824476,0.00016488046166540649
33,33,0.9373454245671888,0.9358108108108109,0.9401111657380095,0.9883166721293564,8.244023083259222e-05,0.0004946413849958864,0.0009068425391592916,0.0008244023083263663,0.001401483924154956,-0.0011541632316570682,-0.002225886232481211,-0.00247320692497921,0.0008244023083263663,-0.0011541632316570682,-0.0026380873866446164,-0.001813685078318139,0.0003297609233304799,-0.0013190436933222527,-0.0020610057708160268,-0.0022258862324813222,0.0011541632316571793,0.001731244847485769,0.00032976092333070195,-0.00016488046166540649,0.0007419620774938851,-0.0005770816158284786,-0.00041220115416329417,-0.0006595218466611819,0.0012366034624897715,0.0014839241549876592,0.0004946413849958864,-0.0009892827699916618
34,34,0.8870568837592745,0.8894269572235673,0.8927032120616192,0.9759286572708402,-0.020197856553998417,-0.00544105523495475,-0.0014839241549876592,0.0009068425391590695,-0.03429513602638079,0.016488046166529213,0.014839241549876259,0.007089859851607594,-0.03511953833470727,0.0278647980214346,0.015910964550700624,0.01005770816158269,-0.01302555647155823,0.01706512778235758,0.014014839241549781,0.013767518549051783,0.0009892827699917728,0.010964550700742093,0.0076669414674360725,0.0034624896949710937,-0.012448474855729641,0.023495465787304215,0.02489694971145906,0.021929101401483853,0.0023907666941467287,0.008326463314097365,0.007584501236603369,0.0055234954657872315
35,35,0.9117889530090684,0.9067131647776809,0.9123374849776029,0.9659592483338797,0.0015663643858201404,-0.0023907666941467287,-0.0018136850783183611,-0.0029678483099753183,-0.006265457543281117,-0.006842539159109706,-0.012283594394064234,-0.012943116240725638,-0.002143446001648841,-0.011376751854905276,-0.011624072547403053,-0.012448474855729752,0.0008244023083263663,0.0034624896949709827,0.002802967848309912,0.0034624896949710937,-0.0003297609233305909,-0.001813685078318139,-0.0005770816158284786,-0.0005770816158285896,0.0014839241549876592,0.0031327287716403918,0.0037922506183016846,0.002802967848309912,0.0009068425391590695,-0.0006595218466611819,-0.0018961253091509533,-0.0009892827699918838
36,36,0.9266281945589447,0.9252728799328296,0.9297402490986562,0.9666530099420954,0.012613355317395047,0.001401483924154956,0.0002473206924979987,0.00016488046166529546,-0.0026380873866447274,0.005935696619950526,0.007007419620775002,0.008079142621599367,-0.0023907666941469508,0.00906842539159114,0.005276174773289455,0.006760098928277003,-8.244023083259222e-05,0.001071723000824476,0.0011541632316571793,-0.0002473206924978877,-0.0005770816158285896,-0.001401483924155067,-0.0006595218466611819,-0.0002473206924978877,-0.0004946413849957754,0.0015663643858201404,0.0013190436933223637,0.001071723000824254,-0.0013190436933223637,0.0012366034624896605,-0.0006595218466612929,0.00032976092333070195
37,37,0.93239901071723,0.9284467713787086,0.9329878182016825,0.9770976728941331,-0.0055234954657873425,8.244023083270324e-05,0.0003297609233305909,0.0019785655399834345,0.0015663643858202514,0.012530915086562233,0.015663643858202847,0.00939818631492173,-0.0007419620774937741,0.008903544929925844,0.00997526793075032,0.009727947238252321,0.008408903544929958,0.0004946413849957754,-0.003215169002473317,-0.003215169002473317,0.012530915086562233,0.006100577081615932,0.010717230008244094,0.01244847485572953,0.006512778235779115,0.00016488046166540649,-0.0002473206924978877,-0.0015663643858203624,0.01360263808738671,0.009892827699917617,0.010469909315746095,0.011376751854905165
38,38,0.9258037922506183,0.9248747913188647,0.9293086966022069,0.9763192395935759,0.0012366034624896605,0.0015663643858203624,0.0009068425391590695,0.000741962077493663,8.24402308324812e-05,-0.0022258862324815443,-0.0023907666941467287,-0.001813685078318139,-0.0012366034624895494,-0.0017312448474856579,-0.0018961253091510644,-0.0012366034624897715,8.24402308324812e-05,0.0005770816158284786,0.0013190436933222527,0.0013190436933221417,-0.0007419620774938851,-0.002555647155812135,-0.001813685078318139,-0.001401483924154956,8.244023083259222e-05,0.0018961253091507313,0.0026380873866445054,0.002473206924979432,-0.0005770816158284786,-0.0014839241549876592,-0.0017312448474856579,-0.0011541632316570682
39,39,0.9315746084089035,0.9303106633081444,0.9347099311701081,0.9786340544083908,0.0032976092333057982,0.0014839241549876592,0.0032976092333057982,0.003627370156636389,0.0022258862324813222,-0.00041220115416329417,0.00041220115416318315,0.00016488046166518444,0.00041220115416318315,-0.0014839241549875481,0.0,0.0009068425391590695,-0.0007419620774937741,0.002061005770816138,0.0037098103874692034,0.0037098103874689814,0.00016488046166529546,0.00181368507831825,0.0016488046166528436,0.002061005770816138,-0.0008244023083264773,0.002885408079142615,0.0032976092333057982,0.0037922506183016846,0.0002473206924979987,0.001071723000824254,0.0013190436933221417,0.0015663643858202514
40,40,0.8103874690849134,0.8180379746835443,0.8170900251283733,0.9454509450453403,-0.008079142621599256,-1.1102230246251565e-16,0.003215169002473206,0.0027205276174773196,-0.05647155812036264,0.009563066776587026,0.010964550700741982,0.00906842539159125,-0.09076669414674354,0.00791426215993385,0.00849134377576266,0.012613355317394936,-0.00032976092333070195,0.003957131079967202,0.006183017312448524,0.006347897774113709,-0.0037922506183017957,-0.0003297609233304799,-0.0020610057708160268,-0.002061005770816249,-0.0011541632316570682,0.005935696619950637,0.0076669414674361835,0.01063478977741128,-0.0017312448474855469,0.00016488046166529546,0.0006595218466612929,-0.0016488046166530657
41,41,0.9299258037922506,0.9281487743026204,0.932599967223861,0.9800898612476784,0.0037922506183019067,0.0017312448474856579,0.0012366034624895494,0.0005770816158284786,-0.0019785655399834345,-0.0027205276174772086,-0.003957131079967091,-0.002555647155812024,-0.00486397361912605,-0.0007419620774937741,8.244023083270324e-05,0.0019785655399836566,-0.0015663643858201404,0.0013190436933223637,0.0013190436933223637,0.0026380873866446164,-0.003215169002473317,-0.003957131079967091,-0.005770816158285341,-0.006512778235779115,-0.0011541632316571793,0.0027205276174774307,0.003215169002473206,0.002143446001648841,-0.0044517724649627555,-0.0030502885408076885,-0.003215169002473317,-0.0032976092333057982
42,42,0.9356966199505359,0.9333333333333333,0.9376611493499399,0.9749289850322298,0.0004946413849959974,0.0003297609233305909,-8.244023083259222e-05,-0.0005770816158284786,-0.0004946413849957754,-0.001071723000824365,-0.0018961253091507313,-0.000741962077493663,-0.00041220115416318315,-0.0011541632316570682,-0.0009892827699917728,-0.0014839241549876592,-0.0008244023083263663,0.0006595218466611819,1.1102230246251565e-16,0.0006595218466611819,-0.0015663643858203624,0.00041220115416329417,-0.0012366034624897715,-0.0007419620774938851,-0.0017312448474856579,0.002802967848310023,0.002473206924979321,0.002473206924979432,-0.0006595218466611819,-0.0005770816158284786,-0.0008244023083263663,-0.00041220115416318315
43,43,0.9406430338004946,0.9384615384615385,0.9426308314213918,0.9779498525073745,0.00016488046166529546,0.001401483924155178,0.0022258862324816553,0.00181368507831825,0.0009068425391592916,-0.0002473206924978877,0.0005770816158284786,0.0013190436933222527,-0.0015663643858202514,0.00041220115416329417,-0.0003297609233305909,0.0011541632316570682,-0.0003297609233305909,0.0009068425391590695,0.0009068425391590695,0.0016488046166528436,-0.0008244023083264773,0.0023083264633141365,0.0017312448474856579,0.001071723000824476,-0.0007419620774938851,0.0022258862324814332,0.0014839241549876592,0.0020610057708160268,-0.0006595218466611819,0.0018961253091508423,0.0032976092333059093,0.0023083264633139144
44,44,0.9530090684253916,0.9508196721311475,0.9544316071233476,0.9797689282202556,-0.0002473206924979987,0.0004946413849959974,-0.00024732069249777666,-8.244023083259222e-05,0.00041220115416329417,-0.0014839241549876592,-0.0017312448474855469,-0.0012366034624896605,-0.0018961253091509533,-0.0004946413849958864,-0.0012366034624896605,-0.00016488046166529546,-0.0006595218466611819,0.001813685078318139,0.0017312448474856579,0.0,-0.00032976092333070195,-0.001071723000824476,-0.0011541632316571793,-0.0009068425391590695,-0.0007419620774938851,0.002473206924979432,0.002802967848309912,0.002555647155811913,-0.0007419620774938851,-0.0014839241549876592,-0.0012366034624896605,-8.244023083259222e-05
45,45,0.9398186314921682,0.9366869037294016,0.9408390691576533,0.9778761061946903,0.001071723000824365,-0.001401483924154956,-0.0003297609233305909,-0.001401483924154956,-0.0008244023083265883,-0.009892827699917728,-0.005193734542456641,8.244023083259222e-05,-0.0037922506183016846,-0.011788953009068459,-0.006677658697444411,0.0015663643858203624,-0.00024732069249777666,-0.0003297609233305909,0.0002473206924979987,-0.00016488046166529546,0.00041220115416329417,0.00041220115416318315,-0.0023907666941467287,-0.0012366034624895494,-0.0023907666941467287,0.0037098103874689814,0.00024732069249777666,0.0004946413849957754,-0.0005770816158284786,-0.0011541632316570682,-0.0004946413849957754,0.0005770816158284786
46,46,0.8227535037098104,0.8367501898253606,0.832518026876434,0.9727985359991259,-0.017394888705688394,-0.014014839241549892,-0.007831821929101368,-0.03157460840890347,-0.08516075845012361,-0.003544929925803908,-0.01244847485572953,-0.006842539159109706,-0.0889530090684254,-0.010387469084913392,-0.0030502885408079106,-0.025061830173124355,-0.002555647155812024,-0.0018961253091509533,0.008738664468260438,0.00939818631492173,-0.022341302555647147,-0.02333058532563892,-0.0276174773289366,-0.020445177246496193,-0.00181368507831825,0.0023083264633141365,0.0076669414674361835,0.004286892003297682,-0.01607584501236603,-0.01426215993404778,-0.02126957955482278,-0.02431986809563058
47,47,0.9159109645507008,0.9147157190635451,0.9192559816453622,0.977525128373211,-0.004699093157460754,-0.0027205276174773196,-0.0018961253091507313,0.0004122011541630721,-0.014509480626545779,0.022506183017312442,0.015086562242374257,0.01450948062654589,-0.022506183017312442,0.011871393239901162,0.010964550700741982,0.008903544929925844,-0.00791426215993396,0.009233305853256435,0.01121187139323987,0.009975267930750209,-0.006512778235779115,0.0041220115416321645,0.0007419620774938851,-0.0009068425391590695,-0.01178895300906857,0.014509480626545668,0.015004122011541776,0.015993404781533438,-0.003215169002473095,-0.0004946413849958864,-1.1102230246251565e-16,-0.0019785655399834345
48,48,0.9249793899422918,0.9238493723849373,0.9283103900360538,0.9489948650715613,-1.1102230246251565e-16,0.001813685078318139,0.0020610057708160268,0.0033800494641383905,-0.002802967848310023,-0.0009892827699917728,-0.0009892827699917728,-0.0009892827699918838,-0.002473206924979432,8.244023083259222e-05,-0.0016488046166529546,-0.00041220115416329417,-0.001813685078318139,-0.0006595218466614039,-0.0011541632316570682,-0.001401483924154956,-0.0020610057708160268,-0.00453421269579557,-0.0023907666941467287,-0.0033800494641386125,-0.001813685078318139,0.0003297609233304799,0.0003297609233304799,0.0005770816158284786,-0.0015663643858201404,-0.0019785655399835456,-0.001401483924154956,0.0003297609233304799
49,49,0.9431162407254741,0.9405684754521964,0.9446055937943844,0.980039331366765,0.0022258862324815443,8.244023083270324e-05,0.00016488046166518444,0.0012366034624896605,0.0013190436933223637,0.0004946413849958864,0.001401483924155067,0.0027205276174774307,0.0013190436933223637,0.0015663643858202514,0.0007419620774937741,0.0017312448474855469,-0.0008244023083262553,8.244023083270324e-05,0.0009068425391591806,8.244023083270324e-05,0.0002473206924979987,-0.001401483924154845,-0.0014839241549875481,-0.0012366034624896605,-0.0009892827699916618,0.0019785655399834345,0.0016488046166529546,0.0013190436933223637,0.00032976092333070195,-0.0013190436933223637,-0.00041220115416318315,-0.0012366034624895494
50,50,0.8211046990931574,0.7778915046059366,0.8115918278160166,0.9033595542445101,-0.0018961253091509533,-0.00016488046166518444,0.001071723000824254,0.002555647155812024,0.0008244023083263663,0.020527617477328786,0.03091508656224229,0.029596042868920036,-0.0013190436933223637,0.02671063478977731,0.026793075020610124,0.026628194558944718,-0.005853256389117711,0.0004946413849958864,0.0006595218466610708,-0.0008244023083264773,0.00849134377576255,0.022506183017312442,0.02209398186314926,0.018878812860675942,-0.0058532563891179334,0.003874690849134388,0.001071723000824254,0.0006595218466611819,0.006347897774113709,0.021104699093157375,0.014262159934047891,0.01665292662819462
51,51,0.9167353668590272,0.916597853014038,0.9209343930951601,0.9720801922866821,-0.002885408079142504,0.006677658697444411,0.001401483924155178,0.0055234954657872315,0.0044517724649628665,0.02934872217642215,0.024402308326463396,0.016735366859027212,0.001813685078318139,0.021104699093157375,0.01821929101401476,0.012366034624897049,-0.002473206924979432,0.0017312448474855469,0.004286892003297682,0.005276174773289344,0.001813685078318139,0.006183017312448524,0.006347897774113709,0.0027205276174773196,-0.002885408079142726,0.0103050288540808,0.01096455070074187,0.008326463314097365,0.0009892827699918838,0.0026380873866446164,0.003132728771640503,0.0012366034624895494
52,52,0.9422918384171476,0.9396551724137931,0.9437206380421719,0.9798344804981972,8.244023083270324e-05,0.0009068425391590695,0.0003297609233304799,0.0005770816158285896,0.00016488046166518444,-0.0011541632316570682,-0.0002473206924978877,0.0,8.244023083270324e-05,0.0003297609233304799,-0.0008244023083262553,-8.244023083270324e-05,0.0005770816158285896,0.0002473206924978877,0.0003297609233304799,0.0004946413849958864,8.24402308324812e-05,0.0023907666941466177,0.003957131079967091,0.00758450123660348,0.002061005770816249,0.0013190436933223637,0.0002473206924978877,0.0009068425391590695,0.0003297609233304799,0.0030502885408079106,0.004534212695795459,0.0030502885408077995
53,53,0.93239901071723,0.9307432432432432,0.9351414836665575,0.9772588222440731,0.003132728771640503,0.0012366034624896605,0.0005770816158285896,0.0018961253091507313,0.0023907666941467287,0.005193734542456641,0.006018136850783229,0.0013190436933221417,-0.0015663643858202514,0.007007419620774891,0.006265457543281117,0.00181368507831825,0.002885408079142615,0.0012366034624895494,0.0023083264633140255,0.0022258862324813222,0.003215169002473095,0.003627370156636389,0.002802967848309912,0.002885408079142615,0.0016488046166530657,0.003215169002473317,0.002061005770816138,0.001401483924154845,0.003874690849134388,0.003215169002473095,0.004616652926628162,0.004534212695795459
54,54,0.9439406430338005,0.9411764705882353,0.9451504971047744,0.9727439091008412,0.0006595218466612929,-0.0003297609233303689,0.00041220115416329417,0.00016488046166518444,8.244023083270324e-05,0.005358615004122158,0.007419620774938296,0.004286892003297682,0.0009068425391591806,0.0009892827699918838,0.0032976092333060203,0.0008244023083264773,-0.0008244023083264773,0.00181368507831825,0.0018961253091508423,0.001401483924154845,0.001071723000824476,0.0030502885408080216,0.0044517724649629775,0.0022258862324815443,-0.0017312448474855469,0.001401483924155067,0.0018961253091509533,0.0015663643858202514,0.0007419620774937741,0.002555647155812024,0.0027205276174774307,0.0005770816158285896
55,55,0.8920032976092334,0.893061224489796,0.8968794384354857,0.9780509122692013,-0.024319868095630692,0.0018961253091509533,0.004616652926628273,0.0058532563891179334,-0.029018961253091446,0.026545754328112348,0.019785655399835123,0.021764220939818557,-0.03272877164056065,0.016900247320692507,0.01574608408903555,0.008573784006595364,0.0008244023083264773,0.01912613355317405,0.017147568013190617,0.022588623248145256,0.0008244023083264773,0.006842539159109595,0.0033800494641385015,0.002061005770816138,0.005770816158285452,0.013107996702390823,0.020692497938994303,0.01970321516900242,-0.0012366034624897715,0.003874690849134499,0.004534212695795681,0.0023907666941467287
56,56,0.9299258037922506,0.9280270956816258,0.9324866164099203,0.9728422375177537,0.001401483924155067,0.0011541632316570682,-0.00024732069249777666,0.0005770816158284786,-0.001813685078318028,8.244023083270324e-05,0.0011541632316570682,-0.0009068425391590695,-0.003132728771640614,0.0002473206924978877,0.0007419620774937741,0.0019785655399835456,-0.0005770816158285896,0.0012366034624897715,0.0017312448474856579,0.001071723000824365,-0.0018961253091509533,-0.0016488046166528436,-0.0006595218466611819,-0.00214344600164873,0.0006595218466611819,0.0032976092333060203,0.002885408079142615,0.0037922506183019067,-0.0019785655399834345,-0.00041220115416318315,-0.0026380873866447274,-0.002061005770816138
57,57,0.9389942291838417,0.9362068965517242,0.940407516661204,0.9861602753195673,0.0009068425391590695,0.0009068425391591806,0.0006595218466611819,-1.1102230246251565e-16,-0.0013190436933222527,-0.005028854080791567,-0.0037098103874689814,-0.00032976092333070195,-0.0016488046166528436,-0.00453421269579557,-0.00453421269579557,-0.002555647155812135,-0.00041220115416318315,0.0018961253091508423,0.0005770816158287007,0.0023907666941466177,1.1102230246251565e-16,0.005688375927452527,0.005193734542456641,-0.0008244023083265883,0.0005770816158284786,0.00214344600164873,0.0037098103874690924,0.0023907666941467287,0.00016488046166540649,0.0069249793899422984,0.0027205276174773196,0.0026380873866448384
58,58,0.9266281945589447,0.9241261722080136,0.928720091773189,0.9813804217196548,0.0009892827699917728,0.0008244023083263663,0.0005770816158285896,-0.0005770816158285896,0.00016488046166529546,0.001401483924154845,0.0005770816158283676,0.0009068425391590695,0.00016488046166529546,0.0004122011541634052,0.0011541632316569572,-0.0014839241549875481,0.0004122011541629611,0.0012366034624897715,0.00041220115416318315,-0.0003297609233305909,0.0008244023083263663,0.0,0.0004946413849958864,0.0015663643858201404,0.0004946413849958864,0.0020610057708159157,0.0022258862324814332,0.0015663643858201404,0.0009892827699915507,0.0009068425391590695,0.0012366034624896605,0.0012366034624897715
59,59,0.9373454245671888,0.9351535836177475,0.9394310608543648,0.9750382388287993,-0.0017312448474854358,-0.00024732069249810973,0.0006595218466611819,0.0006595218466611819,0.004122011541632387,-0.00214344600164873,-0.0008244023083263663,0.0022258862324814332,-0.0015663643858202514,0.0017312448474855469,-0.0003297609233305909,0.002802967848310023,-0.0004946413849959974,-0.0012366034624895494,1.1102230246251565e-16,-0.0002473206924978877,-0.0003297609233305909,-0.0002473206924978877,0.0015663643858201404,0.0037922506183019067,0.00032976092333070195,-0.0003297609233303689,-0.0002473206924978877,-0.0011541632316570682,-0.00016488046166518444,0.00016488046166529546,0.0026380873866448384,0.00041220115416318315
60,60,0.909315746084089,0.9077181208053692,0.9124030372555446,0.9710340871845297,-0.001071723000824365,-0.002802967848309912,-0.003957131079967091,-0.0033800494641385015,-0.02943116240725474,0.006512778235779115,0.007089859851607594,0.007007419620775002,-0.023825226710634917,0.006430338004946301,0.00816158285243207,0.007419620774938296,0.01121187139323998,0.020527617477329008,0.02852431986809556,0.025886232481450833,0.0004946413849958864,-0.008079142621599367,-0.007254740313272778,-0.007419620774938296,0.013437757625721303,0.030173124484748515,0.034707337180544195,0.034460016488046086,0.002473206924979321,-0.005028854080791456,-0.009233305853256546,-0.009727947238252321
61,61,0.9406430338004946,0.9387755102040817,0.9429708838632143,0.9806374959029827,0.005935696619950637,0.0029678483099754294,0.0026380873866446164,0.0029678483099752073,0.0012366034624897715,0.00214344600164873,8.244023083259222e-05,-0.0002473206924978877,8.244023083259222e-05,0.0015663643858203624,0.00032976092333070195,0.0004946413849958864,-8.244023083270324e-05,0.0009068425391592916,0.0012366034624897715,0.0006595218466611819,1.1102230246251565e-16,-0.0009892827699916618,-0.002061005770816249,-0.001813685078318139,-0.0002473206924978877,0.0029678483099752073,0.0017312448474855469,0.0019785655399837676,-0.00016488046166540649,-0.0006595218466611819,-0.0009068425391591806,-0.0003297609233305909
62,62,0.9340478153338829,0.9324324324324325,0.9367980443570414,0.9741546487490441,-0.0017312448474855469,-0.00024732069249777666,-0.0004122011541634052,-8.24402308324812e-05,0.003544929925803686,-0.001071723000824254,8.244023083270324e-05,0.0011541632316570682,-0.001401483924154956,0.0004946413849959974,0.0004946413849957754,0.00041220115416329417,-0.0002473206924979987,0.0015663643858202514,0.002143446001648841,0.001401483924155067,0.0014839241549875481,-0.0007419620774938851,-0.0014839241549876592,-0.0002473206924979987,0.0002473206924978877,0.003627370156636389,0.002143446001648841,0.002061005770816138,0.0018961253091509533,0.0,-0.0005770816158283676,-0.0008244023083263663
63,63,0.9365210222588624,0.9337919174548581,0.9380927018463892,0.9831120943952802,0.0009892827699918838,-0.0004946413849959974,-0.0015663643858202514,-0.0007419620774938851,-0.002885408079142504,-0.001813685078318028,-0.002473206924979432,-0.0044517724649628665,-0.0029678483099752073,-0.0015663643858201404,-0.0023907666941467287,-0.003544929925803797,1.1102230246251565e-16,-0.00041220115416329417,-0.0004946413849957754,-0.0006595218466611819,0.001071723000824476,-0.0003297609233305909,-0.0005770816158284786,-8.244023083259222e-05,-0.0009892827699916618,0.00016488046166529546,-0.00016488046166529546,0.00032976092333070195,0.00041220115416318315,-0.00016488046166529546,8.244023083259222e-05,0.0007419620774938851
64,64,0.9225061830173125,0.9210084033613445,0.9255421719654758,0.969275101059762,0.00016488046166529546,0.0011541632316571793,0.0005770816158285896,0.0004946413849958864,-0.00016488046166540649,-0.002061005770816138,-0.0005770816158284786,-0.002555647155812135,-0.0012366034624897715,-0.0030502885408080216,-0.0037922506183015736,-0.0012366034624897715,0.0022258862324814332,0.00214344600164873,0.001401483924154956,0.0012366034624896605,-0.0005770816158284786,0.008985985160758436,0.004369332234130496,0.004204451772464868,0.0009892827699915507,0.002473206924979321,0.002555647155812024,0.002473206924979321,-0.001071723000824365,0.00214344600164873,0.006018136850783229,0.0018961253091509533
65,65,0.9233305853256389,0.9203084832904884,0.9250669179503987,0.9714902217852068,0.00032976092333070195,0.0008244023083264773,0.0013190436933223637,0.0026380873866447274,0.0018961253091507313,0.00181368507831825,0.00016488046166518444,-0.0004946413849958864,0.00016488046166529546,0.0009892827699917728,0.002061005770816249,0.0004946413849958864,-0.00016488046166518444,1.1102230246251565e-16,0.0002473206924979987,-0.00016488046166540649,0.001071723000824476,0.0006595218466612929,0.0003297609233304799,-0.00041220115416329417,1.1102230246251565e-16,0.0009892827699917728,0.0005770816158285896,0.0009892827699917728,0.001071723000824476,0.0004946413849958864,0.00016488046166529546,0.00032976092333070195
66,66,0.9340478153338829,0.9323181049069373,0.9366846935431006,0.9804804435704141,-0.0012366034624896605,-0.0008244023083265883,-0.0004946413849959974,-0.0009068425391590695,8.244023083270324e-05,-0.007254740313272889,-0.005770816158285341,-0.0015663643858203624,-0.0011541632316569572,-0.006677658697444411,-0.006347897774113709,-0.0027205276174773196,-0.0008244023083265883,-0.0026380873866447274,-0.002885408079142726,-0.00214344600164873,-0.0018961253091507313,0.0006595218466611819,0.002473206924979432,0.0037922506183017957,-0.0008244023083263663,-0.0014839241549876592,-0.0017312448474855469,-0.0009068425391590695,-0.00181368507831825,0.0033800494641383905,0.0015663643858202514,-0.0006595218466610708
67,67,0.9414674361088211,0.9395744680851064,0.9437424888014858,0.9813025783895991,-0.0006595218466612929,0.001071723000824476,0.001071723000824476,0.0018961253091509533,-0.0006595218466612929,0.001071723000824476,0.0,-8.244023083270324e-05,-0.0013190436933223637,0.00016488046166518444,-0.0003297609233305909,1.1102230246251565e-16,-0.0008244023083264773,0.0007419620774937741,0.0006595218466611819,0.0,0.0019785655399835456,0.0002473206924979987,0.00016488046166529546,0.0002473206924979987,-0.001071723000824587,0.0008244023083265883,0.0004122011541634052,0.00016488046166529546,0.002061005770816138,0.00041220115416318315,0.00032976092333070195,0.00016488046166529546
68,68,0.9439406430338005,0.9404553415061296,0.9443570414071889,0.9882524855238719,-0.0002473206924979987,0.0006595218466610708,-0.00016488046166518444,0.0006595218466612929,0.002473206924979543,0.002473206924979432,-0.0002473206924978877,-0.003627370156636389,0.0004946413849961084,0.01574608408903555,0.0069249793899424095,-0.002143446001648841,0.0003297609233305909,-0.0022258862324813222,-0.002802967848309912,-0.0011541632316571793,0.0017312448474856579,0.004039571310799794,0.006018136850783229,0.0003297609233305909,-0.00041220115416318315,-0.0013190436933221417,0.0002473206924978877,0.0017312448474854358,0.0033800494641385015,0.010057708161582801,0.0029678483099753183,0.001401483924154845
69,69,0.93239901071723,0.9308600337268128,0.9352548344804982,0.9767425980552824,-0.0009068425391591806,-0.0011541632316571793,0.0020610057708159157,0.004039571310799572,0.0014839241549877702,-0.0015663643858202514,-0.0027205276174772086,-0.0027205276174772086,-0.0011541632316569572,-0.002143446001648841,-0.0030502885408079106,-0.002885408079142615,0.0019785655399834345,0.0033800494641385015,0.0023907666941467287,0.0037922506183016846,0.0006595218466610708,-0.0005770816158285896,-0.0022258862324815443,-0.001401483924155067,0.002143446001648619,0.005688375927452527,0.00247320692497921,0.004039571310799572,0.0008244023083264773,-0.0025556471558122462,-0.0018961253091507313,-0.0009068425391591806
70,70,0.9381698268755152,0.9359521776259607,0.9402026657926363,0.9742420517862995,0.0055234954657873425,-0.00016488046166529546,0.0006595218466609598,0.0004946413849959974,0.002473206924979432,-0.0006595218466611819,-0.0004122011541634052,-0.0003297609233304799,-0.0003297609233304799,-0.0016488046166528436,-0.0005770816158285896,-0.0006595218466611819,0.0009892827699916618,-0.00016488046166529546,0.0008244023083264773,0.001401483924154956,0.0009068425391589585,-0.0023083264633141365,-0.0027205276174773196,-0.002802967848310023,0.0011541632316570682,0.002555647155811913,0.0017312448474856579,0.0019785655399833235,0.0009892827699916618,-0.0004946413849959974,-0.00181368507831825,-0.0012366034624896605
71,71,0.9299258037922506,0.9279050042408821,0.9323732655959794,0.9764667322189446,-0.0014839241549875481,-0.0007419620774937741,-0.0012366034624896605,-0.0018961253091507313,0.0037922506183017957,-0.001401483924154956,-0.0014839241549875481,-0.0011541632316571793,-0.002473206924979321,-0.001813685078318028,-0.002143446001648619,-0.0016488046166528436,0.0006595218466611819,-0.0009068425391589585,-0.0008244023083263663,-0.0006595218466610708,-0.0004122011541634052,0.0009068425391589585,0.0007419620774937741,0.0005770816158284786,0.0004122011541630721,0.0002473206924978877,-0.0005770816158285896,-0.0002473206924979987,-0.00041220115416318315,0.0007419620774937741,0.0008244023083264773,0.0006595218466611819
72,72,0.9381698268755152,0.9360613810741688,0.9403160166065772,0.9838714082814377,0.0027205276174773196,-0.0009068425391590695,-0.001071723000824476,-0.0008244023083265883,0.001071723000824365,0.004534212695795348,0.0016488046166527326,0.0006595218466611819,0.0023083264633140255,0.0006595218466609598,0.0009892827699916618,0.0005770816158284786,-0.002885408079142726,0.0012366034624897715,-0.0003297609233304799,0.0005770816158284786,-0.001071723000824476,-0.0029678483099754294,-0.004699093157460865,-0.005770816158285119,-0.00181368507831825,0.0023083264633140255,0.001071723000824365,0.0018961253091506203,-0.0013190436933223637,-0.0016488046166528436,-0.0034624896949710937,-0.004039571310799683
73,73,0.9389942291838417,0.9367521367521368,0.9409742707309079,0.9831694526384791,0.004369332234130385,0.0004946413849957754,0.0005770816158284786,0.0009068425391591806,0.0012366034624895494,-0.002802967848310023,-0.0015663643858203624,-0.0022258862324814332,-0.0002473206924979987,-0.0014839241549876592,-0.0015663643858203624,-0.0016488046166528436,0.0008244023083264773,-0.00041220115416318315,-0.001071723000824476,-0.0012366034624896605,-8.244023083259222e-05,-0.0005770816158284786,-0.0023083264633141365,-0.0027205276174775417,0.00041220115416329417,-0.0009068425391590695,-0.00041220115416329417,-0.0008244023083263663,-8.244023083259222e-05,-0.0007419620774938851,-0.001071723000824476,-0.0012366034624897715
74,74,0.9398186314921682,0.9371231696813093,0.9412924724134164,0.9834944826832733,0.0009068425391591806,1.1102230246251565e-16,0.00024732069249810973,-8.244023083259222e-05,-0.0019785655399835456,0.00024732069249810973,0.0004946413849959974,0.0013190436933224747,-0.0033800494641386125,1.1102230246251565e-16,-0.00041220115416318315,-0.0005770816158287007,-0.0022258862324815443,0.0005770816158284786,-0.0005770816158284786,-0.0005770816158287007,-0.002143446001648952,0.0009892827699918838,0.0005770816158284786,-0.0017312448474855469,-0.002802967848310134,0.0004946413849957754,-0.00016488046166529546,0.001071723000824365,-0.0023083264633142475,0.0005770816158284786,-8.244023083259222e-05,-0.001813685078318139
75,75,0.93239901071723,0.9308600337268128,0.9352548344804982,0.9784715393859936,0.004699093157460865,0.0009892827699917728,0.002061005770816138,0.003544929925803908,0.0014839241549877702,0.007749381698268776,0.01582852431986803,0.01154163231657035,0.0004946413849957754,0.0044517724649629775,0.009480626545754434,0.006512778235779004,0.0019785655399834345,0.005276174773289233,0.004369332234130163,0.0026380873866445054,0.001813685078318139,0.0026380873866445054,0.002555647155811913,0.0018961253091507313,0.00181368507831825,0.00939818631492173,0.0069249793899424095,0.007254740313272889,0.002555647155811913,0.0015663643858202514,0.0012366034624896605,-0.00016488046166518444
76,76,0.9381698268755152,0.9352890422778257,0.9395225609089916,0.9828826614224844,0.0008244023083264773,0.0022258862324813222,0.0018961253091508423,0.0030502885408077995,0.0044517724649626444,0.005688375927452416,0.010552349546578577,0.008408903544929958,0.005028854080791234,0.007502061005770666,0.00453421269579557,0.0030502885408077995,0.00939818631492162,0.0023083264633140255,0.002143446001648841,0.0032976092333059093,0.0006595218466609598,0.0033800494641383905,0.0037098103874690924,0.0023907666941467287,0.010305028854080689,0.007914262159934071,0.004946413849958642,0.004946413849958753,0.0015663643858201404,0.004369332234130163,0.0034624896949710937,0.0014839241549875481
77,77,0.9249793899422918,0.9235936188077246,0.9280836884081722,0.9851442150114718,0.0019785655399835456,0.001813685078318139,-0.00041220115416329417,0.00016488046166529546,0.0011541632316570682,0.0012366034624895494,-0.0015663643858203624,-0.0023083264633142475,0.0023907666941466177,-1.1102230246251565e-16,-0.0023083264633141365,-0.00024732069249777666,-0.0023083264633141365,-0.0002473206924979987,0.0005770816158284786,-1.1102230246251565e-16,-8.244023083259222e-05,-0.001071723000824587,-0.0018961253091508423,-0.0023083264633141365,-0.002061005770816249,0.00214344600164873,0.0023083264633141365,0.0019785655399835456,-0.0014839241549876592,-0.0018961253091510644,-0.001071723000824365,-0.0019785655399835456
78,78,0.9414674361088211,0.9391602399314481,0.9432890855457228,0.9740576860045886,0.0002473206924979987,-0.00016488046166540649,0.0006595218466610708,0.00016488046166529546,0.0019785655399834345,0.008985985160758436,0.012613355317395047,0.014674361088210963,0.0009068425391590695,0.008244023083264551,0.009727947238252432,0.004286892003297571,0.00024732069249777666,0.0013190436933224747,0.0002473206924979987,-0.00016488046166540649,-0.0012366034624897715,0.004122011541632387,0.0069249793899422984,0.004946413849958864,0.0009068425391590695,0.002473206924979321,0.0011541632316571793,0.002555647155812135,-0.0009892827699918838,0.004039571310799683,0.005770816158285119,0.003215169002473317
79,79,0.9373454245671888,0.934819897084048,0.9390910084125423,0.9869141265158964,1.1102230246251565e-16,-8.244023083270324e-05,-0.0008244023083263663,-0.0004946413849959974,-0.001401483924154956,0.0012366034624896605,0.00016488046166529546,-0.0006595218466611819,-0.004286892003297682,-0.0009068425391589585,8.244023083259222e-05,-0.00016488046166518444,-0.0011541632316570682,0.0,-0.0002473206924978877,0.00016488046166529546,-0.005935696619950415,-0.00041220115416329417,-0.0003297609233305909,0.0002473206924979987,-0.0015663643858202514,0.0012366034624897715,0.0014839241549876592,0.0004946413849958864,-0.006677658697444411,-0.001071723000824587,-0.00041220115416329417,-0.0009892827699916618
80,80,0.9389942291838417,0.9370748299319728,0.9413143231727303,0.9816972577297061,0.002802967848310023,0.0027205276174773196,0.00214344600164873,0.002555647155812135,0.0012366034624895494,-0.00016488046166529546,-0.0002473206924979987,0.0018961253091508423,0.0015663643858201404,-0.0016488046166528436,-8.244023083281427e-05,-0.00041220115416318315,0.0008244023083264773,0.00544105523495475,0.007831821929101368,0.008408903544929847,0.0004122011541630721,0.0033800494641386125,0.0020610057708160268,0.001071723000824365,-8.244023083259222e-05,0.004699093157460754,0.006512778235779004,0.008573784006595364,-0.00041220115416318315,0.002473206924979432,0.0016488046166529546,0.0023907666941467287
81,81,0.9439406430338005,0.9419795221843004,0.9460573036163007,0.9730607451108925,0.0008244023083262553,0.0013190436933223637,0.0006595218466612929,0.0008244023083264773,0.0007419620774937741,0.003132728771640614,0.0026380873866447274,0.0025556471558122462,-0.0004946413849958864,0.0023907666941467287,0.0023907666941467287,0.0026380873866447274,8.244023083270324e-05,0.0018961253091508423,0.0017312448474856579,0.0023083264633142475,0.00016488046166540649,0.0014839241549877702,0.002143446001648619,8.244023083270324e-05,0.0,0.0023083264633140255,0.003132728771640503,0.002885408079142615,8.244023083270324e-05,0.0009892827699918838,0.0009892827699916618,0.0006595218466610708
82,82,0.9241549876339654,0.9228187919463087,0.9273120834699006,0.9688053097345132,0.0011541632316571793,0.0017312448474855469,0.0005770816158285896,0.002555647155812024,-0.009315746084089027,-0.0004946413849957754,-0.0009068425391589585,-0.0023907666941465067,-0.006760098928276781,-0.001813685078318139,0.0004946413849958864,-0.0016488046166530657,0.0016488046166530657,0.0018961253091509533,-8.244023083270324e-05,-0.0007419620774939961,-0.0037922506183016846,0.0007419620774937741,0.0005770816158283676,0.0004946413849958864,-0.0014839241549875481,0.0011541632316569572,0.0004946413849957754,0.00041220115416318315,-0.0037098103874690924,-0.00041220115416318315,0.0003297609233305909,0.0003297609233305909
83,83,0.9307502061005771,0.9289340101522843,0.9333715721621326,0.9675625477985359,0.0011541632316570682,-0.0004946413849958864,-0.0015663643858201404,-0.0012366034624896605,-0.0015663643858201404,0.006183017312448524,0.00214344600164873,-0.0015663643858201404,-0.004781533388293457,0.007831821929101368,0.00247320692497921,-0.004863973619125939,-0.00041220115416318315,0.007502061005770888,0.008738664468260549,0.004946413849958753,-0.0013190436933221417,0.0015663643858202514,0.0006595218466611819,-0.0014839241549874371,-8.244023083259222e-05,0.010964550700741982,0.008573784006595364,0.007337180544105482,-0.0009892827699917728,0.0004122011541630721,-0.00016488046166529546,-0.0012366034624896605
84,84,0.9282769991755977,0.9263336155800169,0.9308300557194362,0.9825221238938052,0.0047815333882935684,0.0017312448474855469,0.002473206924979321,0.0016488046166530657,8.244023083270324e-05,0.0009068425391591806,0.0004946413849958864,0.0004946413849958864,-0.0004946413849958864,0.0007419620774937741,0.0012366034624896605,0.0016488046166529546,0.0005770816158285896,0.0017312448474854358,0.002555647155811913,0.001401483924155067,0.0023907666941467287,0.0013190436933223637,0.0013190436933225858,0.0023083264633141365,0.0005770816158285896,0.0037922506183015736,0.0033800494641385015,0.003215169002473095,0.0023907666941468397,0.0018961253091509533,0.002143446001648841,0.002061005770816138
85,85,0.9348722176422094,0.9334456613310868,0.9377963509231946,0.9845323937506828,0.0009068425391591806,1.1102230246251565e-16,8.244023083270324e-05,0.002555647155812135,0.0008244023083264773,0.0037098103874690924,0.0019785655399835456,0.0009068425391591806,0.001813685078318139,-0.0019785655399835456,-0.001813685078318028,-0.0006595218466611819,-0.0013190436933222527,0.0023907666941467287,0.0009892827699916618,0.0009068425391591806,-0.0013190436933222527,-1.1102230246251565e-16,-0.0009068425391590695,-0.001071723000824476,-0.0015663643858203624,0.002473206924979432,0.003215169002472984,0.004204451772464868,-0.0012366034624896605,0.00016488046166529546,-0.0018961253091507313,-0.000741962077493663
86,86,0.8441879637262985,0.8137931034482758,0.8369373429476674,0.9444963399978148,-0.0006595218466611819,0.0013190436933222527,0.0017312448474856579,0.0027205276174773196,0.002143446001648841,0.0055234954657873425,0.0033800494641386125,0.007584501236603369,-8.244023083259222e-05,0.002802967848310023,0.004039571310799683,0.008985985160758547,-0.0009892827699917728,0.012283594394064234,0.015910964550700735,0.01302555647155812,0.002802967848310023,0.014014839241550003,0.014591920857378371,0.011871393239901162,-0.0020610057708160268,0.017394888705688505,0.015004122011541665,0.014674361088211074,0.0017312448474854358,0.014097279472382485,0.011294311624072573,0.011871393239901162
87,87,0.9315746084089035,0.9293617021276596,0.9338031246585818,0.9709357587676171,0.0004946413849958864,0.0007419620774937741,0.0009892827699917728,0.0007419620774938851,-0.001071723000824476,-0.0003297609233305909,-0.0005770816158285896,0.0002473206924978877,-0.0015663643858202514,1.1102230246251565e-16,0.0,0.001813685078318028,-0.0004946413849958864,0.0007419620774938851,0.006018136850783229,0.0022258862324813222,-0.0007419620774937741,0.005605935696619824,0.005276174773289455,0.005358615004122158,-0.0003297609233305909,0.0037922506183015736,0.0027205276174774307,0.0051937345424565295,0.0,0.003874690849134388,0.003874690849134388,0.0037922506183016846
88,88,0.9315746084089035,0.9281385281385282,0.932669616519174,0.9773134491423578,0.010469909315745984,0.0005770816158285896,0.0015663643858202514,0.004946413849958753,-0.001071723000824365,-0.0004946413849957754,-0.00181368507831825,-0.0018961253091509533,-0.00428689200329746,0.0003297609233304799,0.0002473206924978877,-8.244023083270324e-05,-0.0030502885408080216,0.0018961253091509533,0.002473206924979321,0.0023083264633141365,-0.006018136850783229,0.0018961253091509533,0.0033800494641382794,0.0016488046166527326,-0.0029678483099753183,0.003874690849134388,0.004369332234130163,0.003544929925803686,-0.006265457543281117,0.0027205276174772086,0.003215169002473095,0.0023907666941466177
89,89,0.9299258037922506,0.928511354079058,0.9329400196656834,0.9789577187807275,-0.0007419620774938851,0.00024732069249810973,0.00024732069249810973,0.0006595218466611819,-0.00214344600164873,-0.0055234954657872315,-0.0032976092333057982,-0.002885408079142504,-0.0036273701566365,-0.0022258862324813222,-0.0023907666941466177,-0.0006595218466610708,-0.0004946413849958864,0.0027205276174774307,0.0029678483099753183,0.0019785655399835456,-0.0023907666941466177,-0.004534212695795459,-0.005688375927452638,-0.004699093157460643,-0.001401483924154845,0.0026380873866447274,0.003215169002473317,0.003627370156636389,-0.0019785655399834345,-0.002885408079142504,-0.004122011541632387,-0.003132728771640614
90,90,0.9389942291838417,0.9369676320272572,0.9412009723587895,0.9708934229214466,0.0034624896949712047,0.0015663643858202514,0.0020610057708160268,0.0018961253091508423,0.0027205276174773196,0.0013190436933222527,0.002143446001648841,0.0002473206924978877,0.003132728771640503,0.0014839241549876592,0.0008244023083263663,0.0016488046166529546,0.0037098103874690924,0.0006595218466611819,0.0009068425391590695,0.0009068425391590695,0.005028854080791345,0.0016488046166528436,0.0015663643858202514,0.0011541632316570682,0.004039571310799683,0.0018961253091508423,0.0009892827699916618,0.0020610057708160268,0.004369332234130163,0.001401483924154956,0.0013190436933224747,0.0011541632316570682
91,91,0.9381698268755152,0.9357326478149101,0.9399759641647547,0.9856413197858626,-0.0008244023083265883,0.001401483924154956,0.0014839241549875481,0.0011541632316570682,-0.0019785655399835456,-0.00181368507831825,-0.003544929925803797,-0.002885408079142504,0.0005770816158282566,-0.0022258862324814332,-0.0008244023083263663,-0.002061005770816138,-0.0009892827699917728,-0.001071723000824476,-0.0017312448474855469,-0.0008244023083265883,0.000741962077493663,0.0009892827699916618,0.0006595218466609598,-0.001071723000824476,-0.0015663643858201404,-0.0001648804616655175,0.0002473206924978877,0.0009892827699916618,0.00214344600164873,0.0003297609233305909,0.0011541632316568462,-0.0009892827699917728
92,92,0.9315746084089035,0.929957805907173,0.9343698787282858,0.9798235551185404,0.0033800494641385015,0.0018961253091509533,0.0037098103874692034,0.0027205276174774307,-0.0005770816158284786,0.0009892827699917728,-0.00206100577081636,-0.0023907666941467287,-0.00428689200329746,-0.0004946413849958864,-8.24402308324812e-05,-0.0002473206924978877,-0.005605935696620046,-0.0011541632316571793,0.0,0.0008244023083264773,-8.244023083270324e-05,0.002555647155812024,0.004039571310799572,0.00486397361912605,-0.006760098928277003,0.0034624896949709827,0.0009892827699916618,0.001071723000824476,-0.0014839241549877702,0.003215169002473095,0.0031327287716403918,0.0023907666941466177
93,93,0.9126133553173948,0.9115191986644408,0.916056211078335,0.9688107724243418,0.0009068425391590695,-0.0017312448474856579,-0.0009892827699916618,-0.0008244023083266994,-0.0026380873866447274,-0.0009892827699918838,-0.00024732069249810973,-0.0008244023083266994,-0.003132728771640503,-0.0013190436933223637,0.0004946413849958864,-0.0008244023083262553,-0.0016488046166529546,0.00041220115416318315,0.00016488046166518444,-8.244023083270324e-05,-0.004204451772465201,-0.0016488046166529546,-0.0027205276174774307,-0.0034624896949714268,-0.0017312448474856579,0.0009068425391590695,0.0011541632316569572,0.0004946413849958864,-0.005441055234954639,-0.0016488046166530657,-0.0009892827699918838,-0.0014839241549877702
94,94,0.9282769991755977,0.9215509467989179,0.926749426417568,0.9649104118868129,0.0008244023083264773,0.002143446001648841,0.0023083264633141365,0.001071723000824365,-0.0034624896949712047,0.008161582852431848,0.00849134377576255,0.008161582852431848,-0.0011541632316569572,0.00906842539159114,0.008079142621599367,0.006842539159109706,0.0015663643858203624,0.009810387469084803,0.010387469084913503,0.007831821929101479,0.0029678483099750963,0.005111294311624048,0.00758450123660348,0.011459192085737868,0.004286892003297682,0.007337180544105371,0.008656224237427734,0.005028854080791456,-0.0007419620774937741,0.004946413849958864,0.0066776586974443,0.007831821929101368
95,95,0.9406430338004946,0.9382504288164666,0.9424041297935103,0.9869141265158964,0.0009892827699918838,-8.244023083259222e-05,0.00032976092333070195,1.1102230246251565e-16,0.0007419620774938851,-0.0015663643858202514,-0.00041220115416329417,0.001071723000824587,0.0013190436933224747,-0.0037098103874690924,-0.0030502885408077995,-0.0014839241549876592,-0.0016488046166529546,0.0012366034624896605,-0.0002473206924978877,-0.0006595218466611819,-0.0026380873866446164,-0.0018961253091510644,-0.002555647155812135,-0.0027205276174774307,-0.00247320692497921,0.001401483924154956,0.0011541632316570682,0.0009892827699917728,-0.0012366034624898825,-0.0014839241549874371,-0.0006595218466612929,-0.0015663643858202514
96,96,0.9422918384171476,0.9402730375426621,0.9444007429258167,0.9844504534032557,0.005358615004121936,0.0007419620774938851,0.0023083264633140255,0.0019785655399836566,0.0032976092333057982,0.0027205276174774307,0.0032976092333060203,0.003132728771640836,0.0009892827699917728,0.0029678483099752073,0.0037922506183016846,0.006100577081615932,0.0022258862324814332,0.0036273701566365,0.004122011541632276,0.0047815333882935684,0.0017312448474855469,0.004039571310799794,0.006018136850783229,0.005770816158285119,0.0027205276174774307,0.005935696619950526,0.004616652926628384,0.005688375927452638,0.0026380873866448384,0.004122011541632387,0.004781533388293346,0.005605935696619935
97,97,0.9340478153338829,0.9316239316239316,0.9360045886594559,0.9608734841035727,0.0006595218466611819,0.0012366034624897715,0.0011541632316570682,-0.0003297609233304799,-0.0023907666941466177,0.0,-0.0005770816158287007,-0.0005770816158285896,-0.002555647155812024,-0.0018961253091507313,-0.002555647155812024,-0.0023083264633139144,0.0007419620774937741,0.0037098103874688704,0.004946413849958642,0.005688375927452749,-0.0002473206924979987,0.005935696619950637,0.00915086562242351,0.008079142621599367,8.244023083259222e-05,0.003874690849134277,0.0034624896949712047,0.004534212695795348,-0.0003297609233304799,0.006842539159109706,0.005111294311624159,0.006842539159109706
98,98,0.9332234130255564,0.9317607413647851,0.9361397902327105,0.9817191084890199,0.004616652926628162,0.002143446001648619,0.0037098103874688704,0.004369332234130163,0.001071723000824476,-0.002143446001648841,-0.0029678483099752073,-0.0032976092333060203,-0.0007419620774937741,-0.00181368507831825,-0.0016488046166530657,-0.002885408079142615,-0.0004946413849961084,0.0023083264633140255,0.0018961253091508423,0.002143446001648841,-0.0009068425391590695,-0.003874690849134388,-0.001401483924155067,-0.00420445177246509,0.0002473206924978877,0.003874690849134277,0.003874690849134277,0.0033800494641383905,-0.0002473206924978877,-0.004039571310799794,-0.0030502885408079106,-0.002473206924979321
99,99,0.9398186314921682,0.9380831212892281,0.9423126297388834,0.9712375723806402,0.00972794723825221,0.007172300082440297,0.007749381698268776,0.0058532563891179334,0.0009892827699917728,0.022506183017312553,0.020280296784830898,0.01937345424567194,-0.0012366034624895494,0.02151690024732078,0.016158285243198622,0.015416323165704848,0.0011541632316570682,0.010799670239076686,0.008656224237427845,0.0065952184666117075,0.001071723000824587,0.011953833470733644,0.010222588623248319,0.008326463314097365,0.001071723000824365,0.009480626545754323,0.008244023083264662,0.009315746084088916,0.0014839241549877702,0.010387469084913503,0.009810387469085025,0.007996702390766552
100,100,0.9356966199505359,0.9319371727748691,0.9363009395826505,0.974664044575549,0.0005770816158287007,0.0005770816158287007,0.0008244023083263663,0.001071723000824587,0.002885408079142726,-0.006347897774113709,-0.004946413849958864,-0.002555647155812135,1.1102230246251565e-16,-0.003544929925803575,-0.003627370156636278,-0.0023907666941467287,1.1102230246251565e-16,-0.00041220115416318315,-0.0007419620774938851,0.00016488046166529546,-0.0003297609233304799,-0.0003297609233305909,-0.0003297609233305909,-0.0013190436933224747,0.00016488046166540649,0.0012366034624897715,0.0009892827699917728,0.0016488046166528436,-0.00016488046166529546,-0.0006595218466611819,-0.0011541632316570682,-0.0015663643858203624
101,101,0.9398186314921682,0.9375534644995723,0.9417458756691794,0.9867584398557849,0.0014839241549876592,0.0013190436933222527,0.001813685078318139,0.0016488046166528436,0.0023083264633141365,0.0009892827699918838,0.0008244023083263663,0.0017312448474856579,1.1102230246251565e-16,0.001071723000824365,0.002555647155811913,0.0037098103874689814,-0.00041220115416318315,0.0017312448474855469,0.0012366034624895494,0.0016488046166529546,-0.0034624896949713158,0.0007419620774938851,0.002885408079142504,-8.244023083259222e-05,-0.0008244023083265883,0.0014839241549876592,0.0014839241549876592,0.002555647155812135,-0.003215169002473206,0.003544929925803797,0.00214344600164873,0.0022258862324814332
102,102,0.9299258037922506,0.9271636675235647,0.9316931607123348,0.9720460504752542,-0.0004946413849959974,0.0006595218466612929,-0.00016488046166529546,-1.1102230246251565e-16,0.0009068425391589585,0.0016488046166529546,0.0006595218466611819,0.0018136850783183611,0.0012366034624897715,0.001071723000824365,0.0006595218466611819,0.0004946413849957754,-0.0014839241549875481,-0.001401483924154956,-0.0011541632316569572,-0.0008244023083263663,-0.0013190436933221417,0.0037098103874690924,0.0036273701566366112,0.0018961253091508423,-0.0026380873866447274,0.0,-8.244023083259222e-05,-0.0005770816158285896,-0.0007419620774937741,0.0014839241549877702,0.003874690849134499,0.0029678483099753183
103,103,0.9299258037922506,0.9287510477787091,0.933166721293565,0.9779525838522889,0.011459192085737868,0.0172300082440231,0.00453421269579557,0.006512778235779226,0.02456718878812869,0.017312448474855913,0.014097279472382596,0.014014839241550003,0.005605935696619824,0.020032976092333232,0.015663643858202847,0.014427040395713187,0.0022258862324813222,0.021846661170651482,0.031162407254740287,0.028441879637262968,0.001071723000824587,0.014427040395713187,0.008656224237427956,0.0076669414674361835,0.004204451772464979,0.026875515251442716,0.03033800494641392,0.027947238252267192,0.0006595218466612929,0.009892827699917506,0.007749381698268887,0.006924979389942187
104,104,0.9455894476504534,0.9425087108013938,0.9463536545394953,0.985450125641866,0.0003297609233304799,0.0011541632316569572,0.002061005770816138,0.0029678483099752073,0.005770816158285341,0.0027205276174772086,0.002143446001648619,0.0022258862324814332,0.004616652926628162,0.00181368507831825,0.0030502885408079106,0.0023907666941468397,0.0008244023083263663,0.0,0.00024732069249777666,8.244023083259222e-05,0.001071723000824476,0.004204451772464868,0.003627370156636278,0.002885408079142504,0.0004946413849958864,0.0013190436933223637,0.0008244023083263663,0.0004946413849958864,0.0008244023083263663,0.004039571310799572,0.0019785655399834345,0.0023907666941466177
105,105,0.9340478153338829,0.9322033898305084,0.9365713427291598,0.9683956079973779,0.0011541632316570682,0.0019785655399835456,8.244023083259222e-05,0.00041220115416329417,0.0014839241549875481,0.0032976092333059093,0.0027205276174773196,0.002802967848309912,0.0023907666941467287,0.002802967848310134,0.003132728771640725,0.0037922506183015736,0.0013190436933223637,0.0029678483099753183,0.004946413849958753,0.004204451772464979,0.0023907666941469508,0.004369332234130163,0.004946413849958753,0.003874690849134499,0.0,0.006265457543281117,0.0027205276174774307,0.003544929925803686,0.0018136850783183611,0.00453421269579557,0.0032976092333059093,0.005028854080791234
106,106,0.9332234130255564,0.9314140558848434,0.9357997377908882,0.9743007757019557,0.016900247320692507,0.0029678483099753183,0.00247320692497921,0.004039571310799794,-0.0030502885408079106,0.013107996702390823,0.01244847485572953,0.011294311624072573,-0.0014839241549876592,0.00577081615828523,0.007337180544105593,0.008244023083264551,-0.0007419620774938851,0.008244023083264551,0.0076669414674361835,0.005358615004122158,-0.0004946413849958864,0.001071723000824365,-8.244023083270324e-05,-0.00016488046166518444,-0.00041220115416318315,0.004616652926628162,0.005688375927452749,0.006100577081615932,-0.0012366034624896605,0.0015663643858202514,0.00024732069249810973,-0.0004946413849958864
107,107,0.9299258037922506,0.9276595744680851,0.9321465639680979,0.9744865071561238,-0.00016488046166529546,-0.0009068425391589585,-0.0004946413849959974,0.0,-0.0023083264633139144,-0.0019785655399834345,-0.00016488046166529546,-0.0017312448474855469,-0.0015663643858203624,-0.0022258862324814332,-0.0014839241549875481,0.00016488046166518444,-0.0023083264633139144,0.001071723000824587,0.0004946413849959974,-0.00041220115416318315,-0.004286892003297571,-0.0018961253091509533,-0.002061005770816138,-0.002885408079142726,-0.002061005770816138,0.0029678483099750963,0.002802967848309912,0.0037098103874693145,-0.005193734542456752,-0.0009068425391590695,-0.0017312448474855469,-0.001401483924154845
108,108,0.9282769991755977,0.9260832625318607,0.9306033540915546,0.9719135802469137,-0.0007419620774939961,0.0009892827699917728,0.0004946413849958864,-8.244023083270324e-05,0.0014839241549877702,0.0007419620774937741,0.0007419620774937741,0.0013190436933223637,-0.001071723000824476,0.0007419620774937741,0.00206100577081636,0.0022258862324813222,-0.0005770816158285896,0.0018961253091509533,0.0022258862324815443,0.0025556471558122462,-0.0026380873866447274,2.220446049250313e-16,-8.244023083270324e-05,0.0002473206924978877,-0.00041220115416318315,0.0036273701566365,0.0026380873866447274,0.002555647155811913,-0.0009892827699917728,0.001071723000824365,0.0007419620774939961,0.0002473206924979987
109,109,0.9406430338004946,0.9388794567062818,0.9430842346771551,0.9710422812192723,0.0047815333882936795,0.0005770816158284786,0.0004946413849959974,0.0009892827699917728,0.001401483924155178,0.001071723000824587,0.001071723000824254,-0.0004946413849959974,0.0012366034624897715,0.0008244023083263663,0.0014839241549878812,0.00032976092333070195,0.0007419620774938851,0.0002473206924979987,-0.0003297609233305909,-0.0005770816158284786,0.0008244023083265883,-0.0004946413849959974,-0.0011541632316570682,-0.00016488046166529546,0.0008244023083265883,0.0011541632316570682,0.0009068425391590695,0.001401483924154956,0.0008244023083265883,1.1102230246251565e-16,0.00041220115416318315,0.0008244023083265883
110,110,0.9315746084089035,0.9298393913778529,0.934256527914345,0.9704659674423686,0.005358615004122158,0.0016488046166528436,0.00181368507831825,0.0033800494641385015,-0.0019785655399834345,0.0032976092333057982,0.004039571310799572,0.002061005770816138,-0.0015663643858204734,0.002802967848309912,0.0033800494641385015,0.001071723000824254,-0.002143446001648841,-8.244023083270324e-05,-0.0006595218466612929,-8.244023083270324e-05,-0.0023907666941468397,-0.00453421269579557,-0.006183017312448635,-0.005688375927452527,-0.001071723000824476,0.002473206924979321,0.001401483924154845,0.0009892827699917728,-0.0004946413849958864,-0.0030502885408080216,-0.0029678483099753183,-0.002555647155812024
111,111,0.9497114591920858,0.946817785527463,0.9504383808587349,0.9753496121490223,8.244023083270324e-05,0.0015663643858204734,0.0002473206924978877,0.0009068425391591806,0.0009892827699916618,-0.001401483924154956,8.244023083259222e-05,-0.0006595218466611819,0.00016488046166529546,0.00041220115416329417,1.1102230246251565e-16,0.0004946413849959974,-0.0002473206924979987,0.00016488046166529546,0.0012366034624895494,0.00016488046166529546,0.0006595218466611819,0.002473206924979432,0.004122011541632387,0.006430338004946523,-8.244023083259222e-05,0.0004946413849959974,0.0018136850783183611,0.0009068425391591806,0.0005770816158287007,0.002143446001648841,0.006760098928277114,0.006183017312448524
112,112,0.920032976092333,0.9195020746887966,0.9239074620343057,0.9651780836884082,-1.1102230246251565e-16,0.0005770816158284786,0.0009068425391591806,-0.00032976092333070195,-0.0019785655399835456,-0.0009892827699917728,-0.0014839241549876592,-0.00016488046166529546,-0.0018136850783183611,-0.0032976092333057982,-0.0008244023083265883,-0.001401483924155178,-0.00016488046166529546,0.0006595218466611819,0.0006595218466611819,0.00041220115416329417,0.0006595218466611819,-0.0022258862324816553,-0.0023083264633141365,-0.0037098103874692034,-0.0008244023083265883,0.0009068425391590695,0.0005770816158287007,0.0008244023083264773,0.0007419620774938851,-0.0015663643858203624,-0.003132728771640614,-0.0022258862324814332
113,113,0.9422918384171476,0.9383802816901409,0.9423604282748825,0.9884245602534689,-0.0044517724649628665,0.002061005770816138,0.0014839241549876592,0.0014839241549876592,0.00016488046166518444,-0.005441055234954639,-0.0007419620774937741,-0.0011541632316570682,-0.002143446001648841,-0.0016488046166527326,-8.244023083270324e-05,0.0004946413849958864,-0.0009892827699916618,-0.003132728771640614,-0.0004946413849958864,-0.0026380873866446164,0.0007419620774937741,0.00016488046166529546,-0.0007419620774937741,-0.0019785655399834345,-0.0027205276174774307,0.002885408079142615,-0.0006595218466612929,0.003544929925803797,-0.0003297609233305909,-0.0004946413849958864,-0.0009068425391591806,-0.0008244023083262553
114,114,0.9332234130255564,0.9302325581395349,0.9346662296514804,0.985807931825631,0.00453421269579557,0.001813685078318139,0.0008244023083264773,0.0026380873866446164,-0.002885408079142615,-0.006760098928276781,-0.0047815333882935684,-0.005441055234954639,-0.0029678483099752073,-0.005028854080791345,-0.0034624896949712047,-0.004863973619126161,-0.002555647155812024,0.00041220115416329417,0.0020610057708160268,0.0017312448474856579,-0.00181368507831825,0.0037922506183017957,0.004204451772464757,0.002473206924979432,-0.0027205276174772086,0.001401483924155067,0.0027205276174772086,0.0017312448474854358,-0.0023907666941468397,0.003544929925803908,0.0023083264633140255,0.005688375927452527
115,115,0.9282769991755977,0.9241499564080209,0.9289030918824429,0.9647055610182453,-0.0022258862324813222,-0.0013190436933223637,-8.244023083270324e-05,-0.001071723000824365,-0.003874690849134388,0.006018136850783007,0.007996702390766663,0.003544929925803908,-0.006760098928277225,0.006183017312448635,0.0047815333882935684,-0.0018961253091509533,-0.0012366034624896605,8.244023083270324e-05,0.0006595218466612929,-0.002061005770816138,-0.003132728771640614,0.0017312448474855469,8.244023083270324e-05,0.0002473206924979987,-0.001401483924155067,0.002061005770816138,0.0008244023083264773,0.0004946413849958864,-0.003627370156636389,0.0044517724649629775,0.0016488046166529546,0.0009892827699917728
116,116,0.9233305853256389,0.922564529558701,0.9269938817873922,0.9779471211624604,0.0011541632316571793,0.00016488046166518444,-0.001401483924154845,-0.0005770816158284786,-0.0062654575432808945,0.001071723000824476,0.001813685078318028,0.002555647155812024,-0.007172300082440297,0.0013190436933223637,0.002885408079142615,0.004204451772464979,0.0014839241549876592,0.0076669414674360725,0.011788953009068348,0.008985985160758658,-0.0018961253091509533,-0.003544929925803686,-0.005111294311624159,-0.004122011541632276,8.244023083270324e-05,0.013107996702390934,0.012118713932398939,0.00816158285243207,-0.002555647155812024,-0.0027205276174772086,-0.0033800494641385015,-0.0027205276174772086
117,117,0.9431162407254741,0.9411764705882353,0.945285698678029,0.9677619359772752,0.0004946413849958864,0.0011541632316569572,0.003132728771640836,0.004122011541632498,0.0016488046166529546,0.00016488046166518444,0.0014839241549877702,0.0017312448474854358,-0.0006595218466610708,-0.0004946413849957754,0.0017312448474855469,0.001401483924155067,0.0006595218466610708,0.0014839241549875481,0.0006595218466612929,0.00016488046166540649,-0.0005770816158283676,0.0030502885408079106,0.0032976092333060203,0.003215169002473317,0.0004946413849957754,0.002061005770816138,0.0014839241549877702,0.0009892827699916618,-0.0002473206924979987,0.0032976092333060203,0.0030502885408079106,0.0037922506183019067
118,118,0.9389942291838417,0.9368600682593856,0.9410876215448487,0.9859199169671147,0.0003297609233305909,-8.244023083259222e-05,-8.244023083259222e-05,-0.0004946413849958864,-0.001071723000824476,0.000741962077493663,0.0004946413849959974,0.0013190436933222527,-0.0008244023083263663,0.0023907666941467287,0.0018136850783183611,-0.0002473206924979987,-0.0005770816158284786,0.00016488046166540649,0.000741962077493663,-0.0004946413849958864,-0.0006595218466611819,-0.0009892827699917728,0.0003297609233305909,-0.00041220115416329417,-0.00041220115416318315,0.0009068425391590695,0.0004122011541630721,0.00041220115416329417,-0.0009068425391590695,-0.0015663643858203624,-0.0006595218466611819,0.0002473206924978877
119,119,0.9422918384171476,0.9398625429553265,0.9439473396700535,0.9863378127389926,-0.0003297609233305909,0.00016488046166529546,0.0011541632316569572,0.0019785655399836566,-0.0003297609233305909,0.0003297609233304799,0.0007419620774938851,0.003132728771640614,-0.00634789777411382,0.002143446001648841,0.002473206924979543,0.004039571310799572,0.0009068425391590695,0.0004122011541634052,0.00016488046166529546,-0.0007419620774937741,0.00041220115416318315,0.00791426215993396,0.0023907666941466177,0.0003297609233304799,0.0007419620774937741,0.0026380873866447274,0.002061005770816249,0.0014839241549876592,0.0019785655399836566,0.0065952184666118185,0.0034624896949713158,0.0009068425391590695
120,120,0.9348722176422094,0.9316017316017317,0.935982737900142,0.9673440402053972,0.0009068425391591806,0.0023083264633140255,0.0015663643858204734,0.0037098103874690924,8.244023083270324e-05,0.0012366034624897715,0.004616652926628051,0.0065952184666117075,-0.001401483924154956,0.003215169002473206,0.004039571310799794,0.008656224237428067,0.0018961253091508423,0.008656224237427845,0.0007419620774938851,0.002885408079142615,0.0023907666941466177,0.0006595218466611819,0.012118713932398828,0.010717230008243983,0.005935696619950637,0.012943116240725527,0.015910964550700735,0.008573784006595364,0.0002473206924978877,0.012860676009892935,0.012943116240725527,0.012943116240725527
121,121,0.9431162407254741,0.939843068875327,0.9438121380967989,0.979331913033978,0.0011541632316569572,0.0007419620774937741,0.0006595218466610708,0.0018961253091507313,0.0008244023083264773,-0.006018136850783229,-0.0055234954657873425,-0.0030502885408077995,0.0017312448474855469,-0.004204451772464979,-0.0005770816158283676,0.0007419620774939961,-0.0017312448474854358,0.0012366034624898825,0.0008244023083265883,0.0007419620774937741,0.0023083264633141365,0.005935696619950526,0.007089859851607594,0.006760098928277003,-0.0023083264633140255,0.001401483924155067,0.0017312448474855469,0.002143446001648841,0.0017312448474855469,0.004946413849958753,0.005605935696620046,0.0044517724649628665
122,122,0.9018961253091509,0.901571546732837,0.9059119960668633,0.9747596416475471,-0.007996702390766774,-0.008326463314097365,-0.004039571310799683,-0.006347897774113709,-0.03487221764220938,0.006100577081615821,-0.0006595218466611819,0.00453421269579557,-0.03388293487221761,0.010634789777411502,0.011706512778235867,0.007419620774938185,-0.02151690024732078,0.017065127782357803,0.018384171475680167,0.0239901071723001,-0.013849958779884597,0.0044517724649628665,0.0009892827699917728,0.0008244023083263663,-0.022588623248145145,0.01731244847485569,0.014756801319043555,0.01788953009068428,-0.01755976916735369,0.0009892827699918838,0.0002473206924979987,0.0011541632316570682
123,123,0.93239901071723,0.9301533219761499,0.9345747295968535,0.9676636075603627,0.004534212695795459,0.0002473206924978877,0.0019785655399834345,0.001813685078318139,0.002555647155811913,-0.0003297609233305909,0.00181368507831825,0.0002473206924978877,-0.0003297609233305909,-0.003215169002473317,-0.002555647155812024,0.0011541632316569572,-0.0006595218466612929,0.0027205276174774307,0.002885408079142615,0.002143446001648841,-0.00032976092333070195,8.244023083270324e-05,-0.0002473206924978877,0.0002473206924978877,8.244023083270324e-05,0.004534212695795459,0.004616652926628051,0.004369332234130274,0.0008244023083264773,0.0015663643858200293,0.0009068425391589585,0.0007419620774937741
124,124,0.9183841714756801,0.9178423236514522,0.9222509013438216,0.96890636949634,0.0012366034624895494,-0.0001648804616655175,-8.244023083281427e-05,-0.0007419620774938851,-0.003874690849134388,-0.0023083264633141365,-0.002885408079142726,-0.0030502885408079106,-0.0022258862324814332,-0.0029678483099752073,-0.004699093157460976,-0.00420445177246509,-0.001071723000824476,0.0015663643858202514,0.0016488046166529546,0.0008244023083262553,0.0017312448474854358,-0.004039571310799794,-0.004616652926628384,-0.004699093157460976,-0.00181368507831825,0.0019785655399834345,0.002061005770816138,0.0013190436933222527,0.0022258862324813222,-0.0030502885408079106,-0.002473206924979543,-0.0029678483099752073
125,125,0.9431162407254741,0.9412765957446808,0.9453990494919698,0.9789795695400415,-0.0009068425391591806,8.24402308324812e-05,8.244023083270324e-05,0.00181368507831825,0.001401483924155067,0.0023907666941467287,0.00016488046166540649,-0.001071723000824476,0.0002473206924979987,0.002802967848309912,0.0015663643858202514,0.0003297609233305909,-0.0009068425391591806,0.00181368507831825,0.00181368507831825,0.0009068425391591806,0.0003297609233305909,0.0004946413849958864,0.0,8.244023083281427e-05,-0.0014839241549875481,0.0023907666941468397,0.002473206924979321,0.0030502885408081326,0.0,0.0006595218466612929,0.0003297609233305909,-0.0003297609233305909
126,126,0.9356966199505359,0.9342327150084317,0.9385679558614661,0.9732273571506609,0.005111294311624159,0.0023083264633141365,0.0023083264633141365,0.004122011541632387,0.0015663643858203624,0.006760098928277114,0.004863973619125939,0.0041220115416321645,-0.0005770816158284786,0.004863973619126161,0.005276174773289344,0.0005770816158284786,-0.0014839241549876592,0.0008244023083265883,0.003215169002473095,0.0013190436933222527,0.0003297609233305909,-0.0011541632316570682,-0.0014839241549876592,-0.0007419620774938851,-0.0013190436933224747,0.0019785655399837676,0.0017312448474856579,0.0014839241549876592,0.0003297609233305909,-0.0009068425391590695,-0.002555647155811913,-0.0027205276174773196
127,127,0.9258037922506183,0.9238578680203046,0.9284018900906806,0.9823555118540369,0.007007419620775002,0.0006595218466611819,0.0004946413849958864,0.0003297609233304799,-0.000741962077493663,0.0029678483099752073,0.004616652926628162,0.002061005770816249,-0.0005770816158284786,0.0008244023083265883,0.002225886232481211,0.0009892827699915507,-0.0004946413849957754,0.00214344600164873,0.003627370156636278,0.0033800494641383905,0.001401483924154845,-0.0027205276174774307,-0.002061005770816249,-0.002473206924979432,8.24402308324812e-05,0.005111294311624048,0.004204451772464868,0.005688375927452638,0.0017312448474855469,-0.002473206924979654,-0.0011541632316570682,-0.000741962077493663
128,128,0.9348722176422094,0.9333333333333333,0.9376830001092538,0.967528405987108,8.244023083270324e-05,-8.244023083259222e-05,-0.001071723000824476,0.0003297609233305909,-0.0015663643858203624,-0.002802967848310023,-0.0016488046166530657,-0.0011541632316569572,-0.0013190436933222527,-0.002473206924979321,-0.0019785655399835456,-0.0008244023083263663,0.0018136850783183611,0.0002473206924978877,0.0014839241549876592,-0.00016488046166529546,0.002061005770816249,-0.0012366034624897715,-0.001071723000824476,0.002885408079142615,0.0007419620774939961,0.0023083264633140255,0.00214344600164873,0.0019785655399835456,0.0016488046166528436,-0.0009892827699917728,-8.24402308324812e-05,1.1102230246251565e-16
129,129,0.8367683429513603,0.8448275862068966,0.8442751010597618,0.963230634764558,0.012283594394064346,0.005441055234954639,0.005935696619950526,0.007089859851607483,-0.028112118713932377,0.009810387469084914,0.01360263808738671,0.007254740313272889,-0.016735366859027212,0.015004122011541665,0.008903544929925844,0.007831821929101257,-0.0023907666941467287,0.01821929101401487,0.01731244847485569,0.021104699093157486,-0.0017312448474856579,0.013272877164055896,0.012778235779060232,0.009645507007419618,8.244023083270324e-05,0.0175597691673538,0.022341302555647147,0.017147568013190395,-0.0030502885408080216,0.010964550700741982,0.011459192085737868,0.009233305853256324
130,130,0.9431162407254741,0.9405684754521964,0.9446055937943844,0.9734649841581996,-0.0037098103874690924,0.0009892827699917728,0.001401483924155067,0.0009068425391591806,0.001401483924155067,0.002555647155812024,0.0055234954657874535,0.005935696619950526,-0.0011541632316569572,0.005605935696620046,0.00791426215993396,0.014591920857378371,0.004946413849958864,0.001401483924155067,0.0014839241549875481,0.0007419620774937741,0.0003297609233305909,0.0076669414674361835,0.0076669414674361835,0.009480626545754434,0.005028854080791567,0.0026380873866447274,0.0026380873866447274,0.0023083264633141365,0.0037922506183019067,0.003874690849134388,0.008079142621599367,0.007419620774938296
131,131,0.9365210222588624,0.9337919174548581,0.9380927018463892,0.9774308969736698,0.0009068425391592916,0.0004946413849958864,0.0011541632316570682,0.0016488046166530657,-0.00041220115416329417,-0.0005770816158284786,-0.0004122011541630721,-0.002555647155811913,-0.0020610057708158047,0.00181368507831825,0.0009068425391592916,0.0034624896949713158,0.00032976092333070195,0.0016488046166530657,0.0012366034624897715,0.001401483924154956,0.0012366034624897715,0.004616652926628273,0.003874690849134388,0.00395713107996698,8.244023083259222e-05,0.002061005770816249,0.0018961253091508423,0.0016488046166531767,0.0002473206924979987,0.004616652926628273,0.005276174773289344,0.004616652926628273
132,132,0.9274525968672712,0.9262981574539364,0.9307385556648093,0.9826204523107177,0.0009892827699917728,0.002143446001648841,0.002143446001648841,0.0019785655399834345,0.0013190436933223637,0.012366034624896938,0.00882110469909314,0.008408903544929847,-0.0004946413849958864,0.009398186314921508,0.009645507007419618,0.007172300082440186,0.004534212695795459,0.00181368507831825,0.0034624896949712047,0.0013190436933223637,0.002555647155811802,0.003874690849134388,0.0016488046166530657,0.0011541632316569572,0.0027205276174772086,0.004122011541632387,0.0037098103874689814,0.0037098103874692034,0.0013190436933224747,0.0033800494641385015,0.003215169002473095,0.0007419620774937741
133,133,0.9299258037922506,0.9266609145815358,0.9312397574565716,0.9831557959139081,0.012036273701566347,-0.0009068425391590695,0.0008244023083264773,0.0006595218466612929,0.002802967848310134,0.0022258862324815443,0.0018961253091508423,-0.001071723000824476,0.001401483924154956,0.0018961253091508423,0.004699093157460754,0.002885408079142615,-0.00214344600164873,0.0002473206924978877,0.002473206924979432,0.0011541632316570682,-0.004039571310799572,-0.0009892827699915507,-0.0015663643858201404,-0.002885408079142504,-0.0014839241549875481,0.0018136850783183611,0.002143446001648841,0.0029678483099753183,-0.004616652926628162,0.0004122011541630721,8.244023083270324e-05,-0.001071723000824254
134,134,0.8565539983511954,0.8642745709828393,0.8644938817873922,0.966681689063695,-0.030750206100577104,-0.004122011541632276,-0.0018961253091507313,-0.0012366034624896605,-0.045589447650453474,-0.003544929925803908,-0.004699093157460865,-0.013107996702390823,-0.061995053586149984,-0.008738664468260438,-0.0033800494641385015,-0.004204451772464979,-0.012201154163231642,0.013190436933223415,0.010305028854080911,0.011871393239901051,0.0009892827699916618,-0.009480626545754434,-0.007089859851607594,-0.00610057708161571,-0.02341302555647151,0.015333882934872145,0.011788953009068459,0.013849958779884708,8.244023083270324e-05,-0.002885408079142615,-0.0044517724649628665,-0.0027205276174772086
135,135,0.9307502061005771,0.9267015706806283,0.9313312575111985,0.9795149131432317,-0.0033800494641383905,0.0014839241549877702,0.005358615004122047,0.001401483924154956,-0.0004946413849956643,0.009810387469085025,0.015581203627370255,0.014344600164880483,-0.002555647155812024,0.011871393239901162,0.014591920857378593,0.00964550700741984,0.005441055234954861,0.00395713107996698,0.0030502885408080216,0.0014839241549876592,0.004122011541632387,0.027617477328936713,0.03000824402308322,0.026793075020610013,0.0037922506183017957,0.009480626545754323,0.004946413849958753,0.0022258862324814332,0.005358615004122047,0.02423742786479799,0.026133553173948942,0.021352019785655374
136,136,0.9167353668590272,0.9164598842018197,0.9208210422812193,0.9810362722604611,0.009563066776587026,0.0013190436933224747,0.002143446001648952,-0.00041220115416318315,-0.00849134377576266,0.019868095630667715,0.01788953009068439,0.014097279472382485,-0.007831821929101368,0.012613355317394936,0.012448474855729752,0.012283594394064457,-0.01360263808738682,0.0006595218466614039,0.0022258862324814332,0.0030502885408080216,-0.004699093157460754,-0.0029678483099752073,-0.003132728771640503,-0.0037098103874690924,-0.009480626545754323,0.003215169002473206,0.003544929925803575,0.0041220115416321645,-0.004369332234130052,-0.0014839241549876592,-0.0023907666941467287,-0.002473206924979432
137,137,0.93239901071723,0.9300341296928327,0.9344613787829127,0.978091882442915,-0.0008244023083265883,-0.0012366034624896605,-0.0015663643858203624,-0.0016488046166529546,0.001401483924154845,-0.0014839241549875481,-0.002473206924979321,-8.244023083270324e-05,0.0011541632316571793,-0.004369332234130274,-0.004039571310799572,-0.004039571310799572,-0.002473206924979321,0.0023083264633140255,0.0023083264633141365,0.004204451772464757,0.0005770816158283676,0.00016488046166518444,0.0015663643858203624,-0.00016488046166518444,-0.0032976092333057982,0.003874690849134388,0.004204451772464979,0.0033800494641382794,-0.0002473206924978877,-0.0004946413849958864,0.0002473206924978877,0.001401483924155067
138,138,0.9307502061005771,0.9286926994906621,0.9331448705342511,0.9736998798208238,0.007419620774938185,-0.001071723000824254,-0.0011541632316570682,-0.0013190436933221417,-0.0029678483099754294,0.0019785655399835456,0.00601813685078334,0.0044517724649628665,-0.00420445177246509,-0.00041220115416318315,0.0017312448474856579,0.004946413849958753,-0.002555647155811802,0.0027205276174774307,0.008985985160758547,0.004699093157460976,0.00041220115416329417,1.1102230246251565e-16,-0.000741962077493663,-0.00041220115416318315,-0.0023083264633139144,0.005770816158285452,0.008821104699093252,0.00873866446826066,0.0006595218466612929,-0.0005770816158283676,-0.0002473206924979987,0.0006595218466611819
139,139,0.9398186314921682,0.9357959542656112,0.939932262646127,0.973320222877745,0.0015663643858201404,0.0004946413849959974,0.001813685078318139,-0.0004946413849957754,0.0009892827699917728,0.001401483924154956,0.0013190436933224747,-0.002473206924979321,0.002555647155811913,0.0011541632316570682,-0.0012366034624895494,-0.0012366034624895494,0.001401483924154956,0.0026380873866446164,0.0023083264633141365,0.002802967848309801,0.0007419620774939961,-1.1102230246251565e-16,0.0027205276174770976,0.00016488046166529546,0.0009068425391591806,0.004616652926628051,0.002802967848310023,0.003544929925803797,0.0015663643858203624,0.0022258862324814332,0.0016488046166529546,0.0008244023083265883
140,140,0.7930750206100577,0.7940935192780968,0.7971457445646236,0.9357177974434612,-0.02514427040395717,-0.0015663643858202514,0.00016488046166529546,-0.00016488046166518444,-0.0686727122835944,0.01788953009068428,0.02390766694146751,0.019538334707337124,-0.07675185490519376,0.020692497938994303,0.023495465787304215,0.014014839241549892,-0.005358615004122047,0.010552349546578688,0.010717230008243983,0.011624072547403164,-0.0037922506183017957,0.00816158285243207,0.008079142621599478,0.0036273701566365,0.002143446001648841,0.017394888705688394,0.011624072547403275,0.01244847485572953,-0.005358615004121825,0.007172300082440297,0.010717230008243983,0.0036273701566365
141,141,0.9274525968672712,0.9265442404006677,0.930965257292691,0.9809843767070906,0.0023907666941466177,0.001071723000824476,0.0012366034624896605,0.0006595218466612929,0.0016488046166528436,0.0018961253091509533,0.0023083264633141365,0.0011541632316569572,0.0009892827699917728,0.0023907666941466177,0.0016488046166530657,0.0006595218466610708,-0.001401483924155067,0.0002473206924979987,-0.0009068425391591806,0.00041220115416318315,0.0022258862324814332,-0.0016488046166530657,-0.001401483924155067,-0.0009068425391591806,-0.0009068425391591806,0.001071723000824476,0.001401483924155067,0.0013190436933223637,0.00181368507831825,-0.0009892827699918838,-0.0009892827699918838,-0.0009068425391591806
142,142,0.9365210222588624,0.9341317365269461,0.9384327542882116,0.9823514148366655,0.0004946413849959974,0.0014839241549878812,0.001071723000824476,0.0005770816158284786,0.00016488046166529546,-0.0007419620774938851,-0.0004946413849957754,0.0016488046166528436,-0.0012366034624897715,8.244023083259222e-05,0.00041220115416318315,0.0012366034624897715,-8.244023083259222e-05,0.0011541632316570682,0.0011541632316570682,0.0009068425391590695,0.0023907666941468397,0.002061005770816249,0.0017312448474856579,0.00214344600164873,-0.00016488046166529546,0.00395713107996698,0.0030502885408079106,0.0018136850783183611,0.0022258862324816553,-1.1102230246251565e-16,0.002885408079142726,0.003215169002473206
143,143,0.9398186314921682,0.9379779099405268,0.9421992789249427,0.9821807057795259,0.001813685078318139,0.0026380873866446164,0.0012366034624895494,0.001071723000824365,0.0033800494641383905,0.0016488046166529546,0.0015663643858203624,0.0009068425391591806,0.0023907666941467287,0.003874690849134277,0.0009068425391591806,0.001813685078318139,0.002555647155811913,0.0037098103874689814,0.0029678483099752073,0.0033800494641386125,0.004039571310799683,0.00577081615828523,0.004699093157460976,0.005276174773289344,0.0018961253091508423,0.0033800494641386125,0.004039571310799683,0.003215169002473095,0.00395713107996698,0.004781533388293457,0.003544929925803797,0.0030502885408079106
144,144,0.9340478153338829,0.9305555555555556,0.9349844313339888,0.9731973123566043,0.0003297609233303689,8.244023083259222e-05,-0.00032976092333070195,0.00024732069249810973,-0.0014839241549875481,-0.00024732069249777666,-0.0023907666941468397,-0.004369332234130274,-0.0011541632316569572,-0.002061005770816138,-0.0027205276174772086,-0.003215169002473095,-0.0016488046166528436,0.0005770816158284786,0.0004946413849957754,0.0009068425391591806,-0.0018961253091509533,-0.003544929925803797,-0.004039571310799683,-0.003215169002473095,-0.0023907666941468397,0.002555647155812135,0.0030502885408077995,0.002555647155812135,-0.0018961253091509533,-0.0023083264633141365,-0.0029678483099752073,-0.0017312448474855469
145,145,0.9274525968672712,0.9251700680272109,0.9297183983393422,0.9710723260133288,0.012283594394064346,0.0030502885408079106,0.0023083264633141365,0.0009892827699916618,-0.004699093157460865,0.012860676009892935,0.007584501236603258,0.005028854080791345,-0.005111294311624159,0.00972794723825221,0.006512778235778893,0.006183017312448413,8.244023083270324e-05,0.001071723000824476,0.001401483924154845,0.0014839241549875481,-0.00016488046166540649,0.006677658697444522,0.00610057708161571,0.004616652926628162,-0.002802967848310134,0.002555647155812024,0.0014839241549876592,0.0009068425391590695,0.0022258862324814332,0.005276174773289233,0.0069249793899422984,0.0030502885408079106
146,146,0.9439406430338005,0.9421768707482994,0.9462840052441823,0.9783213154157108,0.0065952184666117075,0.005276174773289344,0.005358615004121936,0.005441055234954861,0.004616652926628384,-8.24402308324812e-05,-0.0006595218466612929,0.002143446001648841,0.0017312448474856579,-0.0017312448474855469,0.0005770816158285896,0.0027205276174774307,0.0008244023083266994,0.0030502885408080216,0.003132728771640614,0.0017312448474856579,0.0009892827699916618,8.244023083270324e-05,0.0004122011541630721,0.0005770816158288117,0.0008244023083266994,0.0034624896949712047,0.0037922506183017957,0.003132728771640614,0.0004946413849958864,-0.0007419620774937741,0.0005770816158284786,0.0007419620774937741
147,147,0.9398186314921682,0.9357959542656112,0.939932262646127,0.9771932699661313,-0.0015663643858203624,0.0009068425391591806,0.001071723000824254,0.001401483924154956,0.001813685078318139,0.0012366034624897715,0.005441055234954528,0.002555647155811913,0.0016488046166529546,0.0023907666941467287,0.001071723000824365,0.002061005770816249,0.001071723000824587,0.00453421269579557,0.003544929925803797,0.005111294311624048,0.0011541632316570682,0.005276174773289344,0.005111294311624048,0.004534212695795459,0.0004946413849959974,0.004699093157460754,0.0030502885408079106,0.00577081615828523,0.0014839241549876592,0.004946413849958864,0.0069249793899422984,0.005193734542456641
148,148,0.9258037922506183,0.9224137931034483,0.927155031137332,0.9843903638151427,-0.0030502885408080216,0.00032976092333070195,-0.0008244023083263663,-8.244023083270324e-05,-0.0012366034624897715,0.0004946413849958864,-0.0008244023083264773,-0.002473206924979432,-0.002555647155812135,-0.0008244023083264773,-0.003215169002473206,-0.002885408079142615,-0.0026380873866448384,-0.00016488046166540649,-0.0004946413849959974,-1.1102230246251565e-16,-0.0014839241549876592,0.002143446001648952,0.0029678483099752073,0.0019785655399834345,-0.002555647155812135,0.0005770816158284786,0.0006595218466611819,-1.1102230246251565e-16,-0.0015663643858202514,0.0031327287716403918,0.00181368507831825,0.0033800494641383905
149,149,0.9225061830173125,0.9203389830508475,0.9249754178957719,0.9799819731235662,1.1102230246251565e-16,0.0008244023083263663,-0.0004946413849959974,0.0,0.0011541632316571793,-0.002802967848309801,-0.0019785655399835456,-0.0017312448474856579,0.0011541632316571793,-0.0013190436933223637,-0.0012366034624897715,0.0,-0.003957131079967091,-0.0026380873866447274,-0.003874690849134277,-0.0027205276174774307,-0.0004122011541630721,-0.0007419620774937741,-0.0004122011541630721,-0.00016488046166518444,-0.0029678483099753183,-0.0004122011541630721,-0.0011541632316568462,-0.00214344600164873,-0.0012366034624897715,-0.0005770816158285896,-0.00016488046166518444,0.0007419620774937741
150,150,0.9315746084089035,0.9282627484874676,0.9327829673331147,0.9748770894788593,0.00016488046166529546,0.00041220115416318315,0.0019785655399832125,0.0015663643858203624,0.003957131079967091,0.0027205276174772086,0.005111294311624048,0.0023907666941466177,0.0030502885408077995,0.0033800494641382794,0.003544929925803686,0.0004122011541630721,0.0008244023083265883,0.0023907666941466177,0.0018961253091509533,0.00032976092333070195,0.004369332234130274,0.0037098103874689814,0.0031327287716403918,0.0037098103874689814,0.0009068425391590695,0.0034624896949712047,0.0016488046166528436,0.0013190436933223637,0.004122011541632387,0.003627370156636389,0.0032976092333057982,0.0033800494641385015
151,151,0.8928276999175597,0.8949919224555735,0.8984444990713427,0.9810799737790888,-0.006430338004946523,0.003957131079966869,0.0016488046166528436,0.002802967848309912,-0.030090684253916034,0.0375927452596867,0.044187963726298296,0.034460016488046086,-0.03058532563891192,0.04517724649629018,0.03281121187139313,0.03033800494641381,-0.03421269579554831,0.026463314097279533,0.03709810387469081,0.03132728771640558,-0.0006595218466612929,0.005028854080791345,0.0032976092333057982,-0.0016488046166529546,-0.034707337180544195,0.026875515251442605,0.02967848309975274,0.03314097279472372,-0.001813685078318139,0.004369332234130274,0.002885408079142504,0.005028854080791345
152,152,0.9241549876339654,0.9226890756302522,0.9271987326559599,0.9772287774500164,0.010140148392415727,-0.0012366034624896605,0.00041220115416318315,0.003215169002473317,-0.0018961253091509533,0.002555647155812024,0.004039571310799794,0.004286892003297682,8.244023083270324e-05,0.001401483924155067,0.0014839241549875481,0.00206100577081636,0.0009068425391591806,0.006183017312448413,0.0037922506183015736,0.0037098103874690924,-0.0004946413849958864,0.003957131079967091,0.0026380873866447274,0.003132728771640614,0.0,0.011046990931574685,0.008244023083264773,0.008656224237427734,0.00016488046166540649,0.0012366034624898825,0.0022258862324815443,0.003132728771640836
153,153,0.9225061830173125,0.9216666666666666,0.9261089260351797,0.981824265268218,-0.0009068425391591806,-0.000741962077493663,-0.0004122011541630721,-0.0004946413849959974,-0.0019785655399835456,-0.0022258862324813222,-0.0022258862324815443,-0.0023083264633142475,-0.0030502885408077995,-0.002473206924979432,-0.001813685078318139,-0.002885408079142615,-0.0008244023083264773,-0.00016488046166518444,-0.00016488046166518444,-0.0004946413849959974,1.1102230246251565e-16,0.00016488046166529546,-0.0008244023083264773,-0.0005770816158284786,-0.0009068425391589585,0.001401483924154956,0.0006595218466611819,0.00041220115416318315,8.244023083259222e-05,0.0002473206924979987,8.24402308324812e-05,0.0004946413849958864
154,154,0.9406430338004946,0.9389830508474576,0.9431975854910959,0.9803042718234458,0.007914262159934071,0.0015663643858203624,0.001401483924154956,0.0015663643858203624,0.0013190436933224747,0.0022258862324816553,0.0033800494641383905,0.0013190436933222527,0.0006595218466611819,0.0027205276174773196,0.0033800494641386125,0.0009068425391590695,-0.001071723000824365,-0.0004122011541630721,0.0002473206924979987,-0.0009068425391591806,0.0018136850783183611,0.0014839241549876592,0.0007419620774938851,0.0005770816158284786,-0.0009892827699918838,0.0009068425391592916,8.244023083259222e-05,0.00032976092333070195,0.0018961253091510644,0.001071723000824476,0.00041220115416318315,0.0004946413849958864
155,155,0.9398186314921682,0.9374464438731791,0.9416325248552386,0.9741614771113296,0.0007419620774938851,0.0002473206924979987,0.00032976092333081297,0.0023907666941467287,-0.0004946413849957754,0.001401483924154956,0.001401483924154956,0.0023083264633141365,-0.00041220115416318315,0.002885408079142504,0.0018961253091508423,0.0012366034624897715,-0.0013190436933224747,0.0002473206924979987,-0.0002473206924979987,-0.0002473206924979987,-0.001071723000824365,0.004122011541632387,0.004699093157460754,0.0012366034624897715,-0.001401483924154956,0.0004946413849959974,0.0004946413849957754,0.0009892827699917728,-0.0013190436933224747,0.0007419620774938851,0.003215169002473206,0.0015663643858203624
156,156,0.9348722176422094,0.9331075359864521,0.9374562984813722,0.974849776029717,0.0017312448474854358,8.244023083259222e-05,-8.24402308324812e-05,0.0020610057708160268,-0.002061005770816249,-0.0009068425391590695,0.0011541632316570682,0.00016488046166540649,-0.0041220115416321645,0.001401483924154956,0.0018961253091508423,0.0009892827699916618,0.0004946413849959974,0.0017312448474856579,0.0013190436933222527,0.0023907666941467287,-0.002555647155812135,-0.0013190436933221417,-0.0015663643858203624,-0.0015663643858203624,8.244023083270324e-05,0.0033800494641383905,0.002885408079142615,0.0023907666941467287,-0.0023083264633141365,-0.0004946413849958864,-0.0008244023083263663,-0.0014839241549874371
157,157,0.9307502061005771,0.9283276450511946,0.9328048180924287,0.9741614771113297,0.0037922506183020177,0.0008244023083263663,0.00016488046166540649,0.0009068425391590695,8.244023083270324e-05,0.0008244023083263663,0.0011541632316570682,-0.0008244023083263663,-0.0019785655399834345,-0.00024732069249777666,-0.0004946413849958864,-0.001071723000824476,1.1102230246251565e-16,0.0012366034624895494,0.00024732069249810973,0.0004946413849957754,0.002143446001648841,0.0013190436933224747,0.0017312448474854358,0.0012366034624897715,1.1102230246251565e-16,0.0016488046166529546,0.0018961253091508423,0.002555647155812135,0.001813685078318139,0.0008244023083263663,0.0022258862324815443,0.0018961253091508423
158,158,0.9406430338004946,0.9384615384615385,0.9426308314213918,0.9774541134054407,0.008326463314097476,0.007007419620775002,0.005276174773289344,0.0055234954657872315,0.0022258862324814332,0.010717230008243983,0.003132728771640614,0.0030502885408079106,-8.244023083259222e-05,0.008573784006595253,0.0029678483099752073,0.0018961253091510644,0.00041220115416329417,0.022918384171475514,0.025638911788952945,0.02159934047815326,-8.244023083259222e-05,0.005605935696619935,0.006265457543281228,0.005441055234954528,0.004616652926628162,0.021022258862324894,0.02464962901896106,0.028936521022258854,-0.0004946413849959974,0.004946413849958642,0.005028854080791345,0.002473206924979432
159,159,0.9373454245671888,0.935042735042735,0.939317710040424,0.9792827488255216,-0.0011541632316570682,0.0011541632316569572,0.0009892827699917728,0.0005770816158285896,0.0013190436933223637,0.0023083264633141365,0.001401483924154956,0.001401483924155178,0.0015663643858203624,0.001813685078318028,0.0013190436933223637,0.0009068425391590695,0.0007419620774938851,0.0002473206924979987,-0.0009068425391589585,-0.0007419620774937741,0.0009892827699917728,0.0055234954657874535,0.007254740313272889,0.005605935696620157,-0.0003297609233305909,0.0012366034624896605,-8.244023083259222e-05,-0.00016488046166518444,0.0016488046166530657,0.005770816158285341,0.007089859851607483,0.006265457543281228
160,160,0.9332234130255564,0.9317607413647851,0.9361397902327105,0.9688531082705123,-0.0009068425391592916,-8.244023083270324e-05,0.0002473206924978877,0.00041220115416329417,-0.0002473206924979987,-0.0019785655399836566,-0.0029678483099752073,-0.0016488046166530657,-0.002061005770816138,-0.002143446001648841,-0.002885408079142615,-0.0027205276174774307,0.00041220115416329417,-0.0011541632316571793,-0.0014839241549875481,-0.002061005770816249,0.0009892827699918838,-0.0019785655399836566,-0.0019785655399834345,-0.002143446001648841,0.0003297609233305909,-0.0007419620774938851,-0.0009068425391592916,-0.001071723000824254,0.0007419620774937741,-0.0019785655399834345,-0.0013190436933221417,-0.0011541632316571793
161,161,0.9373454245671888,0.9352640545144804,0.9395444116683055,0.9831694526384792,0.004699093157460976,-0.0006595218466611819,0.001071723000824476,0.0004946413849958864,-0.0007419620774937741,0.0012366034624897715,0.0007419620774938851,0.0004122011541634052,-0.001071723000824365,0.0012366034624897715,0.0016488046166530657,0.0029678483099752073,-0.0006595218466611819,0.0002473206924979987,0.00016488046166518444,0.00032976092333070195,-0.0018961253091508423,-0.0003297609233305909,0.0011541632316571793,-0.00016488046166518444,-0.0011541632316568462,0.002802967848310245,0.002555647155812135,0.002143446001648952,-0.001813685078318139,0.0005770816158285896,0.0004946413849958864,8.244023083259222e-05
162,162,0.9356966199505359,0.9341216216216216,0.9384546050475253,0.9753086419753086,0.0017312448474855469,0.0012366034624897715,0.0005770816158287007,0.0007419620774938851,0.0014839241549876592,0.001071723000824365,0.0013190436933222527,0.0009892827699918838,0.0014839241549876592,0.003132728771640503,0.0015663643858201404,0.0018961253091510644,0.0023907666941467287,0.001401483924155178,0.0022258862324815443,0.0023083264633141365,0.002143446001648952,0.001071723000824365,0.0004946413849959974,0.0007419620774938851,0.0007419620774939961,0.0030502885408079106,0.0030502885408080216,0.0023083264633141365,0.0013190436933222527,0.0009068425391590695,0.0003297609233305909,0.0009892827699918838
163,163,0.9340478153338829,0.9325463743676222,0.9369113951709822,0.9820195564295859,-0.0004946413849958864,0.0004946413849959974,0.0005770816158284786,-0.00016488046166529546,-0.0007419620774937741,0.003544929925803686,0.0014839241549877702,0.001071723000824365,-0.0013190436933223637,0.0004122011541630721,0.0012366034624897715,0.001071723000824365,0.001401483924155067,0.0023907666941467287,0.0018136850783183611,0.0014839241549875481,0.0015663643858202514,0.0009068425391589585,-0.0002473206924979987,0.0006595218466611819,0.0011541632316570682,0.0023083264633142475,0.0014839241549875481,0.0018961253091508423,0.0011541632316570682,0.001401483924155067,0.0008244023083264773,0.0002473206924978877
164,164,0.9307502061005771,0.9279588336192109,0.9324647656506064,0.9723697148475909,-0.000741962077493663,2.220446049250313e-16,0.0005770816158284786,0.0014839241549876592,0.0006595218466611819,0.0022258862324815443,0.007419620774938296,-0.00016488046166529546,-0.00024732069249777666,0.00577081615828523,0.002802967848310023,-0.004122011541632387,0.0004946413849957754,0.0016488046166529546,0.0030502885408080216,0.005028854080791456,-0.0018961253091507313,0.0037098103874690924,0.005358615004122047,0.005358615004122158,0.00032976092333081297,0.003627370156636389,0.002885408079142615,0.004122011541632498,-0.0023083264633141365,0.004863973619126161,0.00577081615828523,0.00634789777411382
165,165,0.9381698268755152,0.9364944961896697,0.9407694198623402,0.9780891510980007,-0.0006595218466611819,0.00024732069249777666,-8.244023083259222e-05,-8.244023083281427e-05,0.0002473206924978877,-0.002555647155812135,-0.0006595218466611819,-0.00214344600164873,8.244023083259222e-05,-0.0017312448474855469,-0.0005770816158283676,0.0011541632316568462,0.00016488046166518444,-0.0009068425391590695,-0.0011541632316569572,-0.0009892827699915507,0.0009892827699916618,-0.0008244023083263663,0.0007419620774937741,0.0008244023083263663,0.0002473206924978877,-0.0004946413849958864,-0.0004946413849958864,-0.00016488046166529546,0.0011541632316568462,-0.0009892827699915507,-0.0002473206924979987,-0.0007419620774937741
166,166,0.93239901071723,0.930976430976431,0.9353681852944389,0.9706735496558505,-0.0017312448474854358,0.00016488046166540649,-0.00016488046166540649,-0.0009068425391591806,-0.002885408079142726,0.004946413849958753,0.0037922506183016846,0.00181368507831825,-0.0037098103874692034,0.0012366034624896605,-0.0002473206924979987,0.001401483924154845,-0.002061005770816138,0.0009892827699917728,0.0012366034624895494,0.002061005770816138,-0.0022258862324813222,-0.0012366034624898825,-0.00041220115416318315,-0.0012366034624896605,-0.0018961253091509533,0.0018961253091509533,0.0013190436933223637,0.0014839241549875481,-0.002555647155812024,-0.0009068425391591806,-0.0009892827699917728,-0.0012366034624896605
167,167,0.9315746084089035,0.9303106633081444,0.9347099311701081,0.9795231071779744,0.008573784006595253,0.00041220115416318315,-0.0003297609233305909,0.0032976092333057982,-8.244023083270324e-05,0.005358615004121936,0.002885408079142615,0.0018961253091509533,-0.003874690849134277,0.00428689200329746,0.0034624896949712047,0.0006595218466610708,-0.004286892003297682,0.00461665292662794,0.004699093157460865,0.00610057708161571,-0.00016488046166540649,-0.0011541632316570682,-0.0013190436933222527,-8.24402308324812e-05,-0.004369332234130385,0.007419620774938074,0.0076669414674360725,0.006183017312448413,-0.0014839241549875481,-0.0004946413849958864,-0.001401483924154845,-0.0017312448474856579
168,168,0.9299258037922506,0.927536231884058,0.9320332131541571,0.9809625259477768,0.002802967848309912,-0.00041220115416318315,-0.0004946413849958864,-0.0006595218466610708,0.0034624896949712047,-0.0016488046166530657,-0.0009068425391592916,-0.00181368507831825,-0.0037922506183016846,-0.0012366034624896605,-0.0023907666941468397,-0.0014839241549875481,-0.004039571310799572,-0.00041220115416318315,-0.001813685078318028,-0.0018961253091507313,0.00041220115416329417,-0.003874690849134388,-0.0016488046166528436,0.0005770816158284786,-0.0044517724649629775,0.0015663643858202514,-0.0006595218466611819,8.244023083270324e-05,-0.00016488046166529546,-0.0013190436933223637,-0.0026380873866447274,-0.0006595218466610708
169,169,0.9332234130255564,0.9316455696202531,0.9360264394187698,0.981232929094286,0.0023907666941467287,0.0002473206924978877,0.00181368507831825,0.003132728771640503,0.0004946413849957754,0.0003297609233305909,-0.00016488046166529546,-0.0022258862324814332,-0.0015663643858203624,0.0011541632316570682,0.0007419620774937741,-0.0002473206924978877,-0.0014839241549875481,0.00041220115416329417,0.0011541632316570682,0.0006595218466612929,0.0003297609233305909,-0.0003297609233304799,-0.0002473206924979987,-0.0017312448474855469,-0.0009068425391590695,0.001813685078318139,0.001071723000824365,0.0013190436933223637,0.0006595218466612929,-0.0009068425391590695,-0.0018961253091507313,-0.0023907666941466177
170,170,0.9365210222588624,0.9351305812973884,0.9394529116136785,0.988948978477002,0.0005770816158287007,0.0002473206924979987,0.00016488046166529546,-0.0009068425391590695,0.0017312448474856579,-0.0018961253091508423,-0.0003297609233304799,-0.0004946413849959974,0.0016488046166528436,-0.0017312448474854358,-0.001813685078318139,-0.0017312448474856579,0.00181368507831825,0.0004946413849958864,0.0018961253091508423,0.00181368507831825,0.0018136850783183611,-0.0013190436933222527,-0.0016488046166529546,-0.0014839241549876592,0.0019785655399835456,0.006512778235779226,0.004122011541632387,0.00395713107996698,0.0018961253091508423,-0.0013190436933224747,-0.0013190436933222527,-0.0008244023083264773
171,171,0.9249793899422918,0.9209383145091226,0.9258166721293565,0.9723806402272479,0.0019785655399833235,8.244023083259222e-05,0.0003297609233305909,0.0013190436933224747,-0.0036273701566366112,0.0004946413849956643,-0.006265457543281228,-0.007502061005770888,-0.004616652926628273,-0.002555647155812135,-0.004699093157460976,-0.008326463314097365,0.0008244023083263663,0.003132728771640503,0.0023907666941467287,0.002885408079142504,-0.0003297609233305909,-0.001071723000824365,-0.0008244023083265883,-0.0032976092333059093,0.0003297609233304799,0.003874690849134277,0.0027205276174770976,0.0018961253091508423,-0.0013190436933222527,-0.001071723000824587,-0.001071723000824365,-0.0015663643858203624
172,172,0.9291014014839242,0.9267461669505963,0.9312616082158856,0.9831612586037365,-0.0032976092333057982,-0.0005770816158285896,0.0,0.0008244023083264773,0.0005770816158285896,-0.0003297609233304799,-0.00016488046166529546,-0.0003297609233304799,0.0017312448474856579,-0.0012366034624896605,0.0,-0.0009892827699916618,0.0005770816158285896,-0.0015663643858203624,-0.0034624896949712047,-0.003215169002473095,0.0023907666941468397,0.010799670239076797,0.009810387469085025,0.00906842539159125,-0.001071723000824476,0.0012366034624896605,8.244023083270324e-05,-0.0005770816158285896,0.002143446001649063,0.0076669414674361835,0.00849134377576266,0.006760098928277003
173,173,0.8367683429513603,0.8453125,0.8445018026876434,0.9726510433737573,-0.011376751854905165,-0.011046990931574685,-0.01516900247320696,-0.011871393239901162,-0.045342126957955364,-0.0022258862324815443,-0.0019785655399834345,-0.007419620774938296,-0.06768342951360273,0.0016488046166528436,0.0037098103874692034,-0.003957131079967091,-0.0206100577081616,0.012613355317394825,0.013437757625721303,0.009810387469084914,-0.00758450123660348,-0.0066776586974443,-0.006100577081615932,-0.007007419620774891,-0.019208573784006533,0.0103050288540808,0.012448474855729641,0.011788953009068348,-0.004039571310799572,-0.004204451772464979,-0.006512778235779004,-0.004369332234130163
174,174,0.9299258037922506,0.9277824978759558,0.9322599147820387,0.9779143450234896,-0.002885408079142504,-0.0019785655399834345,-0.0016488046166528436,-0.0015663643858201404,-0.0003297609233304799,-0.002061005770816138,-0.0023907666941466177,-0.0017312448474855469,0.0006595218466611819,-0.0009068425391589585,-0.002802967848309912,-0.00428689200329746,-1.1102230246251565e-16,0.00016488046166518444,0.0027205276174774307,0.0007419620774937741,-0.00610057708161571,-0.0008244023083263663,-0.0027205276174773196,-0.0030502885408079106,-0.00041220115416318315,0.0,0.0008244023083263663,0.0011541632316570682,-0.005935696619950526,-0.0004946413849959974,-0.0004946413849958864,-0.001071723000824476
175,175,0.9480626545754328,0.945829750644884,0.949688626679777,0.9843521249863432,0.002555647155812024,0.004039571310799572,0.0032976092333057982,0.0032976092333060203,0.005193734542456752,0.0013190436933223637,0.0022258862324813222,0.0014839241549877702,0.0018961253091509533,0.0009892827699916618,0.0015663643858204734,0.0,0.002555647155812024,0.001071723000824365,-8.244023083270324e-05,-0.0007419620774938851,0.0058532563891179334,0.005028854080791234,0.003874690849134277,0.00577081615828523,0.001813685078318139,0.0014839241549875481,0.0011541632316571793,0.0004122011541630721,0.0069249793899424095,0.002885408079142615,0.0027205276174774307,0.002802967848309912
176,176,0.9332234130255564,0.931063829787234,0.9354596853490659,0.9663744127608435,0.0007419620774937741,0.0015663643858202514,0.0006595218466610708,0.0009068425391591806,0.0016488046166529546,-8.24402308324812e-05,-8.244023083270324e-05,0.00024732069249810973,0.0009068425391591806,-0.0003297609233304799,-0.001071723000824254,0.0007419620774939961,-0.0002473206924979987,0.003544929925803686,0.003132728771640503,0.0023907666941467287,-0.0017312448474855469,0.0013190436933222527,0.003544929925803908,0.0029678483099753183,-0.0004946413849958864,0.003874690849134388,0.004616652926628162,0.00486397361912605,-0.001401483924154845,0.002885408079142615,0.002885408079142615,0.002555647155811913
177,177,0.9365210222588624,0.934018851756641,0.9383194034742708,0.979274554790779,0.0022258862324816553,0.0009892827699917728,0.0018136850783183611,0.00214344600164873,-0.0004946413849959974,-0.0016488046166529546,-0.0019785655399835456,-0.0015663643858202514,-8.244023083270324e-05,-0.0018136850783183611,8.244023083259222e-05,-0.0013190436933222527,-0.0005770816158284786,0.0020610057708160268,0.003132728771640614,0.003215169002473206,0.00032976092333070195,0.005276174773289233,0.005028854080791567,0.007584501236603591,-0.0014839241549876592,0.0034624896949713158,0.0022258862324814332,0.0032976092333059093,-0.0008244023083264773,0.002555647155812135,0.0026380873866446164,0.0019785655399834345
178,178,0.9447650453421269,0.9428815004262575,0.9469422593685131,0.9905577406314869,0.0005770816158284786,8.244023083259222e-05,0.0009892827699917728,0.0011541632316569572,0.002225886232481211,-0.0004946413849957754,-0.001401483924155067,0.0002473206924979987,0.0015663643858201404,-0.0017312448474856579,-0.001401483924154956,-0.00024732069249810973,-0.0005770816158284786,0.0005770816158283676,-1.1102230246251565e-16,-8.244023083270324e-05,-0.0005770816158287007,0.006512778235779115,0.0018961253091507313,0.003544929925803575,-0.0003297609233305909,0.0014839241549876592,0.0015663643858201404,0.0008244023083265883,-0.00041220115416329417,-0.0007419620774938851,0.00016488046166507342,-0.00016488046166529546
179,179,0.9365210222588624,0.9349112426035503,0.939226209985797,0.9800584507811647,0.004863973619126161,0.0012366034624897715,0.0011541632316570682,0.0014839241549876592,-0.0003297609233305909,0.001401483924154956,0.002473206924979432,0.0014839241549876592,-0.001071723000824365,8.244023083259222e-05,0.000741962077493663,-0.0004946413849957754,0.0012366034624897715,0.0014839241549876592,0.0032976092333059093,0.0017312448474855469,-0.0007419620774938851,0.00032976092333070195,0.0005770816158284786,-0.0009068425391590695,0.001071723000824476,0.003544929925804019,0.004286892003297793,0.005276174773289344,1.1102230246251565e-16,0.0006595218466610708,0.00032976092333070195,-8.244023083259222e-05
180,180,0.9381698268755152,0.9362786745964317,0.9405427182344587,0.9883617393204414,0.010882110469909279,0.006265457543281117,0.008326463314097254,0.010222588623248097,-0.0018961253091507313,0.019291014014839014,0.015910964550700513,0.011376751854905054,-0.004122011541632276,0.009892827699917506,0.010882110469909279,0.012201154163231642,0.004781533388293457,0.011046990931574463,0.01640560593569662,0.012118713932398828,0.0004122011541630721,0.016488046166529102,0.010305028854080689,0.014591920857378149,0.012366034624896827,0.014756801319043777,0.02159934047815326,0.021681780708985965,0.0004122011541630721,0.007254740313272778,0.006677658697444411,0.01063478977741128
181,181,0.9455894476504534,0.9430051813471503,0.9469204086091991,0.9825658254124331,-0.0004122011541630721,-8.244023083259222e-05,0.0007419620774938851,0.0018961253091509533,0.0016488046166528436,-0.002061005770816138,-0.0015663643858202514,-0.0013190436933223637,-0.001401483924155067,-0.0005770816158284786,-0.0006595218466612929,0.0011541632316571793,-0.0015663643858202514,0.001401483924154956,-0.00016488046166518444,0.001401483924154845,-0.002802967848309912,0.0017312448474855469,0.001401483924154845,-0.0004946413849959974,-0.0009068425391591806,0.0023907666941466177,0.0016488046166530657,0.0017312448474855469,-0.0022258862324815443,0.002802967848309912,0.002885408079142504,0.0012366034624896605
182,182,0.8994229183841714,0.9,0.9040505845078117,0.9703867584398557,-0.0309150865622424,-0.005028854080791345,0.0018961253091508423,0.00041220115416329417,-0.03058532563891181,-0.013767518549051894,-0.012860676009892713,-0.016900247320692507,-0.033223413025556425,-0.013685078318219301,-0.014344600164880483,-0.017642209398186393,-0.009480626545754434,0.0026380873866446164,0.004039571310799572,0.006512778235779004,-0.00041220115416318315,-0.005770816158285341,-0.001401483924155067,0.0011541632316568462,-0.011046990931574574,0.00181368507831825,0.001813685078318139,0.007172300082440075,-0.0015663643858203624,-0.0034624896949712047,0.0005770816158284786,-0.0012366034624896605
183,183,0.9274525968672712,0.9262981574539364,0.9307385556648093,0.9739511635529334,-0.002802967848310134,0.0004122011541634052,8.244023083270324e-05,-0.0009892827699916618,0.0005770816158285896,-0.006347897774113598,-0.004039571310799572,-0.002802967848309912,-0.0007419620774937741,-0.007419620774938074,-0.00577081615828523,-0.005688375927452749,-0.0015663643858204734,0.0012366034624896605,0.0014839241549876592,0.0009892827699916618,0.0002473206924979987,-0.0018961253091509533,-0.0002473206924978877,0.0007419620774937741,-0.002143446001649063,0.0027205276174772086,0.002143446001648841,0.0023907666941466177,0.00032976092333070195,-0.0002473206924978877,-0.001071723000824476,0.0009068425391592916
184,184,0.9431162407254741,0.9411764705882353,0.945285698678029,0.9904320987654321,0.0005770816158283676,0.00041220115416318315,-0.00041220115416318315,0.0004946413849958864,0.0004946413849958864,-0.001401483924154845,-0.0006595218466610708,-0.0007419620774937741,-0.0005770816158283676,-0.004204451772464979,-0.005770816158285341,-0.004369332234130163,0.0009068425391591806,0.0005770816158283676,0.00041220115416318315,-0.0004946413849958864,0.0005770816158285896,-8.244023083270324e-05,0.0009892827699916618,-0.0005770816158283676,0.0012366034624896605,0.001071723000824476,8.244023083270324e-05,2.220446049250313e-16,0.0009892827699916618,-0.001401483924154845,-0.0006595218466610708,-0.0009068425391591806
185,185,0.9315746084089035,0.9300758213984835,0.9344832295422265,0.9761171200699225,0.003132728771640614,0.0009892827699917728,-0.0002473206924978877,0.0027205276174772086,0.0006595218466610708,-0.0005770816158285896,-0.0004946413849958864,-0.0009892827699918838,8.244023083270324e-05,0.0002473206924978877,0.0009892827699917728,0.0,-0.0007419620774937741,-8.244023083270324e-05,-0.0009892827699918838,0.00016488046166529546,0.0011541632316569572,0.0037922506183016846,0.0018961253091507313,0.0015663643858202514,-0.0009892827699918838,0.0033800494641385015,0.0012366034624896605,0.002061005770816138,0.0012366034624896605,0.004039571310799794,0.0015663643858202514,0.0014839241549875481
186,186,0.9464138499587799,0.9436253252385083,0.9474653119195893,0.9762345679012345,0.013107996702390712,0.00016488046166518444,0.00016488046166529546,0.0004946413849958864,0.00016488046166529546,0.00032976092333070195,0.0009068425391590695,0.00016488046166518444,-0.0004946413849957754,8.244023083270324e-05,-0.0002473206924978877,0.00016488046166518444,-0.00024732069249810973,0.0004946413849956643,0.0003297609233304799,-0.0009892827699918838,-0.0017312448474854358,0.002885408079142615,0.00041220115416318315,0.0,-0.0003297609233305909,0.0023083264633141365,0.0012366034624896605,0.0014839241549875481,-0.0017312448474856579,0.0004946413849958864,-0.0007419620774937741,-0.001071723000824365
187,187,0.9406430338004946,0.9387755102040817,0.9429708838632143,0.9762291052114062,-0.0004946413849959974,-0.0002473206924978877,0.00041220115416329417,0.0007419620774938851,0.0011541632316570682,0.0002473206924979987,-0.0011541632316572903,-0.00041220115416329417,8.244023083259222e-05,0.0011541632316569572,0.00041220115416329417,0.0012366034624897715,-1.1102230246251565e-16,0.0013190436933222527,0.0019785655399835456,0.001401483924154956,-0.0008244023083264773,0.00016488046166529546,-0.00016488046166529546,-0.00041220115416329417,-1.1102230246251565e-16,0.0032976092333057982,0.0033800494641383905,0.003215169002473206,-0.0013190436933224747,-0.0004946413849959974,0.0009068425391590695,0.00041220115416329417
188,188,0.9233305853256389,0.9203084832904884,0.9250669179503987,0.9627867912159948,-0.002885408079142615,-0.0012366034624896605,-0.001401483924154845,-0.0015663643858204734,0.0004122011541634052,-0.0007419620774937741,-0.0013190436933223637,-0.0007419620774937741,-0.0002473206924978877,-0.004204451772464979,-0.003874690849134388,-0.0023083264633140255,-0.0006595218466610708,0.00032976092333070195,-0.0013190436933222527,-0.002885408079142615,-0.005028854080791234,-0.0006595218466612929,0.0006595218466612929,-0.0002473206924978877,-0.0009892827699918838,0.0011541632316569572,-0.0003297609233305909,0.0005770816158287007,-0.004699093157460865,-0.0019785655399834345,-0.0006595218466612929,-0.0015663643858202514
189,189,0.9348722176422094,0.9329940627650551,0.9373429476674314,0.9849803343166176,0.00041220115416329417,-0.0003297609233304799,-0.0018961253091508423,-0.0023907666941468397,-0.00024732069249777666,0.002802967848310023,0.0012366034624897715,0.0026380873866448384,-0.0012366034624897715,-0.001071723000824254,8.244023083270324e-05,-0.0011541632316569572,-0.0013190436933224747,0.0016488046166529546,0.002061005770816249,0.0022258862324814332,-0.0009892827699917728,-0.00041220115416318315,0.00041220115416329417,0.0013190436933224747,-0.002061005770816249,0.0023907666941467287,0.003132728771640725,0.002473206924979432,-0.0016488046166528436,-0.0019785655399835456,-0.001071723000824476,-0.0005770816158287007
190,190,0.9332234130255564,0.9303525365434222,0.9347795804654212,0.9717141920681743,0.0033800494641383905,0.0015663643858202514,0.0011541632316570682,-0.0004946413849958864,-0.0013190436933223637,0.0006595218466610708,0.0009892827699916618,-0.0004946413849956643,-0.0011541632316571793,0.00041220115416329417,8.244023083270324e-05,-0.00041220115416318315,-0.0011541632316571793,0.0005770816158285896,0.0008244023083262553,0.0002473206924978877,0.0004946413849958864,0.0018961253091509533,0.0022258862324815443,0.0011541632316570682,-0.0015663643858203624,0.003215169002473206,0.00634789777411382,0.0037922506183017957,-0.0004946413849958864,0.001401483924155067,0.0016488046166529546,0.0006595218466610708
191,191,0.9513602638087386,0.9491817398794143,0.9528883972468043,0.9799819731235662,-0.0004946413849958864,-0.0005770816158285896,-0.00016488046166540649,2.220446049250313e-16,-0.0008244023083264773,-0.0009068425391591806,-2.220446049250313e-16,0.0011541632316569572,-0.0011541632316569572,-0.0014839241549877702,-0.0005770816158285896,0.0014839241549875481,-0.002473206924979543,0.0016488046166529546,0.0005770816158283676,0.0017312448474855469,-0.0017312448474855469,0.004699093157460643,0.003874690849134277,0.0023907666941465067,-0.0027205276174774307,0.002885408079142726,0.0019785655399834345,0.0016488046166527326,-0.001401483924155067,0.002885408079142615,0.0022258862324815443,0.002061005770816138
192,192,0.9414674361088211,0.9397794741306191,0.9439691904293674,0.9820168250846716,0.001401483924154956,0.00041220115416318315,0.0005770816158283676,0.0013190436933224747,0.002061005770816249,0.0015663643858203624,0.00181368507831825,0.0036273701566365,0.0007419620774938851,0.0026380873866447274,0.001071723000824476,0.0036273701566365,0.0007419620774937741,0.001071723000824476,0.0009068425391590695,0.002061005770816249,-0.0009068425391591806,0.0003297609233304799,0.0011541632316569572,0.0006595218466611819,0.00041220115416318315,0.002885408079142504,0.0019785655399835456,0.0015663643858203624,-0.0004946413849959974,-8.244023083270324e-05,0.0004946413849958864,0.0008244023083265883
193,193,0.9291014014839242,0.9277310924369748,0.9321684147274119,0.9712949306238393,0.0004946413849958864,0.00016488046166540649,0.0003297609233305909,0.0004946413849957754,0.0007419620774937741,0.0006595218466612929,-0.0013190436933223637,0.0005770816158285896,-0.0002473206924979987,-0.0006595218466612929,8.244023083270324e-05,-0.0007419620774938851,-0.0014839241549875481,-0.0002473206924979987,-0.0009068425391590695,-0.0009068425391590695,-8.244023083270324e-05,-0.0006595218466612929,-0.0013190436933223637,-0.0008244023083264773,-0.001401483924154845,-8.244023083270324e-05,-0.00032976092333070195,0.00041220115416329417,0.00016488046166518444,-0.0002473206924978877,-0.0008244023083265883,-0.00016488046166529546
194,194,0.9315746084089035,0.9285099052540913,0.9330096689609964,0.9716022069266907,-0.0004946413849958864,0.0002473206924979987,-0.0012366034624896605,-0.00181368507831825,0.001813685078318028,-0.0016488046166529546,-0.0008244023083266994,-0.0007419620774939961,0.00041220115416318315,-0.007831821929101368,-0.0076669414674361835,-0.008573784006595253,0.0002473206924979987,-0.005441055234954639,-0.00453421269579557,-0.004204451772465201,8.244023083270324e-05,-0.0015663643858204734,0.0023083264633140255,0.0013190436933223637,-0.00032976092333070195,-0.0032976092333057982,-0.0034624896949712047,-0.0015663643858202514,0.0004946413849958864,-0.001071723000824365,0.00032976092333070195,0.001071723000824476
195,195,0.9348722176422094,0.9329940627650551,0.9373429476674314,0.9787624276193597,-0.0037098103874692034,-0.0014839241549876592,0.00016488046166529546,-0.00016488046166529546,-0.0009892827699917728,-0.005358615004121936,-0.0044517724649627555,-0.0033800494641383905,-0.0033800494641386125,-0.003874690849134388,-0.004616652926628162,-0.0027205276174773196,-0.0005770816158284786,-0.0005770816158284786,-0.0006595218466610708,1.1102230246251565e-16,-0.0015663643858203624,-0.00016488046166529546,0.0009892827699916618,0.0004946413849959974,0.0003297609233305909,0.0004946413849957754,-8.244023083259222e-05,0.0013190436933224747,-0.0012366034624897715,-0.0012366034624897715,1.1102230246251565e-16,0.0005770816158284786
196,196,0.9348722176422094,0.9311246730601569,0.9355293346443789,0.9771878072763028,0.0007419620774938851,-0.00041220115416318315,-0.000741962077493663,-0.0005770816158284786,-8.244023083259222e-05,0.0009892827699918838,1.1102230246251565e-16,-0.00041220115416318315,-0.0012366034624897715,0.0030502885408080216,0.00041220115416329417,-0.00016488046166529546,1.1102230246251565e-16,0.0011541632316570682,-8.24402308324812e-05,-0.00041220115416318315,-0.0018961253091508423,-0.0009068425391590695,-0.00181368507831825,-0.0016488046166530657,-0.000741962077493663,0.003132728771640725,0.0015663643858202514,0.0033800494641386125,-0.0014839241549876592,-0.0009892827699917728,-0.0009068425391590695,-0.0008244023083263663
197,197,0.8384171475680132,0.8454258675078864,0.8454782584944827,0.9262468589533486,-0.015086562242374257,0.0016488046166529546,0.0009068425391591806,0.003215169002473206,-0.05004122011541623,0.05507007419620791,0.046826051112943134,0.05754328112118712,-0.06900247320692487,0.058037922506183004,0.03915910964550706,0.05416323165704873,0.010222588623248208,0.016570486397362028,-0.0004946413849958864,0.013849958779884597,0.002555647155812024,0.014674361088211074,0.01063478977741139,0.014344600164880483,0.010552349546578799,0.013767518549052116,0.01995053586150053,0.005358615004121936,0.003215169002473206,0.012613355317395047,0.02028029678483101,0.013685078318219412
198,198,0.9340478153338829,0.9316239316239316,0.9360045886594559,0.9819089369605595,-0.0033800494641386125,-0.0016488046166528436,-0.0011541632316569572,-0.0018961253091509533,-0.0022258862324814332,0.00041220115416329417,0.0,-0.0005770816158285896,-0.0037922506183016846,-0.0007419620774937741,-0.0009892827699917728,-0.0019785655399835456,-0.0006595218466611819,0.0009068425391589585,0.0017312448474854358,0.0023083264633142475,-0.0012366034624896605,-0.0029678483099752073,-0.0023907666941466177,-0.002473206924979321,-0.0004946413849958864,0.002061005770816138,0.0015663643858202514,0.0018961253091508423,-0.00181368507831825,-0.002802967848310023,-0.002473206924979543,-0.003132728771640614
199,199,0.9406430338004946,0.9388794567062818,0.9430842346771551,0.9779498525073747,0.0004946413849958864,0.00016488046166529546,0.00041220115416329417,0.0008244023083265883,0.00032976092333070195,-0.0005770816158284786,-0.0009068425391591806,-0.0005770816158284786,0.005770816158285341,-0.0004946413849957754,-0.000741962077493663,-0.00041220115416329417,-0.0004946413849959974,0.00016488046166529546,-0.00016488046166529546,-8.244023083259222e-05,0.00041220115416329417,0.0004946413849959974,0.002555647155812024,0.002802967848310023,-0.0007419620774938851,0.0007419620774938851,0.00041220115416329417,0.00016488046166529546,0.0002473206924979987,0.0002473206924979987,-0.0002473206924978877,-0.0005770816158284786
200,200,0.9332234130255564,0.9290096406660824,0.9335327215120726,0.9703840270949415,0.0034624896949712047,0.0027205276174772086,0.00024732069249810973,0.0002473206924978877,0.0008244023083264773,8.244023083270324e-05,-8.24402308324812e-05,-0.001071723000824476,0.003627370156636389,0.0017312448474856579,0.0003297609233305909,0.0009068425391589585,-0.00016488046166518444,0.0027205276174774307,0.003874690849134388,0.003957131079967091,-0.00016488046166529546,-1.1102230246251565e-16,0.002061005770816138,0.00181368507831825,-0.0016488046166528436,0.004039571310799572,0.004369332234130385,0.005276174773289344,-0.00016488046166529546,0.0013190436933223637,-0.0004946413849961084,0.0
201,201,0.9274525968672712,0.9249146757679181,0.9294916967114607,0.9782612258275974,0.002473206924979321,-0.001071723000824476,-0.0003297609233305909,-0.0018961253091508423,0.0011541632316569572,0.002061005770816138,-0.00181368507831825,-0.0018961253091509533,-0.0002473206924978877,0.0023083264633141365,-0.0018961253091508423,-0.005605935696620046,0.0016488046166528436,0.0005770816158285896,0.0014839241549875481,0.0011541632316569572,0.001071723000824476,0.0018961253091509533,0.0023083264633141365,0.002061005770816249,0.0013190436933221417,0.0037098103874689814,0.0017312448474855469,0.0017312448474855469,0.00181368507831825,0.002061005770816249,0.002061005770816138,0.0016488046166528436
202,202,0.93239901071723,0.9291882556131261,0.9336679230853272,0.96969299683164,-0.00206100577081636,-0.0015663643858202514,-0.003132728771640614,-0.0022258862324815443,-0.0004946413849958864,0.0004946413849958864,0.0030502885408079106,0.0019785655399834345,0.0009068425391591806,-0.0012366034624896605,-0.0027205276174774307,-0.0033800494641385015,0.00280296784830969,-0.0003297609233305909,-0.0015663643858202514,-0.003215169002473317,-0.0007419620774937741,0.0015663643858202514,0.005111294311623937,0.0027205276174772086,0.00041220115416318315,0.003132728771640503,0.002555647155812024,0.0022258862324813222,0.0008244023083264773,0.0032976092333057982,0.00610057708161571,0.004122011541632276
203,203,0.920032976092333,0.9189640768588136,0.9234540587785425,0.9766019337921992,-0.002555647155812024,-8.244023083259222e-05,-0.0002473206924979987,0.0014839241549876592,-0.0055234954657872315,0.010552349546578577,0.009645507007419507,0.004699093157460754,-0.006842539159109595,0.004204451772464979,0.00915086562242362,0.00544105523495475,-0.004781533388293457,0.0006595218466611819,0.0019785655399835456,0.0023083264633140255,-0.0008244023083265883,0.0005770816158284786,0.0009068425391591806,-1.1102230246251565e-16,-0.003874690849134499,0.004286892003297571,0.004122011541632387,0.005935696619950415,-0.00041220115416329417,0.0007419620774938851,-0.0004946413849959974,-0.001401483924155178
204,204,0.9398186314921682,0.9370146678170836,0.9411791215994756,0.978938599366328,0.0011541632316570682,1.1102230246251565e-16,0.00041220115416329417,0.0007419620774938851,0.0012366034624897715,0.0014839241549876592,0.0018961253091510644,-0.0011541632316570682,0.0007419620774938851,0.0008244023083263663,0.001071723000824254,0.00041220115416318315,0.0017312448474855469,0.0005770816158287007,0.0009068425391590695,0.0007419620774938851,0.0009892827699918838,-0.001401483924155178,-0.0011541632316570682,-0.0005770816158284786,0.0016488046166528436,0.0017312448474855469,0.0009068425391590695,0.0012366034624897715,0.001401483924154956,-0.001071723000824365,-0.0005770816158284786,1.1102230246251565e-16
205,205,0.9365210222588624,0.9334485738980121,0.9377526494045668,0.9782257183437124,0.0015663643858204734,0.0019785655399835456,0.00214344600164873,0.00181368507831825,0.0015663643858203624,0.0034624896949713158,0.0018961253091508423,0.002143446001648952,0.0009068425391592916,0.0026380873866446164,0.0022258862324814332,0.002473206924979432,0.0022258862324814332,0.0016488046166530657,0.0013190436933222527,0.0005770816158287007,0.00024732069249810973,0.007254740313272889,0.0066776586974443,0.005276174773289344,0.0014839241549876592,0.002061005770816249,0.002555647155812024,0.0014839241549876592,0.0008244023083265883,0.004122011541632387,0.004863973619126383,0.0044517724649629775
206,206,0.920032976092333,0.9180050718512257,0.9226606030809571,0.9688053097345133,-0.0011541632316570682,0.001071723000824365,0.001401483924155067,0.00016488046166529546,0.00041220115416329417,-0.0013190436933222527,-0.0007419620774938851,0.00041220115416329417,-0.0019785655399834345,-0.00032976092333070195,0.0009068425391591806,0.001071723000824587,-8.244023083259222e-05,0.002885408079142615,0.00247320692497921,0.0030502885408077995,0.0013190436933224747,-0.0027205276174773196,-0.00395713107996698,-0.00395713107996698,-0.0004946413849958864,0.003544929925803575,0.003627370156636278,0.003132728771640503,0.00247320692497921,-0.0006595218466611819,-0.0013190436933224747,-0.0020610057708160268
207,207,0.9497114591920858,0.9477292202227935,0.9515718889981426,0.9867884846498416,-0.00016488046166529546,-8.244023083259222e-05,0.0003297609233305909,0.0004946413849959974,0.0030502885408077995,0.0005770816158287007,-0.0011541632316569572,0.00016488046166540649,0.00041220115416329417,-0.0004946413849958864,-0.0012366034624897715,-0.0009068425391588475,-0.001401483924154956,-0.00016488046166529546,-0.001071723000824476,-0.001401483924154956,0.0003297609233305909,-0.00032976092333070195,-0.0016488046166528436,-0.0003297609233304799,-0.0011541632316569572,0.0016488046166529546,0.0003297609233305909,0.0017312448474856579,0.0004946413849959974,-0.00214344600164873,-0.0012366034624896605,0.0003297609233305909
208,208,0.9381698268755152,0.9360613810741688,0.9403160166065772,0.9762482246258056,0.0014839241549875481,-0.0013190436933223637,-0.0012366034624896605,-0.0014839241549876592,-0.0009892827699917728,0.0008244023083263663,0.0011541632316568462,0.0022258862324813222,-0.00214344600164873,0.0011541632316568462,-0.00041220115416318315,0.0007419620774937741,-0.001071723000824476,0.001071723000824365,0.0016488046166527326,0.001813685078318139,-0.002061005770816138,-8.244023083281427e-05,-8.244023083259222e-05,-0.0002473206924979987,-0.001071723000824254,0.0023083264633140255,0.0026380873866446164,0.0022258862324815443,-0.0022258862324814332,-0.00016488046166529546,0.0009068425391589585,-0.00041220115416318315
209,209,0.9299258037922506,0.9294605809128631,0.9338468261772097,0.9916038457336392,0.0009892827699916618,-0.0011541632316569572,-0.0005770816158285896,-0.0014839241549876592,-0.009810387469084914,0.0016488046166529546,-0.0003297609233304799,-0.00181368507831825,-0.004369332234130274,0.0017312448474856579,-0.0014839241549876592,0.0004946413849959974,-0.002061005770816138,-0.004534212695795459,-0.006018136850783007,-0.0033800494641386125,0.001071723000824365,-0.0076669414674360725,-0.007419620774938074,-0.007831821929101257,-0.003132728771640614,-0.0034624896949710937,-0.005605935696619935,-0.003215169002473095,0.0009068425391589585,-0.004699093157460865,-0.004863973619126161,-0.005770816158285119
210,210,0.9356966199505359,0.9321739130434783,0.9365276412105321,0.9842811100185731,0.0004946413849959974,-1.1102230246251565e-16,-0.0003297609233304799,0.00024732069249810973,-0.0002473206924979987,0.004863973619126161,0.003874690849134277,0.004699093157460976,-0.001401483924154956,0.002143446001648952,0.002143446001648952,-0.001813685078318139,-0.0007419620774938851,-0.0009068425391590695,-0.0034624896949710937,-0.005276174773289344,0.0018961253091508423,0.007172300082440297,0.008161582852431959,0.009645507007419729,1.1102230246251565e-16,0.0027205276174775417,-8.244023083259222e-05,1.1102230246251565e-16,0.0012366034624897715,0.006677658697444189,0.008079142621599256,0.008903544929925955
211,211,0.9422918384171476,0.9396551724137931,0.9437206380421719,0.9767111875887687,-0.0009892827699916618,-8.244023083270324e-05,0.001401483924155067,0.001401483924155067,-0.0022258862324815443,-0.0009068425391591806,-0.001401483924154845,-0.00041220115416329417,-0.0017312448474854358,-0.003132728771640503,-0.00247320692497921,8.244023083270324e-05,0.003132728771640614,-0.0012366034624896605,-0.001401483924154845,-0.0009068425391591806,-0.0015663643858202514,0.0009892827699917728,0.0014839241549876592,0.0023083264633141365,0.0009892827699917728,-0.0005770816158285896,0.001401483924155067,0.0003297609233304799,-0.001401483924155067,0.0023907666941468397,0.0018961253091509533,0.0019785655399836566
212,212,0.9192085737840066,0.9128113879003559,0.9184884737244619,0.9689446083251393,0.0018961253091508423,0.0003297609233305909,0.0004946413849959974,0.0018961253091508423,0.0022258862324813222,0.009645507007419618,0.011459192085737757,0.005605935696619824,0.0016488046166529546,0.01244847485572953,0.0076669414674359615,0.0065952184666117075,0.0055234954657872315,0.004616652926628273,0.005111294311623937,0.0032976092333059093,0.004039571310799683,0.004863973619126272,0.005111294311623937,0.004122011541632276,0.004781533388293235,0.004369332234130163,0.00395713107996698,0.004204451772464868,0.004699093157460865,0.004204451772464868,0.004946413849958753,0.005853256389117711
213,213,0.9348722176422094,0.9323050556983719,0.9366628427837868,0.9794821370042609,-0.0027205276174773196,0.0031327287716403918,0.002473206924979432,0.004122011541632387,0.005028854080791456,0.0047815333882935684,0.005688375927452527,0.008408903544929958,-0.0029678483099752073,0.004946413849958753,0.002885408079142615,0.005276174773289566,-0.00041220115416318315,0.003544929925803908,0.003957131079967202,0.0027205276174773196,0.0005770816158284786,0.006018136850783118,0.006183017312448524,0.004286892003297682,0.0008244023083264773,0.006347897774113709,0.004122011541632387,0.0044517724649628665,0.0007419620774938851,0.007172300082440297,0.006760098928276892,0.00453421269579557
214,214,0.9299258037922506,0.9286314021830394,0.9330533704796242,0.9776275538074948,0.0011541632316570682,-8.244023083259222e-05,0.0004122011541630721,0.0009892827699916618,0.0011541632316571793,0.0005770816158285896,8.244023083270324e-05,-0.001401483924154845,0.00041220115416329417,0.0006595218466611819,-0.0011541632316571793,0.00041220115416329417,0.0009068425391591806,0.0016488046166531767,0.0016488046166531767,0.0011541632316570682,0.00024732069249777666,0.0,-0.0015663643858201404,-0.0015663643858201404,0.0008244023083264773,0.0009892827699916618,0.0018136850783183611,0.0007419620774937741,0.0002473206924978877,-0.0014839241549875481,-0.00041220115416318315,-0.0009892827699915507
215,215,0.9356966199505359,0.9338983050847458,0.9382279034196439,0.9718425652791434,0.0023083264633141365,0.0004946413849959974,0.0003297609233305909,0.001071723000824587,0.0032976092333059093,0.0014839241549876592,0.0008244023083265883,8.244023083259222e-05,0.0023907666941467287,0.0019785655399835456,0.0016488046166529546,0.001401483924154956,0.0003297609233305909,0.002555647155811913,0.002885408079142726,0.0023907666941467287,0.00016488046166529546,-8.244023083259222e-05,0.0014839241549876592,-0.0017312448474856579,8.244023083259222e-05,0.003132728771640503,0.0027205276174773196,0.0034624896949713158,1.1102230246251565e-16,0.0015663643858204734,0.0009892827699917728,0.002473206924979432
216,216,0.9373454245671888,0.9357021996615905,0.9399978149240686,0.9764093739757457,0.0033800494641385015,8.244023083259222e-05,0.0004946413849958864,0.0015663643858203624,0.0006595218466610708,0.0026380873866447274,0.008326463314097365,0.006430338004946412,0.00016488046166529546,0.0032976092333059093,0.00420445177246509,0.004369332234130496,-0.001071723000824143,0.001071723000824476,0.0011541632316571793,0.0013190436933224747,0.0011541632316571793,0.0015663643858203624,-0.00016488046166507342,0.0004946413849958864,-0.0020610057708160268,0.0022258862324814332,0.002555647155812135,0.0036273701566365,0.0007419620774937741,-8.244023083270324e-05,-0.0002473206924978877,-0.00016488046166518444
217,217,0.9488870568837593,0.9452296819787986,0.948759969408937,0.977583852288867,-0.0004946413849958864,0.0007419620774937741,0.0004946413849959974,0.0009892827699918838,0.0003297609233305909,0.002473206924979543,0.0033800494641385015,0.002802967848309912,-0.0006595218466611819,0.005358615004122047,0.002143446001648841,0.004039571310799683,-0.0009068425391590695,0.003874690849134499,0.005358615004122047,0.006100577081615932,0.007007419620774891,0.008573784006595142,0.008326463314097254,0.006018136850783118,-0.0015663643858203624,0.006265457543281117,0.005276174773289455,0.006018136850783229,0.005688375927452527,0.0076669414674359615,0.0058532563891179334,0.004863973619126272
218,218,0.9356966199505359,0.9327586206896552,0.937094395280236,0.9804463017589863,0.0017312448474855469,0.0003297609233305909,0.0008244023083265883,-0.0005770816158284786,-0.001401483924154956,0.002885408079142837,0.004616652926628273,0.002555647155811913,-0.0014014839241547339,0.0023083264633142475,0.0017312448474856579,0.0005770816158284786,-0.0023083264633141365,0.0006595218466614039,0.0007419620774938851,0.0009068425391591806,-0.001401483924154956,0.0016488046166528436,0.0009892827699917728,0.0004946413849957754,-0.002473206924979432,0.0026380873866446164,0.0026380873866446164,0.001813685078318139,-0.0022258862324814332,0.0003297609233305909,0.0002473206924979987,-0.0011541632316569572
219,219,0.93239901071723,0.9302721088435374,0.9346880804107942,0.9802114060963618,-0.004122011541632276,0.0037098103874690924,0.0032976092333057982,0.002555647155812024,0.0008244023083264773,0.009150865622423732,0.007831821929101368,0.002885408079142615,-0.005935696619950526,0.010964550700741982,0.007337180544105593,0.0036273701566365,0.0004946413849957754,0.004039571310799794,0.005028854080791456,0.005276174773289455,0.0019785655399834345,0.007007419620775002,0.0055234954657873425,0.004863973619126272,0.00181368507831825,0.005028854080791456,0.00610057708161571,0.007337180544105371,0.0018961253091509533,0.004039571310799794,0.0055234954657873425,0.0047815333882935684
220,220,0.9373454245671888,0.934931506849315,0.9392043592264832,0.9786518081503331,0.0009892827699917728,-0.00016488046166518444,0.00024732069249777666,0.0008244023083265883,8.244023083259222e-05,-0.0016488046166527326,-0.0023907666941467287,-0.0022258862324813222,-0.0009068425391589585,-0.0037922506183015736,-0.004122011541632276,-0.0032976092333059093,-0.0003297609233305909,0.0009068425391590695,-0.0002473206924978877,-8.244023083270324e-05,-0.0023083264633140255,0.0004122011541634052,0.0016488046166530657,0.0009068425391592916,-0.0007419620774937741,0.0015663643858203624,0.0016488046166530657,0.0019785655399835456,-0.0014839241549874371,0.0009068425391590695,0.002885408079142726,0.0026380873866447274
221,221,0.9183841714756801,0.916030534351145,0.9207773407625915,0.9734062602425435,0.0009068425391589585,0.0008244023083264773,-0.0009892827699917728,-0.001401483924155067,0.00016488046166507342,-0.0019785655399836566,-0.003132728771640614,-0.002473206924979321,-0.001401483924155067,-0.0017312448474855469,-0.0004946413849958864,0.00041220115416329417,0.0004946413849957754,0.004946413849958753,0.005935696619950415,0.004781533388293346,-0.0019785655399836566,0.0007419620774937741,0.0009892827699916618,0.0011541632316568462,-0.001401483924155067,0.00610057708161571,0.006265457543281117,0.0058532563891179334,-0.0014839241549876592,0.002473206924979432,0.0022258862324813222,0.0020610057708160268
222,222,0.9332234130255564,0.9318755256518082,0.9362531410466514,0.9640855457227139,0.0002473206924978877,-0.00041220115416318315,0.0,0.0002473206924978877,-0.0002473206924979987,-0.003627370156636389,-0.003215169002473317,-0.0026380873866447274,-8.244023083270324e-05,-0.0027205276174772086,-0.003957131079967091,-0.004039571310799794,-0.0014839241549876592,-8.24402308324812e-05,-0.0009892827699917728,-0.0011541632316569572,-0.0009068425391590695,-0.0013190436933223637,-8.244023083270324e-05,0.0002473206924978877,-0.0018961253091507313,0.0,0.0009068425391591806,0.0009068425391591806,-0.0014839241549875481,-0.0004122011541634052,-0.0008244023083264773,-0.0007419620774938851
223,223,0.9356966199505359,0.9328743545611016,0.9372077460941768,0.9867802906150989,0.00016488046166529546,0.0004946413849959974,0.0002473206924979987,0.0009068425391591806,0.00032976092333081297,0.0023083264633141365,0.0005770816158284786,-0.000741962077493663,-0.001071723000824365,-0.003132728771640503,-0.0033800494641386125,-0.004039571310799461,-0.0008244023083263663,0.0008244023083263663,0.0013190436933224747,0.0002473206924979987,0.001401483924154956,-8.244023083281427e-05,-0.000741962077493663,-0.00041220115416318315,-0.001401483924154956,0.002802967848310023,0.0017312448474856579,0.0016488046166529546,0.0008244023083265883,-0.0008244023083263663,-0.00024732069249777666,-0.0004946413849957754
224,224,0.9439406430338005,0.9414802065404475,0.9454905495465967,0.9799136895007101,-0.004781533388293346,0.0009068425391591806,0.0030502885408080216,0.001401483924154845,0.0011541632316570682,0.0026380873866449495,0.002555647155812024,0.0008244023083264773,-0.0023083264633141365,0.0055234954657873425,0.0016488046166529546,8.244023083270324e-05,0.0004946413849958864,0.005358615004122158,0.00535861500412238,0.005441055234954639,-0.00016488046166518444,0.0023083264633142475,0.0029678483099753183,0.004122011541632498,0.0009892827699919948,0.006100577081615932,0.005111294311624159,0.00610057708161571,0.0015663643858202514,0.0036273701566366112,0.0023083264633142475,0.002885408079142615
225,225,0.9365210222588624,0.9349112426035503,0.939226209985797,0.9796050475254016,-0.0005770816158284786,0.0009892827699917728,0.0014839241549876592,0.0006595218466611819,0.0015663643858203624,0.0009892827699917728,0.0009892827699918838,-0.002143446001648841,-0.0023083264633139144,-0.001071723000824365,-0.0003297609233304799,-0.003132728771640503,-0.000741962077493663,-0.0009892827699916618,-0.0005770816158287007,-0.0003297609233305909,0.002473206924979432,-0.0014839241549876592,-0.0023083264633140255,-0.0014839241549876592,-0.0009892827699916618,0.0008244023083265883,0.002473206924979432,0.0016488046166528436,0.002885408079142726,-0.0014839241549876592,-0.001401483924154956,-0.0009892827699918838
226,226,0.9422918384171476,0.9405772495755518,0.944740795367639,0.9776671583087512,-2.220446049250313e-16,-0.0007419620774937741,-0.0012366034624895494,-0.00016488046166540649,-0.0008244023083264773,-0.0003297609233305909,0.00016488046166529546,-0.0004122011541634052,-0.003215169002473206,-0.0015663643858202514,0.0014839241549876592,0.0004946413849958864,-0.00041220115416329417,0.0013190436933223637,0.0007419620774937741,0.0022258862324814332,-0.00032976092333070195,-0.001071723000824143,-0.0004122011541634052,-0.0004946413849958864,0.0006595218466610708,0.0016488046166528436,0.0025556471558122462,0.0007419620774937741,0.0,-0.0003297609233305909,1.1102230246251565e-16,-0.0004946413849958864
227,227,0.9381698268755152,0.9366018596787827,0.940882770676281,0.9818857205287884,0.0034624896949710937,0.0003297609233305909,0.0003297609233303689,0.0003297609233305909,0.0005770816158284786,-0.0009068425391590695,-0.0009068425391590695,-0.0016488046166528436,-0.0004946413849956643,-0.0022258862324814332,-0.00181368507831825,-0.0017312448474855469,-8.244023083259222e-05,0.0013190436933222527,0.0002473206924978877,-0.0004122011541629611,0.0008244023083263663,-0.0012366034624896605,-0.0008244023083263663,-1.1102230246251565e-16,-1.1102230246251565e-16,0.001401483924154956,0.0004122011541630721,0.0004946413849957754,0.0008244023083263663,-0.0015663643858201404,-0.0014839241549876592,-0.00041220115416318315
228,228,0.9356966199505359,0.9335604770017035,0.9378878509778215,0.9771249863432755,-0.00041220115416318315,-0.0014839241549876592,-0.0009068425391590695,-0.0015663643858203624,-0.003874690849134277,0.0034624896949710937,0.0026380873866448384,0.0023083264633141365,-0.0027205276174773196,0.001401483924154956,0.0014839241549876592,0.001813685078318139,0.0009892827699917728,-0.00041220115416318315,0.0022258862324814332,0.002555647155812135,-0.004039571310799683,0.0007419620774938851,0.0009068425391591806,-0.001813685078318139,0.0007419620774938851,0.0023083264633141365,0.0037922506183017957,0.0026380873866448384,-0.0041220115416321645,-0.0014839241549876592,-0.0018961253091508423,-0.004039571310799461
229,229,0.9299258037922506,0.9287510477787091,0.933166721293565,0.9746995520594339,0.0005770816158284786,0.001071723000824365,0.0013190436933223637,0.002555647155812135,-0.0002473206924979987,-0.0008244023083263663,-0.0016488046166528436,-0.004204451772464757,-0.00041220115416318315,-0.002555647155812024,-0.001401483924154956,-0.0004946413849958864,-0.0019785655399834345,0.0007419620774937741,0.0003297609233305909,0.0004946413849959974,0.0012366034624897715,-0.0030502885408076885,-0.003874690849134388,-0.004699093157460865,-0.0012366034624897715,0.0013190436933223637,0.0030502885408080216,0.0013190436933223637,-8.244023083259222e-05,-0.0019785655399834345,-0.002061005770816138,-0.002555647155812024
230,230,0.9299258037922506,0.928390901432182,0.9328266688517426,0.9817996831639899,-0.0009068425391590695,0.0,0.0007419620774937741,0.0014839241549875481,8.244023083270324e-05,0.0037922506183015736,0.0023083264633142475,0.0009068425391589585,-0.001401483924154845,0.00041220115416329417,0.0013190436933223637,0.0004946413849957754,-0.0017312448474853248,0.002473206924979432,0.002061005770816138,0.0013190436933223637,-0.0009892827699915507,0.0004946413849957754,0.00041220115416329417,0.0003297609233305909,-0.0017312448474853248,0.003215169002473206,0.003874690849134499,0.002885408079142615,-0.0014839241549876592,0.0016488046166529546,0.001071723000824365,0.0011541632316570682
231,231,0.9488870568837593,0.9467353951890034,0.9505735824319895,0.9861520812848246,0.0037098103874690924,-0.0003297609233304799,-0.0017312448474855469,2.220446049250313e-16,0.0034624896949712047,0.0065952184666117075,0.005028854080791456,0.00024732069249810973,0.0033800494641385015,0.0006595218466611819,0.002473206924979543,0.0009068425391591806,-0.002885408079142504,0.0009892827699918838,0.00016488046166518444,-0.0015663643858201404,0.002473206924979432,0.002061005770816138,-0.00214344600164873,-0.0023907666941468397,-0.0016488046166530657,0.0023907666941469508,0.0023083264633140255,0.0015663643858202514,0.0015663643858204734,-0.0004946413849958864,-0.002555647155812024,-0.0030502885408076885
232,232,0.9587798845836768,0.9558303886925795,0.958699333551841,0.9891429039659128,-0.00016488046166540649,0.0011541632316570682,0.001401483924154956,0.002555647155811913,-8.244023083259222e-05,0.005935696619950415,0.004039571310799461,0.006183017312448524,-0.000741962077493663,0.005028854080791456,0.003544929925803797,0.001401483924154956,-0.002555647155811913,0.0016488046166529546,0.0017312448474856579,0.0006595218466611819,-0.0032976092333059093,0.004039571310799461,0.0029678483099752073,0.0032976092333059093,-0.002473206924979321,0.002802967848310023,0.0026380873866446164,0.002802967848310023,-0.003132728771640503,0.004781533388293457,0.00453421269579557,0.004039571310799683
233,233,0.9142621599340478,0.913477537437604,0.9179394733967006,0.9740822681088167,-0.0006595218466610708,-0.001071723000824476,-0.00016488046166529546,-0.00016488046166529546,8.244023083270324e-05,-0.002473206924979543,-0.005028854080791567,-0.004369332234130274,-0.0006595218466612929,-0.0037098103874689814,-0.003132728771640614,-0.0036273701566365,-8.244023083270324e-05,0.0003297609233305909,0.00016488046166540649,0.0005770816158285896,-0.0008244023083264773,-8.244023083270324e-05,-0.0008244023083265883,-0.002061005770816138,-0.0003297609233304799,0.002885408079142615,0.0023083264633140255,0.00181368507831825,-0.0002473206924978877,0.0002473206924978877,-0.0004946413849956643,-0.0015663643858202514
234,234,0.9447650453421269,0.9427839453458582,0.9468289085545722,0.971741505517317,-0.002143446001648841,0.0016488046166528436,0.0013190436933222527,0.0019785655399834345,0.0034624896949710937,0.0013190436933222527,-0.0007419620774938851,0.0030502885408079106,0.00016488046166529546,-0.0004946413849959974,-0.0008244023083263663,-0.0002473206924978877,-1.1102230246251565e-16,0.005770816158285341,0.0037922506183016846,0.0023907666941466177,0.0005770816158283676,-0.00016488046166529546,0.0006595218466611819,0.001071723000824254,0.0013190436933222527,0.00544105523495475,0.0041220115416321645,0.003874690849134388,0.0005770816158284786,-0.0004946413849959974,0.0005770816158284786,0.001813685078318028
235,235,0.9291014014839242,0.9269949066213922,0.9314883098437671,0.9888806948541461,0.012201154163231642,0.0,0.001071723000824365,0.0017312448474856579,-0.0016488046166528436,0.0007419620774939961,-0.0009892827699917728,-0.0019785655399834345,-0.004122011541632387,-0.0015663643858203624,0.00024732069249810973,-0.0008244023083265883,-8.244023083270324e-05,0.003132728771640614,0.0037922506183017957,0.003132728771640503,-0.002802967848309912,-0.0012366034624898825,-0.0015663643858202514,-0.0013190436933223637,0.00041220115416329417,0.00486397361912605,0.0036273701566366112,0.004039571310799572,-0.004122011541632276,-0.0009068425391590695,-0.00016488046166529546,-0.0002473206924978877
236,236,0.9282769991755977,0.9271966527196652,0.9316235114170217,0.9666612039768382,0.0004946413849958864,-0.0005770816158285896,0.0002473206924979987,0.0008244023083264773,-0.0005770816158285896,0.00032976092333070195,0.0007419620774937741,0.0023083264633140255,-0.0013190436933223637,-0.0002473206924979987,-0.0003297609233305909,0.001071723000824476,-0.0007419620774939961,8.244023083270324e-05,0.0002473206924979987,-0.00016488046166540649,-0.0008244023083264773,-0.0008244023083264773,-0.0005770816158285896,-0.0012366034624898825,-0.0012366034624898825,0.0009068425391591806,-0.00041220115416318315,0.0002473206924978877,-0.0009068425391591806,-0.0011541632316571793,-0.0009068425391591806,-0.0011541632316571793
237,237,0.9431162407254741,0.9412765957446808,0.9453990494919698,0.9745657161586365,-8.244023083270324e-05,0.0011541632316569572,0.0016488046166529546,0.0016488046166529546,0.0013190436933223637,0.0006595218466610708,-0.00041220115416318315,-0.00016488046166540649,0.0004946413849961084,8.244023083270324e-05,-8.244023083270324e-05,0.0002473206924979987,0.0009068425391591806,0.0011541632316569572,0.00016488046166518444,0.0002473206924979987,0.0009068425391591806,0.0037922506183019067,0.003132728771640614,0.0027205276174774307,0.0009068425391591806,0.0013190436933223637,0.001401483924155067,0.0005770816158283676,0.0004946413849957754,0.0032976092333060203,0.0027205276174774307,0.0004122011541630721
238,238,0.9299258037922506,0.9266609145815358,0.9312397574565716,0.9756145526057032,0.002885408079142615,-0.0004946413849956643,-0.0006595218466610708,-0.0008244023083263663,0.0023083264633142475,0.0012366034624897715,0.0018961253091509533,0.0016488046166529546,0.0013190436933223637,0.001401483924154956,0.0016488046166529546,0.0009892827699916618,-0.0002473206924979987,-0.0015663643858201404,-0.001071723000824254,-0.001813685078318028,-0.0004122011541629611,-0.0009068425391590695,-0.0001648804616655175,-8.24402308324812e-05,-0.001071723000824254,-0.0005770816158283676,-0.001071723000824254,-0.001071723000824476,-0.0004946413849956643,0.0011541632316570682,0.0006595218466611819,0.00016488046166518444
239,239,0.9563066776586975,0.954349698535745,0.9578580793182563,0.9911531738227903,0.0023083264633141365,0.0015663643858203624,0.0017312448474855469,0.0013190436933223637,0.001071723000824476,-0.00016488046166518444,-0.0005770816158284786,-0.0003297609233305909,0.0006595218466611819,0.00041220115416318315,-0.00024732069249810973,0.0002473206924979987,0.0032976092333059093,0.002802967848309912,0.002555647155812024,0.0029678483099754294,0.001071723000824254,0.0018961253091509533,0.001401483924154956,0.0015663643858201404,0.00181368507831825,0.0037922506183019067,0.0036273701566365,0.0036273701566365,0.0012366034624896605,0.00214344600164873,0.00181368507831825,0.002061005770816249
240,240,0.9208573784006595,0.92,0.9244523653446957,0.9813285261662843,-0.016817807089859915,0.0020610057708160268,-0.0019785655399835456,-0.001813685078318139,-0.007254740313273,0.016570486397362028,0.02341302555647151,0.01912613355317394,-0.019043693322341237,0.017147568013190506,0.018301731244847463,0.018713932399010647,-0.0023083264633141365,0.012530915086562233,0.015333882934872145,0.010057708161582912,0.0006595218466609598,0.0033800494641383905,0.001813685078318139,0.0007419620774938851,-0.004039571310799683,0.023825226710634806,0.020527617477328786,0.018713932399010647,0.0005770816158284786,0.0033800494641383905,0.0005770816158284786,-0.0008244023083265883
241,241,0.9447650453421269,0.9427839453458582,0.9468289085545722,0.9792090025128373,-0.0006595218466611819,-1.1102230246251565e-16,0.0005770816158284786,0.0011541632316570682,0.0009068425391590695,-0.0009892827699918838,-0.0026380873866448384,-0.0009068425391591806,-1.1102230246251565e-16,-0.002885408079142615,-0.002802967848310134,-0.001071723000824365,-0.0008244023083264773,-0.00016488046166529546,-0.0008244023083264773,-0.0004946413849957754,-0.0003297609233305909,-8.244023083259222e-05,8.244023083259222e-05,0.0002473206924979987,-0.0009068425391591806,0.0007419620774938851,0.00016488046166529546,0.00041220115416318315,-0.0003297609233305909,-0.0012366034624897715,0.0005770816158284786,0.00016488046166529546
242,242,0.9315746084089035,0.9301934398654331,0.9345965803561673,0.9687643395607997,-0.0007419620774939961,-0.0004946413849958864,-8.244023083270324e-05,0.0007419620774937741,0.001813685078318028,-0.0014839241549877702,-0.00016488046166540649,0.00016488046166518444,0.0013190436933223637,-0.002473206924979543,-0.0012366034624896605,0.0005770816158283676,-0.0034624896949709827,-0.0016488046166529546,-0.0005770816158284786,-0.001071723000824365,-0.0005770816158285896,0.0026380873866447274,0.002061005770816138,0.0003297609233304799,-0.003874690849134388,0.0005770816158285896,0.0009892827699916618,-0.00016488046166518444,-0.00041220115416329417,0.0014839241549875481,0.0009892827699917728,-0.0009892827699918838
243,243,0.9389942291838417,0.937394247038917,0.9416543756145526,0.9782762482246258,-0.0009892827699917728,-0.0009068425391590695,-0.0005770816158287007,-0.0006595218466610708,-0.0006595218466611819,-0.008079142621599256,-0.0065952184666117075,-0.004616652926628273,-0.001401483924154956,-0.009563066776587026,-0.010717230008243983,-0.010305028854081022,-0.0023907666941468397,-0.00041220115416318315,-0.0009068425391590695,-0.0005770816158284786,8.244023083270324e-05,-0.002555647155812135,-0.003215169002473206,-0.003544929925804019,-0.002143446001648952,-0.00032976092333070195,-1.1102230246251565e-16,-0.0004946413849958864,0.0006595218466611819,-0.002885408079142726,-0.0016488046166528436,-0.0020610057708160268
244,244,0.9307502061005771,0.9291736930860034,0.9335982737900141,0.9729460286244948,0.0002473206924978877,0.0003297609233305909,0.00016488046166529546,0.0014839241549876592,0.0007419620774938851,-0.0015663643858201404,-0.0009068425391590695,-0.0013190436933221417,0.001401483924154956,-0.0027205276174772086,-0.0019785655399834345,-0.0005770816158283676,0.001813685078318139,0.0023083264633142475,0.002473206924979654,0.0029678483099753183,0.0027205276174773196,-1.1102230246251565e-16,0.0008244023083263663,0.0016488046166529546,0.0005770816158287007,0.0030502885408080216,0.0026380873866448384,0.0037098103874690924,0.002473206924979432,0.0004946413849959974,8.244023083270324e-05,0.0009068425391590695
245,245,0.9530090684253916,0.9503916449086162,0.9538648530536435,0.9868895444116683,0.0014839241549875481,0.0008244023083264773,-0.00041220115416318315,0.0011541632316570682,0.008985985160758325,0.0004122011541634052,0.0017312448474854358,0.005028854080791234,0.005111294311623937,-0.0016488046166528436,-0.00016488046166529546,0.0027205276174773196,0.009810387469084803,0.0017312448474854358,-0.0009892827699915507,-0.0012366034624897715,-0.0034624896949710937,0.0055234954657872315,0.007419620774938185,0.009233305853256546,0.008656224237427845,0.003544929925803908,0.0003297609233303689,8.244023083270324e-05,-0.003957131079967202,0.0032976092333056872,0.005193734542456863,0.004616652926628273
246,246,0.9241549876339654,0.9230769230769231,0.9275387850977821,0.9647711132961871,0.023495465787304326,0.0016488046166530657,0.0015663643858202514,0.004946413849958864,-0.0003297609233305909,0.0030502885408079106,0.0022258862324815443,-0.0009068425391591806,-0.004616652926628162,-0.0004946413849957754,0.0005770816158285896,-0.0008244023083264773,-0.003544929925803686,0.0037922506183016846,0.0027205276174774307,0.0037098103874690924,-0.0034624896949712047,-0.0012366034624895494,-0.00181368507831825,0.0004946413849958864,-0.0033800494641385015,0.01063478977741139,0.009233305853256324,0.009810387469084914,-0.003544929925803686,-0.00041220115416318315,-0.0005770816158285896,0.0005770816158285896
247,247,0.9414674361088211,0.9375549692172384,0.941588823336611,0.9861029170763684,-0.0007419620774939961,-0.0012366034624897715,0.0004122011541634052,0.0019785655399835456,-0.006430338004946301,-0.0022258862324813222,0.00016488046166529546,-0.003132728771640725,-0.006512778235779004,-0.0017312448474854358,-0.003957131079967091,-0.007007419620774891,8.244023083259222e-05,0.0019785655399834345,0.004122011541632276,0.001071723000824476,-0.0026380873866447274,-0.0026380873866446164,-0.0012366034624897715,-0.0009892827699918838,0.001071723000824476,0.0026380873866447274,0.0034624896949710937,0.0029678483099752073,-0.0011541632316570682,-0.0029678483099750963,-0.001401483924155067,-0.0014839241549875481
248,248,0.9398186314921682,0.9379779099405268,0.9421992789249427,0.9777477329837212,-0.0011541632316570682,0.0004946413849957754,0.0005770816158284786,0.0003297609233305909,0.0009892827699918838,-0.0002473206924979987,-0.0002473206924979987,-0.0002473206924979987,-8.244023083259222e-05,-0.002143446001648952,-0.001071723000824365,-0.001071723000824587,0.0005770816158287007,-0.00024732069249777666,0.0003297609233305909,0.0002473206924979987,1.1102230246251565e-16,0.0037098103874690924,0.0032976092333056872,0.003957131079967202,-0.00041220115416329417,0.0005770816158287007,0.0011541632316569572,0.0005770816158287007,0.00016488046166540649,0.004946413849958864,0.007007419620775002,0.0027205276174770976
249,249,0.9455894476504534,0.9424083769633508,0.9462403037255545,0.9790997487162678,0.0011541632316569572,0.00016488046166529546,0.0004946413849958864,0.0008244023083263663,0.0005770816158283676,-0.0005770816158284786,0.0013190436933223637,0.001071723000824476,0.0,-0.0004122011541630721,0.0004946413849958864,0.0006595218466611819,-0.0013190436933223637,-0.0005770816158284786,-0.0003297609233305909,0.00016488046166518444,-0.0011541632316570682,0.0022258862324814332,0.0016488046166530657,0.0017312448474855469,-0.0016488046166531767,0.0006595218466610708,0.0006595218466610708,0.0008244023083263663,-0.001401483924155067,0.0014839241549876592,8.244023083259222e-05,0.0007419620774938851
