,random_seed,accuracy,f1,balanced_acc,auc,feature_importance.right_CO2_vd_scaled,feature_importance.right_CO2_vd_fd1_scaled,feature_importance.right_CO2_vd_fd2_scaled,feature_importance.right_CO2_vd_fd3_scaled,feature_importance.rightlow_CO2_scaled,feature_importance.rightlow_CO2_fd1_scaled,feature_importance.rightlow_CO2_fd2_scaled,feature_importance.rightlow_CO2_fd3_scaled,feature_importance.righttop_CO2_scaled,feature_importance.righttop_CO2_fd1_scaled,feature_importance.righttop_CO2_fd2_scaled,feature_importance.righttop_CO2_fd3_scaled,feature_importance.rightlow_temperature_scaled,feature_importance.rightlow_temperature_fd1_scaled,feature_importance.rightlow_temperature_fd2_scaled,feature_importance.rightlow_temperature_fd3_scaled,feature_importance.rightlow_humidity_scaled,feature_importance.rightlow_humidity_fd1_scaled,feature_importance.rightlow_humidity_fd2_scaled,feature_importance.rightlow_humidity_fd3_scaled,feature_importance.righttop_temperature_scaled,feature_importance.righttop_temperature_fd1_scaled,feature_importance.righttop_temperature_fd2_scaled,feature_importance.righttop_temperature_fd3_scaled,feature_importance.righttop_humidity_scaled,feature_importance.righttop_humidity_fd1_scaled,feature_importance.righttop_humidity_fd2_scaled,feature_importance.righttop_humidity_fd3_scaled
0,0,0.8605577689243028,0.782608695652174,0.8235233798195243,0.9511211375444354,0.0035856573705178585,0.007171314741035939,0.008764940239043839,-0.003984063745019806,-0.01195219123505964,-0.008764940239043728,0.002788844621513964,0.016733067729083673,0.01912350597609569,0.02589641434262946,-0.004382470119521975,0.007968127490039945,-0.0031872509960159112,0.002788844621513964,-0.0007968127490038945,0.006772908366533881,-0.006772908366533881,0.007171314741035939,0.009561752988047845,0.0063745019920319335,-0.01195219123505964,0.008764940239043839,0.00517928286852587,0.005577689243027928,-0.0031872509960159112,0.00039840637450194727,0.0019920318725099584,0.005577689243027928
1,1,0.900398406374502,0.8663101604278075,0.8961922340716435,0.9674596663932185,-0.002788844621513964,-0.0023904382470119057,0.0011952191235059528,0.014342629482071767,0.005577689243027928,0.005577689243027928,-0.006772908366533659,-0.0019920318725098474,0.005577689243027928,0.007171314741035939,0.0019920318725099584,-0.004382470119521753,-0.0031872509960159112,-0.01195219123505964,-0.01195219123505964,-0.007968127490039723,-0.0063745019920318224,-0.002788844621513742,0.019920318725099695,0.014342629482071767,0.015139442231075773,0.005179282868526092,-0.004382470119521975,-0.0015936254980079,-0.007968127490039723,-0.009960159362549792,-0.01713147410358562,-0.009960159362549792
2,2,0.8286852589641435,0.7817258883248731,0.8304279464041564,0.9358764014219306,-0.004780876494023811,-0.0019920318725099584,-0.003984063745019806,-0.013944223107569709,0.0035856573705178585,0.0011952191235059528,-0.0015936254980079,-0.013944223107569709,-0.007968127490039723,0.0011952191235059528,-0.0031872509960159112,-0.009960159362549792,0.0011952191235059528,-0.01195219123505964,-0.01354581673306765,0.0063745019920319335,-0.011155378486055745,-0.0003984063745020583,-0.03784860557768921,-0.0019920318725099584,-0.016334661354581725,-0.008366533864541892,-0.009960159362549792,0.0019920318725099584,-0.009960159362549792,-0.010756972111553798,-0.014342629482071656,-0.01035856573705174
3,3,0.9043824701195219,0.8620689655172413,0.8855961170358218,0.9622641509433962,-0.0035856573705177475,0.013545816733067761,0.0063745019920319335,-0.009561752988047734,0.016334661354581614,0.018326693227091684,0.014342629482071767,0.017529880478087678,0.03266932270916334,-0.009163346613545675,-0.006772908366533659,-0.0023904382470119057,0.0019920318725099584,-0.0007968127490038945,-0.0015936254980079,0.01235059760956192,0.010756972111553798,0.011952191235059861,0.005179282868526092,0.002788844621514075,-0.015936254980079556,0.005976095617529986,0.0019920318725099584,0.008366533864542003,0.004382470119521864,0.007171314741035939,0.019920318725099695,0.012350597609561698
4,4,0.8804780876494024,0.8484848484848485,0.8873393491933279,0.9660924254853706,-0.0019920318725099584,-0.0015936254980079,-0.007968127490039723,-0.006772908366533881,-0.0019920318725099584,-0.006772908366533881,-0.0031872509960159112,-0.004780876494023811,-0.004382470119521975,-0.0011952191235059528,-0.015139442231075662,-0.0063745019920318224,-0.008764940239043728,-0.007171314741035828,-0.010756972111553798,0.002788844621513964,0.0035856573705178585,-0.0019920318725099584,0.022709163346613548,0.025099601593625454,-0.008366533864541892,-0.004382470119521975,-0.0035856573705179695,-0.007171314741035828,0.00039840637450194727,-0.021513944223107484,0.00039840637450194727,-0.0063745019920318224
5,5,0.8605577689243028,0.779874213836478,0.8212332512988789,0.9560432048126881,-0.0035856573705179695,0.0011952191235059528,0.0011952191235059528,0.004382470119521864,-0.004382470119521975,-0.003984063745019806,-0.005577689243027817,1.1102230246251565e-16,-0.00517928286852587,0.00836653386454178,0.0063745019920319335,0.0007968127490040056,-0.018326693227091573,0.0019920318725099584,0.0035856573705178585,-0.01195219123505964,-0.0031872509960159112,-0.002788844621513964,0.011155378486055856,0.0011952191235059528,0.0011952191235059528,-0.0007968127490038945,-0.015139442231075662,-0.004382470119521975,0.00039840637450194727,-0.0019920318725099584,-0.023505976095617553,-0.0003984063745020583
6,6,0.896414342629482,0.8617021276595744,0.8930475799835931,0.9589827727645612,-0.0023904382470119057,0.007968127490039945,-0.012749003984063645,-0.012749003984063645,0.005577689243027928,0.0063745019920319335,0.0035856573705178585,0.013147410358565703,0.0023904382470120167,0.00517928286852587,0.011155378486055856,0.009561752988047845,0.026693227091633465,0.012350597609561698,0.007569721115537997,0.004780876494023922,1.1102230246251565e-16,-0.0011952191235058418,-0.0023904382470119057,0.015936254980079778,-0.006772908366533659,0.005179282868526092,-0.004780876494023811,-0.004382470119521753,-0.005179282868525759,-0.011155378486055745,0.005577689243027928,0.0015936254980080111
7,7,0.8446215139442231,0.7547169811320755,0.8040743779053869,0.9541974295870933,-0.008764940239043728,-0.01912350597609558,-0.01872509960159363,-0.004382470119521975,-0.01912350597609558,-0.0019920318725099584,0.014741035856573714,-0.0003984063745020583,0.02031872509960153,-0.0031872509960159112,-0.004780876494023811,0.0007968127490040056,-0.0015936254980079,0.021912350597609542,0.018326693227091684,-0.0003984063745020583,0.0019920318725099584,0.0031872509960160222,0.005577689243027928,-0.01354581673306765,-0.007968127490039723,-0.009163346613545786,1.1102230246251565e-16,0.0011952191235059528,-0.007968127490039723,-0.010756972111553798,0.02031872509960153,-0.01035856573705174
8,8,0.8685258964143426,0.835820895522388,0.8779053869291769,0.9573420836751436,-0.002788844621513964,-0.007569721115537886,-0.009163346613545786,-0.003984063745019806,-0.009561752988047734,-0.01195219123505964,-0.005976095617529875,-0.00517928286852587,-0.01035856573705174,-0.005976095617529875,-0.003984063745019806,-0.003984063745019806,-0.01673306772908356,-0.008764940239043728,-0.007569721115537886,-0.006772908366533881,0.0023904382470120167,-0.002788844621513964,0.01035856573705185,0.004780876494023922,-0.006772908366533881,-0.0023904382470119057,-0.008366533864541892,-0.006772908366533881,-0.004382470119521975,-0.004780876494023811,-0.009960159362549792,-0.02231075697211149
9,9,0.8924302788844621,0.8629441624365483,0.8990634399781241,0.9612387202625103,-0.003984063745019806,-0.005976095617529875,-0.0031872509960159112,-0.00039840637450183625,0.0007968127490040056,-0.0023904382470119057,0.0011952191235061749,-0.012350597609561809,0.004382470119522086,-0.0011952191235059528,-0.003984063745019806,0.010756972111553798,0.002788844621513964,-0.004780876494023811,1.1102230246251565e-16,-0.0023904382470119057,-0.01553784860557772,-0.0035856573705179695,-0.0007968127490038945,0.005976095617529875,0.021513944223107595,0.002788844621513964,0.0031872509960160222,0.008764940239043839,-0.01553784860557772,0.01035856573705185,0.009960159362549792,-0.004780876494023811
10,10,0.8725099601593626,0.8222222222222222,0.8581487558107739,0.967528028438611,0.0011952191235059528,0.004382470119521864,-0.0031872509960159112,-0.01354581673306765,0.0023904382470120167,-0.015936254980079556,-0.0019920318725099584,-0.009163346613545786,0.007569721115537775,-0.005577689243027817,-0.01553784860557772,-0.0023904382470119057,-0.0023904382470119057,0.0007968127490040056,-0.02908366533864526,-0.0254980079681274,-0.010756972111553798,-0.007569721115537886,0.0015936254980080111,0.03067729083665338,-0.008764940239043728,-0.017529880478087567,0.011553784860557692,0.0035856573705178585,-0.005976095617529875,0.019521912350597526,-0.002788844621513964,-0.013944223107569709
11,11,0.8645418326693227,0.8316831683168316,0.8747607328411267,0.9340306261963358,-0.0003984063745020583,0.002788844621513964,-0.004382470119521975,-0.0023904382470119057,1.1102230246251565e-16,-0.005976095617529875,0.004780876494023922,0.003984063745020028,0.014741035856573714,0.005976095617529875,0.008764940239043839,0.00039840637450194727,0.005577689243027928,0.0019920318725099584,-0.0035856573705179695,-0.006772908366533881,-0.0031872509960159112,0.0019920318725099584,-0.012350597609561809,0.009163346613545786,0.019521912350597526,0.0007968127490040056,-0.0023904382470119057,0.0031872509960160222,-0.00517928286852587,0.0031872509960160222,-0.007569721115537886,0.013944223107569709
12,12,0.8247011952191236,0.7634408602150538,0.813542521192234,0.9470877768662839,0.002788844621513964,-0.02071713147410348,-0.009163346613545786,-0.0015936254980079,-0.030278884462151323,-0.04820717131474106,-0.009960159362549792,-0.009960159362549792,-0.011155378486055745,-0.023505976095617553,-0.02749003984063747,-0.03426294820717124,-0.03784860557768921,-0.0023904382470119057,0.005577689243027928,-0.005577689243027817,-0.01195219123505964,-0.026294820717131406,0.014741035856573825,-0.007968127490039723,-0.010756972111553798,-0.03625498007968131,-0.021115537848605537,-0.012749003984063645,1.1102230246251565e-16,-0.03386454183266929,-0.04661354581673305,-0.04143426294820707
13,13,0.8804780876494024,0.8148148148148148,0.8461170358217118,0.9773721629751163,1.1102230246251565e-16,0.012749003984063756,0.0035856573705178585,0.00039840637450194727,0.013545816733067761,0.017928286852589626,0.01912350597609569,-0.002788844621513964,0.005577689243027928,-0.009561752988047734,0.005976095617529875,-0.004780876494023811,-0.0031872509960159112,0.008764940239043839,-0.010756972111553798,-0.018326693227091573,-0.007569721115537886,0.017529880478087678,0.009960159362549792,-0.014342629482071656,0.02390438247011961,0.0031872509960160222,-0.0015936254980079,-0.005976095617529875,0.004382470119521864,0.018326693227091684,0.011553784860557692,0.01713147410358562
14,14,0.8804780876494024,0.8275862068965517,0.8598578069455838,0.9683483729833198,0.0023904382470120167,-0.013944223107569709,0.002788844621513964,-0.017928286852589514,-0.007171314741035828,0.0023904382470120167,0.010756972111553798,-0.024302788844621337,0.002788844621513964,0.015936254980079778,-0.025099601593625454,-0.015537848605577498,0.01035856573705185,-0.0063745019920318224,0.0063745019920319335,-0.007968127490039723,0.002788844621513964,0.002788844621513964,0.013147410358565703,0.013944223107569709,-0.0007968127490038945,0.013545816733067761,0.002788844621513964,-0.004780876494023811,-0.02430278884462156,-0.00517928286852587,0.0031872509960160222,0.005577689243027928
15,15,0.8366533864541833,0.7284768211920529,0.7863344271260596,0.9593929450369155,-0.005577689243027817,-0.0063745019920318224,-0.008764940239043728,-0.009163346613545786,0.020318725099601753,-0.009960159362549792,-0.004382470119521975,-0.010756972111553798,-0.0011952191235059528,0.00517928286852587,0.0011952191235059528,0.0019920318725099584,-0.01673306772908356,-0.01195219123505964,-0.007171314741035828,-0.002788844621513964,-0.011155378486055745,0.0015936254980080111,-0.005577689243027817,-0.007171314741035828,-0.0019920318725099584,0.002788844621513964,-0.014342629482071656,0.00039840637450194727,-0.009960159362549792,-0.025099601593625454,0.004780876494023922,-0.00517928286852587
16,16,0.8844621513944223,0.8542713567839196,0.8927741318020235,0.9596663932184851,-0.007171314741035828,0.005577689243027928,-0.005179282868525759,-0.02071713147410348,-0.004382470119521975,-0.007171314741035828,-0.02589641434262946,-0.02071713147410348,-0.0007968127490038945,-0.01035856573705174,-0.007171314741035828,-0.004382470119521975,-0.0035856573705179695,-0.013147410358565703,-0.005976095617529875,-0.019920318725099473,-0.007968127490039723,0.003984063745020028,-0.0003984063745020583,0.006772908366533881,-0.0011952191235059528,-0.0063745019920318224,-0.011155378486055745,-0.009561752988047734,-0.021115537848605537,-0.004382470119521975,-0.011553784860557581,-0.03705179282868509
17,17,0.8605577689243028,0.8,0.8395542794640416,0.9576155318567132,-0.004382470119521975,-0.004780876494023811,-0.01553784860557772,-0.01673306772908356,0.003984063745020028,-0.014342629482071656,-0.012350597609561809,-0.008764940239043728,-0.0063745019920318224,-0.027091633466135412,-0.028286852589641254,-0.026294820717131406,-0.019521912350597637,-0.01195219123505964,0.0023904382470120167,-0.01553784860557772,-0.009163346613545786,-0.007171314741035828,-0.019521912350597637,-0.0007968127490038945,-0.02071713147410348,-0.00517928286852587,-0.007171314741035828,-0.017529880478087567,-0.005976095617529875,-0.024701195219123395,-0.011155378486055745,-0.015139442231075662
18,18,0.8446215139442231,0.7771428571428571,0.8223954060705496,0.9481132075471699,0.00039840637450194727,-0.0063745019920318224,-0.004382470119521975,0.012350597609561698,-0.005577689243027817,-0.002788844621513964,-0.007968127490039723,-0.0035856573705179695,-0.004382470119521975,0.0035856573705178585,0.007569721115537775,0.01872509960159363,-0.01354581673306765,-0.004780876494023811,-0.0023904382470119057,0.0015936254980080111,0.0011952191235059528,-0.005976095617529875,0.00517928286852587,-0.010756972111553798,-0.017529880478087567,-0.012350597609561809,-0.0031872509960159112,-0.006772908366533881,-0.011553784860557803,-0.007968127490039723,-0.016334661354581725,0.007569721115537775
19,19,0.8884462151394422,0.8526315789473684,0.8867582718074924,0.9477030352748155,-0.012749003984063645,0.0031872509960160222,-0.014342629482071656,-0.0019920318725099584,0.015537848605577609,-0.014342629482071656,0.013944223107569709,-0.009561752988047734,0.007569721115537775,-0.01195219123505964,0.011952191235059861,0.0031872509960160222,0.007171314741035939,0.005976095617529875,0.011155378486055856,-0.005976095617529764,-0.012749003984063645,0.019521912350597526,0.017529880478087678,0.009561752988047845,0.0019920318725099584,-0.011553784860557803,-0.012749003984063645,0.007171314741035939,0.0035856573705178585,0.013545816733067761,-0.002788844621513742,0.012350597609561698
20,20,0.9083665338645418,0.8729281767955801,0.8979012852064534,0.9733388022969648,-0.0031872509960159112,0.004780876494023922,0.0063745019920319335,0.002788844621513964,0.0015936254980080111,1.1102230246251565e-16,0.015936254980079778,0.002788844621513964,0.0023904382470120167,0.010756972111553909,0.028286852589641365,0.0007968127490040056,-0.01195219123505964,0.007569721115537997,0.016733067729083673,0.003984063745020028,0.0019920318725100694,-0.0011952191235058418,-0.01035856573705174,0.005976095617529875,0.0019920318725099584,0.005577689243027928,0.003984063745020028,0.0035856573705178585,-0.004382470119521753,-0.0031872509960159112,-0.004382470119521975,-0.006772908366533659
21,21,0.8764940239043825,0.802547770700637,0.8361019961717255,0.9782608695652174,0.0015936254980080111,0.00836653386454178,0.005976095617529875,0.007569721115537775,0.015936254980079778,0.005577689243027928,1.1102230246251565e-16,0.010756972111553798,0.0031872509960160222,0.010756972111553798,0.01035856573705185,0.0007968127490040056,0.007968127490039945,-0.0011952191235059528,-0.0007968127490038945,0.007968127490039945,0.0035856573705178585,0.009163346613545786,0.00517928286852587,0.0035856573705178585,0.00517928286852587,0.0019920318725099584,0.0007968127490040056,0.004382470119521864,0.0035856573705178585,0.0007968127490040056,0.00517928286852587,-0.007171314741035828
22,22,0.8764940239043825,0.8287292817679558,0.8635835384194694,0.9682116488925349,0.011155378486055856,0.003984063745020028,0.009561752988047845,0.007569721115537775,-0.008764940239043728,-0.014741035856573492,0.018326693227091684,-0.017529880478087567,0.028286852589641365,-0.013944223107569598,-0.0031872509960159112,-0.008764940239043728,-0.0003984063745020583,-0.01713147410358562,-0.01713147410358551,-0.027091633466135412,-0.00517928286852587,0.007569721115537775,-0.009561752988047734,0.007569721115537775,-0.021912350597609542,-0.015537848605577498,-0.002788844621513964,-0.009163346613545786,-0.01035856573705174,-0.008366533864541892,-0.015139442231075662,-0.01354581673306765
23,23,0.8725099601593626,0.8241758241758241,0.8604388843314192,0.9388159693738037,0.0015936254980080111,0.0015936254980080111,-0.0011952191235059528,-0.0015936254980079,0.005976095617529875,0.005577689243027928,0.01035856573705185,-0.008764940239043728,0.02788844621513953,0.013944223107569709,-0.018326693227091573,0.007569721115537775,-0.01195219123505964,-0.0007968127490038945,-0.01912350597609558,-0.018326693227091573,-0.0035856573705179695,0.00836653386454178,1.1102230246251565e-16,0.008764940239043839,0.017529880478087678,-0.0011952191235059528,0.016334661354581614,0.007968127490039945,-0.011553784860557803,-0.010756972111553798,-0.0019920318725099584,-0.013147410358565703
24,24,0.8924302788844621,0.8402366863905325,0.8670016406890895,0.9713563029805852,0.004382470119521864,0.0035856573705178585,-0.004780876494023811,-0.00836653386454167,-0.007968127490039723,0.0003984063745021693,-0.00039840637450183625,0.0019920318725100694,-0.0023904382470119057,-0.006772908366533659,0.012350597609561698,0.007569721115537775,-0.004780876494023811,-0.004382470119521975,0.007569721115537775,-0.0011952191235058418,0.0015936254980080111,0.006772908366533881,0.017928286852589626,0.015537848605577609,0.0011952191235059528,0.021912350597609542,0.0031872509960160222,0.009163346613545786,0.0003984063745021693,0.003984063745020028,-0.0023904382470119057,0.009163346613545786
25,25,0.8605577689243028,0.7852760736196319,0.8258135083401695,0.9516680339075745,-0.00517928286852587,-0.007171314741035828,-0.011553784860557803,0.0015936254980080111,-0.0003984063745020583,0.005976095617529875,0.004382470119521864,-0.0011952191235059528,0.004780876494023922,-0.004382470119521975,-0.0011952191235059528,-0.0023904382470119057,-0.007171314741035828,-0.0063745019920318224,0.023107569721115606,-0.01035856573705174,-0.0011952191235059528,-0.002788844621513964,0.0023904382470120167,-0.003984063745019806,-0.0003984063745020583,0.003984063745020028,-0.0019920318725099584,0.0007968127490040056,-0.0019920318725099584,-0.011155378486055745,-0.010756972111553798,-0.002788844621513964
26,26,0.8685258964143426,0.8341708542713567,0.8756152584085316,0.9649302707136997,1.1102230246251565e-16,-0.0003984063745020583,-0.0019920318725099584,1.1102230246251565e-16,-0.0011952191235059528,0.0015936254980080111,0.0011952191235059528,-0.0023904382470119057,-0.002788844621513964,-0.004780876494023811,-0.007171314741035828,-0.0031872509960159112,-0.004780876494023811,-0.0019920318725099584,-0.0015936254980079,-0.0007968127490038945,-0.002788844621513964,-0.0003984063745020583,-0.0015936254980079,0.00517928286852587,-0.005577689243027817,-0.004382470119521975,0.0007968127490040056,1.1102230246251565e-16,-0.0011952191235059528,-0.0023904382470119057,-0.005976095617529875,0.007968127490039945
27,27,0.8446215139442231,0.7745664739884393,0.8201052775499043,0.9472928630024611,-0.0031872509960159112,-0.0015936254980079,-0.0023904382470119057,-0.008764940239043728,-0.01035856573705174,0.00836653386454178,-0.0007968127490038945,-0.0023904382470119057,-0.004780876494023811,0.013545816733067761,-0.002788844621513964,0.008764940239043839,-0.013944223107569709,-0.011155378486055745,-0.0019920318725099584,1.1102230246251565e-16,0.010756972111553798,-0.0011952191235059528,-0.011553784860557803,-0.0011952191235059528,-0.020318725099601642,0.0011952191235059528,-0.01872509960159363,-0.004382470119521975,-0.010756972111553798,-0.00517928286852587,0.00836653386454178,0.0031872509960160222
28,28,0.8924302788844621,0.8383233532934131,0.8647115121684441,0.9719715613891169,-0.0015936254980079,0.008764940239043839,0.0063745019920319335,0.019920318725099695,0.015537848605577609,1.1102230246251565e-16,0.0035856573705178585,-0.0019920318725098474,-0.0007968127490038945,0.014741035856573714,-0.01035856573705174,0.0011952191235059528,-0.0019920318725099584,-0.004382470119521975,-0.01354581673306765,0.0023904382470120167,1.1102230246251565e-16,-0.0031872509960159112,0.01713147410358562,0.02788844621513953,0.004382470119521864,-0.007171314741035828,-0.011553784860557803,0.012350597609561698,0.004382470119521864,-0.0031872509960159112,-0.0011952191235058418,0.007968127490039945
29,29,0.8884462151394422,0.8352941176470589,0.863856986601039,0.970809406617446,-0.007569721115537664,-0.0019920318725099584,-0.0019920318725098474,-0.010756972111553575,0.005976095617529875,0.004382470119521864,0.025099601593625454,-0.0031872509960159112,-0.01673306772908356,0.0007968127490040056,0.01912350597609569,0.014741035856573714,-0.002788844621513742,-0.0031872509960159112,-0.01673306772908356,-0.009960159362549681,-0.013147410358565703,0.0007968127490040056,0.02908366533864537,0.042231075697211184,-0.003984063745019806,-0.0011952191235059528,-0.003984063745019806,-0.003984063745019806,-0.027091633466135412,-0.013147410358565703,0.008764940239043839,0.006772908366533881
30,30,0.852589641434263,0.7757575757575758,0.8195242001640689,0.9564533770850424,0.0023904382470120167,-0.002788844621513964,-0.020318725099601642,-0.0007968127490038945,-0.008764940239043728,-0.008366533864541892,0.0035856573705178585,-0.01035856573705174,-0.009163346613545786,-0.0019920318725099584,-0.005976095617529875,0.004780876494023922,-0.023505976095617553,0.0019920318725099584,-0.00517928286852587,-0.0031872509960159112,0.0019920318725099584,-0.005976095617529875,0.0019920318725099584,-0.0023904382470119057,-0.0346613545816733,0.0007968127490040056,-0.015936254980079556,0.0035856573705178585,-0.003984063745019806,-0.0023904382470119057,0.0011952191235059528,-0.01035856573705174
31,31,0.8685258964143426,0.8135593220338984,0.850423844681433,0.9595980311730927,-0.0011952191235059528,-0.005976095617529875,0.0031872509960160222,-0.012350597609561809,0.004382470119521864,0.0015936254980080111,0.019920318725099695,-0.015139442231075662,0.007569721115537775,-0.003984063745019806,0.02071713147410359,-0.01553784860557772,0.008764940239043839,-0.01354581673306765,-0.007569721115537886,-0.009163346613545786,-0.004382470119521975,0.0015936254980080111,0.0011952191235059528,-0.0023904382470119057,1.1102230246251565e-16,-0.004780876494023811,-0.014741035856573714,-0.0007968127490038945,-0.004780876494023811,-0.004382470119521975,-0.0019920318725099584,-0.012350597609561809
32,32,0.8804780876494024,0.8214285714285714,0.8529874213836478,0.9620590648072191,0.0031872509960160222,0.003984063745020028,0.0023904382470120167,0.007968127490039945,0.004382470119521864,0.009960159362549792,-0.0003984063745020583,0.012350597609561698,0.013944223107569709,0.007968127490039945,0.009960159362549792,0.004780876494023922,0.0063745019920319335,0.0015936254980080111,-0.003984063745019806,-0.0023904382470119057,0.004382470119521864,0.005976095617529875,0.009561752988047845,0.006772908366533881,1.1102230246251565e-16,0.016334661354581614,-0.012749003984063645,-0.010756972111553575,0.009960159362549792,0.011155378486055856,-0.0011952191235059528,-0.022709163346613548
33,33,0.8884462151394422,0.8541666666666666,0.8890484003281378,0.9690319934372437,-0.0015936254980079,-0.003984063745019806,-0.007569721115537664,-0.005976095617529764,0.0015936254980080111,0.00039840637450194727,0.003984063745020028,-0.01553784860557772,-0.0031872509960159112,-0.019521912350597637,0.012350597609561698,-0.017928286852589514,-0.004382470119521753,-0.009561752988047734,-0.004382470119521975,-0.011155378486055745,-0.012749003984063645,-0.0011952191235059528,-0.003984063745019806,0.009163346613545786,0.014741035856573714,-0.019521912350597637,-0.0019920318725099584,-0.011553784860557581,-0.0003984063745020583,-0.0015936254980079,-0.004382470119521753,0.0035856573705178585
34,34,0.8087649402390438,0.7362637362637363,0.7918033907574515,0.912086409625376,-0.002788844621513853,-0.011155378486055856,-0.03266932270916334,-0.038645418326693326,-0.0015936254980080111,-0.015936254980079667,-0.009960159362549903,0.0023904382470119057,-0.004780876494023922,0.0,-0.018326693227091684,0.002788844621513964,-0.01394422310756982,0.007569721115537886,-0.0031872509960160222,0.0011952191235060639,0.0031872509960159112,-0.017928286852589737,0.003984063745019917,-0.01235059760956192,-0.012749003984063756,-0.0019920318725099584,0.0031872509960159112,-0.008764940239043839,-0.02270916334661366,-0.0314741035856575,0.009960159362549792,0.012749003984063645
35,35,0.8924302788844621,0.8343558282208589,0.8601312551271534,0.9662291495761554,0.004780876494023922,0.00517928286852587,-0.0007968127490038945,-0.009960159362549681,0.009561752988047845,0.009163346613545786,0.022709163346613548,0.014741035856573714,0.024701195219123506,0.016334661354581614,0.015537848605577609,1.1102230246251565e-16,-0.015139442231075662,0.002788844621513964,-0.003984063745019806,0.00836653386454178,0.00517928286852587,-0.00039840637450183625,0.015537848605577609,0.04143426294820718,-0.005577689243027817,0.015936254980079778,0.010756972111553798,0.0362549800796812,0.01713147410358562,0.015936254980079778,0.021912350597609542,0.016334661354581614
36,36,0.8725099601593626,0.7974683544303798,0.8329573420836751,0.9719031993437244,-0.002788844621513964,0.002788844621513964,0.011553784860557692,-0.00517928286852587,0.015537848605577609,0.0063745019920319335,0.03904382470119527,0.004382470119521864,0.0031872509960160222,-0.005976095617529875,0.014342629482071767,0.024701195219123506,0.009960159362549792,0.003984063745020028,0.016733067729083673,0.0023904382470120167,0.0007968127490040056,0.007569721115537775,0.00836653386454178,0.02390438247011961,-0.0011952191235059528,-0.0015936254980079,0.0007968127490040056,-0.009960159362549792,0.0015936254980080111,-0.007569721115537886,0.03227091633466128,0.007171314741035939
37,37,0.900398406374502,0.8603351955307262,0.887031719989062,0.9662291495761554,0.0011952191235059528,0.0011952191235059528,0.014741035856573714,0.0063745019920319335,0.005577689243027928,0.016334661354581614,0.011952191235059861,0.0011952191235059528,0.009960159362549792,0.003984063745020028,0.012350597609561698,0.009163346613546008,0.014342629482071767,0.011155378486055856,0.0063745019920319335,0.004382470119521864,-0.0019920318725099584,0.003984063745020028,0.004382470119521864,0.026294820717131517,0.009960159362549792,-0.004780876494023811,0.017928286852589626,0.0035856573705180805,-0.006772908366533881,0.014342629482071767,0.0011952191235061749,0.0011952191235059528
38,38,0.9322709163346613,0.9119170984455959,0.9373803664205633,0.9837298331966092,0.0031872509960160222,0.003984063745020028,-0.009163346613545786,-0.004780876494023811,-1.1102230246251565e-16,0.019521912350597526,0.023505976095617664,0.003984063745020028,0.017928286852589626,0.00517928286852587,0.030278884462151434,0.003984063745020028,0.005577689243027928,0.007569721115537997,-0.0003984063745020583,1.1102230246251565e-16,0.009163346613546008,-0.0019920318725099584,0.01035856573705185,0.024701195219123506,0.02788844621513953,-0.0011952191235059528,0.013944223107569709,-0.0063745019920318224,-0.013147410358565925,0.026294820717131517,-0.0023904382470120167,-0.0035856573705180805
39,39,0.8844621513944223,0.8415300546448088,0.8744531036368608,0.9582991523106372,-0.0063745019920318224,0.005577689243027928,-0.0011952191235059528,-0.024701195219123395,-0.0031872509960159112,0.00039840637450194727,-0.0035856573705179695,-0.013147410358565703,-0.01354581673306765,0.002788844621513964,0.0015936254980080111,0.00039840637450194727,-0.004780876494023811,-0.009561752988047734,-0.0035856573705179695,-0.002788844621513964,-0.020318725099601642,0.0023904382470120167,-0.007968127490039723,-0.009163346613545675,-0.007171314741035828,-0.007171314741035828,-0.005577689243027817,-0.004780876494023811,0.00517928286852587,-0.007569721115537664,-0.014741035856573492,-0.009561752988047734
40,40,0.8565737051792829,0.8,0.8409898824172819,0.9589827727645611,0.0023904382470120167,-0.0019920318725099584,-0.004780876494023811,0.003984063745020028,0.005577689243027928,-0.014741035856573714,-0.017529880478087567,-0.011155378486055745,0.004382470119521864,-0.011155378486055745,-0.0003984063745020583,-0.008366533864541892,-0.007171314741035828,-0.022709163346613548,-0.009561752988047734,0.0007968127490040056,-0.007968127490039723,0.02908366533864537,-0.00517928286852587,-0.03625498007968131,-0.004382470119521975,-0.005577689243027817,-0.0031872509960159112,0.005577689243027928,-0.011553784860557803,-0.003984063745019806,-0.02908366533864537,0.025099601593625454
41,41,0.900398406374502,0.8704663212435233,0.9030626196335794,0.966844407984687,-0.012749003984063645,-0.007171314741035828,-0.008764940239043728,-0.0023904382470119057,0.013147410358565703,-0.014741035856573492,0.021912350597609542,0.015936254980079778,0.007569721115537997,0.03545816733067719,0.04063745019920317,-0.009561752988047734,0.01912350597609569,0.0023904382470120167,0.0023904382470120167,0.017529880478087678,-0.017928286852589626,0.011155378486055856,0.006772908366533992,0.024302788844621448,0.022709163346613548,0.008764940239043839,0.012350597609561698,0.011553784860557914,-0.020318725099601642,0.01912350597609569,-0.017928286852589626,-0.01912350597609558
42,42,0.8844621513944223,0.8497409326424871,0.8859037462400875,0.9560432048126881,0.0015936254980080111,-0.005976095617529875,-0.0003984063745020583,-0.011553784860557803,0.003984063745020028,0.005976095617529875,0.02788844621513953,0.009960159362549792,0.0011952191235059528,0.003984063745020028,0.005976095617529875,-0.009561752988047734,-0.013147410358565703,-0.012350597609561809,-0.008764940239043728,-0.0063745019920318224,-0.02231075697211149,0.006772908366533881,-0.003984063745019806,0.002788844621513964,-0.0003984063745020583,-0.01195219123505964,-0.005976095617529875,-0.007171314741035828,-0.016334661354581503,-0.01912350597609558,-0.007171314741035828,-0.006772908366533881
43,43,0.8446215139442231,0.7664670658682635,0.8132348919879683,0.9629477713973202,-0.0007968127490038945,-0.0035856573705179695,-0.0019920318725099584,-0.009960159362549792,-0.008366533864541892,-0.004382470119521975,-0.006772908366533881,0.005577689243027928,-0.0015936254980079,-0.0035856573705179695,-0.011553784860557803,-0.0035856573705179695,-0.0019920318725099584,-0.01912350597609558,-0.0015936254980079,-0.0007968127490038945,-0.006772908366533881,-0.005976095617529875,-0.020318725099601642,-0.007968127490039723,-0.004382470119521975,-0.017928286852589626,-0.010756972111553798,-0.003984063745019806,-0.0035856573705179695,-0.007171314741035828,-0.0007968127490038945,-0.008366533864541892
44,44,0.9163346613545816,0.88,0.8996103363412633,0.9745693191140279,-0.006772908366533881,0.004780876494023922,-0.007171314741035828,-0.006772908366533659,-0.0007968127490038945,0.007171314741035939,1.1102230246251565e-16,0.004780876494023922,0.005577689243027928,-0.002788844621513742,-0.0011952191235058418,0.013545816733067761,-0.0023904382470119057,1.1102230246251565e-16,0.0015936254980080111,0.017928286852589626,-0.0035856573705177475,0.011155378486055856,0.01235059760956192,0.02390438247011961,-0.005577689243027817,-0.0003984063745020583,-0.007569721115537664,0.011155378486055856,0.005976095617529875,0.02948207171314743,0.0015936254980080111,0.02270916334661366
45,45,0.8007968127490039,0.6987951807228916,0.7649029258955429,0.9092835657642877,0.00677290836653377,-0.0019920318725099584,0.0063745019920318224,-0.005976095617529875,-0.0023904382470120167,0.004780876494023811,-0.0015936254980080111,0.0063745019920318224,0.0031872509960159112,-0.00836653386454178,0.005577689243027817,0.027091633466135412,-0.017928286852589737,-0.013944223107569709,-0.013545816733067761,-0.018725099601593742,-0.0023904382470120167,-0.012350597609561698,-0.0031872509960160222,-0.015139442231075773,-0.010756972111553686,-0.00039840637450194727,-0.013545816733067761,-0.008764940239043839,-0.010756972111553686,-0.014741035856573825,-0.015936254980079667,-0.011155378486055856
46,46,0.8366533864541833,0.7248322147651006,0.7840442986054144,0.9673913043478262,-0.009960159362549792,0.00039840637450194727,0.01035856573705185,-0.00517928286852587,0.03306772908366551,0.014342629482071767,0.005976095617529875,-0.0023904382470119057,-0.005976095617529875,0.005577689243027928,0.021912350597609653,-0.0031872509960159112,-0.007968127490039723,-0.007171314741035828,0.0023904382470120167,-0.009561752988047734,0.012749003984063756,0.006772908366533881,-0.030278884462151323,0.004382470119521864,-0.007171314741035828,0.002788844621513964,-0.014342629482071656,0.011553784860557692,0.011952191235059861,-0.01195219123505964,-0.018326693227091573,0.0314741035856575
47,47,0.8924302788844621,0.8322981366459627,0.857841126606508,0.9731337161607876,-0.0023904382470119057,0.0007968127490040056,-0.005577689243027817,-0.01713147410358562,0.022709163346613548,0.007171314741035939,0.0035856573705178585,0.02390438247011961,-0.009960159362549792,-0.009163346613545786,-0.007968127490039723,-0.007569721115537664,0.004780876494023922,-0.011553784860557803,0.0063745019920319335,0.024701195219123506,0.0035856573705178585,0.017928286852589626,0.015139442231075773,0.04462151394422309,-0.02430278884462156,0.003984063745020028,-0.0007968127490038945,-0.0019920318725098474,-0.0015936254980079,0.026294820717131517,0.0011952191235059528,0.0346613545816733
48,48,0.896414342629482,0.8505747126436781,0.8770166803390758,0.9681432868471425,0.0019920318725099584,0.0035856573705178585,0.013545816733067761,0.01035856573705185,0.018326693227091684,0.008764940239043839,0.021912350597609542,0.026294820717131517,0.0019920318725100694,0.007968127490039945,0.005179282868526092,0.013545816733067761,0.021912350597609542,0.004780876494023922,0.019521912350597526,0.00836653386454178,0.009561752988047845,0.015537848605577609,0.035059760956175356,-0.003984063745019806,0.011553784860557692,0.011155378486055856,0.0035856573705180805,0.009960159362549792,0.0035856573705180805,-0.0011952191235058418,0.011952191235059861,-0.013147410358565703
49,49,0.8685258964143426,0.8047337278106509,0.8412633305988515,0.9521465682253214,0.008764940239043839,0.004382470119521864,-0.005577689243027817,0.0007968127490040056,0.03227091633466128,-0.003984063745019806,0.004382470119521864,0.03107569721115544,-0.0007968127490038945,0.023505976095617442,0.014741035856573714,0.01872509960159363,0.009163346613545786,0.005976095617529875,0.013545816733067761,0.0035856573705178585,-0.0035856573705179695,0.02031872509960153,-0.0015936254980079,-0.01354581673306765,0.009561752988047845,0.037051792828685204,0.014342629482071767,-0.0007968127490038945,0.011952191235059861,-0.021115537848605426,0.009960159362549792,0.024302788844621448
50,50,0.7051792828685259,0.32727272727272727,0.5978260869565217,0.9731337161607876,0.007569721115537775,0.021115537848605537,0.0023904382470119057,0.010756972111553686,-0.027091633466135523,0.02749003984063747,0.026693227091633465,0.010756972111553686,0.022709163346613437,0.02071713147410348,0.01713147410358562,0.019521912350597526,0.00677290836653377,0.016334661354581614,-0.005976095617529875,0.015936254980079667,0.0019920318725099584,0.009960159362549792,0.00836653386454178,0.023107569721115606,0.007968127490039834,0.011155378486055745,0.00677290836653377,0.02948207171314743,-0.0031872509960160222,0.010756972111553686,0.021513944223107595,0.01912350597609558
51,51,0.8645418326693227,0.8191489361702128,0.8587298331966093,0.9357396773311458,0.004382470119521864,0.005577689243027928,-0.0023904382470119057,0.007171314741035939,0.0063745019920319335,0.011952191235059861,0.019920318725099695,0.016334661354581614,0.012749003984063756,0.0015936254980080111,0.00039840637450194727,0.002788844621513964,0.00836653386454178,0.004382470119521864,0.005577689243027928,0.005577689243027928,0.0007968127490040056,0.0063745019920319335,0.004780876494023922,0.0011952191235059528,0.004382470119521864,0.01035856573705185,0.021115537848605537,0.015139442231075773,0.008764940239043839,0.011952191235059861,0.0362549800796812,0.016334661354581614
52,52,0.8884462151394422,0.8541666666666666,0.8890484003281378,0.9693054416188133,-0.007569721115537886,-0.00517928286852587,0.00039840637450194727,0.0007968127490040056,0.0023904382470120167,-0.011553784860557803,-0.013944223107569709,-0.0035856573705179695,-0.005976095617529875,-0.0023904382470119057,-0.002788844621513964,-0.013944223107569598,-0.014342629482071656,0.0031872509960160222,0.0023904382470120167,0.0011952191235059528,-0.023505976095617553,0.0011952191235059528,0.018326693227091684,0.009561752988047845,-0.008764940239043728,0.0035856573705178585,0.0035856573705178585,0.0019920318725099584,0.0015936254980080111,-0.00836653386454167,0.017928286852589626,-0.008764940239043728
53,53,0.8804780876494024,0.8125,0.8438269073010665,0.9700574241181297,0.00836653386454178,0.009163346613545786,0.00517928286852587,0.017928286852589626,0.007569721115537775,0.01912350597609569,0.009163346613545786,0.012350597609561698,0.016733067729083673,0.012350597609561698,0.02031872509960153,0.015537848605577609,0.002788844621513964,0.040239043824701115,0.026693227091633465,0.018326693227091684,0.007569721115537775,0.010756972111553798,0.006772908366533881,0.02749003984063736,0.015139442231075773,0.009960159362549792,0.024701195219123506,0.002788844621513964,0.002788844621513964,0.017529880478087678,0.005577689243027928,-0.004382470119521975
54,54,0.7808764940239044,0.6153846153846154,0.7171178561662566,0.9487284659557014,0.01035856573705174,0.01912350597609558,0.0023904382470119057,-0.005179282868525981,0.013147410358565703,-0.016334661354581725,-0.004780876494023922,0.005976095617529875,-0.015936254980079667,0.02031872509960153,0.0023904382470119057,0.028286852589641365,-0.005976095617529875,0.007968127490039834,-0.0035856573705179695,-0.0015936254980080111,-0.024302788844621448,0.02231075697211149,0.024701195219123395,0.03306772908366529,-0.002788844621513964,-0.014342629482071767,-0.03227091633466128,0.004780876494023811,-0.002788844621513964,0.007569721115537775,-0.004382470119521975,0.01872509960159352
55,55,0.8804780876494024,0.8387096774193549,0.8735985780694558,0.9608285479901559,-0.0023904382470119057,0.0031872509960160222,0.00517928286852587,-0.006772908366533881,0.014741035856573714,0.00039840637450194727,0.0223107569721116,0.013147410358565703,-0.006772908366533881,0.005976095617529875,0.003984063745020028,0.025099601593625454,-0.011155378486055745,0.025498007968127512,-0.0015936254980079,0.021912350597609542,-0.0015936254980079,0.017529880478087678,0.022709163346613548,0.02948207171314743,-0.0019920318725099584,0.005577689243027928,-0.0063745019920318224,-0.0003984063745020583,0.002788844621513964,-0.01713147410358562,-0.007171314741035828,0.009960159362549792
56,56,0.900398406374502,0.84472049689441,0.866420563303254,0.9821575061525841,0.007171314741035939,0.0063745019920319335,0.008764940239043839,-0.0007968127490038945,0.01872509960159363,0.021513944223107595,0.0015936254980080111,-0.003984063745019806,-0.0003984063745020583,0.0031872509960160222,-0.010756972111553798,0.02788844621513953,-0.007569721115537664,0.0023904382470120167,0.026693227091633465,-0.0035856573705179695,0.0063745019920319335,-0.007569721115537886,0.005976095617529875,0.016334661354581614,-0.0015936254980079,0.0063745019920319335,-0.009960159362549681,0.0007968127490040056,0.005577689243027928,0.006772908366533881,0.03067729083665338,0.017928286852589626
57,57,0.852589641434263,0.7701863354037267,0.8149439431227783,0.9710828547990156,-0.0007968127490038945,0.003984063745020028,-0.009960159362549792,0.0007968127490040056,-0.004780876494023811,0.005976095617529875,0.005976095617529875,-0.004382470119521975,0.0031872509960160222,-0.009163346613545786,0.004780876494023922,-0.0003984063745020583,-0.023505976095617553,-0.014342629482071656,-0.008764940239043728,-0.0011952191235059528,-0.01354581673306765,-0.008764940239043728,0.0035856573705178585,0.002788844621513964,-0.012350597609561809,-0.02071713147410348,-0.004780876494023811,-0.017928286852589626,-0.017529880478087567,0.0019920318725099584,-0.0007968127490038945,-0.011155378486055745
58,58,0.8645418326693227,0.8131868131868132,0.8518594476346733,0.9365600218758545,-0.006772908366533881,-0.009163346613545786,-0.003984063745019806,-0.01673306772908356,-0.003984063745019806,-0.0007968127490038945,-0.005976095617529875,0.007171314741035939,0.009960159362549792,0.0015936254980080111,0.02749003984063736,-0.0023904382470119057,-0.005577689243027817,-0.0015936254980079,-0.0003984063745020583,-0.011553784860557803,-0.009960159362549792,0.003984063745020028,0.0011952191235059528,-0.01195219123505964,-0.002788844621513964,-0.005577689243027817,0.002788844621513964,-0.01354581673306765,-0.011155378486055745,0.005976095617529875,0.011155378486055856,-0.029482071713147318
59,59,0.8924302788844621,0.8439306358381503,0.8715818977303801,0.9647935466229149,1.1102230246251565e-16,0.002788844621514075,0.00517928286852587,0.0015936254980080111,0.026294820717131517,0.01035856573705185,0.00039840637450194727,0.021513944223107595,0.007569721115537775,0.009960159362549792,0.007569721115537775,0.007569721115537775,0.0023904382470120167,-0.0019920318725098474,0.01035856573705185,0.013545816733067761,0.008764940239043839,0.0023904382470120167,0.028286852589641365,0.02788844621513953,-0.009960159362549792,0.0011952191235061749,0.00517928286852587,0.002788844621513964,0.0035856573705180805,0.0023904382470120167,0.013147410358565703,-0.007171314741035828
60,60,0.848605577689243,0.7978723404255319,0.8415709598031174,0.9391577796007656,-0.008764940239043728,-0.0035856573705179695,-0.011155378486055745,-0.004780876494023811,0.0015936254980080111,0.007569721115537775,0.011155378486055856,0.013147410358565703,-0.0035856573705179695,-0.012350597609561809,-0.011155378486055745,-0.00517928286852587,-0.0035856573705179695,0.016334661354581614,-0.005976095617529875,-0.014342629482071656,-0.00517928286852587,0.025099601593625454,0.023505976095617442,-0.019521912350597637,-0.011553784860557803,-0.015936254980079556,-0.00517928286852587,-0.014741035856573714,-0.008366533864541892,-0.03944223107569722,-0.01713147410358562,0.005976095617529875
61,61,0.8804780876494024,0.8421052631578947,0.8781788351107465,0.9662291495761555,-0.0019920318725099584,-0.009561752988047734,1.1102230246251565e-16,-0.009561752988047734,-0.0015936254980079,0.00836653386454178,0.003984063745020028,-0.009561752988047734,-0.009561752988047734,-0.0015936254980079,-0.005577689243027817,0.004382470119521864,-0.016334661354581503,-0.0031872509960159112,-0.007171314741035828,0.012350597609561698,-0.00517928286852587,0.015936254980079778,0.02390438247011961,1.1102230246251565e-16,-0.02071713147410348,-0.010756972111553575,-0.007569721115537886,0.0063745019920319335,-0.0023904382470119057,0.003984063745020028,0.00836653386454178,-0.008366533864541892
62,62,0.8446215139442231,0.8,0.845296691277003,0.9425075198249933,0.0007968127490040056,0.005577689243027928,-0.0011952191235059528,-0.010756972111553798,0.0023904382470120167,0.003984063745020028,0.0015936254980080111,0.0015936254980080111,0.013944223107569709,0.0007968127490040056,0.007968127490039945,-0.0007968127490038945,1.1102230246251565e-16,0.00039840637450194727,-0.0007968127490038945,0.0019920318725099584,0.009960159362549792,0.013545816733067761,-0.009960159362549792,0.01872509960159363,0.010756972111553798,-0.0007968127490038945,0.002788844621513964,0.0023904382470120167,0.004780876494023922,-0.00517928286852587,0.01035856573705185,-0.01035856573705174
63,63,0.8605577689243028,0.7976878612716763,0.8372641509433962,0.9485917418649167,-0.009960159362549792,-0.011155378486055745,-0.007569721115537886,-0.009561752988047734,0.019521912350597526,-0.009960159362549792,-0.014342629482071656,0.01912350597609569,0.016733067729083673,-0.004780876494023811,0.019920318725099695,0.0223107569721116,-0.009960159362549792,0.007569721115537775,-0.019521912350597637,0.010756972111553798,0.0011952191235059528,0.01035856573705185,0.013545816733067761,-0.015936254980079556,-0.013147410358565703,-0.0015936254980079,0.008764940239043839,0.013147410358565703,-0.014342629482071656,-0.0003984063745020583,0.00836653386454178,-0.016334661354581725
64,64,0.9123505976095617,0.8829787234042553,0.9102064533770851,0.9781241454744326,0.002788844621514075,-0.003984063745019806,0.0007968127490040056,-0.0031872509960159112,0.004382470119522086,0.002788844621513964,0.004780876494023922,0.013545816733067761,0.005976095617529986,0.019920318725099695,0.0019920318725100694,-0.007968127490039723,0.013147410358565925,0.004382470119522086,-0.00836653386454167,-0.007171314741035828,-0.008366533864541892,0.017928286852589626,0.03107569721115544,0.003984063745020028,-0.0003984063745020583,0.0015936254980080111,0.005577689243027928,-0.009163346613545786,-0.002788844621513964,0.012350597609561698,0.016334661354581614,0.002788844621514075
65,65,0.900398406374502,0.8466257668711656,0.8687106918238994,0.9814055236532677,0.003984063745020028,0.005976095617529986,-0.014342629482071656,-0.011155378486055745,-0.00039840637450183625,0.007569721115537775,-0.027888446215139306,0.010756972111553909,0.015537848605577609,-0.009561752988047734,0.008366533864542003,-0.009561752988047734,0.006772908366533881,-0.031474103585657165,0.022709163346613548,0.0019920318725100694,0.011952191235059861,0.010756972111553798,0.02071713147410359,0.02390438247011961,-0.009960159362549681,-0.01553784860557772,0.003984063745020028,0.019920318725099695,0.015936254980079778,-0.009960159362549792,0.015139442231075773,0.009561752988047845
66,66,0.8725099601593626,0.8024691358024691,0.8375375991249658,0.9700574241181297,0.0023904382470120167,-0.007968127490039723,0.004780876494023922,-0.0023904382470119057,0.0023904382470120167,0.0007968127490040056,-0.026294820717131406,-0.005976095617529875,0.01713147410358562,0.00836653386454178,-0.008764940239043728,-0.005976095617529875,-0.011155378486055745,-0.022709163346613548,0.012350597609561698,-0.01713147410358562,-0.0015936254980079,-0.017928286852589514,-0.007569721115537886,0.006772908366533881,-0.005577689243027817,0.002788844621513964,-0.01912350597609558,-0.014741035856573714,-0.013944223107569709,0.003984063745020028,0.004780876494023922,-0.01195219123505964
67,67,0.852589641434263,0.7978142076502732,0.840135356849877,0.9509844134536506,-0.0023904382470119057,0.0035856573705178585,0.009561752988047845,-0.0015936254980079,0.009561752988047845,0.007171314741035939,0.0023904382470120167,-0.010756972111553798,0.012350597609561698,-0.0035856573705179695,0.007569721115537775,0.0035856573705178585,0.013147410358565703,-0.005577689243027817,0.0011952191235059528,-0.007569721115537886,-0.0019920318725099584,0.004780876494023922,0.0007968127490040056,0.014741035856573714,0.010756972111553798,-0.0035856573705179695,-0.0003984063745020583,-0.0063745019920318224,0.005577689243027928,-0.011553784860557803,-0.005577689243027817,-0.01354581673306765
68,68,0.7888446215139442,0.6074074074074074,0.7165367787804211,0.972518457752256,0.0,-0.003984063745019917,0.011553784860557692,0.0035856573705178585,0.009561752988047734,0.007171314741035828,0.0015936254980079,-0.009163346613545897,0.026294820717131406,0.01195219123505975,0.01673306772908356,0.009561752988047734,0.009960159362549792,0.0011952191235059528,0.007968127490039834,0.0,0.003984063745019917,0.004780876494023811,0.013147410358565703,-0.0003984063745020583,-0.02430278884462167,0.00677290836653377,-0.005179282868525981,-0.0063745019920319335,0.012749003984063645,0.01872509960159352,-0.04661354581673316,-0.017928286852589626
69,69,0.8366533864541833,0.7602339181286549,0.809235712332513,0.9364916598304622,-0.0007968127490038945,-0.0007968127490038945,-0.012350597609561809,-0.012350597609561809,0.0035856573705178585,-0.0019920318725099584,-0.009561752988047734,0.006772908366533881,0.0031872509960160222,0.007569721115537775,-0.005976095617529875,0.0007968127490040056,0.0015936254980080111,-0.004382470119521975,-0.002788844621513964,-0.017529880478087567,0.0023904382470120167,-0.0063745019920318224,-0.0035856573705179695,-0.0007968127490038945,-0.0011952191235059528,-0.008764940239043728,-0.0011952191235059528,0.0015936254980080111,-0.008764940239043728,0.0031872509960160222,-0.008366533864541892,-0.014342629482071656
70,70,0.9043824701195219,0.8736842105263158,0.9039171452009844,0.962400875034181,-0.006772908366533659,-0.005179282868525759,0.002788844621514075,0.00039840637450194727,-0.007968127490039723,0.0011952191235061749,-0.004780876494023811,0.006772908366533992,-0.005577689243027817,0.0019920318725100694,0.0023904382470120167,0.005976095617529875,-0.0023904382470119057,0.007569721115537775,0.005976095617529875,0.011952191235059861,-0.0015936254980079,0.014741035856573714,-0.008764940239043728,0.010756972111553798,-0.003984063745019806,-0.0019920318725099584,0.019521912350597526,0.014741035856573825,0.007968127490039945,0.00836653386454178,0.01035856573705185,0.014342629482071767
71,71,0.900398406374502,0.8520710059171598,0.8755810773858355,0.9663658736669403,0.004382470119522086,0.00836653386454178,-0.012749003984063645,-0.010756972111553798,0.02031872509960153,0.016334661354581614,0.0063745019920319335,0.0007968127490040056,0.019521912350597526,-0.009561752988047734,0.013147410358565703,0.008366533864542003,0.010756972111553909,0.009960159362549792,0.02948207171314743,0.024701195219123506,0.02071713147410359,0.007569721115537997,0.0462151394422311,0.0362549800796812,0.013545816733067761,0.008764940239043839,0.002788844621513964,0.013944223107569709,0.014741035856573714,0.04661354581673305,-0.0063745019920318224,1.1102230246251565e-16
72,72,0.8645418326693227,0.8152173913043478,0.8541495761553186,0.9468143286847143,1.1102230246251565e-16,0.002788844621513964,-0.009960159362549792,0.009163346613545786,0.009163346613545786,0.005577689243027928,0.005976095617529875,-0.011155378486055745,0.003984063745020028,-0.0031872509960159112,0.007569721115537775,0.005976095617529875,0.007171314741035939,-0.010756972111553798,-0.0031872509960159112,0.0007968127490040056,-0.0019920318725099584,0.007968127490039945,-0.009960159362549792,0.023107569721115606,-0.012749003984063645,-0.0003984063745020583,-0.004382470119521975,0.011952191235059861,0.004382470119521864,0.011553784860557692,0.008764940239043839,-0.0019920318725099584
73,73,0.8924302788844621,0.8656716417910447,0.9036436970194148,0.9625375991249658,0.00039840637450194727,0.004382470119522086,0.0019920318725099584,-0.0011952191235058418,-0.004780876494023811,0.030278884462151434,0.02589641434262946,0.012350597609561698,0.0063745019920319335,0.007171314741035939,0.017928286852589626,0.005976095617529875,0.013147410358565703,0.01035856573705185,0.0007968127490040056,0.007569721115537775,0.0063745019920319335,1.1102230246251565e-16,0.011952191235059861,0.0015936254980080111,0.00517928286852587,-0.003984063745019806,-0.0023904382470119057,0.009163346613545786,0.01035856573705185,0.014741035856573714,0.019920318725099695,-0.004780876494023811
74,74,0.8764940239043825,0.8143712574850299,0.8475526387749521,0.9604867377631939,-0.0019920318725099584,-0.009163346613545786,0.0019920318725099584,0.008764940239043839,0.016733067729083673,-0.0011952191235059528,0.0019920318725099584,0.0019920318725099584,0.017928286852589626,-0.005577689243027817,-0.008366533864541892,-0.0063745019920318224,0.00039840637450194727,0.00039840637450194727,-0.014741035856573492,-0.013147410358565592,-0.005577689243027817,0.009561752988047845,0.004382470119521864,0.031872509960159445,-0.0023904382470119057,0.00039840637450194727,0.0023904382470120167,0.017529880478087678,0.009163346613545786,-0.011155378486055745,-0.007171314741035828,-0.003984063745019806
75,75,0.900398406374502,0.8691099476439791,0.9007724911129341,0.9673229423024338,-0.002788844621513742,-0.0023904382470119057,-0.0031872509960159112,-0.007171314741035828,-0.012749003984063645,-0.0031872509960159112,-0.0023904382470119057,-0.007171314741035828,-0.01713147410358562,-0.023505976095617553,-0.0007968127490038945,-0.01035856573705174,-0.01912350597609558,-0.007968127490039723,0.005577689243027928,-0.003984063745019806,-0.017928286852589626,-0.0035856573705179695,0.003984063745020028,0.002788844621513964,-0.0007968127490038945,0.0019920318725100694,-0.005179282868525759,-0.006772908366533659,-0.008764940239043728,-0.01872509960159341,0.0063745019920319335,0.009561752988047845
76,76,0.8366533864541833,0.7210884353741497,0.781754170084769,0.9734071643423572,-0.009960159362549792,0.002788844621513964,0.00836653386454178,-0.002788844621513964,-0.024701195219123395,-0.003984063745019806,-0.005976095617529875,0.00836653386454178,-0.008366533864541892,-0.0019920318725099584,-0.0011952191235059528,-0.013944223107569709,0.018326693227091684,0.002788844621513964,-0.010756972111553798,1.1102230246251565e-16,-0.025099601593625454,0.009960159362549792,-0.01035856573705174,-0.004382470119521975,0.010756972111553798,0.005976095617529875,-0.0031872509960159112,0.009561752988047845,0.016733067729083673,0.013147410358565703,0.015537848605577609,0.02390438247011961
77,77,0.8286852589641435,0.7514450867052023,0.8029464041564124,0.9360814875581078,0.0019920318725099584,0.0011952191235059528,1.1102230246251565e-16,0.004382470119521864,-0.0035856573705179695,-0.007968127490039723,0.005976095617529875,0.0031872509960160222,0.0007968127490040056,0.0011952191235059528,0.00517928286852587,-0.0003984063745020583,-0.005577689243027817,-0.013944223107569709,-0.0063745019920318224,0.0007968127490040056,-0.0019920318725099584,-0.0003984063745020583,0.018725099601593742,0.0023904382470120167,-0.009960159362549792,-0.0007968127490038945,-0.0007968127490038945,0.0019920318725099584,0.002788844621513964,-0.007171314741035828,-0.02390438247011939,-0.0035856573705179695
78,78,0.8764940239043825,0.8426395939086294,0.8819045665846322,0.9629477713973202,-0.0003984063745020583,0.0011952191235059528,-0.014741035856573714,-0.009163346613545786,-0.008764940239043728,-0.006772908366533881,-0.0035856573705179695,0.00836653386454178,-0.014741035856573492,-0.0015936254980079,-0.011155378486055745,-0.0035856573705179695,-0.0035856573705179695,-0.009561752988047734,-0.014342629482071656,-0.005577689243027817,-0.014342629482071656,0.009561752988047845,-0.0003984063745020583,-0.01553784860557772,-0.01195219123505964,-0.012350597609561809,-0.01354581673306765,-0.006772908366533881,-0.015537848605577498,-0.013944223107569598,0.0015936254980080111,-0.003984063745019806
79,79,0.8685258964143426,0.8216216216216217,0.8595843587640142,0.9572737216297512,0.0063745019920319335,0.012350597609561698,0.002788844621513964,-0.0003984063745020583,0.0015936254980080111,0.011553784860557692,0.011155378486055856,-0.013147410358565703,0.005577689243027928,0.015139442231075773,0.005976095617529875,0.013545816733067761,-0.0011952191235059528,0.003984063745020028,0.009960159362549792,0.0031872509960160222,0.0023904382470120167,0.015139442231075773,0.007171314741035939,-0.005577689243027817,0.0007968127490040056,0.010756972111553798,0.005577689243027928,0.023107569721115606,-0.0019920318725099584,-0.011155378486055745,0.007171314741035939,-0.0011952191235059528
80,80,0.8764940239043825,0.837696335078534,0.8750341810226963,0.9366283839212469,-0.0023904382470119057,0.004382470119521864,0.00039840637450194727,-0.007569721115537886,0.004382470119521864,-0.017529880478087567,-0.002788844621513964,-0.0063745019920318224,0.023107569721115606,0.003984063745020028,0.0023904382470120167,-0.0011952191235059528,0.004382470119521864,0.00039840637450194727,-0.015139442231075662,0.0019920318725099584,-0.007171314741035828,-0.013944223107569709,0.021115537848605537,0.012749003984063756,0.01035856573705185,0.008764940239043839,0.010756972111553798,0.005976095617529875,0.003984063745020028,-0.006772908366533881,0.01912350597609569,0.01872509960159363
81,81,0.8446215139442231,0.7450980392156863,0.7972039923434509,0.9619223407164342,0.002788844621513964,0.005976095617529875,-0.0007968127490038945,-0.007569721115537886,0.00517928286852587,0.00039840637450194727,-0.006772908366533881,0.0023904382470120167,0.0035856573705178585,0.00039840637450194727,0.0007968127490040056,-0.009561752988047734,0.005976095617529875,-0.0019920318725099584,0.009163346613545786,0.0035856573705178585,-0.007968127490039723,0.013545816733067761,0.0011952191235059528,0.0031872509960160222,-0.0019920318725099584,0.010756972111553798,0.00836653386454178,0.009960159362549792,0.0007968127490040056,0.0011952191235059528,-0.0011952191235059528,0.002788844621513964
82,82,0.8884462151394422,0.8585858585858586,0.8959187858900739,0.9634946677604594,-0.0031872509960159112,0.0015936254980080111,-0.01035856573705174,-0.009163346613545675,0.007968127490039945,0.004780876494023922,0.005577689243027928,0.01035856573705185,-0.007569721115537886,0.0011952191235059528,0.013147410358565703,-0.007569721115537886,0.01713147410358562,-0.003984063745019806,-0.01035856573705174,0.009960159362549792,-0.007569721115537886,0.011952191235059861,0.010756972111553798,0.023107569721115606,-0.009561752988047734,0.00039840637450194727,0.0019920318725099584,-0.0011952191235059528,-0.004780876494023811,-0.006772908366533881,0.014342629482071767,-0.01195219123505964
83,83,0.900398406374502,0.8554913294797688,0.8801613344271261,0.9589827727645612,-0.0011952191235058418,0.01035856573705185,-0.0007968127490038945,0.026294820717131517,0.019521912350597526,0.009960159362549903,0.003984063745020028,0.012749003984063756,0.008366533864542003,0.014342629482071767,0.0223107569721116,-0.002788844621513964,0.007968127490039945,0.01872509960159363,0.007968127490039945,0.028286852589641365,-0.00836653386454167,0.009163346613546008,1.1102230246251565e-16,0.008764940239043839,0.01912350597609569,0.021513944223107595,0.02071713147410359,0.009163346613545786,-0.0011952191235059528,0.01713147410358562,0.002788844621514075,0.0011952191235059528
84,84,0.8924302788844621,0.8615384615384616,0.8967733114574787,0.9605550998085863,1.1102230246251565e-16,0.0031872509960160222,0.016733067729083673,0.016334661354581614,0.012749003984063756,0.026693227091633465,0.015139442231075773,-0.0007968127490038945,0.00517928286852587,0.015936254980079778,-0.012350597609561587,0.011155378486055856,-0.0023904382470119057,0.0031872509960160222,0.015537848605577609,0.0011952191235059528,0.013147410358565703,0.01912350597609569,0.026294820717131517,0.028286852589641365,0.0035856573705178585,0.028685258964143423,0.02071713147410359,-0.0023904382470119057,0.01035856573705185,0.009960159362549792,0.007968127490039945,0.005976095617529875
85,85,0.8725099601593626,0.7974683544303798,0.8329573420836751,0.9618539786710418,-0.005976095617529875,1.1102230246251565e-16,0.0015936254980080111,0.0031872509960160222,0.007171314741035939,0.012350597609561698,0.011155378486055856,0.011553784860557692,0.013944223107569709,0.014342629482071767,0.007968127490039945,0.015139442231075773,0.00836653386454178,0.009163346613545786,0.013944223107569709,0.009561752988047845,0.0019920318725099584,0.007968127490039945,0.012350597609561698,0.010756972111553798,-0.015139442231075662,0.007569721115537775,0.007968127490039945,0.0015936254980080111,1.1102230246251565e-16,0.0035856573705178585,0.016733067729083673,0.010756972111553798
86,86,0.8446215139442231,0.7845303867403315,0.8292657916324857,0.9407984686901832,0.0011952191235059528,0.0015936254980080111,0.0007968127490040056,-0.009561752988047734,0.0023904382470120167,0.009561752988047845,0.003984063745020028,0.0063745019920319335,0.007569721115537775,0.0019920318725099584,0.0035856573705178585,0.009960159362549792,-0.002788844621513964,0.010756972111553798,0.009163346613545786,0.006772908366533881,-0.0007968127490038945,0.00836653386454178,-0.005976095617529875,0.011952191235059861,0.021912350597609542,0.008764940239043839,0.002788844621513964,0.004382470119521864,-0.0015936254980079,0.005976095617529875,-0.002788844621513964,-0.0011952191235059528
87,87,0.8844621513944223,0.8198757763975155,0.849261689909762,0.9801066447908122,-0.002788844621513964,-0.004780876494023811,-0.004382470119521975,-0.0031872509960159112,-0.0003984063745020583,-0.008764940239043728,-0.009163346613545786,-0.007171314741035828,-0.004780876494023811,0.007171314741035939,-0.007968127490039723,0.005577689243027928,-0.010756972111553575,0.0007968127490040056,-0.0035856573705179695,-0.005179282868525759,-0.003984063745019806,-0.003984063745019806,-0.00517928286852587,-0.0007968127490038945,-0.010756972111553575,1.1102230246251565e-16,-0.002788844621513964,0.003984063745020028,-0.003984063745019806,0.0011952191235059528,0.0031872509960160222,-0.0011952191235059528
88,88,0.8884462151394422,0.8571428571428571,0.8936286573694285,0.9457888980038283,-0.0019920318725099584,-0.005577689243027817,0.007171314741035939,-0.0035856573705177475,-0.009561752988047734,-0.014342629482071656,-0.0003984063745020583,-0.009960159362549792,0.01872509960159363,-0.02031872509960142,0.008764940239043839,-0.014741035856573714,1.1102230246251565e-16,0.00836653386454178,-0.006772908366533659,-0.004382470119521975,0.0007968127490040056,0.017529880478087678,0.029880478087649376,-0.01035856573705174,0.0031872509960160222,-0.027091633466135412,-0.0011952191235059528,0.01035856573705185,1.1102230246251565e-16,-0.01673306772908356,0.00517928286852587,0.0007968127490040056
89,89,0.8764940239043825,0.8324324324324325,0.8681637954607602,0.9518047579983593,-0.009561752988047734,0.007569721115537775,0.009163346613545786,0.015936254980079778,-0.009960159362549792,-0.01872509960159363,-0.01035856573705174,0.0031872509960160222,0.025498007968127512,-0.01673306772908356,0.007171314741035939,0.013147410358565703,-0.01872509960159363,-0.00517928286852587,0.007171314741035939,-0.0023904382470119057,-0.021115537848605426,0.024701195219123506,0.03904382470119527,-0.009163346613545786,-0.0031872509960159112,-0.014342629482071656,0.011553784860557692,0.009960159362549792,0.0011952191235059528,0.00836653386454178,-0.017529880478087567,0.03984063745019928
90,90,0.7768924302788844,0.5942028985507246,0.7071028165162702,0.9537872573147389,-0.0063745019920319335,-0.0023904382470120167,-0.01035856573705185,0.015537848605577609,0.03904382470119516,0.015936254980079667,0.03386454183266929,0.054183266932270824,-0.009163346613545897,0.004780876494023811,0.024701195219123395,-0.01195219123505975,-0.0035856573705179695,0.04980079681274896,0.012350597609561698,0.016334661354581614,-0.005179282868525981,0.0254980079681274,0.033466135458167234,0.02031872509960153,-0.006772908366533881,0.024701195219123395,-0.0063745019920319335,-0.012749003984063756,-0.0003984063745020583,0.024701195219123395,-0.03944223107569733,0.041832669322709126
91,91,0.8286852589641435,0.7034482758620689,0.7708846048673776,0.963084495488105,-0.012749003984063645,0.0035856573705178585,-0.021513944223107484,-0.022709163346613548,0.013545816733067761,0.005976095617529875,0.0007968127490040056,-0.007968127490039723,0.027091633466135523,0.0063745019920319335,-0.0011952191235059528,0.01235059760956192,-0.021115537848605537,0.01912350597609569,0.006772908366533881,-0.0031872509960159112,0.006772908366533881,-0.0063745019920318224,0.006772908366533881,0.013545816733067761,-0.008764940239043728,0.019920318725099695,0.0035856573705178585,0.020318725099601753,0.009163346613545786,0.0063745019920319335,-0.029880478087649376,-0.0007968127490038945
92,92,0.8764940239043825,0.8143712574850299,0.8475526387749521,0.9630161334427126,0.0031872509960160222,-0.004780876494023811,-0.010756972111553798,-0.01195219123505964,0.005976095617529875,0.00517928286852587,-0.00517928286852587,0.0011952191235059528,0.015139442231075773,-0.004780876494023811,0.0063745019920319335,-0.00517928286852587,-0.0015936254980079,0.0031872509960160222,-0.0019920318725099584,-0.006772908366533881,0.0063745019920319335,-0.006772908366533881,0.017928286852589626,0.0007968127490040056,-0.002788844621513964,-0.0035856573705179695,-0.014741035856573492,0.011155378486055856,0.0011952191235059528,0.016334661354581614,-0.0035856573705179695,-0.015936254980079556
93,93,0.8804780876494024,0.8484848484848485,0.8873393491933279,0.963768115942029,-0.006772908366533881,-0.01035856573705174,-0.004780876494023811,-0.0011952191235059528,-0.0031872509960159112,0.006772908366533881,-0.012749003984063645,0.002788844621513964,0.00039840637450194727,-0.009960159362549792,-0.009960159362549792,-0.0011952191235059528,0.0007968127490040056,-0.01035856573705174,-0.005976095617529875,-0.006772908366533881,-0.007171314741035828,0.018326693227091684,0.0063745019920319335,-0.007569721115537886,1.1102230246251565e-16,-0.02031872509960142,-0.018326693227091573,-0.008764940239043728,-0.016334661354581503,-0.024701195219123395,1.1102230246251565e-16,-0.0019920318725099584
94,94,0.8844621513944223,0.8397790055248618,0.8721629751162154,0.9632895816242822,0.006772908366533881,0.008764940239043839,0.011553784860557692,0.021912350597609542,0.013147410358565703,0.019521912350597526,0.021115537848605537,0.01035856573705185,0.019920318725099695,0.03306772908366529,0.03227091633466128,0.019920318725099695,0.023107569721115606,0.007171314741035939,0.01872509960159363,0.015936254980079778,0.00836653386454178,0.021115537848605537,0.023107569721115606,0.014741035856573714,0.023107569721115606,0.014741035856573714,0.019521912350597526,0.03545816733067719,0.007968127490039945,0.03545816733067719,-0.0003984063745020583,0.024701195219123506
95,95,0.8804780876494024,0.8469387755102041,0.8850492206726825,0.9589144107191687,-0.0003984063745020583,-0.0007968127490038945,-0.0023904382470119057,-0.0011952191235059528,-0.0011952191235059528,-0.0011952191235059528,0.009960159362549792,-0.007569721115537886,0.002788844621513964,-0.0015936254980079,-0.012350597609561587,0.00039840637450194727,-0.0011952191235059528,0.00039840637450194727,0.005976095617529875,0.004780876494023922,0.0031872509960160222,0.009163346613545786,0.012749003984063756,0.02071713147410359,0.00836653386454178,0.008764940239043839,1.1102230246251565e-16,-0.0015936254980079,0.0035856573705178585,0.012350597609561698,0.0015936254980080111,0.01035856573705185
96,96,0.900398406374502,0.8780487804878049,0.9168033907574515,0.9691687175280285,-0.0019920318725098474,0.0031872509960160222,-0.01354581673306765,-0.005577689243027817,-0.0031872509960159112,0.002788844621513964,-0.01035856573705174,0.013944223107569709,0.0007968127490040056,-0.0011952191235059528,0.007569721115537997,0.0031872509960160222,0.008764940239043839,0.00039840637450194727,-0.002788844621513742,-0.003984063745019806,-0.00039840637450183625,0.015537848605577609,0.011952191235059861,-0.0011952191235059528,0.004780876494023922,0.0031872509960160222,0.002788844621513964,-0.009163346613545786,0.0011952191235059528,-0.004780876494023811,0.004382470119521864,0.01035856573705185
97,97,0.9203187250996016,0.8863636363636364,0.905045118949959,0.9726551818430408,0.007968127490039945,0.012749003984063756,0.016334661354581836,0.02948207171314743,0.011952191235059861,0.007171314741035939,0.0063745019920319335,0.042231075697211184,0.013147410358565925,0.0019920318725099584,0.031872509960159445,0.027091633466135523,0.01035856573705185,-0.0019920318725098474,0.02390438247011961,0.01035856573705185,0.012350597609561698,0.004780876494023922,0.023107569721115606,0.011553784860557914,0.012749003984063756,0.008764940239043839,0.015936254980079778,0.011553784860557914,-0.004780876494023811,0.019920318725099695,0.01912350597609569,0.0011952191235059528
98,98,0.9243027888446215,0.8983957219251337,0.9219305441618812,0.9599398414000547,0.002788844621513964,0.005976095617529986,-0.0007968127490038945,0.011553784860557692,-0.002788844621513964,0.016733067729083673,0.0023904382470120167,0.017529880478087678,0.008366533864542003,0.011155378486055856,0.007569721115537997,0.017529880478087678,-0.009163346613545786,0.007968127490039945,0.010756972111553798,0.016334661354581836,-0.003984063745019806,0.02749003984063736,0.026294820717131517,0.007171314741035939,-0.0023904382470119057,0.0223107569721116,0.00836653386454178,0.0063745019920319335,0.00836653386454178,0.013944223107569709,0.013545816733067761,0.002788844621513964
99,99,0.8725099601593626,0.8315789473684211,0.8695993984140006,0.957068635493574,-0.0003984063745020583,0.0031872509960160222,0.0015936254980080111,0.004780876494023922,0.00517928286852587,0.0019920318725099584,-0.004780876494023811,0.021912350597609542,0.002788844621513964,0.0031872509960160222,0.0063745019920319335,0.0031872509960160222,-0.0015936254980079,0.004382470119521864,0.011155378486055856,0.006772908366533881,-0.007171314741035828,-0.0035856573705179695,0.011553784860557692,0.02071713147410359,0.012350597609561698,-0.004382470119521975,-0.0007968127490038945,-0.0015936254980079,-0.0015936254980079,-0.01195219123505964,-0.014741035856573714,-0.0023904382470119057
100,100,0.8844621513944223,0.8397790055248618,0.8721629751162154,0.9695788898003829,-0.008366533864541892,-0.0019920318725099584,-0.009163346613545786,-0.009163346613545675,0.00039840637450194727,-0.011155378486055745,0.0007968127490040056,-0.0035856573705179695,-0.007968127490039723,-0.005577689243027817,-0.002788844621513964,-0.0023904382470119057,-0.016334661354581503,-0.012749003984063645,-0.007569721115537664,-0.009561752988047734,0.004382470119521864,-0.007171314741035828,0.008764940239043839,0.008764940239043839,-0.01673306772908356,-0.015936254980079556,-0.01354581673306765,0.00039840637450194727,0.009960159362549792,0.013545816733067761,-0.020318725099601642,-0.0003984063745020583
101,101,0.8326693227091634,0.7666666666666667,0.815251572327044,0.9541974295870933,-0.003984063745019806,-0.01673306772908356,-0.01673306772908356,-0.015139442231075662,-0.0063745019920318224,-0.008764940239043728,-0.003984063745019806,0.006772908366533881,-0.0007968127490038945,-0.009163346613545786,-0.005976095617529875,-0.007171314741035828,-0.01195219123505964,-0.007569721115537886,-0.01553784860557772,-0.017928286852589626,-0.009561752988047734,0.0011952191235059528,-0.0063745019920318224,-0.007968127490039723,-0.008764940239043728,-0.007968127490039723,-0.012350597609561809,-0.013147410358565703,-0.0007968127490038945,-0.0011952191235059528,-0.009960159362549792,0.005577689243027928
102,102,0.6693227091633466,0.20952380952380953,0.5534933005195516,0.9444216570959804,-0.009163346613545897,0.0031872509960159112,-1.1102230246251565e-16,0.004382470119521864,0.013147410358565703,0.01912350597609558,0.005577689243027817,-0.0023904382470120167,-0.021513944223107706,-0.0003984063745020583,-0.003984063745020028,-0.0063745019920319335,-0.0063745019920319335,0.00836653386454178,-0.003984063745020028,-1.1102230246251565e-16,-0.004780876494023922,0.013944223107569598,0.021115537848605537,0.005976095617529764,0.0015936254980079,0.003984063745019806,-0.015537848605577831,-0.0003984063745020583,-1.1102230246251565e-16,-0.007171314741035939,-0.0031872509960160222,0.01713147410358562
103,103,0.896414342629482,0.8488372093023255,0.8747265518184304,0.9673913043478262,0.0007968127490040056,0.023505976095617442,0.002788844621514075,0.0015936254980080111,0.0019920318725100694,-0.0019920318725098474,0.018326693227091684,0.0007968127490040056,1.1102230246251565e-16,0.031474103585657276,0.023505976095617442,0.02390438247011961,-0.0003984063745020583,-0.0023904382470119057,0.0019920318725100694,0.0011952191235059528,0.0023904382470120167,0.022709163346613548,0.012350597609561698,0.017529880478087678,0.0031872509960160222,0.0011952191235059528,-0.003984063745019806,0.0015936254980080111,0.005976095617529875,0.008764940239043839,0.0023904382470120167,1.1102230246251565e-16
104,104,0.7928286852589641,0.6231884057971014,0.7242616899097621,0.9626743232157506,-0.007968127490039834,-0.0003984063745020583,0.00836653386454178,0.02908366533864537,0.0007968127490038945,0.011155378486055745,0.005976095617529875,0.0007968127490038945,0.005976095617529875,0.0023904382470119057,0.009163346613545786,0.0031872509960159112,-0.0011952191235060639,0.01713147410358562,0.00836653386454178,0.007171314741035828,-0.0019920318725099584,0.011553784860557692,0.00677290836653377,0.011155378486055745,-0.005577689243027928,0.007569721115537775,0.014342629482071656,0.01035856573705174,-0.0035856573705179695,0.0063745019920318224,0.00836653386454178,0.008764940239043728
105,105,0.852589641434263,0.7885714285714286,0.8309748427672956,0.9444900191413729,-0.009960159362549792,-0.013147410358565703,-0.017529880478087567,-0.019920318725099473,-0.003984063745019806,-0.01673306772908356,-0.009163346613545786,0.0019920318725099584,-0.0019920318725099584,-0.009960159362549792,-0.009163346613545786,-0.0035856573705179695,-0.011553784860557803,-0.0007968127490038945,-0.005577689243027817,-0.012350597609561809,-0.009561752988047734,0.005577689243027928,-0.0035856573705179695,0.0063745019920319335,-0.014342629482071656,-0.009561752988047734,-0.0003984063745020583,-0.009163346613545786,-0.02390438247011939,-0.014741035856573714,-0.007968127490039723,0.013944223107569709
106,106,0.900398406374502,0.8633879781420765,0.8916119770303528,0.9656138911676238,0.0019920318725100694,-0.0035856573705179695,1.1102230246251565e-16,0.005179282868526092,1.1102230246251565e-16,-0.0015936254980079,-0.0019920318725099584,-0.008366533864541892,0.006772908366533881,0.010756972111553909,0.005976095617529986,0.002788844621513964,0.002788844621513964,0.015936254980079778,0.0035856573705180805,-0.0015936254980079,-0.005577689243027817,0.006772908366533992,0.011952191235059861,0.011553784860557692,0.0035856573705180805,0.0011952191235061749,-0.0035856573705177475,-0.002788844621513742,0.00039840637450194727,-0.011155378486055745,-0.006772908366533881,0.02031872509960153
107,107,0.7330677290836654,0.5179856115107914,0.66106097894449,0.9242548537052229,-0.011155378486055856,-0.012749003984063756,-0.013545816733067761,-0.016733067729083673,-0.010756972111553798,-0.01553784860557772,0.0007968127490038945,0.0011952191235059528,-0.012350597609561809,-0.03107569721115544,-0.0023904382470120167,-0.013147410358565814,-0.002788844621513964,-0.003984063745019917,0.0011952191235059528,-0.0015936254980080111,-0.01553784860557772,-0.028685258964143423,0.010756972111553686,-0.015139442231075773,-0.0007968127490040056,-0.0063745019920319335,-0.0031872509960160222,-0.01195219123505975,-0.010756972111553798,0.009960159362549792,-0.023505976095617553,-0.0031872509960160222
108,108,0.9083665338645418,0.8729281767955801,0.8979012852064534,0.9679382007109654,-0.0003984063745020583,-0.00836653386454167,-0.005179282868525759,0.006772908366533992,-0.007569721115537664,0.023107569721115606,-0.021912350597609542,-0.017928286852589514,-0.002788844621513742,0.00517928286852587,-0.011155378486055745,0.017928286852589737,-0.009163346613545675,-0.00836653386454167,0.009163346613546008,0.007569721115537775,-0.005976095617529875,0.009163346613546008,0.00517928286852587,-0.007171314741035828,-0.0023904382470119057,-0.0011952191235059528,1.1102230246251565e-16,-0.012749003984063645,-0.0031872509960159112,0.02031872509960153,0.007569721115537775,0.009163346613546008
109,109,0.896414342629482,0.865979381443299,0.8999179655455292,0.9647251845775227,0.01035856573705185,-0.0023904382470119057,-0.0023904382470119057,0.0035856573705178585,0.02031872509960153,-0.00517928286852587,-0.013944223107569709,0.014741035856573714,0.014342629482071767,0.01872509960159363,-0.014741035856573714,-0.0031872509960159112,0.0023904382470120167,0.0015936254980080111,-0.00039840637450183625,0.0011952191235061749,-0.012749003984063645,0.02031872509960153,-0.007569721115537886,0.050597609561752965,-0.010756972111553575,0.008764940239043839,0.004382470119521864,0.021115537848605537,0.006772908366533992,0.011553784860557692,-0.0003984063745020583,0.009163346613545786
110,110,0.8605577689243028,0.782608695652174,0.8235233798195243,0.95638501503965,-0.0003984063745020583,0.007569721115537775,-0.0011952191235059528,0.0019920318725099584,0.0023904382470120167,-0.003984063745019806,-0.007968127490039723,-0.007569721115537886,0.0007968127490040056,0.015139442231075773,0.009561752988047845,0.0063745019920319335,-0.0003984063745020583,0.009561752988047845,1.1102230246251565e-16,0.006772908366533881,-0.004780876494023811,-0.0019920318725099584,0.004780876494023922,0.003984063745020028,0.03784860557768932,1.1102230246251565e-16,0.0031872509960160222,0.006772908366533881,-0.0023904382470119057,-0.01035856573705174,0.00039840637450194727,0.002788844621513964
111,111,0.8725099601593626,0.7974683544303798,0.8329573420836751,0.9620590648072191,-0.00517928286852587,-0.004780876494023811,0.003984063745020028,0.005577689243027928,0.009960159362549792,0.014342629482071767,0.0023904382470120167,0.004780876494023922,1.1102230246251565e-16,0.01713147410358562,0.005976095617529875,-0.0019920318725099584,-0.0011952191235059528,0.00039840637450194727,-0.0015936254980079,0.006772908366533881,0.00039840637450194727,0.007569721115537775,0.011155378486055856,0.007569721115537775,-0.012749003984063645,0.008764940239043839,-0.009163346613545786,0.009163346613545786,-0.004780876494023811,0.002788844621513964,0.007171314741035939,0.004382470119521864
112,112,0.8685258964143426,0.8070175438596491,0.8435534591194969,0.9559748427672956,-0.0035856573705179695,-0.007569721115537886,0.013545816733067761,-0.012749003984063645,-0.0015936254980079,-0.0023904382470119057,-0.014741035856573714,0.013147410358565703,0.025099601593625454,0.015139442231075773,-0.01912350597609558,-0.002788844621513964,0.011155378486055856,-0.0019920318725099584,-0.021513944223107484,0.014342629482071767,1.1102230246251565e-16,0.025099601593625454,-0.004382470119521975,0.026294820717131517,0.012749003984063756,0.024701195219123506,-0.002788844621513964,-0.006772908366533881,0.004780876494023922,0.009163346613545786,-0.03625498007968109,-0.02071713147410348
113,113,0.8764940239043825,0.8248587570621468,0.8590032813781788,0.9570002734481816,-0.014741035856573714,0.0035856573705178585,0.0019920318725099584,-0.017529880478087567,0.0023904382470120167,-0.019920318725099473,-0.01354581673306765,0.021513944223107595,0.0035856573705178585,-0.007569721115537886,-0.0031872509960159112,0.004780876494023922,-0.009163346613545786,-0.03585657370517914,-0.0007968127490038945,-0.01673306772908356,-0.008366533864541892,-0.024302788844621337,0.040239043824701115,-0.005577689243027817,-0.009561752988047734,-0.015936254980079556,0.03227091633466128,0.005976095617529875,-0.007171314741035828,-0.01673306772908356,-0.02231075697211149,-0.002788844621513964
114,114,0.6533864541832669,0.18691588785046728,0.538624555646705,0.9243915777960077,0.0019920318725098474,-0.009561752988047845,-0.004780876494023922,0.011155378486055745,-0.009163346613545897,0.00039840637450194727,-1.1102230246251565e-16,0.0031872509960159112,0.0019920318725098474,0.003984063745019806,0.007968127490039723,-0.0015936254980080111,-0.004382470119521975,0.005976095617529764,0.01035856573705174,0.00836653386454178,-0.0035856573705179695,0.00836653386454178,-0.0011952191235060639,0.011553784860557692,0.0019920318725098474,0.00836653386454178,0.003984063745019806,-0.005179282868525981,0.0015936254980079,0.009960159362549681,-0.0011952191235060639,-0.002788844621513964
115,115,0.8804780876494024,0.8255813953488372,0.8575676784249384,0.9738856986601039,-0.0015936254980079,-0.0015936254980079,0.007968127490039945,-0.0023904382470119057,-0.0031872509960159112,-0.0035856573705179695,-0.009163346613545786,0.01035856573705185,-0.0003984063745020583,0.007171314741035939,-0.003984063745019806,1.1102230246251565e-16,0.008764940239043839,-0.006772908366533881,-0.021513944223107484,0.0063745019920319335,-0.0007968127490038945,-0.03187250996015922,0.016733067729083673,0.011155378486055856,-0.0007968127490038945,-0.021513944223107484,0.0063745019920319335,0.013147410358565703,1.1102230246251565e-16,-0.004382470119521975,-0.009561752988047734,-0.002788844621513964
116,116,0.7729083665338645,0.5714285714285714,0.6970877768662839,0.9522832923161062,-0.021115537848605648,0.005976095617529875,-0.0003984063745020583,-0.006772908366533881,-0.022709163346613548,0.03107569721115533,0.02749003984063736,0.013147410358565703,-0.03386454183266929,0.00039840637450194727,-0.006772908366533881,0.01713147410358562,0.007569721115537775,-0.004780876494023922,-0.015936254980079667,-0.009163346613545897,0.0,-0.006772908366533881,0.022709163346613437,0.027888446215139417,-0.019920318725099584,-0.02430278884462156,0.01713147410358562,0.005976095617529875,-0.009561752988047845,0.041832669322709126,-0.022709163346613548,0.01195219123505975
117,117,0.8207171314741036,0.7337278106508875,0.7897867104183758,0.9227508887065901,-0.009561752988047734,-0.004382470119521975,-0.011155378486055745,-0.014342629482071656,-0.033466135458167234,0.009561752988047845,0.007171314741035939,0.02430278884462156,-0.04063745019920306,-0.017928286852589626,0.0346613545816733,0.0063745019920319335,-0.04462151394422298,0.006772908366533992,0.0015936254980080111,0.0031872509960160222,0.025498007968127512,-0.0011952191235058418,-0.005976095617529875,0.010756972111553909,-0.015936254980079556,-0.02908366533864537,-0.007569721115537886,-0.018326693227091573,-0.03386454183266929,-0.0011952191235059528,0.005577689243027928,0.007171314741035939
118,118,0.8924302788844621,0.8601036269430051,0.8944831829368335,0.9613754443532951,-0.0011952191235058418,0.0035856573705178585,-0.0063745019920318224,0.00517928286852587,-0.004382470119521975,0.0023904382470120167,0.00836653386454178,-0.005976095617529764,-0.0011952191235059528,0.0035856573705178585,-0.004780876494023811,0.0063745019920319335,0.0019920318725099584,-0.005976095617529875,-0.003984063745019806,0.013545816733067761,-0.004382470119521753,1.1102230246251565e-16,0.010756972111553798,-0.004780876494023811,-0.009163346613545786,-0.00039840637450183625,0.002788844621514075,0.0023904382470120167,-0.003984063745019806,-0.005976095617529875,-0.0023904382470119057,0.002788844621513964
119,119,0.900398406374502,0.8502994011976048,0.8732909488651901,0.9691687175280284,0.005976095617529875,0.016733067729083673,0.021513944223107595,0.01912350597609569,0.014342629482071767,0.021513944223107595,0.009163346613546008,0.007968127490039945,0.01035856573705185,0.03227091633466128,-0.0063745019920318224,0.015537848605577609,0.0063745019920319335,0.013147410358565703,0.0003984063745021693,0.01713147410358562,0.028685258964143423,0.06294820717131477,0.03426294820717135,0.019920318725099695,0.004780876494023922,0.011155378486055856,0.0031872509960160222,0.015936254980079778,0.016733067729083673,0.02948207171314743,0.021115537848605537,0.01872509960159363
120,120,0.8884462151394422,0.8409090909090909,0.8707273721629751,0.9665709598031174,-0.0015936254980079,0.0011952191235059528,-0.0011952191235058418,-0.009561752988047734,0.011952191235059861,-0.0031872509960159112,-0.004780876494023811,0.01035856573705185,0.003984063745020028,0.02071713147410359,-0.005577689243027817,0.0015936254980080111,0.0019920318725099584,0.006772908366533881,-0.0035856573705177475,0.011155378486055856,-0.0019920318725099584,0.002788844621513964,0.011952191235059861,-0.0015936254980079,0.01035856573705185,0.012749003984063756,0.015936254980079778,-0.007171314741035828,-0.0003984063745020583,0.00836653386454178,-0.018326693227091573,0.007171314741035939
121,121,0.8565737051792829,0.8125,0.854730653541154,0.941960623461854,-0.0063745019920318224,0.003984063745020028,0.009561752988047845,0.015139442231075773,0.013944223107569709,-0.0035856573705179695,-0.0019920318725099584,-0.009561752988047734,0.013944223107569709,0.006772908366533881,0.009163346613545786,0.01872509960159363,-0.004382470119521975,-0.019521912350597637,-0.023107569721115495,0.01035856573705185,-0.011553784860557803,-0.028685258964143312,-0.00517928286852587,0.0031872509960160222,0.011952191235059861,0.005577689243027928,0.005976095617529875,-0.01035856573705174,-0.004382470119521975,0.00039840637450194727,-0.002788844621513964,0.004382470119521864
122,122,0.9282868525896414,0.9072164948453608,0.934235712332513,0.9868744872846595,1.1102230246251565e-16,-0.0003984063745020583,0.0223107569721116,0.02111553784860576,-0.008366533864541892,0.041832669322709126,0.018326693227091684,-0.015537848605577831,0.0011952191235059528,-0.00876494023904395,0.0019920318725099584,0.02788844621513953,-0.0019920318725098474,-0.00517928286852587,0.007968127490039945,-0.00876494023904395,-0.015936254980079778,0.021513944223107595,0.010756972111553909,0.014342629482071767,0.015936254980079778,0.013147410358565703,-0.0035856573705179695,0.0035856573705180805,-0.011553784860557803,-0.018326693227091684,-0.025498007968127623,0.0314741035856575
123,123,0.8326693227091634,0.7586206896551724,0.8083811867651081,0.9367651080120317,-0.014741035856573714,-0.0063745019920318224,-0.0015936254980079,-0.002788844621513964,-0.017928286852589626,-0.008764940239043728,-0.010756972111553798,0.03266932270916334,-0.03784860557768921,-0.017529880478087567,-0.0019920318725099584,0.06454183266932267,-0.021115537848605537,0.004382470119521864,-0.004780876494023811,0.014342629482071767,-0.006772908366533881,0.004780876494023922,0.023107569721115606,0.05139442231075697,-0.024701195219123395,0.0023904382470120167,0.02111553784860576,0.00517928286852587,0.019521912350597748,-0.005577689243027817,-0.0003984063745020583,-0.004780876494023811
124,124,0.8685258964143426,0.8114285714285714,0.8481337161607876,0.9533087229969921,0.0023904382470120167,0.0015936254980080111,0.0035856573705178585,0.004382470119521864,-0.004780876494023811,0.012350597609561698,0.009163346613545786,-0.0015936254980079,-0.006772908366533881,0.007569721115537775,0.0031872509960160222,0.006772908366533881,0.016334661354581614,0.011952191235059861,0.004780876494023922,0.013944223107569709,-0.0007968127490038945,0.0031872509960160222,-0.0035856573705179695,0.00039840637450194727,-0.0063745019920318224,0.0346613545816733,0.002788844621513964,0.0023904382470120167,0.0019920318725099584,0.00039840637450194727,-0.007171314741035828,0.014741035856573714
125,125,0.896414342629482,0.8602150537634409,0.8907574514629477,0.9436013125512714,0.012350597609561698,0.0063745019920319335,0.0063745019920319335,0.018326693227091684,0.016334661354581614,0.012350597609561698,-0.0019920318725098474,-0.023107569721115495,0.005976095617529986,0.01035856573705185,0.021115537848605537,0.019920318725099695,0.013944223107569709,0.024701195219123506,0.014741035856573714,0.018326693227091684,-0.010756972111553575,0.015936254980079778,0.015936254980079778,0.009561752988047845,0.0035856573705178585,0.02908366533864537,0.007968127490039945,0.007171314741035939,-0.011553784860557803,0.008764940239043839,0.010756972111553798,0.011155378486055856
126,126,0.8844621513944223,0.8176100628930818,0.8469715613891168,0.9687585452556741,0.0035856573705178585,0.00836653386454178,-0.0019920318725099584,0.00517928286852587,0.015936254980079778,-0.0019920318725099584,-0.0007968127490038945,0.004780876494023922,-0.0007968127490038945,0.0011952191235059528,-0.009561752988047734,0.005976095617529875,0.0023904382470120167,0.0015936254980080111,0.01035856573705185,-0.0015936254980079,-0.004780876494023811,0.013545816733067761,0.024302788844621448,0.008764940239043839,-0.003984063745019806,-0.011553784860557581,-0.0035856573705179695,0.015936254980079778,-0.003984063745019806,0.00836653386454178,0.014342629482071767,0.015537848605577609
127,127,0.9083665338645418,0.8855721393034826,0.9208025704129068,0.978876127973749,0.00039840637450194727,0.0019920318725099584,-0.0031872509960159112,-0.0019920318725098474,0.0007968127490040056,-0.002788844621513964,0.009960159362549903,0.016733067729083673,-0.0011952191235058418,0.005577689243027928,-0.003984063745019806,0.0031872509960160222,0.004382470119521864,0.004382470119521864,0.00517928286852587,-0.007968127490039723,-0.0007968127490038945,-0.0007968127490038945,0.010756972111553798,0.0019920318725099584,0.004780876494023922,-0.0023904382470119057,-0.003984063745019806,0.002788844621513964,-0.013944223107569709,0.0019920318725100694,-0.0023904382470119057,0.00517928286852587
128,128,0.8446215139442231,0.7821229050279329,0.8269756631118403,0.9449685534591195,-0.004382470119521975,-0.005577689243027817,-0.008366533864541892,-0.0035856573705179695,-0.004382470119521975,-0.01912350597609558,-0.009561752988047734,-0.011553784860557803,-0.011155378486055745,-0.003984063745019806,-0.01912350597609558,0.005976095617529875,0.004382470119521864,-0.019920318725099473,-0.036653386454183146,-0.020318725099601642,-0.009163346613545786,-0.004780876494023811,-0.0023904382470119057,-0.01713147410358562,-0.014342629482071656,-0.013944223107569709,-0.004382470119521975,-0.0031872509960159112,-0.002788844621513964,-0.0007968127490038945,-0.0007968127490038945,-0.013944223107569709
129,129,0.8924302788844621,0.8383233532934131,0.8647115121684441,0.9703992343450917,0.007171314741035939,0.003984063745020028,0.013147410358565703,0.014741035856573714,0.009960159362549792,0.0023904382470120167,0.008764940239043839,0.0063745019920319335,0.005976095617529875,0.004382470119521864,-0.002788844621513964,0.005577689243027928,-0.0015936254980079,0.0011952191235061749,-0.0031872509960159112,0.015537848605577609,-0.0007968127490038945,0.012350597609561698,0.015936254980079778,0.02031872509960153,-0.0019920318725099584,0.011553784860557692,0.007968127490039945,0.0063745019920319335,-0.0023904382470119057,-0.0015936254980079,0.018326693227091684,-0.0011952191235059528
130,130,0.896414342629482,0.87,0.9067883511074651,0.9375170905113481,-0.005577689243027817,0.009163346613545786,0.013944223107569709,-0.012350597609561809,0.00039840637450194727,-0.005577689243027817,0.0063745019920319335,0.011952191235059861,0.011553784860557692,0.00039840637450194727,-0.005577689243027817,0.017928286852589626,0.01035856573705185,0.002788844621513964,0.009561752988047845,-0.005976095617529764,0.004780876494023922,0.004780876494023922,0.030278884462151434,0.010756972111553798,-0.005179282868525759,0.02788844621513953,0.015936254980079778,0.026294820717131517,0.009561752988047845,-0.003984063745019806,-0.007171314741035828,0.0023904382470120167
131,131,0.8406374501992032,0.801980198019802,0.8490224227508887,0.9096937380366421,0.0035856573705178585,0.0011952191235059528,-0.005976095617529875,0.009960159362549792,0.0031872509960160222,-0.003984063745019806,1.1102230246251565e-16,0.007171314741035939,-0.002788844621513964,-0.0019920318725099584,-0.011155378486055745,-0.0019920318725099584,0.0015936254980080111,0.00836653386454178,0.021513944223107595,0.0031872509960160222,-0.020318725099601642,0.011553784860557692,-0.012749003984063645,-0.0003984063745020583,0.015936254980079778,-0.002788844621513964,0.005976095617529875,-0.009960159362549792,-0.006772908366533881,0.013147410358565703,0.022709163346613548,-0.01195219123505964
132,132,0.8804780876494024,0.8351648351648352,0.8690183210281652,0.9526251025430681,-0.0011952191235059528,0.005976095617529875,-0.008764940239043728,0.0063745019920319335,0.01872509960159363,0.00517928286852587,0.008764940239043839,0.003984063745020028,0.007569721115537775,0.009960159362549792,0.0007968127490040056,0.0015936254980080111,-0.01195219123505964,-0.0011952191235059528,0.009561752988047845,0.0019920318725099584,0.007968127490039945,-0.0011952191235059528,0.004382470119521864,0.008764940239043839,0.0007968127490040056,0.015537848605577609,0.006772908366533881,0.0023904382470120167,-0.0015936254980079,-0.0007968127490038945,0.009960159362549792,-0.005577689243027817
133,133,0.8645418326693227,0.8282828282828283,0.8701804757998359,0.9541974295870933,-0.002788844621513964,-0.0019920318725099584,-0.0019920318725099584,-0.004780876494023811,-0.0035856573705179695,-0.004382470119521975,-0.02908366533864526,0.004382470119521864,0.005577689243027928,-0.005976095617529875,0.0023904382470120167,0.014342629482071767,0.010756972111553798,-0.004780876494023811,-0.0007968127490038945,-0.017529880478087567,-0.0019920318725099584,-0.007171314741035828,0.017529880478087678,0.004382470119521864,-0.0035856573705179695,-0.014741035856573714,-0.02430278884462156,-0.007968127490039723,-0.02231075697211149,-0.0019920318725099584,-0.0011952191235059528,-0.009561752988047734
134,134,0.8725099601593626,0.8279569892473119,0.86501914137271,0.963426305715067,-0.006772908366533881,-0.005577689243027817,-0.020318725099601642,-0.02191235059760943,-0.011155378486055745,-0.021912350597609542,-0.007968127490039723,-0.00517928286852587,-0.014342629482071656,0.01035856573705185,-0.03745019920318715,-0.011155378486055745,-0.02071713147410348,-0.008366533864541892,-0.008764940239043728,0.0007968127490040056,-0.008764940239043728,-0.0015936254980079,-0.004780876494023811,-0.013147410358565703,-0.007569721115537886,-0.00517928286852587,-0.007968127490039723,0.0015936254980080111,-0.005976095617529875,-0.013944223107569709,-0.011155378486055745,-0.005577689243027817
135,135,0.8605577689243028,0.782608695652174,0.8235233798195243,0.9523516543614985,0.003984063745020028,0.005976095617529875,0.00517928286852587,0.0031872509960160222,0.009960159362549792,0.007569721115537775,0.01035856573705185,0.007171314741035939,0.0362549800796812,0.013147410358565703,0.015139442231075773,0.01035856573705185,0.004780876494023922,-0.0035856573705179695,0.00039840637450194727,-0.008764940239043728,0.0035856573705178585,0.019521912350597526,0.007171314741035939,0.011553784860557692,-0.007569721115537886,0.0015936254980080111,0.010756972111553798,0.004382470119521864,0.007171314741035939,0.016733067729083673,0.013147410358565703,0.004780876494023922
136,136,0.8605577689243028,0.7770700636942676,0.8189431227782336,0.9689636313918513,0.003984063745020028,1.1102230246251565e-16,-0.002788844621513964,-0.01673306772908356,0.007569721115537775,0.009561752988047845,0.004780876494023922,0.019920318725099695,-0.01713147410358562,0.03067729083665338,0.010756972111553798,0.002788844621513964,-0.021912350597609542,0.011952191235059861,0.012350597609561698,0.012749003984063756,-0.005577689243027817,-0.01354581673306765,0.012350597609561698,-0.0015936254980079,-0.0003984063745020583,-0.0019920318725099584,-0.01035856573705174,0.025099601593625454,1.1102230246251565e-16,-0.021115537848605537,-0.01035856573705174,-0.0035856573705179695
137,137,0.8924302788844621,0.8586387434554974,0.8921930544161881,0.967528028438611,0.00517928286852587,-0.019920318725099473,0.0019920318725100694,-0.012350597609561809,-0.0007968127490038945,0.0223107569721116,0.007569721115537775,0.015936254980079778,-0.0007968127490038945,0.008764940239043839,0.01035856573705185,-0.027888446215139306,-0.01035856573705174,-0.01673306772908356,-0.021513944223107484,-0.02589641434262946,-0.0011952191235059528,-0.035458167330677304,0.004382470119521864,-0.015936254980079556,-0.012350597609561587,-0.0063745019920318224,-0.007171314741035828,-0.016334661354581725,-0.021513944223107484,-0.01195219123505964,-0.029880478087649376,-0.004780876494023811
138,138,0.9123505976095617,0.8791208791208791,0.903336067815149,0.9753896636587367,-0.0007968127490038945,0.0031872509960160222,-0.010756972111553798,0.017131474103585842,0.009561752988047845,0.02948207171314743,0.0023904382470120167,0.016733067729083673,0.025498007968127512,0.007968127490039945,0.018326693227091684,0.013944223107569709,0.02031872509960153,-0.01713147410358562,0.0007968127490040056,-0.011553784860557803,-0.003984063745019806,-0.007171314741035828,0.0035856573705178585,0.015139442231075773,-0.011155378486055745,-0.01354581673306765,-0.02390438247011961,-0.00517928286852587,-0.008366533864541892,0.02908366533864537,-0.021912350597609764,0.008764940239043839
139,139,0.8764940239043825,0.8393782383419689,0.8773243095433416,0.9509844134536506,0.008764940239043839,0.0007968127490040056,0.0007968127490040056,-0.004382470119521975,0.008764940239043839,-0.008764940239043728,-0.007171314741035828,-0.011155378486055745,0.00039840637450194727,0.009163346613545786,-0.011155378486055745,-0.013147410358565703,0.023107569721115606,0.009561752988047845,-0.015936254980079556,0.005976095617529875,0.0031872509960160222,0.021115537848605537,0.013545816733067761,-0.0003984063745020583,-0.005976095617529875,0.002788844621513964,-0.0003984063745020583,0.0011952191235059528,0.0019920318725099584,0.010756972111553798,-0.0378486055776891,0.0015936254980080111
140,140,0.896414342629482,0.8617021276595744,0.8930475799835931,0.9606234618539786,-0.01195219123505964,-0.014741035856573714,-0.012749003984063645,0.004382470119522086,1.1102230246251565e-16,0.006772908366533881,0.007569721115537775,-0.008764940239043728,-0.0015936254980079,-0.007569721115537664,0.010756972111553798,1.1102230246251565e-16,-0.007171314741035828,0.005976095617529875,0.00517928286852587,-0.0011952191235058418,-0.013944223107569709,0.025498007968127512,0.0023904382470120167,0.014342629482071767,0.011952191235059861,0.005577689243027928,-0.0019920318725098474,-0.014342629482071656,-0.004780876494023811,-0.01035856573705174,0.014342629482071767,-0.004382470119521975
141,141,0.9203187250996016,0.8901098901098901,0.911915504511895,0.9723133716160788,0.00039840637450194727,0.003984063745020028,0.015537848605577831,0.0019920318725100694,0.0023904382470120167,0.015139442231075773,0.00836653386454178,0.005976095617529875,0.007968127490039945,0.009561752988047845,0.0362549800796812,0.0223107569721116,-0.012350597609561809,0.007968127490039945,0.009163346613546008,-0.008366533864541892,0.0003984063745021693,0.013545816733067761,0.00517928286852587,0.009561752988047845,0.019920318725099695,0.04581673306772904,0.008764940239043839,0.006772908366533992,-0.0015936254980079,0.018326693227091684,-0.0035856573705177475,0.011952191235059861
142,142,0.8286852589641435,0.7675675675675676,0.8166871752802844,0.9386792452830189,-0.004382470119521975,-0.005577689243027817,0.0031872509960160222,-0.002788844621513964,-0.0015936254980079,-0.007569721115537886,0.00039840637450194727,-0.0023904382470119057,-0.011553784860557803,-0.007171314741035828,-0.00517928286852587,-0.0023904382470119057,0.0007968127490040056,-0.019920318725099473,-0.003984063745019806,-0.029880478087649376,-0.004780876494023811,-0.021513944223107484,-0.004780876494023811,-0.03266932270916323,-0.026693227091633465,-0.005976095617529875,-0.005577689243027817,0.0019920318725099584,-0.017928286852589626,-0.005577689243027817,-0.0031872509960159112,-0.005577689243027817
143,143,0.8924302788844621,0.8615384615384616,0.8967733114574787,0.97149302707137,-0.0007968127490038945,0.0015936254980080111,-0.0023904382470119057,0.007171314741035939,-0.016334661354581725,-0.0031872509960159112,-0.01354581673306765,-0.014342629482071656,-0.005976095617529875,-0.003984063745019806,-0.0035856573705179695,-0.009561752988047734,-0.014342629482071656,0.0015936254980080111,0.005577689243027928,0.0019920318725100694,-0.0003984063745020583,0.007171314741035939,-0.0019920318725098474,-0.0007968127490038945,-0.0035856573705179695,0.002788844621513964,0.006772908366533881,0.0019920318725099584,0.0031872509960160222,0.0035856573705178585,0.00836653386454178,-0.0011952191235058418
144,144,0.9322709163346613,0.9081081081081082,0.9282198523379819,0.9825676784249385,-0.0015936254980079,0.0007968127490040056,0.0035856573705178585,-0.009960159362549792,-0.0003984063745020583,-0.004382470119521975,-0.015139442231075773,0.0035856573705178585,0.0031872509960160222,-0.009561752988047956,-0.0035856573705180805,0.016733067729083673,-0.011553784860557803,-0.007171314741035939,-0.0015936254980079,-0.004780876494024033,1.1102230246251565e-16,0.011952191235059861,-0.005179282868526092,0.002788844621514075,-0.0015936254980081221,0.0007968127490040056,-0.004780876494024033,0.0015936254980080111,-0.01035856573705174,-0.006772908366534103,0.024701195219123506,-0.008366533864542003
145,145,0.8725099601593626,0.8024691358024691,0.8375375991249658,0.9646568225321301,-0.003984063745019806,0.007968127490039945,0.0019920318725099584,0.006772908366533881,-0.0035856573705179695,0.014741035856573714,0.0011952191235059528,0.015139442231075773,0.019521912350597526,-0.0023904382470119057,0.01713147410358562,0.0035856573705178585,0.009960159362549792,0.011155378486055856,0.01035856573705185,-0.003984063745019806,0.003984063745020028,-0.0019920318725099584,0.03426294820717135,0.016733067729083673,0.009163346613545786,0.0015936254980080111,0.008764940239043839,0.014342629482071767,0.007171314741035939,-0.010756972111553798,0.0023904382470120167,0.016334661354581614
146,146,0.9083665338645418,0.8715083798882681,0.895611156685808,0.9687585452556741,0.0035856573705180805,0.0011952191235059528,-0.0011952191235059528,0.009163346613546008,0.004382470119521864,0.009960159362549903,0.03784860557768921,0.04741035856573694,0.028286852589641365,0.01912350597609569,0.021115537848605537,0.009163346613545786,0.0007968127490040056,-0.009960159362549681,0.004780876494023922,-0.004780876494023811,0.002788844621513964,0.0462151394422311,-0.01713147410358562,-0.011553784860557581,0.010756972111553798,0.006772908366533992,-0.007171314741035828,-0.004780876494023811,-0.004780876494023811,0.0019920318725099584,0.0031872509960160222,0.015139442231075773
147,147,0.8326693227091634,0.7640449438202247,0.8129614438063987,0.935261143013399,-0.009561752988047734,-0.0019920318725099584,-0.015139442231075662,1.1102230246251565e-16,0.014342629482071767,-0.012749003984063645,-0.007968127490039723,-0.0007968127490038945,-0.005976095617529875,-0.018326693227091573,-0.0035856573705179695,-0.002788844621513964,0.004382470119521864,-0.0003984063745020583,-0.015139442231075662,-0.011553784860557803,-0.007968127490039723,-0.008366533864541892,0.004780876494023922,-0.021115537848605537,-0.012350597609561809,0.0011952191235059528,-0.014741035856573714,-0.01553784860557772,-0.008764940239043728,0.017529880478087678,-0.007171314741035828,-0.02430278884462156
148,148,0.8366533864541833,0.7320261437908496,0.788624555646705,0.9549494120864097,-0.009960159362549792,-0.0035856573705179695,-0.005976095617529875,0.02111553784860576,0.009163346613545786,-0.006772908366533881,0.01912350597609569,0.012749003984063756,0.0023904382470120167,0.006772908366533881,0.007968127490039945,0.0035856573705178585,-0.01035856573705174,-0.019521912350597637,-0.007569721115537886,-0.013944223107569709,-0.01872509960159363,0.0035856573705178585,0.02749003984063758,0.003984063745020028,-0.009960159362549792,0.009163346613545786,-0.009960159362549792,0.007171314741035939,0.0015936254980080111,0.005976095617529875,0.011553784860557692,0.011155378486055856
149,149,0.8764940239043825,0.8208092485549133,0.8544230243368882,0.9618539786710418,-0.002788844621513964,0.0063745019920319335,0.002788844621513964,0.0035856573705178585,0.0011952191235059528,-0.0003984063745020583,0.007968127490039945,-0.0011952191235059528,0.018326693227091684,1.1102230246251565e-16,0.011553784860557692,0.0011952191235059528,0.007968127490039945,-0.0023904382470119057,0.0011952191235059528,-0.0007968127490038945,-0.005976095617529875,-0.0035856573705179695,0.019521912350597526,-0.01872509960159341,-0.0003984063745020583,-0.007569721115537886,-0.010756972111553798,-0.0003984063745020583,-0.0015936254980079,0.0011952191235059528,0.0011952191235059528,0.004382470119521864
150,150,0.8605577689243028,0.779874213836478,0.8212332512988789,0.9652720809406619,-0.0023904382470119057,-0.004780876494023811,0.011553784860557692,-0.011155378486055745,0.012749003984063756,0.004780876494023922,-0.0063745019920318224,-0.0023904382470119057,0.007569721115537775,-0.006772908366533881,0.03545816733067719,0.011952191235059861,-0.0011952191235059528,0.00836653386454178,0.02788844621513953,0.021912350597609542,0.011553784860557692,0.030278884462151434,0.017529880478087678,-0.0003984063745020583,-0.005577689243027817,-0.010756972111553798,0.013545816733067761,0.013545816733067761,-0.017529880478087567,0.0031872509960160222,0.0007968127490040056,0.009163346613545786
151,151,0.8924302788844621,0.8571428571428571,0.8899029258955429,0.9611703582171178,0.0011952191235061749,0.0019920318725099584,-0.009561752988047734,-0.0023904382470119057,0.0007968127490040056,0.00836653386454178,-0.017529880478087567,0.011553784860557692,0.0003984063745021693,-0.019521912350597415,0.007569721115537775,-0.021513944223107484,-0.013944223107569709,-0.011155378486055745,-0.0011952191235059528,-0.013944223107569598,-0.015936254980079556,0.003984063745020028,-0.018326693227091573,0.0003984063745021693,0.007569721115537775,-0.014342629482071656,-0.019920318725099473,-0.01673306772908356,-0.0031872509960159112,0.00517928286852587,0.011155378486055856,-0.024302788844621337
152,152,0.852589641434263,0.7885714285714286,0.8309748427672956,0.9556330325403337,-0.005976095617529875,-0.0063745019920318224,-0.013944223107569709,0.0019920318725099584,-0.007569721115537886,0.004780876494023922,0.014342629482071767,0.01713147410358562,0.014342629482071767,0.021912350597609653,0.005976095617529875,0.007569721115537775,-0.011553784860557803,-0.007569721115537886,-0.0011952191235059528,-0.00517928286852587,-0.01553784860557772,0.019521912350597526,0.005976095617529875,-0.008764940239043728,-0.005976095617529875,0.006772908366533881,-0.008764940239043728,-0.004382470119521975,-0.0063745019920318224,0.0007968127490040056,-0.0011952191235059528,-0.0031872509960159112
153,153,0.852589641434263,0.8021390374331551,0.8447156138911676,0.9480448455017775,0.002788844621513964,-0.0015936254980079,-0.0031872509960159112,0.0007968127490040056,-0.005976095617529875,0.0019920318725099584,-0.0007968127490038945,0.023107569721115606,0.0035856573705178585,-0.0063745019920318224,0.011155378486055856,0.009561752988047845,-0.0019920318725099584,0.005577689243027928,0.0019920318725099584,0.010756972111553798,-0.003984063745019806,0.01035856573705185,-0.006772908366533881,-0.0003984063745020583,0.002788844621513964,0.0035856573705178585,0.0019920318725099584,1.1102230246251565e-16,-0.004382470119521975,0.0063745019920319335,-0.005976095617529875,0.011952191235059861
154,154,0.8605577689243028,0.7712418300653595,0.8143628657369428,0.9646568225321301,0.005976095617529875,-0.00517928286852587,0.00039840637450194727,-0.0031872509960159112,0.004382470119521864,0.0007968127490040056,0.005976095617529875,0.015537848605577609,0.00517928286852587,-0.0035856573705179695,-0.0023904382470119057,0.017529880478087678,-0.007171314741035828,-0.01713147410358562,0.007171314741035939,0.00039840637450194727,0.003984063745020028,-0.006772908366533881,-0.0003984063745020583,-0.007968127490039723,0.004382470119521864,0.0023904382470120167,-0.0007968127490038945,0.003984063745020028,0.009960159362549792,0.0007968127490040056,-0.007171314741035828,0.005976095617529875
155,155,0.8565737051792829,0.8181818181818182,0.8616010391030899,0.9243915777960077,-0.0003984063745020583,-0.0011952191235059528,0.002788844621513964,-0.005976095617529875,-0.0015936254980079,-0.0007968127490038945,-0.0007968127490038945,-0.007171314741035828,-0.005577689243027817,-0.01354581673306765,0.0023904382470120167,-0.002788844621513964,-0.017529880478087567,-0.0007968127490038945,-0.0035856573705179695,-0.0031872509960159112,-0.02231075697211149,0.011155378486055856,-0.0031872509960159112,-0.0063745019920318224,0.0031872509960160222,-0.011553784860557803,-0.0019920318725099584,0.004780876494023922,-0.013944223107569709,0.009163346613545786,-0.008366533864541892,-0.01354581673306765
156,156,0.8605577689243028,0.8066298342541437,0.8464246650259776,0.9455838118676512,-0.007968127490039723,-0.004780876494023811,-0.004382470119521975,-0.014342629482071656,0.01035856573705185,-0.01713147410358562,-0.017529880478087567,0.011952191235059861,0.007171314741035939,-0.002788844621513964,-0.008764940239043728,0.012350597609561698,-0.012749003984063645,0.005577689243027928,0.02031872509960153,-0.008764940239043728,-0.0063745019920318224,-0.0015936254980079,0.026294820717131517,0.003984063745020028,-0.007171314741035828,-0.01553784860557772,0.01035856573705185,0.006772908366533881,-0.004780876494023811,0.013147410358565703,0.010756972111553798,-0.003984063745019806
157,157,0.8924302788844621,0.8571428571428571,0.8899029258955429,0.9760732841126607,0.00517928286852587,0.00517928286852587,0.0035856573705178585,0.011952191235059861,-0.007968127490039723,0.002788844621513964,0.00039840637450194727,0.007569721115537775,0.003984063745020028,0.005976095617529875,0.0007968127490040056,0.006772908366533881,0.0007968127490040056,0.00039840637450194727,1.1102230246251565e-16,-0.003984063745019806,-0.017928286852589626,0.014342629482071767,-0.00517928286852587,0.0007968127490040056,0.0023904382470120167,0.0015936254980080111,0.0031872509960160222,1.1102230246251565e-16,-0.004382470119521975,-0.012350597609561587,-0.0007968127490038945,-0.018326693227091573
158,158,0.8924302788844621,0.8343558282208589,0.8601312551271534,0.9655455291222313,0.0007968127490040056,0.0019920318725100694,0.00517928286852587,-0.00039840637450183625,0.00836653386454178,0.01713147410358562,0.008764940239043839,0.009163346613545786,0.01713147410358562,0.009561752988047845,0.01035856573705185,0.016733067729083673,-0.003984063745019806,0.008764940239043839,0.009960159362549792,0.005976095617529875,0.009163346613545786,0.025498007968127512,0.02031872509960153,0.003984063745020028,-0.024701195219123395,0.00039840637450194727,0.012350597609561698,0.002788844621513964,0.004780876494023922,0.03545816733067719,0.006772908366533881,0.021115537848605537
159,159,0.900398406374502,0.8663101604278075,0.8961922340716435,0.9723133716160788,0.0023904382470120167,-0.006772908366533881,-0.005976095617529875,-0.009163346613545675,-0.004382470119521753,0.002788844621513964,0.0019920318725099584,-0.00517928286852587,0.0023904382470120167,0.00517928286852587,-0.002788844621513964,-0.01035856573705174,-0.0003984063745020583,0.0031872509960160222,-0.0023904382470119057,0.015139442231075773,-0.01195219123505964,0.007569721115537997,0.005577689243027928,0.024302788844621448,0.0031872509960160222,0.0031872509960160222,0.0023904382470120167,-0.0003984063745020583,0.0035856573705178585,0.005179282868526092,0.013147410358565703,-0.0011952191235059528
160,160,0.8565737051792829,0.7804878048780488,0.8226688542521192,0.9628110473065354,-0.0023904382470119057,0.00039840637450194727,1.1102230246251565e-16,-0.0003984063745020583,-0.0011952191235059528,-0.00517928286852587,0.015139442231075773,0.0007968127490040056,0.004382470119521864,-0.0007968127490038945,-0.0031872509960159112,-0.0023904382470119057,-0.0035856573705179695,-0.007171314741035828,0.005976095617529875,-0.0031872509960159112,-0.0019920318725099584,0.005976095617529875,0.009163346613545786,0.007569721115537775,0.0031872509960160222,-0.004780876494023811,-0.003984063745019806,0.0031872509960160222,-0.0023904382470119057,0.008764940239043839,-0.003984063745019806,0.005577689243027928
161,161,0.9163346613545816,0.8923076923076924,0.9225116215477167,0.9714246650259777,-0.004780876494023811,0.0063745019920319335,0.00039840637450194727,-0.004382470119521975,0.01394422310756982,0.0015936254980080111,-0.0007968127490038945,0.008366533864542003,0.01235059760956192,0.014741035856573714,0.00836653386454178,0.009960159362549792,0.017529880478087678,0.0011952191235061749,-0.0007968127490038945,-0.002788844621513964,0.010756972111553909,0.015936254980079778,0.015537848605577609,0.0035856573705178585,0.0007968127490040056,-0.0003984063745020583,0.005577689243027928,0.015139442231075773,0.006772908366533992,0.01235059760956192,0.007968127490039945,0.005577689243027928
162,162,0.8446215139442231,0.738255033557047,0.7926237353021602,0.9619907027618266,0.009163346613545786,1.1102230246251565e-16,0.007968127490039945,-0.003984063745019806,0.005976095617529875,0.004780876494023922,-0.003984063745019806,0.009561752988047845,0.014342629482071767,0.0019920318725099584,0.014342629482071767,0.004780876494023922,-0.002788844621513964,-0.0003984063745020583,0.005577689243027928,-0.01354581673306765,-0.002788844621513964,0.007569721115537775,-0.03266932270916323,0.007968127490039945,0.00517928286852587,-0.0007968127490038945,0.006772908366533881,0.0023904382470120167,-0.004780876494023811,1.1102230246251565e-16,0.009163346613545786,0.0035856573705178585
163,163,0.8366533864541833,0.770949720670391,0.8183962264150944,0.9378589007383101,-0.004780876494023811,-0.005577689243027817,-0.01035856573705174,-0.007569721115537886,0.0019920318725099584,-0.011553784860557803,-0.023505976095617553,-0.0023904382470119057,-0.0035856573705179695,-0.002788844621513964,0.003984063745020028,0.007968127490039945,0.014342629482071767,0.0007968127490040056,-0.05179282868525881,-0.03147410358565739,-0.008366533864541892,0.014741035856573714,0.00517928286852587,-0.026294820717131406,0.0011952191235059528,0.0035856573705178585,0.00836653386454178,-0.003984063745019806,-0.03426294820717124,-0.0015936254980079,-0.007569721115537886,0.0035856573705178585
164,164,0.9043824701195219,0.8681318681318682,0.8947566311184031,0.965818977303801,0.005976095617529986,-0.0007968127490038945,-0.007569721115537664,-0.011553784860557803,-0.0063745019920318224,0.008366533864542003,0.009163346613545786,0.02031872509960153,0.03665338645418326,0.008764940239043839,0.02071713147410359,0.024701195219123506,0.008366533864542003,0.0019920318725099584,0.004780876494023922,0.03984063745019928,-0.002788844621513742,0.014342629482071767,0.01035856573705185,0.026294820717131517,-0.0063745019920318224,0.031872509960159445,0.015537848605577609,0.004780876494023922,-0.004780876494023811,-0.0031872509960159112,0.013545816733067761,0.007968127490039945
165,165,0.8884462151394422,0.8333333333333334,0.8615668580803938,0.973885698660104,1.1102230246251565e-16,0.012749003984063756,0.0015936254980080111,0.005976095617529875,0.0019920318725099584,0.004780876494023922,0.00039840637450194727,-0.004780876494023811,-0.0015936254980079,0.007569721115537775,0.0031872509960160222,-0.005976095617529875,-0.005577689243027817,0.0023904382470120167,0.005577689243027928,0.002788844621513964,0.00517928286852587,0.021912350597609542,0.006772908366533881,0.004382470119521864,0.0019920318725099584,0.014741035856573714,-0.0011952191235058418,0.00517928286852587,-0.007569721115537664,0.003984063745020028,-0.005976095617529875,0.017928286852589626
166,166,0.9123505976095617,0.875,0.8964656822532131,0.9733388022969648,1.1102230246251565e-16,-0.003984063745019806,0.0035856573705178585,0.0011952191235059528,0.015936254980079778,0.030278884462151434,0.03665338645418326,0.015139442231075773,-0.007968127490039723,-0.0015936254980079,-0.023107569721115606,0.0035856573705180805,0.007171314741035939,0.006772908366533881,0.007569721115537775,0.012749003984063756,0.010756972111553798,0.015936254980079778,0.0019920318725099584,0.014342629482071767,0.017928286852589626,-0.023505976095617553,0.021115537848605537,0.004780876494023922,-0.021912350597609542,0.030278884462151434,0.027091633466135523,-0.008764940239043728
167,167,0.8605577689243028,0.7953216374269005,0.8349740224227509,0.9524883784522833,0.0035856573705178585,0.013545816733067761,-0.009960159362549792,0.0019920318725099584,-0.009960159362549792,0.007171314741035939,0.0031872509960160222,0.013545816733067761,0.018326693227091684,-0.004382470119521975,0.0011952191235059528,-0.00517928286852587,0.002788844621513964,-0.009960159362549792,0.005976095617529875,0.005976095617529875,-0.01354581673306765,0.022709163346613548,0.005976095617529875,-0.007171314741035828,-0.0019920318725099584,-0.004382470119521975,-0.004780876494023811,0.0035856573705178585,-0.0063745019920318224,0.007171314741035939,-0.035059760956175245,-0.007968127490039723
168,168,0.8685258964143426,0.8235294117647058,0.8618744872846595,0.9608969100355483,1.1102230246251565e-16,-0.005577689243027817,-0.01035856573705174,-0.007569721115537886,0.0011952191235059528,0.0011952191235059528,0.011952191235059861,0.01035856573705185,0.0063745019920319335,0.01912350597609569,0.0063745019920319335,0.009960159362549792,-0.0019920318725099584,-0.011155378486055745,0.004382470119521864,-0.004780876494023811,-0.01354581673306765,0.0031872509960160222,0.0011952191235059528,0.004382470119521864,0.00039840637450194727,-0.004780876494023811,-0.005577689243027817,0.00517928286852587,-0.0007968127490038945,-0.0063745019920318224,-0.006772908366533881,0.009163346613545786
169,169,0.8844621513944223,0.8527918781725888,0.8904840032813781,0.9669811320754718,0.00039840637450194727,0.0011952191235059528,-0.0023904382470119057,-0.0023904382470119057,0.00039840637450194727,0.005577689243027928,0.009163346613545786,0.0015936254980080111,0.007569721115537775,-0.0003984063745020583,0.009561752988047845,0.011155378486055856,0.007968127490039945,0.003984063745020028,0.0015936254980080111,-0.005179282868525759,-0.004780876494023811,0.00517928286852587,-0.0063745019920318224,0.02390438247011961,0.007569721115537775,0.01872509960159363,0.012749003984063756,-0.0063745019920318224,-0.005179282868525759,0.00039840637450194727,-0.015139442231075662,-0.0023904382470119057
170,170,0.8884462151394422,0.8461538461538461,0.8775977577249112,0.9636997538966365,-0.004382470119521753,0.0035856573705178585,0.00039840637450194727,-0.002788844621513742,0.00039840637450194727,0.017928286852589626,0.0019920318725099584,0.00836653386454178,0.017529880478087678,-0.009561752988047734,0.018326693227091684,0.0019920318725099584,-0.004780876494023811,-0.019920318725099473,0.00836653386454178,0.007171314741035939,-0.0035856573705179695,0.025498007968127512,-0.004382470119521975,0.0019920318725099584,-0.007569721115537886,-0.01035856573705174,0.005577689243027928,-0.016334661354581503,-0.0031872509960159112,1.1102230246251565e-16,-0.019920318725099473,0.011952191235059861
171,171,0.8844621513944223,0.8284023668639053,0.8584222039923435,0.9701941482089145,-0.0007968127490038945,0.006772908366533881,0.0035856573705178585,0.010756972111553798,0.010756972111553798,1.1102230246251565e-16,0.007968127490039945,0.017529880478087678,0.009163346613545786,-0.0019920318725099584,0.011952191235059861,0.0007968127490040056,-0.0007968127490038945,-0.013147410358565703,-0.00517928286852587,0.0035856573705178585,0.002788844621513964,-0.005179282868525759,0.01035856573705185,-0.009561752988047734,-0.003984063745019806,0.004780876494023922,0.005976095617529875,0.013944223107569709,0.0019920318725099584,0.013944223107569709,-0.0007968127490038945,0.0019920318725099584
172,172,0.8725099601593626,0.8202247191011236,0.8558586272901285,0.9613070823079026,-0.00517928286852587,-0.0031872509960159112,-0.0031872509960159112,-0.0023904382470119057,0.002788844621513964,-0.007569721115537886,-0.021115537848605537,0.0019920318725099584,0.0011952191235059528,-0.012350597609561809,-0.012350597609561809,-0.009561752988047734,-0.009163346613545786,0.0011952191235059528,0.0007968127490040056,-0.009960159362549792,0.00517928286852587,-0.0035856573705179695,0.00517928286852587,-0.002788844621513964,-0.00517928286852587,0.0007968127490040056,-0.0003984063745020583,0.004780876494023922,-0.0015936254980079,0.004382470119521864,-0.01035856573705174,0.011952191235059861
173,173,0.8605577689243028,0.8022598870056498,0.841844407984687,0.9626059611703582,-0.005976095617529875,-0.0015936254980079,-0.01195219123505964,-0.0063745019920318224,-0.012350597609561809,-0.017928286852589626,-0.010756972111553798,-0.0031872509960159112,-0.019521912350597637,-0.011553784860557803,-0.021912350597609542,0.0019920318725099584,-0.002788844621513964,-0.0031872509960159112,-0.005976095617529875,-0.015139442231075662,-0.0003984063745020583,-0.0015936254980079,-0.005976095617529875,-0.01912350597609558,-0.008366533864541892,-0.00517928286852587,-0.007968127490039723,-0.01195219123505964,-0.008366533864541892,-0.014342629482071656,-0.011553784860557803,-0.015936254980079556
174,174,0.8764940239043825,0.8442211055276382,0.8841946951052775,0.9500957068635494,-0.0019920318725099584,0.0035856573705178585,0.002788844621513964,0.0063745019920319335,0.003984063745020028,0.002788844621513964,0.00517928286852587,0.0063745019920319335,0.005976095617529875,0.007171314741035939,0.0015936254980080111,-0.003984063745019806,0.013545816733067761,0.015537848605577609,1.1102230246251565e-16,-0.009163346613545786,0.0031872509960160222,-0.007569721115537886,0.004780876494023922,0.033466135458167345,-0.003984063745019806,-0.0031872509960159112,0.0035856573705178585,-0.0019920318725099584,0.00039840637450194727,0.007968127490039945,0.003984063745020028,0.008764940239043839
175,175,0.848605577689243,0.7888888888888889,0.8324104457205359,0.9507793273174734,0.0011952191235059528,-0.010756972111553798,-0.004780876494023811,-0.008366533864541892,0.005577689243027928,-0.0019920318725099584,0.004382470119521864,0.00039840637450194727,-0.0063745019920318224,0.004780876494023922,-0.002788844621513964,-0.0003984063745020583,0.0035856573705178585,0.004780876494023922,-0.01354581673306765,-0.00517928286852587,-0.02071713147410348,1.1102230246251565e-16,-0.017529880478087567,0.008764940239043839,0.00039840637450194727,-0.0023904382470119057,-0.016334661354581725,-0.003984063745019806,-0.011553784860557803,0.007968127490039945,0.005976095617529875,-0.0015936254980079
176,176,0.9203187250996016,0.8969072164948454,0.925656275635767,0.9762100082034455,0.0007968127490040056,0.004382470119521864,-0.0023904382470119057,-0.0007968127490038945,0.012749003984063756,0.007569721115537775,0.007569721115537997,-0.0011952191235059528,0.004382470119522086,-0.0007968127490038945,0.01872509960159363,0.02111553784860576,-0.0035856573705179695,-0.0003984063745020583,-0.0015936254980079,0.009163346613545786,-0.0007968127490038945,0.009561752988047845,0.0023904382470120167,0.005976095617529986,0.0063745019920319335,0.005976095617529986,0.01035856573705185,0.009561752988047845,-0.004780876494023811,1.1102230246251565e-16,0.007569721115537997,-0.0011952191235059528
177,177,0.9043824701195219,0.8554216867469879,0.8764356029532403,0.9813371616078753,-0.0019920318725098474,0.007968127490039945,0.015537848605577609,-0.00039840637450183625,0.009561752988047845,0.0035856573705180805,-0.009163346613545675,0.005577689243027928,0.013545816733067761,0.01235059760956192,0.003984063745020028,0.015139442231075773,0.021912350597609542,-0.00039840637450183625,0.03824701195219127,0.007171314741035939,-0.010756972111553575,0.03067729083665338,0.0031872509960160222,0.038645418326693215,0.013944223107569709,0.014342629482071767,0.013147410358565703,-0.00039840637450183625,0.02031872509960153,0.0063745019920319335,-0.005179282868525759,0.02031872509960153
178,178,0.9163346613545816,0.8888888888888888,0.9156412359857806,0.9773721629751162,0.00039840637450194727,0.0011952191235059528,0.007968127490039945,-0.017928286852589848,-0.009561752988047734,0.008764940239043839,0.007569721115537997,0.02031872509960153,0.013147410358565703,0.011155378486055856,0.013147410358565703,0.007171314741035939,0.0015936254980080111,0.005577689243027928,0.013147410358565703,-0.00517928286852587,0.0019920318725100694,0.02390438247011961,0.0011952191235059528,0.03227091633466128,0.005179282868526092,0.005976095617529986,0.005976095617529986,0.007171314741035939,0.005976095617529986,-0.011155378486055745,-0.012749003984063645,0.026294820717131517
179,179,0.8884462151394422,0.851063829787234,0.8844681432868471,0.9600765654908395,0.0031872509960160222,0.003984063745020028,-0.0011952191235059528,-0.0007968127490038945,-0.0011952191235058418,-0.0015936254980079,-0.009561752988047734,0.006772908366533881,-0.0003984063745020583,-0.0023904382470119057,0.004382470119521864,-0.006772908366533659,0.00039840637450194727,-0.009561752988047734,0.007171314741035939,0.0011952191235059528,0.00039840637450194727,0.022709163346613548,0.007569721115537775,0.02948207171314743,0.00517928286852587,-0.0063745019920318224,-0.0015936254980079,-0.0023904382470119057,-0.007968127490039723,0.004382470119521864,-0.0063745019920318224,1.1102230246251565e-16
180,180,0.8366533864541833,0.7132867132867133,0.7771739130434783,0.9694421657095981,-0.0003984063745020583,0.0023904382470120167,-0.009960159362549792,-0.0035856573705179695,0.015537848605577609,1.1102230246251565e-16,0.029083665338645592,0.005577689243027928,0.00836653386454178,0.021513944223107595,1.1102230246251565e-16,0.009163346613546008,-0.0007968127490038945,-0.002788844621513964,-0.005976095617529875,0.011553784860557914,0.008764940239043839,0.0063745019920319335,0.017131474103585842,0.0035856573705178585,-0.007968127490039723,0.004382470119521864,0.0023904382470120167,-0.0007968127490038945,0.017928286852589626,0.009960159362549792,-0.0015936254980079,-0.008366533864541892
181,181,0.8884462151394422,0.8352941176470589,0.863856986601039,0.97149302707137,0.009960159362549792,0.00517928286852587,0.013147410358565703,0.0035856573705178585,0.007569721115537775,-0.01912350597609558,1.1102230246251565e-16,0.012350597609561698,0.0007968127490040056,0.018326693227091684,0.01035856573705185,0.0019920318725099584,0.005577689243027928,-0.004780876494023811,0.0031872509960160222,0.013147410358565703,-0.009163346613545786,-0.009163346613545675,0.017928286852589626,-0.0063745019920318224,-0.0011952191235059528,0.00039840637450194727,0.005976095617529875,0.012749003984063756,-0.007171314741035828,0.004780876494023922,-0.013944223107569598,0.016733067729083673
182,182,0.8446215139442231,0.7958115183246073,0.8407164342357123,0.94469510527755,-0.008366533864541892,0.0011952191235059528,0.00039840637450194727,0.009960159362549792,-0.004780876494023811,-0.01872509960159363,0.0011952191235059528,-0.011553784860557803,0.011155378486055856,0.016334661354581614,-0.02231075697211149,0.01912350597609569,0.0019920318725099584,1.1102230246251565e-16,-0.003984063745019806,-0.006772908366533881,-0.005577689243027817,-0.0063745019920318224,-0.01872509960159363,-0.009561752988047734,-0.0019920318725099584,-0.004780876494023811,-0.01713147410358562,0.006772908366533881,-0.007569721115537886,-0.008366533864541892,-0.0007968127490038945,-0.030278884462151323
183,183,0.8406374501992032,0.7938144329896907,0.8398619086683075,0.9246650259775773,-0.007968127490039723,-0.003984063745019806,-0.015139442231075662,-0.005976095617529875,0.0019920318725099584,-0.008764940239043728,-0.004780876494023811,-0.00517928286852587,0.0011952191235059528,-0.01354581673306765,-0.014342629482071656,-0.023505976095617553,-0.009561752988047734,-0.026693227091633465,0.0007968127490040056,-0.0015936254980079,-0.01553784860557772,0.007569721115537775,-0.009960159362549792,-0.012749003984063645,-0.0007968127490038945,-0.011155378486055745,-0.003984063745019806,-0.013147410358565703,-0.007968127490039723,-0.008366533864541892,-0.00517928286852587,-0.028685258964143312
184,184,0.848605577689243,0.7956989247311828,0.839280831282472,0.9379272627837025,-0.0007968127490038945,-0.0023904382470119057,-0.011553784860557803,-0.002788844621513964,0.007171314741035939,-0.009561752988047734,-0.004382470119521975,0.004382470119521864,-0.0015936254980079,-0.0019920318725099584,-0.0011952191235059528,-0.007569721115537886,-0.02908366533864537,-0.020318725099601642,-0.00517928286852587,-0.007171314741035828,-0.002788844621513964,-0.012749003984063645,0.021912350597609542,0.0031872509960160222,-0.017529880478087567,0.007569721115537775,-0.0011952191235059528,-0.003984063745019806,-0.002788844621513964,-0.01354581673306765,-0.010756972111553798,-0.033466135458167234
185,185,0.7091633466135459,0.34234234234234234,0.6032608695652174,0.9362865736942849,0.0019920318725099584,0.008764940239043728,0.0031872509960159112,0.00677290836653377,-0.008764940239043839,0.028685258964143423,0.0063745019920318224,-0.0003984063745020583,-0.03266932270916334,0.0023904382470119057,-0.002788844621513964,0.0035856573705178585,-0.0003984063745020583,0.009561752988047734,0.0,0.02749003984063747,-0.0035856573705179695,0.0035856573705178585,0.0019920318725099584,-0.005577689243027928,0.004780876494023811,0.0023904382470119057,0.024302788844621448,0.014741035856573603,0.0023904382470119057,0.012749003984063645,0.0254980079681274,0.02031872509960153
186,186,0.8725099601593626,0.8333333333333334,0.8718895269346458,0.9617172545802571,-0.0011952191235059528,-0.012350597609561809,-0.011553784860557803,0.007968127490039945,0.007569721115537775,0.0023904382470120167,0.0063745019920319335,0.013147410358565703,0.008764940239043839,-0.005577689243027817,-0.009163346613545786,-0.016334661354581503,-0.008366533864541892,0.0023904382470120167,0.002788844621513964,0.0035856573705178585,-0.021115537848605426,0.0031872509960160222,0.02948207171314743,0.03984063745019928,0.003984063745020028,0.0007968127490040056,0.0063745019920319335,0.0019920318725099584,-0.004382470119521975,0.007171314741035939,0.0019920318725099584,-0.02031872509960142
187,187,0.7091633466135459,0.34234234234234234,0.6032608695652174,0.9796281104730654,-0.01195219123505975,0.00517928286852587,-0.025099601593625565,-0.014342629482071767,-0.008366533864541892,0.014342629482071656,0.01673306772908356,0.007968127490039834,-0.003984063745019917,0.0015936254980079,0.0019920318725099584,-0.002788844621513964,-0.010756972111553798,0.023505976095617442,-0.016733067729083673,0.027888446215139417,-0.008366533864541892,0.0007968127490038945,-0.009163346613545897,0.0007968127490038945,0.0011952191235059528,0.013944223107569709,-0.014342629482071767,0.005976095617529875,0.00517928286852587,-0.0019920318725099584,-0.023107569721115606,-0.022709163346613548
188,188,0.8884462151394422,0.8585858585858586,0.8959187858900739,0.9715613891167624,-0.005179282868525759,-0.01195219123505964,-0.010756972111553798,-0.01673306772908356,-0.0035856573705179695,-0.01553784860557772,-0.004382470119521753,0.004780876494023922,-0.005179282868525759,-0.012350597609561809,1.1102230246251565e-16,0.00517928286852587,0.015139442231075773,-0.012749003984063645,-0.007171314741035828,-0.013147410358565703,-0.002788844621513742,-0.0015936254980079,0.011952191235059861,0.016733067729083673,-0.003984063745019806,-0.00836653386454167,-0.017928286852589514,-0.009561752988047734,-0.0031872509960159112,-0.005179282868525759,-0.012350597609561587,-0.007171314741035828
189,189,0.8605577689243028,0.8148148148148148,0.8555851791085589,0.9572053595843588,-0.0003984063745020583,0.00039840637450194727,0.0015936254980080111,-0.011155378486055745,0.0063745019920319335,0.0011952191235059528,0.0007968127490040056,-0.0063745019920318224,0.007171314741035939,-0.002788844621513964,-0.007569721115537886,-0.007968127490039723,0.010756972111553798,-0.018326693227091573,-0.004780876494023811,-0.002788844621513964,-0.005976095617529875,0.015537848605577609,-0.006772908366533881,0.016733067729083673,0.0063745019920319335,-0.005577689243027817,-0.016334661354581725,-0.0035856573705179695,-0.0015936254980079,-0.0007968127490038945,0.021912350597609542,-0.013147410358565703
190,190,0.8725099601593626,0.8095238095238095,0.8444079846869018,0.9602132895816243,-0.008764940239043728,0.0019920318725099584,-0.004780876494023811,-0.0015936254980079,-0.0003984063745020583,0.0063745019920319335,-0.0063745019920318224,-0.0035856573705179695,0.0015936254980080111,-0.004382470119521975,-0.004780876494023811,-0.0063745019920318224,0.0015936254980080111,0.016334661354581614,1.1102230246251565e-16,-0.008366533864541892,-0.0035856573705179695,-0.0023904382470119057,0.02589641434262946,0.005976095617529875,0.013545816733067761,0.007968127490039945,-0.00517928286852587,0.009163346613545786,-0.008764940239043728,0.01035856573705185,-0.0023904382470119057,-0.009163346613545786
191,191,0.8645418326693227,0.8089887640449438,0.8472791905933825,0.9642466502597757,0.0035856573705178585,0.0011952191235059528,0.0019920318725099584,-0.01195219123505964,0.006772908366533881,0.016334661354581614,0.003984063745020028,0.00517928286852587,0.002788844621513964,0.014342629482071767,0.004382470119521864,0.007968127490039945,0.002788844621513964,-0.0031872509960159112,-0.008366533864541892,-0.008366533864541892,0.0007968127490040056,0.005577689243027928,-0.0035856573705179695,0.03067729083665338,0.017529880478087678,-0.0011952191235059528,-0.009163346613545786,0.0023904382470120167,0.0007968127490040056,-0.0063745019920318224,-0.010756972111553798,0.0031872509960160222
192,192,0.8844621513944223,0.8284023668639053,0.8584222039923435,0.9672545802570414,-0.00517928286852587,-0.0035856573705179695,-0.009163346613545675,0.002788844621513964,-0.0035856573705179695,-0.007171314741035828,0.003984063745020028,-0.0007968127490038945,0.03266932270916334,0.009163346613545786,-0.0007968127490038945,0.023107569721115606,-0.006772908366533881,-0.00517928286852587,-0.005976095617529764,-0.009960159362549792,-0.0003984063745020583,0.015936254980079778,-0.0003984063745020583,0.013944223107569709,-0.013944223107569709,-0.004382470119521975,0.0007968127490040056,-0.011155378486055745,-0.002788844621513964,-0.009163346613545675,0.019920318725099695,-0.003984063745019806
193,193,0.8406374501992032,0.7530864197530864,0.8032198523379819,0.9511894995898278,-0.002788844621513964,0.01035856573705185,-0.0031872509960159112,-0.0015936254980079,0.010756972111553798,1.1102230246251565e-16,0.0011952191235059528,0.011952191235059861,0.011155378486055856,-0.0023904382470119057,0.007569721115537775,0.01035856573705185,-0.0023904382470119057,-0.010756972111553798,-0.0007968127490038945,-0.0007968127490038945,-0.005577689243027817,0.0015936254980080111,0.010756972111553798,-0.0003984063745020583,0.0015936254980080111,0.0031872509960160222,-0.0007968127490038945,0.014741035856573825,-0.010756972111553798,-0.007171314741035828,0.011553784860557692,0.010756972111553798
194,194,0.848605577689243,0.8061224489795918,0.8507314738856987,0.9483866557287395,0.003984063745020028,-0.008366533864541892,-0.005577689243027817,-0.014741035856573714,0.012749003984063756,0.004382470119521864,-0.0015936254980079,0.01912350597609569,0.007569721115537775,0.0007968127490040056,0.011155378486055856,0.018326693227091684,-0.021115537848605537,-0.0003984063745020583,0.00517928286852587,-0.00517928286852587,-0.040239043824701226,0.021912350597609542,0.038645418326693326,-0.023505976095617553,-0.004382470119521975,-0.0063745019920318224,-0.002788844621513964,-0.014741035856573714,-0.03187250996015922,0.0035856573705178585,-0.05258964143426281,-0.05776892430278868
195,195,0.8924302788844621,0.847457627118644,0.8761621547716707,0.9712195788898004,0.004780876494023922,0.006772908366533881,0.004382470119521864,-0.0031872509960159112,0.0035856573705178585,0.004780876494023922,-0.0035856573705177475,0.005976095617529875,0.003984063745020028,0.0063745019920319335,0.0011952191235059528,0.007968127490039945,-0.0019920318725099584,0.0023904382470120167,0.0035856573705178585,0.006772908366533881,0.0023904382470120167,0.014741035856573714,0.003984063745020028,-0.00836653386454167,0.0007968127490040056,-0.008764940239043728,-0.007968127490039723,0.012350597609561698,-0.007171314741035828,0.019521912350597526,-0.0031872509960159112,0.002788844621513964
196,196,0.848605577689243,0.7816091954022989,0.8255400601585999,0.9319114027891715,0.002788844621513964,0.007171314741035939,0.004382470119521864,-0.0023904382470119057,0.0314741035856575,0.013944223107569709,0.021115537848605537,0.0015936254980080111,0.004780876494023922,0.0007968127490040056,0.009960159362549792,0.019521912350597526,0.002788844621513964,-0.019521912350597637,-0.0015936254980079,1.1102230246251565e-16,0.004382470119521864,-0.002788844621513964,0.014342629482071767,0.003984063745020028,0.015936254980079778,0.005577689243027928,-0.0007968127490038945,0.0023904382470120167,0.009960159362549792,0.0035856573705178585,-0.010756972111553798,0.0011952191235059528
197,197,0.896414342629482,0.8602150537634409,0.8907574514629477,0.9685534591194969,-0.0015936254980079,0.0019920318725099584,0.0015936254980080111,-0.007968127490039723,-0.0031872509960159112,0.003984063745020028,-0.015936254980079556,-0.011553784860557803,0.024302788844621448,0.008764940239043839,-0.009163346613545675,0.00039840637450194727,-0.006772908366533659,-0.0011952191235059528,-0.01195219123505964,-0.011553784860557803,-0.004382470119521753,-0.019521912350597415,0.00039840637450194727,-0.009163346613545675,-0.015936254980079556,0.017529880478087678,0.009960159362549792,-0.004780876494023811,0.00836653386454178,-0.0063745019920318224,-0.0007968127490038945,0.010756972111553798
198,198,0.8645418326693227,0.826530612244898,0.8678903472791906,0.9575471698113208,0.0031872509960160222,-0.006772908366533881,0.011952191235059861,1.1102230246251565e-16,0.008764940239043839,0.003984063745020028,-0.014741035856573714,-0.003984063745019806,-0.008366533864541892,0.0019920318725099584,-0.018326693227091573,-0.013944223107569709,0.012749003984063756,-0.003984063745019806,0.011553784860557692,-0.00517928286852587,0.005976095617529875,0.009561752988047845,-0.012350597609561809,0.01872509960159363,0.009163346613545786,-0.01912350597609558,-0.025896414342629348,-0.009561752988047734,1.1102230246251565e-16,-0.01195219123505964,0.00836653386454178,-0.020318725099601642
199,199,0.9282868525896414,0.9042553191489362,0.927365326770577,0.9687585452556741,0.0015936254980080111,-0.002788844621513742,0.017928286852589737,0.009960159362549792,-0.0011952191235058418,0.015139442231075773,0.015139442231075773,0.0063745019920319335,-0.0031872509960159112,0.0031872509960160222,0.0015936254980080111,0.012350597609561698,-0.0063745019920319335,-0.0015936254980079,0.01235059760956192,-0.0007968127490038945,-0.01075697211155402,0.01394422310756982,0.014342629482071767,0.0011952191235059528,-0.0023904382470119057,-0.0019920318725099584,0.0019920318725100694,0.012749003984063756,-0.0003984063745020583,0.025099601593625676,0.006772908366533881,0.00517928286852587
200,200,0.9163346613545816,0.88,0.8996103363412633,0.9756631118403063,0.011155378486055856,0.015139442231075773,0.008764940239043839,0.006772908366533992,0.007569721115537775,0.0223107569721116,1.1102230246251565e-16,0.0035856573705180805,0.028286852589641365,0.005577689243027928,0.016334661354581614,0.005179282868526092,-0.0035856573705179695,-0.007968127490039723,1.1102230246251565e-16,0.004780876494023922,-0.005976095617529764,-0.0063745019920318224,-0.01195219123505964,-0.008366533864541892,0.004780876494023922,1.1102230246251565e-16,0.0035856573705178585,0.0063745019920319335,-0.004382470119521975,0.041832669322709126,0.025099601593625454,0.013545816733067761
201,201,0.8366533864541833,0.7734806629834254,0.8206863549357397,0.9190593382554006,-0.0023904382470119057,-0.003984063745019806,1.1102230246251565e-16,-0.003984063745019806,-0.011155378486055745,-0.0031872509960159112,-0.011155378486055745,-0.01673306772908356,0.003984063745020028,0.007968127490039945,0.013147410358565703,0.00517928286852587,-0.00517928286852587,-0.014741035856573714,0.0063745019920319335,0.01872509960159363,-0.007968127490039723,0.01035856573705185,-0.015139442231075662,0.021912350597609542,-0.01195219123505964,-0.02430278884462156,-0.006772908366533881,-0.02908366533864537,-0.014342629482071656,0.015537848605577609,0.011553784860557692,-0.009561752988047734
202,202,0.9043824701195219,0.8736842105263158,0.9039171452009844,0.9626059611703582,-0.004780876494023811,-0.0003984063745020583,-0.013944223107569709,-0.011155378486055745,0.008764940239043839,0.014741035856573714,0.0007968127490040056,0.003984063745020028,-0.006772908366533659,0.02071713147410359,-0.013147410358565703,1.1102230246251565e-16,-0.009163346613545786,-0.00836653386454167,0.013147410358565703,-0.003984063745019806,-0.0007968127490038945,0.0007968127490040056,0.01872509960159363,-0.006772908366533881,-0.007569721115537886,-0.007968127490039723,0.005179282868526092,-0.003984063745019806,0.0015936254980080111,0.011553784860557914,0.017928286852589626,-0.007968127490039723
203,203,0.8605577689243028,0.8066298342541437,0.8464246650259776,0.9293136450642604,0.0019920318725099584,0.004780876494023922,-0.0015936254980079,0.0063745019920319335,0.022709163346613548,1.1102230246251565e-16,0.00039840637450194727,0.0346613545816733,0.014741035856573714,0.007171314741035939,0.011952191235059861,0.012350597609561698,0.027091633466135523,0.0063745019920319335,0.007968127490039945,-0.0035856573705179695,-0.015936254980079556,-0.014342629482071656,0.017928286852589626,-0.0023904382470119057,0.011553784860557692,0.021912350597609542,0.0031872509960160222,0.005577689243027928,0.009163346613545786,0.0015936254980080111,0.002788844621513964,-0.009561752988047734
204,204,0.8565737051792829,0.7857142857142857,0.8272491112934099,0.9478397593656003,-0.010756972111553798,-0.004780876494023811,0.0031872509960160222,-0.020318725099601642,0.0011952191235059528,-0.01673306772908356,1.1102230246251565e-16,0.0019920318725099584,0.003984063745020028,-0.011553784860557803,-0.004382470119521975,-0.015936254980079556,-0.007569721115537886,-0.012350597609561809,-0.003984063745019806,-0.005976095617529875,-0.015936254980079556,-0.0019920318725099584,-0.0035856573705179695,-0.004780876494023811,-0.00517928286852587,-0.007569721115537886,-0.0063745019920318224,-0.007171314741035828,-0.01354581673306765,0.007171314741035939,0.015936254980079778,-0.0019920318725099584
205,205,0.8366533864541833,0.7484662576687117,0.8000751982499317,0.9496171725458026,-0.009561752988047734,-0.013147410358565703,-0.01354581673306765,-0.0063745019920318224,0.04820717131474106,0.004780876494023922,-0.0254980079681274,-0.013147410358565703,-0.007968127490039723,-0.018326693227091573,0.009163346613545786,-0.007968127490039723,-0.017529880478087567,-0.0023904382470119057,0.007968127490039945,0.013147410358565703,-0.024701195219123395,0.016733067729083673,-0.0011952191235059528,-0.0007968127490038945,-0.026294820717131406,-0.002788844621513964,-0.0003984063745020583,-0.007968127490039723,-0.02071713147410348,0.0023904382470120167,-0.00517928286852587,0.011553784860557692
206,206,0.8685258964143426,0.8324873096446701,0.8733251298878862,0.9574788077659284,-0.0003984063745020583,0.0023904382470120167,-0.0007968127490038945,0.015139442231075773,0.01035856573705185,0.011553784860557692,0.004382470119521864,0.01713147410358562,0.012350597609561698,0.015537848605577609,0.02390438247011961,0.005976095617529875,0.013944223107569709,-0.003984063745019806,-0.003984063745019806,-0.009561752988047734,-0.006772908366533881,0.00836653386454178,0.013545816733067761,1.1102230246251565e-16,-0.005976095617529875,0.0035856573705178585,0.00039840637450194727,-0.0019920318725099584,-0.0035856573705179695,-0.0007968127490038945,-0.00517928286852587,0.010756972111553798
207,207,0.9043824701195219,0.8604651162790697,0.8833059885151764,0.9734755263877496,0.005976095617529875,0.011952191235059861,0.01035856573705185,0.025099601593625454,0.0011952191235061749,0.014741035856573714,0.012749003984063756,0.0031872509960160222,0.013147410358565703,0.026294820717131517,0.007569721115537997,0.0031872509960160222,0.017928286852589626,0.007171314741035939,0.01394422310756982,0.007569721115537775,0.002788844621513964,0.014342629482071767,0.03545816733067719,0.02031872509960153,-0.013147410358565703,-0.006772908366533659,0.011553784860557914,0.00836653386454178,-0.009163346613545675,0.022709163346613548,0.009561752988047845,0.0015936254980080111
208,208,0.8247011952191236,0.717948717948718,0.779190593382554,0.9532403609515997,-0.028286852589641476,0.0019920318725100694,-0.009960159362549792,-0.029482071713147318,0.020318725099601753,-0.009163346613545786,0.017928286852589737,0.018725099601593742,-0.03426294820717124,0.031872509960159445,-0.014342629482071656,0.03904382470119527,-0.003984063745019806,0.005577689243027928,-0.014741035856573714,-0.0019920318725099584,-0.013944223107569709,0.002788844621513964,-0.0003984063745020583,0.033466135458167345,-0.0011952191235059528,0.005976095617529986,0.0011952191235061749,-0.020318725099601642,-0.019920318725099473,-0.018326693227091573,-0.0011952191235059528,-0.014741035856573714
209,209,0.852589641434263,0.8,0.8424254853705223,0.9284249384741592,0.0007968127490040056,-0.0011952191235059528,-0.003984063745019806,0.0035856573705178585,0.011553784860557692,0.0011952191235059528,0.013944223107569709,-0.017529880478087567,0.0031872509960160222,0.00039840637450194727,-0.0035856573705179695,0.004382470119521864,0.0019920318725099584,0.003984063745020028,-0.009561752988047734,-0.0003984063745020583,-0.002788844621513964,0.0011952191235059528,0.010756972111553798,-0.005577689243027817,0.01713147410358562,-0.015139442231075662,0.00039840637450194727,-0.0007968127490038945,1.1102230246251565e-16,-0.011553784860557803,-0.004382470119521975,-0.0015936254980079
210,210,0.852589641434263,0.7885714285714286,0.8309748427672956,0.9559064807219032,0.009561752988047845,-0.007569721115537886,0.01035856573705185,-0.021115537848605537,-0.002788844621513964,-0.003984063745019806,-0.021513944223107484,0.01035856573705185,-0.0003984063745020583,0.007569721115537775,-0.015936254980079556,-0.01713147410358562,-0.009561752988047734,-0.0015936254980079,-0.008366533864541892,-0.004382470119521975,-0.009163346613545786,-0.005976095617529875,0.007171314741035939,0.005577689243027928,0.007171314741035939,0.015936254980079778,-0.0063745019920318224,-0.01553784860557772,-0.019920318725099473,-0.0011952191235059528,0.0035856573705178585,-0.007968127490039723
211,211,0.8446215139442231,0.7868852459016393,0.8315559201531311,0.9436013125512716,-0.002788844621513964,0.003984063745020028,0.002788844621513964,0.0007968127490040056,-0.0019920318725099584,-0.00517928286852587,-0.03227091633466139,-0.006772908366533881,-0.0023904382470119057,0.013944223107569709,-0.013944223107569709,0.0011952191235059528,0.0023904382470120167,-0.014342629482071656,-0.0023904382470119057,-0.006772908366533881,-0.01035856573705174,-0.02589641434262946,0.002788844621513964,-0.006772908366533881,-0.005976095617529875,-0.0007968127490038945,-0.009163346613545786,-0.017529880478087567,-0.019521912350597637,-0.007171314741035828,-0.01553784860557772,-0.00517928286852587
212,212,0.8924302788844621,0.8586387434554974,0.8921930544161881,0.9539239814055237,1.1102230246251565e-16,0.002788844621513964,0.002788844621513964,0.013944223107569709,0.019521912350597526,-0.0007968127490038945,0.014342629482071767,0.009561752988047845,0.019920318725099695,0.01035856573705185,-0.009163346613545786,0.011952191235059861,-0.005577689243027817,0.008764940239043839,-0.004382470119521975,0.004780876494023922,0.011553784860557692,0.028286852589641365,0.02390438247011961,0.017928286852589626,0.019521912350597526,-0.0019920318725099584,-0.0007968127490038945,0.01912350597609569,0.004382470119521864,-0.007968127490039723,-0.007968127490039723,-0.004780876494023811
213,213,0.8804780876494024,0.8351648351648352,0.8690183210281652,0.9626743232157506,0.00517928286852587,-0.003984063745019806,-0.009163346613545786,-0.002788844621513964,-0.0035856573705179695,0.017928286852589626,-0.019521912350597415,0.00517928286852587,0.00517928286852587,-0.0035856573705179695,0.016334661354581614,-0.030278884462151323,0.0007968127490040056,-0.008366533864541892,0.0019920318725099584,-0.011155378486055745,-0.002788844621513964,0.011553784860557692,0.009960159362549792,0.03904382470119527,0.033466135458167345,-0.0063745019920318224,-0.002788844621513964,-0.006772908366533881,-0.022709163346613326,-0.0011952191235059528,-0.019920318725099473,-0.017529880478087567
214,214,0.8764940239043825,0.8306010928961749,0.8658736669401148,0.9516680339075746,-0.0031872509960159112,0.0011952191235059528,0.01872509960159363,0.009163346613545786,0.014741035856573714,0.022709163346613548,0.017529880478087678,-0.0035856573705179695,0.015537848605577609,0.003984063745020028,0.010756972111553798,0.013944223107569709,0.016334661354581614,0.009960159362549792,0.0031872509960160222,-0.005976095617529875,-0.008366533864541892,-0.0003984063745020583,0.012749003984063756,0.03784860557768921,0.02031872509960153,-0.0035856573705179695,-0.004780876494023811,-0.013944223107569709,-0.012749003984063645,0.0346613545816733,-0.03386454183266918,-0.008764940239043728
215,215,0.848605577689243,0.7564102564102564,0.8049289034727919,0.9572053595843588,-0.009163346613545786,-0.004780876494023811,0.007171314741035939,0.0007968127490040056,0.009960159362549792,-0.004780876494023811,-0.0007968127490038945,0.0019920318725099584,0.024302788844621448,-0.007569721115537886,0.008764940239043839,-0.019920318725099473,-0.00517928286852587,-0.00517928286852587,-0.012749003984063645,-0.0019920318725099584,-0.0003984063745020583,-0.0007968127490038945,0.010756972111553798,0.006772908366533881,-0.005976095617529875,-0.008764940239043728,-0.01553784860557772,-0.0015936254980079,0.0007968127490040056,-0.023505976095617553,0.01912350597609569,0.009163346613545786
216,216,0.852589641434263,0.8121827411167513,0.8561662564943944,0.9624692370795734,-0.0023904382470119057,-0.0063745019920318224,-0.03067729083665338,-0.021513944223107484,0.0011952191235059528,-0.0254980079681274,-0.02589641434262946,-0.012749003984063645,-0.01713147410358562,-0.02231075697211149,-0.014342629482071656,-0.033466135458167234,-0.009163346613545786,-0.01553784860557772,-0.021912350597609542,-0.009561752988047734,0.00836653386454178,-0.008366533864541892,-0.01673306772908356,0.033466135458167345,-0.014342629482071656,-0.01673306772908356,-0.024701195219123395,-0.02589641434262946,0.0007968127490040056,-0.012749003984063645,-0.0011952191235059528,-0.009163346613545786
217,217,0.8167330677290837,0.7051282051282052,0.770611156685808,0.950710965272081,-0.03386454183266929,0.01713147410358573,0.0063745019920319335,0.008764940239043839,0.04422310756972114,-0.0015936254980079,0.02071713147410359,-0.022709163346613548,0.011952191235059861,-0.008764940239043728,-0.00039840637450183625,-0.009163346613545786,-0.0011952191235058418,0.007569721115537997,1.1102230246251565e-16,0.024701195219123506,0.01713147410358573,0.007569721115537997,0.03107569721115544,0.005179282868526092,0.006772908366533992,0.03147410358565739,0.01394422310756982,-0.0007968127490038945,0.0003984063745021693,0.031872509960159445,0.01912350597609569,0.008764940239043839
218,218,0.8764940239043825,0.841025641025641,0.8796144380639869,0.9608285479901559,0.0011952191235059528,0.0031872509960160222,-0.008764940239043728,-0.017928286852589514,-0.002788844621513964,0.006772908366533881,-0.0031872509960159112,0.0063745019920319335,-0.003984063745019806,0.0011952191235059528,0.003984063745020028,-0.0015936254980079,-0.004780876494023811,-0.003984063745019806,-0.004382470119521975,0.007569721115537775,0.003984063745020028,0.016733067729083673,0.02390438247011961,-0.0035856573705179695,-0.0011952191235059528,-0.01195219123505964,-0.0015936254980079,0.005976095617529875,0.0035856573705178585,0.0031872509960160222,-0.013944223107569709,0.03824701195219127
219,219,0.8725099601593626,0.8202247191011236,0.8558586272901285,0.9560432048126881,-0.005577689243027817,-0.005976095617529875,0.004382470119521864,-0.018326693227091573,0.014342629482071767,0.0035856573705178585,-0.013147410358565703,0.017928286852589626,0.003984063745020028,-0.014342629482071656,-0.016334661354581725,0.0011952191235059528,-0.0003984063745020583,-0.01195219123505964,-0.012749003984063645,-0.0003984063745020583,-0.0007968127490038945,-0.016334661354581725,0.0035856573705178585,-0.017928286852589626,-0.009163346613545786,-0.005976095617529875,-0.013944223107569709,0.004780876494023922,-0.0011952191235059528,0.014342629482071767,-0.01673306772908356,0.007171314741035939
220,220,0.9163346613545816,0.8944723618090452,0.9270918785890074,0.9469510527754991,0.003984063745020028,0.005976095617529986,0.011952191235059861,0.026294820717131517,0.023107569721115606,0.018326693227091684,0.0015936254980080111,0.021513944223107595,0.0011952191235061749,0.009960159362549903,0.004382470119522086,0.017928286852589737,-0.0031872509960159112,0.01713147410358562,-0.0019920318725098474,1.1102230246251565e-16,0.003984063745020028,0.03824701195219127,0.005976095617529875,0.05139442231075686,0.007569721115537997,0.00039840637450194727,-0.006772908366533659,0.007968127490039945,0.0035856573705178585,0.009960159362549792,0.024701195219123506,0.031474103585657276
221,221,0.8366533864541833,0.757396449704142,0.8069455838118677,0.9331419196062347,0.005577689243027928,0.0015936254980080111,0.02430278884462167,0.011952191235059861,0.004382470119521864,0.015537848605577609,-0.0003984063745020583,0.006772908366533881,-0.008764940239043728,-0.00517928286852587,0.03784860557768932,0.013147410358565703,-0.0007968127490038945,0.00517928286852587,0.01035856573705185,0.009163346613545786,-0.02231075697211149,0.009163346613545786,-0.012350597609561809,-0.0015936254980079,-0.01673306772908356,0.012749003984063756,0.005577689243027928,0.009163346613545786,-0.013944223107569709,0.015139442231075773,0.006772908366533881,0.0019920318725099584
222,222,0.8645418326693227,0.7792207792207793,0.8197976483456385,0.9706726825266613,-0.0007968127490038945,0.009960159362549792,0.011553784860557692,-0.0023904382470119057,0.007968127490039945,0.02589641434262946,0.013545816733067761,0.011553784860557692,0.00517928286852587,0.004382470119521864,0.015537848605577609,0.028286852589641365,0.005976095617529875,0.016733067729083673,0.007968127490039945,0.009163346613545786,0.0007968127490040056,0.011952191235059861,0.009561752988047845,0.0011952191235059528,0.00517928286852587,0.021513944223107595,0.013147410358565703,0.013545816733067761,0.007569721115537775,0.02071713147410359,0.023107569721115606,0.014342629482071767
223,223,0.8764940239043825,0.802547770700637,0.8361019961717255,0.9775772491112934,-0.019920318725099473,-0.005976095617529875,-0.011155378486055745,-0.011553784860557803,0.0019920318725099584,0.009163346613545786,-0.005976095617529875,-0.0031872509960159112,0.004382470119521864,-0.008366533864541892,-0.008764940239043728,-0.027490039840637248,-0.022709163346613326,-0.0003984063745020583,-0.005976095617529875,0.0007968127490040056,0.00039840637450194727,-0.006772908366533881,-0.0019920318725099584,-0.01195219123505964,-0.040239043824701004,-0.005976095617529875,0.0007968127490040056,-0.004382470119521975,1.1102230246251565e-16,0.005577689243027928,-0.02071713147410348,-0.014741035856573714
224,224,0.7330677290836654,0.5037037037037037,0.6564807219031994,0.9309543341536779,-0.009960159362549792,-0.0035856573705179695,-0.006772908366533881,-0.0023904382470120167,0.011155378486055745,0.0035856573705178585,-0.015936254980079667,0.0023904382470119057,-0.01553784860557772,-0.002788844621513964,0.021115537848605537,-0.010756972111553798,0.005577689243027817,0.01713147410358562,-0.02071713147410359,0.026294820717131406,-0.021513944223107595,0.004780876494023811,0.005577689243027817,0.023505976095617442,0.0023904382470119057,0.026693227091633354,-0.005577689243027928,0.012749003984063645,-0.013944223107569709,-0.005577689243027928,0.007171314741035828,-0.013545816733067761
225,225,0.8884462151394422,0.8478260869565217,0.8798878862455565,0.9715613891167624,-0.002788844621513742,0.015936254980079778,0.02071713147410359,0.017529880478087678,0.014741035856573714,0.01872509960159363,0.009561752988047845,1.1102230246251565e-16,0.009561752988047845,0.015936254980079778,0.031474103585657276,0.019920318725099695,0.00517928286852587,-0.007171314741035828,0.013147410358565703,0.005976095617529875,0.0023904382470120167,0.007968127490039945,0.008764940239043839,0.02589641434262946,0.003984063745020028,-0.0035856573705179695,0.004382470119521864,0.009561752988047845,0.0015936254980080111,-0.004780876494023811,0.017529880478087678,-0.011155378486055745
226,226,0.852589641434263,0.8102564102564103,0.853876127973749,0.9400464861908668,-0.0003984063745020583,1.1102230246251565e-16,-0.006772908366533881,-0.009561752988047734,-0.007569721115537886,-0.0015936254980079,-0.009960159362549792,-0.015936254980079556,-0.0003984063745020583,-0.006772908366533881,-0.0063745019920318224,-0.007968127490039723,-0.01872509960159363,-0.004780876494023811,-0.0035856573705179695,-0.013147410358565703,-0.0063745019920318224,0.005976095617529875,-0.01195219123505964,0.018326693227091684,-0.01912350597609558,-0.0011952191235059528,-0.0007968127490038945,-0.0023904382470119057,-0.005976095617529875,-0.010756972111553798,-0.008764940239043728,-0.009561752988047734
227,227,0.8764940239043825,0.8248587570621468,0.8590032813781788,0.9682116488925349,-0.0007968127490038945,-0.015936254980079556,-0.00517928286852587,-0.02231075697211149,-0.007569721115537886,-0.021513944223107484,-0.02390438247011939,-0.009561752988047734,-0.0007968127490038945,-0.004382470119521975,-0.003984063745019806,-0.012749003984063645,-0.0035856573705179695,-0.015936254980079556,-0.019521912350597415,-0.013944223107569598,-0.007171314741035828,0.003984063745020028,-0.01872509960159363,0.007569721115537775,0.013147410358565703,-0.009561752988047734,-0.010756972111553798,-0.014342629482071656,-0.005976095617529875,-0.025896414342629348,-0.015537848605577498,-0.01872509960159341
228,228,0.8844621513944223,0.8342857142857143,0.8652925895542795,0.9746376811594203,-0.005976095617529764,-0.011553784860557803,-0.012749003984063645,-0.00836653386454167,-0.007569721115537664,-0.0019920318725099584,-0.018326693227091573,-0.01354581673306765,0.0007968127490040056,0.014741035856573714,0.002788844621513964,-0.019920318725099473,-0.003984063745019806,-0.010756972111553798,-0.0031872509960159112,0.0035856573705178585,-0.002788844621513964,-0.008764940239043728,0.006772908366533881,-0.017529880478087567,-0.0063745019920318224,-0.0003984063745020583,-0.004382470119521753,-0.0011952191235059528,-0.011553784860557803,0.013944223107569709,0.002788844621513964,0.009561752988047845
229,229,0.896414342629482,0.8686868686868687,0.9044982225868199,0.9582307902652448,1.1102230246251565e-16,0.0007968127490040056,0.004382470119522086,0.002788844621514075,0.005179282868526092,-0.005976095617529875,0.002788844621513964,-0.029482071713147318,-0.00039840637450183625,0.014741035856573714,-0.023107569721115495,0.014342629482071767,0.003984063745020028,-0.0035856573705179695,0.0007968127490040056,-0.007171314741035828,-0.027490039840637248,-0.009163346613545675,0.005577689243027928,-0.005976095617529764,0.02071713147410359,0.0023904382470120167,0.004780876494023922,-0.00039840637450183625,0.0007968127490040056,-0.0031872509960159112,1.1102230246251565e-16,0.007569721115537997
230,230,0.9123505976095617,0.8910891089108911,0.9262373530216024,0.9767569045665847,1.1102230246251565e-16,0.0023904382470120167,0.0023904382470120167,-0.028685258964143534,-0.002788844621513742,0.015537848605577609,0.0035856573705180805,0.00039840637450194727,-0.002788844621513742,-0.002788844621513964,0.013944223107569709,0.0031872509960160222,0.011155378486055856,0.0023904382470120167,0.009960159362549792,0.007968127490039945,0.004382470119521864,0.0035856573705180805,0.015936254980079778,0.02111553784860576,0.0031872509960160222,0.011155378486055856,0.005976095617529875,0.0007968127490040056,0.0035856573705180805,0.0063745019920319335,0.009163346613545786,0.007569721115537997
231,231,0.8685258964143426,0.8135593220338984,0.850423844681433,0.945378725731474,-0.0019920318725099584,0.0023904382470120167,-0.004780876494023811,0.003984063745020028,0.0031872509960160222,0.004780876494023922,-0.0063745019920318224,-0.010756972111553798,0.009163346613545786,-0.015936254980079556,0.006772908366533881,0.009561752988047845,-0.003984063745019806,0.015936254980079778,0.014741035856573714,0.012749003984063756,0.0019920318725099584,0.018326693227091684,0.011553784860557692,-0.013944223107569709,-0.007968127490039723,0.019920318725099695,-0.01195219123505964,-0.005976095617529875,-0.009163346613545786,-0.007569721115537886,-0.007968127490039723,-0.0063745019920318224
232,232,0.8645418326693227,0.8068181818181818,0.8449890620727372,0.9455154498222588,0.0011952191235059528,0.004780876494023922,0.0023904382470120167,0.007968127490039945,0.02589641434262946,0.008764940239043839,0.009960159362549792,0.012350597609561698,0.016733067729083673,0.0063745019920319335,-0.009163346613545786,0.01912350597609569,-0.002788844621513964,0.009960159362549792,-0.0011952191235059528,0.0015936254980080111,0.0031872509960160222,0.01035856573705185,-0.0023904382470119057,-0.009960159362549792,-0.0007968127490038945,0.004382470119521864,0.01713147410358562,0.026693227091633465,0.023107569721115606,0.028685258964143423,0.0015936254980080111,0.015537848605577609
233,233,0.848605577689243,0.7710843373493976,0.8163795460760186,0.9524883784522833,-0.0007968127490038945,-0.0035856573705179695,-0.007171314741035828,-0.0007968127490038945,0.0035856573705178585,0.0031872509960160222,0.004780876494023922,0.0015936254980080111,0.004382470119521864,0.00836653386454178,0.004382470119521864,-0.0031872509960159112,0.0031872509960160222,-0.0015936254980079,-0.021115537848605537,-0.006772908366533881,-0.012749003984063645,0.013944223107569709,-0.0011952191235059528,-0.03147410358565739,-0.0035856573705179695,0.016334661354581614,0.018326693227091684,-0.0015936254980079,-0.007569721115537886,0.0015936254980080111,0.0015936254980080111,0.0015936254980080111
234,234,0.900398406374502,0.8704663212435233,0.9030626196335794,0.9671178561662566,-0.007569721115537886,-0.030278884462151323,-0.011155378486055745,0.007171314741035939,-0.002788844621513742,0.008366533864542003,-0.007968127490039723,0.01035856573705185,0.00836653386454178,0.007171314741035939,0.007968127490039945,0.025099601593625454,0.016334661354581614,-0.002788844621513742,0.014741035856573714,-0.009561752988047734,-0.0023904382470119057,0.021912350597609542,0.03984063745019928,0.026693227091633465,0.004780876494023922,0.009561752988047845,0.0063745019920319335,-0.0023904382470119057,-0.005976095617529875,-0.019920318725099473,0.016334661354581614,-0.005976095617529875
235,235,0.8884462151394422,0.8271604938271605,0.8546964725184578,0.972860267979218,-0.0035856573705179695,-0.0011952191235058418,0.002788844621513964,0.00039840637450194727,0.012350597609561698,-0.007968127490039723,0.002788844621513964,-0.0035856573705179695,0.007968127490039945,0.004780876494023922,-0.021513944223107484,-0.0003984063745020583,-0.00517928286852587,-0.0019920318725099584,0.021912350597609542,-0.007968127490039723,0.0023904382470120167,0.011553784860557692,-0.0023904382470119057,1.1102230246251565e-16,0.012350597609561698,0.012749003984063756,0.0031872509960160222,-0.012350597609561587,1.1102230246251565e-16,-0.005577689243027817,-0.0019920318725098474,0.005577689243027928
236,236,0.8884462151394422,0.8461538461538461,0.8775977577249112,0.9600082034454471,0.0035856573705178585,0.00039840637450194727,-0.0011952191235058418,0.00836653386454178,0.0019920318725099584,-0.00517928286852587,-0.0035856573705177475,0.01035856573705185,0.0019920318725099584,0.007171314741035939,0.012350597609561698,0.0015936254980080111,-0.015139442231075662,0.0019920318725099584,0.011155378486055856,0.012350597609561698,-0.002788844621513742,0.05378486055776888,0.009561752988047845,0.012350597609561698,-0.013147410358565592,-0.006772908366533881,0.0035856573705178585,-0.005577689243027817,0.003984063745020028,-0.015936254980079556,0.002788844621513964,0.00039840637450194727
237,237,0.8804780876494024,0.8333333333333334,0.8667281925075199,0.958435876401422,-0.0003984063745020583,0.003984063745020028,-0.0007968127490038945,0.002788844621513964,-0.004382470119521975,0.0035856573705178585,0.0011952191235059528,-0.0063745019920318224,0.012350597609561698,0.00836653386454178,0.006772908366533881,0.00039840637450194727,0.0063745019920319335,0.007968127490039945,-0.0003984063745020583,-0.02908366533864526,0.002788844621513964,0.004382470119521864,0.002788844621513964,0.0031872509960160222,-0.005577689243027817,0.015936254980079778,0.019521912350597526,0.0007968127490040056,0.004382470119521864,0.009561752988047845,-0.009960159362549681,0.0019920318725099584
238,238,0.8605577689243028,0.8066298342541437,0.8464246650259776,0.9430544161881325,0.0035856573705178585,-0.0007968127490038945,-0.003984063745019806,-0.003984063745019806,1.1102230246251565e-16,0.00517928286852587,0.0015936254980080111,-0.0019920318725099584,0.004382470119521864,0.013545816733067761,0.0023904382470120167,0.00517928286852587,0.0015936254980080111,-0.0031872509960159112,-0.006772908366533881,-0.0003984063745020583,-0.0035856573705179695,0.013147410358565703,0.0015936254980080111,-0.00517928286852587,-0.002788844621513964,0.0015936254980080111,1.1102230246251565e-16,-0.002788844621513964,0.0011952191235059528,0.0035856573705178585,-0.0031872509960159112,-0.006772908366533881
239,239,0.9123505976095617,0.8777777777777778,0.9010459392945037,0.9752529395679519,0.009960159362549792,0.009561752988047845,-0.0011952191235059528,-0.00517928286852587,-0.013147410358565703,0.012749003984063756,0.015537848605577609,-0.01195219123505964,-0.00517928286852587,0.009561752988047845,0.0035856573705178585,0.009561752988047845,-0.009960159362549681,0.00517928286852587,0.01035856573705185,-0.0019920318725098474,-0.006772908366533881,0.005577689243027928,0.014741035856573714,-0.002788844621513964,-0.015537848605577498,-0.012350597609561587,0.00039840637450194727,-0.013147410358565703,-0.008764940239043728,0.01912350597609569,-0.01035856573705174,0.0007968127490040056
240,240,0.9083665338645418,0.8622754491017964,0.8818703855619361,0.9830462127426853,0.007968127490039945,0.0019920318725100694,-0.0015936254980079,0.013147410358565925,0.028286852589641365,0.0011952191235059528,0.017529880478087678,0.008764940239043839,0.007171314741035939,0.012749003984063756,0.013147410358565925,0.012749003984063756,0.007569721115537775,0.017928286852589737,0.018326693227091684,0.013147410358565703,0.013545816733067761,0.0362549800796812,0.02589641434262946,0.009163346613545786,0.007171314741035939,0.009960159362549792,0.018326693227091684,0.016334661354581614,0.003984063745020028,0.019521912350597526,0.021513944223107595,0.002788844621514075
241,241,0.9043824701195219,0.8811881188118812,0.9176579163248564,0.9449685534591196,0.010756972111553909,0.027091633466135523,0.003984063745020028,0.004780876494023922,0.03984063745019928,0.0023904382470120167,0.025498007968127512,0.01872509960159363,0.04422310756972103,0.014342629482071767,0.004780876494023922,0.011952191235059861,0.013944223107569709,0.0031872509960160222,0.01394422310756982,0.0007968127490040056,0.00836653386454178,0.021115537848605537,0.018326693227091684,0.017529880478087678,0.021115537848605537,0.021513944223107595,0.03067729083665338,0.005976095617529875,1.1102230246251565e-16,-0.00039840637450183625,0.01035856573705185,0.03545816733067719
242,242,0.8645418326693227,0.826530612244898,0.8678903472791906,0.9652037188952693,-0.0063745019920318224,0.0007968127490040056,-0.0011952191235059528,-0.015139442231075662,0.011952191235059861,0.012749003984063756,-0.0015936254980079,-0.026693227091633465,0.009163346613545786,0.004382470119521864,-0.0035856573705179695,0.011553784860557692,0.013147410358565703,0.002788844621513964,0.004780876494023922,0.0011952191235059528,-0.018326693227091573,0.019920318725099695,0.0031872509960160222,-0.009561752988047734,0.02749003984063736,-0.0007968127490038945,-0.008764940239043728,0.0015936254980080111,0.004382470119521864,-0.005577689243027817,-0.01553784860557772,0.00039840637450194727
243,243,0.8884462151394422,0.825,0.8524063439978125,0.9767569045665847,-0.0011952191235058418,0.0031872509960160222,-0.0011952191235059528,-0.0035856573705177475,-0.0011952191235059528,0.024302788844621448,0.0031872509960160222,0.006772908366533881,0.045418326693227096,0.014342629482071767,0.02031872509960153,0.024701195219123506,-0.006772908366533881,0.0015936254980080111,1.1102230246251565e-16,0.022709163346613548,-0.002788844621513742,0.021912350597609542,0.0346613545816733,0.012350597609561698,-0.007569721115537664,0.00517928286852587,-0.0015936254980079,0.00517928286852587,1.1102230246251565e-16,1.1102230246251565e-16,0.031474103585657276,0.0031872509960160222
244,244,0.8446215139442231,0.7936507936507936,0.8384263057150669,0.9574788077659284,-0.007968127490039723,-0.0031872509960159112,-0.007569721115537886,-0.007171314741035828,-0.0011952191235059528,0.007569721115537775,0.00836653386454178,0.009561752988047845,-0.003984063745019806,0.0035856573705178585,0.006772908366533881,1.1102230246251565e-16,-0.009561752988047734,-0.015936254980079556,-0.0011952191235059528,-0.02390438247011939,-0.0007968127490038945,0.014741035856573714,0.009561752988047845,-0.01553784860557772,-0.010756972111553798,-0.027888446215139306,-0.019521912350597637,-0.012350597609561809,-0.008366533864541892,-0.007968127490039723,-0.007171314741035828,-0.002788844621513964
245,245,0.8764940239043825,0.837696335078534,0.8750341810226963,0.9687585452556741,-0.0035856573705179695,-0.005577689243027817,-0.004780876494023811,0.0023904382470120167,-0.007171314741035828,-0.007569721115537886,-0.003984063745019806,0.015139442231075773,-0.010756972111553798,-0.0063745019920318224,-0.0023904382470119057,0.009561752988047845,-0.007171314741035828,-0.011155378486055745,-0.01713147410358562,0.003984063745020028,-0.004382470119521975,0.00517928286852587,0.0019920318725099584,0.006772908366533881,0.0015936254980080111,-0.009561752988047734,-0.01195219123505964,0.002788844621513964,-0.005577689243027817,-0.006772908366533881,-0.006772908366533881,-0.017928286852589514
246,246,0.848605577689243,0.7532467532467533,0.8026387749521466,0.9525567404976758,-0.004382470119521975,0.009163346613545786,-0.0003984063745020583,-0.009163346613545786,0.03107569721115544,0.004780876494023922,0.009561752988047845,-0.003984063745019806,0.007569721115537775,0.006772908366533881,0.007569721115537775,0.01035856573705185,0.009960159362549792,-0.0015936254980079,0.014342629482071767,0.008764940239043839,0.01713147410358562,-0.006772908366533881,-0.01673306772908356,-0.010756972111553798,-0.0035856573705179695,0.0031872509960160222,0.006772908366533881,0.007171314741035939,-0.0019920318725099584,0.007968127490039945,0.017928286852589626,0.02390438247011961
247,247,0.896414342629482,0.8539325842696629,0.8815969373803665,0.95809406617446,-0.0011952191235058418,0.00836653386454178,0.005976095617529875,0.0011952191235059528,0.0035856573705180805,0.004382470119522086,0.006772908366533881,0.012350597609561698,0.013147410358565703,-0.0007968127490038945,0.004382470119522086,0.02390438247011961,0.012350597609561698,0.02390438247011961,0.0023904382470120167,0.004780876494023922,0.00517928286852587,0.02071713147410359,0.02749003984063736,0.017928286852589626,0.014741035856573714,0.013545816733067761,0.017928286852589626,0.022709163346613548,1.1102230246251565e-16,0.005577689243027928,0.022709163346613548,0.009561752988047845
248,248,0.848605577689243,0.7934782608695652,0.8369907027618266,0.9615121684440799,-0.0015936254980079,-0.0015936254980079,-0.011155378486055745,-0.026693227091633465,0.0035856573705178585,-0.0023904382470119057,0.009163346613545786,0.00039840637450194727,0.0015936254980080111,-0.01195219123505964,-0.02589641434262946,0.0007968127490040056,-0.0015936254980079,-0.004780876494023811,-0.01035856573705174,-0.027888446215139306,-0.008764940239043728,-0.008764940239043728,-0.020318725099601642,-0.0019920318725099584,-0.015936254980079556,-0.019920318725099473,1.1102230246251565e-16,-0.0023904382470119057,-0.0003984063745020583,-0.05139442231075675,-0.013147410358565703,-0.0019920318725099584
249,249,0.8645418326693227,0.8045977011494253,0.8426989335520919,0.9369018321028166,0.00836653386454178,0.005577689243027928,0.003984063745020028,-0.007968127490039723,-0.002788844621513964,0.00039840637450194727,0.009561752988047845,0.025498007968127512,0.019920318725099695,0.015537848605577609,0.0019920318725099584,0.016733067729083673,0.008764940239043839,-0.008764940239043728,0.003984063745020028,-0.007171314741035828,-0.0035856573705179695,0.0011952191235059528,1.1102230246251565e-16,0.014342629482071767,0.007968127490039945,0.0031872509960160222,0.007968127490039945,0.016733067729083673,0.0023904382470120167,-0.004780876494023811,0.0035856573705178585,0.011155378486055856
