,random_seed,accuracy,f1,balanced_acc,auc,feature_importance.back_CO2_vd_scaled,feature_importance.back_CO2_vd_fd1_scaled,feature_importance.back_CO2_vd_fd2_scaled,feature_importance.back_CO2_vd_fd3_scaled,feature_importance.backlow_CO2_scaled,feature_importance.backlow_CO2_fd1_scaled,feature_importance.backlow_CO2_fd2_scaled,feature_importance.backlow_CO2_fd3_scaled,feature_importance.backtop_CO2_scaled,feature_importance.backtop_CO2_fd1_scaled,feature_importance.backtop_CO2_fd2_scaled,feature_importance.backtop_CO2_fd3_scaled,feature_importance.backlow_temperature_scaled,feature_importance.backlow_temperature_fd1_scaled,feature_importance.backlow_temperature_fd2_scaled,feature_importance.backlow_temperature_fd3_scaled,feature_importance.backlow_humidity_scaled,feature_importance.backlow_humidity_fd1_scaled,feature_importance.backlow_humidity_fd2_scaled,feature_importance.backlow_humidity_fd3_scaled,feature_importance.backtop_temperature_scaled,feature_importance.backtop_temperature_fd1_scaled,feature_importance.backtop_temperature_fd2_scaled,feature_importance.backtop_temperature_fd3_scaled,feature_importance.backtop_humidity_scaled,feature_importance.backtop_humidity_fd1_scaled,feature_importance.backtop_humidity_fd2_scaled,feature_importance.backtop_humidity_fd3_scaled
0,0,0.8916666666666667,0.8539325842696629,0.8792596944770859,0.9185517038777908,0.012916666666666798,0.0029166666666665675,0.0033333333333332993,0.007083333333333441,0.011666666666666603,-0.00666666666666671,0.003750000000000031,0.004583333333333384,0.12,0.009166666666666767,0.0016666666666667052,-0.005833333333333468,0.11291666666666678,0.0050000000000002265,0.002083333333333326,-0.0025000000000000577,-0.0004166666666668428,0.005833333333333468,0.01333333333333342,0.0025000000000001688,0.022083333333333455,0.02833333333333321,0.016250000000000098,0.014583333333333282,0.0029166666666667895,0.002083333333333548,0.015833333333333477,0.007083333333333441
1,1,0.8708333333333333,0.8143712574850299,0.8459165687426558,0.9428613396004701,-0.00708333333333333,0.0029166666666666785,0.006249999999999978,0.0024999999999999467,0.011249999999999982,0.004583333333333384,0.0012499999999998623,-0.008750000000000036,0.011666666666666825,0.008750000000000036,0.003750000000000142,0.0,0.032083333333333464,-0.0004166666666667318,-0.0029166666666666785,-0.004166666666666652,0.010416666666666519,0.0024999999999999467,0.008750000000000147,0.011249999999999982,0.02833333333333332,0.0008333333333332416,0.007500000000000062,0.00374999999999992,0.01000000000000012,0.005833333333333135,0.0029166666666666785,0.012916666666666798
2,2,0.875,0.8214285714285714,0.8513513513513513,0.928686839012926,-0.0024999999999998357,0.0012499999999999734,-0.007499999999999951,-0.0029166666666666785,0.01416666666666655,-0.01041666666666663,-0.012499999999999845,0.0029166666666666785,0.012499999999999956,-0.0029166666666666785,-0.0016666666666667052,0.004999999999999893,0.022499999999999964,-0.004583333333333273,-0.014166666666666772,-0.0033333333333332993,0.0016666666666667052,0.005833333333333357,0.0016666666666667052,0.004166666666666652,0.0279166666666667,-0.005833333333333357,-0.010000000000000009,-0.008333333333333193,0.0024999999999998357,-0.005416666666666736,0.0033333333333332993,0.004166666666666652
3,3,0.8625,0.8,0.8350470035252644,0.970108695652174,-0.00749999999999984,0.0004166666666667318,0.0008333333333333526,-0.0033333333333332993,0.019583333333333286,-0.016666666666666607,0.006250000000000089,0.012500000000000067,0.02083333333333348,-0.016666666666666607,-0.011666666666666714,-0.020416666666666528,0.022916666666666696,-0.009999999999999898,-0.002083333333333215,-0.024166666666666448,0.02083333333333326,0.007916666666666794,0.007916666666666572,0.005416666666666736,0.025416666666666865,-0.005833333333333357,-0.008750000000000036,-0.01708333333333334,0.01041666666666663,0.0004166666666667318,0.012916666666666687,-0.0004166666666666208
4,4,0.8791666666666667,0.8304093567251462,0.8588425381903643,0.9676850763807285,-0.006666666666666821,-0.004166666666666541,0.0,-0.0004166666666666208,-0.008333333333333304,-0.004999999999999893,-0.006666666666666821,0.011666666666666603,0.012916666666666465,-0.014583333333333393,-0.006249999999999978,-0.008333333333333304,0.015000000000000124,-0.015000000000000124,-0.02041666666666686,-0.009999999999999898,0.01041666666666663,0.0012500000000001954,0.005833333333333246,0.0004166666666667318,0.01083333333333325,-0.005833333333333357,-0.018333333333333535,-0.01041666666666674,-0.0008333333333332416,0.002083333333333437,-0.0016666666666667052,-0.0050000000000000044
5,5,0.8833333333333333,0.8409090909090909,0.8683901292596945,0.9272179788484136,0.00041666666666650976,0.0033333333333334103,1.1102230246251565e-16,0.00708333333333333,0.01833333333333309,0.00374999999999992,0.007916666666666683,0.0004166666666667318,0.0024999999999999467,0.0012499999999999734,0.02874999999999983,0.012499999999999956,0.03500000000000003,0.011666666666666603,0.0012499999999999734,-0.0016666666666667052,0.0008333333333333526,0.021250000000000102,-0.005416666666666625,-0.00041666666666650976,0.11541666666666672,0.0508333333333334,0.015416666666666634,0.029166666666666674,0.002083333333333326,0.010833333333333361,0.023333333333333206,0.0029166666666667895
6,6,0.8666666666666667,0.8095238095238095,0.8425381903642772,0.9589453584018801,0.006250000000000089,-0.0029166666666667895,0.0029166666666665675,-0.002083333333333437,-1.1102230246251565e-16,-0.0016666666666667052,-0.0008333333333332416,-0.0004166666666667318,0.03916666666666668,0.0050000000000000044,-0.0016666666666667052,-0.007500000000000062,0.022916666666666696,0.0024999999999999467,0.0008333333333333526,-0.004166666666666652,0.0012499999999999734,-0.005833333333333246,0.002083333333333326,-0.007500000000000062,0.026249999999999996,-0.0004166666666667318,-0.002083333333333326,-0.005416666666666625,-0.0033333333333334103,0.0033333333333331883,-0.0024999999999999467,0.007500000000000062
7,7,0.8791666666666667,0.8342857142857143,0.8629553466509988,0.921195652173913,0.0025000000000000577,0.0029166666666666785,0.003750000000000031,0.004999999999999893,0.10958333333333337,0.0016666666666665941,-0.012916666666666798,0.012083333333333446,-0.0008333333333332416,0.004166666666666652,0.02750000000000008,-0.014583333333333393,0.07874999999999999,0.018750000000000044,0.03541666666666665,0.008333333333333415,-0.0012499999999998623,0.011666666666666603,0.005833333333333246,0.005416666666666625,0.11250000000000004,0.0012499999999999734,0.01749999999999996,-0.0012500000000000844,0.08499999999999996,0.022083333333333344,0.0029166666666666785,0.0033333333333334103
8,8,0.8833333333333333,0.8390804597701149,0.8663337250293772,0.950719741480611,-0.008750000000000147,-0.0033333333333331883,-0.010833333333333472,-0.0016666666666667052,0.020000000000000018,-0.01416666666666666,-0.012500000000000067,-0.012916666666666687,-0.0024999999999999467,-0.004166666666666652,-0.002083333333333326,-0.007500000000000062,0.01708333333333334,-0.007500000000000062,-0.004166666666666652,-0.014583333333333504,0.0012499999999999734,0.0050000000000000044,-0.004166666666666652,0.0033333333333331883,0.009583333333333277,-0.00958333333333361,-0.011250000000000204,-0.01375000000000004,0.008749999999999925,-0.0033333333333334103,0.008749999999999925,-0.00041666666666650976
9,9,0.85,0.7777777777777778,0.8187426556991775,0.9612220916568743,-0.007499999999999951,0.0050000000000000044,-0.004999999999999893,0.004166666666666541,0.008750000000000036,0.0033333333333332993,-0.002083333333333215,0.005416666666666736,0.0004166666666666208,-0.010000000000000009,0.0,-0.004583333333333273,0.019166666666666665,-0.014583333333333282,-0.003750000000000031,-0.01750000000000007,0.014166666666666772,0.019583333333333286,0.02124999999999999,0.009166666666666656,0.01666666666666672,-0.01416666666666655,-0.0050000000000001155,-0.013749999999999929,0.009999999999999898,0.022916666666666585,0.0033333333333332993,0.006249999999999978
10,10,0.85,0.7804878048780488,0.8207990599294948,0.9248678025851939,-0.025000000000000022,-0.010416666666666852,-0.00666666666666671,0.00374999999999992,-0.004583333333333273,-0.006249999999999978,0.0008333333333334636,0.004583333333333273,-0.0029166666666665675,-0.007499999999999951,-0.0016666666666665941,-0.015000000000000013,0.019999999999999907,-0.009583333333333388,-0.007916666666666572,-0.014999999999999902,-0.003750000000000031,-0.0004166666666666208,0.0004166666666666208,-0.0025000000000000577,0.03708333333333336,-0.018333333333333424,-0.007916666666666572,-0.015000000000000013,0.0004166666666666208,-0.004583333333333273,0.00374999999999992,-0.012500000000000067
11,11,0.8,0.68,0.7535252643948296,0.961075205640423,-0.0012500000000000844,0.0,-0.002083333333333326,0.004166666666666874,-0.0029166666666667895,0.0008333333333334636,-0.0016666666666667052,-0.0024999999999999467,-0.0029166666666666785,0.003750000000000031,-0.0004166666666666208,-0.0016666666666667052,0.015833333333333366,-0.0016666666666667052,0.0,-0.0004166666666666208,0.0,0.0025000000000000577,-0.002083333333333215,-0.004166666666666763,0.014583333333333393,-0.002083333333333326,-0.006666666666666599,-0.003750000000000142,0.0050000000000001155,-0.0004166666666666208,-0.0012500000000000844,0.003750000000000142
12,12,0.8625,0.8,0.8350470035252644,0.9630581668625147,-0.0024999999999999467,0.0004166666666667318,0.003750000000000031,0.0050000000000001155,0.004166666666666652,0.00666666666666671,-0.0050000000000000044,0.0016666666666668162,0.010833333333333472,0.009583333333333388,0.01708333333333345,0.004583333333333273,0.033333333333333215,0.0008333333333333526,-0.0024999999999999467,-0.002083333333333326,-0.0029166666666666785,0.013333333333333308,-0.010833333333333361,0.01666666666666683,0.019583333333333286,0.010000000000000231,-0.012499999999999956,-0.007083333333333219,0.03208333333333335,-0.0016666666666667052,0.00666666666666671,0.013333333333333308
13,13,0.8541666666666666,0.7928994082840237,0.8303466509988249,0.9155405405405406,-0.019166666666666776,0.0,0.0029166666666666785,-0.0012500000000000844,0.013333333333333086,0.006249999999999978,0.0029166666666665675,-0.006666666666666599,0.0012499999999999734,0.010000000000000009,-0.003750000000000142,-1.1102230246251565e-16,0.0016666666666665941,0.0029166666666666785,0.0016666666666668162,-0.0016666666666667052,-0.0029166666666666785,-0.0012500000000000844,0.014583333333333393,-0.004583333333333384,0.025833333333333264,-0.003750000000000142,-0.0012500000000000844,-0.006666666666666599,-0.010833333333333361,-0.0029166666666666785,0.005416666666666736,-0.0012500000000000844
14,14,0.85,0.7804878048780488,0.8207990599294948,0.9597532314923619,-0.007916666666666572,-0.004166666666666652,0.0012500000000000844,0.0033333333333332993,-0.0012500000000000844,-0.003750000000000031,0.0004166666666666208,0.007500000000000062,0.004583333333333384,0.0012500000000000844,0.0033333333333332993,-0.02083333333333337,0.026666666666666505,-0.0016666666666665941,0.0033333333333332993,-0.011250000000000093,0.02749999999999997,-0.0004166666666666208,0.0008333333333332416,0.0012499999999998623,0.019999999999999907,-0.0025000000000000577,-0.005416666666666736,-0.02833333333333332,0.005416666666666736,0.002083333333333326,-0.0016666666666665941,-0.0008333333333333526
15,15,0.8791666666666667,0.8304093567251462,0.8588425381903643,0.9452115158636897,-0.011666666666666825,-0.0016666666666667052,-0.0008333333333332416,-0.0008333333333332416,0.016666666666666607,0.0,0.002083333333333215,-0.007083333333333219,0.003750000000000031,0.0004166666666667318,-0.005416666666666625,-0.012916666666666576,0.015416666666666523,0.0008333333333333526,-0.01375000000000004,-0.009583333333333499,-0.00374999999999992,-0.0008333333333332416,0.0008333333333333526,0.015416666666666745,0.005833333333333357,-0.009583333333333277,-0.005833333333333357,-0.007500000000000062,0.01041666666666663,0.009166666666666545,0.004999999999999893,0.005416666666666625
16,16,0.8458333333333333,0.7730061349693251,0.8153642773207991,0.8447414806110459,-0.005416666666666625,0.0012500000000000844,-0.003750000000000031,-0.003749999999999809,-0.0008333333333333526,-1.1102230246251565e-16,0.007083333333333219,0.0004166666666666208,-0.005416666666666736,0.0012500000000000844,0.0029166666666665675,-0.0024999999999999467,0.05833333333333335,-0.003750000000000031,-0.009166666666666767,-0.0033333333333334103,-0.0025000000000000577,-0.004166666666666541,-0.0016666666666665941,0.0016666666666667052,0.039583333333333304,1.1102230246251565e-16,-0.005833333333333246,-0.0024999999999999467,0.009583333333333277,-0.002083333333333326,0.0016666666666667052,0.0050000000000000044
17,17,0.875,0.8214285714285714,0.8513513513513513,0.9093713278495887,-0.009166666666666656,0.0012499999999999734,0.0029166666666666785,-0.0016666666666665941,0.01750000000000007,-0.002083333333333437,0.0025000000000000577,-0.0025000000000000577,0.007499999999999951,0.010000000000000009,0.0033333333333332993,0.0029166666666666785,0.00374999999999992,-0.0050000000000001155,-0.0004166666666666208,0.0008333333333332416,0.005416666666666514,-0.0004166666666666208,-0.0016666666666665941,0.011250000000000093,0.008750000000000036,0.00708333333333333,-0.007916666666666572,-0.0004166666666666208,-0.00708333333333333,0.00374999999999992,0.012916666666666687,0.010000000000000009
18,18,0.8625,0.8047337278106509,0.839159811985899,0.8703730904817861,0.007083333333333552,-0.0004166666666666208,0.0008333333333333526,-0.0004166666666666208,0.04041666666666677,-0.009166666666666656,0.015833333333333366,-0.0033333333333332993,0.016666666666666607,-0.008750000000000036,0.01749999999999996,-0.007083333333333219,0.12416666666666676,0.032916666666666816,0.018750000000000044,0.007499999999999951,-0.019583333333333286,0.016249999999999987,0.002083333333333437,0.025000000000000022,0.1775000000000001,0.021666666666666723,0.029583333333333295,0.03791666666666671,0.007499999999999951,0.010833333333333472,0.01749999999999996,0.010833333333333472
19,19,0.8708333333333333,0.8165680473372781,0.847972972972973,0.9374265569917745,-0.005416666666666625,-0.0025000000000000577,-0.0004166666666667318,0.004583333333333384,0.02375000000000005,-0.007499999999999951,0.004583333333333384,0.008333333333333304,0.02041666666666675,0.004583333333333384,0.004583333333333384,0.01375000000000004,0.03416666666666668,0.005416666666666625,-0.0025000000000000577,-0.006250000000000089,0.02416666666666667,-0.002083333333333437,0.016250000000000098,0.01333333333333342,0.019583333333333397,0.007083333333333219,-0.0025000000000000577,-0.007499999999999951,0.01416666666666666,-0.0012499999999999734,0.009166666666666656,0.0004166666666667318
20,20,0.8791666666666667,0.8284023668639053,0.8567861339600471,0.9560076380728554,-0.005416666666666625,-0.0008333333333332416,0.004583333333333273,0.0,0.025416666666666643,-0.005416666666666625,-0.009999999999999898,0.007083333333333108,0.005416666666666736,-0.0012500000000000844,0.008749999999999925,0.0008333333333333526,0.02416666666666656,0.004166666666666652,0.0008333333333333526,-0.015833333333333477,0.015833333333333366,0.011249999999999982,0.015833333333333144,0.007499999999999951,0.013333333333333308,-0.0008333333333332416,-0.007916666666666683,-0.015416666666666856,0.030416666666666536,-0.002083333333333326,-0.0016666666666664831,0.004166666666666652
21,21,0.8958333333333334,0.8603351955307262,0.8846944770857814,0.9481492361927145,-0.021250000000000102,-0.0008333333333334636,-0.002083333333333437,0.00374999999999992,0.015416666666666634,-0.0004166666666666208,0.007083333333333441,0.002083333333333326,0.023333333333333206,0.0025000000000000577,-0.0004166666666666208,0.006666666666666599,0.030416666666666647,0.0004166666666666208,-0.002083333333333437,-0.0004166666666668428,0.011666666666666714,0.006249999999999978,0.0024999999999998357,0.004166666666666541,0.010833333333333361,0.0004166666666666208,0.0008333333333332416,0.0008333333333332416,0.005833333333333468,0.0008333333333332416,0.0033333333333332993,0.009166666666666656
22,22,0.8791666666666667,0.8304093567251462,0.8588425381903643,0.8403349001175089,0.006249999999999867,0.004166666666666652,0.0029166666666666785,0.00666666666666671,0.010833333333333472,0.023333333333333317,0.0033333333333334103,0.008333333333333304,0.16541666666666655,0.018333333333333424,0.01416666666666666,0.0025000000000000577,0.10708333333333342,0.019166666666666665,0.02750000000000008,0.018749999999999822,0.006249999999999867,0.0216666666666665,0.00666666666666671,0.0008333333333333526,0.0704166666666668,0.03208333333333335,0.043333333333333224,0.06000000000000005,-0.002083333333333326,0.030416666666666536,0.004999999999999893,0.007916666666666572
23,23,0.875,0.8235294117647058,0.8534077555816686,0.952262044653349,-0.012083333333333335,-0.0004166666666666208,-0.012499999999999956,-0.0004166666666666208,-0.0029166666666666785,-0.006249999999999978,-0.02083333333333337,-0.0029166666666666785,0.026666666666666616,-0.02124999999999988,-0.0029166666666666785,-0.017916666666666914,0.006666666666666599,-0.01416666666666655,-0.016666666666666607,-0.02041666666666675,-0.01750000000000007,-0.0029166666666666785,-0.00374999999999992,0.008333333333333193,0.008333333333333193,-0.015833333333333144,-0.014166666666666772,-0.016250000000000098,0.004166666666666763,-0.01083333333333325,-0.006666666666666599,0.004166666666666763
24,24,0.8708333333333333,0.8208092485549133,0.8520857814336076,0.9348560517038778,-0.011249999999999982,0.0,-0.0033333333333334103,-0.0025000000000000577,0.022500000000000075,-0.01083333333333325,-0.007083333333333108,-0.0024999999999999467,0.0029166666666666785,-0.012916666666666687,0.0004166666666666208,-0.007916666666666572,0.005416666666666625,-0.00666666666666671,-0.003750000000000031,-0.008749999999999925,-0.004999999999999893,-0.011249999999999982,-0.003750000000000031,-0.008333333333333304,0.03166666666666662,-0.004999999999999893,0.0,-0.013333333333333308,-0.009999999999999787,-0.0008333333333333526,-0.008333333333333304,0.004166666666666541
25,25,0.8666666666666667,0.8072289156626506,0.8404817861339601,0.8980611045828437,-0.009166666666666545,0.0029166666666665675,-0.004166666666666652,0.002083333333333326,0.00041666666666650976,0.004583333333333384,0.0012499999999999734,-0.0050000000000000044,0.0012499999999999734,0.0012499999999999734,0.0029166666666667895,0.0033333333333334103,0.02041666666666664,0.0033333333333334103,0.002083333333333326,0.0033333333333334103,0.004166666666666541,0.014999999999999902,0.0024999999999999467,0.00708333333333333,0.05583333333333329,0.005833333333333468,0.0016666666666667052,0.0033333333333331883,-0.004166666666666652,-1.1102230246251565e-16,0.007916666666666683,0.007500000000000062
26,26,0.8791666666666667,0.8284023668639053,0.8567861339600471,0.958210928319624,-0.0012499999999998623,0.0024999999999999467,0.005833333333333246,0.0004166666666667318,0.009166666666666767,0.002083333333333215,0.022499999999999964,-0.0012499999999998623,0.015833333333333366,0.0012499999999999734,0.004999999999999893,-0.0016666666666664831,0.007499999999999951,-0.005833333333333357,-0.016250000000000098,-0.0004166666666667318,0.010000000000000009,0.002083333333333215,0.00666666666666671,0.008333333333333304,0.04375000000000007,-0.012916666666666798,0.003750000000000031,-0.008750000000000036,0.017916666666666803,0.018750000000000044,0.01083333333333325,0.0029166666666666785
27,27,0.8416666666666667,0.7654320987654321,0.8099294947121034,0.9546856639247945,-0.007916666666666461,-0.0004166666666667318,-0.003750000000000031,0.0012499999999999734,0.0050000000000000044,0.007499999999999951,-0.0033333333333332993,-0.004583333333333162,0.01666666666666672,0.0029166666666665675,-0.003750000000000031,0.011249999999999982,0.00749999999999984,-0.005833333333333246,-0.0016666666666667052,-0.002083333333333326,0.016249999999999987,-0.00374999999999992,0.00708333333333333,0.01708333333333334,-0.0008333333333333526,0.0008333333333333526,-0.010416666666666519,-0.018749999999999933,0.012499999999999845,0.0050000000000000044,0.007499999999999951,0.009999999999999898
28,28,0.8458333333333333,0.7701863354037267,0.8133078730904818,0.9327262044653349,-0.009583333333333166,0.003750000000000031,0.0029166666666665675,-0.004583333333333273,-0.0004166666666667318,-0.007083333333333219,0.0004166666666667318,0.0004166666666666208,-0.003750000000000031,-0.0029166666666667895,-0.002083333333333326,-1.1102230246251565e-16,0.012083333333333335,0.0033333333333332993,-0.004166666666666652,-0.011249999999999982,0.008749999999999925,-0.004166666666666652,-0.0008333333333333526,0.0029166666666665675,0.021250000000000102,0.002083333333333326,-0.009583333333333388,-0.004166666666666652,0.018749999999999933,0.012499999999999956,0.0050000000000000044,-0.012083333333333446
29,29,0.8916666666666667,0.8539325842696629,0.8792596944770859,0.9339012925969448,-0.016666666666666496,-0.004166666666666652,-0.004166666666666874,-0.010000000000000009,0.022500000000000075,-0.002083333333333326,-0.0012500000000001954,-0.003750000000000031,0.03791666666666671,-0.00666666666666671,-0.003749999999999809,-0.004166666666666652,0.006249999999999978,0.0033333333333334103,0.0004166666666667318,-0.003749999999999809,-0.004583333333333273,-0.0050000000000000044,-0.0012499999999999734,-0.0016666666666665941,0.0658333333333333,-0.005833333333333468,-0.0029166666666665675,-0.012916666666666576,0.01708333333333334,0.0029166666666665675,-0.0008333333333333526,-0.0029166666666667895
30,30,0.8625,0.8047337278106509,0.839159811985899,0.9653349001175088,-0.00374999999999992,-0.0008333333333334636,-0.006666666666666599,0.0008333333333333526,0.0,0.0033333333333334103,-0.0012499999999998623,0.004583333333333495,0.008750000000000036,-0.0004166666666666208,0.0025000000000000577,0.011666666666666714,0.021250000000000102,-0.01083333333333325,-0.009583333333333277,-0.008750000000000036,-0.02124999999999977,-0.0033333333333332993,-0.005833333333333357,-0.008750000000000036,0.021250000000000102,-0.01416666666666655,-0.0033333333333332993,-0.017916666666666692,0.007499999999999951,0.004166666666666652,-0.007083333333333441,-0.006249999999999978
31,31,0.8791666666666667,0.8342857142857143,0.8629553466509988,0.8973266745005876,-0.0016666666666667052,-0.0029166666666666785,-0.004583333333333384,0.0004166666666667318,0.11791666666666667,-0.004166666666666763,0.0024999999999999467,0.010000000000000009,0.0066666666666664876,0.002083333333333437,0.0025000000000000577,0.00666666666666671,0.11958333333333337,-0.0008333333333334636,0.03208333333333335,0.04083333333333339,-0.0029166666666666785,0.018750000000000044,0.011666666666666603,0.0279166666666667,0.08791666666666664,0.029999999999999916,0.004166666666666652,0.0279166666666667,-0.007916666666666683,0.014583333333333282,0.01416666666666666,0.012500000000000067
32,32,0.8875,0.8457142857142858,0.8717685076380728,0.9168625146886016,-0.017916666666666803,-0.0004166666666667318,-0.0004166666666667318,0.0016666666666667052,0.022499999999999964,0.007083333333333441,-0.004166666666666874,0.011249999999999982,0.061249999999999805,-0.0004166666666667318,0.002083333333333326,1.1102230246251565e-16,0.01041666666666674,-0.0012499999999999734,-0.005416666666666736,0.0008333333333332416,-0.008333333333333415,-0.0029166666666666785,-0.004583333333333495,0.0024999999999999467,0.004583333333333384,-0.0004166666666667318,-0.004583333333333495,-0.007083333333333552,0.004583333333333384,-0.0050000000000001155,-0.004583333333333495,0.0004166666666666208
33,33,0.8791666666666667,0.8284023668639053,0.8567861339600471,0.9145123384253819,-0.006249999999999978,-0.00374999999999992,0.0004166666666667318,-0.0004166666666666208,0.03708333333333336,0.004999999999999893,-0.005833333333333357,-0.005833333333333357,0.029583333333333295,0.014583333333333282,-0.0050000000000000044,-0.004999999999999893,0.03916666666666657,-0.0004166666666666208,-0.004166666666666541,-0.0016666666666667052,-0.0012499999999998623,0.004166666666666652,0.0033333333333334103,0.00666666666666671,0.02416666666666656,0.0004166666666667318,-0.002083333333333326,-0.0008333333333332416,-0.00374999999999992,0.006249999999999867,0.005416666666666625,-0.0016666666666667052
34,34,0.8416666666666667,0.7682926829268293,0.8119858989424207,0.9527761457109283,-0.004583333333333384,-0.01041666666666674,0.0016666666666665941,-0.007500000000000062,-0.010833333333333361,-0.0050000000000000044,-0.019166666666666554,-0.014583333333333282,-0.006666666666666599,-0.005833333333333246,-0.0033333333333332993,-0.0024999999999999467,0.007916666666666683,-0.014583333333333282,-0.008333333333333304,-0.013333333333333197,0.0012499999999999734,0.0033333333333334103,-0.00374999999999992,0.0024999999999999467,0.01041666666666663,-0.015000000000000124,-0.0016666666666667052,-0.030000000000000027,0.0016666666666665941,-0.002083333333333326,-0.006249999999999978,-0.0008333333333333526
35,35,0.875,0.8235294117647058,0.8534077555816686,0.9669506462984724,-0.002083333333333437,-0.012499999999999956,-0.0029166666666664565,-0.0016666666666665941,0.004583333333333273,-0.009166666666666656,0.002083333333333215,0.01416666666666655,0.006249999999999978,0.0008333333333332416,-0.0004166666666666208,-0.006249999999999978,0.03166666666666662,-0.010000000000000009,-0.016249999999999987,-0.008750000000000036,0.011666666666666714,-0.0025000000000000577,0.0008333333333332416,0.0004166666666666208,0.01708333333333345,-0.015000000000000013,-0.0029166666666666785,-0.033749999999999836,0.019999999999999907,-0.008749999999999813,-0.0016666666666667052,-0.0050000000000001155
36,36,0.8916666666666667,0.8539325842696629,0.8792596944770859,0.88689776733255,-0.002083333333333326,-0.002083333333333437,-0.00041666666666650976,0.007916666666666905,0.040416666666666656,0.018749999999999933,0.022916666666666696,0.008749999999999925,-1.1102230246251565e-16,-0.007499999999999951,0.003750000000000031,0.004166666666666763,0.06625000000000003,0.0029166666666667895,-0.0008333333333331305,0.0033333333333334103,0.0012500000000000844,0.005833333333333246,0.002083333333333548,-1.1102230246251565e-16,0.08666666666666667,0.023333333333333317,0.015000000000000124,0.022083333333333455,0.0012500000000000844,-0.002083333333333437,0.008750000000000147,0.012500000000000067
37,37,0.8583333333333333,0.7926829268292683,0.8296122209165688,0.9515276145710928,-0.004583333333333384,0.0008333333333333526,-0.005833333333333246,0.0012499999999999734,0.017083333333333117,-0.007083333333333441,0.0029166666666665675,-0.003750000000000031,0.01749999999999996,-0.005416666666666847,-0.007083333333333441,0.014583333333333282,0.02458333333333329,-0.0029166666666667895,-0.004583333333333384,0.005416666666666625,0.01375000000000004,-0.01375000000000004,0.025416666666666754,-0.0033333333333334103,0.02749999999999997,-0.0050000000000000044,-0.017916666666666803,-0.01749999999999996,0.0183333333333332,-0.0050000000000000044,0.0008333333333333526,-0.007083333333333441
38,38,0.8083333333333333,0.6891891891891891,0.7602820211515864,0.9385282021151585,-0.004999999999999893,0.0029166666666666785,-0.013333333333333308,-0.005833333333333246,0.005833333333333357,0.006666666666666599,-0.004999999999999893,-0.005416666666666625,-0.0029166666666665675,0.0012499999999998623,0.007083333333333441,-0.006249999999999867,0.026666666666666727,-0.0012499999999999734,-0.0029166666666666785,-0.0025000000000000577,0.0008333333333332416,0.0050000000000000044,-0.0025000000000000577,0.0004166666666666208,0.021250000000000102,-0.0004166666666667318,0.0004166666666666208,-0.007916666666666572,0.0016666666666667052,0.0016666666666664831,0.004583333333333162,-0.0016666666666665941
39,39,0.8833333333333333,0.8372093023255814,0.86427732079906,0.963205052878966,-0.01333333333333342,-0.0024999999999999467,0.004583333333333384,0.004583333333333384,0.012916666666666576,-0.004166666666666652,0.007500000000000062,0.004583333333333384,0.006249999999999867,0.005833333333333246,-0.004166666666666652,-0.0050000000000000044,0.01791666666666658,-0.002083333333333326,-0.0012499999999999734,-0.005833333333333468,0.01791666666666658,0.008333333333333304,0.007500000000000062,0.0012499999999999734,0.030416666666666647,0.0016666666666667052,-0.006250000000000089,0.0008333333333333526,-0.0012499999999998623,0.005416666666666847,0.011666666666666603,0.006249999999999867
40,40,0.8583333333333333,0.7951807228915663,0.831668625146886,0.9217097532314924,-0.01749999999999996,-0.005833333333333246,-0.002083333333333326,-0.002083333333333326,0.005416666666666625,0.0012499999999999734,0.00041666666666650976,-0.00666666666666671,0.0016666666666665941,-0.0004166666666667318,-0.0024999999999999467,-0.011250000000000204,0.013333333333333197,-0.00666666666666671,-0.008333333333333526,-0.010416666666666852,-0.01333333333333342,-0.01000000000000012,0.004166666666666652,-0.0004166666666667318,0.0016666666666665941,-0.007500000000000173,-0.006250000000000089,-0.005416666666666625,0.003750000000000031,0.0024999999999999467,-0.0008333333333333526,0.0012499999999999734
41,41,0.8916666666666667,0.8470588235294118,0.8710340775558167,0.9423472385428907,0.008333333333333526,0.009583333333333388,0.010833333333333361,0.009583333333333388,0.010833333333333361,0.009166666666666767,0.009583333333333388,0.011666666666666603,0.015833333333333477,0.012916666666666798,0.01749999999999996,0.006250000000000089,0.03750000000000009,0.017916666666666692,0.009166666666666767,-1.1102230246251565e-16,0.017916666666666692,0.002083333333333548,0.008750000000000147,0.01375000000000004,0.03458333333333341,0.018749999999999933,0.008750000000000147,1.1102230246251565e-16,0.02750000000000019,0.012500000000000067,0.005416666666666625,0.005833333333333468
42,42,0.8541666666666666,0.7878787878787878,0.8262338425381903,0.9070211515863691,-0.004166666666666763,0.0,-0.0008333333333334636,-0.0029166666666666785,-0.006666666666666821,-0.00374999999999992,-0.0008333333333334636,0.0004166666666666208,-0.004583333333333384,-0.0008333333333332416,-0.004583333333333384,0.0025000000000000577,0.012916666666666465,0.0008333333333333526,-0.0004166666666668428,0.0025000000000000577,-0.0008333333333334636,0.004166666666666652,-0.0012499999999998623,0.0,0.04083333333333339,0.0016666666666665941,-0.0025000000000000577,-0.0033333333333332993,-0.0004166666666666208,-0.0008333333333334636,-0.0025000000000000577,-0.002083333333333326
43,43,0.8458333333333333,0.7784431137724551,0.8194770857814336,0.9674647473560517,-0.019583333333333397,-0.0008333333333333526,-0.002083333333333326,0.006249999999999978,-0.013333333333333308,0.0012500000000000844,-0.0033333333333334103,-0.008333333333333304,-0.01416666666666666,-0.005833333333333246,-0.002083333333333326,0.0004166666666667318,0.015000000000000013,-0.013749999999999818,-0.018333333333333424,-0.007499999999999951,0.020000000000000018,0.004583333333333384,-0.02083333333333326,0.008749999999999925,0.02041666666666664,-0.016249999999999876,-0.005833333333333246,-0.010833333333333361,0.002083333333333326,0.007083333333333219,-0.012916666666666687,-0.0050000000000000044
44,44,0.6791666666666667,0.35294117647058826,0.5938601645123384,0.9500587544065806,-0.03499999999999992,-0.004583333333333384,0.014166666666666772,0.01375000000000004,0.01750000000000007,0.021666666666666723,0.0050000000000000044,-0.014999999999999902,-0.054166666666666696,-0.007916666666666683,-0.0004166666666667318,-0.02083333333333337,-0.006666666666666599,0.026249999999999996,-0.03125,0.01666666666666683,0.00708333333333333,0.005833333333333468,-0.017083333333333228,-0.004583333333333384,-0.01749999999999996,0.029166666666666674,0.029583333333333295,-0.018333333333333313,0.0016666666666667052,-0.0029166666666666785,0.009583333333333277,-0.0029166666666666785
45,45,0.8875,0.8457142857142858,0.8717685076380728,0.9590922444183314,-0.007916666666666794,-0.003750000000000031,-0.00708333333333333,-0.004583333333333273,0.009999999999999898,0.0,-0.004166666666666652,0.002083333333333326,0.022083333333333233,0.009583333333333277,0.004583333333333384,-0.009583333333333499,0.023333333333333428,-0.015416666666666745,-0.02083333333333326,-0.010416666666666852,-0.015416666666666745,0.0029166666666666785,-0.0025000000000002798,0.008750000000000036,0.030833333333333268,-0.01333333333333353,-0.023333333333333428,-0.021666666666666723,0.026249999999999885,-0.0033333333333334103,-0.003750000000000142,0.0029166666666666785
46,46,0.9,0.8620689655172413,0.8839600470035253,0.90834312573443,0.0012499999999999734,0.005833333333333357,0.007916666666666572,0.013750000000000151,0.022499999999999964,0.011666666666666714,0.036666666666666736,0.019166666666666665,0.01750000000000007,0.02041666666666675,0.013333333333333308,0.008333333333333193,0.07874999999999999,0.009583333333333388,0.011249999999999871,0.0050000000000001155,0.006249999999999978,0.026249999999999996,0.003750000000000031,-0.0004166666666666208,0.012500000000000178,0.016249999999999987,0.005833333333333246,0.0033333333333332993,0.0024999999999998357,0.009583333333333388,0.007916666666666794,0.0245833333333334
47,47,0.8208333333333333,0.7189542483660131,0.7786427732079906,0.9455787309048177,-0.002083333333333326,0.00374999999999992,-0.0024999999999999467,0.008333333333333304,0.0033333333333331883,-0.004166666666666652,0.011249999999999982,0.018333333333333313,0.004583333333333384,-0.00041666666666650976,-0.0024999999999999467,-0.01666666666666672,0.01416666666666666,-0.004583333333333384,-0.012083333333333446,0.005833333333333468,0.007916666666666683,0.010000000000000009,0.012916666666666576,0.011249999999999982,0.015416666666666634,-0.0004166666666667318,-0.01333333333333342,-0.0016666666666667052,0.013749999999999818,-0.0012499999999999734,0.017083333333333117,0.009999999999999898
48,48,0.875,0.8255813953488372,0.8554641598119859,0.9482961222091656,-0.006249999999999978,0.0004166666666666208,0.00374999999999992,0.0025000000000000577,0.025833333333333486,0.010000000000000009,0.014583333333333393,-0.005416666666666514,0.011666666666666714,0.008333333333333193,-0.0025000000000000577,0.00374999999999992,0.016666666666666607,-0.0012499999999999734,0.00374999999999992,-0.0025000000000000577,0.010000000000000009,0.006666666666666599,0.008333333333333415,0.0033333333333332993,0.018750000000000044,-0.007499999999999951,-0.0029166666666666785,-0.0050000000000001155,0.021666666666666723,0.004166666666666652,0.0033333333333332993,0.007916666666666572
49,49,0.8333333333333334,0.7435897435897436,0.7949471210340775,0.9656286721504113,-0.01416666666666655,-0.0016666666666665941,0.0,0.0008333333333332416,0.02000000000000013,-0.00708333333333333,0.0016666666666667052,0.02124999999999999,0.026250000000000107,-0.007916666666666572,0.013333333333333308,0.008750000000000147,-0.004166666666666763,-0.012916666666666687,-0.029583333333333295,-0.02833333333333332,0.010833333333333361,0.002083333333333326,-0.010000000000000009,0.005833333333333357,0.009166666666666656,0.0008333333333334636,-0.015833333333333144,-0.02041666666666664,0.012083333333333335,-0.0029166666666665675,-0.0025000000000000577,0.008333333333333415
50,50,0.7375,0.4878048780487805,0.6596650998824911,0.9562279670975323,-0.005416666666666625,-0.0012499999999998623,-0.004583333333333384,-0.0029166666666666785,-0.03208333333333335,0.015833333333333477,0.0025000000000000577,0.0012500000000000844,0.01041666666666674,-0.003750000000000031,0.01000000000000012,0.016249999999999987,-0.013333333333333197,0.002083333333333437,-0.0004166666666666208,0.015416666666666856,-0.008750000000000036,-0.0012499999999998623,0.005416666666666736,-0.0033333333333332993,-0.005833333333333357,0.0012500000000001954,0.0029166666666666785,-0.005833333333333357,-0.0024999999999999467,-0.005833333333333357,-0.005833333333333357,-0.004583333333333273
51,51,0.8166666666666667,0.7066666666666667,0.7711515863689777,0.9624706227967097,-0.004583333333333162,0.0016666666666668162,-0.0024999999999999467,-0.0029166666666666785,0.01041666666666663,0.0004166666666667318,0.007499999999999951,-0.0008333333333334636,-0.002083333333333326,0.008333333333333304,0.013333333333333308,-0.0004166666666666208,-0.008333333333333304,0.0012499999999999734,-0.007500000000000062,-0.0004166666666666208,0.00708333333333333,0.023333333333333428,0.0033333333333334103,0.008333333333333304,-0.006666666666666599,0.003750000000000031,0.00708333333333333,-0.01375000000000004,-0.0004166666666666208,0.004166666666666652,0.002083333333333437,-0.003750000000000142
52,52,0.875,0.8255813953488372,0.8554641598119859,0.9610017626321974,-0.005416666666666736,-0.0012499999999999734,-0.0029166666666666785,0.0033333333333332993,0.0016666666666665941,0.006249999999999978,0.008333333333333193,0.0050000000000001155,0.011666666666666714,0.0012499999999999734,0.009166666666666545,0.0,0.006666666666666599,-0.0008333333333332416,-0.0050000000000001155,-0.005416666666666514,0.023333333333333206,0.009583333333333277,0.0033333333333332993,0.007916666666666572,0.04541666666666677,-0.00374999999999992,-0.0008333333333332416,-0.005833333333333357,-0.0012500000000000844,0.01083333333333325,0.015000000000000013,0.008333333333333193
53,53,0.8625,0.8092485549132948,0.8432726204465335,0.8565658049353702,0.007916666666666572,0.0,0.002083333333333215,0.0025000000000000577,0.09541666666666682,0.029583333333333295,0.036666666666666625,0.006250000000000089,0.03041666666666676,0.02416666666666678,0.0029166666666666785,0.011666666666666714,0.12041666666666673,0.009166666666666767,0.05208333333333348,0.03750000000000009,-0.01416666666666655,0.016249999999999987,0.018333333333333424,0.007500000000000173,0.17666666666666664,0.07250000000000001,0.010000000000000009,0.03333333333333344,0.03750000000000009,0.005833333333333357,-0.012083333333333335,0.030833333333333268
54,54,0.8666666666666667,0.8095238095238095,0.8425381903642772,0.9389688601645124,-0.018333333333333313,0.005833333333333468,0.00666666666666671,0.010000000000000009,0.011666666666666825,0.0029166666666667895,-0.005833333333333246,-0.007500000000000062,0.03249999999999997,0.004583333333333384,0.015416666666666634,0.011666666666666825,0.025000000000000133,0.004166666666666652,-0.00708333333333333,-0.02083333333333315,0.007916666666666683,0.0033333333333334103,0.01333333333333342,0.01375000000000004,0.020000000000000018,-0.00041666666666650976,0.0012499999999999734,-0.002083333333333326,0.015833333333333366,-0.0004166666666667318,0.002083333333333437,0.011666666666666825
55,55,0.8875,0.8439306358381503,0.8697121034077555,0.9084165687426558,-0.007916666666666794,-0.0016666666666668162,-0.0025000000000000577,-0.0025000000000000577,0.016249999999999876,0.012499999999999956,-0.0050000000000001155,0.003750000000000142,-0.005416666666666736,0.005416666666666514,0.009583333333333277,0.02041666666666675,0.03916666666666657,-0.004166666666666652,0.0012499999999998623,-0.002083333333333659,0.004583333333333384,0.0029166666666666785,0.0024999999999999467,-0.002083333333333659,0.11499999999999977,0.0008333333333334636,0.01333333333333342,0.008750000000000036,-0.004583333333333495,-0.0008333333333334636,0.008750000000000036,-0.009583333333333499
56,56,0.7916666666666666,0.6575342465753424,0.740599294947121,0.9254553466509987,0.0029166666666665675,0.004166666666666652,-0.007083333333333441,0.029166666666666674,0.013749999999999929,0.04249999999999998,0.050833333333333286,0.040416666666666656,0.0004166666666666208,0.04499999999999993,0.03833333333333333,0.05124999999999991,0.026249999999999996,0.0025000000000000577,0.018333333333333313,0.028750000000000053,0.036666666666666736,0.010000000000000009,0.029166666666666674,0.0029166666666665675,0.06958333333333333,0.01041666666666663,0.03333333333333344,0.019583333333333286,0.025833333333333375,0.007916666666666683,0.0029166666666665675,0.01041666666666663
57,57,0.8708333333333333,0.8187134502923976,0.8500293772032903,0.9195799059929495,0.002083333333333326,0.003750000000000142,-0.0008333333333333526,-0.0016666666666665941,0.030000000000000027,0.006249999999999978,0.008333333333333304,0.019166666666666776,0.012916666666666798,0.00374999999999992,0.002083333333333326,0.0,0.01708333333333334,-0.002083333333333437,-0.0012499999999999734,-0.0033333333333334103,0.005833333333333135,-0.011666666666666603,0.01666666666666672,0.0024999999999999467,0.04125000000000012,-0.0008333333333333526,-0.0008333333333333526,0.0012499999999998623,0.007083333333333219,-0.0008333333333333526,-0.0012499999999999734,0.0012500000000000844
58,58,0.8875,0.8457142857142858,0.8717685076380728,0.9014394829612221,0.019999999999999907,0.0029166666666666785,0.011666666666666714,0.018749999999999933,0.08958333333333324,0.006249999999999978,0.004583333333333162,0.03208333333333324,0.14208333333333334,0.009166666666666656,0.019583333333333397,0.0016666666666664831,0.07416666666666671,0.02749999999999997,0.04958333333333331,0.028749999999999942,0.03541666666666654,0.0024999999999999467,0.027916666666666812,0.010416666666666519,0.13916666666666655,0.016666666666666607,0.01666666666666672,0.010416666666666519,0.004583333333333384,0.0012499999999998623,0.016249999999999876,0.004583333333333384
59,59,0.8916666666666667,0.8539325842696629,0.8792596944770859,0.9220035252643949,-0.008749999999999925,-0.0012500000000001954,-0.002083333333333326,0.004166666666666763,0.09458333333333335,-0.011666666666666603,-1.1102230246251565e-16,0.0029166666666667895,0.02749999999999997,-0.003750000000000031,-0.006250000000000089,-0.0033333333333334103,0.0441666666666668,-0.00708333333333333,0.003750000000000031,-0.008750000000000147,0.022083333333333455,0.0029166666666667895,-0.0012499999999999734,0.012083333333333446,0.01666666666666672,-0.0066666666666664876,-0.012916666666666687,-0.007499999999999951,-0.014583333333333282,-0.0008333333333333526,0.0008333333333332416,0.0004166666666667318
60,60,0.8833333333333333,0.8352941176470589,0.8622209165687427,0.8855023501762632,-0.0029166666666667895,0.0012499999999999734,0.0008333333333333526,-0.0024999999999999467,0.007916666666666683,0.0050000000000000044,-0.0012499999999998623,0.0050000000000000044,0.008749999999999925,0.004583333333333384,0.00374999999999992,1.1102230246251565e-16,0.02083333333333326,-0.0016666666666667052,0.005416666666666625,-0.003750000000000031,0.002083333333333437,0.009166666666666545,-0.0008333333333332416,0.012499999999999956,0.03124999999999989,0.00374999999999992,0.011666666666666603,0.0004166666666667318,0.009999999999999898,0.0033333333333334103,0.007083333333333219,0.008749999999999925
61,61,0.8625,0.8070175438596491,0.8412162162162162,0.8702262044653349,-0.013333333333333197,-0.0033333333333334103,0.0016666666666665941,-0.0004166666666666208,0.13541666666666674,0.04166666666666663,0.0033333333333334103,0.0004166666666667318,0.0245833333333334,0.010000000000000231,0.002083333333333437,-0.002083333333333215,0.11583333333333334,-0.002083333333333326,0.02375000000000016,0.03874999999999995,-0.0033333333333332993,0.015833333333333366,0.004166666666666874,0.0025000000000000577,0.11833333333333329,0.003750000000000031,-0.0024999999999999467,-0.007083333333333219,-0.004583333333333384,0.007083333333333552,0.01416666666666666,0.0029166666666666785
62,62,0.85,0.7804878048780488,0.8207990599294948,0.951674500587544,-0.007499999999999951,-0.0016666666666668162,0.0008333333333332416,-0.0008333333333333526,-0.008750000000000036,-0.004166666666666652,-0.004583333333333273,-0.01041666666666663,-0.010833333333333472,-0.0029166666666666785,-0.0012499999999999734,-0.013749999999999929,0.0012500000000000844,-0.011250000000000093,-0.015833333333333366,-0.014583333333333393,0.0016666666666667052,-0.004583333333333273,-0.005416666666666736,0.0016666666666667052,0.01375000000000004,-0.006249999999999978,1.1102230246251565e-16,-0.015416666666666745,0.0016666666666667052,-0.0029166666666666785,0.0012500000000000844,-0.006249999999999978
63,63,0.8791666666666667,0.8304093567251462,0.8588425381903643,0.8620005875440658,0.008749999999999925,0.007499999999999951,0.01083333333333325,0.0029166666666666785,0.03083333333333338,0.004999999999999893,0.00708333333333333,0.013749999999999929,0.008333333333333304,0.0012499999999999734,0.007916666666666572,0.004999999999999893,0.03541666666666665,0.00666666666666671,0.0008333333333333526,0.008333333333333304,0.007916666666666572,0.016666666666666607,0.016666666666666607,0.027083333333333237,0.03458333333333341,0.011666666666666603,0.007916666666666572,0.00708333333333333,0.0183333333333332,0.015833333333333366,0.012500000000000067,0.01791666666666658
64,64,0.8541666666666666,0.7904191616766467,0.8282902467685076,0.8830052878965923,-0.02124999999999999,-0.007499999999999951,-0.0012500000000000844,-0.009999999999999898,0.08124999999999993,0.01749999999999996,-0.010833333333333361,0.010000000000000009,-0.006249999999999978,-0.004166666666666763,-0.0050000000000000044,0.004999999999999893,0.050416666666666665,-0.0025000000000001688,-0.005416666666666736,-0.004583333333333273,-0.015000000000000013,-0.0016666666666667052,-0.0012500000000000844,0.0,0.053333333333333344,0.0008333333333333526,0.002083333333333437,-0.004583333333333384,-0.022916666666666807,0.002083333333333215,-0.005833333333333357,-0.008750000000000036
65,65,0.8791666666666667,0.8323699421965318,0.8608989424206815,0.8490011750881316,0.03791666666666671,0.0,0.005833333333333357,0.002083333333333215,0.09624999999999995,-0.002083333333333326,-0.0008333333333332416,0.004166666666666652,0.033333333333333215,0.050000000000000044,0.04125000000000001,0.03749999999999987,0.16000000000000003,0.012916666666666465,0.023333333333333317,0.009166666666666545,0.12166666666666659,0.014999999999999902,0.00708333333333333,0.006250000000000089,0.16541666666666666,0.014999999999999902,0.050833333333333286,0.0,-0.002083333333333326,0.007499999999999951,0.011666666666666603,0.025833333333333375
66,66,0.85,0.7777777777777778,0.8187426556991775,0.943081668625147,-0.01041666666666663,-0.006249999999999978,-0.003750000000000031,-0.0029166666666665675,0.004583333333333384,0.0004166666666666208,0.0016666666666667052,0.008333333333333415,-0.0004166666666666208,-0.00666666666666671,-0.005416666666666736,-0.004999999999999893,0.016249999999999987,-0.004583333333333273,-0.008333333333333415,-0.008333333333333193,-0.005416666666666736,-0.007916666666666572,0.0033333333333332993,0.016666666666666607,0.014583333333333393,-0.00666666666666671,-0.005833333333333357,-0.014583333333333282,-0.008750000000000036,0.0033333333333332993,0.009166666666666656,-0.0004166666666666208
67,67,0.8541666666666666,0.7878787878787878,0.8262338425381903,0.88153642773208,-0.007916666666666683,-0.0004166666666668428,-0.0008333333333334636,-0.0012500000000000844,0.08458333333333323,-0.007083333333333219,-0.0016666666666667052,-0.0016666666666667052,-0.0033333333333332993,-0.0012500000000000844,0.007499999999999951,-0.0008333333333332416,0.014583333333333282,0.0012499999999999734,0.0,0.0050000000000001155,-0.01041666666666674,-0.005833333333333357,0.0,0.0004166666666666208,0.03541666666666665,0.008333333333333415,-0.0004166666666666208,-0.003750000000000142,-0.004166666666666541,-0.007083333333333441,-0.004583333333333384,0.0008333333333333526
68,68,0.8458333333333333,0.7701863354037267,0.8133078730904818,0.9581374853113984,-0.0066666666666664876,0.002083333333333326,0.0033333333333332993,0.0029166666666665675,0.0050000000000000044,0.007083333333333219,0.006249999999999978,-0.004583333333333273,0.0012500000000000844,0.00374999999999992,-0.0012499999999999734,0.008749999999999925,0.03374999999999995,0.0024999999999999467,-0.0029166666666667895,-0.0008333333333333526,-0.0008333333333333526,0.007083333333333219,0.007916666666666461,0.005833333333333246,0.029583333333333406,0.008749999999999925,-0.0029166666666665675,-0.0004166666666667318,0.0029166666666665675,0.00374999999999992,0.010833333333333361,0.009583333333333277
69,69,0.8333333333333334,0.7435897435897436,0.7949471210340775,0.9431551116333725,0.0008333333333332416,0.0004166666666666208,0.0008333333333332416,0.013333333333333308,0.004583333333333384,0.004999999999999893,0.023333333333333428,0.0,0.008750000000000036,0.007499999999999951,0.0025000000000000577,0.014583333333333393,0.0279166666666667,-0.0004166666666666208,-0.01749999999999996,-0.0050000000000001155,0.012916666666666798,0.005416666666666736,0.006666666666666599,-0.0004166666666666208,0.02749999999999997,-0.0029166666666666785,-0.018750000000000044,-0.021250000000000102,0.019166666666666776,0.0025000000000000577,0.00374999999999992,0.005833333333333357
70,70,0.8833333333333333,0.8409090909090909,0.8683901292596945,0.8826380728554643,-0.010833333333333361,-0.0012499999999999734,1.1102230246251565e-16,0.0033333333333334103,0.016250000000000098,0.005416666666666847,0.0033333333333331883,0.0008333333333333526,0.0033333333333334103,-0.0008333333333333526,0.011249999999999982,0.009999999999999898,0.043333333333333224,-0.002083333333333326,-0.0016666666666667052,0.02124999999999999,0.0012499999999999734,0.0008333333333333526,0.01041666666666674,0.006666666666666599,0.07374999999999998,0.0024999999999999467,0.005416666666666625,0.026249999999999996,-0.0025000000000001688,0.009166666666666545,0.014583333333333282,0.004583333333333384
71,71,0.8833333333333333,0.8409090909090909,0.8683901292596945,0.9624706227967097,0.0012499999999999734,-0.0012499999999999734,0.0033333333333331883,0.0029166666666665675,0.019583333333333397,-0.012500000000000289,-0.0016666666666667052,-0.006249999999999867,0.004166666666666652,-0.0050000000000000044,-0.0024999999999999467,0.0033333333333334103,0.02083333333333326,-0.007500000000000062,-0.005416666666666625,-0.010416666666666852,0.018333333333333313,-0.005833333333333468,0.0016666666666667052,0.0050000000000000044,0.018749999999999933,-0.007083333333333219,0.0050000000000000044,-0.005833333333333468,0.0050000000000000044,-0.003750000000000031,0.0012499999999999734,0.01375000000000004
72,72,0.85,0.7777777777777778,0.8187426556991775,0.9597532314923619,-0.007916666666666794,0.0,0.006249999999999978,0.0004166666666668428,0.008333333333333193,-0.013750000000000151,-0.0029166666666665675,-0.0025000000000000577,0.006666666666666599,-0.003750000000000031,0.0,-0.01041666666666663,0.03416666666666668,-0.0016666666666668162,-0.016249999999999987,-0.010000000000000009,-0.0004166666666666208,-0.005416666666666736,0.015416666666666634,0.0033333333333332993,0.015833333333333255,-0.011666666666666714,-0.011249999999999871,-0.01416666666666655,0.021666666666666612,0.004166666666666541,0.018749999999999933,0.007916666666666683
73,73,0.8791666666666667,0.8323699421965318,0.8608989424206815,0.9554935370152762,-0.006666666666666599,-0.002083333333333326,-0.0004166666666667318,-0.0012499999999998623,0.01416666666666666,0.004166666666666652,0.007499999999999951,0.013333333333333308,0.01083333333333325,0.009583333333333166,0.005416666666666625,-0.0029166666666666785,0.012083333333333224,-0.004583333333333384,-0.011249999999999982,-0.004166666666666541,0.015833333333333366,0.00666666666666671,0.004583333333333273,0.0016666666666665941,0.026666666666666616,-0.0016666666666664831,-0.009166666666666656,-0.01666666666666672,0.03916666666666657,0.0029166666666666785,0.0024999999999999467,0.011249999999999982
74,74,0.8583333333333333,0.8,0.8357814336075206,0.8764688601645122,-0.0012500000000000844,-0.002083333333333326,-0.007083333333333441,1.1102230246251565e-16,0.0445833333333332,0.00708333333333333,-0.0033333333333334103,0.025416666666666532,0.026666666666666616,-0.0008333333333333526,0.002083333333333437,-0.004166666666666763,0.06499999999999995,0.0033333333333334103,-0.0029166666666667895,-0.002083333333333326,0.0012499999999999734,0.0050000000000000044,0.00041666666666650976,0.008333333333333304,0.057916666666666505,0.008333333333333304,0.008333333333333304,0.03125000000000011,-0.012916666666666798,-0.0004166666666666208,0.002083333333333326,0.009583333333333388
75,75,0.8791666666666667,0.8263473053892215,0.8547297297297297,0.9574030552291422,-0.0029166666666666785,-0.0012500000000000844,0.004999999999999893,0.007916666666666572,0.002083333333333215,0.01416666666666666,0.005416666666666625,0.014583333333333393,0.010000000000000009,0.01708333333333334,0.003750000000000031,0.0029166666666666785,0.047083333333333366,0.005833333333333246,0.0004166666666667318,0.006250000000000089,-0.008750000000000036,0.016249999999999987,0.005416666666666625,0.014166666666666439,0.02416666666666656,0.007499999999999951,0.003750000000000031,-0.0024999999999999467,0.03624999999999989,0.011249999999999982,0.004583333333333273,0.011666666666666603
76,76,0.8583333333333333,0.8,0.8357814336075206,0.8930669800235017,-0.018749999999999933,-0.0016666666666667052,-0.002083333333333326,-0.0029166666666665675,0.0724999999999999,0.022916666666666696,0.0008333333333333526,-0.0029166666666667895,-0.0008333333333333526,0.004166666666666652,0.01791666666666658,-0.01708333333333356,0.12750000000000006,0.0066666666666664876,-0.0016666666666667052,0.019166666666666554,-0.004166666666666763,0.015833333333333255,0.023333333333333317,0.01416666666666666,0.02458333333333329,-0.0050000000000002265,0.0029166666666667895,0.004583333333333162,-0.005416666666666847,0.007916666666666683,-0.008749999999999925,0.004583333333333273
77,77,0.8708333333333333,0.8143712574850299,0.8459165687426558,0.8835928319623971,-0.0016666666666665941,0.005416666666666625,-0.0008333333333333526,0.0004166666666666208,0.04041666666666677,-0.002083333333333215,0.006249999999999978,-0.004583333333333273,-0.005416666666666625,0.03708333333333336,0.018749999999999933,0.0012499999999998623,0.06666666666666676,0.015833333333333477,0.007916666666666683,0.004166666666666763,-0.004583333333333273,0.007916666666666572,-0.016666666666666607,-0.0004166666666667318,0.08625000000000005,0.022916666666666585,0.004166666666666763,0.011249999999999982,0.0008333333333332416,0.002083333333333326,0.009166666666666656,0.01083333333333325
78,78,0.8541666666666666,0.7852760736196319,0.824177438307873,0.9512338425381903,-0.014583333333333393,-0.002083333333333326,-0.004583333333333384,0.0,0.0008333333333333526,0.005833333333333357,-0.0008333333333332416,0.0016666666666665941,-0.0025000000000000577,0.0012499999999999734,-0.0008333333333334636,-0.01750000000000007,0.012083333333333224,-0.01000000000000012,-0.0016666666666665941,-0.01666666666666672,-0.002083333333333326,0.004583333333333495,0.002083333333333215,-0.016250000000000098,0.019166666666666665,-0.011250000000000204,-0.016666666666666607,-0.019999999999999907,0.0024999999999998357,0.0033333333333332993,0.0008333333333333526,-0.0029166666666666785
79,79,0.875,0.8275862068965517,0.8575205640423031,0.9341950646298472,-0.004166666666666652,0.0,0.0,-0.0004166666666666208,0.05166666666666653,-0.0012499999999999734,-0.0029166666666666785,0.012499999999999956,0.03708333333333336,-0.00708333333333333,0.0008333333333332416,-0.0004166666666666208,0.013749999999999929,-0.0004166666666666208,-0.00708333333333333,-0.009166666666666656,0.0004166666666666208,-0.0008333333333332416,0.0025000000000000577,0.0025000000000000577,0.016249999999999987,-0.006666666666666599,-0.00374999999999992,-0.015416666666666634,-0.003750000000000142,-0.002083333333333437,0.0004166666666666208,-0.0012499999999999734
80,80,0.8416666666666667,0.7625,0.8078730904817861,0.9370593419506463,-0.009583333333333277,0.0016666666666665941,-0.0012500000000000844,-0.0016666666666667052,0.012083333333333446,-0.0033333333333332993,0.015000000000000124,0.014999999999999902,-0.012916666666666798,0.003750000000000031,0.0024999999999999467,1.1102230246251565e-16,0.03166666666666673,0.0050000000000000044,-0.01666666666666672,-0.006666666666666599,0.0033333333333334103,0.007499999999999951,0.01375000000000004,0.007499999999999951,0.02333333333333354,-0.004166666666666541,-0.005416666666666625,-0.00749999999999984,0.027083333333333237,0.009166666666666545,0.003750000000000031,0.005416666666666625
81,81,0.8958333333333334,0.8571428571428571,0.8805816686251469,0.92024089306698,-0.0029166666666666785,0.0,-0.005416666666666736,0.002083333333333215,0.03708333333333336,0.0025000000000000577,0.0029166666666664565,-0.0008333333333333526,0.017916666666666692,0.010833333333333361,0.008333333333333415,0.0016666666666665941,0.032083333333333464,0.003750000000000142,0.004583333333333273,-0.004583333333333495,0.005416666666666736,0.004583333333333273,0.007916666666666572,0.0050000000000000044,0.021666666666666612,-0.0029166666666666785,-0.0033333333333332993,-0.0025000000000000577,-0.004583333333333273,0.0016666666666665941,-0.0016666666666665941,0.007500000000000062
82,82,0.8625,0.8047337278106509,0.839159811985899,0.8940951821386605,-0.005833333333333357,-0.0033333333333332993,-0.002083333333333215,0.00708333333333333,0.0008333333333333526,0.007500000000000173,0.0033333333333334103,0.0033333333333334103,0.004583333333333495,0.003750000000000142,0.005833333333333357,-0.005833333333333357,0.03500000000000003,-0.01083333333333325,-0.015416666666666634,-0.012499999999999956,0.0025000000000000577,0.0033333333333334103,-0.0029166666666666785,0.0008333333333333526,0.004166666666666652,-0.009583333333333277,-0.009166666666666656,-0.015000000000000013,-0.0012500000000000844,-0.0008333333333332416,-0.0029166666666666785,0.003750000000000031
83,83,0.8583333333333333,0.7926829268292683,0.8296122209165688,0.9145857814336074,-0.02124999999999999,0.0016666666666665941,-0.002083333333333326,-0.0033333333333334103,0.002083333333333326,-0.0029166666666665675,0.005416666666666625,1.1102230246251565e-16,0.0029166666666665675,0.004166666666666652,0.008333333333333304,0.0012499999999999734,0.02791666666666659,-0.0008333333333333526,0.003749999999999809,-0.0025000000000001688,-0.0024999999999999467,0.005416666666666625,0.004583333333333273,0.0029166666666665675,0.022083333333333344,-0.004166666666666763,0.0050000000000000044,-0.0016666666666667052,0.0012499999999999734,0.003750000000000031,0.0050000000000000044,0.0029166666666667895
84,84,0.8708333333333333,0.8187134502923976,0.8500293772032903,0.9543918918918919,-0.03750000000000009,-0.0025000000000000577,-0.0016666666666665941,-0.0245833333333334,0.007916666666666572,-0.017916666666666803,-0.003750000000000031,-0.0029166666666666785,-0.0029166666666665675,-0.004583333333333273,-0.02124999999999988,-0.0025000000000000577,-0.0012499999999999734,-0.025833333333333486,-0.00708333333333333,-0.03125,0.010833333333333361,-0.011666666666666603,-0.009583333333333388,-0.004166666666666652,0.0050000000000000044,-0.004999999999999893,-0.015833333333333366,-0.017916666666666803,-0.012083333333333446,0.004583333333333384,0.007500000000000062,-0.011666666666666603
85,85,0.875,0.8255813953488372,0.8554641598119859,0.9477820211515863,-0.015833333333333366,0.0016666666666665941,-0.0004166666666666208,0.004583333333333384,0.011249999999999871,-0.0016666666666665941,-0.0033333333333332993,-0.0033333333333332993,0.017916666666666692,0.003750000000000142,-0.0029166666666666785,0.005833333333333357,0.022916666666666585,0.0004166666666666208,-0.005833333333333357,-0.011250000000000093,0.009166666666666656,-0.0008333333333332416,-0.005416666666666736,0.0033333333333332993,0.010833333333333472,-0.009583333333333277,-0.009583333333333277,-0.00374999999999992,0.015416666666666634,0.0004166666666666208,0.0016666666666667052,0.00708333333333333
86,86,0.8625,0.8,0.8350470035252644,0.9492508813160988,-0.009999999999999898,-0.00374999999999992,0.002083333333333437,-0.0033333333333332993,0.006250000000000089,0.0008333333333333526,-0.0016666666666667052,0.00708333333333333,0.021250000000000102,-0.0033333333333332993,-0.0024999999999999467,-0.020000000000000018,0.02083333333333348,0.0008333333333333526,-0.010833333333333361,-0.009166666666666656,-0.010416666666666519,-0.0029166666666666785,0.0025000000000000577,-0.0016666666666667052,0.03333333333333344,-0.011249999999999982,-0.014999999999999791,-0.008333333333333304,0.005416666666666736,-0.0024999999999999467,0.003750000000000031,-0.002083333333333326
87,87,0.875,0.8214285714285714,0.8513513513513513,0.9223707403055229,-0.018333333333333535,-0.0025000000000000577,-0.0004166666666666208,-0.009583333333333277,0.02124999999999999,-0.008333333333333415,-0.009166666666666545,0.0025000000000000577,0.008750000000000036,-0.0033333333333332993,-0.006249999999999978,-0.005416666666666514,0.014166666666666772,-0.00374999999999992,-0.007499999999999951,-0.004166666666666652,-0.011250000000000093,0.00708333333333333,-0.012083333333333335,0.008749999999999813,0.032916666666666705,-0.005416666666666514,-0.004583333333333273,0.0008333333333332416,0.00708333333333333,-0.007500000000000062,0.008749999999999813,0.00374999999999992
88,88,0.8666666666666667,0.8072289156626506,0.8404817861339601,0.9605611045828437,-0.011249999999999982,-0.008749999999999925,-0.0033333333333334103,-0.005416666666666625,0.006250000000000089,-0.008749999999999925,0.004583333333333384,0.0029166666666667895,0.010000000000000009,-0.0029166666666665675,-0.00666666666666671,-0.012916666666666576,0.025416666666666754,-0.0033333333333331883,-0.019583333333333175,-0.025000000000000133,0.012083333333333446,-0.005416666666666625,-0.003750000000000031,-0.00666666666666671,-0.004583333333333384,-0.009999999999999898,-0.009166666666666545,-0.009583333333333277,0.03416666666666657,-0.009999999999999898,0.006250000000000089,-0.004583333333333384
89,89,0.8791666666666667,0.8284023668639053,0.8567861339600471,0.9518213866039953,-0.0004166666666666208,-0.002083333333333215,-0.0016666666666667052,0.01708333333333334,0.012499999999999845,-0.008333333333333304,-0.007916666666666683,0.0,0.017916666666666803,-0.0033333333333332993,-0.007916666666666683,0.01041666666666663,0.03624999999999989,-0.008333333333333193,-0.009999999999999898,-0.012916666666666798,0.02124999999999988,0.005833333333333246,0.007916666666666572,0.02041666666666664,0.036666666666666625,-0.009583333333333277,-0.008750000000000036,-0.012499999999999956,0.025000000000000022,0.0033333333333334103,0.011249999999999982,0.00666666666666671
90,90,0.8625,0.7975460122699386,0.8329905992949471,0.9740011750881317,0.0012499999999999734,-0.0004166666666666208,0.004583333333333495,0.002083333333333437,0.005416666666666736,0.0033333333333334103,0.008750000000000036,0.0012499999999999734,0.012500000000000067,0.0016666666666665941,-0.006249999999999978,0.007500000000000173,0.03791666666666671,0.0033333333333334103,-0.005416666666666625,-0.012916666666666576,0.010000000000000009,0.0,0.012500000000000178,0.011250000000000093,0.027499999999999858,-0.002083333333333326,2.220446049250313e-16,-0.006249999999999978,0.00666666666666671,-0.005833333333333357,0.008333333333333415,0.0050000000000001155
91,91,0.8208333333333333,0.7772020725388601,0.8197708578143361,0.8907902467685077,-0.03833333333333333,0.002083333333333326,-0.00041666666666650976,0.012499999999999956,0.11749999999999994,0.032916666666666594,0.02833333333333332,0.009999999999999898,0.11250000000000004,0.014999999999999902,0.01375000000000004,0.012083333333333224,0.08833333333333326,0.019166666666666554,0.022499999999999964,0.010416666666666519,-0.019583333333333397,0.0024999999999999467,0.012499999999999956,-0.0029166666666667895,0.15249999999999997,0.03416666666666657,0.022916666666666585,-0.0012499999999999734,-0.06166666666666665,0.013749999999999818,0.018750000000000044,0.02833333333333332
92,92,0.8791666666666667,0.8342857142857143,0.8629553466509988,0.8593566392479437,0.0008333333333333526,-0.002083333333333326,0.0004166666666667318,0.002083333333333437,0.007499999999999951,0.0004166666666667318,0.007499999999999951,0.0016666666666665941,0.06791666666666663,0.003750000000000031,0.008750000000000036,0.003750000000000031,0.0854166666666667,0.021250000000000102,0.013333333333333308,0.020000000000000018,0.0012499999999999734,0.014999999999999902,0.012083333333333446,0.0033333333333334103,0.04166666666666663,0.021666666666666723,0.015000000000000124,0.0016666666666665941,0.002083333333333437,0.013749999999999929,0.0025000000000000577,0.006249999999999867
93,93,0.8375,0.7577639751552795,0.8044947121034077,0.9452849588719154,-0.005416666666666736,-0.004583333333333384,-0.006666666666666599,-0.0033333333333332993,0.009583333333333388,-0.00374999999999992,-0.0029166666666666785,-0.015833333333333255,0.005833333333333357,-0.019166666666666665,0.002083333333333215,0.002083333333333215,0.016666666666666607,-0.007083333333333219,-0.009583333333333277,-0.016249999999999987,-0.007083333333333219,0.00708333333333333,-0.00374999999999992,-0.0012500000000000844,0.017916666666666692,-0.014166666666666772,-0.0008333333333334636,-0.018333333333333313,-0.017083333333333228,-0.009583333333333277,-0.009999999999999898,0.0033333333333332993
94,94,0.8875,0.8421052631578947,0.8676556991774383,0.9409518213866042,0.0029166666666666785,0.00374999999999992,0.00374999999999992,0.006666666666666821,0.009583333333333277,0.009166666666666656,0.008750000000000036,-0.0004166666666667318,0.010833333333333361,0.007083333333333219,0.006249999999999978,0.006666666666666821,0.03749999999999998,0.006666666666666821,0.004999999999999893,0.0,0.019999999999999907,0.00374999999999992,0.010833333333333361,0.0029166666666666785,0.033333333333333326,0.004166666666666541,-0.008750000000000258,-0.0050000000000001155,0.005416666666666625,0.016249999999999876,0.010416666666666519,0.012083333333333335
95,95,0.8291666666666667,0.7453416149068323,0.7956815511163338,0.9569623971797885,-0.012499999999999845,-0.005416666666666736,-0.005416666666666736,1.1102230246251565e-16,-0.0050000000000000044,0.004166666666666763,-0.012083333333333224,-0.0033333333333331883,-0.002083333333333326,-0.0004166666666667318,-0.005416666666666625,-0.009166666666666545,0.025833333333333375,-0.0033333333333334103,-0.004583333333333273,-0.0033333333333334103,0.01749999999999996,-0.011666666666666603,0.0050000000000002265,0.003750000000000031,-0.0024999999999999467,-0.010833333333333361,-0.004583333333333273,-0.0183333333333332,-0.0004166666666667318,-0.0033333333333331883,0.01416666666666666,0.003750000000000031
96,96,0.8375,0.7891891891891892,0.829171562867215,0.9044506462984723,-0.018749999999999933,-0.008333333333333415,-0.0008333333333332416,0.013333333333333308,0.10458333333333336,0.00666666666666671,-0.012916666666666576,0.017916666666666692,0.12958333333333327,0.0008333333333333526,0.0012499999999999734,0.0008333333333333526,0.13916666666666666,0.02083333333333337,-0.004166666666666541,0.05958333333333332,-0.0345833333333333,0.0033333333333332993,0.019166666666666887,0.014583333333333393,0.15875000000000017,0.0033333333333332993,0.03541666666666665,0.012500000000000067,-0.040000000000000036,0.029999999999999916,0.0033333333333332993,0.022499999999999964
97,97,0.8708333333333333,0.8165680473372781,0.847972972972973,0.8794800235017627,0.005833333333333357,-0.004583333333333273,0.0012499999999998623,0.002083333333333215,-0.005833333333333246,0.02041666666666675,0.01041666666666674,0.02416666666666667,0.06666666666666676,0.01375000000000004,-0.008333333333333304,0.00374999999999992,0.10499999999999998,0.016250000000000098,0.012916666666666576,-0.002083333333333215,-0.004583333333333273,0.002083333333333215,0.0016666666666667052,0.006666666666666599,0.17375000000000007,0.02041666666666675,0.030416666666666647,0.009166666666666656,-0.004999999999999893,0.0033333333333332993,0.006666666666666821,0.025416666666666643
98,98,0.8541666666666666,0.7852760736196319,0.824177438307873,0.9615893066980024,0.0025000000000000577,-0.002083333333333326,0.004166666666666652,0.00708333333333333,0.018750000000000044,-0.0008333333333334636,-0.005416666666666736,0.00708333333333333,0.017083333333333228,0.0004166666666666208,0.009583333333333388,0.004999999999999893,0.008750000000000036,-0.008750000000000036,-0.002083333333333326,-0.014166666666666772,0.015833333333333366,0.004999999999999893,0.0016666666666665941,0.0029166666666666785,0.0016666666666665941,-0.011250000000000093,-0.01750000000000007,-0.015833333333333477,0.017083333333333228,0.006249999999999978,0.0012499999999999734,0.0029166666666666785
99,99,0.8875,0.847457627118644,0.8738249118683901,0.8642038777908342,0.050416666666666554,0.0029166666666667895,0.016666666666666607,0.005416666666666625,0.007916666666666683,0.0412499999999999,0.0033333333333332993,0.02458333333333329,0.12291666666666667,0.004166666666666763,0.03291666666666648,0.002083333333333215,0.2008333333333332,0.022916666666666696,0.0012500000000000844,0.022083333333333233,0.013749999999999929,0.025416666666666643,0.023333333333333428,0.027083333333333348,0.19166666666666665,0.025833333333333264,0.06208333333333349,0.07708333333333317,0.015000000000000013,0.0050000000000000044,0.012499999999999956,0.019583333333333286
100,100,0.7791666666666667,0.6187050359712231,0.7201821386603996,0.9532902467685076,-0.02458333333333329,0.008749999999999925,0.01708333333333334,-0.0016666666666667052,-0.006249999999999978,0.01375000000000004,0.017083333333333228,0.008750000000000036,-0.008333333333333304,0.030416666666666647,0.03749999999999998,0.025000000000000022,0.014999999999999902,-0.004166666666666652,0.0016666666666665941,0.005416666666666736,0.012916666666666798,0.002083333333333326,0.02124999999999988,0.017916666666666692,0.04625000000000001,0.0033333333333334103,0.012083333333333446,0.01666666666666672,-0.0029166666666666785,0.03583333333333327,0.016249999999999987,-0.007499999999999951
101,101,0.8916666666666667,0.8522727272727273,0.8772032902467685,0.891304347826087,0.026249999999999996,0.008333333333333526,0.004583333333333384,0.018333333333333313,0.026249999999999996,0.0050000000000000044,0.007500000000000062,0.015416666666666745,0.11958333333333326,0.05541666666666667,-1.1102230246251565e-16,0.0029166666666667895,0.035833333333333384,0.0050000000000000044,0.05958333333333343,0.0008333333333332416,-0.00041666666666650976,0.03333333333333355,0.019583333333333397,0.02499999999999991,0.19791666666666674,0.019583333333333397,0.04458333333333342,0.036666666666666625,-0.003750000000000031,0.03750000000000009,0.011250000000000204,0.010833333333333361
102,102,0.8625,0.7975460122699386,0.8329905992949471,0.9684929494712105,-0.01083333333333325,-0.002083333333333326,-0.0024999999999999467,-0.0012499999999998623,0.0029166666666666785,-0.002083333333333326,-0.01000000000000012,0.0025000000000000577,0.0004166666666667318,-0.011666666666666714,-0.00374999999999992,-0.014583333333333393,0.02708333333333346,-0.0016666666666667052,-0.004166666666666763,-0.007500000000000062,0.00666666666666671,-0.010416666666666519,0.012916666666666687,0.007500000000000173,0.026666666666666616,-0.0004166666666666208,-0.005416666666666514,-0.009583333333333277,0.005833333333333357,0.006250000000000089,-0.0008333333333332416,0.007500000000000173
103,103,0.8416666666666667,0.7682926829268293,0.8119858989424207,0.9530699177438308,-0.004166666666666763,1.1102230246251565e-16,-0.0016666666666667052,-0.0008333333333333526,0.004583333333333273,-0.0024999999999999467,0.010833333333333361,-0.0016666666666667052,0.008749999999999925,-0.002083333333333326,-0.0012500000000000844,0.011666666666666825,0.009166666666666767,-0.013333333333333197,-0.005416666666666625,-0.018333333333333313,0.003750000000000031,0.0008333333333333526,0.01791666666666658,0.005833333333333468,0.01375000000000004,-0.013333333333333197,-0.015000000000000013,-0.009166666666666656,0.01749999999999996,0.005416666666666625,0.007916666666666683,0.007499999999999951
104,104,0.8916666666666667,0.8488372093023255,0.873090481786134,0.8933607520564043,-0.014999999999999902,0.0016666666666668162,0.005833333333333246,0.007916666666666683,0.01708333333333356,0.0029166666666667895,0.006250000000000089,0.005416666666666625,0.05208333333333337,0.003750000000000031,0.015833333333333477,-0.0008333333333333526,0.049583333333333424,0.005833333333333468,0.009166666666666767,0.0004166666666667318,-0.005833333333333468,0.0033333333333334103,0.022083333333333455,0.01000000000000012,0.007916666666666683,0.026666666666666727,0.005416666666666847,0.0029166666666667895,0.01333333333333342,0.003750000000000031,0.00666666666666671,1.1102230246251565e-16
105,105,0.8791666666666667,0.8304093567251462,0.8588425381903643,0.9269242068155112,-0.01041666666666674,0.0029166666666666785,0.0008333333333333526,0.0,0.01041666666666663,-0.007083333333333219,-0.006250000000000089,-0.00749999999999984,0.0245833333333334,0.0,-0.006666666666666821,-0.007083333333333441,0.016249999999999987,-0.0050000000000000044,-0.006249999999999978,-0.006249999999999978,0.004166666666666652,0.0,-0.0004166666666666208,0.012916666666666687,0.022916666666666696,0.0004166666666667318,-0.004166666666666763,0.0008333333333333526,0.0012499999999999734,0.00666666666666671,0.01416666666666666,0.019166666666666665
106,106,0.7958333333333333,0.6666666666666666,0.7460340775558167,0.9631316098707402,-0.009583333333333277,-0.004166666666666763,-0.004166666666666763,-0.009166666666666767,-0.008333333333333304,0.005416666666666736,-0.0025000000000000577,0.00374999999999992,-0.007083333333333441,-0.00666666666666671,-0.004583333333333384,-0.01416666666666666,0.011666666666666714,-0.01666666666666672,-0.015833333333333477,-0.019166666666666776,0.0033333333333331883,-0.0029166666666666785,0.00374999999999992,0.007499999999999951,0.013333333333333308,-0.0004166666666666208,0.0,-0.00666666666666671,0.009583333333333388,0.0,0.0012499999999998623,0.004583333333333384
107,107,0.8541666666666666,0.7904191616766467,0.8282902467685076,0.9477085781433608,-0.02458333333333329,-0.0004166666666668428,0.0029166666666665675,-0.007500000000000062,-0.00374999999999992,0.007499999999999951,-0.010833333333333361,-0.005416666666666736,-0.006666666666666821,0.004583333333333495,-0.014166666666666772,-0.006249999999999978,-0.005416666666666736,0.0033333333333332993,-0.005416666666666736,0.0016666666666668162,-0.015833333333333255,0.004583333333333273,-0.002083333333333326,-0.0025000000000000577,0.03500000000000003,-0.0033333333333332993,-0.004166666666666763,-0.011250000000000204,0.0012499999999999734,-0.0004166666666668428,0.0004166666666666208,0.003750000000000031
108,108,0.8041666666666667,0.6802721088435374,0.7548472385428907,0.9618830787309048,-0.004583333333333384,0.0016666666666667052,0.01333333333333342,0.007500000000000062,0.019166666666666776,0.02416666666666667,0.042916666666666825,0.01333333333333342,0.03166666666666662,0.036250000000000115,0.02791666666666659,0.03499999999999992,0.004166666666666652,0.004583333333333384,0.008750000000000036,0.009166666666666767,0.00041666666666650976,0.010833333333333472,0.02041666666666664,0.023749999999999938,0.019166666666666665,-0.0016666666666667052,0.004166666666666652,0.0050000000000001155,0.022916666666666696,0.005833333333333468,0.009166666666666656,0.004583333333333384
109,109,0.8833333333333333,0.8352941176470589,0.8622209165687427,0.8914512338425382,0.0025000000000001688,0.00708333333333333,1.1102230246251565e-16,0.0024999999999999467,0.027916666666666812,-0.0012499999999999734,0.0004166666666667318,0.009583333333333277,0.011249999999999982,0.0033333333333331883,0.002083333333333326,0.0008333333333333526,0.050833333333333175,0.0033333333333334103,0.0008333333333333526,-0.0025000000000001688,1.1102230246251565e-16,0.008333333333333304,0.009166666666666545,-0.0008333333333333526,0.015416666666666634,0.004166666666666652,0.0012499999999999734,0.0012499999999999734,0.007500000000000062,-0.004166666666666652,0.015416666666666634,0.008333333333333304
110,110,0.8666666666666667,0.8095238095238095,0.8425381903642772,0.9131903642773208,-0.0012499999999999734,0.0024999999999999467,0.003750000000000031,0.007916666666666794,0.007916666666666683,0.005416666666666625,-0.0012499999999999734,0.004166666666666652,0.01041666666666674,0.0008333333333332416,-1.1102230246251565e-16,0.006250000000000089,0.027916666666666812,0.0008333333333333526,0.004166666666666652,-0.002083333333333326,0.0050000000000000044,0.0008333333333333526,0.018750000000000044,0.006250000000000089,0.015416666666666745,1.1102230246251565e-16,-0.005833333333333246,0.0024999999999999467,0.009166666666666767,0.010000000000000009,0.006250000000000089,0.015416666666666745
111,111,0.8833333333333333,0.8352941176470589,0.8622209165687427,0.9372062279670975,-0.004166666666666652,-0.0004166666666667318,0.0029166666666667895,0.0004166666666667318,0.0033333333333331883,0.0004166666666667318,0.006666666666666599,0.009166666666666545,-0.0029166666666665675,0.0016666666666667052,-0.002083333333333326,0.007916666666666683,0.019999999999999796,1.1102230246251565e-16,0.005833333333333246,0.002083333333333326,0.0050000000000000044,0.007500000000000062,0.02458333333333329,0.012916666666666687,0.023749999999999938,0.009166666666666545,-1.1102230246251565e-16,0.003750000000000031,0.032916666666666705,0.00708333333333333,-0.0033333333333334103,0.012500000000000067
112,112,0.8833333333333333,0.8390804597701149,0.8663337250293772,0.9277320799059929,-0.00708333333333333,-0.0008333333333333526,0.0050000000000000044,-0.008749999999999925,0.02416666666666667,-0.0029166666666665675,-1.1102230246251565e-16,0.014583333333333282,0.01333333333333342,0.00666666666666671,0.008749999999999925,0.01333333333333342,0.03916666666666668,-0.0029166666666665675,-0.0050000000000000044,0.005416666666666625,0.006249999999999867,0.004583333333333384,0.003750000000000031,0.0004166666666667318,0.009999999999999898,0.005833333333333468,0.003750000000000031,-0.004166666666666652,0.02416666666666667,0.0050000000000000044,0.01791666666666658,0.011249999999999982
113,113,0.8416666666666667,0.7682926829268293,0.8119858989424207,0.948810223266745,-0.0033333333333332993,-0.0033333333333332993,-0.006249999999999978,-0.0050000000000000044,0.0004166666666667318,-0.003750000000000031,0.006250000000000089,-0.01041666666666674,0.0033333333333334103,-0.011249999999999982,-0.006666666666666599,-0.0024999999999999467,0.022083333333333344,-0.014583333333333282,-0.022083333333333233,-0.018749999999999933,0.00708333333333333,-0.0012500000000000844,0.00708333333333333,-0.0004166666666667318,0.019166666666666665,-0.007916666666666683,-0.00749999999999984,-0.013333333333333197,-0.006249999999999978,-0.00374999999999992,-0.007916666666666683,-0.0016666666666667052
114,114,0.8625,0.8,0.8350470035252644,0.9559341950646298,-0.0016666666666667052,0.0004166666666667318,0.0,0.005833333333333357,0.009583333333333499,0.0025000000000000577,0.008750000000000036,0.016249999999999987,0.01708333333333345,0.003750000000000031,0.0029166666666666785,0.003750000000000031,0.03416666666666668,-0.0008333333333332416,-0.0033333333333334103,-0.0004166666666666208,0.01041666666666663,0.0033333333333334103,0.013333333333333308,0.015000000000000124,0.03791666666666671,0.0004166666666667318,0.0016666666666668162,-0.004166666666666763,-0.009166666666666656,0.019166666666666665,0.007500000000000173,0.003750000000000031
115,115,0.8958333333333334,0.8554913294797688,0.8785252643948296,0.9737808460634547,0.002083333333333326,0.0033333333333332993,0.004166666666666763,0.009999999999999898,0.0408333333333335,0.005416666666666736,0.017916666666666692,0.012916666666666798,0.03499999999999992,0.005416666666666514,0.007083333333333441,0.005833333333333468,0.0050000000000000044,-0.005833333333333357,-0.004166666666666652,-0.007916666666666572,0.05249999999999999,0.018750000000000155,0.0033333333333332993,0.02124999999999999,0.036250000000000004,0.011250000000000204,-0.0050000000000001155,-0.009583333333333388,0.018749999999999933,0.0008333333333332416,0.0016666666666667052,0.009583333333333499
116,116,0.8708333333333333,0.8208092485549133,0.8520857814336076,0.962984723854289,-0.009166666666666767,-0.0029166666666666785,-0.005833333333333246,-0.0025000000000000577,-0.008333333333333304,-0.00708333333333333,-0.0004166666666667318,-0.005416666666666625,0.014583333333333393,-0.0016666666666665941,0.0,-0.004999999999999893,0.022916666666666696,0.0012500000000000844,-0.0025000000000000577,-0.0012499999999999734,0.014583333333333393,-0.0016666666666665941,-0.011666666666666603,0.0008333333333332416,0.021666666666666612,-0.005833333333333357,0.004166666666666763,0.0,0.0029166666666666785,-0.0016666666666668162,-0.006249999999999867,-0.005416666666666625
117,117,0.8958333333333334,0.8587570621468926,0.8826380728554641,0.9524089306698001,-0.004583333333333495,-0.00666666666666671,0.011666666666666714,-0.009166666666666545,0.032083333333333464,0.0029166666666666785,-0.0033333333333332993,0.011666666666666714,0.03541666666666676,-0.004166666666666652,-0.0012500000000000844,-0.0029166666666666785,0.012916666666666576,-0.0012500000000000844,-0.004999999999999893,-0.004583333333333495,-0.004583333333333495,0.008750000000000036,-0.0029166666666666785,-0.0033333333333332993,0.015833333333333477,-0.0016666666666665941,-0.012916666666666465,-0.0025000000000000577,0.026666666666666727,-0.00708333333333333,-0.005833333333333357,0.007083333333333219
118,118,0.8708333333333333,0.8143712574850299,0.8459165687426558,0.8920387779083431,0.018750000000000155,0.0012500000000000844,0.002083333333333326,-0.004166666666666652,0.0016666666666667052,0.0441666666666668,0.005833333333333357,0.002083333333333326,0.08750000000000002,0.06125000000000003,-0.007499999999999951,-0.0004166666666667318,0.17208333333333337,0.030000000000000027,0.030833333333333268,0.03541666666666676,0.0012499999999998623,0.002083333333333326,0.005416666666666625,0.053750000000000075,0.11583333333333334,0.04041666666666677,0.007916666666666683,0.02083333333333337,0.007083333333333441,0.028333333333333433,0.032083333333333464,0.018749999999999933
119,119,0.8666666666666667,0.8072289156626506,0.8404817861339601,0.9246474735605171,-0.0033333333333331883,-0.0008333333333333526,-0.007500000000000062,-0.0033333333333334103,0.012916666666666687,0.006250000000000089,0.002083333333333326,-0.003750000000000031,0.006250000000000089,0.002083333333333326,-0.00041666666666650976,0.002083333333333326,0.017500000000000182,-0.005833333333333246,-0.0008333333333332416,-0.006249999999999867,-0.009166666666666545,0.002083333333333326,0.0029166666666665675,0.006250000000000089,0.03166666666666673,-1.1102230246251565e-16,-0.009583333333333277,-0.013749999999999818,0.022083333333333233,0.00708333333333333,-0.0016666666666667052,-0.0024999999999999467
120,120,0.825,0.7307692307692307,0.7861339600470035,0.9649676850763808,-0.012500000000000067,0.0050000000000000044,0.0,0.0033333333333332993,-0.0004166666666667318,-0.0008333333333333526,-0.0004166666666667318,-0.003750000000000031,0.005833333333333357,0.008333333333333304,0.010833333333333361,-0.008750000000000036,0.028749999999999942,-0.01708333333333345,-0.012500000000000067,-0.008750000000000036,0.012083333333333335,-0.004166666666666652,0.019999999999999907,0.0008333333333332416,0.017083333333333228,-0.006250000000000089,-0.011666666666666603,-0.004583333333333273,0.03125,-0.0008333333333333526,0.0004166666666666208,0.006249999999999978
121,121,0.8125,0.7058823529411765,0.7698296122209166,0.959165687426557,0.00374999999999992,-0.0029166666666666785,0.0,-0.004999999999999893,0.008750000000000036,0.004583333333333273,-0.010000000000000009,0.007500000000000062,0.009166666666666656,0.005416666666666736,0.004166666666666652,-0.01708333333333345,-0.002083333333333215,-0.006249999999999978,-0.0029166666666666785,-0.008750000000000036,0.004583333333333384,0.00708333333333333,0.0024999999999998357,0.01041666666666663,0.0029166666666666785,-0.010000000000000009,-0.012916666666666687,-0.00374999999999992,0.012499999999999956,-0.008750000000000036,0.01083333333333325,0.0004166666666666208
122,122,0.8291666666666667,0.7320261437908496,0.7874559341950647,0.9374265569917744,-0.0024999999999999467,0.0012500000000000844,0.002083333333333326,0.002083333333333326,-0.0004166666666667318,0.002083333333333326,0.007500000000000062,0.011666666666666825,0.005416666666666847,0.009583333333333388,0.01000000000000012,0.004166666666666874,0.023333333333333317,0.003750000000000031,0.005416666666666625,-0.012083333333333224,0.01749999999999996,0.01749999999999996,0.0050000000000000044,0.008333333333333304,0.010833333333333584,0.004166666666666763,-0.003750000000000031,-0.004166666666666652,0.02083333333333337,0.008750000000000147,0.0029166666666667895,0.014583333333333282
123,123,0.8791666666666667,0.8304093567251462,0.8588425381903643,0.9565217391304347,-0.0004166666666666208,0.0004166666666667318,-0.0008333333333334636,0.0016666666666665941,0.0016666666666665941,-0.009583333333333277,-0.007916666666666572,-0.005416666666666625,0.032916666666666594,0.0012499999999999734,-0.0024999999999999467,0.00708333333333333,0.01708333333333334,-0.007083333333333219,-0.0024999999999999467,-0.008333333333333304,-0.0004166666666666208,-0.007916666666666683,-0.008333333333333304,-0.011250000000000204,0.0429166666666666,-0.006666666666666599,-0.011249999999999982,-0.012916666666666798,-0.0016666666666667052,-0.00749999999999984,0.002083333333333215,-0.0004166666666666208
124,124,0.925,0.9010989010989011,0.9186251468860165,0.9343419506462985,0.00666666666666671,0.004583333333333495,0.0016666666666665941,0.015833333333333366,0.05458333333333332,0.05291666666666672,0.010000000000000231,0.015000000000000124,0.0625,0.011250000000000093,0.0245833333333334,0.026250000000000107,0.026666666666666616,0.01333333333333353,0.009583333333333388,0.012500000000000067,0.018750000000000044,0.010000000000000231,0.0050000000000001155,0.017916666666666803,0.057083333333333375,0.020000000000000018,0.008750000000000036,0.03125000000000022,0.006666666666666821,0.004166666666666874,0.019166666666666665,0.015833333333333366
125,125,0.8791666666666667,0.8323699421965318,0.8608989424206815,0.9581374853113984,-0.008750000000000036,0.0,-0.003750000000000142,-0.0012500000000000844,0.025000000000000022,-0.0008333333333334636,-0.0024999999999999467,0.0,-0.00374999999999992,-0.007083333333333441,-0.007083333333333441,-0.0033333333333332993,0.037083333333333246,-0.012499999999999956,-0.0012500000000000844,-0.005416666666666625,-0.004583333333333384,0.0,-0.0008333333333332416,-0.002083333333333326,0.025833333333333375,-0.012083333333333335,-0.01333333333333342,-0.009999999999999898,-0.01666666666666672,0.003750000000000031,-0.0029166666666666785,-0.004999999999999893
126,126,0.8916666666666667,0.8488372093023255,0.873090481786134,0.915834312573443,-0.007916666666666683,0.0004166666666666208,0.007083333333333441,0.0008333333333333526,0.01416666666666666,0.0012499999999998623,-0.0025000000000000577,-0.0050000000000001155,0.026249999999999996,0.0016666666666667052,-0.004166666666666652,0.016250000000000098,0.04083333333333328,0.01000000000000012,0.005833333333333468,0.007916666666666683,0.01333333333333342,0.009166666666666767,0.012500000000000067,0.002083333333333326,0.035833333333333495,0.020000000000000018,0.029583333333333406,0.009166666666666767,0.025416666666666532,0.0008333333333332416,0.004166666666666763,0.015000000000000124
127,127,0.8916666666666667,0.8505747126436781,0.8751468860164513,0.9535105757931844,-0.004583333333333273,-0.0012500000000001954,0.0016666666666664831,-0.0016666666666668162,0.0012499999999998623,0.0033333333333334103,-0.0025000000000000577,-0.002083333333333326,0.02708333333333346,-1.1102230246251565e-16,0.004166666666666763,0.007083333333333441,0.016250000000000098,-0.004583333333333273,-0.0012499999999999734,-0.003749999999999809,1.1102230246251565e-16,0.0029166666666667895,0.0004166666666666208,0.0008333333333332416,0.021666666666666612,0.0029166666666665675,-0.004583333333333273,-0.00749999999999984,0.004166666666666763,0.010833333333333361,-0.0008333333333333526,-1.1102230246251565e-16
128,128,0.8791666666666667,0.8342857142857143,0.8629553466509988,0.8998971797884842,-0.010416666666666519,-0.004166666666666763,0.006250000000000089,-0.0008333333333332416,0.009583333333333388,0.0016666666666668162,-0.0012499999999998623,-0.007083333333333219,-0.003750000000000142,0.010000000000000009,-0.008333333333333193,0.01041666666666663,0.0025000000000000577,0.00708333333333333,0.013333333333333308,-0.0012500000000000844,-0.0050000000000000044,0.0016666666666665941,0.002083333333333437,0.013333333333333308,0.08000000000000007,0.0012499999999999734,0.0008333333333333526,0.04208333333333325,0.012083333333333224,0.01041666666666663,0.0004166666666667318,0.007916666666666572
129,129,0.85,0.7777777777777778,0.8187426556991775,0.9554200940070505,0.0,0.0008333333333334636,0.0008333333333332416,0.0012499999999998623,0.012499999999999956,0.007916666666666683,0.0025000000000000577,0.004166666666666763,0.02458333333333329,0.0012500000000000844,0.0029166666666666785,0.005416666666666736,0.005833333333333357,-0.0029166666666666785,-0.02833333333333332,-0.012916666666666687,-0.0004166666666666208,0.004166666666666763,0.012083333333333113,0.002083333333333326,0.006249999999999978,-0.0050000000000001155,-0.02708333333333346,-0.007500000000000173,0.026666666666666505,0.0012500000000000844,0.017916666666666692,0.002083333333333326
130,130,0.8416666666666667,0.7625,0.8078730904817861,0.8887338425381903,0.0033333333333331883,0.003750000000000031,0.005416666666666625,0.00749999999999984,-0.004166666666666541,0.006250000000000089,0.008749999999999925,0.009166666666666545,0.011249999999999982,0.012083333333333224,0.007499999999999951,0.003750000000000031,0.013333333333333308,-0.0016666666666667052,0.0004166666666667318,-0.012499999999999956,0.005833333333333246,0.009583333333333388,0.012500000000000067,0.003749999999999809,0.029166666666666674,-0.0008333333333332416,-0.0024999999999999467,-0.003750000000000031,0.012083333333333224,0.0016666666666665941,0.009166666666666545,0.010833333333333361
131,131,0.8791666666666667,0.8284023668639053,0.8567861339600471,0.9627643948296123,-0.013749999999999929,-0.005416666666666625,0.005833333333333357,-0.006666666666666599,0.022083333333333233,-0.0029166666666666785,0.0,0.015833333333333366,0.023333333333333317,-0.0012500000000000844,-0.0008333333333334636,0.0004166666666667318,0.03708333333333336,-0.011666666666666714,-0.0050000000000000044,-0.0033333333333332993,0.0029166666666666785,-0.005833333333333357,0.012916666666666687,-0.004583333333333384,0.011666666666666603,-0.005416666666666514,-0.008750000000000036,-0.006666666666666599,0.009583333333333388,-0.0033333333333332993,-0.004583333333333162,-0.004583333333333384
132,132,0.85,0.7777777777777778,0.8187426556991775,0.9362514688601645,-0.005833333333333357,0.0012499999999998623,0.007083333333333219,0.009583333333333277,0.006249999999999978,0.004583333333333384,0.011250000000000093,0.004583333333333384,-0.0008333333333333526,0.007083333333333219,0.00374999999999992,0.00374999999999992,0.016666666666666607,0.008333333333333415,-0.00666666666666671,-0.005416666666666514,0.006666666666666599,0.006666666666666599,0.019583333333333286,0.009583333333333277,0.03916666666666657,0.0008333333333332416,-0.0004166666666666208,-0.010000000000000009,0.03125,0.005416666666666736,0.010833333333333361,0.011250000000000093
133,133,0.8791666666666667,0.8263473053892215,0.8547297297297297,0.9101057579318449,-0.01666666666666672,0.0008333333333333526,0.0004166666666667318,-0.0024999999999999467,0.037083333333333246,0.005833333333333357,-0.005833333333333357,0.0,-0.00374999999999992,-0.004166666666666763,0.00666666666666671,0.02124999999999988,0.022499999999999964,0.0,-0.0004166666666666208,0.0004166666666667318,-0.004583333333333162,0.0016666666666665941,0.0029166666666666785,0.012916666666666687,0.053333333333333344,0.0004166666666667318,-0.0016666666666667052,-0.004166666666666541,-0.00374999999999992,0.013333333333333197,-0.0012499999999998623,0.01708333333333334
134,134,0.8791666666666667,0.8342857142857143,0.8629553466509988,0.8703730904817861,0.009583333333333388,0.004999999999999893,0.0033333333333334103,0.01083333333333325,0.05874999999999986,0.012500000000000067,0.008333333333333304,0.00666666666666671,0.021666666666666723,0.03874999999999995,0.014583333333333282,0.011666666666666603,0.0920833333333333,0.0674999999999999,0.023749999999999938,0.015416666666666523,0.005416666666666625,0.009999999999999787,0.020000000000000018,0.02041666666666675,0.10791666666666666,0.005833333333333246,0.025833333333333375,0.054166666666666696,0.004583333333333273,0.015833333333333144,0.022083333333333344,0.021666666666666723
135,135,0.8833333333333333,0.8390804597701149,0.8663337250293772,0.9343419506462983,-0.0008333333333333526,-0.0012499999999998623,-0.0024999999999999467,0.002083333333333326,0.06374999999999986,-1.1102230246251565e-16,0.004583333333333384,-0.0008333333333332416,0.013749999999999818,0.003750000000000031,0.0016666666666667052,-0.011250000000000204,0.03416666666666657,0.005416666666666403,-0.0025000000000001688,1.1102230246251565e-16,0.008333333333333304,0.006249999999999867,0.007916666666666683,0.002083333333333326,0.01749999999999985,0.0050000000000000044,0.008749999999999925,-0.004166666666666652,-0.0008333333333333526,0.0050000000000000044,0.003750000000000031,0.009999999999999898
136,136,0.875,0.8255813953488372,0.8554641598119859,0.9462397179788484,-0.002083333333333215,0.0004166666666666208,-0.005833333333333135,0.006666666666666599,0.004166666666666652,-0.009166666666666656,-0.004999999999999893,0.00374999999999992,0.008333333333333415,-0.004583333333333384,0.0,-0.0012499999999999734,0.018750000000000044,-0.008333333333333193,-0.01666666666666683,-0.008750000000000036,-0.0004166666666666208,-0.0004166666666666208,-0.004583333333333273,0.004999999999999893,0.0345833333333333,-0.011666666666666714,-0.022500000000000187,-0.019166666666666776,0.005833333333333357,-0.0016666666666667052,-0.0012499999999999734,-0.007499999999999951
137,137,0.8625,0.8047337278106509,0.839159811985899,0.9446239717978848,-0.0050000000000000044,-1.1102230246251565e-16,-0.0004166666666666208,0.0029166666666666785,0.007916666666666794,-0.006666666666666599,-0.0016666666666667052,0.011250000000000093,0.022083333333333344,-0.0016666666666664831,-0.00374999999999992,-0.0024999999999999467,0.027499999999999858,-0.00374999999999992,-0.0029166666666666785,-0.0016666666666667052,0.0004166666666667318,-0.004166666666666763,-0.0012499999999998623,0.008750000000000036,0.01750000000000007,-0.00374999999999992,-0.004999999999999893,-0.0033333333333332993,0.002083333333333437,-0.0024999999999999467,0.017916666666666803,0.01416666666666666
138,138,0.875,0.8214285714285714,0.8513513513513513,0.9550528789659225,-0.01749999999999985,0.0033333333333332993,0.0029166666666666785,-0.0004166666666666208,0.011250000000000093,-0.0029166666666666785,0.012083333333333335,0.002083333333333437,0.004166666666666652,-0.00374999999999992,-0.0029166666666666785,0.004166666666666652,0.030000000000000027,-0.005833333333333357,-0.009166666666666656,-0.004166666666666763,0.00374999999999992,0.002083333333333215,0.008333333333333193,0.0033333333333332993,0.009166666666666656,-0.005833333333333357,-0.00374999999999992,0.005416666666666514,0.011250000000000093,0.0,0.0,0.008333333333333415
139,139,0.8916666666666667,0.8539325842696629,0.8792596944770859,0.9210487661574618,-0.012083333333333224,0.0004166666666667318,-0.007499999999999951,-0.00708333333333333,0.1116666666666668,0.00374999999999992,0.015000000000000124,0.0033333333333332993,0.002083333333333326,-0.002083333333333326,0.036666666666666625,0.0029166666666665675,0.03083333333333349,-0.0029166666666665675,0.003750000000000031,-0.0050000000000001155,0.004583333333333384,0.014583333333333282,0.007500000000000062,-0.004166666666666874,0.05458333333333332,-0.004583333333333273,-0.00708333333333333,-0.0050000000000001155,0.004166666666666763,-1.1102230246251565e-16,0.015416666666666745,0.01333333333333342
140,140,0.8541666666666666,0.782608695652174,0.8221210340775558,0.9508666274970622,-0.008333333333333415,0.0008333333333333526,0.002083333333333215,0.0,0.008333333333333415,0.002083333333333215,0.00666666666666671,-0.013333333333333308,0.007499999999999951,0.00708333333333333,0.005416666666666514,0.0029166666666666785,0.017083333333333228,0.0012499999999999734,0.006249999999999978,0.0025000000000000577,0.002083333333333437,0.014583333333333282,0.002083333333333215,0.004583333333333495,0.01083333333333325,-0.0012500000000000844,-0.004166666666666763,-0.009999999999999898,0.007916666666666572,0.0008333333333333526,0.003750000000000031,0.003749999999999809
141,141,0.8708333333333333,0.8228571428571428,0.8541421856639249,0.8707403055229143,0.009583333333333499,-0.0033333333333334103,0.010833333333333361,0.004583333333333162,0.03708333333333336,0.0008333333333332416,-0.0004166666666667318,0.008333333333333304,0.002083333333333326,0.0024999999999999467,0.011249999999999982,0.007916666666666683,0.1495833333333333,0.007083333333333219,0.03875000000000006,0.050416666666666554,-0.0004166666666667318,0.007083333333333219,0.026250000000000107,0.0033333333333332993,0.06666666666666676,0.006249999999999978,0.035833333333333384,0.019166666666666554,0.022499999999999964,0.01666666666666672,0.00374999999999992,0.02083333333333337
142,142,0.8625,0.8,0.8350470035252644,0.9613689776733254,-0.004583333333333384,-0.0016666666666664831,-0.0024999999999999467,-0.0033333333333332993,0.018750000000000044,0.0033333333333334103,-0.0012500000000000844,0.012500000000000067,0.01750000000000007,0.004583333333333495,-0.005833333333333357,-0.008750000000000036,0.028750000000000053,-0.0012499999999998623,-0.0016666666666667052,-0.009583333333333277,-0.006249999999999978,0.022499999999999964,0.0016666666666668162,0.022083333333333344,0.035833333333333495,0.0004166666666667318,-0.006666666666666599,-0.007083333333333219,0.03708333333333336,0.009166666666666767,0.006250000000000089,0.0008333333333333526
143,143,0.8416666666666667,0.7564102564102564,0.8037602820211516,0.9311104582843713,-0.018750000000000155,-0.011666666666666603,0.009166666666666545,-0.0016666666666667052,-0.00374999999999992,-0.004583333333333384,0.0024999999999999467,-0.005833333333333246,-0.002083333333333326,-0.009999999999999898,-0.004166666666666541,0.0016666666666665941,0.02416666666666656,-0.011249999999999982,-0.019583333333333397,-0.018333333333333313,0.010833333333333361,-0.005416666666666625,0.0029166666666667895,0.0029166666666665675,0.01791666666666658,-0.008749999999999925,-0.013749999999999818,-0.005833333333333246,0.008750000000000147,-0.0029166666666665675,0.007499999999999951,0.0050000000000000044
144,144,0.875,0.8275862068965517,0.8575205640423031,0.900705052878966,-0.002083333333333215,0.0025000000000000577,0.0016666666666665941,0.00374999999999992,0.07625000000000004,-0.0004166666666666208,0.023749999999999938,-0.0029166666666666785,0.12624999999999997,0.006666666666666599,0.0,0.018333333333333313,0.04749999999999999,0.02750000000000008,0.0345833333333333,0.01083333333333325,-0.009583333333333166,-0.0050000000000001155,0.004583333333333273,0.01000000000000012,0.19333333333333336,0.04166666666666663,0.012916666666666687,0.007499999999999951,0.08000000000000007,0.015416666666666634,0.010000000000000009,0.012916666666666687
145,145,0.8833333333333333,0.8426966292134831,0.8704465334900118,0.9109870740305521,-0.0008333333333333526,-0.0008333333333333526,0.0024999999999999467,-0.0050000000000000044,0.10624999999999996,0.006250000000000089,0.005833333333333246,-0.0012499999999998623,0.0445833333333332,0.01749999999999996,0.004166666666666652,0.010833333333333361,0.0724999999999999,0.026666666666666616,0.026666666666666616,0.012083333333333224,0.0025000000000001688,-0.0024999999999999467,0.014583333333333282,0.03458333333333319,0.06499999999999995,0.010000000000000009,0.02083333333333326,0.00666666666666671,-0.006250000000000089,0.00666666666666671,0.01666666666666672,0.0029166666666665675
146,146,0.8625,0.8,0.8350470035252644,0.9604876615746181,-0.0016666666666667052,0.002083333333333437,0.0033333333333334103,0.00666666666666671,0.00666666666666671,-0.0012500000000000844,-0.003750000000000142,0.018750000000000044,0.022083333333333344,0.016249999999999987,0.010416666666666852,0.016249999999999987,0.039166666666666794,0.003750000000000142,-0.005833333333333357,-0.002083333333333215,0.02041666666666675,0.004583333333333495,0.015000000000000124,0.004583333333333273,0.03416666666666668,-0.004583333333333384,0.0016666666666665941,-0.0016666666666664831,0.023333333333333317,0.006250000000000089,0.012500000000000067,0.002083333333333437
147,147,0.8833333333333333,0.8390804597701149,0.8663337250293772,0.9410987074030552,-0.02083333333333348,-0.00041666666666650976,-0.0012499999999998623,0.0029166666666667895,0.01791666666666658,0.0024999999999999467,-0.005833333333333246,0.0016666666666667052,0.009166666666666545,-0.00708333333333333,0.002083333333333326,0.015833333333333255,0.029166666666666674,-0.0029166666666667895,-0.017500000000000182,-0.009166666666666767,0.011249999999999982,1.1102230246251565e-16,0.008333333333333304,0.0033333333333334103,0.0012499999999999734,-0.015416666666666745,-0.01749999999999996,-0.017916666666666803,0.002083333333333326,0.0024999999999999467,0.0004166666666667318,-0.0008333333333333526
148,148,0.8875,0.8439306358381503,0.8697121034077555,0.9499118683901292,-0.012083333333333446,-0.0012499999999999734,0.007083333333333219,-0.011666666666666714,0.024166666666666448,-0.0029166666666666785,0.004583333333333384,0.0016666666666667052,0.02458333333333329,-0.007500000000000173,0.004583333333333384,0.014583333333333393,0.017916666666666692,0.0024999999999999467,-0.011249999999999982,-0.0050000000000001155,0.008750000000000036,-0.012500000000000178,0.013749999999999929,-0.0050000000000003375,0.015416666666666634,-0.010000000000000009,-0.014583333333333393,-0.003750000000000142,0.009166666666666656,-0.0025000000000000577,0.004583333333333162,-0.0029166666666666785
149,149,0.8833333333333333,0.8333333333333334,0.8601645123384254,0.8471650998824911,0.012500000000000067,0.007500000000000062,0.036666666666666625,0.014583333333333282,0.012083333333333224,0.01791666666666658,0.04166666666666674,0.010416666666666519,0.1483333333333332,0.029583333333333295,0.030000000000000027,0.03749999999999987,0.10833333333333328,0.06958333333333322,0.07124999999999992,0.009583333333333277,-0.0016666666666667052,0.030833333333333268,0.025416666666666754,0.025000000000000133,0.19958333333333322,0.02499999999999991,0.012499999999999956,0.03750000000000009,0.008333333333333304,0.03749999999999987,0.009166666666666545,0.005416666666666625
150,150,0.85,0.7777777777777778,0.8187426556991775,0.9563748531139835,-0.009166666666666656,-0.0025000000000000577,0.0008333333333334636,-0.0016666666666665941,-0.007499999999999951,1.1102230246251565e-16,0.004583333333333273,0.0004166666666666208,0.0004166666666666208,-0.005833333333333357,0.00374999999999992,-0.0012500000000000844,0.02375000000000005,-0.0012499999999999734,-0.009166666666666656,-0.007500000000000173,0.007916666666666683,0.0016666666666665941,-0.0029166666666665675,0.004166666666666763,0.021666666666666612,0.0,-0.006249999999999978,-0.004166666666666652,0.0050000000000000044,0.0,-0.0016666666666665941,0.0033333333333332993
151,151,0.8708333333333333,0.8187134502923976,0.8500293772032903,0.9466069330199764,-0.003750000000000031,-0.0008333333333333526,0.0016666666666667052,0.0012500000000000844,0.025416666666666754,0.0004166666666666208,0.012916666666666798,0.0004166666666666208,0.01416666666666666,0.004583333333333384,-0.0016666666666665941,-0.0008333333333333526,0.04208333333333325,0.0012499999999998623,0.0016666666666667052,-0.005833333333333246,0.0,0.01750000000000007,0.014583333333333393,0.004999999999999893,0.03833333333333322,-0.0008333333333333526,-0.0016666666666665941,-0.006250000000000089,-0.004166666666666652,-0.003750000000000031,0.005416666666666625,0.015416666666666634
152,152,0.9041666666666667,0.8715083798882681,0.8935076380728555,0.9519682726204465,-0.0008333333333333526,0.0029166666666665675,0.0008333333333333526,0.0012499999999999734,0.016249999999999987,0.012083333333333224,-0.003750000000000031,0.021250000000000102,0.04916666666666658,0.02083333333333348,0.009583333333333388,-0.0016666666666667052,0.0183333333333332,0.003749999999999809,0.014583333333333282,0.0050000000000000044,0.015833333333333366,0.0012499999999999734,0.015000000000000124,0.0245833333333334,0.0279166666666667,0.015416666666666745,-0.0004166666666667318,0.011249999999999982,-0.0016666666666667052,0.007499999999999951,0.022916666666666696,0.013333333333333197
153,153,0.875,0.8235294117647058,0.8534077555816686,0.9203143360752057,-0.012083333333333335,0.002083333333333215,0.00708333333333333,-0.006249999999999978,0.03833333333333344,-0.005416666666666514,0.008333333333333193,0.002083333333333215,-0.0004166666666666208,-0.00708333333333333,0.006666666666666599,0.006249999999999978,0.022916666666666585,-0.008749999999999813,-0.007916666666666572,-0.006666666666666599,0.0025000000000000577,0.0025000000000000577,0.009583333333333277,0.011249999999999871,0.040000000000000036,0.006249999999999978,0.002083333333333437,-0.009583333333333277,0.007916666666666572,0.00708333333333333,0.007916666666666572,0.012916666666666687
154,154,0.8791666666666667,0.8304093567251462,0.8588425381903643,0.9199471210340775,-0.020000000000000018,-0.00749999999999984,-0.007083333333333441,-0.006666666666666599,0.004166666666666652,-0.012499999999999956,-0.006250000000000089,0.014583333333333282,0.03208333333333335,0.0012499999999999734,-0.010833333333333361,0.006250000000000089,0.004999999999999893,-0.0024999999999999467,-0.008750000000000036,-0.004583333333333384,0.002083333333333215,0.0029166666666666785,0.008333333333333304,-0.016250000000000098,0.022499999999999964,-0.00749999999999984,-0.0029166666666666785,-0.005833333333333357,-0.014583333333333504,-0.01708333333333334,-0.011666666666666714,0.00666666666666671
155,155,0.8875,0.8457142857142858,0.8717685076380728,0.9707696827262046,-0.009583333333333499,0.0008333333333334636,-0.0025000000000000577,-0.003750000000000142,-0.007083333333333552,-0.015833333333333588,0.007916666666666572,0.0008333333333334636,0.015000000000000013,-0.010000000000000231,0.0012500000000000844,-0.0062500000000002,0.007916666666666683,-0.012083333333333446,-0.012083333333333446,-0.015000000000000124,0.0,-0.01083333333333325,0.005416666666666625,-0.011666666666666714,0.017916666666666692,-0.011249999999999982,-0.014583333333333393,-0.02083333333333348,0.013333333333333197,-0.0029166666666666785,-0.010833333333333472,-0.0004166666666667318
156,156,0.8666666666666667,0.813953488372093,0.8466509988249119,0.9052585193889542,-0.01791666666666658,-0.003750000000000031,0.00041666666666650976,-0.0025000000000001688,0.0804166666666668,-0.0004166666666667318,-0.0033333333333331883,-0.012916666666666687,-0.002083333333333326,0.03041666666666676,-0.006666666666666599,0.01416666666666666,0.023749999999999938,-0.00708333333333333,-0.0008333333333333526,-0.011249999999999982,-0.015416666666666634,0.004166666666666652,0.03416666666666679,0.0029166666666665675,0.11208333333333331,-0.007500000000000062,0.01416666666666666,0.006250000000000089,-0.009583333333333277,0.012916666666666687,0.0016666666666667052,0.01041666666666674
157,157,0.8583333333333333,0.7951807228915663,0.831668625146886,0.9024676850763809,0.00708333333333333,0.0024999999999999467,-0.003750000000000031,-0.0029166666666665675,-0.0029166666666667895,-0.0004166666666667318,0.005416666666666625,-0.0024999999999999467,0.0012499999999999734,0.0025000000000000577,-0.01375000000000004,0.011666666666666603,0.056666666666666754,-0.006250000000000089,-0.0008333333333333526,-0.01000000000000012,-0.004583333333333384,-0.005416666666666847,-0.010833333333333361,0.0004166666666667318,0.07041666666666668,0.007499999999999951,-0.0008333333333333526,0.0012499999999999734,0.0741666666666666,-0.0016666666666667052,0.008333333333333304,0.005416666666666736
158,158,0.8708333333333333,0.8121212121212121,0.8438601645123385,0.9231786133960046,-0.01083333333333325,0.0029166666666666785,0.005833333333333357,-0.006250000000000089,0.023333333333333428,-0.002083333333333437,0.005833333333333357,-0.006249999999999867,0.02416666666666667,-0.007916666666666572,-0.004999999999999893,-0.005833333333333246,0.032500000000000084,0.009583333333333277,-0.006250000000000089,-0.012499999999999845,0.004583333333333162,-0.00666666666666671,-0.0025000000000000577,0.015000000000000013,0.04500000000000004,-0.0024999999999999467,-0.007499999999999951,-0.00708333333333333,0.015416666666666634,0.005833333333333135,-0.0012499999999999734,0.005416666666666625
159,159,0.875,0.8235294117647058,0.8534077555816686,0.8617068155111632,-0.0029166666666666785,0.007499999999999951,0.004999999999999893,0.0033333333333332993,0.007499999999999951,0.01666666666666683,0.004999999999999893,-0.0025000000000000577,0.018750000000000044,0.00708333333333333,0.0029166666666666785,0.002083333333333215,0.06625000000000014,0.01083333333333325,0.0025000000000000577,0.0012499999999999734,-0.005833333333333357,0.008333333333333193,0.013749999999999929,0.009583333333333166,0.027083333333333348,0.0033333333333332993,0.0025000000000000577,0.00374999999999992,-0.0029166666666666785,0.00374999999999992,-0.0012499999999999734,0.004583333333333273
160,160,0.8583333333333333,0.7901234567901234,0.8275558166862514,0.9439629847238543,-0.007500000000000062,-0.007083333333333441,0.004583333333333273,0.008333333333333304,0.005833333333333246,0.006249999999999867,-0.009583333333333388,0.007083333333333219,0.007499999999999951,0.005833333333333246,0.0029166666666665675,-0.0024999999999999467,0.03750000000000009,0.00041666666666650976,-0.015416666666666745,-0.010833333333333361,-0.005416666666666625,0.0024999999999999467,0.007499999999999951,0.012499999999999845,0.04166666666666663,-0.0029166666666667895,-0.005416666666666847,-0.015833333333333255,0.014583333333333282,0.00666666666666671,0.011666666666666603,0.005416666666666625
161,161,0.8625,0.8,0.8350470035252644,0.8410693301997649,-0.007083333333333219,0.0008333333333333526,-0.0008333333333332416,0.0033333333333334103,-0.0016666666666667052,-0.0008333333333332416,-0.006249999999999978,0.003750000000000031,0.009583333333333388,0.0033333333333334103,-0.004583333333333162,-0.008333333333333304,0.022083333333333344,0.00666666666666671,0.016666666666666607,0.0025000000000000577,-0.008333333333333304,0.00708333333333333,0.005416666666666736,0.007499999999999951,0.03583333333333327,0.005416666666666736,0.012500000000000067,0.0004166666666667318,0.0016666666666668162,0.004166666666666652,0.01041666666666663,0.007083333333333552
162,162,0.8875,0.8491620111731844,0.8758813160987073,0.9128965922444183,0.007500000000000062,-0.004166666666666652,0.005833333333333357,0.016249999999999876,-0.0016666666666668162,0.03916666666666668,0.007916666666666572,-0.0016666666666668162,0.02083333333333337,0.007500000000000062,-0.002083333333333215,0.009166666666666656,0.015833333333333255,0.0,0.009999999999999898,0.02833333333333332,0.002083333333333326,-0.007083333333333552,0.002083333333333326,0.003750000000000142,0.1529166666666666,-0.005833333333333579,0.018749999999999933,0.015833333333333255,0.005416666666666625,-0.003750000000000142,0.013749999999999929,0.005833333333333357
163,163,0.8583333333333333,0.7926829268292683,0.8296122209165688,0.8989424206815511,0.0012499999999999734,0.003749999999999809,0.007916666666666683,0.0004166666666667318,0.00666666666666671,0.0033333333333331883,0.003749999999999809,0.007916666666666683,0.003749999999999809,0.007499999999999951,0.008749999999999925,0.005833333333333468,0.03249999999999997,0.002083333333333326,0.0008333333333333526,-0.0004166666666666208,0.012500000000000067,0.011249999999999982,0.010833333333333361,0.009166666666666767,0.03583333333333327,0.004583333333333273,-0.002083333333333326,0.0029166666666665675,-0.0012500000000000844,0.013333333333333308,0.0004166666666667318,0.006250000000000089
164,164,0.9041666666666667,0.8715083798882681,0.8935076380728555,0.9451380728554643,-0.020000000000000018,-0.0016666666666667052,0.0008333333333333526,-0.010416666666666519,0.07041666666666668,-0.002083333333333326,0.0066666666666664876,-0.0004166666666667318,0.03750000000000009,-0.003750000000000031,0.01041666666666663,-0.0033333333333332993,0.11125000000000007,0.018750000000000044,0.013333333333333197,0.0033333333333334103,-0.012916666666666576,0.0029166666666665675,0.00749999999999984,-0.0016666666666667052,0.004166666666666652,0.0008333333333333526,-0.006249999999999978,-0.00374999999999992,-0.0029166666666665675,0.0016666666666665941,0.00666666666666671,0.0004166666666667318
165,165,0.8416666666666667,0.7654320987654321,0.8099294947121034,0.9565217391304347,-0.0012500000000000844,0.005833333333333246,0.011249999999999982,-0.011666666666666603,0.02333333333333354,-0.00749999999999984,0.009583333333333166,-0.007916666666666683,0.015416666666666745,0.0066666666666664876,0.006250000000000089,-0.017083333333333228,0.037083333333333246,-0.0024999999999999467,-0.0033333333333332993,-0.018750000000000155,-0.0024999999999999467,-0.0016666666666667052,0.003750000000000031,0.0004166666666667318,0.029583333333333295,-0.012083333333333335,-0.017083333333333228,-0.019166666666666776,0.012083333333333446,0.0029166666666665675,0.012500000000000067,0.008333333333333304
166,166,0.85,0.7777777777777778,0.8187426556991775,0.9341950646298472,-0.012083333333333335,0.0025000000000000577,-0.0025000000000000577,0.012916666666666576,0.006666666666666599,0.0029166666666666785,0.017916666666666692,0.004583333333333384,0.009999999999999898,0.008750000000000036,0.009583333333333277,-0.0050000000000001155,0.030000000000000027,-0.0025000000000000577,-0.004583333333333273,-0.010833333333333472,0.018749999999999933,0.007083333333333219,-0.002083333333333215,0.005416666666666736,0.03249999999999986,-0.0033333333333332993,-0.0004166666666666208,0.00374999999999992,0.017916666666666692,0.005416666666666736,0.004583333333333273,0.011666666666666492
167,167,0.875,0.8192771084337349,0.849294947121034,0.9377937720329025,-0.006249999999999978,0.0004166666666666208,0.0012499999999999734,0.004166666666666652,0.004583333333333384,-0.0016666666666665941,0.0033333333333332993,0.008333333333333193,0.0033333333333332993,0.010000000000000009,-0.0033333333333332993,-0.0029166666666666785,0.023333333333333428,0.0,0.002083333333333215,-0.004999999999999893,-0.006249999999999978,0.0279166666666667,0.0029166666666666785,0.005833333333333357,0.03583333333333327,0.0008333333333332416,0.0008333333333332416,-0.010000000000000009,-0.005416666666666514,-0.007916666666666572,0.01750000000000007,0.0025000000000000577
168,168,0.8791666666666667,0.8284023668639053,0.8567861339600471,0.9659958871915393,0.0033333333333334103,0.005416666666666625,0.0033333333333334103,0.005416666666666625,0.03166666666666673,0.016666666666666607,0.009166666666666545,0.015000000000000124,0.009166666666666767,0.015416666666666745,0.013333333333333308,0.005416666666666625,0.03416666666666668,0.007916666666666572,0.0025000000000000577,0.0008333333333333526,0.02666666666666684,0.009166666666666767,0.014999999999999902,0.009166666666666545,0.04249999999999998,0.005833333333333357,0.008333333333333304,0.010000000000000009,0.025833333333333375,0.019583333333333286,0.016249999999999987,0.028750000000000053
169,169,0.8791666666666667,0.8263473053892215,0.8547297297297297,0.9651145710928319,-0.008333333333333193,-0.0024999999999999467,-0.0012499999999998623,-0.006249999999999978,0.013749999999999929,-0.004583333333333162,-0.005833333333333357,0.0183333333333332,0.022499999999999964,0.0004166666666667318,0.02416666666666678,-0.0033333333333332993,0.025000000000000022,-0.0024999999999999467,-0.015833333333333477,-0.019583333333333397,0.03624999999999989,0.01083333333333325,-0.0033333333333332993,-0.0033333333333332993,0.025000000000000022,-0.012916666666666798,-0.015833333333333255,-0.01083333333333325,-0.007500000000000062,0.009166666666666767,-0.008750000000000036,0.022083333333333344
170,170,0.8791666666666667,0.8342857142857143,0.8629553466509988,0.9495446533490012,-0.002083333333333326,0.002083333333333437,-0.0033333333333332993,0.00666666666666671,0.03166666666666673,-0.0004166666666667318,0.0004166666666667318,0.0025000000000000577,0.011666666666666603,0.0,0.0016666666666665941,0.004999999999999893,0.046666666666666745,0.003750000000000031,-0.00374999999999992,-0.013749999999999929,-0.008333333333333304,-0.0008333333333334636,0.0016666666666665941,-0.0012500000000000844,0.0033333333333334103,-0.0004166666666666208,-0.006666666666666599,-0.0033333333333332993,-0.007083333333333219,0.005416666666666625,0.012499999999999845,0.008749999999999925
171,171,0.8666666666666667,0.8117647058823529,0.8445945945945945,0.8910840188014101,-0.012916666666666576,0.0033333333333331883,0.0012499999999999734,0.0004166666666667318,0.01791666666666658,-0.0029166666666667895,0.0050000000000000044,-0.0029166666666665675,0.004166666666666652,-0.010000000000000009,0.0016666666666664831,-0.006250000000000089,0.036250000000000004,0.0012499999999999734,-0.0008333333333333526,-0.00708333333333333,0.007500000000000062,0.010833333333333472,0.014166666666666883,0.0033333333333334103,0.025833333333333375,-0.002083333333333326,1.1102230246251565e-16,-0.0012499999999999734,-0.00708333333333333,0.00041666666666650976,-0.0008333333333333526,0.008749999999999925
172,172,0.8833333333333333,0.8390804597701149,0.8663337250293772,0.9446606933019976,-0.00041666666666650976,-0.0008333333333332416,0.006249999999999867,0.0025000000000001688,0.003750000000000031,0.0012499999999999734,0.0008333333333332416,0.003750000000000031,0.026666666666666616,0.004166666666666652,0.004583333333333384,0.015833333333333255,0.01416666666666666,0.004166666666666652,-0.008750000000000147,-0.008749999999999925,-0.002083333333333326,0.0050000000000000044,0.02124999999999999,-0.002083333333333326,0.03124999999999989,-0.011249999999999982,0.0012499999999999734,-0.007916666666666683,-0.0024999999999999467,1.1102230246251565e-16,0.0004166666666667318,0.0033333333333331883
173,173,0.8375,0.7577639751552795,0.8044947121034077,0.9543918918918919,-0.009583333333333277,-0.0016666666666667052,-0.01333333333333342,-0.00374999999999992,-0.009583333333333277,-0.0025000000000000577,0.0016666666666665941,-0.007083333333333219,-0.009166666666666656,-0.01041666666666674,-0.0029166666666666785,-0.005416666666666736,-0.0024999999999998357,-0.013333333333333308,-0.012916666666666576,-0.01416666666666655,-0.008333333333333415,0.00708333333333333,0.004583333333333273,-0.0050000000000000044,-0.0033333333333332993,-0.01000000000000012,-0.027083333333333348,-0.018333333333333313,-0.0008333333333332416,-0.0008333333333334636,0.010416666666666852,-0.013333333333333308
174,174,0.875,0.8235294117647058,0.8534077555816686,0.9719447708578144,-0.0012499999999999734,-0.004166666666666652,-0.004166666666666652,-0.0025000000000000577,0.016666666666666607,-0.010833333333333472,0.006249999999999867,0.00374999999999992,0.009166666666666656,-0.009166666666666656,0.008750000000000036,0.0008333333333332416,0.012499999999999956,-0.019583333333333508,-0.012916666666666687,-0.009583333333333277,0.006249999999999978,-0.009166666666666656,0.005833333333333135,-0.008750000000000036,0.0025000000000000577,-0.005416666666666514,-0.019583333333333508,-0.008333333333333193,-0.004166666666666652,-0.005833333333333135,-0.023333333333333428,-0.00708333333333333
175,175,0.8125,0.7096774193548387,0.7718860164512338,0.9563748531139835,-0.013749999999999929,-0.009583333333333277,-0.0004166666666666208,-0.0016666666666665941,-0.01041666666666663,-0.006249999999999978,-0.006666666666666599,-0.015833333333333366,-0.004166666666666652,-0.009166666666666545,0.0033333333333332993,-0.013749999999999929,0.005416666666666736,-0.006249999999999978,-0.018750000000000044,-0.01333333333333342,-0.009583333333333166,-0.0012500000000000844,0.0012499999999999734,-0.0004166666666666208,-0.0025000000000000577,-0.0016666666666667052,-0.02000000000000013,-0.013749999999999929,0.0016666666666665941,0.0012499999999999734,0.0029166666666666785,0.006249999999999978
176,176,0.875,0.8255813953488372,0.8554641598119859,0.8844741480611046,0.0008333333333332416,0.0,-0.0004166666666666208,0.0008333333333332416,0.09666666666666668,-0.0029166666666666785,0.018333333333333313,0.013333333333333308,0.010833333333333472,0.03916666666666657,-0.012499999999999956,0.018750000000000044,0.11791666666666667,0.0245833333333334,0.0050000000000001155,0.04500000000000015,-0.0004166666666666208,0.012499999999999956,-0.004166666666666763,0.015833333333333477,0.11791666666666667,0.004999999999999893,0.03624999999999989,0.0,-0.004166666666666652,0.02083333333333337,0.02124999999999999,0.03083333333333338
177,177,0.8875,0.847457627118644,0.8738249118683901,0.930596357226792,-0.018333333333333424,-0.006666666666666821,-0.007083333333333552,-0.008750000000000258,0.05874999999999997,-0.010416666666666852,-0.0050000000000003375,0.0008333333333334636,0.009583333333333277,-0.005416666666666736,-0.0033333333333334103,-0.0012500000000001954,0.006249999999999978,-0.0029166666666666785,-0.009583333333333499,-0.004166666666666652,-0.022499999999999964,0.007500000000000062,-0.0004166666666667318,0.012083333333333335,0.03833333333333322,-0.004583333333333495,-0.004166666666666874,-0.011249999999999982,0.026666666666666505,0.0012500000000000844,0.008333333333333304,-0.005416666666666736
178,178,0.8833333333333333,0.8372093023255814,0.86427732079906,0.8740452408930671,-0.004583333333333384,-0.0012499999999999734,-0.0008333333333332416,-0.0033333333333334103,0.08958333333333335,0.047499999999999876,0.01041666666666674,0.00666666666666671,0.030833333333333268,0.002083333333333326,0.011249999999999982,0.01749999999999996,0.11291666666666655,0.022916666666666696,0.023749999999999938,0.018749999999999933,0.06541666666666657,0.009166666666666767,0.016249999999999876,0.012499999999999956,0.13541666666666652,-0.005416666666666847,0.02499999999999991,0.016666666666666496,-0.008333333333333526,-0.00041666666666650976,0.02749999999999997,0.004166666666666652
179,179,0.8833333333333333,0.8390804597701149,0.8663337250293772,0.9505728554641598,-0.012916666666666687,-0.0016666666666667052,-0.0024999999999999467,0.0008333333333333526,0.019166666666666554,-0.004583333333333384,0.0016666666666667052,-0.0033333333333334103,0.008333333333333304,0.009166666666666545,-0.002083333333333326,-0.002083333333333326,0.023333333333333317,0.01375000000000004,-0.009583333333333388,-0.0050000000000001155,0.0029166666666667895,-0.012083333333333446,-0.0012499999999998623,0.009999999999999898,0.011666666666666603,-0.0004166666666667318,-0.0012499999999998623,-0.003750000000000031,0.01791666666666658,0.005833333333333246,-0.0016666666666667052,0.005416666666666625
180,180,0.875,0.8214285714285714,0.8513513513513513,0.9604142185663924,-0.0025000000000000577,0.0012499999999999734,-0.005833333333333357,-0.007916666666666572,0.00374999999999992,-0.014583333333333393,0.002083333333333437,0.006249999999999978,0.004999999999999893,0.00708333333333333,0.004166666666666652,0.015000000000000013,0.025833333333333264,-0.011249999999999871,-0.008750000000000036,-0.00708333333333333,-0.013749999999999929,0.012083333333333335,0.010000000000000009,0.012499999999999956,0.03875000000000006,-0.012500000000000178,-0.005833333333333357,-0.01041666666666663,0.008749999999999813,0.006249999999999978,0.0008333333333332416,0.0004166666666666208
181,181,0.8708333333333333,0.8143712574850299,0.8459165687426558,0.8577408930669801,0.025000000000000133,0.006666666666666599,0.002083333333333326,0.005416666666666625,0.01708333333333334,0.01041666666666674,0.002083333333333326,0.004166666666666541,0.0691666666666666,0.053750000000000075,0.017500000000000182,0.039583333333333304,0.10083333333333333,0.010833333333333361,0.021250000000000213,0.0029166666666667895,0.0050000000000000044,0.026666666666666727,0.02375000000000005,0.0029166666666666785,0.18833333333333346,0.047083333333333255,0.022499999999999964,0.004583333333333384,0.0004166666666667318,0.018333333333333535,0.0029166666666666785,0.012500000000000178
182,182,0.8666666666666667,0.8072289156626506,0.8404817861339601,0.9476351351351351,-0.0033333333333331883,0.0024999999999999467,0.002083333333333437,-0.002083333333333326,0.02083333333333326,0.0050000000000001155,0.005833333333333246,-0.0012499999999999734,0.030000000000000027,0.0050000000000000044,0.005833333333333468,0.007500000000000062,0.021666666666666723,0.002083333333333326,-0.01375000000000004,-0.019583333333333397,0.03541666666666665,0.007916666666666683,0.00708333333333333,0.01666666666666683,0.030000000000000138,-0.004166666666666541,-0.012499999999999956,-0.0050000000000000044,0.0016666666666667052,0.01041666666666674,-0.0004166666666667318,0.003750000000000031
183,183,0.8458333333333333,0.7701863354037267,0.8133078730904818,0.9584312573443009,-0.011249999999999982,-0.0008333333333333526,0.009583333333333277,0.006249999999999978,0.005416666666666625,0.0012500000000000844,-0.007499999999999951,-0.0029166666666665675,0.008333333333333304,-0.005833333333333246,0.009999999999999898,-0.004583333333333273,0.026249999999999996,-0.011666666666666603,-0.014999999999999902,-0.01708333333333334,0.02124999999999999,0.0024999999999999467,-0.019166666666666554,0.011249999999999871,0.029166666666666674,-0.004583333333333273,-0.01708333333333334,-0.019583333333333397,-0.0016666666666665941,0.00374999999999992,-0.022083333333333344,0.009166666666666656
184,184,0.8583333333333333,0.7926829268292683,0.8296122209165688,0.9605611045828437,-0.012083333333333446,-0.004166666666666763,-0.007500000000000062,0.0050000000000001155,0.005416666666666736,0.008333333333333304,0.0016666666666665941,0.005833333333333468,0.011249999999999982,0.004583333333333273,-0.0033333333333334103,-1.1102230246251565e-16,0.010833333333333361,-0.005833333333333468,-0.015833333333333477,-0.007916666666666683,0.022083333333333233,0.0012499999999999734,-0.0016666666666667052,-0.0004166666666667318,0.01791666666666658,-0.004166666666666763,-0.012500000000000067,-0.009166666666666767,0.0066666666666664876,0.009166666666666767,0.01375000000000004,-0.0029166666666667895
185,185,0.875,0.8235294117647058,0.8534077555816686,0.9045975323149237,-0.013750000000000151,0.004583333333333273,-0.002083333333333437,0.0008333333333332416,0.006666666666666599,0.0029166666666666785,-0.007916666666666572,0.005833333333333357,0.011666666666666492,-0.008333333333333193,-0.004166666666666652,0.0245833333333334,0.0245833333333334,0.00708333333333333,-0.0008333333333332416,-0.0025000000000000577,0.007499999999999951,0.006666666666666599,0.021666666666666834,-0.0029166666666666785,0.032916666666666594,0.0008333333333332416,-0.00374999999999992,0.014166666666666772,-0.007916666666666794,0.0066666666666664876,-0.00374999999999992,-0.006249999999999978
186,186,0.8916666666666667,0.8505747126436781,0.8751468860164513,0.9651145710928319,-0.008749999999999925,0.0033333333333334103,0.007083333333333441,-0.0012500000000001954,0.011666666666666603,-0.0029166666666665675,-0.0012499999999999734,-0.0008333333333331305,0.035833333333333384,0.0033333333333334103,0.004166666666666763,0.012916666666666798,0.022499999999999853,-0.004166666666666652,-0.0016666666666665941,-0.02041666666666664,0.014583333333333504,0.004583333333333384,-0.004166666666666652,0.007916666666666683,0.05208333333333337,-0.010000000000000009,-0.015833333333333255,-0.008749999999999925,0.009166666666666767,0.0029166666666665675,0.0012500000000000844,0.00666666666666671
187,187,0.8583333333333333,0.7926829268292683,0.8296122209165688,0.9623237367802585,-0.010833333333333361,-0.004583333333333384,0.004166666666666541,-1.1102230246251565e-16,0.022916666666666696,-0.008750000000000147,0.0004166666666667318,0.003750000000000031,0.0050000000000000044,0.0050000000000000044,0.003750000000000031,-0.01708333333333334,0.017083333333333117,0.0024999999999999467,-0.021666666666666612,0.0016666666666665941,-0.009166666666666767,-0.005833333333333468,-0.006250000000000089,-0.0004166666666666208,0.032916666666666594,0.0016666666666665941,-0.01333333333333342,-0.01041666666666674,0.016249999999999987,-0.0012500000000000844,-0.0004166666666667318,0.0050000000000000044
188,188,0.8791666666666667,0.8304093567251462,0.8588425381903643,0.9703290246768508,0.0004166666666667318,0.0008333333333333526,0.0012499999999999734,0.0,0.02041666666666664,0.008749999999999925,0.007499999999999951,-0.004166666666666541,0.013333333333333308,0.0,-0.004166666666666541,-0.0050000000000000044,0.021250000000000102,0.0004166666666667318,-0.0008333333333332416,0.0016666666666665941,-0.005833333333333135,-0.0033333333333332993,-0.0033333333333332993,-0.005833333333333357,0.01708333333333334,-0.0024999999999999467,-0.0016666666666664831,-0.0016666666666667052,0.015416666666666745,-0.0024999999999999467,0.009166666666666545,0.013749999999999929
189,189,0.8958333333333334,0.8554913294797688,0.8785252643948296,0.9058460634547592,0.0004166666666666208,0.005833333333333357,0.0050000000000000044,0.004583333333333384,0.008750000000000147,0.010833333333333361,0.007083333333333219,0.0033333333333332993,0.036250000000000004,0.011666666666666825,0.010833333333333584,0.021666666666666612,0.029166666666666785,0.012916666666666576,0.007083333333333441,0.006666666666666821,0.01750000000000007,0.007083333333333441,0.015000000000000013,0.007916666666666683,0.030416666666666647,0.009583333333333499,0.012083333333333335,0.009166666666666656,0.007083333333333441,0.009583333333333277,0.015833333333333477,0.017916666666666692
190,190,0.8625,0.8047337278106509,0.839159811985899,0.9373531139835487,-0.005833333333333357,-0.006249999999999978,0.0008333333333333526,0.0,0.00666666666666671,-0.0012499999999998623,-0.0024999999999999467,0.0016666666666665941,0.05208333333333348,-0.0012500000000000844,0.0,0.0004166666666667318,0.0029166666666666785,-0.009166666666666656,-0.004583333333333384,-0.008750000000000036,0.004166666666666652,-0.0004166666666667318,0.0016666666666668162,-0.006249999999999978,0.021250000000000102,-0.0033333333333332993,-0.006249999999999978,-0.004583333333333384,0.013750000000000151,0.0008333333333333526,-0.004583333333333162,-0.0012499999999998623
191,191,0.875,0.8275862068965517,0.8575205640423031,0.9582109283196241,-0.009583333333333499,-0.0016666666666665941,-0.005416666666666736,0.0004166666666666208,0.028749999999999942,-0.0029166666666666785,-0.007916666666666794,-0.022916666666666585,0.017916666666666692,-0.00708333333333333,-0.012916666666666798,-0.015833333333333477,0.060833333333333295,-0.004583333333333273,-0.011666666666666714,-0.01041666666666674,0.0012499999999999734,-0.010000000000000009,-0.0029166666666666785,-0.0008333333333332416,0.009166666666666656,-0.0033333333333332993,-0.005833333333333357,-0.007916666666666572,-0.0008333333333332416,-0.002083333333333437,0.007499999999999951,0.005416666666666514
192,192,0.8333333333333334,0.7468354430379747,0.7970035252643948,0.9523354876615746,-0.0008333333333334636,0.0025000000000000577,0.005416666666666736,0.002083333333333326,0.0016666666666667052,0.004583333333333384,0.0050000000000000044,0.0008333333333334636,-0.0029166666666666785,0.0,-0.006249999999999978,0.012083333333333335,0.023333333333333428,-0.0033333333333332993,0.0012500000000000844,-0.0029166666666665675,0.0016666666666667052,0.01041666666666674,-0.004583333333333495,0.005833333333333357,0.03874999999999995,-0.0029166666666665675,-0.0029166666666665675,-0.009166666666666545,0.007500000000000062,0.004166666666666763,0.01000000000000012,0.0033333333333332993
193,193,0.9041666666666667,0.8729281767955801,0.8955640423031728,0.936912455934195,-0.012499999999999956,0.0016666666666665941,0.0008333333333333526,-0.004166666666666763,0.07041666666666668,0.015833333333333366,-0.0008333333333333526,0.021666666666666612,0.08458333333333334,0.0008333333333333526,0.004166666666666652,0.002083333333333326,0.12541666666666662,0.0008333333333333526,0.03791666666666671,0.006249999999999867,-0.013333333333333197,0.010416666666666519,-0.0033333333333332993,0.0029166666666665675,0.01708333333333334,0.025416666666666754,-0.0016666666666664831,0.01041666666666663,-0.00374999999999992,0.012500000000000067,0.015416666666666745,0.00749999999999984
194,194,0.8875,0.8457142857142858,0.8717685076380728,0.8923325499412456,0.03208333333333324,0.0012499999999998623,0.0016666666666664831,0.007916666666666683,0.0029166666666667895,0.042916666666666714,0.0050000000000000044,-0.00708333333333333,0.039583333333333304,0.0050000000000000044,0.011666666666666714,0.016249999999999876,0.07958333333333334,0.03125,0.0016666666666667052,0.0050000000000000044,-0.003750000000000142,0.02124999999999977,0.013333333333333197,0.009583333333333277,0.18041666666666667,0.007083333333333219,0.002083333333333326,0.053749999999999964,0.015833333333333144,0.010833333333333361,0.043749999999999956,0.02749999999999997
195,195,0.8541666666666666,0.782608695652174,0.8221210340775558,0.8747062279670975,0.0016666666666668162,0.0,0.0029166666666666785,-0.008750000000000147,0.0050000000000001155,0.0004166666666666208,0.0016666666666668162,-0.0012499999999998623,0.0029166666666665675,-0.006666666666666821,-0.0004166666666668428,-0.006249999999999978,0.029999999999999916,0.0012500000000000844,0.004999999999999893,0.003750000000000031,0.0008333333333333526,0.012083333333333224,-0.0033333333333332993,0.01041666666666663,0.03791666666666649,0.0033333333333332993,0.0,-0.0033333333333332993,0.006249999999999867,0.006249999999999978,0.0008333333333333526,0.007499999999999951
196,196,0.8833333333333333,0.8352941176470589,0.8622209165687427,0.8697855464159812,-0.0033333333333334103,1.1102230246251565e-16,-0.0033333333333334103,0.0033333333333331883,0.009166666666666545,-0.006666666666666599,0.02083333333333326,0.025416666666666754,0.0004166666666667318,0.021666666666666612,0.01708333333333334,0.0004166666666667318,0.04458333333333342,0.029166666666666563,-0.0024999999999999467,0.04833333333333312,1.1102230246251565e-16,0.023749999999999938,0.01791666666666658,0.025833333333333375,0.14249999999999996,0.006249999999999867,-0.0024999999999999467,0.012916666666666576,-0.011250000000000204,0.030000000000000027,0.009999999999999898,-0.0012499999999999734
197,197,0.8875,0.8439306358381503,0.8697121034077555,0.9478554641598119,-0.0025000000000000577,0.007500000000000062,-0.005416666666666958,-0.005416666666666736,0.047499999999999876,-0.008750000000000036,0.005833333333333357,-0.002083333333333437,0.007083333333333219,-0.005416666666666736,-0.0050000000000001155,-0.004999999999999893,0.018333333333333313,0.0008333333333332416,-0.0004166666666667318,-0.013333333333333308,0.028749999999999942,0.0008333333333332416,0.007083333333333441,0.004999999999999893,0.03416666666666668,-0.008750000000000036,-0.007500000000000173,-0.011250000000000093,0.01708333333333334,-0.0008333333333333526,0.008750000000000036,0.009999999999999898
198,198,0.8916666666666667,0.8539325842696629,0.8792596944770859,0.8982814336075207,-0.0008333333333333526,-0.0033333333333334103,0.002083333333333548,-0.0029166666666667895,0.12208333333333332,0.003750000000000031,-0.00708333333333333,-0.0008333333333331305,0.0508333333333334,0.0050000000000000044,0.025416666666666754,0.037083333333333246,0.08500000000000008,0.054166666666666696,-0.0004166666666667318,0.019166666666666776,-0.011249999999999982,-0.0008333333333333526,0.011666666666666603,0.026666666666666727,0.17541666666666667,0.004166666666666763,0.019583333333333175,0.029166666666666674,0.029583333333333406,0.012083333333333335,0.008333333333333526,0.029166666666666674
199,199,0.8458333333333333,0.783625730994152,0.8235898942420682,0.8827849588719154,-0.0033333333333334103,-0.010000000000000009,-1.1102230246251565e-16,-0.009583333333333166,0.03583333333333316,0.026666666666666727,0.016666666666666496,-0.01666666666666672,0.007500000000000062,0.019583333333333175,0.007500000000000062,-0.0050000000000000044,0.14916666666666667,-0.003750000000000031,-0.003750000000000031,0.032500000000000084,-0.008749999999999925,0.015833333333333255,0.021250000000000102,0.01666666666666672,0.17166666666666675,-0.00041666666666650976,0.030833333333333268,0.007083333333333441,-0.014583333333333282,-0.012916666666666687,0.02083333333333337,-0.002083333333333326
200,200,0.8833333333333333,0.8352941176470589,0.8622209165687427,0.9446239717978848,0.00708333333333333,0.0025000000000001688,0.0012499999999999734,0.012083333333333224,0.018333333333333313,0.004166666666666652,0.005416666666666625,0.01416666666666666,0.01333333333333342,0.004166666666666652,-0.0012499999999999734,0.020000000000000018,0.030000000000000027,-0.0008333333333332416,0.0012499999999999734,1.1102230246251565e-16,0.02499999999999991,0.0016666666666667052,0.012499999999999956,0.008749999999999925,0.03125000000000011,-0.01333333333333342,0.0012499999999999734,-0.003750000000000031,0.03083333333333349,0.01083333333333314,0.008333333333333304,0.007916666666666683
201,201,0.8583333333333333,0.7976190476190477,0.8337250293772033,0.9437426556991774,-0.016250000000000098,-0.008750000000000147,-0.0033333333333332993,-0.003750000000000031,-0.01000000000000012,-0.0029166666666667895,-0.007500000000000173,-0.0008333333333333526,0.0024999999999999467,-0.003750000000000031,1.1102230246251565e-16,0.0004166666666667318,0.047499999999999876,-0.002083333333333326,-0.007083333333333441,-0.01375000000000004,-0.0050000000000000044,-0.007500000000000062,-0.00666666666666671,0.0004166666666667318,-0.0008333333333333526,-0.0050000000000002265,-1.1102230246251565e-16,-0.0033333333333334103,0.004166666666666541,0.008749999999999925,-0.01000000000000012,-0.012500000000000067
202,202,0.825,0.7307692307692307,0.7861339600470035,0.9654817861339601,-0.011250000000000093,0.002083333333333326,0.0004166666666666208,0.0025000000000001688,0.0033333333333334103,-0.0029166666666666785,0.005416666666666625,0.015416666666666634,0.0012499999999998623,0.018333333333333313,0.008750000000000036,-0.012500000000000067,0.009999999999999898,-0.0008333333333333526,-0.01708333333333334,-0.007500000000000173,0.022916666666666696,0.015000000000000013,-0.0029166666666666785,0.011249999999999982,0.011666666666666714,-0.01708333333333334,-0.015000000000000124,-0.008333333333333415,-0.011666666666666714,0.004166666666666541,0.0012500000000000844,0.011249999999999982
203,203,0.875,0.8275862068965517,0.8575205640423031,0.9408049353701529,-0.015000000000000235,-0.008750000000000036,-0.0012500000000000844,-0.01333333333333342,0.004583333333333384,0.0,-0.0016666666666667052,0.006666666666666599,0.04791666666666661,0.005416666666666736,-0.0008333333333332416,0.0029166666666666785,0.016249999999999987,-0.007499999999999951,-0.007499999999999951,-0.01458333333333317,-0.014583333333333393,-0.0033333333333332993,-0.0024999999999998357,0.006666666666666599,0.028750000000000164,0.009583333333333277,-0.015416666666666856,-0.016250000000000098,-0.0016666666666665941,0.0004166666666666208,0.012083333333333335,-0.0012499999999999734
204,204,0.8875,0.847457627118644,0.8738249118683901,0.8991627497062279,0.008750000000000036,0.0004166666666666208,0.004583333333333162,0.005833333333333357,0.12458333333333338,-0.0008333333333333526,0.0024999999999999467,0.01083333333333325,-0.0008333333333333526,0.0,0.03166666666666662,0.009166666666666656,0.19541666666666668,-0.004583333333333495,0.03208333333333324,0.030833333333333268,0.007916666666666683,0.03166666666666662,0.018749999999999933,0.004999999999999893,0.006249999999999978,0.002083333333333326,0.02124999999999977,0.026250000000000107,0.0024999999999999467,0.012499999999999956,0.016249999999999876,0.007500000000000062
205,205,0.8875,0.8421052631578947,0.8676556991774383,0.8744858989424207,0.005833333333333357,0.0024999999999999467,0.005833333333333357,0.008750000000000036,0.025833333333333264,0.01416666666666655,0.020416666666666528,0.0029166666666666785,0.021666666666666612,0.006249999999999978,0.007916666666666572,0.009166666666666656,0.11791666666666667,0.013749999999999929,0.012916666666666576,0.005416666666666625,0.0050000000000000044,0.015833333333333255,0.016249999999999876,0.012499999999999956,0.1070833333333332,0.008333333333333304,0.033333333333333326,0.033333333333333326,-0.0016666666666665941,0.020416666666666528,0.026249999999999885,0.03583333333333316
206,206,0.85,0.7804878048780488,0.8207990599294948,0.9658490011750881,0.002083333333333326,0.0004166666666666208,0.0033333333333332993,0.0004166666666668428,0.013333333333333308,-0.0012499999999999734,0.005416666666666736,-0.0029166666666665675,0.015833333333333255,0.004583333333333273,0.0012500000000000844,-0.0004166666666666208,-0.0029166666666666785,0.0033333333333332993,-0.003750000000000031,0.0016666666666665941,0.01083333333333325,-0.0012499999999999734,0.0029166666666666785,0.019583333333333286,0.009166666666666656,0.004583333333333273,-0.003750000000000031,-0.008333333333333193,0.002083333333333326,0.007499999999999951,0.0004166666666666208,-0.002083333333333437
207,207,0.9,0.8651685393258427,0.8880728554641598,0.9489571092831962,-0.005416666666666736,-0.0016666666666667052,-0.00374999999999992,-0.0004166666666666208,0.012500000000000067,-0.005833333333333357,-0.012499999999999845,-0.005833333333333357,0.02375000000000005,0.012916666666666687,-0.002083333333333326,0.008750000000000036,0.0279166666666667,-0.007916666666666683,-0.005833333333333357,-0.0008333333333334636,-0.008750000000000036,0.006249999999999867,0.009166666666666656,0.004583333333333273,0.018333333333333424,-0.006666666666666599,-0.008333333333333193,-0.008750000000000036,0.019583333333333508,0.0008333333333333526,0.004166666666666652,0.0066666666666664876
208,208,0.8916666666666667,0.8505747126436781,0.8751468860164513,0.9062132784958872,0.026666666666666727,0.002083333333333548,0.004583333333333384,-1.1102230246251565e-16,0.019583333333333397,0.008333333333333526,-0.006250000000000089,0.04000000000000015,0.025833333333333375,0.04125000000000012,-1.1102230246251565e-16,0.05583333333333329,0.13083333333333347,0.005416666666666847,0.05958333333333343,0.0050000000000000044,-0.0012500000000001954,-0.0012500000000001954,0.019583333333333397,-0.002083333333333437,0.14833333333333332,0.040416666666666656,-0.004583333333333273,0.01041666666666674,0.007083333333333552,0.015416666666666634,0.028750000000000053,0.014583333333333504
209,209,0.8333333333333334,0.7435897435897436,0.7949471210340775,0.964527027027027,-0.004999999999999893,0.0,0.002083333333333326,0.0,0.0016666666666665941,0.004166666666666541,0.0016666666666667052,0.0008333333333332416,0.0025000000000000577,0.008333333333333415,-0.00666666666666671,0.002083333333333326,0.0279166666666667,-0.0012499999999999734,-0.0033333333333331883,-0.004999999999999893,-0.00666666666666671,0.01333333333333342,0.0029166666666667895,0.0050000000000000044,0.03375000000000006,0.0033333333333332993,-0.004999999999999893,-0.0024999999999998357,0.028750000000000164,-0.003750000000000031,0.00374999999999992,0.004166666666666763
210,210,0.8833333333333333,0.8333333333333334,0.8601645123384254,0.9161280846063454,-0.0016666666666667052,-0.0008333333333333526,0.019166666666666776,0.002083333333333326,0.009166666666666545,0.016666666666666496,0.013333333333333197,0.018333333333333424,0.10375000000000001,0.010833333333333361,-0.0024999999999999467,0.009166666666666545,0.04833333333333334,0.007916666666666683,-0.005833333333333246,0.01749999999999985,-1.1102230246251565e-16,0.008749999999999925,0.009166666666666545,0.026249999999999996,0.05833333333333335,-0.0016666666666667052,-0.005833333333333246,0.0029166666666665675,0.016666666666666496,0.011249999999999982,0.00708333333333333,0.019583333333333397
211,211,0.825,0.7375,0.790246768507638,0.9552732079905992,-0.007083333333333552,-0.0024999999999999467,-0.004166666666666874,-0.0008333333333333526,-0.002083333333333437,-0.0016666666666665941,0.004583333333333384,-0.008333333333333415,0.0024999999999998357,-0.003750000000000142,0.007083333333333441,0.007916666666666683,0.0008333333333334636,-0.005416666666666736,-0.0033333333333334103,-0.03333333333333344,-0.004166666666666652,0.0,0.0016666666666667052,0.003750000000000142,0.0008333333333334636,-0.0245833333333334,-0.015833333333333366,-0.0245833333333334,0.012083333333333335,-0.004166666666666874,0.0050000000000000044,-0.00708333333333333
212,212,0.9,0.8636363636363636,0.8860164512338425,0.9532902467685076,0.0004166666666666208,0.0008333333333333526,0.0033333333333331883,0.0,0.013749999999999929,0.013333333333333308,0.002083333333333215,0.015000000000000013,0.014583333333333393,-0.0004166666666668428,0.004999999999999893,0.008333333333333415,0.030000000000000138,0.003749999999999809,-0.005416666666666736,0.0024999999999998357,0.01083333333333325,0.01083333333333325,0.015416666666666745,0.007499999999999951,0.009999999999999787,-0.005416666666666514,0.008333333333333415,-0.004166666666666541,0.013750000000000151,0.01083333333333325,0.007499999999999729,0.002083333333333215
213,213,0.8875,0.8421052631578947,0.8676556991774383,0.9228113983548767,-0.00708333333333333,-0.0004166666666667318,0.0029166666666666785,0.004583333333333384,0.03708333333333336,0.0029166666666667895,-0.009583333333333499,0.004166666666666763,0.004583333333333384,0.00749999999999984,0.01083333333333325,0.0008333333333332416,0.020000000000000018,-0.002083333333333437,0.0008333333333332416,0.005416666666666625,-0.0025000000000000577,-0.007500000000000173,0.009583333333333277,-0.007083333333333552,0.012083333333333113,0.0012500000000000844,-0.004166666666666652,-0.005833333333333579,0.017916666666666692,0.004583333333333384,-0.0008333333333333526,0.015000000000000013
214,214,0.8791666666666667,0.8323699421965318,0.8608989424206815,0.9648207990599296,-0.012916666666666798,-0.0004166666666666208,-0.0029166666666666785,0.0024999999999999467,0.025000000000000022,0.00666666666666671,0.011249999999999982,-0.007083333333333219,0.02041666666666664,-0.009166666666666767,-0.0008333333333332416,0.013749999999999929,0.0279166666666667,-0.007083333333333219,-0.006249999999999978,-0.015416666666666856,0.023333333333333428,-0.01000000000000012,-0.019583333333333397,-0.01041666666666674,0.020000000000000018,-0.011249999999999982,-0.0029166666666666785,0.0,0.015416666666666523,-0.010833333333333584,-0.004583333333333384,0.008749999999999925
215,215,0.8791666666666667,0.8263473053892215,0.8547297297297297,0.9615158636897767,-0.0012499999999998623,0.0016666666666665941,0.002083333333333215,0.0004166666666667318,0.01083333333333325,0.004999999999999893,0.0,0.005416666666666625,0.008749999999999925,0.00666666666666671,0.002083333333333437,0.011666666666666714,0.022916666666666696,-0.0008333333333334636,-0.004999999999999893,-0.002083333333333326,0.01416666666666666,0.022499999999999964,-0.0004166666666666208,0.00708333333333333,0.03208333333333335,-0.006666666666666599,-0.017916666666666692,-0.01041666666666674,0.01041666666666663,0.011666666666666714,0.002083333333333215,0.0016666666666665941
216,216,0.8625,0.8047337278106509,0.839159811985899,0.938454759106933,-0.0004166666666666208,0.003750000000000142,0.005833333333333357,0.012500000000000067,0.012500000000000067,0.0,0.0008333333333333526,0.010833333333333472,0.012916666666666687,0.013333333333333308,0.008750000000000036,-0.006249999999999978,0.03041666666666676,0.004583333333333273,0.0,-0.0024999999999999467,0.0,0.01083333333333325,0.012083333333333446,0.0,0.022083333333333344,0.0033333333333334103,0.002083333333333437,-0.007083333333333441,0.020000000000000018,0.013749999999999929,0.006250000000000089,0.00666666666666671
217,217,0.8333333333333334,0.7402597402597403,0.7928907168037602,0.9697414806110458,-0.00666666666666671,0.0016666666666667052,0.011250000000000093,-0.00708333333333333,-0.004999999999999893,0.014583333333333393,0.005416666666666736,0.01041666666666674,-0.00708333333333333,0.006666666666666599,0.011250000000000093,0.008333333333333415,0.02041666666666675,0.00374999999999992,0.0,-0.005833333333333357,0.022499999999999964,0.0033333333333332993,0.015000000000000013,0.0012499999999998623,0.025416666666666643,0.0025000000000000577,0.0008333333333334636,-0.0016666666666665941,0.01375000000000004,0.007916666666666683,-0.002083333333333437,0.0050000000000000044
218,218,0.8833333333333333,0.8372093023255814,0.86427732079906,0.9333871915393654,-0.0050000000000000044,-0.00041666666666650976,0.0012499999999999734,-0.0033333333333331883,0.007916666666666683,1.1102230246251565e-16,0.0004166666666667318,-0.008750000000000147,-0.0012499999999998623,0.003750000000000031,0.006250000000000089,-0.00041666666666650976,0.028750000000000053,0.0004166666666667318,0.0016666666666667052,-0.0024999999999999467,-0.005833333333333468,0.0033333333333331883,-0.0004166666666667318,0.009583333333333277,0.018749999999999933,0.0012499999999999734,-0.0008333333333333526,-0.007500000000000173,0.015833333333333255,0.0012499999999999734,0.0029166666666665675,0.011666666666666603
219,219,0.8625,0.8,0.8350470035252644,0.9448443008225617,-0.003750000000000142,0.0004166666666667318,0.0033333333333334103,-0.006666666666666599,0.017916666666666803,-0.0008333333333332416,-0.0012500000000000844,-0.011249999999999982,0.01708333333333334,0.008333333333333304,0.0012499999999999734,0.008333333333333415,0.032916666666666816,0.0008333333333333526,0.0008333333333334636,-0.006666666666666599,-0.002083333333333326,0.008750000000000036,0.013750000000000151,0.006666666666666821,0.025833333333333375,-0.0029166666666666785,-0.02416666666666667,-0.008750000000000036,0.03166666666666673,-0.013749999999999929,-0.0004166666666666208,-0.002083333333333326
220,220,0.8333333333333334,0.7468354430379747,0.7970035252643948,0.9421269095182142,-0.007916666666666572,0.0008333333333332416,0.0029166666666666785,0.006666666666666599,-0.0008333333333333526,0.01041666666666674,-0.01083333333333325,0.008750000000000036,-0.002083333333333437,0.009166666666666656,-0.012083333333333335,0.01333333333333342,0.03083333333333338,-0.007499999999999951,-0.012500000000000067,-0.022916666666666585,0.015000000000000013,-0.0029166666666666785,-0.006249999999999978,0.008750000000000036,0.029583333333333184,-0.0008333333333333526,-0.008333333333333193,-0.0183333333333332,-0.004166666666666652,-0.007916666666666572,-0.0033333333333332993,0.004166666666666763
221,221,0.8375,0.7547169811320755,0.8024383078730906,0.9550528789659224,0.004166666666666652,0.009583333333333388,0.005833333333333357,-0.004583333333333273,0.0008333333333333526,0.013333333333333308,0.0025000000000000577,0.006249999999999978,0.0004166666666666208,0.004166666666666652,0.0033333333333332993,0.0029166666666665675,0.03333333333333344,-0.0012499999999998623,0.0029166666666665675,-0.0033333333333332993,0.00666666666666671,0.007499999999999951,0.0033333333333332993,0.004583333333333495,0.03833333333333344,-0.008333333333333193,-0.0004166666666666208,-0.005416666666666736,-0.006666666666666599,-0.004166666666666541,0.0029166666666665675,0.0
222,222,0.8791666666666667,0.8304093567251462,0.8588425381903643,0.910840188014101,-0.0016666666666667052,-0.005416666666666625,-0.0004166666666666208,-0.006666666666666599,0.05541666666666678,-0.003750000000000142,0.0004166666666667318,-0.0016666666666667052,-0.009166666666666656,-0.0024999999999999467,-0.002083333333333326,0.005833333333333246,0.05666666666666664,-0.0004166666666666208,-0.0004166666666667318,-0.0050000000000000044,0.00708333333333333,-0.0029166666666667895,0.010000000000000009,0.004166666666666652,0.008333333333333304,0.011666666666666714,-0.008750000000000036,-0.0012499999999998623,-0.006666666666666599,0.0,-0.0004166666666667318,0.008749999999999925
223,223,0.8791666666666667,0.8284023668639053,0.8567861339600471,0.9053319623971797,0.0012499999999999734,0.00666666666666671,0.004583333333333273,0.007916666666666572,0.022499999999999964,0.0029166666666666785,-0.004583333333333384,0.017916666666666803,0.040416666666666545,0.01416666666666666,0.005416666666666625,0.005833333333333357,0.013333333333333308,0.005416666666666625,0.002083333333333437,0.0016666666666665941,0.002083333333333437,0.007499999999999951,0.018749999999999822,0.007499999999999951,0.03791666666666671,-0.0024999999999999467,-0.0004166666666666208,0.0004166666666667318,0.006249999999999867,-0.002083333333333326,0.02124999999999988,0.016249999999999987
224,224,0.8541666666666666,0.7878787878787878,0.8262338425381903,0.8934341950646297,-0.0016666666666667052,-0.0016666666666667052,-0.0050000000000000044,0.007499999999999951,0.02083333333333326,-0.0029166666666666785,0.011249999999999871,0.012083333333333335,0.007499999999999951,0.0008333333333333526,0.01041666666666663,0.008333333333333193,0.07750000000000001,-0.002083333333333326,-0.0012500000000000844,-0.002083333333333326,0.016666666666666607,0.0012499999999999734,0.00708333333333333,0.012083333333333224,0.009583333333333166,0.003750000000000031,0.00708333333333333,0.0,-0.007916666666666683,0.022499999999999964,0.011250000000000093,0.015833333333333366
225,225,0.9,0.8636363636363636,0.8860164512338425,0.8913777908343125,0.022499999999999964,0.009166666666666545,0.0012499999999999734,0.005833333333333246,0.01041666666666663,-0.0033333333333332993,0.013750000000000151,0.002083333333333215,0.019583333333333286,0.04166666666666663,0.0004166666666666208,0.040000000000000036,0.060416666666666785,0.01000000000000012,0.04249999999999987,0.03749999999999998,0.022916666666666807,0.025000000000000022,0.028749999999999942,0.019999999999999907,0.17500000000000004,0.06208333333333338,-0.002083333333333215,-0.0008333333333334636,0.03083333333333338,0.01750000000000007,0.015833333333333477,-0.0004166666666666208
226,226,0.8875,0.8439306358381503,0.8697121034077555,0.9528495887191539,-0.003750000000000142,0.0016666666666667052,0.0050000000000000044,0.0012499999999998623,0.007083333333333219,0.006249999999999978,0.011249999999999982,0.016666666666666607,0.01083333333333325,0.008750000000000036,0.005833333333333357,0.012916666666666576,0.026250000000000107,0.002083333333333326,0.0016666666666667052,-0.0012499999999999734,0.012083333333333335,0.0004166666666667318,0.015833333333333255,0.0016666666666667052,0.02083333333333337,0.007500000000000062,0.0029166666666666785,-0.0029166666666666785,0.005416666666666625,0.004583333333333162,0.013749999999999929,0.0024999999999999467
227,227,0.8708333333333333,0.8187134502923976,0.8500293772032903,0.9147326674500588,-0.007499999999999951,-0.0008333333333333526,0.0,0.004583333333333384,0.019999999999999907,-0.005833333333333246,-0.004166666666666652,-0.01041666666666663,0.00749999999999984,-0.0004166666666667318,-0.0008333333333333526,-0.004166666666666652,0.027083333333333348,-0.0004166666666667318,-0.0008333333333333526,0.0004166666666666208,-0.011666666666666603,0.0,0.005833333333333357,0.011666666666666714,0.020000000000000018,-0.0025000000000000577,-0.0012499999999999734,-0.0012499999999999734,0.004999999999999893,0.007500000000000062,0.014583333333333393,0.004166666666666541
228,228,0.8458333333333333,0.7701863354037267,0.8133078730904818,0.9480023501762631,-0.00666666666666671,-0.005833333333333246,-0.01416666666666666,-0.0004166666666667318,-0.005416666666666625,-0.00666666666666671,0.00666666666666671,0.0012500000000000844,0.01041666666666674,0.0004166666666666208,0.006666666666666599,-0.0029166666666665675,0.019583333333333175,-0.004166666666666652,1.1102230246251565e-16,-0.012499999999999845,-0.01375000000000004,0.0024999999999999467,0.0008333333333333526,0.005416666666666625,0.022916666666666696,-0.005833333333333246,-0.007916666666666683,0.005416666666666625,-0.0004166666666667318,-0.0050000000000001155,-0.007499999999999951,-0.0024999999999999467
229,229,0.8583333333333333,0.7951807228915663,0.831668625146886,0.966069330199765,0.0016666666666665941,1.1102230246251565e-16,-0.004583333333333384,-0.0008333333333333526,0.006250000000000089,0.0033333333333331883,0.005833333333333468,0.004166666666666652,0.015416666666666523,0.002083333333333326,0.002083333333333326,0.00041666666666650976,0.03208333333333313,-0.012500000000000067,-0.004166666666666763,-0.008750000000000147,0.025416666666666532,-0.0025000000000001688,0.01375000000000004,0.01375000000000004,0.02499999999999991,-0.0025000000000001688,-0.0050000000000000044,-0.012500000000000067,-0.009583333333333388,0.009999999999999898,0.003749999999999809,0.019166666666666554
230,230,0.8833333333333333,0.8409090909090909,0.8683901292596945,0.9312573443008226,-0.0025000000000001688,-0.003750000000000031,0.0029166666666667895,-0.004583333333333384,0.01791666666666658,0.0033333333333334103,-0.0012499999999999734,-0.006666666666666932,0.061666666666666425,-0.0012499999999999734,-0.0008333333333333526,0.004166666666666652,0.03833333333333333,-0.004583333333333384,0.0008333333333333526,0.0029166666666667895,-0.007916666666666794,-0.008333333333333304,0.005416666666666847,0.0033333333333334103,0.016249999999999876,0.010000000000000009,-0.0029166666666665675,-0.0008333333333332416,-0.0029166666666667895,-0.004166666666666652,-0.006249999999999867,0.0008333333333333526
231,231,0.9041666666666667,0.8715083798882681,0.8935076380728555,0.9383813160987072,-0.006666666666666599,-0.00749999999999984,-0.0029166666666665675,0.0008333333333333526,0.06291666666666673,-0.0008333333333333526,-0.002083333333333326,0.004166666666666652,0.046666666666666745,0.002083333333333326,0.027083333333333237,0.015416666666666523,0.049583333333333424,-0.011249999999999982,0.011666666666666603,-0.007083333333333219,-0.004583333333333384,0.03166666666666673,0.02083333333333348,0.021666666666666723,0.06666666666666665,-0.006666666666666599,0.01666666666666672,0.018750000000000044,0.04208333333333336,0.004583333333333273,0.002083333333333326,-0.002083333333333326
232,232,0.8666666666666667,0.8072289156626506,0.8404817861339601,0.9658490011750882,-0.009999999999999898,-0.006249999999999867,-0.0016666666666667052,0.008333333333333304,0.015000000000000124,0.00666666666666671,0.027083333333333348,0.020000000000000018,0.011249999999999982,0.011666666666666825,0.021666666666666723,0.011666666666666603,0.043749999999999956,0.002083333333333326,-0.008749999999999925,-0.012083333333333224,0.02375000000000016,0.006250000000000089,0.008750000000000147,0.009166666666666767,0.029583333333333517,-0.0024999999999999467,-0.005833333333333246,-0.0024999999999999467,0.03708333333333347,0.01375000000000004,0.008750000000000147,0.006250000000000089
233,233,0.8958333333333334,0.8571428571428571,0.8805816686251469,0.9697414806110458,-0.009583333333333388,0.0012499999999998623,0.0024999999999998357,0.0,0.039583333333333415,-0.0025000000000000577,-0.0008333333333334636,-0.01041666666666663,0.0441666666666668,0.005833333333333135,0.015416666666666634,-0.0004166666666668428,0.017916666666666692,-0.0012500000000000844,-0.011249999999999871,-0.007916666666666794,-0.012916666666666687,0.00374999999999992,0.00374999999999992,0.007916666666666683,0.022499999999999964,-0.00708333333333333,-0.006249999999999978,-0.008333333333333415,0.025000000000000133,-0.005833333333333357,-0.011666666666666603,-0.008750000000000036
234,234,0.85,0.7804878048780488,0.8207990599294948,0.967978848413631,-0.005833333333333357,-0.0004166666666666208,0.005416666666666736,-0.0012499999999999734,0.015833333333333255,0.005833333333333357,0.007499999999999951,0.0050000000000000044,0.01750000000000007,0.004999999999999893,-0.007499999999999951,0.0008333333333332416,0.03916666666666657,0.005416666666666736,0.0033333333333332993,-0.02416666666666656,0.02416666666666656,0.005833333333333357,0.013749999999999929,0.01083333333333325,0.029166666666666563,-0.005416666666666736,0.0008333333333332416,-0.011250000000000093,0.025000000000000022,0.008333333333333193,0.021666666666666612,0.019583333333333286
235,235,0.8791666666666667,0.8304093567251462,0.8588425381903643,0.9366186839012927,-0.004166666666666541,-0.0016666666666664831,-0.002083333333333326,-0.0024999999999999467,0.0029166666666666785,-0.0029166666666666785,-0.0012499999999998623,0.012499999999999845,0.010833333333333472,-0.002083333333333326,-0.0024999999999999467,0.004166666666666652,0.007916666666666572,-0.0004166666666666208,-0.002083333333333326,-0.004166666666666541,-0.002083333333333215,0.0029166666666666785,-0.0033333333333332993,0.00666666666666671,0.03458333333333341,-0.0012500000000000844,-0.005833333333333357,-0.005833333333333357,0.027083333333333237,-0.004999999999999893,-0.0016666666666664831,0.010000000000000009
236,236,0.8625,0.8,0.8350470035252644,0.9734136310223267,-0.0050000000000000044,-0.00374999999999992,0.0,0.0012500000000001954,0.014583333333333393,-0.009999999999999898,0.0029166666666666785,-0.011249999999999871,0.00666666666666671,0.002083333333333437,0.004166666666666652,0.002083333333333437,0.03583333333333327,-0.004583333333333384,-0.02375000000000005,-0.007916666666666683,0.003750000000000142,0.0004166666666667318,0.004583333333333495,0.006250000000000089,0.02833333333333332,-0.017916666666666692,-0.016249999999999876,-0.016249999999999876,0.014166666666666772,0.00708333333333333,0.006250000000000089,-0.002083333333333215
237,237,0.8916666666666667,0.8488372093023255,0.873090481786134,0.8891010575793185,0.008749999999999925,0.0050000000000000044,0.008333333333333526,0.012083333333333446,0.036666666666666625,0.05541666666666667,0.0050000000000000044,0.015416666666666745,0.03833333333333344,0.019166666666666776,0.0016666666666667052,0.028750000000000053,0.12458333333333338,0.008333333333333526,0.005833333333333468,0.0429166666666666,-0.00666666666666671,0.03791666666666671,0.0050000000000000044,0.01375000000000004,0.12791666666666668,0.006250000000000089,0.03708333333333347,0.02416666666666667,0.03041666666666687,0.017916666666666692,0.01666666666666672,0.009166666666666656
238,238,0.9,0.8666666666666667,0.8901292596944771,0.9599735605170387,-0.005833333333333357,-0.004166666666666541,-0.004583333333333384,0.0008333333333333526,0.002083333333333215,0.0008333333333333526,-0.0050000000000000044,0.007499999999999951,0.004999999999999893,0.0016666666666665941,0.007916666666666794,0.0033333333333331883,0.010000000000000009,-0.0029166666666666785,-0.0025000000000000577,-0.0050000000000000044,0.009583333333333166,0.0033333333333331883,0.007083333333333108,-0.005833333333333357,0.02750000000000008,-0.0016666666666667052,-0.007083333333333219,-0.01750000000000007,0.012083333333333335,0.007916666666666794,0.0004166666666666208,0.005833333333333246
239,239,0.825,0.7341772151898734,0.7881903642773208,0.9565951821386603,-0.007499999999999951,0.0012499999999998623,0.004166666666666763,0.0,-0.011666666666666714,-0.0033333333333334103,-0.007916666666666572,-0.011250000000000093,-0.006250000000000089,0.0050000000000000044,-0.0033333333333334103,-0.0033333333333334103,0.007083333333333219,-0.0016666666666668162,-0.005833333333333357,-0.012500000000000067,0.006666666666666599,-0.0004166666666667318,0.006666666666666599,-0.0016666666666668162,0.005833333333333357,-0.021666666666666723,-0.013750000000000151,-0.011666666666666714,-0.03166666666666673,-0.0033333333333334103,-0.004166666666666652,-0.0025000000000000577
240,240,0.8458333333333333,0.7730061349693251,0.8153642773207991,0.8650851938895417,-0.008333333333333304,0.0012500000000000844,-0.0024999999999999467,-1.1102230246251565e-16,0.01375000000000004,-0.002083333333333437,-0.004166666666666541,-0.0050000000000000044,-0.0024999999999999467,0.002083333333333326,0.0050000000000000044,-0.0008333333333333526,0.03166666666666673,0.0012500000000000844,-0.0024999999999999467,-0.0024999999999999467,-0.004583333333333162,0.0004166666666667318,0.0024999999999999467,-0.0024999999999999467,0.02375000000000005,-0.0050000000000000044,-0.004166666666666652,-0.00708333333333333,-0.005416666666666736,0.004166666666666541,0.0033333333333332993,-0.0004166666666667318
241,241,0.8541666666666666,0.8087431693989071,0.8447414806110458,0.8455493537015277,-0.0029166666666666785,0.0025000000000000577,-0.015416666666666856,-0.007083333333333441,0.06374999999999997,0.025416666666666643,0.04083333333333339,0.009583333333333166,0.1495833333333333,-0.006666666666666821,-0.0033333333333332993,-0.0008333333333334636,0.11166666666666658,0.006249999999999978,0.008333333333333415,0.009166666666666656,-0.042916666666666825,-0.0050000000000000044,-0.002083333333333326,0.007916666666666572,0.1695833333333332,0.06791666666666651,0.022499999999999964,0.0033333333333332993,0.08791666666666664,-0.014166666666666772,0.0066666666666664876,0.008749999999999925
242,242,0.8833333333333333,0.8372093023255814,0.86427732079906,0.8487808460634548,0.0024999999999999467,0.006666666666666599,0.00666666666666671,0.003750000000000031,0.037083333333333246,0.010833333333333361,0.006249999999999867,0.009166666666666545,0.06166666666666665,0.007916666666666683,-0.0033333333333334103,-0.002083333333333326,0.12874999999999992,0.02499999999999991,0.0008333333333333526,0.014999999999999902,0.0033333333333334103,0.005416666666666625,0.003750000000000031,0.021666666666666612,0.0675,0.01708333333333334,0.04375000000000007,0.01333333333333342,-0.0029166666666667895,0.007916666666666683,0.006666666666666599,0.01749999999999985
243,243,0.8458333333333333,0.7672955974842768,0.8112514688601644,0.9617361927144537,-0.0024999999999999467,-0.0029166666666665675,0.0016666666666667052,-0.0008333333333333526,-0.005416666666666736,0.0050000000000000044,0.0024999999999999467,-1.1102230246251565e-16,0.0033333333333332993,0.0033333333333332993,-0.004583333333333162,-0.00708333333333333,0.029583333333333406,-0.0050000000000000044,-0.004166666666666652,-0.0050000000000000044,0.007500000000000062,0.011249999999999871,0.0012500000000000844,0.0029166666666665675,0.03499999999999992,-0.009166666666666767,-0.0050000000000000044,-0.010833333333333361,-0.003750000000000031,0.007500000000000062,1.1102230246251565e-16,0.0033333333333332993
244,244,0.8666666666666667,0.8117647058823529,0.8445945945945945,0.9480023501762632,-0.007916666666666683,0.0033333333333334103,0.010000000000000009,0.005833333333333468,0.018333333333333313,0.0033333333333331883,0.011249999999999982,0.005833333333333468,0.010000000000000009,0.01791666666666658,0.018333333333333424,0.0024999999999999467,0.03791666666666671,0.004166666666666652,-0.009166666666666545,0.004583333333333384,0.003750000000000031,0.00708333333333333,0.008333333333333526,0.007916666666666683,0.039999999999999925,-0.00708333333333333,0.0004166666666667318,-0.011249999999999982,0.011666666666666825,0.007916666666666683,0.008333333333333304,0.009166666666666767
245,245,0.8833333333333333,0.8390804597701149,0.8663337250293772,0.9483695652173912,-0.008333333333333526,0.002083333333333326,0.00708333333333333,0.008333333333333304,0.002083333333333326,0.004583333333333384,1.1102230246251565e-16,0.004166666666666652,0.008333333333333304,0.0016666666666667052,-0.0033333333333334103,0.008749999999999925,0.007916666666666683,0.0050000000000000044,0.015416666666666634,0.009999999999999898,0.01041666666666674,0.005833333333333246,0.003750000000000031,-0.002083333333333326,0.05249999999999999,0.013333333333333197,0.01041666666666674,0.009999999999999898,-0.0012499999999999734,0.0024999999999999467,0.0016666666666667052,0.015833333333333255
246,246,0.8791666666666667,0.8342857142857143,0.8629553466509988,0.9036427732079906,0.0004166666666667318,0.0024999999999999467,0.002083333333333437,0.011249999999999982,0.027083333333333237,0.0008333333333333526,0.0008333333333333526,0.0016666666666665941,-0.0012500000000000844,0.008749999999999925,0.0008333333333333526,0.02083333333333348,0.0970833333333333,0.01791666666666658,0.02833333333333332,0.022083333333333344,0.007916666666666572,0.025000000000000022,0.022083333333333344,0.009583333333333388,0.1333333333333333,0.012500000000000067,0.027083333333333237,0.003750000000000031,0.011249999999999982,0.008333333333333304,0.02083333333333348,0.00666666666666671
247,247,0.8541666666666666,0.7904191616766467,0.8282902467685076,0.9388219741480611,-0.004166666666666541,0.0008333333333333526,0.0,0.004999999999999893,0.008749999999999925,0.005416666666666736,0.0025000000000000577,-0.01375000000000004,0.012083333333333224,-0.010833333333333361,0.0050000000000001155,-0.012083333333333557,0.013749999999999929,-0.0029166666666666785,-0.0025000000000000577,-0.008750000000000036,0.006249999999999978,0.006249999999999978,-0.0016666666666665941,0.0033333333333332993,0.011666666666666714,-0.007083333333333441,-0.026666666666666727,-0.02000000000000013,-0.006249999999999978,-0.00374999999999992,-0.0029166666666666785,-0.009166666666666878
248,248,0.9,0.8666666666666667,0.8901292596944771,0.9103260869565217,0.005833333333333246,0.0,0.0024999999999998357,0.0029166666666665675,0.10291666666666666,0.0033333333333332993,0.02083333333333337,0.0029166666666666785,0.012916666666666687,0.0024999999999998357,0.014166666666666772,0.025000000000000022,0.07874999999999999,0.00666666666666671,0.04833333333333345,0.042916666666666714,-0.01083333333333325,0.02041666666666675,0.03208333333333335,0.019166666666666887,0.09166666666666667,0.009583333333333388,0.03208333333333335,0.02708333333333346,0.11291666666666655,-0.0004166666666668428,0.0029166666666666785,0.009166666666666545
249,249,0.8583333333333333,0.7951807228915663,0.831668625146886,0.9153936545240893,-0.011666666666666603,0.0004166666666667318,-0.0033333333333334103,-0.008333333333333526,0.006249999999999867,-0.004583333333333384,1.1102230246251565e-16,-0.0029166666666667895,0.02499999999999991,0.0050000000000000044,-0.0008333333333333526,-0.011666666666666825,0.029999999999999916,-0.005416666666666625,1.1102230246251565e-16,-0.012916666666666798,0.002083333333333326,0.014583333333333282,0.0024999999999999467,0.015000000000000124,0.026666666666666505,-0.01375000000000004,-0.007916666666666905,-0.016250000000000098,-0.014583333333333282,-0.005416666666666847,0.005833333333333246,-0.0008333333333333526
