,random_seed,accuracy,f1_weighted,balanced_acc,auc,model_weights.random_forest,model_weights.bagging_svc,model_weights.bagging_knn,model_weights.gradient_boosting,model_weights.mlp,feature_importance.leftlow_CO2_scaled,feature_importance.leftlow_temperature_scaled,feature_importance.leftlow_humidity_scaled,feature_importance.leftlow_humidity_fd1_scaled,feature_importance.leftlow_temperature_fd1_scaled,feature_importance.leftlow_temperature_fd2_scaled,feature_importance.leftlow_temperature_fd3_scaled,feature_importance.leftlow_CO2_fd1_scaled,feature_importance.leftlow_CO2_fd3_scaled,feature_importance.leftlow_CO2_fd2_scaled,feature_importance.leftlow_humidity_fd3_scaled,feature_importance.leftlow_humidity_fd2_scaled
0,0,0.9745454545454545,0.9748091663687993,0.9698708142104369,0.9961754207037226,3.6163128713127843,0.5044872877991181,2.2344624366226604,1.4913154366705696,1.407641437357968,0.24363636363636357,0.014545454545454495,0.011999999999999945,0.0032727272727271937,0.0003636363636363549,-0.00036363636363637706,-0.001818181818181841,-0.0025454545454545617,-0.0025454545454545617,-0.0036363636363636598,-0.0036363636363636598,-0.004000000000000026
1,1,0.9818181818181818,0.9818809703475496,0.9746941511647393,0.9986592927769398,3.028750560892153,0.7305685047426942,1.7054514928088946,1.4638832676338418,2.1798239575457243,0.27054545454545453,0.008000000000000018,0.012363636363636365,-0.0021818181818181958,0.000363636363636366,0.002909090909090928,0.0025454545454545617,-0.000363636363636366,0.004000000000000026,0.0061818181818182215,0.000727272727272732,-0.0021818181818181958
2,2,0.9818181818181818,0.9818734834157244,0.9761064030131827,0.9981952291274325,3.8780935261672105,0.9037319196768254,2.4491691801842825,1.3369804480642888,0.6201680114580755,0.28872727272727267,0.013454545454545441,0.008000000000000007,-0.0061818181818182215,-0.0036363636363636598,0.0,-0.002909090909090928,-0.004000000000000026,-0.004000000000000026,-0.004727272727272758,-0.002909090909090928,-0.0043636363636363916
3,3,0.9818181818181818,0.981634606235973,0.962618702720103,0.999114759375503,4.008105467878208,0.0008699272861933689,2.124994839504265,1.5465929748035026,1.2584211040608777,0.2549090909090909,0.021090909090909105,0.020727272727272716,0.0018181818181818299,-0.000363636363636366,-0.0018181818181818299,0.007272727272727287,-0.0025454545454545617,0.002909090909090928,0.001454545454545464,0.0010909090909090979,-0.0018181818181818299
4,4,0.9745454545454545,0.9740168371573331,0.9453125,0.9984449052132701,2.7064610688741424,0.837619366443582,2.443067997406897,2.0507800458641627,1.316208726628413,0.28581818181818175,0.005454545454545379,0.014545454545454506,-0.005818181818181856,-0.000363636363636366,0.0,-0.0007272727272727541,0.0003636363636363438,-0.0025454545454545617,-0.000363636363636366,0.003272727272727205,0.002909090909090839
5,5,0.9781818181818182,0.9783344759815348,0.9721230664626891,0.9943056263810981,3.7753135284756825,0.5288359795603732,2.358359027567164,0.7191350924135586,1.8075427949672995,0.21163636363636362,0.025090909090909042,0.027272727272727237,-0.0061818181818182215,0.0,-0.0010909090909090979,0.0025454545454545396,0.0029090909090909167,0.0036363636363636377,0.0040000000000000036,0.01345454545454543,0.002545454545454551
6,6,0.9890909090909091,0.989118840266133,0.9876395534290271,0.9993475424097433,3.360029141932861,0.7892675010040842,2.0272666462767472,2.0569954206074605,0.5785350955850963,0.31272727272727274,0.015272727272727327,0.016363636363636413,-0.0007272727272727098,0.000727272727272732,0.000727272727272732,0.0036363636363636598,0.0,0.003272727272727294,0.003272727272727294,0.000363636363636366,-0.0036363636363635488
7,7,0.9745454545454545,0.9748464691258483,0.9681534508076359,0.9982562408223201,3.38642461031572,0.3145674353289889,3.2084105810793417,1.440013511776621,0.9513433877393792,0.1952727272727272,0.009454545454545405,0.010545454545454492,-0.002909090909090928,-0.007636363636363686,-0.004000000000000026,-3.3306690738754695e-17,-0.000727272727272732,-0.000727272727272732,-0.004000000000000026,-0.004000000000000026,-0.0010909090909090979
8,8,0.9890909090909091,0.9890522447742759,0.9792190380425674,0.9979889391654098,3.4395238307065377,0.7614934994300683,2.5241285025613354,0.9674071560515011,1.4375084303171786,0.24800000000000005,0.017818181818181855,0.018909090909090952,0.003272727272727294,0.003272727272727294,0.0043636363636363916,-0.0007272727272726986,0.0036363636363636598,-0.002545454545454484,-0.002909090909090839,0.004000000000000026,0.006909090909090953
9,9,0.9709090909090909,0.9709090909090909,0.9468599033816425,0.9932367149758454,3.482326992095445,0.44411370153258267,2.4497619330444302,2.0382728186652503,1.1792895817104185,0.2203636363636364,0.008000000000000052,0.01054545454545458,0.0,0.0021818181818181958,0.0018181818181818299,2.2204460492503132e-17,0.004000000000000026,-0.0010909090909090647,-0.00290909090909085,0.0061818181818182215,0.004727272727272758
10,10,0.9818181818181818,0.9819612805347652,0.982708827014218,0.9989632701421801,3.496821253541042,0.7100146393329211,2.534727033574986,0.6203080344682136,1.6680851522332163,0.2694545454545455,0.010545454545454525,0.009818181818181814,0.002909090909090928,0.0,-0.003272727272727294,-0.0036363636363636598,-0.000727272727272732,-0.005818181818181856,0.0025454545454545617,-0.004727272727272735,-0.00436363636363638
11,11,0.9672727272727273,0.9671536553334305,0.9438211796702363,0.9960904300526942,2.784219902319091,0.5845315697185236,1.455712159045572,2.564756548344632,2.062371216913207,0.26290909090909087,0.00545454545454549,0.005454545454545478,0.0,0.0,0.0,-0.0036363636363636598,0.0,-0.0036363636363636598,-0.0036363636363636598,0.000727272727272732,0.0
12,12,0.9781818181818182,0.9783385100366232,0.97180062090376,0.9965505346671266,2.768815658350842,0.6516588737520677,1.5892896813203576,1.6808000474712388,2.789293343845361,0.2250909090909091,0.012727272727272698,0.01418181818181814,0.000363636363636366,0.0032727272727272826,0.0010909090909090979,0.002909090909090928,0.0072727272727272085,0.0072727272727272085,0.00727272727272722,0.003999999999999992,0.0065454545454544984
13,13,0.9781818181818182,0.9784718021704322,0.9794285235461706,0.9982403217697335,4.1065378588974895,0.8601385101958733,1.9905367723939273,0.4432946127693338,1.8243618880775374,0.27599999999999997,-0.005818181818181856,-0.00618181818181821,0.0,-0.0072727272727273196,-0.0021818181818181958,0.0021818181818181958,-0.000727272727272732,-0.000363636363636366,0.002909090909090928,-0.000727272727272732,-0.0072727272727273196
14,14,0.9963636363636363,0.9963739037433156,0.9976525821596245,1.0,3.8534161856387894,0.7715916921887381,1.893125437902101,1.1106392049946507,1.3493347111020928,0.3156363636363636,0.020727272727272726,0.02036363636363634,0.0065454545454544984,0.002181818181818185,0.0040000000000000036,0.007636363636363585,0.0,0.0069090909090908535,0.0025454545454545617,0.0040000000000000036,0.001454545454545464
15,15,0.9636363636363636,0.9634478758880672,0.9456084959816302,0.9951923076923077,3.1838907835579424,0.8728183612747183,2.0184394480709065,1.5300385245792611,1.8242999006149696,0.2596363636363636,0.02545454545454543,0.028363636363636358,-0.004000000000000026,-0.000727272727272732,0.002909090909090928,-0.005454545454545478,0.0036363636363636377,-0.01018181818181817,0.005818181818181789,0.002181818181818185,-0.005818181818181856
16,16,0.9709090909090909,0.9706945968829376,0.9460734319224886,0.9970253272140065,3.99756416014433,0.3813741160403358,1.9982492759684334,1.8439143201604582,0.669172950027682,0.2541818181818182,0.010181818181818247,0.006909090909090943,0.0,0.0,0.0,-0.0036363636363635488,0.0,0.0036363636363636598,0.0,0.0,-0.0014545454545454195
17,17,0.9818181818181818,0.9819926400436146,0.9819390084801043,0.99706457925636,3.18574631813386,0.6815116684062753,1.6477780766533248,1.4808144479685978,2.469535239826826,0.23745454545454542,0.02545454545454544,0.025818181818181806,0.010545454545454535,-0.004000000000000026,-0.0025454545454545617,0.0021818181818181958,0.0036363636363636598,-0.0021818181818181958,-0.000363636363636366,0.0043636363636363916,0.0010909090909090979
18,18,0.9709090909090909,0.9707619246425216,0.955988917306053,0.9957374254049446,3.6194135132145826,0.8705530219032488,1.974588726297968,1.8076397418914627,0.8572665934484079,0.27381818181818185,0.02581818181818186,0.02836363636363639,-0.0007272727272727098,2.2204460492503132e-17,0.0036363636363636598,0.0043636363636363916,0.004000000000000026,0.003272727272727294,0.0036363636363636598,0.011272727272727323,0.006545454545454588
19,19,0.9781818181818182,0.9781818181818182,0.9715202982601492,0.9979977906655619,2.916108215828847,0.49165602226929755,2.174774442559797,2.3072891958959363,1.5729425529416468,0.30799999999999994,0.013090909090909052,0.013454545454545419,0.005090909090909079,0.000727272727272732,0.000727272727272732,0.0029090909090909167,0.001454545454545464,-0.000363636363636366,0.002545454545454551,0.005090909090909079,0.0025454545454545617
20,20,0.9818181818181818,0.9821765325091267,0.9890350877192983,0.9954273982829414,3.8708252823218308,0.30289154112300176,2.4587733419642306,0.7178541486044347,1.9856827297301347,0.22072727272727272,0.011999999999999988,0.016363636363636358,0.0043636363636363916,0.0,0.001454545454545464,0.005090909090909123,0.0,0.004000000000000026,0.005454545454545478,-0.002909090909090928,-0.002909090909090928
21,21,0.9890909090909091,0.9892010544402344,0.9932126696832579,0.9978213507625272,2.6177707975078266,0.0627138085687785,1.7998520945561172,2.5660379388917294,2.3170054100256174,0.25127272727272726,0.023636363636363667,0.02254545454545458,0.0072727272727273196,-0.0007272727272726986,0.003272727272727294,0.0036363636363636598,-0.0014545454545454195,0.004000000000000026,0.003272727272727294,-0.00545454545454539,-0.003636363636363582
22,22,0.9927272727272727,0.9927272727272727,0.9886363636363636,0.998595041322314,3.2676434212091134,0.41708835998893656,2.149719189598119,1.5645301691032383,1.4320737406430426,0.2578181818181818,0.028727272727272678,0.03127272727272723,0.003636363636363582,-0.0007272727272727431,0.0025454545454544953,0.0003636363636363549,0.0,0.0003636363636363549,0.005818181818181745,0.009090909090909038,0.0043636363636362805
23,23,0.9781818181818182,0.9783162129772298,0.973542030827904,0.9968218655649134,3.4460182878212704,0.8378429623582053,2.66670860236308,1.0911423684615984,1.0892368245289046,0.24872727272727274,0.018909090909090875,0.01854545454545452,-0.0036363636363636598,0.0,0.000363636363636366,0.00654545454545451,-0.005090909090909123,0.0036363636363636485,0.0010909090909090868,0.000363636363636366,-0.005818181818181856
24,24,0.9563636363636364,0.9560809446468548,0.9281344350866041,0.9953122517082473,3.2331475908918486,0.9132524145397355,1.7674794885666987,1.8424699923376768,1.3858547016799978,0.2167272727272728,0.013454545454545542,0.014545454545454606,-0.00363636363636356,-0.0014545454545454195,-0.0010909090909090534,-0.0014545454545454306,-0.004727272727272647,-0.0032727272727271937,-0.004363636363636292,-0.0010909090909090647,-0.0018181818181817744
25,25,0.9672727272727273,0.9673607086720937,0.9569016587677726,0.9970379146919431,4.002942537987336,0.2879331118796057,2.558045791629983,1.244233997257957,1.2769043176994161,0.2581818181818182,0.01272727272727272,0.012363636363636365,-0.0029090909090909167,0.0043636363636363916,-0.0018181818181818188,-0.0010909090909090979,-0.002909090909090928,-0.006909090909090865,-0.0032727272727272718,-0.014545454545454528,-0.006181818181818144
26,26,0.9818181818181818,0.9819882965379502,0.9820537582488331,0.9979880894897796,3.353570631009793,0.5403803588927981,1.9894992291547,1.6995497036726268,1.330250922765493,0.27345454545454545,0.020000000000000007,0.013818181818181808,0.0010909090909090979,-0.000727272727272732,-0.000363636363636366,0.00436363636363638,0.005818181818181856,0.010545454545454514,0.009818181818181804,-0.0036363636363636598,-0.0021818181818181958
27,27,0.9709090909090909,0.9702984597102243,0.9363029132464188,0.9985514244326412,3.232310619021435,0.752377975307028,2.317268711403265,1.7767264809762315,1.2984358968335645,0.2483636363636364,0.014909090909090927,0.01890909090909094,3.3306690738754695e-17,0.0,0.0,0.003272727272727294,-0.003999999999999915,0.001090909090909109,0.0018181818181818299,-0.0010909090909090424,-0.0018181818181817744
28,28,0.9854545454545455,0.9855563173210232,0.9838092809790924,0.9979602243753187,4.054496500967773,0.5907180387689545,1.1163894322889412,0.9861186350080248,2.452079685092879,0.23527272727272724,0.026545454545454573,0.017818181818181844,0.008363636363636406,0.0036363636363636598,0.00545454545454549,0.003272727272727294,0.006545454545454588,-0.000363636363636366,0.0025454545454545617,0.001454545454545464,0.005090909090909123
29,29,0.9890909090909091,0.9890454808349546,0.9769640234948604,0.9994493392070485,4.634971819425079,0.7975218421450703,2.220694972171027,0.538536409666239,1.0052022385300938,0.21963636363636369,0.012727272727272776,0.020363636363636407,-0.003636363636363582,-0.0036363636363635488,0.000727272727272732,-0.0003636363636363438,-0.0003636363636363549,0.000727272727272732,-0.0036363636363635488,0.002909090909090928,0.0036363636363636598
30,30,0.9781818181818182,0.9783128964059196,0.9737915881983679,0.9976459510357816,3.6401242783656613,0.11682941536382209,1.7193605241090992,1.8283344715962597,1.906114778278045,0.28545454545454546,0.013090909090909065,0.01599999999999996,0.0,-0.000363636363636366,-0.0025454545454545617,-0.000727272727272732,0.0,0.0069090909090908535,0.0,-0.0025454545454545617,-0.003272727272727294
31,31,0.9818181818181818,0.9818734834157244,0.9761064030131827,0.9981167608286252,3.7326424738623856,0.6273018529383366,1.8592516051586223,1.038777448352523,1.5692268328427461,0.28218181818181814,0.020727272727272726,0.013818181818181795,0.003272727272727294,0.0010909090909090979,0.002909090909090928,-0.0021818181818181958,0.00618181818181821,-0.004000000000000026,-0.0036363636363636598,0.0,0.0010909090909090979
32,32,0.9709090909090909,0.9711024135681671,0.9613636363636364,0.997190082644628,3.9407057378165633,0.687555373168091,2.0525370103154716,0.9891769989873671,1.5291860461193487,0.2294545454545455,0.008727272727272783,0.009818181818181837,0.001454545454545464,-0.0032727272727271937,-0.005454545454545379,-0.003999999999999915,-0.004727272727272647,-0.003636363636363582,-0.007636363636363575,-0.0072727272727272085,-0.01345454545454543
33,33,0.9745454545454545,0.9749423888915807,0.9773727984344422,0.9956784083496413,3.31590437130016,0.7908616496606249,2.035169027156069,1.7166136184453014,1.3661185957384563,0.2876363636363636,0.002545454545454506,0.0007272727272726765,-0.0010909090909090979,-2.2204460492503132e-17,-1.1102230246251566e-17,0.003999999999999915,-0.003272727272727294,0.003636363636363571,0.005818181818181745,0.004363636363636292,-0.004000000000000026
34,34,0.9854545454545455,0.9855537190082646,0.9839534104239986,0.9989106753812635,2.869439531372032,0.9950278609279746,2.0942791921981683,1.601821157572418,1.5263640889823675,0.25963636363636367,0.010909090909090969,0.020000000000000007,-0.000727272727272732,0.0043636363636363916,0.002909090909090928,0.001454545454545464,0.0036363636363636598,-0.001454545454545464,0.0036363636363636598,0.000363636363636366,0.0036363636363636598
35,35,0.9781818181818182,0.9781818181818182,0.9649413564507905,0.9986401495835457,3.6964993368621832,0.8959727502626428,1.764362190211004,1.1002067673457654,1.655732493589757,0.24472727272727274,0.018181818181818153,0.014181818181818151,-0.0036363636363636598,0.0072727272727272085,-0.0025454545454545617,-0.002909090909090928,0.0025454545454545617,-0.004000000000000026,-0.0010909090909090979,-0.005090909090909123,0.00509090909090909
36,36,0.9781818181818182,0.9781818181818182,0.9663649706457925,0.997716894977169,3.362898670625207,0.5610561137471041,1.8615294681542183,1.6111692429156224,1.9286830374683344,0.25236363636363635,0.01345454545454543,0.015636363636363605,-0.0010909090909090979,-0.004727272727272758,-0.005090909090909123,-0.0021818181818181958,-0.0036363636363636598,0.002909090909090928,0.002909090909090928,-0.0018181818181818299,-0.001454545454545464
37,37,0.9818181818181818,0.9819840866108097,0.9821627204830764,0.9968218655649134,3.265455364997716,0.21744549673185234,1.7102130875913442,1.1313179611303976,2.732312050644914,0.2687272727272727,0.01345454545454543,0.015272727272727249,0.0058181818181818334,0.002909090909090928,0.003272727272727294,0.0010909090909090979,0.006545454545454588,0.0,0.002909090909090928,0.000363636363636366,0.003272727272727294
38,38,0.9781818181818182,0.9784312915616868,0.9800387596899225,0.9965891472868218,3.3418612893985107,0.7268219279875001,1.9217928570446248,1.0923634102806412,2.2183558876083653,0.2541818181818181,0.023272727272727233,0.025090909090909053,0.003999999999999992,0.0018181818181818188,0.0007272727272727208,0.00509090909090909,0.001454545454545464,0.012363636363636332,0.007999999999999941,0.0021818181818181958,0.006545454545454521
39,39,0.9818181818181818,0.9817628802206392,0.9703488372093023,0.9970542635658916,3.4004942484207983,0.705320021222074,1.80446822222201,1.8491041385085707,1.3404258013000674,0.3014545454545455,0.012727272727272698,0.012727272727272709,0.0043636363636363916,0.0,0.003272727272727294,0.006909090909090953,0.002909090909090928,0.0036363636363636598,0.003272727272727294,0.0018181818181818299,-0.001454545454545464
40,40,0.9854545454545455,0.9855563173210232,0.9838092809790924,0.9983001869794322,3.378217065621182,0.3843847067168738,1.4524346513828044,1.8974592280473621,1.6759016524191723,0.2836363636363637,0.014909090909090927,0.014545454545454584,0.0043636363636363916,0.0,0.004000000000000026,0.008727272727272783,0.0,0.0036363636363636598,0.0061818181818182215,0.0043636363636363916,-0.001454545454545464
41,41,0.9818181818181818,0.9819578376943011,0.9827838827838828,0.9969963369963369,3.518858214656112,0.4801262645409816,1.7401536885886761,1.1298507061405025,2.1461235842465936,0.2778181818181818,0.03781818181818182,0.027272727272727247,0.002909090909090928,-0.000363636363636366,-0.000363636363636366,-0.000363636363636366,0.0010909090909090979,0.0036363636363636598,0.0036363636363636598,0.008363636363636373,0.004727272727272747
42,42,0.9854545454545455,0.9857221566312476,0.9914163090128756,0.9961169016963008,3.8595668864617503,0.5519690675454637,2.0576237252511915,1.2205946958535472,1.6137420934948536,0.20472727272727273,0.021090909090909115,0.021818181818181848,0.0010909090909090979,0.0025454545454545617,0.0021818181818181958,0.0036363636363636598,0.0,0.0036363636363636598,0.0036363636363636598,0.0025454545454545617,0.0036363636363636598
43,43,0.9745454545454545,0.9746356712842651,0.9626891041985381,0.995835458099609,4.373015792175492,0.7800395788643032,2.13040242385614,0.6705409276094838,0.7869638946844607,0.26072727272727264,0.025090909090909032,0.018181818181818132,0.0069090909090908535,0.003999999999999915,-0.0025454545454545617,-0.00036363636363637706,-0.002181818181818207,-0.00909090909090915,0.0003636363636363549,0.009090909090909038,0.0
44,44,0.9636363636363636,0.964361323607899,0.9631140574536801,0.9948155702872684,3.2182235084882467,0.2551662508613063,1.8168757441714818,2.0913344231210584,1.9235376553447066,0.2418181818181818,0.0032727272727272492,0.004727272727272714,-0.004000000000000026,-0.005454545454545467,-0.007636363636363663,-0.00618181818181821,-0.0025454545454545617,-0.0036363636363636598,-0.0061818181818182215,-0.000727272727272732,-0.0021818181818181958
45,45,0.9781818181818182,0.9780507399577167,0.9625402175578367,0.9975486440937643,3.40662636837724,1.013084763554253,2.8666686505116257,1.6038773964181052,0.22560650313356317,0.27927272727272723,0.024727272727272664,0.02799999999999997,0.0,0.000363636363636366,0.000727272727272732,0.000727272727272732,-0.000363636363636366,0.00654545454545451,0.004000000000000015,0.006545454545454521,0.000363636363636366
46,46,0.9781818181818182,0.9776587255980429,0.9423076923076923,0.9995688168333908,3.8739825471421536,1.1354152167679856,1.487684297144534,0.9921332369304391,1.474300848869796,0.23999999999999994,0.010909090909090879,0.014181818181818162,-0.0021818181818181958,-0.003272727272727294,-0.0021818181818181958,0.0010909090909090979,-0.0018181818181818299,-0.010909090909090969,-0.010909090909090969,-0.0021818181818181958,-0.006545454545454588
47,47,0.9745454545454545,0.9744717870427586,0.9606996819627442,0.9975768590034833,3.031641415192904,1.416879797030154,1.6983511397563462,1.2685910870712471,1.1115923219466508,0.28654545454545455,0.014545454545454528,0.01745454545454541,0.00545454545454539,-0.0018181818181818299,-0.0007272727272727541,0.0021818181818181515,0.0010909090909090758,-0.001454545454545464,0.0018181818181817744,0.004363636363636292,0.003272727272727205
48,48,0.9963636363636363,0.9963765244691808,0.9977477477477478,0.9994900560938297,3.3649668966562456,0.47153538720427957,2.065963545931764,1.5326523149057112,1.8307017809055488,0.25636363636363635,0.025818181818181806,0.02036363636363635,0.0032727272727272718,0.005818181818181778,0.010181818181818136,0.008727272727272684,0.00436363636363637,0.012727272727272698,0.0069090909090908535,0.008363636363636306,0.005090909090909079
49,49,0.9745454545454545,0.9748161047618865,0.9695584684373922,0.9968092445670921,3.226601563544169,0.31392507739496456,1.8613886122386214,2.0738290327812265,1.7837231411948058,0.25745454545454544,0.015272727272727205,0.010181818181818115,0.002545454545454484,0.004363636363636303,-0.0003636363636363993,0.0007272727272727098,0.0018181818181817523,0.004727272727272647,0.005090909090909035,-0.000363636363636366,0.00290909090909085
50,50,0.9818181818181818,0.9817445293378932,0.9649629763409788,0.995846126061044,3.3241522312281155,0.49748750444636786,1.6278609351814042,1.4680665973381464,2.4233207965322814,0.23381818181818184,0.018545454545454552,0.025818181818181796,0.008363636363636396,0.0025454545454545617,0.0010909090909090979,0.01090909090909089,0.007272727272727297,0.007636363636363663,0.005090909090909123,0.011272727272727235,0.005090909090909123
51,51,0.9927272727272727,0.9926722052457347,0.9807692307692308,0.9992238703001035,3.089971351591653,0.9189972573853455,2.022019788532083,1.74606555062695,1.1600657722149472,0.24763636363636357,0.01927272727272723,0.01745454545454541,0.0036363636363635488,0.0003636363636363438,0.0014545454545454306,0.0014545454545454195,0.0003636363636363549,0.003999999999999915,-0.000727272727272732,0.003272727272727205,0.004363636363636292
52,52,0.9745454545454545,0.974294934930807,0.9522882567932625,0.9970602256475448,3.751838301647848,1.054162741566299,1.716130099936147,1.6068832791198189,1.1872028476088268,0.26581818181818184,0.017818181818181723,0.01563636363636356,0.0003636363636363549,-0.00036363636363637706,0.0,-1.1102230246251566e-17,0.0,0.0,-0.000727272727272732,-0.001454545454545464,-0.000727272727272732
53,53,0.9818181818181818,0.9819760407525302,0.9823643410852713,0.9969767441860465,3.281624820183565,0.3078552353443803,1.6975798609537154,1.7763933529717642,2.0993990125169737,0.26509090909090904,0.01527272727272726,0.028727272727272712,0.005818181818181856,-0.0025454545454545617,-0.003272727272727294,-0.0018181818181818299,-0.0036363636363636598,0.0036363636363636598,0.003272727272727294,0.013454545454545441,-0.004000000000000026
54,54,0.9781818181818182,0.9780440027158604,0.9614720652856246,0.9979598242310107,3.719535065474618,0.673976663549659,2.007268997334221,0.8885358006158909,1.8689193856152297,0.24109090909090902,0.02254545454545448,0.020727272727272684,0.005818181818181789,0.0032727272727272718,0.011999999999999966,0.012363636363636332,0.0032727272727272826,0.004727272727272714,0.009454545454545405,0.004727272727272714,0.0018181818181818188
55,55,0.9672727272727273,0.9676207061224253,0.9577009313556399,0.9956881683339083,2.6057046804843296,0.5567821055302652,2.547983611957602,2.3850656064090123,1.5012550428291473,0.24,0.020363636363636382,0.011272727272727257,-0.000727272727272732,0.0021818181818181958,0.0,0.000727272727272732,0.000363636363636366,-0.0069090909090908535,-0.006181818181818144,-0.0032727272727272718,-0.0036363636363636598
56,56,0.9745454545454545,0.9744423410730505,0.9525465053277948,0.9985551742821022,4.093282896689882,-0.13527186182453052,2.1870796664028824,1.777862499997409,1.2519505841515413,0.2621818181818181,0.0010909090909090647,-0.004727272727272769,-0.003272727272727294,-0.0061818181818182215,-0.000727272727272732,-0.0007272727272727431,-0.004727272727272758,-0.000727272727272732,-0.0036363636363636598,-0.0043636363636363916,-0.004000000000000026
57,57,0.9818181818181818,0.981755393288814,0.9681818181818183,0.9971074380165289,2.691328125371857,1.053939970772192,2.1177213292185253,1.680034843913756,1.6615801570669895,0.24872727272727269,0.018181818181818188,0.02145454545454546,0.006545454545454565,0.0010909090909090979,0.000727272727272732,0.0010909090909090979,0.004000000000000026,0.002909090909090928,0.0,0.007272727272727308,0.008363636363636384
58,58,0.9745454545454545,0.9746268683839898,0.9645098985997103,0.9965395139224207,3.696132818658239,0.15593969700828514,1.6467722131464813,2.102849759247648,1.732083225378168,0.22836363636363627,0.016363636363636292,0.01563636363636358,-0.003272727272727294,-0.0036363636363636598,-0.006909090909090953,0.0007272727272726765,-0.005818181818181856,-2.2204460492503132e-17,-0.002181818181818207,-0.005818181818181856,-0.008000000000000052
59,59,0.9927272727272727,0.9926736492207345,0.9811320754716981,0.9999150093489717,3.1516315928605025,-0.009266776715213487,1.9138726171248217,1.712432303136125,2.41808992798244,0.24690909090909088,0.019636363636363598,0.019636363636363598,0.002909090909090839,-0.003272727272727294,0.0007272727272727098,0.0,0.0,-1.1102230246251566e-17,0.00363636363636356,0.0043636363636362805,0.0036363636363635488
60,60,0.9818181818181818,0.9820331922327488,0.9807727606461086,0.9963289280469897,2.8102243525538912,0.7835460598264703,2.0044400156654456,1.8539608787060995,1.8685426651953867,0.2312727272727273,0.018181818181818188,0.018181818181818177,0.002909090909090928,0.000363636363636366,0.0043636363636363916,0.013818181818181795,0.003272727272727294,0.007272727272727308,0.006545454545454588,-0.000727272727272732,0.0
61,61,0.9854545454545455,0.9854545454545455,0.9755555555555555,0.9987555555555556,3.5634644726444695,0.5895005683318406,2.3211689248036818,1.5071458993128641,1.1059238195991359,0.26945454545454545,0.01381818181818183,0.01636363636363638,0.001454545454545464,0.003272727272727294,0.000727272727272732,-0.0018181818181818188,0.0,-0.000363636363636366,0.0036363636363636598,0.003272727272727294,0.000363636363636366
62,62,0.9818181818181818,0.9818861054672615,0.9736957282913166,0.9978991596638656,2.9765593644296033,0.5625289204507444,1.8563539852060185,2.1530304967680274,1.6910271166716484,0.24872727272727274,0.018181818181818177,0.013090909090909087,-0.000363636363636366,0.002909090909090928,-0.0010909090909090979,-0.000363636363636366,0.0,-0.000363636363636366,-0.0036363636363636598,0.0010909090909090979,-0.0036363636363636598
63,63,0.9709090909090909,0.9713380789613972,0.9666666666666667,0.9957333333333334,3.571589992452338,1.0212041283831526,1.695236503291564,1.4615294708231341,1.4091893308257173,0.2403636363636364,0.011636363636363677,-0.0007272727272727098,-0.0036363636363635488,-0.0003636363636363549,-0.003272727272727205,-0.0018181818181817744,0.0,-0.005818181818181745,-0.002545454545454484,-0.0007272727272727098,-0.0032727272727271937
64,64,0.9854545454545455,0.9853500842180086,0.9699597787833082,0.9988268811798223,3.8397270897711313,0.7928385355230535,1.7183128825915244,1.3265230385522657,1.5529593240252557,0.27236363636363636,0.0018181818181818299,0.014181818181818195,0.004727272727272758,0.0072727272727273196,0.005090909090909123,0.007272727272727308,0.0036363636363636598,0.006545454545454588,0.003272727272727294,-0.001454545454545464,-0.002909090909090928
65,65,0.9890909090909091,0.9890532359732883,0.9795454545454545,0.9992561983471074,2.9299970562349906,0.1361711667096231,2.35305140826266,1.5353681254419158,2.0701152141925743,0.25200000000000006,0.015272727272727337,0.014909090909090972,0.0036363636363636598,0.000363636363636366,0.00036363636363637706,-0.0007272727272726986,0.0036363636363636598,-0.0018181818181817854,-0.002909090909090839,0.006909090909090953,0.00036363636363637706
66,66,0.9745454545454545,0.9742884487303622,0.9515531949138902,0.9978271366489618,3.5118423063051734,0.5911735509334756,2.006360044335864,1.4705853382630265,1.4387291657297936,0.26618181818181813,0.019999999999999917,0.013818181818181775,0.0010909090909090534,-0.000363636363636366,-0.002909090909090928,-0.005818181818181856,0.0003636363636363549,-0.004000000000000026,-0.0025454545454545617,0.009090909090909038,0.0021818181818181403
67,67,0.9854545454545455,0.9854545454545455,0.9734299516908214,0.9993236714975845,3.7431815836193376,0.6907587209215789,2.16400628443215,1.7337721704626607,0.9420986884112744,0.23854545454545456,0.006545454545454588,0.007636363636363663,0.003272727272727294,0.000727272727272732,0.000727272727272732,-0.000363636363636366,-0.003272727272727294,-0.010545454545454514,-0.006909090909090865,0.0036363636363636598,-0.0018181818181818299
68,68,0.9781818181818182,0.9784871337812514,0.9791738530527768,0.9951707485339772,4.185777592309595,0.7042681494609764,2.443760290035701,0.7262263975650833,1.3855118506323671,0.24690909090909088,0.02254545454545448,0.015272727272727238,0.0036363636363636598,0.0,0.000363636363636366,0.00436363636363637,0.002909090909090928,0.0065454545454544984,0.0018181818181818299,0.0036363636363636598,0.0065454545454544984
69,69,0.9854545454545455,0.9855617924676221,0.983499649859944,0.9984243697478992,3.4798926548832805,0.7338160717619548,2.101898959137392,1.2353093396954353,1.666935909074944,0.24509090909090908,0.012363636363636387,0.016000000000000025,-0.003999999999999992,-0.0018181818181818299,-0.004363636363636359,-0.0036363636363636598,0.002909090909090928,-0.0036363636363636485,-0.005090909090909068,0.0043636363636363916,0.001454545454545464
70,70,0.9818181818181818,0.9816248602350159,0.9613636363636364,0.998099173553719,3.2622336985287386,0.24711491416346928,2.5671254923605518,1.3791084805314116,2.0620453112988812,0.2752727272727272,0.011272727272727257,0.011999999999999988,0.002909090909090928,0.004000000000000026,0.004000000000000026,0.0072727272727273196,-0.000363636363636366,0.006909090909090953,0.0018181818181818299,-0.000727272727272732,-0.000727272727272732
71,71,0.9854545454545455,0.985364948924271,0.9726744186046512,0.9991472868217055,3.89326369432753,1.0126939064485916,2.3388771560703217,0.83556073586877,1.1370829401064435,0.27345454545454545,0.012000000000000033,0.02400000000000001,0.0036363636363636598,0.003272727272727294,0.004727272727272758,0.008363636363636406,0.005090909090909123,0.008727272727272783,0.006909090909090953,0.0036363636363636598,0.005090909090909123
72,72,0.9709090909090909,0.9711126346420463,0.9604368519462859,0.9974502804691484,4.05635785079658,0.5677895801696674,1.947370043112997,1.170370300935689,1.11366409233823,0.25309090909090914,0.010909090909090957,0.015272727272727294,0.0,0.000363636363636366,0.003272727272727294,0.003272727272727294,0.002909090909090928,-0.0039999999999999255,-0.0018181818181817633,0.00036363636363637706,-0.00363636363636356
73,73,0.9854545454545455,0.9854545454545455,0.9769565946036534,0.9986592927769398,3.2236183724514342,0.3736674335145755,1.5490175473103094,1.89013872090729,2.116946992035458,0.2443636363636364,0.019272727272727296,0.01890909090909094,-0.0010909090909090868,0.001454545454545464,0.000727272727272732,-0.002545454545454551,0.0021818181818181958,0.010181818181818247,0.007636363636363686,-0.002909090909090928,0.0010909090909090979
74,74,0.9854545454545455,0.9853626684772402,0.9722614563716259,0.998901443816698,3.341435391739904,0.5070782993162565,1.9253713033118656,1.7606719514053102,1.4766034303214506,0.2610909090909091,0.020363636363636382,0.02072727272727275,0.0036363636363636598,-0.0036363636363636598,0.000727272727272732,0.0036363636363636598,-0.010181818181818136,0.0021818181818181958,0.0021818181818181958,-0.006909090909090865,-0.009090909090909038
75,75,0.9818181818181818,0.9818861054672615,0.9736957282913166,0.9977240896358543,2.8889517605519606,0.5105458080722519,1.8552980326634454,2.8397276120450896,1.1664537852281562,0.2454545454545455,0.017454545454545455,0.01345454545454543,-0.000363636363636366,-0.002909090909090928,-0.0036363636363636598,0.0,-0.0021818181818181958,-0.001454545454545464,0.0,-0.002909090909090928,-0.002909090909090928
76,76,0.9781818181818182,0.9781818181818182,0.9668034765813616,0.9979076130693707,3.702828120387722,0.2341037008762441,2.097779664398966,1.2359154642485517,2.1279453912336597,0.2683636363636363,0.022181818181818136,0.016363636363636323,0.005818181818181789,0.0,-0.001454545454545464,0.0032727272727272718,0.004000000000000015,0.0010909090909090979,0.009454545454545405,-0.001454545454545464,0.0
77,77,0.9818181818181818,0.9817380876204403,0.9630244921207518,0.9951585342699829,3.3336756283104054,0.22715548964383814,2.114870981813931,1.576744523169696,1.795176718290191,0.2294545454545455,0.011999999999999966,0.013454545454545452,0.0018181818181818299,0.0025454545454545617,0.0036363636363636598,0.005818181818181845,0.0018181818181818299,0.006909090909090953,0.0036363636363636598,0.003272727272727294,-0.0018181818181818299
78,78,0.9745454545454545,0.9744230924041172,0.947022854851644,0.9953889334402566,2.624055948444849,0.8709391738431159,1.2952277208454936,2.208861344251393,2.8102730108482272,0.22836363636363632,0.008727272727272672,0.00545454545454539,0.0014545454545454085,0.003272727272727205,0.006909090909090842,0.006545454545454477,0.00290909090909085,0.003999999999999915,0.00618181818181811,0.0021818181818181403,-0.0018181818181818299
79,79,0.9890909090909091,0.9890568861469554,0.9807360326428123,0.9990583804143126,2.7895609124319964,0.47846453530793676,1.728494554504373,2.501493694375837,2.051655248447119,0.2854545454545455,0.009818181818181882,0.018545454545454577,0.0018181818181818299,0.000727272727272732,0.001454545454545464,0.004000000000000026,0.0,-0.0003636363636363549,0.0,0.0003636363636363993,0.007636363636363686
80,80,0.9709090909090909,0.9703976489268354,0.9429428317535544,0.9985189573459715,2.7665493034495645,-0.10962739616082473,1.8393033486739097,2.1158538248703485,2.60242358282186,0.27272727272727276,0.011272727272727313,0.02509090909090913,0.003272727272727294,0.002909090909090928,2.2204460492503132e-17,0.0010909090909091313,0.0,-0.003272727272727227,3.3306690738754695e-17,1.1102230246251566e-17,-0.0003636363636363549
81,81,0.9745454545454545,0.9746311231504854,0.9636363636363636,0.9976859504132232,3.5159497354356675,0.8413675296899036,2.042618589729879,1.0443794444830505,1.5789025499345677,0.23927272727272716,0.005090909090909035,0.01054545454545448,-0.004000000000000026,0.0007272727272726765,-0.001454545454545464,0.0021818181818181403,-0.003272727272727294,-0.005090909090909123,-0.003272727272727294,-0.002909090909090939,0.003999999999999948
82,82,0.9890909090909091,0.9892164806681113,0.9933628318584071,0.997200650171573,3.3607059479475985,0.5504913069241474,1.7177341168129503,1.6379312816333713,1.6642240500266328,0.2472727272727273,0.027272727272727327,0.02581818181818185,0.0,0.0010909090909090979,0.003272727272727294,0.0043636363636363916,0.0036363636363636598,0.004000000000000026,0.007636363636363686,0.000727272727272732,0.0010909090909090979
83,83,0.9745454545454545,0.9744528430371127,0.9555073941866394,0.9977052524222335,3.2526450607464295,0.7702024391794141,2.124749446828402,1.1802201746740446,1.6054237301942673,0.22763636363636355,0.013818181818181775,0.01818181818181811,-0.010181818181818247,-0.0072727272727273196,-0.00545454545454549,-0.001454545454545475,-0.0043636363636363916,-0.005090909090909123,-0.002909090909090928,0.008363636363636306,0.0076363636363635965
84,84,0.9781818181818182,0.9781818181818182,0.9684004902711812,0.9973954343496246,3.0094125080174337,0.12920441838917077,1.9206461600685971,2.605186665606795,1.8352218816439148,0.3083636363636363,0.012363636363636332,0.010181818181818148,0.0,0.0,0.0,0.0036363636363636598,0.0,0.0,0.0036363636363636598,-0.000363636363636366,-0.003272727272727294
85,85,0.9818181818181818,0.9817569899574455,0.9686480756686235,0.9951076320939334,3.7927833922750755,0.7891828766670459,2.502897145236486,1.4286886384315716,0.8807163015364512,0.24363636363636365,0.037090909090909105,0.030181818181818164,0.003272727272727294,0.000363636363636366,0.0,-0.003272727272727294,0.0043636363636363916,0.007272727272727308,0.004000000000000026,0.0043636363636363916,0.0036363636363636598
86,86,0.9963636363636363,0.9963538606525956,0.9923076923076923,1.0,3.628307353163443,0.7228045519631736,2.358024809314837,1.3053668287453772,1.0018739872783389,0.31127272727272726,0.030909090909090886,0.03636363636363634,0.004000000000000015,-0.0010909090909090979,0.00436363636363637,0.0036363636363636598,0.000727272727272732,0.000363636363636366,0.000363636363636366,0.002909090909090928,0.0029090909090909167
87,87,0.9745454545454545,0.9747610695187164,0.9719243143863949,0.996629385628926,3.5632515062753174,1.0735479971620374,2.036763274676261,1.2226104681756078,1.4231349505112498,0.28618181818181815,0.0072727272727272085,0.006545454545454488,0.0,0.0,0.0,-0.002909090909090928,-0.0036363636363636598,-0.0021818181818181958,0.0,-0.0036363636363636598,-0.003272727272727294
88,88,0.9781818181818182,0.9778918341932041,0.9545924042587002,0.9991260130303512,3.9953936851788927,0.007984494890896806,2.2582417768733496,1.7444927325357495,0.9488660636576295,0.2723636363636363,0.009090909090909049,0.016363636363636348,-0.0010909090909090979,-0.0018181818181818299,-0.0043636363636363916,0.002909090909090928,0.0,0.0036363636363636598,0.0069090909090908535,0.003272727272727294,-0.000727272727272732
89,89,0.9745454545454545,0.9744619480072387,0.9580315467568002,0.9970223724448736,3.3589268563976815,0.5159978370084891,2.3418115383113216,2.2027710733361023,0.961855477450609,0.2636363636363636,0.017818181818181768,0.007636363636363585,-0.002909090909090928,0.0,-0.0036363636363636598,0.00363636363636356,-0.0036363636363636598,-0.0036363636363636598,-0.006909090909090953,0.0018181818181817523,-0.000363636363636366
90,90,0.9709090909090909,0.9707055471761354,0.9477272727272728,0.9953719008264463,3.690183601723794,0.8309396052834419,2.408003796255122,0.932991228032094,1.4385320862745976,0.23163636363636364,0.0181818181818182,0.022909090909090934,-0.0047272727272726685,-0.0032727272727271937,0.003272727272727294,-0.0003636363636363549,0.000363636363636366,0.0,-0.0003636363636363549,-0.0003636363636363438,0.005090909090909123
91,91,0.9818181818181818,0.9817759344472137,0.973971278652306,0.9964788732394366,3.645437294755052,0.6710989085507126,2.148437976541167,1.6665911909133762,1.3163827926130414,0.3385454545454545,0.025818181818181785,0.028363636363636334,0.000363636363636366,0.0010909090909090979,0.000363636363636366,0.0010909090909090979,0.0,0.000363636363636366,0.0,0.004727272727272758,0.004000000000000026
92,92,0.9709090909090909,0.970371511727444,0.9412009692563986,0.9968196274420719,3.6200497397240055,0.2806403686460376,2.301383127398746,1.301900828398337,1.4770492775130617,0.2720000000000001,0.015636363636363636,0.008363636363636406,0.0036363636363636598,-0.0021818181818181294,0.0,-0.006909090909090842,0.0,-0.0036363636363635488,-0.0036363636363635488,0.001818181818181841,0.0
93,93,0.9890909090909091,0.9890512184444769,0.9788798232194459,0.9994900560938297,3.568986323675476,0.6677047919621787,2.068933973949841,1.5702906256718743,1.1784920928415863,0.25236363636363646,0.015636363636363705,0.01236363636363642,-0.0003636363636363549,0.0,0.0,-0.00363636363636356,0.0,0.003272727272727294,0.003272727272727294,-0.00036363636363633266,-0.0014545454545454195
94,94,0.9818181818181818,0.9818763345599928,0.975575406405923,0.9970223724448737,3.6989251149026416,0.27499444820768765,1.954342252285345,1.5987848423062858,1.6494695815507567,0.2752727272727272,0.014909090909090894,0.008000000000000018,0.0,0.0,-0.003272727272727294,-0.0036363636363636598,0.0,-0.0072727272727273196,-0.0072727272727273196,0.001454545454545464,0.000363636363636366
95,95,0.9854545454545455,0.9853527735880677,0.9704545454545455,0.998099173553719,2.551930472638713,0.6667121827343652,2.162007840208165,1.6784692602563187,1.8410165020235743,0.25636363636363646,0.022545454545454556,0.026181818181818195,-0.0010909090909090979,0.007636363636363686,0.0021818181818181958,0.003272727272727294,0.000363636363636366,0.004000000000000026,0.000363636363636366,0.00545454545454549,0.0025454545454545617
96,96,0.9854545454545455,0.9854545454545455,0.9781503257587796,0.9993643731129827,3.96972871535697,0.2761058199164239,2.0933967262020525,1.2370763769011952,1.6607695416357358,0.25709090909090915,0.02254545454545457,0.017454545454545455,0.000727272727272732,-0.0025454545454545617,-0.0036363636363636598,-0.000727272727272732,-0.0036363636363636598,0.0043636363636363916,0.000363636363636366,0.0043636363636363916,0.000363636363636366
97,97,0.9781818181818182,0.9783515151515152,0.97074227921257,0.9989163807115766,3.689264072339778,0.4798287261381383,2.349798797116625,1.8258069054627273,0.8112049346089693,0.22872727272727267,0.01672727272727269,0.009090909090909061,-0.000727272727272732,-0.0072727272727273196,-0.000727272727272732,-0.003272727272727294,-0.004000000000000026,-0.0036363636363636598,-0.00545454545454549,0.001454545454545464,-0.005090909090909123
98,98,0.9818181818181818,0.9816715461525712,0.967304625199362,0.9992750471219372,3.6496926819174322,1.0361495360592334,1.8174673572559212,0.7759483216800647,1.6982499116833691,0.30181818181818176,0.01890909090909092,0.019272727272727275,-0.001454545454545464,0.000363636363636366,-0.0021818181818181958,-0.009818181818181804,0.0,-0.009454545454545448,-0.00800000000000003,-0.005818181818181856,-0.0018181818181818299
99,99,0.9636363636363636,0.9634066711931006,0.9398932831136222,0.9937225360954175,3.726044192178442,-0.09355981448206577,1.683398878220135,3.0145315082182145,1.152819184722049,0.26145454545454544,0.013090909090909065,0.018181818181818177,0.0036363636363636598,0.000363636363636366,0.0,-0.002909090909090928,-0.002909090909090928,-0.003272727272727294,-0.000363636363636366,0.0,0.002909090909090928
100,100,0.9854545454545455,0.9855563173210232,0.9838092809790924,0.9962604113547511,3.783942819066503,0.3104428464808253,1.5434300245774342,1.6254571834136338,2.2081442087033336,0.25236363636363635,0.019272727272727275,0.021090909090909115,0.000727272727272732,0.005818181818181856,-0.0010909090909090979,-0.0010909090909090979,0.000727272727272732,-0.000363636363636366,-0.000363636363636366,0.005818181818181856,0.001454545454545475
101,101,0.9818181818181818,0.9817569899574455,0.9686480756686235,0.9989399869536856,3.2184324895681797,0.17377429906280775,2.35179361463478,2.2530719390255873,1.4360386524465834,0.2545454545454546,0.008363636363636396,0.007636363636363641,-0.002909090909090928,-0.002909090909090928,-0.0025454545454545617,-0.009454545454545448,-0.002909090909090928,-0.007636363636363641,-0.007636363636363663,-0.001454545454545464,-0.002909090909090928
102,102,0.9818181818181818,0.9818843328955688,0.9740427733701276,0.9991376336667817,3.924684571762458,0.6569111776314672,2.2428635871549747,0.929413924496992,1.1502244109941322,0.24763636363636365,0.005818181818181845,0.00436363636363638,0.004727272727272758,-0.0003636363636363549,0.0043636363636363916,0.003272727272727294,-0.008000000000000018,-0.000727272727272732,-0.0010909090909090979,-0.008363636363636384,-0.0061818181818182215
103,103,0.9709090909090909,0.9707206297645697,0.9499841093278245,0.9973780390910535,4.151172703566495,0.3520067808905375,2.03756198743798,1.348207865392191,0.937241376821241,0.2410909090909091,0.022181818181818212,0.02581818181818184,-0.0069090909090908535,-0.004727272727272658,0.002909090909090928,-0.0025454545454544953,-0.0010909090909090647,-0.002909090909090839,-0.002909090909090839,-0.00290909090909085,-0.0007272727272726986
104,104,0.9781818181818182,0.9784718021704322,0.9794285235461706,0.9983241159711748,3.706986288638352,0.7949016491234071,1.8206047880471976,1.8653781249148447,0.45436409703498054,0.2752727272727272,0.0058181818181818005,0.0007272727272727098,-0.000727272727272732,0.004000000000000015,0.0036363636363636485,0.003272727272727294,0.002909090909090928,-0.0018181818181818299,0.0025454545454545617,0.002909090909090928,0.0010909090909090979
105,105,0.9672727272727273,0.967162581923402,0.9462247227658187,0.9942922374429224,2.7382083589339525,1.0674119930199648,1.562638272624692,1.9063773339785497,1.8550631639013393,0.2370909090909091,0.016363636363636358,0.019636363636363653,-0.010181818181818136,-0.006181818181818155,-0.0018181818181818299,-0.0018181818181818299,-0.0065454545454544984,-0.0003636363636363549,0.0065454545454545765,-0.0025454545454545396,-0.004363636363636359
106,106,0.9709090909090909,0.970550704787993,0.9461467749348859,0.9980082733261836,3.7133862223624297,0.509884503797861,1.5076124870479968,1.0353124002605008,2.015685671654119,0.24327272727272736,0.010909090909090946,0.023636363636363678,0.000363636363636366,0.003272727272727294,0.0043636363636363916,0.001454545454545475,0.00036363636363638817,-0.010545454545454502,-0.005818181818181755,0.005090909090909123,-0.00036363636363633266
107,107,0.9854545454545455,0.9854545454545455,0.9796356635071091,0.9976303317535545,3.8419491925718465,0.5234371854237732,2.144428849466985,1.1589474667869444,1.3454151028383081,0.30036363636363633,0.020000000000000018,0.03272727272727273,0.0036363636363636598,0.004727272727272758,0.0061818181818182215,0.006909090909090953,0.0036363636363636598,0.01163636363636369,0.010909090909090946,0.009454545454545493,0.0018181818181818299
108,108,0.9854545454545455,0.9853693051241694,0.9734590337725277,0.999015598970165,3.620023182008755,0.543309420242207,1.8832475217191873,1.101733292035052,1.205097335470187,0.2861818181818182,0.014909090909090927,0.014181818181818195,-0.0025454545454545617,-0.002909090909090928,-0.0018181818181818299,-0.001454545454545464,-0.0036363636363636598,0.00545454545454549,0.0010909090909090979,0.0021818181818181958,0.0021818181818181958
109,109,0.9890909090909091,0.9890551205745309,0.9801625623692258,0.998229518751006,3.6887836395027933,0.6152536395188691,1.4418971932702747,1.784868695583543,1.7301238808138866,0.2861818181818182,0.011272727272727346,0.01490909090909095,0.0036363636363636598,0.0036363636363636598,0.000727272727272732,0.004000000000000026,0.0036363636363636598,0.000363636363636366,0.0036363636363636598,0.002909090909090928,0.003272727272727294
110,110,0.9890909090909091,0.9892069020408086,0.9932735426008968,0.999482580200069,3.9317754143765775,0.13089021599670062,2.6666281868908404,1.4409256237402948,1.0622372982885002,0.2690909090909091,0.013818181818181886,0.00981818181818187,-0.003272727272727205,0.0,0.000727272727272732,0.0043636363636363916,-0.0014545454545454085,-0.003272727272727205,-0.002545454545454484,-0.0036363636363635488,-0.002909090909090839
111,111,0.9890909090909091,0.9892350786468435,0.9935064935064934,0.996654860291224,3.7665992195315208,0.3759505980479398,2.2321668890499238,1.0059939724122293,1.9184481567843383,0.21563636363636363,0.020363636363636382,0.021454545454545493,0.003272727272727294,0.000727272727272732,0.0036363636363636598,0.0072727272727273196,0.0,0.0072727272727273196,0.0072727272727273196,0.003272727272727294,0.0036363636363636598
112,112,0.9745454545454545,0.9741860962566844,0.9514652014652014,0.9981684981684982,3.6657618485144208,0.23533094473261215,2.2075627039649888,2.04241078788014,1.2366770008170975,0.30399999999999994,0.0032727272727272163,0.0072727272727272085,-0.0036363636363636598,-0.000363636363636366,0.0,0.002909090909090839,-0.0036363636363636598,0.0003636363636363549,0.0,0.003636363636363571,0.0021818181818181294
113,113,0.9818181818181818,0.9818843328955688,0.9740427733701276,0.9982752673335633,3.7817145133950203,0.24372919439351473,1.9773454691074115,1.7048159334928565,1.1481714583334293,0.2727272727272727,0.015272727272727271,0.014545454545454539,-0.000363636363636366,0.007272727272727297,0.001454545454545464,0.0043636363636363916,-0.0036363636363636598,0.005454545454545478,0.0043636363636363916,0.0018181818181818299,-0.0021818181818181958
114,114,0.9781818181818182,0.9780121212121213,0.9563200280112045,0.99781162464986,3.198888162098519,0.9374488845964665,1.9355821478902946,1.1173407783276303,2.2463053851618433,0.21854545454545454,0.01345454545454543,0.01345454545454543,0.0036363636363636485,0.002909090909090928,0.0,0.0036363636363636264,-0.000363636363636366,0.010181818181818136,0.0,-0.000363636363636366,0.0036363636363636598
115,115,0.9818181818181818,0.981634606235973,0.962618702720103,0.9977466602285531,3.0731828251342352,0.3540432757855103,1.7460184416672582,2.0109080784858917,2.016913273047142,0.2534545454545455,0.021090909090909105,0.029454545454545435,0.004000000000000015,0.008363636363636384,0.0010909090909090868,0.00436363636363638,0.00800000000000003,0.005090909090909123,0.004000000000000026,0.010909090909090879,0.007636363636363652
116,116,0.9745454545454545,0.9747777212551335,0.9712378833624662,0.9975369458128079,2.993596833277402,0.28804769691033927,1.7777933173950997,2.04758269104731,2.1491069893999613,0.2672727272727272,0.010909090909090858,0.0014545454545454085,0.0032727272727271937,-1.1102230246251566e-17,0.0003636363636363549,-2.2204460492503132e-17,-0.003272727272727294,0.003272727272727205,0.0,0.0003636363636363549,0.0003636363636363549
117,117,0.9781818181818182,0.9783231640402089,0.9730104370515329,0.9982061317677756,4.073364070477796,1.0779117123686277,2.108795881487352,0.5565398219164531,1.583794101135241,0.26509090909090904,0.010909090909090858,0.014181818181818129,0.00509090909090909,0.0,0.002909090909090928,0.000727272727272732,-0.003272727272727294,0.0069090909090908535,0.0025454545454545617,-0.008363636363636417,-0.004000000000000026
118,118,0.9854545454545455,0.985700227357562,0.991304347826087,0.9987439613526571,3.133217910544585,0.5529347498775121,1.9014703703198295,1.6828579311573033,1.9530075142252397,0.21927272727272734,0.005090909090909113,-0.0007272727272726986,0.002909090909090928,0.002909090909090928,0.000363636363636366,0.002909090909090928,-0.0010909090909090979,0.002909090909090928,0.002909090909090928,-0.00436363636363637,-0.0010909090909090868
119,119,0.9781818181818182,0.9779323448019496,0.9585678317535544,0.9991854265402843,3.518277353371894,0.7730281363198535,2.2698956259060306,1.5457981115821948,0.8306907817225514,0.29599999999999993,0.009090909090909061,0.02290909090909088,-0.0072727272727273196,-0.004727272727272758,-0.0036363636363636598,-0.006545454545454588,-0.0061818181818182215,-0.006909090909090953,-0.0036363636363636598,-0.0025454545454545617,-0.006909090909090953
120,120,0.9818181818181818,0.9816480670984137,0.9643410852713179,0.9976744186046511,2.6494420445409776,0.6745854344189047,2.539148228063773,1.8501212024738642,1.4304038279322469,0.2672727272727273,0.020727272727272726,0.026909090909090893,-0.004000000000000026,0.0010909090909090979,0.003272727272727294,0.001454545454545464,0.000727272727272732,0.009090909090909104,0.0010909090909090979,0.008727272727272717,0.000363636363636366
121,121,0.9781818181818182,0.9783385100366232,0.97180062090376,0.9980165574335977,3.7713273480701277,0.6175105092224928,2.0772067250008384,1.8717882938713828,0.7439352892698043,0.2516363636363636,0.014909090909090894,0.013090909090909075,-0.0025454545454545617,-0.004727272727272758,-0.005818181818181856,0.0,-0.0025454545454545617,-0.0021818181818181958,0.000727272727272732,-0.00545454545454549,-0.004000000000000026
122,122,0.9854545454545455,0.9852400514283921,0.962962962962963,0.9999162057985588,4.237154758902606,0.4392731722867557,1.8599456865570263,1.3163166120753136,1.0204597564474174,0.28145454545454546,0.005090909090909123,0.01054545454545459,0.0,0.0,0.000363636363636366,0.006909090909090953,0.002909090909090928,-0.0010909090909090979,-0.0021818181818181958,-0.004727272727272724,-0.0010909090909090979
123,123,0.9818181818181818,0.9818778293454791,0.975293542074364,0.9968199608610567,3.3036485476833457,0.7094124917485579,2.333785754710467,1.8284613087336798,1.4679653257392946,0.28945454545454546,0.010909090909090901,0.0061818181818181885,-0.000727272727272732,0.000363636363636366,0.006909090909090953,0.008363636363636384,0.0010909090909090979,0.0036363636363636598,0.01018181818181817,0.0036363636363636598,-0.000727272727272732
124,124,0.96,0.9603649905437813,0.9493882091212458,0.9928491975210552,3.560449889441476,0.35457931482835287,1.7503098271336843,1.8438210435082854,1.546956992418996,0.2789090909090909,0.011999999999999966,0.007999999999999962,-2.2204460492503132e-17,0.0007272727272727098,-0.00545454545454549,0.0007272727272726875,-0.008363636363636417,-0.000363636363636366,0.0003636363636363549,-0.00545454545454549,-0.0007272727272727541
125,125,0.9781818181818182,0.978503559221048,0.9788888888888889,0.9983111111111111,3.608220867848935,0.7856657812749236,2.4856986183131733,0.7910524525780043,1.7112249356516884,0.23672727272727273,0.0014545454545454417,0.0018181818181817965,0.000363636363636366,0.00436363636363637,0.004727272727272724,0.007272727272727231,-0.0036363636363636598,0.006909090909090865,0.000363636363636366,0.000363636363636366,0.0
126,126,0.9781818181818182,0.9779975567545555,0.953928046989721,0.9981644640234949,4.109117752845586,0.6763972534883103,2.2899456185258176,0.5947335894202649,1.6138548148676508,0.22254545454545452,0.002545454545454551,0.008363636363636328,-0.001454545454545475,0.0,0.0,-0.000363636363636366,0.005818181818181789,0.004000000000000015,0.004363636363636359,-0.0043636363636363916,-0.00545454545454549
127,127,0.9890909090909091,0.9890551205745309,0.9801625623692258,0.9983904715918237,3.891684968324575,0.42322452596704624,2.2883181597822873,1.1347681367284994,1.1763712754078899,0.2716363636363637,0.026909090909090973,0.032000000000000015,0.001454545454545464,0.0010909090909090979,0.004000000000000026,0.002181818181818207,0.000363636363636366,0.004727272727272758,0.000363636363636366,0.006545454545454588,0.005818181818181856
128,128,0.9745454545454545,0.9744640407069193,0.9586047989829969,0.9959478785952646,3.4710425751047174,0.735350951697849,1.815807500896101,1.5821541819721203,1.7171863979781,0.26290909090909087,0.02254545454545447,0.018181818181818098,0.0,-0.005818181818181856,-0.000727272727272732,-0.0025454545454545617,0.0039999999999999255,-0.0018181818181818299,-0.003272727272727294,0.008363636363636306,0.0072727272727272085
129,129,0.9781818181818182,0.9778684344722082,0.9522727272727273,0.9972727272727273,4.079212785931243,0.7218535074054188,2.591169709880846,0.97427369713392,1.1424876746000914,0.25490909090909086,0.010545454545454502,0.014181818181818162,-0.000363636363636366,0.0010909090909090979,0.0,0.0018181818181818078,-0.000363636363636366,0.000363636363636366,0.0065454545454544984,0.0021818181818181958,0.0025454545454545617
130,130,0.9854545454545455,0.9852840647937937,0.9682539682539683,0.9989517819706499,3.7005319308285096,0.3201921749871638,2.3164521224648587,1.5985405953646554,1.1689655912070025,0.296,0.022909090909090934,0.021454545454545483,0.003272727272727294,0.0025454545454545617,0.0,-0.002909090909090928,0.0036363636363636598,-0.002545454545454551,-0.003272727272727294,0.000727272727272732,0.002909090909090928
131,131,0.9854545454545455,0.9854545454545455,0.9786821705426356,0.998217054263566,3.775459339985273,0.5161521064808783,1.343303462284747,1.3741483727182222,2.016916898663773,0.26981818181818185,0.015272727272727294,0.017454545454545466,-0.0065454545454544984,0.0010909090909090979,0.004727272727272758,0.003272727272727294,0.0072727272727273196,-0.004000000000000015,0.004000000000000026,0.0,0.002909090909090928
132,132,0.9963636363636363,0.9963522953823185,0.9915254237288136,0.9997645951035782,4.107720573326375,0.4100299707679851,1.7852563900070813,1.0710132248123707,1.8028686871306454,0.27963636363636357,0.013818181818181795,0.025818181818181796,0.004000000000000015,0.0036363636363636598,0.00436363636363637,-0.000363636363636366,0.000727272727272732,0.000363636363636366,0.0,0.007636363636363575,0.0040000000000000036
133,133,0.9781818181818182,0.9780687255328404,0.965341561423651,0.9969144661308841,3.5698765020938574,0.6739423491421436,2.092786321780412,1.643733078066791,1.3402471282280037,0.31527272727272726,0.0,0.018545454545454487,0.0,0.0,-0.0021818181818181958,-0.0043636363636363916,-0.003272727272727294,-0.006909090909090953,-0.0010909090909090979,-0.004000000000000026,-0.000363636363636366
134,134,0.9781818181818182,0.9783385100366232,0.97180062090376,0.9972404277337013,3.6082118138346613,0.3689390068695556,2.1812006440888414,2.138062743747519,1.1556890327526468,0.2618181818181818,0.009454545454545405,0.0032727272727272492,-0.0036363636363636598,-0.003272727272727294,-0.006909090909090953,-0.003272727272727294,-0.000363636363636366,-0.0036363636363636598,-0.0021818181818181958,-0.0036363636363636598,-0.0072727272727273196
135,135,0.9854545454545455,0.9853809623212609,0.9755257175333902,0.9977976697925547,2.9021232857684818,0.4526461868997504,1.8692877307288396,1.8681078308172976,1.664016342152801,0.2912727272727273,0.022909090909090924,0.021818181818181827,-0.000363636363636366,0.0,0.000727272727272732,0.006909090909090953,0.0,0.006909090909090953,0.003272727272727294,-0.0018181818181818299,-0.001454545454545464
136,136,0.9672727272727273,0.9669885811909001,0.9453054806828391,0.9949086552860138,3.280425890400569,0.6451532950110916,1.1641542489921537,2.6496812242089214,2.1703719799940484,0.3014545454545455,0.016727272727272723,0.017818181818181823,-0.0025454545454545617,-0.000363636363636366,0.001454545454545464,-0.002181818181818185,-0.0040000000000000036,0.0,0.0,-0.00436363636363637,-0.0032727272727272826
137,137,0.9890909090909091,0.9891209633612047,0.9873465109314166,0.999026654687032,4.261583594012383,0.4897938528450876,1.7603816766033584,1.0454184220062304,1.4389176171968003,0.2996363636363637,0.017090909090909146,0.014545454545454606,0.003272727272727294,0.000363636363636366,0.000363636363636366,0.0036363636363636598,-0.0032727272727271937,0.0043636363636363916,0.0,0.00036363636363638817,-0.0010909090909090647
138,138,0.9745454545454545,0.9746311231504854,0.9636363636363636,0.9954545454545455,3.4468608158456395,0.9818225736817718,2.2200913909556066,1.9924139789595332,1.1011984735354992,0.26981818181818173,0.0025454545454544953,0.015999999999999938,-0.001454545454545475,-0.0010909090909090979,0.004363636363636292,0.0003636363636363549,0.0003636363636363549,0.006545454545454477,0.006909090909090842,0.010181818181818136,0.0014545454545454306
139,139,0.9745454545454545,0.9743189042362596,0.9549825836740875,0.9961381190368015,3.829455468817995,0.8576649988490702,1.856235117102597,1.490947357546902,1.5045705007005197,0.25636363636363635,0.021818181818181737,0.025454545454545386,-0.0036363636363636598,0.002909090909090839,-0.00545454545454549,-0.005090909090909123,0.0,0.0032727272727272163,0.0007272727272727098,-0.0036363636363636598,-0.0025454545454545617
140,140,0.9781818181818182,0.9780209476622033,0.9577596464388918,0.9983001869794323,2.980109693054369,0.6796223098641256,2.0419326128822894,1.5999069906728303,1.9711184953454726,0.25018181818181817,0.011999999999999955,0.015636363636363594,-0.003272727272727294,0.0,0.002909090909090928,0.003999999999999981,-0.0036363636363636598,0.0032727272727272605,0.013818181818181795,0.0025454545454545396,0.005090909090909057
141,141,0.9818181818181818,0.9817502581691023,0.9666695412211107,0.9976716109003104,2.6539152403039177,0.4802234664972214,1.976279257238117,2.437002490652159,1.7286388870548892,0.21563636363636363,0.01090909090909089,0.017454545454545445,0.000363636363636366,0.0058181818181818334,0.0025454545454545617,0.000363636363636366,0.0036363636363636598,-0.002909090909090928,0.000363636363636366,0.00545454545454549,0.010181818181818158
142,142,0.9709090909090909,0.9709090909090909,0.960127591706539,0.9949253298535594,3.4586915401879823,0.054864932377358164,2.249560114648382,2.2432723092792104,1.6406846758743472,0.3127272727272728,0.01563636363636365,0.010181818181818226,0.0036363636363636598,0.003272727272727294,0.0007272727272727431,0.00036363636363637706,2.2204460492503132e-17,0.000727272727272732,0.0,0.0025454545454545617,0.003272727272727294
143,143,0.9890909090909091,0.9890585447610242,0.9812701087789184,0.9973954343496246,3.559737543080103,0.4351200715331584,2.6516320767423673,1.617319883920325,1.1608306080487814,0.2880000000000001,0.016363636363636413,0.02436363636363641,0.0036363636363636598,0.0010909090909090979,0.005090909090909123,0.0061818181818182215,0.0,0.002909090909090928,0.00036363636363637706,0.000363636363636366,0.0010909090909090979
144,144,0.9745454545454545,0.9748547949626669,0.9677584919746174,0.9944008958566629,3.5911319357751306,0.6813032940652005,2.0713753778497535,1.5173341032989447,2.108409781851234,0.24727272727272717,-0.005090909090909123,0.005818181818181778,-0.0036363636363636598,-0.0021818181818181958,0.006909090909090842,0.0039999999999999255,0.0,0.009818181818181771,-1.1102230246251566e-17,0.005818181818181745,-0.002909090909090928
145,145,0.9818181818181818,0.9817465116799927,0.9655555555555555,0.9981333333333333,3.7030931485760585,0.21018045037681699,2.5740293187622827,1.4630172194352942,1.2422084719821744,0.24545454545454545,0.018545454545454552,0.0170909090909091,0.0043636363636363916,0.0,0.0,0.0010909090909090979,-0.000363636363636366,-0.003272727272727294,0.002909090909090928,0.0018181818181818299,-0.0010909090909090979
146,146,0.9636363636363636,0.9636363636363636,0.9446724609689361,0.9938033156285209,3.7114233571844775,0.20135912512307086,1.6891352478719794,1.9615938112875781,2.614501556779121,0.25309090909090903,-1.1102230246251566e-17,0.008727272727272695,0.004000000000000015,-0.0065454545454545765,0.0025454545454545396,-0.0018181818181818299,0.0021818181818181958,0.0025454545454545617,-0.000363636363636366,-0.000727272727272732,-0.005818181818181856
147,147,0.9854545454545455,0.9854545454545455,0.9778689843875745,0.9993561886367295,3.255447730991864,0.007742704705590343,2.3308490809553044,1.8861313178668964,1.603908818332804,0.2756363636363637,0.011636363636363677,0.00800000000000004,-0.000363636363636366,0.0,0.0018181818181818299,0.002909090909090928,0.0,0.0,0.0043636363636363916,-0.000727272727272732,0.001454545454545464
148,148,0.9818181818181818,0.9818748867247713,0.9758461782933419,0.9983314794215796,3.169399880921878,0.41350365947359163,2.0225613534995612,2.1733689950030084,1.3408309837734764,0.3,0.0043636363636363916,0.010545454545454547,0.0,0.00545454545454549,0.00800000000000003,0.013818181818181795,0.0021818181818181958,0.011999999999999966,0.014181818181818162,-0.0036363636363636598,0.003272727272727294
149,149,0.9963636363636363,0.9963816488457236,0.9978632478632479,1.0,3.9804710051638685,0.4872336915347346,2.055396274704344,1.1076924942961206,1.5665478990474397,0.21963636363636363,0.010545454545454514,0.01636363636363637,0.0010909090909090979,0.0036363636363636598,0.0010909090909090868,0.007999999999999962,-0.0036363636363636598,0.007636363636363575,0.004000000000000015,0.007636363636363575,-0.0018181818181818299
150,150,0.9745454545454545,0.9744640407069193,0.9586047989829969,0.997616399173685,3.2161113927566234,0.7200295267832726,1.890923000221497,1.964295816508243,1.3024708083587644,0.26072727272727264,0.02399999999999993,0.024727272727272674,-0.0040000000000000365,-0.000727272727272732,0.0,0.0021818181818181294,0.0,-0.0025454545454545617,0.0036363636363635488,-0.0021818181818181958,-0.0018181818181818299
151,151,0.9818181818181818,0.9820219527654205,0.981111111111111,0.9985777777777778,3.4127211243043796,1.3502602465022848,1.6873169105148382,0.8806358268905723,1.8082536997588572,0.20290909090909093,0.025090909090909042,0.015636363636363636,-0.004000000000000026,-0.006545454545454588,-0.003272727272727294,0.0,0.0036363636363636598,-0.0025454545454545617,-0.003272727272727294,0.005454545454545478,-0.0010909090909090979
152,152,0.9781818181818182,0.9785850025680535,0.9863013698630136,0.997716894977169,3.9268246395188755,0.010338024580589949,2.2967677386812375,1.2280878614140263,1.8057702432790705,0.25309090909090903,0.00654545454545451,0.0076363636363635965,-0.0010909090909090979,0.0036363636363636485,0.0,0.0036363636363636485,0.000363636363636366,0.00654545454545451,0.0036363636363636598,0.002909090909090928,-0.0036363636363636598
153,153,0.96,0.9598752492055033,0.9375784682988073,0.9937225360954175,4.222978528089061,0.3962247436672816,2.180629563529647,1.1498048828255132,1.2905304693266129,0.2803636363636363,0.003999999999999937,0.0076363636363635965,0.0014545454545454195,-0.000727272727272732,-0.002909090909090928,0.006545454545454477,0.0,0.009818181818181771,0.006909090909090842,-0.000727272727272732,-0.000363636363636366
154,154,0.9781818181818182,0.9781818181818182,0.9676318267419963,0.9980382925298179,3.152188550342301,0.8560593830431525,1.8456046640188772,0.9835701574397696,2.3554805494632785,0.2803636363636363,0.006181818181818177,0.007636363636363608,0.0,-0.009454545454545516,0.000727272727272732,0.007272727272727231,-0.006909090909090953,0.006909090909090865,0.006545454545454521,0.0,-0.001454545454545464
155,155,0.9818181818181818,0.9817668449197862,0.9714734950584007,0.9988769092542678,2.954379395733151,0.3659401716120854,2.25065017177518,1.8826327076532288,1.531474014964091,0.27381818181818174,0.014545454545454528,0.023999999999999976,0.005090909090909102,-0.0036363636363636598,0.006545454545454554,0.009090909090909094,-0.000363636363636366,0.003272727272727294,0.008363636363636373,0.005454545454545478,-0.000363636363636366
156,156,0.9781818181818182,0.9781818181818182,0.9638918067226891,0.9976365546218486,3.0503241473920677,0.789487619781405,2.061724079279454,1.162925908616886,2.0953709545109023,0.23672727272727273,0.013818181818181795,0.011999999999999966,0.0021818181818181958,-0.000363636363636366,0.005818181818181789,0.0,0.005818181818181789,0.0025454545454545617,0.0021818181818181958,0.000727272727272732,0.007636363636363585
157,157,0.9781818181818182,0.9783035203789922,0.9744812963804331,0.9983340905648947,3.7932509588715444,0.3955000640984869,2.1901645001090304,0.7476185894097804,1.8867606528526046,0.29599999999999993,0.006545454545454532,0.006909090909090909,-0.000727272727272732,0.0,0.000727272727272732,0.0036363636363636485,-0.003272727272727294,0.0,-0.0036363636363636598,0.002545454545454551,-0.0072727272727273196
158,158,0.9563636363636364,0.956850445152332,0.9485215259690516,0.9947908686992493,3.0671293360437857,0.39717740516494826,1.9129883754720602,2.0691071269796075,2.0175790874601027,0.26000000000000006,0.002545454545454573,-0.0021818181818181294,0.005090909090909123,0.0025454545454545617,-0.004727272727272658,0.004727272727272758,0.003272727272727294,0.0072727272727273196,0.0036363636363636598,0.006545454545454588,-0.011999999999999966
159,159,0.9781818181818182,0.9779923019831888,0.9530608435983576,0.9968271743187757,2.7040744688227747,1.1664713832381193,1.6656879038220196,0.839427883410947,3.04997743381728,0.1887272727272727,0.009090909090909038,0.012363636363636344,-0.000727272727272732,-0.001454545454545464,0.0018181818181818299,0.0036363636363636377,-0.002909090909090928,-0.0018181818181818299,-0.0025454545454545617,0.004727272727272714,-0.000363636363636366
160,160,0.9818181818181818,0.9818793736789181,0.975,0.9991735537190083,3.4754297633247706,0.24508332071717284,2.0369375531558007,1.9535396817512873,0.9919578641537873,0.2730909090909091,0.016727272727272712,0.009454545454545448,0.0025454545454545617,0.0,0.0,0.0,0.0,0.004000000000000026,0.004000000000000026,0.0025454545454545617,0.0
161,161,0.9854545454545455,0.9855590066910821,0.9836581579855121,0.9991376336667817,3.100662137973907,0.8950364296915178,1.4029762551813765,1.8602907381893972,1.5213432174068602,0.27054545454545453,0.000727272727272732,0.00545454545454549,-0.0032727272727272605,-0.000363636363636366,-0.003272727272727294,0.0,-0.003272727272727294,-0.000363636363636366,-0.0025454545454545617,0.006545454545454588,0.000363636363636366
162,162,0.9745454545454545,0.9744575506043396,0.9568181818181818,0.9986776859504133,3.6089784218721936,0.25814787628564895,1.780862518352111,1.6640192317804168,2.1951749744768905,0.2683636363636363,0.0043636363636362805,0.003272727272727205,0.0003636363636363438,-0.003272727272727294,-0.002909090909090928,0.0007272727272727098,-0.000363636363636366,0.0007272727272727208,-0.002909090909090928,-0.004727272727272758,-0.005090909090909123
163,163,0.9781818181818182,0.9780209476622033,0.9577596464388918,0.99736528981812,3.0051709499620856,0.45595639336985416,2.403373815008233,1.6373394392846927,1.2398780398088143,0.23563636363636364,0.018909090909090886,0.017454545454545434,-0.002909090909090928,0.007636363636363608,0.005454545454545434,0.010181818181818136,0.0014545454545454527,0.012727272727272698,0.012363636363636332,0.0032727272727272605,-0.0018181818181818299
164,164,0.9818181818181818,0.9818826223459037,0.9743753187149413,0.99736528981812,3.6513094471810077,0.6153153723206624,2.2164259237369093,1.263265427769238,1.2698229651066215,0.2676363636363636,0.011999999999999966,0.011999999999999978,-0.000363636363636366,0.0021818181818181958,0.0032727272727272826,0.004727272727272735,0.0,0.011636363636363611,0.0018181818181818299,0.003272727272727294,-0.006909090909090943
165,165,0.9636363636363636,0.9640732910500351,0.9580088987764183,0.9957889718735102,2.939253165170979,0.4490203316084464,1.9511549971299982,1.9474610949462794,1.7979083753491163,0.2545454545454545,0.010909090909090868,0.006181818181818155,0.0040000000000000036,0.005454545454545434,0.0,0.0036363636363636264,-0.002909090909090928,0.0032727272727272718,0.0032727272727272826,0.0,-0.000727272727272732
166,166,0.9818181818181818,0.9818708014629647,0.9765972115826567,0.9991573464072315,3.1504021657410606,0.44744104950154845,1.998877082929132,1.8587197134495137,1.330603694797525,0.29781818181818176,0.009454545454545448,0.007999999999999997,-0.005090909090909123,-0.004000000000000026,-0.005090909090909123,0.000727272727272732,-0.007272727272727275,0.00618181818181821,-0.000727272727272732,-0.007272727272727308,-0.0010909090909090979
167,167,0.96,0.9602998661311913,0.9529505582137161,0.9951428157169784,2.937396042503506,1.012338086601608,2.1855212778923043,1.1056569910915057,1.8617369096839602,0.23563636363636364,0.017090909090909066,0.020727272727272684,-0.0007272727272727653,0.0047272727272726685,-0.002545454545454573,0.009818181818181771,-0.003636363636363671,-0.0007272727272727653,-0.001454545454545464,-0.0040000000000000365,-0.00981818181818187
168,168,0.9672727272727273,0.9673774022079868,0.9534443907934975,0.9964590375020119,3.2280279457637504,0.43555998384284317,1.7968946519110267,1.9903274582430028,1.3434812747791272,0.2436363636363636,0.016000000000000004,0.01381818181818183,0.010545454545454535,0.007272727272727308,0.004000000000000026,0.007272727272727308,0.0,0.001454545454545464,-0.001454545454545464,0.0043636363636363916,0.0036363636363636598
169,169,0.9854545454545455,0.9854545454545455,0.9762849258364954,0.997412901000345,2.602484989742832,0.26876711566379824,1.947810020177154,2.408911833210803,1.912599834359028,0.23418181818181819,0.018545454545454552,0.02218181818181819,0.004000000000000026,0.0021818181818181958,-0.0010909090909090979,0.001454545454545464,0.0021818181818181958,-0.001454545454545464,0.0043636363636363916,0.003272727272727294,0.003272727272727294
170,170,0.9890909090909091,0.9890501549014613,0.978527078302863,0.998361503966885,3.7505999887588626,0.23602113548921702,1.6929578373138163,2.0528887208591753,1.3594724307445276,0.26981818181818185,0.01890909090909094,0.01745454545454549,0.0,0.0,0.0,-0.0032727272727271937,0.0,0.000727272727272732,0.0010909090909090979,0.0,0.0
171,171,0.9818181818181818,0.9817537412904599,0.9676973353443942,0.9968996145466734,2.990841725035529,0.3813068393118828,1.762689458936855,2.5602101504236767,1.7218297364498574,0.2949090909090909,0.009090909090909094,0.011272727272727257,0.000363636363636366,0.0036363636363636598,0.004727272727272758,0.0072727272727273196,0.004727272727272758,0.010181818181818158,0.004000000000000026,0.003272727272727294,0.004000000000000026
172,172,0.9818181818181818,0.9816480670984137,0.9643410852713179,0.9969767441860465,2.824146728964197,0.09687557440595966,2.2638661882806494,2.604745215768181,1.581559588336093,0.27672727272727266,0.01963636363636364,0.019272727272727275,0.0,0.0018181818181818299,0.0021818181818181958,0.0010909090909090979,0.0,0.0036363636363636598,0.0036363636363636598,0.0,-0.000363636363636366
173,173,0.9854545454545455,0.985360314882285,0.9718337835690449,0.9972985857301764,3.5551841902771435,0.5626746928868813,2.5605319941963867,1.5647155133565005,1.465367329918474,0.24654545454545457,0.006909090909090953,0.018545454545454577,-0.0010909090909090979,-0.0036363636363636598,0.0,0.005818181818181856,0.000363636363636366,0.0,0.001454545454545464,0.008363636363636406,0.00800000000000004
174,174,0.9672727272727273,0.9669814483037623,0.9445706497046797,0.9957595032560957,2.772111520552585,0.17948314717508287,2.494252459111775,1.993676585038476,1.499777270917953,0.27272727272727276,0.01090909090909089,0.012363636363636365,0.0,0.009818181818181792,0.001454545454545464,0.0010909090909090979,-0.0032727272727272826,0.000727272727272732,0.0036363636363636598,-0.0040000000000000036,0.00545454545454549
175,175,0.9890909090909091,0.9889653375137069,0.9711538461538461,0.9999137633666781,3.735035463784011,-0.12357305595751286,2.112247251260731,1.5381502213849192,1.8087061705429057,0.23672727272727276,0.014545454545454606,0.019636363636363684,-0.0072727272727272085,-0.0021818181818181294,0.0025454545454545617,-0.0007272727272727098,-0.0036363636363635488,-0.0032727272727271937,-0.004727272727272647,0.00909090909090915,0.004727272727272758
176,176,0.9818181818181818,0.9817600290763708,0.9695296361036072,0.9981725726998252,3.8047307928933383,0.5494141539898051,1.7218866026438586,1.5847273274791178,1.3578079233178701,0.2716363636363637,0.01709090909090909,0.01527272727272726,0.0018181818181818299,-0.000363636363636366,-0.000727272727272732,0.004727272727272758,0.003272727272727294,0.000363636363636366,0.005090909090909123,-0.0021818181818181958,0.004727272727272758
177,177,0.9818181818181818,0.9818861054672615,0.9736957282913166,0.9964985994397759,3.3772619682773937,0.9139399825166514,2.330377280716853,1.46650059295555,1.2932837712441383,0.23890909090909088,0.017454545454545445,0.01272727272727272,0.006545454545454588,0.0,0.0043636363636363916,0.0072727272727273196,0.000727272727272732,0.004000000000000026,0.0036363636363636598,0.001454545454545464,0.0
178,178,0.9745454545454545,0.9744451163519899,0.9533333333333334,0.9959111111111111,2.9441099596437477,0.4579612781750114,1.9047544749566543,1.7973855473073672,2.1551145244717254,0.24363636363636357,0.005090909090909046,0.014545454545454483,-0.0025454545454545617,0.003272727272727205,0.006545454545454477,0.009454545454545405,0.0032727272727271937,0.006545454545454477,0.006909090909090842,0.0,0.0007272727272727098
179,179,0.9745454545454545,0.9748916398378974,0.9659683239775461,0.9960906174819567,3.461713469318369,0.07206480090952941,2.6583098275981096,1.3628128608595067,1.96050562835777,0.16872727272727267,0.012727272727272676,0.010181818181818148,-0.0025454545454545617,0.003999999999999915,0.0,0.005090909090909012,0.004727272727272647,-0.000363636363636366,0.0,-0.005090909090909123,-0.002181818181818207
180,180,0.9890909090909091,0.9891305997373413,0.98590031045188,0.9997412901000344,3.2545718922121973,-0.04244149022725194,2.0819554257711466,2.3606143233603363,1.2864131357700224,0.2701818181818182,0.01345454545454552,0.01563636363636369,-0.0007272727272727098,0.003272727272727294,0.00036363636363637706,0.003272727272727294,0.0,0.0072727272727273196,0.0036363636363636598,0.003272727272727294,0.0025454545454545617
181,181,0.9818181818181818,0.9817445293378932,0.9649629763409788,0.9984648726747336,2.9895839613021904,0.36254469913417764,2.061490053080987,1.7673979978312886,1.8975090106752552,0.2254545454545455,0.008363636363636373,0.006909090909090909,0.0,-0.0036363636363636598,-0.0036363636363636598,-0.0036363636363636598,0.0,-0.009818181818181804,-0.005818181818181856,0.0018181818181818299,-0.003272727272727294
182,182,0.9890909090909091,0.9891295734075423,0.9860615332313445,0.9995750467448581,3.69321783414547,0.4488045041827635,2.142421861525585,1.1518539162723667,1.4888168689775148,0.23600000000000004,0.026545454545454605,0.018181818181818243,-0.003272727272727205,0.0021818181818181958,0.0036363636363636598,-0.0007272727272726875,0.003272727272727294,-0.002181818181818118,0.001818181818181841,-0.0018181818181817633,0.0018181818181818299
183,183,0.9745454545454545,0.9746333584865695,0.963172448466566,0.9973185855538796,3.431552607977022,0.5550013393896872,1.6217736490576558,1.932098547773628,1.7200595979665327,0.23963636363636356,0.01927272727272721,0.010181818181818136,0.0007272727272727098,0.0,0.0,0.0003636363636363549,0.0036363636363635488,0.0007272727272727098,0.0,0.006545454545454477,0.003999999999999915
184,184,0.9818181818181818,0.9820331922327488,0.9807727606461086,0.9965124816446402,3.757072658677564,0.28250683305894553,2.0354025488868004,1.3274312467010725,1.8045092665836375,0.2389090909090909,0.007636363636363663,0.011999999999999988,0.000363636363636366,0.0,0.0,0.0,0.0025454545454545617,0.004727272727272747,0.004000000000000026,0.003272727272727294,0.0
185,185,0.9781818181818182,0.9781818181818182,0.9694534952606635,0.996815758293839,3.8567442717266305,0.8013283767840205,2.088514396575229,0.6065432855088848,1.916266329428314,0.2909090909090909,0.016363636363636337,0.01927272727272723,0.000363636363636366,-0.0010909090909090979,0.0010909090909090868,0.0010909090909090868,0.000727272727272732,0.007636363636363608,0.004000000000000015,-0.001090909090909109,0.0032727272727272826
186,186,0.9818181818181818,0.9818778293454791,0.975293542074364,0.9973907371167645,4.254850360049279,0.6671387693136278,1.752233087188785,1.123067046597641,1.0150864311526437,0.284,0.010909090909090901,0.006909090909090898,0.0,-0.000363636363636366,0.000363636363636366,0.000363636363636366,0.0,0.003272727272727294,-0.002909090909090928,-0.0010909090909090979,-0.003272727272727294
187,187,0.9781818181818182,0.9783713343804477,0.9690821256038648,0.9956521739130435,3.2367036151784805,0.5192294833796067,2.565759187855888,2.5359941663284147,0.5923868236230234,0.23454545454545453,0.008363636363636328,0.0007272727272727208,0.000727272727272732,0.000727272727272732,0.0,0.000363636363636366,0.0,-0.003272727272727294,0.0,0.0,0.0
188,188,0.9854545454545455,0.9854545454545455,0.9810135321734328,0.9959265396299365,2.919713144151957,0.47182204652639764,2.1855168786797914,1.7924375922672535,2.077203849196961,0.316,0.02654545454545456,0.033090909090909094,0.0036363636363636598,0.006545454545454588,-0.0010909090909090979,0.003272727272727294,0.007636363636363686,0.000727272727272732,0.0010909090909090979,0.0025454545454545617,0.0072727272727273196
189,189,0.9890909090909091,0.9891276242073507,0.9863636363636363,0.9989256198347107,3.2341625640863776,0.47697978012719555,2.3040860842678206,1.26017791138185,1.8272315804017887,0.26472727272727276,0.025454545454545507,0.029090909090909122,0.004727272727272758,0.000363636363636366,0.0018181818181818299,1.1102230246251566e-17,0.003272727272727294,0.006909090909090953,0.000727272727272732,0.008727272727272783,0.006909090909090953
190,190,0.9745454545454545,0.9743189042362596,0.9549825836740875,0.9969710737543541,3.1741685953093186,0.9069136025215471,1.4377306057132404,1.9201595231715018,1.487996029724017,0.28727272727272724,0.016363636363636292,0.021454545454545382,0.002909090909090839,0.010545454545454502,0.006909090909090842,0.00545454545454539,0.006909090909090842,0.007999999999999952,0.008363636363636306,0.009454545454545405,0.013454545454545408
191,191,0.9890909090909091,0.9889862341556496,0.9745762711864407,0.9998430634023854,3.9758267208739904,0.3850939578470073,2.3771247718494277,1.1452094452482726,1.1861991381173516,0.25600000000000006,0.02618181818181823,0.03200000000000004,0.001454545454545464,-0.003272727272727205,-0.002545454545454473,0.0036363636363636598,-0.002909090909090839,0.0018181818181818299,0.001090909090909109,0.005090909090909123,0.0072727272727273196
192,192,0.9672727272727273,0.9680145528993904,0.9611690169630083,0.996934396076027,4.2873998142351715,0.27277152392263687,2.00218353496476,0.40218767794229776,2.0971285600494523,0.17345454545454547,2.2204460492503132e-17,-0.0018181818181818188,0.0010909090909090979,-0.005454545454545434,0.00690909090909092,0.0036363636363636598,-0.000727272727272732,0.0018181818181818299,0.0021818181818181958,-0.005454545454545434,-0.0072727272727272415
193,193,0.9818181818181818,0.9816144108709431,0.960011898691144,0.9988101308856026,3.3048884945737083,0.754114990230856,1.7134842516976208,1.565671212140529,1.553439274914042,0.2683636363636363,0.014181818181818162,0.008363636363636373,-0.003272727272727294,0.003272727272727294,0.002909090909090928,0.0065454545454545765,0.0,0.0021818181818181958,0.0,-0.002909090909090928,0.0
194,194,0.9818181818181818,0.9818861054672615,0.9736957282913166,0.9974614845938375,3.2281032339528157,0.7249939438670637,1.835713898966227,1.946249174510928,1.8252102823614251,0.23890909090909088,0.017818181818181823,0.02145454545454545,0.007636363636363663,-0.0010909090909090979,0.0010909090909090979,0.008363636363636351,0.0025454545454545617,0.002909090909090928,0.00545454545454549,0.003272727272727294,0.0025454545454545617
195,195,0.9890909090909091,0.9890479070079957,0.9777777777777777,0.9972444444444444,3.576450462684146,0.2912820734543202,2.6349357762647685,2.0323421092860814,0.8527112120614538,0.24690909090909097,0.009818181818181882,0.012000000000000066,0.001454545454545464,0.002181818181818207,0.003272727272727294,0.0043636363636363916,0.000363636363636366,0.0043636363636363916,0.0036363636363636598,0.0043636363636363916,0.0036363636363636598
196,196,0.9854545454545455,0.9855419309372798,0.9845809792843692,0.9992937853107345,4.4012938199382825,0.3699704836290252,1.758493847200715,0.6711857720260429,1.792492012633172,0.26945454545454545,0.02799999999999999,0.02145454545454546,0.0036363636363636598,-0.003999999999999981,0.0036363636363636598,-0.000363636363636366,-0.00654545454545451,0.004000000000000026,0.002909090909090928,-0.0025454545454545287,-0.0018181818181818188
197,197,0.9672727272727273,0.9671504647043841,0.942954467057606,0.9975853742669887,3.7561764072539847,0.29895406691900256,1.9240558030054273,1.4466876860850835,1.8018377125937406,0.20981818181818185,0.021818181818181837,0.024363636363636375,0.0010909090909090979,0.000363636363636366,-0.000727272727272732,-0.002909090909090928,0.0,0.0,0.0010909090909090979,0.0036363636363636598,-0.0010909090909090979
198,198,0.9854545454545455,0.9855617924676221,0.983499649859944,0.9955357142857143,2.9696564134854224,0.5020525459890741,1.7471944471485314,2.3068040596472583,1.8710497068620369,0.2625454545454546,0.021090909090909115,0.013454545454545474,0.002909090909090928,0.0,0.0025454545454545617,-0.0021818181818181958,0.0,0.0018181818181818299,0.0,0.0036363636363636598,0.002909090909090928
199,199,0.9781818181818182,0.978457449113734,0.9796559034572733,0.9948630136986302,3.736567684231099,0.6163961459472428,1.5933550941886563,1.5638229825981198,2.0038270889348118,0.2836363636363636,0.011636363636363601,0.013818181818181795,-0.002909090909090928,-0.0036363636363636598,0.004727272727272724,0.0,-0.003272727272727294,0.000727272727272732,-0.0036363636363636598,0.001454545454545464,0.0036363636363636598
200,200,0.9672727272727273,0.9671847458733611,0.952014652014652,0.9967765567765567,3.27968781252919,0.4550781946867871,1.708507696979659,2.1652446195411295,1.4339634058869777,0.2909090909090909,0.010545454545454535,0.00509090909090909,-0.0007272727272727098,0.0007272727272727431,0.005818181818181856,0.005090909090909123,-0.000363636363636366,-0.00509090909090909,-0.0040000000000000036,0.0010909090909090979,0.0021818181818181958
201,201,0.9854545454545455,0.9852220598617565,0.9607843137254901,0.9997373949579832,3.8238024766677263,0.5181693348506241,1.8242849156362668,1.68892038532574,1.512302082336919,0.23163636363636364,0.011636363636363677,0.013090909090909108,0.0,0.0,0.000363636363636366,-0.0018181818181818299,0.0025454545454545617,-0.0036363636363636485,-0.000363636363636366,0.006545454545454588,0.006545454545454588
202,202,0.9854545454545455,0.9853626684772402,0.9722614563716259,0.9989799121155054,4.022813565214116,0.45573371716035616,1.6330711990440276,0.8267579686647368,2.133812639248328,0.2741818181818182,0.011272727272727313,0.02836363636363638,0.000727272727272732,0.0010909090909090979,0.004727272727272758,-0.0003636363636363549,0.000727272727272732,0.004000000000000026,0.0043636363636363916,0.0021818181818181958,0.0018181818181818299
203,203,0.9745454545454545,0.9746380660537964,0.9621852362883753,0.9975853742669887,3.3392614743216806,-0.004703107083770386,1.5555881338100612,2.001293638810757,2.2705860647488656,0.2676363636363636,-0.0007272727272727653,-0.0032727272727273047,-0.0025454545454545617,0.0,-0.004000000000000026,0.0018181818181817633,-0.000363636363636366,-0.005090909090909123,-0.006909090909090953,-0.0010909090909091202,-0.0018181818181818299
204,204,0.9818181818181818,0.9819648174837922,0.982629529799341,0.99408505540581,3.1295732110137875,0.08926011380521667,1.9984846498024305,1.8689209738149146,2.257125447023813,0.2858181818181818,0.009454545454545448,0.024363636363636344,0.0043636363636363916,-0.000727272727272732,0.001454545454545464,-0.0010909090909090979,0.0036363636363636598,0.004000000000000026,0.003272727272727294,0.008000000000000018,0.0036363636363636598
205,205,0.9745454545454545,0.9748024603605471,0.9701692642869113,0.9973185855538796,3.682570506915663,0.6073485402973865,1.893862615477205,0.9981305401195659,1.7514724653467661,0.2294545454545454,0.004727272727272658,0.005818181818181755,0.00290909090909085,0.004363636363636292,0.0021818181818181403,0.003636363636363582,0.0,-0.0043636363636363916,-0.0036363636363636598,0.0014545454545454417,-0.003636363636363671
206,206,0.9890909090909091,0.9890501549014613,0.978527078302863,0.9986202138668506,3.525764041321112,0.7286827570458955,1.5455430912810972,1.5717896591605602,1.9478721988596155,0.26763636363636367,0.013818181818181896,0.00909090909090915,-0.0010909090909090647,0.00545454545454549,0.0010909090909090979,-0.0007272727272727098,0.000363636363636366,0.002909090909090939,0.000727272727272732,0.0061818181818182215,0.00545454545454549
207,207,0.9745454545454545,0.9744660676762292,0.9591572504708098,0.9956842435655995,3.2275539608710724,0.5402280372582189,1.5624744412656986,2.0673503092373204,2.3517647946524267,0.2559999999999999,0.0221818181818181,0.025090909090909018,0.0003636363636363549,-0.006909090909090953,-0.004000000000000026,-0.0036363636363636598,-0.006545454545454588,0.0007272727272727098,-0.0061818181818182215,0.009090909090909038,0.010909090909090868
208,208,0.9636363636363636,0.9636363636363636,0.9473341504519688,0.9970890148613452,3.4882756332259603,0.587020322394813,1.927958567833932,1.613743954974924,1.6489209372689002,0.2672727272727272,0.018545454545454552,0.010181818181818136,-0.001454545454545464,-0.006545454545454565,-0.002909090909090928,-0.0018181818181818299,-0.006909090909090953,-0.005090909090909113,0.002909090909090928,-0.00618181818181821,-0.0069090909090909315
209,209,0.9745454545454545,0.9742274567537726,0.9445548130756727,0.9961170308831497,3.576751012803349,0.622297387972248,1.563287780712413,1.4587420399943265,1.694405717700248,0.2065454545454545,0.02072727272727265,0.016363636363636302,0.004363636363636292,0.00363636363636356,0.0032727272727272163,0.0072727272727272085,-0.0010909090909090979,0.0032727272727272163,0.006909090909090842,0.006181818181818122,0.0007272727272727098
210,210,0.9781818181818182,0.9784952018914282,0.9790353641456582,0.998249299719888,4.085998565635396,0.5402354914997889,2.1764198070759386,1.1898880864674137,1.5069059270132215,0.2516363636363636,0.015272727272727249,0.006545454545454521,-0.0036363636363636598,0.0,0.0,0.0,0.000363636363636366,-0.000363636363636366,0.000363636363636366,0.0,-0.003272727272727294
211,211,0.9854545454545455,0.9855590066910821,0.9836581579855121,0.9981027940669197,3.6783234352779584,0.6330055201964998,1.9861542426430905,1.6253646154546093,1.427174310404632,0.2661818181818182,0.011636363636363677,0.011636363636363667,0.003272727272727294,0.001454545454545464,0.005090909090909123,0.000727272727272732,-0.005454545454545423,0.0,0.0,0.008000000000000052,0.000363636363636366
212,212,0.9854545454545455,0.9856748153806978,0.9911504424778761,0.9966588405273613,3.801546172782704,0.4341076743479859,1.763167460481506,1.7413642786812402,1.5475896747274975,0.26436363636363636,0.012000000000000021,0.022545454545454556,-0.002909090909090928,0.000727272727272732,0.003272727272727294,0.003272727272727294,-0.002909090909090928,0.003272727272727294,0.0,0.001454545454545464,0.000363636363636366
213,213,0.9781818181818182,0.9785503410363431,0.9780193236714976,0.9960386473429952,3.2470514978026435,0.913787594715189,2.364208423464058,1.522494286002798,1.2480654774151534,0.20654545454545453,0.018181818181818153,0.017454545454545434,0.003272727272727294,0.000727272727272732,0.0040000000000000036,0.0036363636363636485,-0.000363636363636366,0.005090909090909068,0.005090909090909068,0.000363636363636366,-0.0036363636363636598
214,214,0.9818181818181818,0.9817704822459874,0.972488038277512,0.9973901696389735,3.7362828052513537,0.4302963700317643,1.5674636121976802,1.8241884746078354,1.446948005719637,0.30981818181818177,0.01345454545454543,0.013454545454545452,0.002909090909090928,-0.002909090909090928,0.000727272727272732,0.0010909090909090979,-0.006909090909090953,0.000363636363636366,0.000727272727272732,0.0018181818181818299,-0.003272727272727294
215,215,0.9672727272727273,0.9670022388400676,0.9467032967032967,0.9972161172161171,3.896112855557906,0.9191184627296505,1.8249071944065178,1.271970235147999,1.4855648167101287,0.29454545454545455,0.015999999999999993,0.024727272727272764,0.00036363636363637706,-0.0025454545454545617,0.000363636363636366,-0.0018181818181818188,-0.0010909090909090979,-0.000727272727272732,-0.0018181818181818188,-0.0010909090909090979,0.0021818181818181958
216,216,0.9927272727272727,0.9926722052457347,0.9807692307692308,0.9996550534667127,3.868539583680217,0.6271513845608719,2.1533449439402674,0.9799728870446821,1.1030871153712423,0.24727272727272723,0.023636363636363567,0.017090909090909066,0.0036363636363635488,0.0007272727272727098,0.0003636363636363549,0.00363636363636356,0.0036363636363635488,0.0003636363636363549,0.0007272727272727098,0.0,0.0
217,217,0.9781818181818182,0.9781818181818182,0.9608410860072147,0.9974368710841085,2.9544859676306174,0.7688407110789837,1.8196150075796713,2.2407017998944316,1.3321017313080148,0.21381818181818177,0.013818181818181795,0.005090909090909068,-0.000727272727272732,0.0036363636363636598,0.000363636363636366,0.002909090909090928,-0.008363636363636417,-0.000727272727272732,-0.0021818181818181958,-0.003272727272727294,-0.003272727272727294
218,218,0.9854545454545455,0.9854545454545455,0.9762849258364954,0.9993963435667471,3.3983933865252745,0.43378288288872563,2.015802024058603,1.3937435326619463,1.9086941173541647,0.26327272727272727,0.007272727272727308,0.0036363636363636598,0.0025454545454545617,-0.000727272727272732,-0.000363636363636366,-0.003272727272727294,0.0018181818181818299,0.002909090909090928,0.0,0.000363636363636366,0.0
219,219,0.9890909090909091,0.9892069020408086,0.9932735426008968,0.9986202138668506,3.6204217536228818,0.3687779395182341,2.607431952740072,1.1218407507854986,1.1706724125490526,0.2716363636363637,0.0018181818181818299,0.011272727272727334,0.0,-0.0021818181818181294,0.0,0.004000000000000026,-0.0036363636363635488,0.0072727272727273196,0.0036363636363636598,-0.0036363636363635488,-0.0036363636363635488
220,220,0.9927272727272727,0.9926824744621353,0.9833333333333334,0.9988372093023256,3.6908732787582488,0.862827456287299,2.24828613997427,1.2646931824044518,1.07315067623429,0.273090909090909,0.023999999999999945,0.03309090909090904,0.003999999999999915,0.0039999999999999255,0.0007272727272727098,0.007636363636363575,0.0007272727272726986,0.00363636363636356,0.0007272727272727098,0.00363636363636356,0.00363636363636356
221,221,0.9818181818181818,0.9819648174837922,0.982629529799341,0.9973794549266247,3.08877406925738,0.28036837089296973,2.2415288533161406,2.1523716936063706,1.5836195477681134,0.3207272727272727,0.000727272727272732,0.00872727272727274,-0.002909090909090928,0.000727272727272732,0.003272727272727294,0.002909090909090928,0.0,0.0036363636363636598,0.0036363636363636598,-0.0025454545454545617,-0.002909090909090928
222,222,0.9890909090909091,0.9891217112299465,0.9872406481902165,0.9998485536877176,3.7750518172159406,0.4910226640644116,2.3940372894652233,1.628634304363533,0.599394924421344,0.2876363636363637,0.013818181818181906,0.010909090909090969,0.0,0.0,0.0,0.0,0.0,-0.0003636363636363438,0.0,0.006545454545454588,-0.0014545454545454195
223,223,0.9818181818181818,0.9819006068878112,0.9707792207792207,0.9970484061393152,3.817275172201435,0.5643929321533928,2.5226578697196778,1.4120455534854988,0.6545697006428172,0.21345454545454548,0.028363636363636334,0.018909090909090896,0.0021818181818181958,0.003272727272727294,0.006909090909090953,0.004000000000000026,0.0,0.0036363636363636598,0.002909090909090928,0.0025454545454545617,-0.003272727272727294
224,224,0.9709090909090909,0.9705924170616114,0.9497607655502391,0.9986225895316804,2.9147779697442187,0.798900591259642,2.681544540185827,1.710168540906697,1.071276329358677,0.2476363636363637,0.01890909090909092,0.017090909090909122,-0.005090909090909012,-0.0003636363636363549,-0.0014545454545454085,-0.0021818181818181294,-0.0003636363636363549,-0.006545454545454477,-0.0007272727272727098,-0.003999999999999915,-0.010909090909090868
225,225,0.9890909090909091,0.9891249320348627,0.986771015413952,0.999046559669474,3.2911083057749955,0.4052075446768804,1.942523548641026,1.7688446435858698,1.3138569589701992,0.27272727272727276,0.018545454545454552,0.013818181818181886,-0.0003636363636363549,0.000363636363636366,0.0018181818181818299,1.1102230246251566e-17,0.0,-0.0003636363636363549,0.0010909090909090979,0.000727272727272732,-0.0007272727272727098
226,226,0.9781818181818182,0.9780291603821016,0.9590909090909091,0.9961983471074379,3.446738192297794,0.3160684664615466,1.457324566868421,1.7662784837830479,1.864662876344805,0.25090909090909086,0.0178181818181818,0.018181818181818143,-0.003272727272727294,-0.000363636363636366,-0.0025454545454545617,-0.003272727272727294,-0.006545454545454588,-0.0018181818181818299,0.0,0.008363636363636328,0.0058181818181818005
227,227,0.9745454545454545,0.9747720048546495,0.971476773383553,0.9945072190834903,3.384430822002584,0.9396613688522898,2.444708979586669,1.470801002334927,1.0462519165020312,0.27054545454545453,0.011272727272727235,0.014909090909090861,0.0021818181818181294,-0.000363636363636366,-1.1102230246251566e-17,0.0010909090909090534,-0.002909090909090928,-0.0036363636363636598,-0.003272727272727294,0.004363636363636314,0.004727272727272647
228,228,0.9781818181818182,0.978437539172946,0.9799513496547395,0.998587570621469,3.3032293606397567,0.7761572152265349,1.2896760236779294,2.1761690390369894,1.372020492769624,0.2974545454545454,0.01345454545454543,0.010181818181818158,-0.003272727272727294,0.002909090909090928,0.0018181818181818299,0.0,-0.000727272727272732,0.0,0.002909090909090928,-0.006909090909090953,-0.001454545454545464
229,229,0.9709090909090909,0.9706483554759415,0.9544843350813501,0.9984536775581552,4.460911374100647,0.9908087540819628,1.7272465881890107,0.5177443124177424,1.0752413996749082,0.3061818181818182,0.021818181818181848,0.02945454545454549,-0.002909090909090839,-0.0043636363636362805,-0.0010909090909090647,-0.008727272727272672,-0.004363636363636292,-0.010545454545454502,-0.003999999999999915,-0.0010909090909090647,-0.0018181818181817744
230,230,0.9818181818181818,0.9818670603733854,0.9772659952606635,0.995779028436019,3.456644282980501,0.075309506870044,1.68102840177219,1.9488786680015449,2.0160297341109263,0.28618181818181815,0.020000000000000018,0.024363636363636355,0.000363636363636366,-0.000363636363636366,0.001454545454545464,0.0061818181818182215,0.000363636363636366,0.006545454545454565,0.0065454545454545765,0.005090909090909123,0.007636363636363675
231,231,0.96,0.9592528398601247,0.9191385956091839,0.9947209653092005,3.2858397801250567,1.02576020151663,2.5184511765167916,1.228475464505315,0.6887114376630133,0.2145454545454545,0.010909090909090868,0.010181818181818125,0.0018181818181817744,0.003999999999999915,0.0014545454545454195,0.0003636363636363438,-0.00036363636363638817,0.0018181818181817633,-0.0018181818181818299,0.0039999999999999255,0.004363636363636292
232,232,0.9927272727272727,0.9927272727272727,0.9894668300903937,0.9999233951279302,3.496964808152557,0.2347429658739389,1.6976089258185598,2.1344823326892963,1.2630787884258465,0.3123636363636363,0.009818181818181771,0.0072727272727272085,0.0032727272727271937,-0.0036363636363636598,-0.002909090909090928,-0.00036363636363637706,-0.0036363636363636598,0.00363636363636356,-0.002545454545454573,0.0018181818181817854,0.005818181818181745
233,233,0.9854545454545455,0.985598181301506,0.9904306220095693,0.9988400753950993,4.209126012670033,-0.12046787694900686,2.1274665505691193,1.0769561318966698,1.5530138294598412,0.31927272727272726,0.008727272727272773,0.012000000000000033,-0.0010909090909090979,-0.0018181818181818299,0.001454545454545464,0.005818181818181856,0.004727272727272758,0.000727272727272732,0.000363636363636366,0.0025454545454545617,0.0043636363636363916
234,234,0.9527272727272728,0.9528992655284789,0.9266126250431184,0.992669886167644,3.0402647855356744,0.4624079249115269,1.8162565221795792,1.5410030925788094,2.610072701217859,0.1712727272727273,0.0181818181818182,0.007636363636363641,-0.008363636363636328,0.0021818181818181958,0.00036363636363637706,-0.0014545454545454527,-0.004000000000000015,-0.010545454545454514,0.0021818181818181958,0.010181818181818203,-0.009454545454545415
235,235,0.9818181818181818,0.9816144108709431,0.960011898691144,0.9991500934897161,3.81424512832997,0.8076057020579838,2.055530824333834,1.1221945201792947,1.4854104611067507,0.26145454545454544,0.013818181818181795,0.02145454545454545,0.005818181818181856,0.0,0.00545454545454549,0.0025454545454545617,0.006909090909090953,0.005818181818181856,0.0018181818181818299,0.0010909090909090979,0.0061818181818182
236,236,0.9745454545454545,0.9746544573282767,0.9586576798936777,0.9954433263717486,2.58978355374248,0.9934740581375024,2.091274780619448,1.9463060400194845,1.9165501948283379,0.22763636363636358,0.009454545454545405,0.00727272727272722,0.009454545454545405,-1.1102230246251566e-17,0.0021818181818181294,0.0003636363636363438,-0.004000000000000026,0.0039999999999999255,-0.000363636363636366,-0.0010909090909090979,-0.0036363636363636598
237,237,0.9818181818181818,0.981634606235973,0.962618702720103,0.9966199903428296,2.6247916771699606,0.31714255421202203,1.7592095455652694,2.2501131705683295,2.306560697783136,0.26654545454545453,0.026909090909090893,0.02545454545454543,-0.000363636363636366,0.0036363636363636598,0.0036363636363636598,-0.000363636363636366,-0.006909090909090953,0.0025454545454545617,-0.002909090909090928,-0.004000000000000026,0.001454545454545464
238,238,0.9745454545454545,0.9742361141282423,0.9455555555555556,0.9976,3.9102600633932,-0.19839994211643994,1.8403205351636023,2.471675068408298,1.0517783610197289,0.23672727272727268,0.0018181818181817854,0.003999999999999959,-0.00036363636363637706,-0.0025454545454545617,0.0003636363636363549,0.003636363636363571,0.0,0.0036363636363635488,-0.0025454545454545617,-0.003272727272727294,-0.0021818181818181958
239,239,0.9745454545454545,0.9746514538093485,0.9593131765584173,0.9988801791713325,3.4029577162351843,0.4812627170606186,1.9929313650624148,1.05721872291018,2.286516607916991,0.21090909090909085,0.010181818181818125,0.0076363636363635965,-0.009818181818181882,-0.0007272727272727431,-0.004000000000000026,0.0014545454545454195,-0.005818181818181856,-0.00036363636363638817,-0.003272727272727294,-0.0072727272727273196,-0.004727272727272758
240,240,0.9890909090909091,0.989123273420794,0.9870155038759689,0.9979069767441862,3.3574670409647616,0.6546313356539452,1.239131489992491,2.1205255304256396,1.7331403620845893,0.29490909090909095,0.029818181818181844,0.01345454545454552,0.000727272727272732,0.000727272727272732,0.002909090909090928,-0.0010909090909090424,0.000363636363636366,0.005818181818181856,0.002545454545454573,0.0043636363636363916,0.0
241,241,0.96,0.9603388235294117,0.9508579745671826,0.993795005362341,3.4257294103558986,0.5079651403485037,1.943133955028334,1.1868593773176048,2.3662251795737386,0.25599999999999995,0.005818181818181755,0.005818181818181778,0.0007272727272726765,0.0021818181818181403,0.003999999999999937,-0.002545454545454573,-0.001090909090909109,0.003999999999999915,0.0018181818181817744,-0.001818181818181841,-0.002909090909090939
242,242,0.9890909090909091,0.9891240900494346,0.9868957940991839,0.9972536095417451,3.3948190534944684,0.18530505520056578,2.6041895755004822,1.7322566911967534,1.7157650314830024,0.2887272727272727,0.01890909090909093,0.012727272727272799,0.006909090909090953,0.0,0.0,0.0036363636363636598,0.0,0.0036363636363636598,0.0,0.000727272727272732,0.0036363636363636598
243,243,0.9781818181818182,0.9781818181818182,0.9663649706457925,0.9969015003261579,3.973812920023129,-0.20530497794025454,2.016623235627637,1.853296496043543,1.790333730098257,0.2672727272727272,0.006909090909090876,0.0036363636363636377,-0.001454545454545464,-0.001454545454545464,-0.000727272727272732,-0.000363636363636366,-0.000363636363636366,-0.006909090909090953,-0.0043636363636363916,-0.001454545454545464,-0.000727272727272732
244,244,0.9709090909090909,0.9703847780126849,0.9420859538784067,0.9969302186283319,3.3521833939619734,0.8525582091906491,1.9826806331177163,1.298119915432462,1.5731273677495898,0.2629090909090909,0.014181818181818195,0.023636363636363678,-0.00290909090909085,0.00036363636363638817,0.005818181818181856,0.002545454545454573,3.3306690738754695e-17,0.005818181818181856,0.006909090909090953,-0.004363636363636303,-0.004727272727272658
245,245,0.9781818181818182,0.9780404723234274,0.9609089464484348,0.997139679008422,3.4849962148190303,0.07151192872314098,2.231599453204093,1.683232262524136,2.1214729704313644,0.26145454545454544,0.01854545454545452,0.011272727272727235,-0.000363636363636366,0.000363636363636366,-0.0025454545454545617,-0.0018181818181818299,0.0,0.004727272727272714,-0.003272727272727294,-0.003272727272727294,-0.002909090909090928
246,246,0.9963636363636363,0.9963772210934522,0.9977678571428572,0.9998249299719888,3.680160078201722,0.659140867836732,1.7081692595206344,1.8092984749389929,1.370146747535791,0.27454545454545454,0.013818181818181795,0.016363636363636358,0.003272727272727294,0.0025454545454545617,0.000363636363636366,0.0,0.0,0.007999999999999941,0.000363636363636366,0.000363636363636366,0.000363636363636366
247,247,0.9818181818181818,0.9816480670984137,0.9643410852713179,0.9984496124031007,3.6176238866597417,0.44118379176285877,2.3162414663130826,1.429091332835412,1.2194799526030184,0.29781818181818187,0.010545454545454525,0.01272727272727272,-0.005818181818181856,0.0,-0.0021818181818181958,-0.0036363636363636598,-0.0043636363636363916,0.000363636363636366,0.003272727272727294,0.001454545454545464,-0.000363636363636366
248,248,0.9709090909090909,0.9706945968829376,0.9460734319224886,0.995835458099609,3.289476509590612,0.45181743000271096,1.8943783987540368,2.932410727032204,0.5770634608610685,0.2421818181818182,0.027272727272727337,0.01927272727272731,0.004000000000000026,0.0,0.0,0.002909090909090928,0.0,-0.0007272727272726765,-0.0036363636363635488,0.000727272727272732,0.0
249,249,0.9927272727272727,0.9927756033920416,0.9954545454545455,0.9995867768595041,3.2599765086372923,0.8304968834238382,1.7842767700492168,1.8403596512964284,1.5294999262830058,0.2865454545454545,0.02181818181818178,0.013454545454545419,0.0014545454545454195,0.0036363636363635488,0.003999999999999915,0.010545454545454502,0.0,0.009818181818181771,0.003999999999999915,-1.1102230246251566e-17,0.00618181818181811
