,random_seed,accuracy,f1_weighted,balanced_acc,auc,model_weights.random_forest,model_weights.bagging_svc,model_weights.bagging_knn,model_weights.gradient_boosting,model_weights.mlp,feature_importance.lefttop_CO2_scaled,feature_importance.lefttop_humidity_scaled,feature_importance.lefttop_temperature_scaled,feature_importance.lefttop_temperature_fd3_scaled,feature_importance.lefttop_CO2_fd3_scaled,feature_importance.lefttop_humidity_fd2_scaled,feature_importance.lefttop_CO2_fd1_scaled,feature_importance.lefttop_CO2_fd2_scaled,feature_importance.lefttop_temperature_fd2_scaled,feature_importance.lefttop_temperature_fd1_scaled,feature_importance.lefttop_humidity_fd3_scaled,feature_importance.lefttop_humidity_fd1_scaled
0,0,0.9745454545454545,0.9748091663687993,0.9698708142104369,0.9966853646098929,2.5440326872403727,2.4172407068852695,1.4420925143216816,1.1465493082710565,1.1417018162393722,0.08654545454545447,0.04181818181818177,0.01745454545454539,0.005454545454545401,0.0036363636363635488,0.0007272727272726986,0.0,0.0,-0.001454545454545475,-0.0018181818181818299,-0.002545454545454573,-0.008000000000000052
1,1,0.9672727272727273,0.9676031633207032,0.958647561588738,0.9947209653092006,2.5819547882075176,2.383657992026855,1.2691020959038826,1.4565427062080174,1.343568485951574,0.10763636363636367,0.05054545454545456,0.0029090909090909054,0.010909090909090901,-0.0018181818181818299,0.005818181818181856,0.004727272727272747,0.0043636363636363916,0.0036363636363636598,0.003272727272727294,0.0069090909090909315,0.0
2,2,0.9636363636363636,0.9640625652882434,0.958372567482737,0.9952134337727557,2.3774438663146773,2.7135226328182402,1.2185449769015915,1.8391474602398328,1.0352309178910708,0.0949090909090909,0.05490909090909091,0.0065454545454545435,-0.0036363636363636264,-0.005818181818181845,0.0029090909090909167,-0.012363636363636344,-0.008000000000000018,-0.0036363636363636598,-0.000363636363636366,0.003272727272727294,-0.0061818181818182215
3,3,0.9563636363636364,0.9560736523750223,0.9271286013198132,0.9928375985836151,2.0143975200352893,2.3448088641780824,1.157226108820516,1.2863570663437434,1.93666993396088,0.10000000000000005,0.07418181818181822,0.00909090909090915,0.008000000000000052,0.0,0.008727272727272783,0.003272727272727294,0.0010909090909090979,0.004000000000000026,-0.003636363636363582,0.00909090909090915,0.0007272727272727541
4,4,0.9854545454545455,0.9853734106564296,0.9741928317535544,0.9990373222748815,1.9056886939863162,2.4758479731036545,1.3691845220405257,1.9186079798665043,1.1517776592732056,0.15854545454545457,0.05527272727272731,0.013454545454545464,0.008727272727272773,-0.0003636363636363549,0.0072727272727273196,-0.0021818181818181958,0.006545454545454588,0.0018181818181818299,0.0018181818181818299,0.0021818181818181958,-0.000363636363636366
5,5,0.9709090909090909,0.9714890588863192,0.9748002719700832,0.9949005609382968,2.734635086171045,2.6619266292696016,0.9819963119178096,1.216003806925468,0.9916392500855752,0.1061818181818182,0.06218181818181824,0.01563636363636366,0.004727272727272769,0.008363636363636406,0.004000000000000026,0.005090909090909123,0.0043636363636363916,0.0061818181818182215,0.0021818181818181958,0.006909090909090953,2.2204460492503132e-17
6,6,0.9818181818181818,0.9818647337768882,0.9776714513556619,0.9974626649267798,2.0288712556185766,1.9287175255038165,0.5354754178681556,2.0984483722465734,2.081149566135613,0.1472727272727273,0.07454545454545454,0.009818181818181827,-0.00436363636363637,-0.0061818181818182215,0.0036363636363636598,-0.005818181818181856,-0.0025454545454545617,-0.007636363636363652,-0.00618181818181821,-0.0018181818181818299,-0.005818181818181856
7,7,0.96,0.9607673818606804,0.9511288546255506,0.993208516886931,1.7528027966088404,2.3971871525434416,1.2092864154899252,2.0458009363044285,1.5710136664442031,0.07454545454545451,0.056727272727272696,0.003636363636363582,-0.003636363636363671,-0.004727272727272758,-0.005818181818181856,-0.007636363636363686,-0.0036363636363636598,-0.0061818181818182215,-0.010545454545454613,-0.004727272727272758,-0.008000000000000052
8,8,0.9672727272727273,0.9673857466255894,0.9516507457683928,0.9940506116976705,2.363265723901531,1.9682042875333599,1.5452941722530853,2.120793035315298,1.2833120441860038,0.0789090909090909,0.07018181818181816,0.009454545454545448,0.01018181818181817,-0.0036363636363636485,-0.000727272727272732,0.0021818181818181958,-0.000727272727272732,0.0,-0.000363636363636366,-0.0003636363636363549,-0.000727272727272732
9,9,0.96,0.9601762072350307,0.9314009661835749,0.9893719806763285,2.4739945663709846,2.2727794265653465,0.7152929487178318,1.9542339876493862,1.8521319473105642,0.0858181818181818,0.06618181818181817,0.0069090909090908535,0.00290909090909085,0.006545454545454477,0.0018181818181817854,-0.000727272727272732,0.0032727272727271937,-0.000727272727272732,0.0021818181818181294,0.002545454545454484,0.0
10,10,0.9745454545454545,0.9746138845227394,0.967083827014218,0.9964454976303317,2.5849104571402934,2.2201780911078424,0.7260731034498336,1.9955030997095426,1.5745675347294978,0.12290909090909086,0.07309090909090904,0.0072727272727272085,0.005818181818181745,0.006545454545454488,0.0014545454545454306,-1.1102230246251566e-17,0.0,0.0,-0.003272727272727294,0.0014545454545454306,0.0021818181818181403
11,11,0.9636363636363636,0.9641322314049586,0.9559323474417813,0.9940506544280129,2.6429726293492135,2.104995287882992,1.1288401070074483,2.2898804937415114,0.907312491496852,0.09854545454545453,0.04727272727272728,-0.00036363636363637706,0.010181818181818136,-0.0010909090909090979,0.0032727272727272826,0.0,0.000363636363636366,0.0032727272727272718,0.0029090909090909167,0.002181818181818185,0.00436363636363637
12,12,0.9636363636363636,0.9643801652892562,0.9628320110382891,0.9966367713004484,2.3329081913377627,1.9103067586435916,0.3870645631302639,2.472723199271184,2.0466724657922404,0.11854545454545454,0.05563636363636364,0.0003636363636363549,-0.005818181818181845,-0.000727272727272732,0.0,-0.0021818181818181958,-0.0036363636363636598,-0.0043636363636363916,-0.000727272727272732,0.0036363636363636598,-0.007636363636363663
13,13,0.9745454545454545,0.9749629872365337,0.9771660801072566,0.9987430869783811,2.896533162834429,2.6611213771695708,1.0508021138055197,1.2817137787258348,0.9030241047314885,0.09490909090909086,0.039636363636363595,-0.001454545454545464,0.0010909090909090758,0.0007272727272727208,0.005818181818181755,-2.2204460492503132e-17,-0.0007272727272727431,-0.0021818181818181958,-0.000727272727272732,0.00545454545454539,0.00290909090909085
14,14,0.9854545454545455,0.9853693051241694,0.9734590337725277,0.9983340905648947,2.993126330153245,1.7520160546342876,1.307802584781038,1.443900464326921,1.4242555480036572,0.12909090909090915,0.07200000000000002,0.005818181818181856,0.016000000000000035,0.003272727272727294,-0.0025454545454545617,0.000727272727272732,0.000363636363636366,0.0021818181818181958,-0.0036363636363636485,-0.0025454545454545617,0.000363636363636366
15,15,0.9563636363636364,0.9565790901340773,0.945859644087256,0.9861509758897818,2.783422144651536,1.8846860985185667,1.6656086049895789,1.1057070470006995,1.7291261127891386,0.11636363636363642,0.0625454545454546,0.02436363636363641,0.0061818181818182215,0.001818181818181841,0.008000000000000052,-0.0014545454545454306,0.0036363636363636598,0.005090909090909123,-0.00036363636363632155,0.0036363636363636598,0.001818181818181852
16,16,0.9672727272727273,0.9671536553334305,0.9438211796702363,0.9945605983341832,3.174207260859094,2.019640345048923,0.8851822792940462,1.4803425529545449,1.0584008509662548,0.0829090909090909,0.04763636363636364,0.009090909090909094,-0.0025454545454545396,-0.000363636363636366,-0.0032727272727272826,-0.0040000000000000036,0.0,-0.0040000000000000036,-0.0010909090909090979,-0.000363636363636366,-0.003272727272727294
17,17,0.9818181818181818,0.9818778293454791,0.975293542074364,0.996249184605349,2.6690214863200894,2.085878870895214,1.2811939903592622,0.9551725363995465,1.8774736598608583,0.10763636363636361,0.07818181818181817,0.020363636363636382,0.023636363636363632,0.005090909090909123,0.010909090909090901,-0.0021818181818181958,0.000727272727272732,0.007272727272727297,0.005090909090909123,0.003272727272727294,0.0069090909090909315
18,18,0.9636363636363636,0.9639784605638264,0.9610329639102018,0.9954532537652742,2.5253919667228253,2.1995675559155097,0.6867130265421564,2.0244856244252283,1.2453930074141308,0.13709090909090907,0.08618181818181817,0.022181818181818157,0.006181818181818166,0.0,-0.0010909090909090979,-0.000727272727272732,0.0032727272727272718,0.0036363636363636264,0.0018181818181818078,0.0018181818181818078,-0.0021818181818181958
19,19,0.9709090909090909,0.9707722521381057,0.9574357912178957,0.9964098315382491,2.221604722548846,2.0946551334032444,1.3804965078991356,1.9487340950131575,1.4056337888842474,0.1392727272727273,0.07963636363636367,0.009090909090909127,0.004727272727272758,-0.007636363636363575,-0.003999999999999937,-0.004363636363636292,-0.0007272727272727098,-0.0014545454545454195,-0.006545454545454477,-0.0036363636363635488,0.0
20,20,0.9636363636363636,0.9644848484848485,0.9611795446061964,0.990481522956327,2.1002473205183123,2.636181764008902,0.9730435277751732,2.1811335233445432,1.3057575444243454,0.05345454545454544,0.05563636363636363,0.014181818181818151,0.012363636363636332,0.006909090909090865,0.000363636363636366,0.0,0.0,0.0,0.0,-0.006545454545454588,0.000363636363636366
21,21,0.9854545454545455,0.9854545454545455,0.9769565946036534,0.9979051449639684,2.379288054471833,2.078377173026751,1.5272419719487313,1.8171697265071622,1.2225079046352274,0.0963636363636364,0.054181818181818185,0.021090909090909105,0.002909090909090928,0.0061818181818182215,0.000363636363636366,0.0036363636363636598,0.0018181818181818299,0.000363636363636366,0.000727272727272732,0.0036363636363636598,0.000363636363636366
22,22,0.9890909090909091,0.9891982746400437,0.9931818181818182,0.9972727272727272,3.527109739384582,2.613921246389134,1.16089659315078,1.151617271388235,0.24705793141736052,0.09709090909090913,0.061454545454545505,0.021818181818181858,0.010909090909090969,0.0036363636363636598,0.011272727272727346,0.0,0.004727272727272758,0.0,0.0,0.013818181818181886,0.003272727272727294
23,23,0.96,0.9601247507944969,0.9430716669315112,0.9929286508819323,2.557028254834796,2.5301727335536675,0.8572601023503704,1.6719997913652107,1.3949699902451898,0.08799999999999998,0.0687272727272727,0.0069090909090908535,-0.004727272727272758,-0.000363636363636366,-1.1102230246251566e-17,-0.000363636363636366,-0.002909090909090928,-0.0010909090909090979,-0.001818181818181841,0.0007272727272726986,0.0
24,24,0.9563636363636364,0.9563636363636364,0.9344509772763387,0.9922930239949149,2.3419160915298662,2.4909831256443753,1.4625389321100848,1.6001444124251292,1.0598311348053067,0.0854545454545455,0.05818181818181824,0.01418181818181824,0.005818181818181866,0.006545454545454588,0.008363636363636417,-0.003272727272727205,0.002909090909090928,0.0018181818181818299,-0.00036363636363633266,0.014909090909090972,0.004363636363636414
25,25,0.96,0.9603148171764836,0.9521623222748815,0.9940017772511849,2.4247852856881447,2.1656928110480713,0.9902585294265032,1.5692226783333372,1.9593980167447824,0.09927272727272723,0.0665454545454545,0.004363636363636314,0.013454545454545408,0.007999999999999941,0.003272727272727227,0.0003636363636363438,-1.1102230246251566e-17,-0.0010909090909090979,-0.0025454545454545617,-0.0043636363636363916,-0.002909090909090939
26,26,0.9709090909090909,0.9712674770301888,0.968694672460969,0.9942861741509738,2.392833746725281,2.451938035554711,1.0772018690027436,1.6571897417924275,1.3143223498749905,0.09963636363636368,0.061090909090909126,0.016727272727272723,0.01054545454545457,0.0043636363636363916,0.00545454545454549,0.008363636363636417,0.00545454545454549,0.0036363636363636598,0.0021818181818181958,0.004727272727272758,0.0021818181818181958
27,27,0.9672727272727273,0.9667076305084168,0.9340093352647674,0.9969418960244648,2.415451752878735,2.2690683418380786,0.8350966446412404,1.9834210705203499,1.601822573312666,0.11163636363636367,0.05163636363636365,0.011272727272727268,0.0061818181818181885,-0.000363636363636366,-0.0032727272727272826,0.0025454545454545617,-0.000363636363636366,-0.000363636363636366,0.0,0.0,-0.000363636363636366
28,28,0.9672727272727273,0.9673887202226268,0.951002889682135,0.9960054394016657,2.3104129211283264,1.9489819861277904,1.3238364610610445,1.7781959914275396,1.4339730572689529,0.0941818181818182,0.05490909090909094,0.008363636363636384,-0.003999999999999981,-0.0018181818181818299,0.005818181818181845,-0.002181818181818185,-0.000363636363636366,-0.0018181818181818188,0.0007272727272727431,0.007272727272727308,-0.0029090909090908946
29,29,0.9781818181818182,0.9783561823764099,0.970356093979442,0.9942180616740088,2.419257454921698,2.174427632622652,1.2302682520187294,1.8614617827315412,1.1876503453176406,0.10618181818181816,0.03636363636363632,0.004727272727272724,0.003999999999999992,0.0,0.008727272727272672,-0.000363636363636366,0.000363636363636366,-0.000727272727272732,0.0010909090909090979,0.0072727272727272415,0.000363636363636366
30,30,0.9745454545454545,0.9747720048546495,0.971476773383553,0.9961550533584432,1.9823805624950055,2.1555575819474506,1.1723452168428712,2.518498306123387,1.1130667642895782,0.10581818181818177,0.06509090909090906,0.018181818181818098,0.010181818181818136,0.006545454545454477,-0.002909090909090928,-0.0025454545454545617,0.010545454545454502,-0.0010909090909090979,-0.004000000000000026,-0.0025454545454545617,-0.001818181818181852
31,31,0.9781818181818182,0.9783128964059196,0.9737915881983679,0.9965473948524797,2.757705249578522,1.8586565901375678,1.0830867798831194,1.8519108546168284,0.941308263637658,0.09927272727272723,0.07927272727272724,0.010909090909090868,0.007999999999999974,-0.000363636363636366,0.006181818181818155,0.000363636363636366,0.0025454545454545617,0.0018181818181818299,-0.0036363636363636598,0.005090909090909079,0.000727272727272732
32,32,0.9709090909090909,0.9712860131981328,0.9681818181818183,0.9944628099173554,2.489973046122205,2.207845016024557,1.3860432289193405,1.5354695870930444,1.1445567705463562,0.10290909090909095,0.05200000000000003,0.013454545454545474,0.005818181818181866,0.008000000000000052,-0.005090909090909035,-0.002909090909090861,0.005818181818181856,0.005818181818181866,0.0007272727272727541,0.001454545454545475,-0.002909090909090839
33,33,0.9745454545454545,0.9749423888915807,0.9773727984344422,0.9946183953033269,2.9996669233069566,2.1150644155233915,1.7748404935945798,0.9618754981019423,1.0176190910342244,0.10727272727272721,0.03781818181818177,0.005454545454545379,0.005090909090909024,0.0007272727272727098,0.004727272727272647,0.00618181818181811,0.0036363636363635488,0.0007272727272726986,-0.004000000000000026,0.004727272727272658,-0.0072727272727273196
34,34,0.9745454545454545,0.9746333584865695,0.963172448466566,0.9970672029495559,2.6152339663523567,2.2382880463787607,1.317988029352406,2.0048644104236417,0.510072317855154,0.09490909090909086,0.046909090909090866,0.007999999999999941,0.0003636363636362994,0.0010909090909090424,0.0021818181818181403,0.0014545454545454085,0.0021818181818181294,0.0010909090909090424,0.004363636363636303,0.0014545454545454085,-0.001454545454545464
35,35,0.9709090909090909,0.9711126346420463,0.9604368519462859,0.9931157572667006,2.6563643942158177,2.2243375692581435,1.325363104399074,1.6268475866692915,1.3356003791696356,0.09418181818181821,0.0752727272727273,0.01236363636363641,0.009454545454545504,0.0072727272727273196,0.006545454545454588,0.002909090909090928,0.007636363636363686,0.003272727272727294,0.000363636363636366,0.001454545454545475,0.0021818181818181958
36,36,0.9745454545454545,0.9746289610836704,0.9640818656229615,0.9974722765818657,2.4657332444617293,2.284764286209636,1.0944634483421338,1.6255010957546114,1.3410935580294434,0.10290909090909087,0.05527272727272724,0.01563636363636358,0.0025454545454544953,0.00363636363636356,-0.001454545454545475,0.0036363636363635488,-0.000363636363636366,0.0,-0.001818181818181841,0.0021818181818181403,-0.008363636363636417
37,37,0.9781818181818182,0.978443974630021,0.9798585730176386,0.9960273319561417,2.290760531766232,2.7948620153683965,0.9217127058374345,1.5227306808078576,1.2590009792588155,0.10618181818181816,0.05818181818181815,0.008727272727272684,0.0036363636363636264,0.0,0.002181818181818185,0.000727272727272732,0.0010909090909090979,0.000363636363636366,0.0,0.0,0.0032727272727272826
38,38,0.9672727272727273,0.9675568733545542,0.961046511627907,0.9931007751937985,2.318428777371392,2.4030725444243237,1.0581653924228158,1.8082315428609002,1.5147401980680992,0.10254545454545454,0.06000000000000001,0.01709090909090909,1.1102230246251566e-17,0.0036363636363636598,0.000363636363636366,-0.0025454545454545617,-0.0036363636363636377,-0.003999999999999981,-0.0010909090909090979,0.010181818181818191,0.0043636363636363916
39,39,0.9709090909090909,0.9705415829998699,0.9453488372093024,0.9958914728682171,1.930501248536539,2.1806258644997785,0.7807466671264993,1.8646556941629497,2.1005638351444254,0.1305454545454546,0.03781818181818183,0.011272727272727313,0.006545454545454588,-0.0003636363636363549,0.008000000000000052,0.002909090909090928,0.0,0.0061818181818182215,0.002909090909090928,0.004000000000000026,0.003272727272727294
40,40,0.9672727272727273,0.9678234540193539,0.9653663097059324,0.9969403365629781,2.04487784076378,2.3584447148746137,1.136839619108289,1.9953097477585329,1.1188358899731823,0.10800000000000001,0.0530909090909091,0.009818181818181804,0.0021818181818181958,-0.0036363636363636598,-0.005454545454545434,0.0021818181818181958,-0.000363636363636366,0.000727272727272732,0.000363636363636366,0.001454545454545475,-0.000727272727272732
41,41,0.9636363636363636,0.9643373370684473,0.970879120879121,0.9922344322344323,2.333816274085912,2.6352099366165276,1.0531974091946394,0.9444498777553868,1.8522670228755516,0.11600000000000002,0.06036363636363636,0.023272727272727257,-0.0010909090909090979,0.0,-0.0021818181818181958,0.0010909090909090979,0.0,0.0014545454545454527,-0.003272727272727294,-0.0018181818181818299,0.002181818181818185
42,42,0.9745454545454545,0.9749018598888266,0.9654608624565706,0.9949928469241774,2.1117005411431755,1.696708145189835,1.5391196777560072,2.8816381015276207,0.7646467011380775,0.07890909090909087,0.041818181818181754,0.010545454545454502,0.0065454545454544984,0.0010909090909090647,0.003999999999999915,0.0007272727272726986,0.0,-0.0021818181818181958,-0.001454545454545464,0.003999999999999937,-0.0036363636363636598
43,43,0.9781818181818182,0.9784793388429751,0.9793047764745878,0.9938806731259562,2.100116955539051,1.8869215692208938,1.2428045507468162,1.9973511802950659,1.2811188381944258,0.09054545454545453,0.07018181818181815,0.020363636363636327,0.013090909090909052,0.005090909090909079,0.008363636363636328,0.005454545454545423,0.0018181818181818188,0.006909090909090887,0.0018181818181818188,0.006909090909090876,0.0029090909090909167
44,44,0.9563636363636364,0.9574944032307625,0.9586095529491756,0.9886962434132245,1.7940385481274546,2.8207894665960493,1.1986710675831702,1.4180336518163164,2.085318943888036,0.11927272727272734,0.04400000000000006,0.010545454545454613,0.005454545454545501,-0.0007272727272727098,0.0072727272727273196,-0.002181818181818118,-0.0003636363636363549,0.0043636363636363916,0.0,0.007636363636363686,0.0043636363636363916
45,45,0.9745454545454545,0.9747610695187164,0.9719243143863949,0.9947908686992493,2.371786801666844,1.9560185731370492,1.3149960259900118,1.773448006245487,1.0818220784118644,0.11418181818181813,0.06218181818181815,0.02399999999999993,0.00363636363636356,0.008363636363636306,0.003636363636363593,-0.0010909090909090979,0.002909090909090839,-0.000727272727272732,-1.1102230246251566e-17,-0.001454545454545475,0.0003636363636363549
46,46,0.9854545454545455,0.9854545454545455,0.9762849258364954,0.9987926871334943,2.879518477160234,2.5178243346466966,1.1276053821749892,0.6242815670227625,1.2813911969971987,0.10654545454545454,0.049090909090909116,0.009090909090909139,0.003272727272727294,0.000363636363636366,0.010545454545454603,0.0018181818181818299,0.0018181818181818299,0.002909090909090928,-0.0010909090909090868,0.006545454545454588,0.0018181818181818299
47,47,0.9818181818181818,0.9818695187165775,0.9768287142208087,0.9970467969104952,2.69644880453371,2.4836165562649266,0.9530555034806734,1.2504451189807473,1.147991456974731,0.144,0.06509090909090909,0.01454545454545455,0.01563636363636365,0.005090909090909123,0.0025454545454545617,0.000727272727272732,0.0018181818181818299,-0.000727272727272732,-0.0010909090909090979,0.004727272727272758,-0.000363636363636366
48,48,0.9781818181818182,0.9781818181818182,0.9649413564507905,0.9970253272140065,2.30746110334415,1.9441398403646122,0.6052602019737207,2.5345981282487204,1.5218925986452008,0.11672727272727271,0.08218181818181815,0.010545454545454502,0.006545454545454521,0.007272727272727231,0.006909090909090865,0.007999999999999941,0.0018181818181818299,-0.000363636363636366,-0.0025454545454545617,-0.002545454545454573,-0.0025454545454545617
49,49,0.96,0.9604253074829644,0.9458433942738875,0.9925836495343222,2.3984918239786173,2.286631235892215,1.2449322743327218,1.8553809930896128,1.204666898289557,0.08290909090909086,0.05163636363636359,0.009454545454545405,0.005818181818181755,0.00618181818181811,0.006181818181818122,0.003636363636363582,0.006181818181818122,0.003272727272727227,-0.0025454545454545617,0.0007272727272726875,-0.001454545454545475
50,50,0.9672727272727273,0.9671401528082076,0.9401300343146108,0.9966588405273613,2.737870011185829,2.1383324909674237,0.6444021549051103,1.9032824539533115,1.4160260741415984,0.08072727272727276,0.0530909090909091,0.014545454545454539,0.0021818181818181958,-0.000727272727272732,0.000727272727272732,0.003272727272727294,0.00618181818181821,0.000363636363636366,-0.0032727272727272605,0.0043636363636363916,-1.1102230246251566e-17
51,51,0.9854545454545455,0.9854545454545455,0.9762849258364954,0.9976716109003104,2.6497175698722364,2.21443423832929,1.0190913444393486,1.363888542535779,1.6777228236956059,0.10363636363636367,0.06436363636363637,0.012000000000000044,0.0018181818181818299,-0.000727272727272732,0.00545454545454549,-0.000363636363636366,0.003272727272727294,0.000363636363636366,0.0,-0.000363636363636366,0.002909090909090928
52,52,0.9781818181818182,0.9777355371900827,0.9482758620689655,0.9996821865564913,2.6279722082058434,2.415660717165623,0.5846581361471551,2.0720440897081005,1.063255207148979,0.10181818181818178,0.07781818181818177,0.016727272727272712,0.009454545454545405,0.0029090909090908946,0.005454545454545412,-0.000727272727272732,0.009454545454545415,0.000727272727272732,-0.002909090909090928,-0.004727272727272758,-0.000727272727272732
53,53,0.9672727272727273,0.9677347593582888,0.9670542635658914,0.9957364341085271,2.6898303992088857,2.2592146799983066,1.0601512360691474,1.2146144551434883,1.619461052409068,0.09527272727272729,0.07163636363636365,0.008363636363636373,0.0018181818181818299,0.0,0.014181818181818174,0.0010909090909090979,-0.000363636363636366,-0.0010909090909090979,-0.001454545454545464,-0.0018181818181818299,-0.0010909090909090979
54,54,0.9563636363636364,0.9566257928118393,0.9414234149403641,0.9909761456371626,1.9927064655313125,1.513824477576497,1.5238916622875756,1.9371316206869869,2.2856513878856974,0.11636363636363642,0.07709090909090914,0.01163636363636369,0.0072727272727273196,-0.00290909090909085,-0.00618181818181811,-0.00036363636363632155,0.00036363636363637706,0.005818181818181856,0.002181818181818207,-0.002181818181818118,0.001090909090909109
55,55,0.96,0.9609423546553388,0.9605898585719214,0.9938771990341497,2.3020474917716327,2.0189366190419356,1.095065806375644,2.1912713431043316,1.602785041977189,0.09272727272727269,0.06654545454545452,0.017090909090909066,-0.0007272727272727653,-0.003272727272727294,-0.003272727272727294,-0.0036363636363636598,-0.0036363636363636598,-0.0072727272727273196,-0.006545454545454588,-0.004727272727272758,0.0007272727272726875
56,56,0.9745454545454545,0.974645792738919,0.960538197579917,0.9972909517789417,2.7284318054475416,1.564837282330479,0.7420633562690486,2.456346287913544,1.6389498990081133,0.10727272727272723,0.07890909090909087,0.0025454545454544953,0.006909090909090842,0.005454545454545379,-0.000363636363636366,0.0018181818181817744,0.0032727272727271937,0.0018181818181817744,0.0003636363636363549,0.0018181818181817744,0.0
57,57,0.9745454545454545,0.9746311231504854,0.9636363636363636,0.996198347107438,2.714526246747792,2.2783149141334302,1.007158476487153,1.396689804097943,1.5441390570635989,0.0996363636363636,0.06799999999999995,0.01418181818181814,0.009090909090909038,0.003999999999999937,0.006545454545454488,-0.0010909090909090979,0.00363636363636356,0.002909090909090839,-0.004000000000000026,0.005454545454545412,-0.0036363636363636598
58,58,0.9745454545454545,0.9746268683839898,0.9645098985997103,0.9954128440366972,2.926894682322651,1.964858521004928,1.1670779169634722,1.9341759416493898,0.8128005109523935,0.08399999999999995,0.06836363636363631,0.012363636363636321,0.007636363636363575,-0.00036363636363637706,0.0021818181818181294,0.0018181818181817633,0.004727272727272658,0.0018181818181817744,0.002545454545454506,0.00290909090909085,-0.00036363636363637706
59,59,0.9854545454545455,0.9854545454545455,0.9766275709671937,0.9977052524222336,2.404107243688001,1.8651136418147212,1.5152988026373189,1.8273403376934207,1.6892100986871041,0.0952727272727273,0.05854545454545455,0.01890909090909093,0.010909090909090934,0.0,0.0010909090909090979,0.0,0.003272727272727294,0.003272727272727294,0.000363636363636366,0.0043636363636363916,0.000727272727272732
60,60,0.9745454545454545,0.9750337884567967,0.9763674743024964,0.9958700440528634,2.310211982301584,1.9080654244158632,0.8502877482270874,2.393972584760041,1.5930423182488158,0.1345454545454545,0.07527272727272724,0.009818181818181771,0.005454545454545379,0.0036363636363635488,0.003272727272727205,-0.000363636363636366,0.0003636363636363549,0.002909090909090839,0.0,0.0043636363636362805,0.0003636363636363438
61,61,0.9745454545454545,0.9750085120871638,0.9766666666666667,0.9969777777777777,2.0500594967318153,2.4712181261111343,1.3778536852514067,1.5638262593145549,1.2768204279901045,0.0876363636363636,0.058181818181818126,0.013818181818181795,-0.001818181818181841,0.003636363636363571,0.00545454545454539,0.0039999999999999255,0.007999999999999941,0.0039999999999999255,0.0014545454545454085,0.004727272727272658,0.0032727272727272163
62,62,0.9854545454545455,0.9855617924676221,0.983499649859944,0.9977240896358543,1.995528709450798,2.248995436115818,0.9496714710048426,2.4959801652264204,1.2873262398614513,0.09709090909090909,0.06545454545454546,0.014909090909090927,0.004000000000000026,0.00545454545454549,0.0043636363636363916,0.001454545454545464,0.000727272727272732,0.0036363636363636598,0.0021818181818181958,0.000363636363636366,0.003272727272727294
63,63,0.9745454545454545,0.975176971717129,0.9844444444444445,0.9930666666666667,2.166825887463037,2.5533479624799,1.0229436517343466,1.3755060284089557,1.4384035940593922,0.09309090909090904,0.05927272727272724,0.009454545454545405,0.0007272727272726986,0.005090909090909024,0.0003636363636363549,0.003999999999999915,0.0,0.0003636363636363549,-0.000363636363636366,0.0,0.0010909090909090647
64,64,0.9818181818181818,0.9818809703475496,0.9746941511647393,0.9976537623596446,2.8782027923469657,2.1184893316168956,1.2082493291901775,1.2726207096447073,1.4992820213036717,0.09927272727272726,0.06618181818181817,0.002909090909090928,0.008000000000000007,-0.005454545454545478,-0.0010909090909090979,-0.006909090909090943,-0.0010909090909090979,-0.004000000000000026,-0.004000000000000026,0.000727272727272732,-0.006909090909090943
65,65,0.9781818181818182,0.9781818181818182,0.9659090909090908,0.9979338842975206,2.6880019277423646,2.0954982670260565,1.9880488998187782,1.2071029881659399,0.8414838729777567,0.08218181818181815,0.05563636363636361,0.00727272727272722,0.0021818181818181737,0.00436363636363637,0.0,0.0029090909090909054,0.005454545454545423,0.0010909090909090979,-0.001454545454545464,0.000727272727272732,0.000363636363636366
66,66,0.9709090909090909,0.9709090909090909,0.9557379687751488,0.9956542732979238,2.6049290874146807,1.8700977615311893,1.157542318956512,1.9476532094976382,1.4929529014975877,0.10181818181818185,0.06690909090909095,0.01381818181818183,0.001818181818181841,0.0032727272727273047,0.012727272727272754,-0.00036363636363633266,0.008000000000000052,0.009090909090909139,0.002909090909090961,0.008727272727272773,0.00981818181818186
67,67,0.9781818181818182,0.9785503410363431,0.9780193236714976,0.9973913043478261,2.4562045630819,2.1960978331563927,0.7570544321151726,2.2291256000396937,1.1354124792627684,0.09345454545454543,0.05963636363636362,0.005454545454545434,-0.002909090909090928,0.0,0.00436363636363637,0.004363636363636359,-0.0018181818181818299,-0.0018181818181818299,0.0036363636363636485,0.0014545454545454527,0.0018181818181818299
68,68,0.9781818181818182,0.9784871337812514,0.9791738530527768,0.9962055881338393,2.0166170297874957,2.372153705425662,1.3266496657521207,1.747806709332416,1.4584052963421577,0.11599999999999996,0.053454545454545435,0.014545454545454518,0.010909090909090879,0.005090909090909079,-0.0025454545454545617,0.000363636363636366,-0.000363636363636366,0.000727272727272732,0.0,-0.003272727272727294,0.003272727272727294
69,69,0.9781818181818182,0.978342688701433,0.9714635854341737,0.9980742296918768,2.797370281268476,2.210673749059773,0.6899775030500058,1.3425160302465042,1.5965605596460222,0.10763636363636361,0.04945454545454543,0.00509090909090909,-0.0021818181818181958,-0.0010909090909090979,0.002545454545454551,-0.00545454545454549,-0.000363636363636366,-0.004727272727272758,-0.0010909090909090979,-0.0010909090909090979,-0.005090909090909123
70,70,0.9781818181818182,0.9783268101761252,0.9727272727272727,0.9983471074380166,2.6516869700280967,1.9808323267684886,0.8955780099244293,2.0428016895869225,1.3409675943857393,0.1327272727272727,0.046545454545454515,0.011636363636363601,0.005090909090909068,0.000363636363636366,0.000363636363636366,0.002545454545454551,0.0,0.006909090909090876,0.0025454545454545617,0.001454545454545464,-0.001454545454545464
71,71,0.9672727272727273,0.9669665207771443,0.9430232558139535,0.9971317829457365,2.408193366953048,2.083298517126288,1.1849712279797817,1.7966097938121919,1.4118233455286948,0.10690909090909093,0.06945454545454546,0.00945454545454546,0.0021818181818181958,0.0,0.0021818181818181958,0.000363636363636366,0.0,0.000727272727272732,0.000363636363636366,0.002909090909090928,0.0036363636363636598
72,72,0.9672727272727273,0.9676117853313136,0.9581845996940337,0.99736528981812,2.8254266365501266,2.555300431489252,1.108242857578116,0.6671149930830746,1.4221428274299404,0.1112727272727273,0.04618181818181819,0.0061818181818182,0.002545454545454551,-0.0065454545454544984,-0.000727272727272732,-0.003999999999999992,-0.003999999999999992,0.0018181818181818299,0.0,0.0036363636363636598,-0.000727272727272732
73,73,0.9709090909090909,0.9712957362272431,0.9679068208479973,0.9953075247192895,2.4811622939703604,2.243253639818883,0.7489887539247363,1.0773700193625122,2.226314266080794,0.10181818181818184,0.04872727272727275,0.021090909090909115,-0.0021818181818181403,0.0036363636363636598,0.01309090909090912,-0.005090909090909035,0.005454545454545501,-0.003999999999999948,0.000363636363636366,0.014909090909090917,0.005090909090909123
74,74,0.9672727272727273,0.9671706584408661,0.9483678593848086,0.9940364092906465,2.7959335319606478,2.123922450801362,1.0046144226137166,2.0107143463358215,0.9007114112334712,0.10581818181818184,0.06472727272727273,0.017454545454545455,0.00618181818181821,-0.0025454545454545617,-0.005090909090909068,-0.0018181818181818188,0.0,-0.0010909090909090979,-0.0018181818181818078,0.004000000000000026,0.000363636363636366
75,75,0.9672727272727273,0.9673949898410705,0.9496235994397759,0.9961484593837535,2.343887267194322,1.7996726872679132,1.215376534727233,1.8673030022846333,1.7149645211774767,0.12254545454545455,0.04,0.0036363636363636598,-0.0021818181818181958,-0.0010909090909090979,-0.0018181818181818299,-0.006181818181818144,-0.004000000000000015,-0.0029090909090909167,-0.007999999999999941,-0.0036363636363636485,-0.005090909090909079
76,76,0.96,0.960127936031984,0.9423788829872848,0.9922742636407532,1.7362255087288823,2.237987326727651,1.531309928147014,1.7926666409597714,2.1734100271457915,0.1229090909090909,0.0654545454545454,0.012727272727272698,0.0007272727272726875,0.0010909090909090534,-0.004000000000000026,-0.0036363636363636598,-0.0010909090909090979,-0.001818181818181841,-0.00872727272727276,-0.0010909090909091313,-0.0061818181818182215
77,77,0.9818181818181818,0.9820453230979547,0.9803968103284602,0.9967723561799886,2.4919916277471494,2.018221081491559,0.9795523303528765,1.9877929396451148,1.5454014264795835,0.10654545454545454,0.05454545454545454,0.014181818181818162,0.0061818181818182,-0.004000000000000026,0.004000000000000026,0.0,0.007272727272727297,0.0036363636363636598,0.002909090909090928,0.003272727272727294,0.000363636363636366
78,78,0.9709090909090909,0.9714290733421169,0.963813151563753,0.9940858059342421,2.4258884613703415,2.1619615639383687,0.9779574514976409,1.7784409760348876,1.669759520218908,0.12581818181818188,0.0574545454545455,0.0021818181818181958,0.005818181818181856,0.0043636363636363916,0.00800000000000003,1.1102230246251566e-17,0.001454545454545475,1.1102230246251566e-17,-0.0003636363636363549,0.0036363636363636598,1.1102230246251566e-17
79,79,0.9636363636363636,0.9636363636363636,0.9460530445699937,0.9943502824858756,2.5628167500917303,2.2791738571371565,1.1375407579774681,1.7144576346637996,0.9652653266943888,0.12254545454545455,0.0429090909090909,0.002545454545454551,-0.00436363636363638,-0.001454545454545464,0.000363636363636366,-0.000363636363636366,-0.000363636363636366,0.0010909090909090979,-0.0036363636363636485,0.0025454545454545617,0.0010909090909090979
80,80,0.9818181818181818,0.9816641711229948,0.9663803317535544,0.9988151658767772,2.037530167000197,2.3420814650240667,1.0938671232839594,2.3635330522263276,1.1700639153405454,0.10581818181818178,0.07927272727272727,0.015272727272727249,0.004727272727272747,0.002909090909090928,0.000363636363636366,0.0010909090909090979,0.0025454545454545617,-0.000727272727272732,-0.000727272727272732,0.0036363636363636485,-0.000727272727272732
81,81,0.9709090909090909,0.9711024135681671,0.9613636363636364,0.997190082644628,2.6584031831411563,1.7094254960239783,1.4017723826702457,1.663371678744759,1.2815396783348434,0.10400000000000005,0.03963636363636367,0.0036363636363636598,-0.006545454545454488,0.0014545454545454861,0.0007272727272727541,-0.002545454545454484,-0.002909090909090861,-0.0032727272727272163,-0.005090909090909046,0.0003636363636363993,-0.012727272727272698
82,82,0.9636363636363636,0.9641870384517444,0.953901029438324,0.9911504424778761,1.9519510301310328,2.3822543912384706,1.279171989024995,1.695181270918418,1.3184449658833635,0.06909090909090908,0.060363636363636355,0.02218181818181817,0.00836363636363634,0.002545454545454551,0.0014545454545454527,0.000363636363636366,0.0032727272727272826,0.001454545454545464,0.0007272727272727208,0.0021818181818181958,-0.0010909090909090979
83,83,0.9745454545454545,0.9748091663687993,0.9698708142104369,0.993625701172871,2.625222452659324,2.2201565911915275,1.2185206484339246,1.5982324191494561,1.1538348309392397,0.10181818181818177,0.057454545454545404,0.019999999999999917,0.016363636363636302,0.006909090909090842,0.013090909090909065,0.0025454545454544953,0.0021818181818181294,0.008363636363636306,0.005454545454545379,0.008727272727272672,-0.0025454545454545617
84,84,0.9709090909090909,0.9713841016803103,0.9754481385016087,0.995480312547878,2.9180191558134987,2.313192782531487,0.7380303871388859,0.8267487788593758,2.0928238790527436,0.17418181818181822,0.07163636363636368,0.008363636363636417,0.005090909090909123,0.002909090909090928,-0.002545454545454506,0.0021818181818181958,0.000363636363636366,0.001454545454545464,1.1102230246251566e-17,0.002545454545454573,-0.0014545454545454195
85,85,0.9709090909090909,0.9709090909090909,0.9551532941943901,0.9942106979778212,2.7054532402865696,2.1934773223533957,1.128469730976067,1.9079439479555618,0.8680747488773721,0.08800000000000004,0.06581818181818187,0.02800000000000006,0.009090909090909139,0.002909090909090939,0.0043636363636363916,0.002909090909090928,1.1102230246251566e-17,0.002909090909090928,0.0021818181818181958,0.001090909090909109,-0.0014545454545454195
86,86,0.9890909090909091,0.989061581957787,0.9822344322344323,0.997948717948718,2.4649630231147133,2.3839760352783377,1.3322567509820396,1.6533049024832296,0.7651056279105442,0.12509090909090914,0.08909090909090914,0.023272727272727323,0.007636363636363686,0.0021818181818181958,0.006909090909090953,-0.00036363636363633266,0.006545454545454588,-0.0014545454545454195,-0.0014545454545454195,0.003272727272727294,0.001454545454545464
87,87,0.9745454545454545,0.9748960876989022,0.9777845870997395,0.9945610540830397,2.689334139500881,1.973782263525796,1.208837789407023,1.2136694930680871,2.0894093181720472,0.13818181818181813,0.07672727272727269,0.012363636363636332,0.011636363636363578,0.0036363636363635488,-0.002909090909090928,0.0036363636363635488,0.002545454545454484,0.005090909090909012,0.0003636363636363549,0.006181818181818122,-0.001818181818181841
88,88,0.9781818181818182,0.9781818181818182,0.9672254886381694,0.9981725726998253,1.8215962113903175,2.089746271393955,1.510028438872319,2.1441052585725497,1.1168774726042319,0.10290909090909088,0.0727272727272727,0.010545454545454502,0.020363636363636327,0.002181818181818185,0.0032727272727272826,-0.007272727272727308,-0.004727272727272758,0.0025454545454545287,-0.002909090909090928,0.006909090909090887,-0.006545454545454588
89,89,0.9818181818181818,0.9819882965379502,0.9820537582488331,0.9976661838081442,3.03470988634649,2.6285964134616058,1.2340477330799438,0.9032591940671038,0.8774533875374416,0.1127272727272727,0.05309090909090909,0.013818181818181818,0.010909090909090913,0.011999999999999988,0.005090909090909123,0.0025454545454545617,0.010545454545454547,0.002909090909090928,0.0032727272727272826,0.004000000000000026,0.000363636363636366
90,90,0.9745454545454545,0.9742748043290226,0.95,0.9966115702479339,2.7924739646387016,1.7533421292876432,1.4433760238643345,2.078869772482785,0.9113300283149931,0.08436363636363631,0.06363636363636359,0.01745454545454539,0.01563636363636358,0.002181818181818118,0.003272727272727205,0.002545454545454484,0.002545454545454484,0.00363636363636356,0.0036363636363635488,-0.000363636363636366,-0.001454545454545475
91,91,0.9636363636363636,0.9636363636363636,0.9525338304335819,0.9955122894228114,2.058123921043088,2.1270655187572265,1.1439753441823783,2.229080292591058,1.4833764263477374,0.13963636363636361,0.06690909090909089,0.011272727272727235,0.0014545454545454417,-0.00545454545454549,0.000363636363636366,-0.004000000000000026,-0.0036363636363636598,-0.000727272727272732,-0.005454545454545478,0.000363636363636366,-0.000363636363636366
92,92,0.9672727272727273,0.9671780119121183,0.9502877479933363,0.9944722096016962,2.3800422354268953,2.234357450834277,1.1178011079936931,1.9543365998793183,1.0519260239875206,0.07600000000000003,0.06254545454545456,0.013818181818181795,0.0018181818181818299,0.0043636363636363916,-0.0021818181818181958,-0.0010909090909090979,0.0021818181818181958,-0.001454545454545464,-0.0032727272727272718,0.001454545454545464,0.004000000000000026
93,93,0.9781818181818182,0.9784793388429751,0.9793047764745878,0.998045215026347,2.1056694701209615,2.225031892783099,1.377072124584349,1.7461956174721036,1.3900637296997804,0.11999999999999997,0.055272727272727265,0.008363636363636328,-0.002909090909090928,0.0029090909090909054,-0.0010909090909090979,-0.000363636363636366,0.0018181818181818299,-0.0018181818181818299,-0.0061818181818182215,0.0036363636363636485,-0.00545454545454549
94,94,0.9781818181818182,0.9784506077726418,0.9797601802671817,0.9964590375020118,2.3682624380190815,2.449972993416741,1.2290182394758407,1.6832492107388761,1.1405450523170857,0.12363636363636361,0.038545454545454515,0.010181818181818148,0.011636363636363601,0.000363636363636366,0.006181818181818144,-0.002909090909090928,0.000363636363636366,0.002545454545454551,-0.0021818181818181958,0.0032727272727272718,0.000727272727272732
95,95,0.9709090909090909,0.9709090909090909,0.9545454545454546,0.9959504132231405,2.2952690234058895,2.0145707968149864,1.1275474812861845,1.6377445705376714,1.804075933775987,0.0992727272727273,0.05490909090909095,0.013818181818181874,0.00436363636363638,-0.006545454545454477,-0.003999999999999915,-0.0010909090909090647,-0.002909090909090839,-0.00290909090909085,-0.0003636363636363438,-0.0007272727272726986,0.0021818181818181958
96,96,0.9745454545454545,0.9747777212551335,0.9712378833624662,0.9972191323692992,2.752991140104134,2.404092177791647,1.4220485564456053,1.1059317585057216,1.2458432671797437,0.09672727272727266,0.05490909090909087,0.013454545454545419,0.003999999999999937,0.004363636363636292,-0.0007272727272727541,0.0,0.0032727272727272163,-0.005818181818181856,-0.0018181818181818299,0.0007272727272726765,0.0018181818181817854
97,97,0.9745454545454545,0.9748384548922598,0.9685298898320389,0.9961170308831496,2.3840874801613405,2.2941013406226083,1.156691299000467,1.5922875821526337,1.3322119233873968,0.11018181818181812,0.04909090909090904,0.016727272727272667,0.0065454545454544984,0.0007272727272727098,-0.002181818181818207,0.003636363636363582,-0.007636363636363686,0.0010909090909090424,-0.0036363636363636598,-0.005090909090909123,0.006545454545454488
98,98,0.9781818181818182,0.9780659340659341,0.9649122807017544,0.9972451790633609,2.1606345393046085,2.130541416568625,1.1764719134375772,3.037328706111814,0.03944852446589984,0.11381818181818179,0.09454545454545452,0.019272727272727254,-0.001454545454545464,-0.0021818181818181958,0.0,0.0029090909090909167,-0.0018181818181818299,-0.0036363636363636598,-0.001454545454545464,-0.0021818181818181958,0.002909090909090928
99,99,0.9563636363636364,0.9566257928118393,0.9414234149403641,0.9882297551789078,2.770968852374716,2.5053520972913415,1.679322163899223,1.6196000491607365,1.010333328545623,0.07200000000000005,0.0574545454545455,0.030909090909090976,0.004727272727272758,0.008000000000000052,0.011636363636363712,0.001818181818181852,0.000727272727272732,0.00545454545454549,0.002181818181818207,0.013090909090909163,0.007636363636363686
100,100,0.9745454545454545,0.9746356712842651,0.9626891041985381,0.9966853646098929,2.2849225836753617,2.839966541425688,0.8560037394027596,1.6403357351334669,0.743448533388129,0.10036363636363632,0.055636363636363595,0.019999999999999907,-0.003272727272727294,0.0010909090909090647,0.0018181818181817633,-0.001454545454545475,-0.0021818181818181958,-0.001090909090909109,-2.2204460492503132e-17,0.0032727272727272163,0.0014545454545453972
101,101,0.9636363636363636,0.9633884297520662,0.9372961513372473,0.9973907371167645,1.998420147119896,2.2866100115531647,1.0861394429247948,1.5592548401114834,2.129594583771217,0.10799999999999998,0.04581818181818181,0.0032727272727272605,-0.006909090909090909,-0.007272727272727308,-0.000363636363636366,-0.013454545454545441,-0.010909090909090879,-0.0061818181818182215,-0.003272727272727294,0.000363636363636366,-0.007636363636363652
102,102,0.9709090909090909,0.9713161783750018,0.9673163159710245,0.9951707485339772,2.8650029216790927,2.351644811634055,1.580060219649917,1.6618552344996795,0.34626946915753537,0.0887272727272728,0.03709090909090913,0.000727272727272732,1.1102230246251566e-17,-0.002545454545454473,0.0036363636363636598,-0.0003636363636363549,-0.00363636363636356,-0.00618181818181811,-0.005454545454545379,-0.0007272727272727098,-0.005090909090909012
103,103,0.9818181818181818,0.9818748867247713,0.9758461782933419,0.9961862386778961,1.858289115804726,1.9438928162180489,0.968890813900449,1.6296862601029019,2.0156326951596393,0.11527272727272724,0.10145454545454544,0.027636363636363626,0.00872727272727274,0.01018181818181817,0.01018181818181818,0.0021818181818181958,0.0036363636363636598,0.014545454545454539,0.0036363636363636485,0.0018181818181818299,0.0025454545454545617
104,104,0.9890909090909091,0.9892010544402344,0.9932126696832579,0.9982403217697335,2.6073932083037987,2.1832226053309385,1.1017136408855883,1.0399797610557937,1.4321652112327736,0.12145454545454548,0.0625454545454546,0.002909090909090928,0.010181818181818247,0.002909090909090928,0.0018181818181818299,0.00545454545454549,0.0021818181818181958,0.0061818181818182215,0.004000000000000026,0.0010909090909090979,0.000363636363636366
105,105,0.9709090909090909,0.971097552053612,0.9617987606001304,0.9923352902804958,2.0819513543900916,2.040317523821394,1.421614701138806,1.3662547595688128,2.0228294638169286,0.10327272727272732,0.07854545454545458,0.019636363636363653,0.002909090909090928,0.002909090909090928,0.0025454545454545617,0.0010909090909090979,0.000727272727272732,0.0014545454545454861,-0.0021818181818181294,0.00872727272727276,0.001454545454545464
106,106,0.9672727272727273,0.9669740986459971,0.943810326336755,0.9963995710127164,2.9488241032207396,2.2086873620010348,0.5912852752943498,1.5652007099904583,1.1552085069381643,0.10509090909090912,0.07163636363636364,0.009090909090909071,0.0040000000000000036,-0.0025454545454545287,0.010909090909090868,-0.005818181818181789,-0.0014545454545454527,-0.0029090909090909167,0.000363636363636366,0.0036363636363636598,-0.0018181818181818188
107,107,0.96,0.9598898010089163,0.9412766587677726,0.9941498815165877,2.133872094165098,2.341069199783457,0.8970948429341216,2.0740774380147156,1.732946755951478,0.11090909090909085,0.08036363636363632,0.013090909090909065,0.005454545454545412,-0.000727272727272732,-0.004000000000000026,0.0,0.0,-0.000363636363636366,-0.0061818181818182215,-0.003272727272727294,0.0007272727272727098
108,108,0.9745454545454545,0.9748876044318788,0.9778509768287142,0.9978797516280479,2.568338290256265,2.78147712208018,1.1736188944847088,1.0302468851594493,0.686743993750707,0.10472727272727264,0.042909090909090855,0.0010909090909090534,0.004363636363636314,0.0018181818181817854,0.003272727272727205,-0.0061818181818182215,-0.001454545454545475,-0.004000000000000026,0.0025454545454544953,-0.002909090909090939,-0.0040000000000000365
109,109,0.9854545454545455,0.9855464224318508,0.9843473362304844,0.9964590375020119,2.343535756827843,2.451131300967068,0.6968316701893035,2.0711504299157544,1.6648315314781605,0.10981818181818181,0.07236363636363637,0.01309090909090912,0.013454545454545474,0.006909090909090953,0.00981818181818186,0.0043636363636363916,0.008000000000000052,0.006545454545454588,0.005818181818181856,0.0036363636363636598,0.000727272727272732
110,110,0.9818181818181818,0.9818843328955688,0.9740427733701276,0.9989651604001379,2.5662571009302155,2.3800674451480917,1.3680698278410757,1.433353401203022,1.1442566049303773,0.10981818181818181,0.048363636363636366,0.0058181818181818334,-0.001454545454545464,0.002909090909090928,-0.0036363636363636598,-0.0010909090909090979,0.002909090909090928,-0.0025454545454545617,-0.0010909090909090979,-0.0036363636363636598,0.000727272727272732
111,111,0.9781818181818182,0.9785608505790773,0.9778138528138528,0.9952774498229043,2.3413308719541335,2.6328868951123945,1.3608646369293926,1.0731931132663313,1.62846391177128,0.10545454545454543,0.04799999999999999,0.017090909090909056,0.004000000000000015,0.002909090909090928,0.000363636363636366,0.0,0.0010909090909090979,0.0010909090909090979,0.0,0.004363636363636347,0.0
112,112,0.9672727272727273,0.9670022388400676,0.9467032967032967,0.9983150183150183,2.3257532943911845,2.3660404751179387,0.46432159276063173,1.6650866829949464,2.032432111873974,0.12618181818181823,0.06400000000000002,-0.0036363636363636485,0.0021818181818181958,-0.0014545454545454527,-0.005454545454545445,-0.0018181818181818078,-0.0014545454545454417,0.002909090909090928,0.0010909090909090979,-0.0036363636363636264,-0.0032727272727272718
113,113,0.9672727272727273,0.9676207061224253,0.9577009313556399,0.9949120386340118,2.8955931826838266,1.7549419924533292,1.6897340132968433,1.1294583465078352,1.2061052462383186,0.09963636363636366,0.041454545454545466,0.011272727272727268,0.00436363636363637,0.001454545454545464,0.0036363636363636598,0.000363636363636366,0.0,-0.001454545454545464,-0.0010909090909090979,0.0018181818181818299,0.0
114,114,0.9745454545454545,0.9744477877631861,0.9540878851540616,0.9974614845938375,1.713110531397828,2.3725633590208237,0.6009437535687744,2.4264928674538377,1.7970637578922544,0.09054545454545448,0.057454545454545404,0.01418181818181814,-0.001818181818181852,0.0018181818181817633,0.0003636363636363549,-0.0036363636363636598,-0.0021818181818181958,-0.004000000000000026,-0.003272727272727294,0.0003636363636363438,-0.0036363636363636598
115,115,0.9636363636363636,0.9636363636363636,0.9446724609689361,0.9948495090938355,2.2853656777422704,2.1072530037010853,1.0436755042207773,2.0447396479105726,1.270749379694975,0.10109090909090908,0.05454545454545454,0.025090909090909063,-0.0036363636363636598,0.000363636363636366,0.004363636363636359,-0.004000000000000026,-0.0018181818181818299,0.0040000000000000036,-0.0018181818181818299,-0.0025454545454545617,-0.0025454545454545617
116,116,0.9745454545454545,0.9747777212551335,0.9712378833624662,0.9953122517082473,1.882160506044848,2.2417736292452024,1.0207364358341342,2.097158614538069,1.8828615480446096,0.16436363636363632,0.07127272727272724,0.009454545454545405,0.006909090909090876,0.0007272727272726986,0.0,0.003272727272727205,0.00618181818181811,0.002909090909090861,0.0025454545454544953,0.0014545454545454195,0.0
117,117,0.9745454545454545,0.9747896960610605,0.9707273320287019,0.9958414872798435,1.6635727652827972,1.9327634711937323,1.297447096373115,2.03129164649969,2.112626578959315,0.12690909090909086,0.07418181818181811,0.011636363636363601,0.005818181818181755,0.0003636363636363438,-0.004727272727272758,-0.000363636363636366,-0.000363636363636366,0.00036363636363633266,-0.0010909090909090979,0.003636363636363582,-0.0036363636363636598
118,118,0.9672727272727273,0.9682007485243643,0.9714975845410627,0.996231884057971,2.5121222309169164,2.09121869730122,0.7828555000034767,1.4467289366253948,2.4140691355897537,0.10581818181818181,0.054545454545454564,0.0010909090909090868,-0.002909090909090928,-0.0036363636363636598,0.0,-0.0025454545454545617,0.0,-0.000727272727272732,-0.0036363636363636598,-0.0010909090909090979,-0.010909090909090868
119,119,0.9890909090909091,0.9890608548206137,0.9820053317535544,0.997704383886256,2.126245400232274,3.044925180767273,0.9129742424691741,1.1009276911437074,1.513500615429732,0.12472727272727276,0.07163636363636368,0.021818181818181848,0.014545454545454594,0.007636363636363686,0.002909090909090928,0.002909090909090939,0.006909090909090953,0.008000000000000052,0.0007272727272727431,0.005818181818181856,0.00036363636363638817
120,120,0.9672727272727273,0.9673698202623824,0.9550387596899225,0.9942635658914728,2.2900310469393985,2.4755546348175916,0.5833539569300007,1.8028216949271132,1.8919610552194688,0.11090909090909092,0.04981818181818185,0.01890909090909092,0.0069090909090909315,0.0036363636363636598,0.000363636363636366,-0.000363636363636366,-0.0014545454545454527,-0.0007272727272727208,-0.000363636363636366,0.002909090909090928,0.0043636363636363916
121,121,0.9672727272727273,0.967391799212024,0.950327699206623,0.9951707485339772,2.886703755102213,2.064322401551121,0.9739855218254483,1.1994603350266153,1.6346403893759067,0.08509090909090909,0.05563636363636364,0.004000000000000015,0.009090909090909094,-0.002545454545454551,-0.0029090909090909167,-0.007272727272727253,-0.0021818181818181958,-0.006181818181818155,-0.008727272727272695,-0.001454545454545464,-0.004363636363636359
122,122,0.9890909090909091,0.9891285822085298,0.9862158538629127,0.9998324115971176,3.1459055013733304,2.1197067161451777,1.2670931808667485,1.3613370051292555,0.9455292910406661,0.11818181818181821,0.05709090909090912,0.0043636363636363916,0.003272727272727294,-0.00036363636363633266,0.0025454545454545617,-0.0003636363636363438,0.002909090909090928,-0.0032727272727272163,-0.0003636363636363549,-0.002181818181818118,1.1102230246251566e-17
123,123,0.9709090909090909,0.9714466700907378,0.9750896934116111,0.9982061317677756,2.4462179428548336,2.1582503744413244,0.6268880450186413,1.5435869872518704,2.077039991116667,0.1374545454545455,0.06109090909090914,0.00800000000000004,0.001454545454545464,0.003272727272727294,0.0007272727272727653,0.0007272727272727431,1.1102230246251566e-17,-0.0003636363636363549,-0.00618181818181811,-0.005454545454545401,-0.003636363636363571
124,124,0.96,0.9601247507944969,0.9430716669315112,0.9924519307166693,2.294452017599419,2.3356267387863117,0.8645458394770047,1.6587522168681788,1.8023805573021128,0.09781818181818178,0.050545454545454525,0.005818181818181767,0.0025454545454544953,0.006545454545454477,0.0003636363636363438,0.0007272727272726986,0.0072727272727272085,0.005454545454545401,0.0014545454545454085,0.0003636363636363549,0.0014545454545454195
125,125,0.9672727272727273,0.967639514977757,0.9566666666666667,0.9956444444444446,1.9421019048871806,2.0475394020412976,1.5187768072173307,1.7611019959219114,2.083036455504757,0.10581818181818181,0.04945454545454547,-0.0032727272727272826,0.01890909090909092,-0.0029090909090908946,-0.0029090909090909054,-0.0025454545454545396,0.0,-0.0032727272727272492,-0.0029090909090909167,0.000727272727272732,-0.006181818181818155
126,126,0.9709090909090909,0.9711415765018798,0.9577367841409692,0.9968795888399412,2.9139540917587965,2.083327604929385,0.8867304841530896,1.5020962934358475,1.7878796929864063,0.0792727272727273,0.058909090909090966,0.0032727272727273047,0.003272727272727294,0.001454545454545464,0.0010909090909090979,0.00036363636363637706,0.005818181818181856,0.0021818181818181958,-0.0007272727272726986,-0.0003636363636363438,0.000727272727272732
127,127,0.9781818181818182,0.9781818181818182,0.9668034765813616,0.996378561081603,2.0081290334795567,2.020122907317006,0.7291985128641891,2.1497964904877045,1.3369025825454444,0.11236363636363633,0.08981818181818178,0.023636363636363567,0.012363636363636332,-0.0018181818181818299,0.000727272727272732,-0.0036363636363636598,-0.0025454545454545617,0.0018181818181818188,-0.000727272727272732,-0.0043636363636363916,-0.00618181818181821
128,128,0.9709090909090909,0.9709090909090909,0.9563006515175592,0.9954711584300016,2.44373070868987,2.3420272393519346,1.1128352263613683,1.551772209056305,1.275275019382071,0.0963636363636364,0.06036363636363641,0.010181818181818226,0.005818181818181856,-0.0018181818181817744,0.000727272727272732,-0.0036363636363635488,-0.009090909090909038,-0.005818181818181745,-0.002909090909090839,-0.0003636363636363549,-0.003999999999999915
129,129,0.9745454545454545,0.9744575506043396,0.9568181818181818,0.9972727272727272,2.6841636857049425,2.6668898180377014,1.0422201817246977,1.4292253053017125,1.2124763792438422,0.1003636363636363,0.06072727272727267,0.013090909090909042,0.013090909090909042,0.0003636363636363549,0.003636363636363582,0.005090909090909024,0.007636363636363585,0.00727272727272722,0.0010909090909090534,0.00727272727272722,0.00290909090909085
130,130,0.9709090909090909,0.9707427753225119,0.9532419886193471,0.9974543276430069,1.957306228967496,2.4702433767216623,1.281210770706566,1.8014755035679937,1.6712531571863116,0.11709090909090916,0.0654545454545455,0.0061818181818182215,0.0007272727272727541,0.0036363636363636598,0.00036363636363637706,-0.0003636363636363438,1.1102230246251566e-17,2.2204460492503132e-17,1.1102230246251566e-17,-0.0018181818181817523,-0.004727272727272658
131,131,0.9781818181818182,0.9784312915616868,0.9800387596899225,0.9934883720930232,2.1176767683230304,2.2218134437180375,1.2946541155616982,2.1259576102880056,1.1852288051868227,0.12836363636363637,0.05599999999999998,0.01599999999999998,0.0032727272727272384,0.0,0.005090909090909079,-0.000363636363636366,0.0040000000000000036,0.003999999999999992,0.0,0.00654545454545451,0.001454545454545464
132,132,0.9854545454545455,0.9854545454545455,0.9784212178279974,0.9978813559322034,2.1355828872286153,2.506176122182366,1.2505923507555363,1.497732667341554,1.3952708927304915,0.1021818181818182,0.06981818181818185,0.01054545454545458,0.013454545454545474,-0.000727272727272732,0.009090909090909127,-0.0036363636363636485,0.002909090909090928,0.000727272727272732,-0.000363636363636366,0.006909090909090943,0.0036363636363636598
133,133,0.9745454545454545,0.9744802818032655,0.9629377152698049,0.9981343283582089,2.5374544237023735,2.054332803382533,1.2780838677789064,2.07637092976426,1.300778794190931,0.12072727272727268,0.06909090909090904,0.0003636363636363549,0.010181818181818115,-0.00036363636363638817,-0.004727272727272758,-0.0043636363636363916,-0.000727272727272732,-0.001818181818181841,-0.003272727272727294,-0.0010909090909091202,-1.1102230246251566e-17
134,134,0.9745454545454545,0.9748161047618865,0.9695584684373922,0.9974991376336668,3.169094057047845,1.9992389110146551,0.5393000600346595,1.9458903731932355,1.3498161610192745,0.10909090909090904,0.05272727272727269,0.011272727272727235,-0.00545454545454549,-0.002909090909090928,-0.0007272727272727431,0.0014545454545454085,-0.0036363636363636598,-0.0072727272727273196,-0.0021818181818181958,-0.0021818181818181958,-0.0010909090909090979
135,135,0.9745454545454545,0.9744818465782321,0.9633418584825235,0.9967320261437909,3.1952596735648866,1.6933969901564951,1.214524759071741,1.1136164802510313,1.1146715476991325,0.1014545454545454,0.046181818181818136,0.012363636363636332,0.007999999999999952,0.0003636363636363549,0.005818181818181755,-0.001454545454545475,0.0,0.003999999999999937,-0.001454545454545464,0.0047272727272726685,0.003999999999999959
136,136,0.9636363636363636,0.9638342847910384,0.9541030248577418,0.9928122192273136,2.214449062650286,2.7609676142362654,1.122625104553078,1.6743061844847684,0.9891760352607025,0.09709090909090909,0.06618181818181816,0.02290909090909089,-1.1102230246251566e-17,0.001454545454545464,-0.0021818181818181958,-0.002909090909090928,-0.002909090909090928,0.005454545454545423,0.002181818181818185,-0.0010909090909090868,0.0025454545454545396
137,137,0.9781818181818182,0.9784135864135866,0.9802710392333034,0.998502545672357,2.875223877969507,2.652166244660843,1.0651897207668861,0.903557841758443,1.4668013441182888,0.13745454545454544,0.04399999999999996,0.009818181818181771,0.0018181818181818299,0.0014545454545454417,0.0,-0.0021818181818181958,0.000363636363636366,0.004727272727272724,-0.000363636363636366,-0.0021818181818181958,0.0010909090909090979
138,138,0.9745454545454545,0.9746311231504854,0.9636363636363636,0.9952066115702479,2.838351605993376,2.318138240317555,1.0311511552095585,1.5853653566317465,1.294630701076323,0.12363636363636359,0.05854545454545448,0.00618181818181811,0.0047272727272726685,0.009818181818181771,0.0018181818181817633,0.0021818181818181294,0.006909090909090842,0.0014545454545454306,0.002545454545454484,-0.00036363636363637706,0.002181818181818118
139,139,0.9636363636363636,0.962964389659305,0.9307890352869908,0.9952294411631076,2.1464947505419683,2.2130487821935407,0.8039525604121812,1.8312805352742267,1.7807873030472794,0.124,0.05090909090909092,0.018181818181818177,0.009454545454545427,0.010181818181818148,-0.0010909090909091202,0.0040000000000000036,0.008727272727272672,0.005818181818181789,0.0072727272727272415,-0.005090909090909123,0.0007272727272727208
140,140,0.9781818181818182,0.9784793388429751,0.9793047764745878,0.9954105048444671,2.935286135426878,1.9532316408007493,1.3733264779061976,1.2112128129209507,1.3914505156860457,0.12181818181818178,0.05090909090909088,0.01745454545454541,0.01599999999999997,0.007999999999999962,0.0,0.00436363636363637,0.016363636363636358,0.0036363636363636264,0.006909090909090876,0.0036363636363636377,0.005818181818181789
141,141,0.9781818181818182,0.9783385100366232,0.97180062090376,0.9957744049672301,2.7293392273956094,1.6191106635710169,1.2481497219974074,1.797231139389587,1.7561421225545022,0.09272727272727269,0.06727272727272725,0.009454545454545405,0.006181818181818155,-0.000363636363636366,0.0040000000000000036,0.00654545454545451,0.0029090909090909054,0.0036363636363636377,-0.0021818181818181958,0.0010909090909090979,0.0018181818181818299
142,142,0.96,0.9606665616411979,0.963317384370016,0.9949253298535596,2.4169158343089294,2.3058782422325295,0.8590014165065174,1.437970855757862,1.743883822008507,0.12145454545454544,0.061090909090909064,0.00727272727272722,0.003636363636363571,0.00363636363636356,-0.0007272727272727431,0.0025454545454544953,-0.001454545454545464,0.005090909090909024,-0.001454545454545464,-0.005818181818181856,-0.0018181818181818299
143,143,0.9854545454545455,0.9853671599718111,0.9730733874674429,0.9980848781982534,2.4057546946726918,2.1767286745911747,0.4333894779124631,2.563839643023687,1.2074222779517414,0.12145454545454545,0.09636363636363637,0.02072727272727275,0.007636363636363652,0.012363636363636377,0.005454545454545478,0.00545454545454549,0.011272727272727323,0.0043636363636363916,0.001454545454545464,0.003272727272727294,0.006909090909090953
144,144,0.9672727272727273,0.9681517283131432,0.9718178424785368,0.996080627099664,2.5265597941693976,2.3412978207054467,1.4109105013340706,1.5317058044809484,1.1929170342702566,0.09018181818181821,0.03709090909090912,-0.0018181818181818188,0.012727272727272709,0.0021818181818181958,-0.005090909090909068,0.0036363636363636598,-0.0036363636363636155,0.004000000000000026,0.000363636363636366,-0.005090909090909057,-0.006909090909090876
145,145,0.96,0.9598423256959843,0.9288888888888889,0.9955555555555556,2.5551337901537816,2.1342333222679444,1.1819383460359072,1.240604052334528,1.7938528500097866,0.08836363636363632,0.04909090909090906,-0.0007272727272727653,-0.0043636363636363916,-0.008727272727272783,-0.011272727272727313,-0.015999999999999993,-0.00909090909090915,-0.0072727272727273196,-0.0170909090909091,-0.00909090909090915,-0.0065454545454545765
146,146,0.9672727272727273,0.9673774022079868,0.9534443907934975,0.9962980846611943,2.272176895419018,2.3452282732959113,0.85308097585498,2.2357037826635966,1.3722683209516955,0.10072727272727273,0.04909090909090911,0.002545454545454551,0.005090909090909102,0.000363636363636366,0.004000000000000026,-0.0065454545454544984,-0.0032727272727272605,-0.003272727272727294,-0.001454545454545464,0.000363636363636366,0.0
147,147,0.9672727272727273,0.9673774022079868,0.9534443907934975,0.9974247545469177,2.627340823491486,2.0450867577840057,1.1556155483514075,2.287143247124493,0.9596578636958467,0.09127272727272728,0.05490909090909091,0.007636363636363663,0.0014545454545454527,-0.006545454545454521,-0.0025454545454545396,-0.0029090909090908946,-0.0036363636363636264,-0.000727272727272732,-0.009818181818181781,-0.000727272727272732,-0.011636363636363601
148,148,0.9818181818181818,0.9818748867247713,0.9758461782933419,0.996662958843159,1.8333762635239181,2.462630886874563,0.9999257856247827,1.8673197401826633,1.7592857356995693,0.13054545454545452,0.06145454545454546,0.011272727272727278,0.011999999999999978,0.011999999999999978,0.0043636363636363916,0.007636363636363652,0.00872727272727274,0.009090909090909094,-0.001454545454545464,0.009090909090909104,0.000727272727272732
149,149,0.9818181818181818,0.9820803864067621,0.979257869501772,0.9987492182614134,2.4878417159829573,2.1871136299724774,1.805681195051443,1.2761960797789904,1.3143578260675262,0.07163636363636364,0.03490909090909091,0.0025454545454545617,0.0,0.004000000000000026,0.006909090909090953,0.003272727272727294,0.0036363636363636598,-0.001454545454545464,-0.002909090909090928,0.0021818181818181958,0.0018181818181818299
150,150,0.9781818181818182,0.9780404723234274,0.9609089464484348,0.9981725726998252,2.094017427376683,1.5340308989572082,0.7165994381002255,2.83144858303038,1.6880805219634447,0.15599999999999997,0.09818181818181816,0.028363636363636324,0.0072727272727272415,0.004000000000000015,0.008727272727272672,0.0036363636363636598,0.004000000000000015,0.005454545454545434,0.004000000000000015,0.005090909090909068,-0.0010909090909090979
151,151,0.9636363636363636,0.9641725987017468,0.9544444444444444,0.9938666666666667,2.1034261275827606,1.9736817985215667,1.1234929999956116,1.8865044991118352,1.918567697869176,0.11090909090909089,0.05490909090909092,0.006909090909090887,0.004727272727272691,-0.000727272727272732,0.0032727272727272605,-0.006909090909090953,-0.000363636363636366,0.0,-0.008363636363636373,0.009090909090909038,-0.000727272727272732
152,152,0.9745454545454545,0.9747896960610605,0.9707273320287019,0.9986138290932812,2.695344845534214,2.561612779204035,0.9572705844386208,1.857934636896489,0.6797775591358426,0.0945454545454545,0.052727272727272664,0.003999999999999959,0.002909090909090861,0.0032727272727272163,-0.005818181818181856,-2.2204460492503132e-17,0.005090909090909035,-0.0014545454545454861,-2.2204460492503132e-17,-0.001454545454545475,-0.0043636363636363916
153,153,0.9527272727272728,0.9541251994060921,0.9637476459510358,0.9941933458882611,2.108189420096028,2.4859934137185857,1.50311722778101,1.5710561037167925,1.1233017387113946,0.1054545454545455,0.060727272727272776,0.009454545454545493,0.005818181818181856,-0.001454545454545464,-0.008363636363636328,0.0010909090909090979,0.0018181818181818299,0.0021818181818181958,-0.009454545454545415,-0.007999999999999941,-0.007272727272727231
154,154,0.9709090909090909,0.9712500522305947,0.9691619585687382,0.9946641556811048,1.9928851921079205,2.1256095581068166,1.2480476320883265,1.9805615462974555,1.685498796698094,0.1101818181818182,0.08000000000000003,0.009454545454545493,0.00545454545454549,0.0010909090909090979,-0.0010909090909090424,-0.0003636363636363549,0.0010909090909090979,0.0010909090909090979,-0.0003636363636363549,-0.0007272727272727098,-0.0007272727272727098
155,155,0.9781818181818182,0.978057081491884,0.9635369871218928,0.9984276729559748,2.2707376933368972,1.8900968668692812,1.5316223887195615,1.6871332456745027,1.7045263954900929,0.13054545454545452,0.061090909090909064,0.014909090909090872,0.004363636363636347,0.003999999999999992,0.005818181818181789,0.0010909090909090868,0.008363636363636328,0.0032727272727272718,-0.001454545454545475,0.0010909090909090868,0.0032727272727272826
156,156,0.9818181818181818,0.9817484198308473,0.9661239495798319,0.9979866946778712,2.2480366882470966,1.6287065485911831,0.7961075944196722,2.222913765662623,1.94126080640913,0.11527272727272728,0.06799999999999999,0.008363636363636384,0.007272727272727275,0.0043636363636363916,0.012363636363636332,-0.000363636363636366,0.00436363636363638,0.000363636363636366,0.005818181818181856,0.011272727272727235,-0.0025454545454545617
157,157,0.9781818181818182,0.9784193235674279,0.9801983946690898,0.9959866727245191,2.6575271269941716,2.2611947657832174,1.0416143382193854,1.7837468863482209,1.1101346442381104,0.13418181818181815,0.06581818181818178,0.00836363636363634,0.008363636363636318,0.0029090909090909167,0.0036363636363636377,0.004727272727272714,0.005818181818181789,0.0010909090909090979,0.0010909090909090979,0.0021818181818181958,0.000363636363636366
158,158,0.9672727272727273,0.9675499465240641,0.9613911444767886,0.9954037076758082,2.5785520524952847,2.2153761165542294,0.978690332142863,2.072588079076096,0.9854330763687696,0.12327272727272728,0.05527272727272731,0.009818181818181814,0.009818181818181827,0.0025454545454545617,0.00618181818181821,0.0,0.0,0.0036363636363636598,0.0,0.004000000000000026,-0.0021818181818181958
159,159,0.96,0.9607883715200788,0.9505412467338559,0.9946808510638298,2.3915571655060974,2.0796531237810267,1.135773491308206,1.1843227191982664,2.106911178367153,0.07781818181818179,0.023636363636363587,-0.004000000000000026,0.003636363636363582,0.0007272727272727098,0.0021818181818181403,-0.001818181818181841,-0.006545454545454588,-0.001818181818181841,-0.003272727272727294,-3.3306690738754695e-17,-0.005818181818181845
160,160,0.9818181818181818,0.9818793736789181,0.975,0.9973553719008265,2.1332130816000605,2.784078470884692,0.727611994174993,1.8321270826205436,1.3410600659067509,0.10363636363636361,0.05199999999999999,0.026909090909090872,0.013454545454545464,0.008000000000000018,0.006909090909090953,0.004727272727272758,0.00945454545454546,0.01709090909090909,0.0043636363636363916,0.004727272727272758,0.009090909090909084
161,161,0.9854545454545455,0.9856580891875009,0.9910313901345291,0.9979303208002759,2.3745597794627766,2.107499674526352,0.8603442818376921,0.8728296353439386,2.3232677037105534,0.17309090909090913,0.07309090909090912,0.0036363636363636598,0.00872727272727275,0.004000000000000026,0.023272727272727313,0.009818181818181882,0.0036363636363636598,0.0061818181818182215,0.0018181818181818299,0.013090909090909108,0.0010909090909090979
162,162,0.9709090909090909,0.9707055471761354,0.9477272727272728,0.996694214876033,2.346233124941013,2.2377593661258217,1.413140172598644,1.9532086111355293,1.017865208122609,0.10581818181818185,0.04472727272727275,0.008363636363636406,0.00800000000000003,0.0043636363636363916,-0.0069090909090908535,0.004727272727272758,0.00036363636363637706,0.0036363636363636598,-0.002909090909090839,-0.0021818181818181403,0.002909090909090928
163,163,0.9709090909090909,0.9704685510567862,0.9388917219105899,0.99473057963624,2.6327845420325153,2.317500212670655,0.8319051352081179,1.5054490587105713,1.506360633100663,0.10763636363636367,0.045818181818181855,0.018545454545454552,0.001818181818181841,0.009454545454545516,0.006909090909090953,0.004727272727272758,0.010909090909090969,0.004727272727272758,-0.003636363636363582,0.0010909090909090979,-0.002909090909090839
164,164,0.9490909090909091,0.9497851239669421,0.932559918408975,0.9935407105218426,2.2986839426058356,2.016249417166794,0.9903749286657334,2.1211438940476675,1.5441334050339546,0.08254545454545455,0.03818181818181819,0.008000000000000018,-0.0010909090909090868,-0.0036363636363636598,-0.009818181818181814,-0.0069090909090909315,-0.012727272727272698,-0.005818181818181845,-0.0040000000000000036,-0.007272727272727287,-0.0069090909090909315
165,165,0.9527272727272728,0.9531586251881051,0.9384633720006357,0.9932464643254411,2.825364255687778,2.2265633773968205,1.260827071210449,1.3384198090633321,1.5775404573469216,0.10072727272727273,0.04763636363636368,0.003272727272727294,0.0025454545454545617,0.001454545454545464,-0.003272727272727294,0.0043636363636363916,0.004727272727272758,0.0043636363636363916,-0.0021818181818181737,-0.0036363636363636377,0.000727272727272732
166,166,0.9745454545454545,0.9747610695187164,0.9719243143863949,0.9951738930595987,2.2853452616625454,1.9508645706004435,0.9618555183337553,2.1285005248479747,1.4669327649331692,0.12981818181818178,0.06509090909090903,0.01236363636363631,0.010909090909090868,0.003636363636363582,0.002545454545454484,0.0018181818181817744,0.010545454545454502,0.00290909090909085,0.005818181818181755,0.005090909090909024,-0.0040000000000000365
167,167,0.9454545454545454,0.9463634931470882,0.9433811802232854,0.9903581267217632,2.7151406744613196,1.7104834544012169,1.6650313172282647,1.5016972669517905,1.5686781604953308,0.07636363636363634,0.05490909090909089,0.010909090909090868,0.00836363636363634,-0.005818181818181856,-0.003272727272727294,-0.005090909090909123,-0.004727272727272758,-0.000363636363636366,-0.010181818181818191,0.0010909090909090647,-0.007636363636363675
168,168,0.9745454545454545,0.9747836151531302,0.9709882504426204,0.9938033156285209,1.6638848246770297,2.4237307555939616,0.8178659904514137,2.3146362705188293,1.5454952630503167,0.12945454545454538,0.06218181818181814,0.026545454545454504,0.013454545454545386,0.0036363636363635488,0.0072727272727272085,0.004727272727272647,0.00290909090909085,-0.00036363636363638817,-0.0036363636363636598,0.0032727272727271937,-0.000363636363636366
169,169,0.9781818181818182,0.9780166157372039,0.9570541566057261,0.9962918247671612,2.4569524514947707,1.3961126523262526,1.470485572744355,2.2861365976485484,1.1970840797977018,0.11418181818181816,0.06763636363636362,0.010909090909090868,0.005090909090909079,-0.003272727272727294,0.0018181818181818299,0.003272727272727294,-0.0025454545454545617,-0.0018181818181818299,-0.0010909090909090979,0.0,0.0
170,170,0.9709090909090909,0.9709090909090909,0.9525698516729907,0.9963780614004829,3.3366368447338215,1.8004257143726425,1.6718076445360035,1.4837389704650388,0.5423626952157896,0.07272727272727278,0.04545454545454551,0.010181818181818236,-0.005090909090909046,-0.006909090909090842,-0.002909090909090839,-0.0018181818181817854,-0.0010909090909090534,-0.0021818181818181294,-0.0014545454545454195,-0.0021818181818181294,-0.007999999999999941
171,171,0.9745454545454545,0.9749629872365337,0.9771660801072566,0.9968996145466733,2.5807031680964165,2.063642552173894,0.7901436121619144,1.485511188017492,2.1379769470595624,0.09709090909090903,0.06872727272727269,0.006181818181818122,0.006181818181818133,0.0010909090909090647,-3.3306690738754695e-17,-0.002909090909090939,-0.001454545454545464,-0.001818181818181841,-0.002909090909090928,0.00290909090909085,-0.007636363636363686
172,172,0.9709090909090909,0.9709090909090909,0.9573643410852712,0.9968217054263565,1.9950997296420936,2.101711177181583,0.9359623656644487,2.052589450302928,1.8752272303486492,0.11709090909090913,0.07563636363636365,0.015272727272727304,0.004727272727272769,-0.003999999999999937,-0.005818181818181745,0.0007272727272727431,-0.002545454545454484,-0.0007272727272726986,-0.0010909090909090647,-0.006545454545454477,-0.002909090909090839
173,173,0.9781818181818182,0.9783162129772298,0.973542030827904,0.9973780390910536,1.9467381072433694,2.4847251693778794,1.0525083444526375,1.6544211763391168,1.7732631951338331,0.09890909090909088,0.04909090909090906,0.008727272727272684,-0.0025454545454545617,-0.003272727272727294,-0.0025454545454545617,0.000363636363636366,-0.000727272727272732,-0.0061818181818182215,0.0,0.0018181818181818188,0.001454545454545464
174,174,0.96,0.9601129411764706,0.9455929123125852,0.9952294411631077,2.4163560004328346,1.959917663485513,0.9218221589444512,1.3705665430911185,2.044840901300545,0.1636363636363636,0.06036363636363633,0.007636363636363575,0.00545454545454539,-0.00036363636363637706,0.0018181818181817633,0.0021818181818181403,0.0003636363636363549,-1.1102230246251566e-17,-0.0010909090909091202,0.009454545454545415,-0.00800000000000004
175,175,0.9927272727272727,0.9927272727272727,0.9881424629182476,0.9995688168333908,2.5191674285522363,2.2852852392316616,1.4410950874913877,1.8102131662928143,0.9372402981013187,0.08909090909090904,0.07563636363636358,0.017454545454545424,0.011272727272727235,0.006545454545454477,0.011999999999999966,0.0036363636363635488,0.007999999999999952,0.0014545454545453972,0.0003636363636363438,0.006545454545454477,0.0021818181818181294
176,176,0.9781818181818182,0.9783162129772298,0.973542030827904,0.9975369458128078,2.224386689330554,2.3928512276388023,1.0296442976622289,2.244762183662033,0.5078487600293935,0.10181818181818178,0.06909090909090905,0.014909090909090894,0.005090909090909057,0.0,0.000727272727272732,0.0018181818181818299,0.0021818181818181958,-0.0010909090909090979,0.0025454545454545617,-0.0010909090909090979,-0.006545454545454588
177,177,0.9745454545454545,0.9749965382395077,0.9768032212885154,0.9960609243697479,2.6169102271421614,2.3162672937793425,1.1007076708295074,1.7221397526466267,1.3784764097572537,0.11199999999999992,0.057454545454545404,0.011999999999999945,0.010545454545454502,0.0025454545454544953,-0.0014545454545454861,0.00618181818181811,0.009818181818181771,0.008363636363636306,0.004363636363636292,-0.00036363636363637706,-0.003272727272727294
178,178,0.9636363636363636,0.963911701044054,0.9466666666666668,0.9917333333333334,2.558736679006042,2.3452803400108446,1.2632432533917377,1.7900756793652624,1.035710690628136,0.08872727272727272,0.05854545454545453,0.011999999999999966,0.009818181818181804,0.0007272727272727208,-0.0010909090909090979,0.0003636363636363549,0.000727272727272732,0.004363636363636359,0.0021818181818181958,0.001454545454545464,0.0018181818181818299
179,179,0.9709090909090909,0.9709090909090909,0.9448676824378508,0.9941860465116279,3.1206484979733102,2.286986577223774,1.11288880731878,1.2821210655034236,1.1150273461698341,0.06981818181818185,0.048727272727272786,0.013454545454545486,0.010909090909090946,0.0061818181818182215,0.0021818181818181958,0.00545454545454549,0.006545454545454588,0.001454545454545475,0.0036363636363636598,0.004000000000000026,0.0025454545454545617
180,180,0.9818181818181818,0.9820115034013475,0.9814160055191445,0.997412901000345,2.783235242328746,2.213395809398049,0.9499191447920947,1.4332233475309917,1.3686248468223734,0.10072727272727271,0.057090909090909095,0.020727272727272716,0.0036363636363636377,0.0010909090909090979,0.009818181818181827,0.0043636363636363916,0.0043636363636363916,0.0036363636363636598,0.005090909090909123,0.01018181818181818,0.0018181818181818299
181,181,0.9781818181818182,0.9783515151515152,0.97074227921257,0.9964782373126242,3.1935979989297523,1.7689194927140655,0.9632357384112823,2.0509976962689116,0.7234367657066072,0.08909090909090907,0.0538181818181818,0.000727272727272732,0.006181818181818166,0.0,0.0014545454545454527,0.000363636363636366,0.0040000000000000036,-0.000727272727272732,-0.000727272727272732,-0.000363636363636366,0.0018181818181818299
182,182,0.9818181818181818,0.9820065474062853,0.98155702872684,0.99736528981812,2.2857884170133893,2.279224270662966,0.9274763695035521,1.8866671024530903,1.2813897590753476,0.11927272727272728,0.061818181818181814,0.021090909090909105,0.000363636363636366,-0.000363636363636366,0.0010909090909090979,-0.00618181818181821,-0.0010909090909090979,-0.0036363636363636598,-0.006545454545454588,0.004727272727272758,-0.004000000000000026
183,183,0.9709090909090909,0.9709090909090909,0.9539131892073068,0.9963130551365845,2.805939448843063,2.2086105761641948,1.1037355006119605,1.4878665886111804,1.1427562155936153,0.10581818181818185,0.0614545454545455,0.020000000000000028,0.013454545454545474,0.010181818181818226,0.002909090909090939,0.0072727272727273196,0.009454545454545493,0.00981818181818187,0.004000000000000026,0.008727272727272773,0.002909090909090928
184,184,0.9563636363636364,0.9567123647528197,0.9324981644640236,0.9933920704845816,2.1531815365936473,2.1518498435637508,1.4730188760168366,1.1164446022990986,2.095187755456077,0.09381818181818188,0.04654545454545461,-0.00036363636363632155,0.007636363636363675,0.005818181818181856,-0.007636363636363575,0.0032727272727273047,0.0043636363636363916,0.005090909090909123,0.003272727272727294,-0.00545454545454539,-0.004363636363636292
185,185,0.9818181818181818,0.9819612805347652,0.982708827014218,0.9965936018957345,2.377352827641174,1.9497110018775632,1.0398134844148232,1.6727883479956773,1.73577312508814,0.13199999999999998,0.088,0.026909090909090883,0.002909090909090928,0.0018181818181818299,0.00618181818181821,0.004727272727272758,0.01018181818181818,0.0036363636363636598,0.008363636363636351,0.005454545454545478,0.0018181818181818299
186,186,0.9709090909090909,0.9712765988183117,0.9684442270058709,0.9946999347684279,2.1400270208793137,2.5577006626403334,0.9481975689456092,1.5970428405254766,1.372341089939862,0.10072727272727273,0.06581818181818186,-0.002545454545454506,0.004000000000000026,0.001090909090909109,1.1102230246251566e-17,-0.004363636363636314,-0.0039999999999999255,-0.0007272727272726986,-0.003272727272727227,0.000363636363636366,-0.0010909090909090647
187,187,0.9672727272727273,0.9674168968286614,0.9446859903381642,0.9940096618357488,2.398299733046305,2.5281371987602266,0.789118700294845,1.8067205470244563,1.6382707067331164,0.084,0.03600000000000002,0.01018181818181818,-0.0003636363636363549,-0.0018181818181818299,-0.0036363636363636485,-0.0036363636363636485,0.0,0.002909090909090928,-0.004000000000000015,-0.00436363636363637,-0.000363636363636366
188,188,0.9745454545454545,0.9744863082260992,0.9644780447390224,0.9966169566418116,2.406095998025354,2.5390255523910104,1.2337932310722093,1.6215541951612145,0.7899317202055655,0.11127272727272723,0.07745454545454541,0.015999999999999938,-3.3306690738754695e-17,-0.003272727272727294,0.00363636363636356,-0.00545454545454549,-0.004000000000000026,-0.0061818181818182215,-0.004000000000000026,0.003272727272727205,-0.002909090909090928
189,189,0.9818181818181818,0.981755393288814,0.9681818181818183,0.9984297520661157,2.193653946049171,2.395172665370654,1.5223781298043908,1.594380048138635,1.1794713316450265,0.10727272727272727,0.06181818181818181,0.011999999999999988,0.004727272727272747,0.0,0.0,0.0,0.003272727272727294,0.0010909090909090979,0.000727272727272732,-0.000363636363636366,0.000363636363636366
190,190,0.9709090909090909,0.9709090909090909,0.9583522641223685,0.9971982432227776,2.5220707451180737,2.521725972270417,1.0701449669919652,1.2667990946509593,1.2470122727998125,0.12290909090909094,0.04436363636363638,0.00800000000000004,0.005818181818181845,0.005818181818181856,0.005818181818181856,-0.0014545454545454195,0.002909090909090928,0.002181818181818207,-0.0021818181818181294,-0.0021818181818181294,-0.0003636363636363438
191,191,0.9818181818181818,0.9817614769115923,0.969946641556811,0.9970966729441306,2.9923999006694992,2.287500854479273,1.1677083122526035,0.9864195693033594,1.53301342859299,0.09527272727272726,0.08836363636363638,0.019999999999999997,0.015272727272727271,0.0025454545454545617,0.005818181818181845,0.004727272727272758,0.0061818181818182,0.0018181818181818299,-0.000727272727272732,0.015272727272727271,0.000727272727272732
192,192,0.9563636363636364,0.9575335968379446,0.9449724095646843,0.9930512977723277,2.526980526230519,2.6628817872437995,1.2301507337380373,1.7381624997576977,1.039436779786506,0.061454545454545505,0.02436363636363641,-0.0014545454545454085,0.008000000000000052,0.0061818181818182215,-0.0007272727272727098,-0.003999999999999915,0.004000000000000026,0.001090909090909109,2.2204460492503132e-17,-0.0014545454545454195,2.2204460492503132e-17
193,193,0.9781818181818182,0.9781818181818182,0.9649413564507905,0.99736528981812,2.5663541749225516,2.3245366183653555,1.0100811228122952,1.6699176230100796,0.986274356796526,0.12909090909090906,0.0476363636363636,0.011636363636363611,0.0032727272727272605,0.0029090909090909054,0.0014545454545454527,0.0029090909090909167,0.00654545454545451,0.0029090909090909167,-0.002909090909090928,0.004000000000000015,-0.000363636363636366
194,194,0.96,0.9607088458049409,0.9527310924369747,0.990983893557423,2.0041907945647375,2.7119276913430386,1.600732987678269,1.5599340103683323,1.004121628536825,0.07636363636363633,0.0476363636363636,0.013454545454545419,0.0021818181818181294,-0.00036363636363637706,-0.001818181818181841,-0.005090909090909123,0.002181818181818118,-0.003636363636363671,-0.002545454545454573,0.00036363636363633266,0.00036363636363633266
195,195,0.9781818181818182,0.9781818181818182,0.9633333333333334,0.9972444444444445,2.8311940585798028,2.4500285590909234,0.46854490139271704,2.0331939500070537,1.1225083879401296,0.09199999999999997,0.06690909090909088,-0.001454545454545464,0.004363636363636347,-0.000727272727272732,0.008363636363636318,0.0,0.0,0.0029090909090909167,0.0032727272727272826,0.00727272727272722,-0.003272727272727294
196,196,0.9781818181818182,0.9783128964059196,0.9737915881983679,0.9956057752667922,2.563114386165681,1.9899925854840654,1.5371473619401355,1.4137440131591663,1.189675248689306,0.11563636363636362,0.058181818181818154,0.015636363636363625,0.010545454545454502,0.006909090909090865,-0.0018181818181818299,-0.000727272727272732,0.003272727272727294,0.0,0.0,0.0,0.0010909090909090979
197,197,0.9745454545454545,0.9746380660537964,0.9621852362883753,0.9971541911003795,2.201793718269455,2.323158199529099,1.2550438476592802,2.039711620199114,1.1286891621567383,0.0963636363636363,0.08036363636363632,0.02109090909090903,0.016363636363636313,0.010181818181818136,0.002909090909090861,0.0003636363636363438,0.0021818181818181403,0.003636363636363582,-0.003272727272727294,0.00727272727272722,0.006545454545454477
198,198,0.9781818181818182,0.978342688701433,0.9714635854341737,0.9953606442577031,2.0045242691549294,2.018964649129699,1.4827307122944597,1.9317694676812132,1.3328426638101432,0.1087272727272727,0.05199999999999999,0.01781818181818179,0.00654545454545451,0.0036363636363636485,0.005454545454545445,0.000727272727272732,0.00436363636363637,0.004727272727272702,0.0010909090909090979,0.002181818181818185,0.000363636363636366
199,199,0.9781818181818182,0.978457449113734,0.9796559034572733,0.9955153294194391,2.28253308749073,2.419596315574505,0.7912311047629805,1.1639405474988667,2.4290578315805513,0.13272727272727267,0.06872727272727269,0.011636363636363601,0.007636363636363608,0.003999999999999992,0.004727272727272714,0.003999999999999992,0.010909090909090879,0.000727272727272732,-0.003272727272727294,0.0010909090909090979,-0.006545454545454588
200,200,0.9745454545454545,0.9747409727720217,0.9727106227106227,0.9951648351648351,2.228591878962759,2.595971363375757,0.8886092674488975,1.6771063667801647,1.4516267604974071,0.12363636363636359,0.06618181818181815,0.010909090909090868,0.0025454545454544953,-0.00036363636363637706,0.005454545454545379,-0.004727272727272758,-0.002909090909090928,-0.003272727272727294,-0.001454545454545475,0.00290909090909085,-0.003272727272727294
201,201,0.9781818181818182,0.9780121212121213,0.9563200280112045,0.9985119047619048,2.20879593510375,2.510921798014416,0.643179304862887,1.3535769695991877,2.2111821739697,0.11527272727272726,0.06472727272727272,0.0018181818181818188,0.004363636363636359,0.0032727272727272826,0.0018181818181818188,-0.007272727272727308,0.0010909090909090979,-0.002909090909090928,-0.0061818181818182215,0.008363636363636328,-0.006545454545454588
202,202,0.9818181818181818,0.9818734834157244,0.9761064030131827,0.9967827997489015,2.2532643610381355,2.4961028281769218,0.577643675374194,1.6013100778207112,1.7108159709313622,0.11963636363636362,0.08763636363636364,0.00618181818181821,0.005818181818181845,-0.0025454545454545617,0.004727272727272758,0.000363636363636366,-0.005090909090909123,-0.000727272727272732,-0.0018181818181818299,0.0018181818181818299,0.004727272727272758
203,203,0.9709090909090909,0.9713161783750018,0.9673163159710245,0.9965505346671266,1.6795528777755253,2.5767922448913567,0.987693011271627,2.072065799988613,1.3400819575849936,0.10727272727272733,0.05527272727272732,0.00981818181818186,-0.004363636363636314,-0.005090909090909024,0.002909090909090928,-0.009818181818181771,-0.007999999999999941,-0.006909090909090842,0.0010909090909090979,-0.0014545454545454195,-0.0007272727272726875
204,204,0.96,0.9607169001640792,0.9629005690326444,0.9929619646600778,1.9157985614592783,2.1579297207558605,1.324525670380683,1.3372628966061544,2.258001897661767,0.1087272727272727,0.053090909090909064,0.002545454545454506,0.003999999999999948,0.005818181818181755,-0.0010909090909091202,0.00036363636363633266,0.0014545454545454195,-0.006545454545454588,-0.0036363636363636598,-0.0018181818181818299,-0.008363636363636406
205,205,0.9672727272727273,0.9676031633207032,0.958647561588738,0.9930450812803754,2.567928469139005,2.2600277470019843,1.7665266870604672,1.1518648571900303,1.0981581342310573,0.10145454545454546,0.05309090909090912,0.0007272727272727431,0.0032727272727272826,0.00436363636363638,0.008363636363636384,0.0018181818181818299,0.0036363636363636598,0.0,-0.0010909090909090979,0.000727272727272732,0.0043636363636363916
206,206,0.9927272727272727,0.9927795033455411,0.9955156950672646,0.9993963435667471,2.5440449054515897,2.1773810724612894,0.9329586085716476,1.9232309691888663,1.4457720681757695,0.10399999999999995,0.0716363636363636,0.006545454545454477,0.009818181818181771,0.003999999999999915,0.00363636363636356,-0.000727272727272732,0.00363636363636356,-0.0025454545454545617,0.0,-0.000363636363636366,-0.001454545454545464
207,207,0.9672727272727273,0.9675640062416923,0.9606873822975518,0.9941148775894538,2.332638093883378,2.0070543363560156,1.1691350101057207,1.1565819789150873,1.974617376381445,0.09672727272727272,0.06327272727272729,0.008000000000000018,0.009454545454545448,0.0018181818181818299,0.005818181818181845,-0.002545454545454551,0.0,-0.006181818181818155,-0.0040000000000000036,0.0061818181818182,0.0010909090909090979
208,208,0.9636363636363636,0.9642301271003878,0.9649149685920024,0.9921096981768041,2.115177881544742,2.064676116159631,1.5333635935634915,2.265141277811016,1.500877448322648,0.11927272727272728,0.05418181818181818,0.01345454545454543,0.008727272727272695,0.002909090909090928,0.0018181818181818188,0.0,0.0,0.0,0.0,-0.000363636363636366,0.0
209,209,0.9709090909090909,0.9715525729875505,0.97430919270363,0.9966588405273613,2.014607006182449,2.547626346036544,0.7363646058691219,2.3234384776849732,0.6874108552620932,0.12472727272727277,0.050909090909090925,0.02072727272727275,0.005818181818181856,0.0,0.000727272727272732,0.008363636363636417,-0.005090909090909024,0.0043636363636363916,0.0003636363636363993,-0.0003636363636363438,-0.005818181818181755
210,210,0.9781818181818182,0.9784952018914282,0.9790353641456582,0.9961484593837535,2.6371406528754897,1.9960673262875834,1.0081778459377744,0.9546725627577908,2.484094220628092,0.12909090909090906,0.07418181818181815,0.015999999999999993,0.0040000000000000036,0.0,0.004363636363636359,0.0025454545454545617,0.0032727272727272605,0.0040000000000000036,0.0021818181818181958,-0.001454545454545464,-0.0025454545454545617
211,211,0.9672727272727273,0.9678378240370376,0.9650741635046568,0.9945670921007244,1.887509647873905,2.8115068904195732,1.2945878731183684,1.6587440750020934,1.539244236678245,0.1083636363636364,0.05345454545454546,0.008000000000000007,0.00036363636363637706,-0.003999999999999992,0.005454545454545467,-0.0003636363636363549,-0.0021818181818181737,0.0007272727272727541,-0.0036363636363636377,-0.002545454545454551,-0.004363636363636359
212,212,0.9745454545454545,0.9748384548922598,0.9685298898320389,0.99349828426946,2.723393674616043,1.8692474749184254,0.680398964037677,2.0844709863107242,1.5086177249936286,0.09781818181818178,0.07054545454545451,0.010545454545454502,0.008363636363636306,0.00545454545454539,0.008727272727272672,0.004363636363636292,0.0072727272727272085,0.003636363636363582,0.0007272727272727098,0.006181818181818122,0.0014545454545454195
213,213,0.96,0.9605138702618762,0.9403381642512076,0.9926570048309179,2.794620569224399,2.685648417639657,1.4947431076963733,0.6898911456183998,1.6509159393783894,0.08145454545454542,0.030545454545454497,0.006545454545454477,0.005090909090909012,0.0010909090909090647,0.003636363636363571,0.006545454545454488,0.006545454545454488,0.00363636363636356,0.0003636363636363549,0.0007272727272727098,-3.3306690738754695e-17
214,214,0.9672727272727273,0.9676718333009314,0.9681020733652312,0.9949253298535595,2.0292990853565915,2.4357820528585084,0.6589413494015152,1.9385016934115733,1.9151983603319827,0.14290909090909093,0.07890909090909091,0.008727272727272728,0.01563636363636365,0.0036363636363636598,-0.0018181818181818188,0.004000000000000026,0.009090909090909094,0.008363636363636361,0.0,0.004000000000000026,0.000727272727272732
215,215,0.9672727272727273,0.9670022388400676,0.9467032967032967,0.9972161172161172,2.1422381848021206,2.0376754194366717,1.0896736618969218,2.534964029166025,1.0796068043445577,0.11745454545454544,0.07781818181818183,0.020000000000000018,0.013818181818181795,0.0043636363636363916,0.0,-0.0014545454545454417,0.005818181818181845,0.000363636363636366,-0.001454545454545464,-0.004363636363636336,0.000727272727272732
216,216,0.9890909090909091,0.9891305997373413,0.98590031045188,0.9967230079337702,2.8878435900620234,2.3631481295743013,1.3251952334477892,1.1319499150842216,1.0080483875831663,0.10072727272727278,0.06290909090909094,0.02109090909090914,0.009454545454545516,0.004727272727272758,0.006545454545454588,0.004000000000000026,0.0025454545454545617,0.0043636363636363916,0.004000000000000026,0.010181818181818247,0.0010909090909090979
217,217,0.9781818181818182,0.9783660796090806,0.9695272451110689,0.9970571482817543,2.5468313196316474,2.192249962113578,1.3009409577383422,1.962285295475334,0.6773170623611859,0.07999999999999996,0.05563636363636361,0.009454545454545405,0.004727272727272714,-0.0021818181818181958,0.0036363636363636377,0.000727272727272732,-0.0036363636363636598,-0.003272727272727294,0.0,0.000727272727272732,0.0021818181818181958
218,218,0.9745454545454545,0.9746380660537964,0.9621852362883753,0.9976716109003104,1.88098690450994,2.1568479908391907,1.3932271078042016,2.24594666828575,1.721943478348066,0.10763636363636357,0.05454545454545449,0.0032727272727272163,-0.0003636363636364104,-0.010545454545454613,-0.0036363636363636598,-0.005818181818181856,-0.0025454545454545617,-0.0036363636363636598,-0.0061818181818182215,-0.0036363636363636598,0.0018181818181817744
219,219,0.9927272727272727,0.9927795033455411,0.9955156950672646,0.9998275267333563,1.679767756335256,2.5941515636231243,1.0929006505585204,1.6225448541389091,1.3575467819261449,0.11418181818181816,0.07163636363636361,0.016727272727272702,0.007999999999999941,0.0043636363636362805,0.0018181818181817854,0.0036363636363635488,0.005090909090909024,0.0018181818181817854,-0.0007272727272727431,0.0025454545454544953,-0.001818181818181841
220,220,0.9781818181818182,0.9781818181818182,0.9680232558139534,0.9968217054263566,2.5555536638175727,2.4897907301184965,1.1075522023438888,1.5461257529612897,0.9074676869722447,0.10181818181818181,0.07636363636363634,0.019999999999999962,0.007636363636363619,0.000727272727272732,0.008363636363636318,0.000363636363636366,0.0010909090909090979,0.000363636363636366,0.0018181818181817965,0.011636363636363601,0.0010909090909090979
221,221,0.9636363636363636,0.9645340876798677,0.9764150943396226,0.9981281820904462,2.769193591704259,2.5007722438760647,1.1631950762701315,1.4087121704782484,0.8186896808192066,0.11927272727272727,0.048727272727272716,0.0021818181818181737,0.0018181818181818078,0.0069090909090908535,-0.0065454545454545765,0.0,0.0,-0.0010909090909090979,-0.005090909090909123,-0.007272727272727308,-0.010181818181818158
222,222,0.9854545454545455,0.9853693051241694,0.9734590337725277,0.9990913221263061,2.8800547760803594,1.6877739178002098,0.8851049947294927,1.39918499604942,1.6849594809154333,0.1021818181818182,0.0763636363636364,0.00909090909090915,0.00800000000000004,0.001454545454545464,0.005090909090909123,0.0010909090909090979,0.0018181818181818299,0.003272727272727294,0.0025454545454545617,0.004727272727272758,0.001454545454545464
223,223,0.9709090909090909,0.9714144674387696,0.9642857142857143,0.9947855175127903,2.237283013719025,1.9024028707465108,0.7030684220016978,2.0766602156475207,1.836582271915318,0.09309090909090913,0.05818181818181824,0.02072727272727274,0.009090909090909139,-0.0003636363636363549,-0.010545454545454514,0.001454545454545464,0.002545454545454573,0.0061818181818182215,-0.0036363636363635488,-0.008727272727272672,-0.0010909090909090647
224,224,0.9854545454545455,0.9854545454545455,0.9800637958532695,0.9973176743511672,2.275701178943465,1.8641404411021423,1.526202312494043,1.1377996325333295,1.7932378025086233,0.12581818181818183,0.0781818181818182,0.024727272727272744,0.024363636363636386,0.0061818181818182215,0.01381818181818183,0.006545454545454588,0.008363636363636406,0.0010909090909090979,0.0043636363636363916,0.012727272727272754,0.004727272727272758
225,225,0.9781818181818182,0.9783162129772298,0.973542030827904,0.9967424122040363,3.0492279420756563,1.7747546140955734,1.0649346062831153,1.6716372622340534,1.0693793734516723,0.11927272727272724,0.07199999999999998,0.021454545454545382,0.014181818181818151,0.0018181818181818299,0.001454545454545464,-0.002909090909090928,0.001454545454545464,0.0025454545454545617,-0.0018181818181818299,0.00436363636363637,0.0010909090909090979
226,226,0.9745454545454545,0.9742748043290226,0.95,0.9974380165289256,2.5467328899853845,1.7672509597899138,1.0440004585558469,1.3209552456628664,2.194975598920706,0.11527272727272722,0.06618181818181812,0.005090909090909024,0.0069090909090908535,-0.0007272727272727431,0.00036363636363633266,-0.0007272727272727541,0.0007272727272727098,0.0021818181818181294,0.006181818181818133,-0.001090909090909109,-0.0007272727272727541
227,227,0.9563636363636364,0.9571120565032425,0.9537429378531074,0.9899560577526679,2.396711447715209,2.1811145422254743,1.441431271015485,1.3372996163647584,1.401818314202944,0.09709090909090914,0.042909090909090966,0.008363636363636417,0.006909090909090953,-0.0007272727272726986,0.002909090909090928,0.002909090909090928,0.0040000000000000365,0.0025454545454545617,0.0007272727272727431,3.3306690738754695e-17,-0.005818181818181745
228,228,0.9709090909090909,0.9712500522305947,0.9691619585687382,0.9968612680477087,2.2779485999807467,2.0111321113117433,0.9593706335685952,1.750240050833055,1.6535162580774585,0.1003636363636364,0.0585454545454546,0.010909090909090946,0.0072727272727273196,0.0010909090909091202,-0.0018181818181817854,0.00545454545454549,0.003272727272727294,0.0007272727272727653,0.0025454545454545617,-0.002181818181818118,-0.003272727272727227
229,229,0.9709090909090909,0.9709090909090909,0.9630227242167541,0.9955627269060104,2.3906918470483527,2.455350612902468,1.4413773581761973,0.5999757529106688,1.020403899381316,0.10472727272727278,0.0683636363636364,0.023636363636363678,0.0043636363636363916,-0.0007272727272727098,0.006909090909090953,-0.0032727272727271937,0.0007272727272727431,-0.0003636363636363438,-0.0032727272727272163,0.00036363636363637706,0.008363636363636406
230,230,0.9745454545454545,0.9744753279147649,0.9616409952606635,0.9970379146919431,2.8219647638499548,2.096864345661249,1.0091472173726823,1.6928051806538453,1.2064063032749348,0.1036363636363636,0.061818181818181786,0.0069090909090908535,0.00727272727272722,-0.0021818181818181958,0.00363636363636356,0.005090909090909012,0.003272727272727205,0.0007272727272727098,-0.00036363636363637706,-0.000363636363636366,-0.0036363636363636598
231,231,0.9563636363636364,0.9563636363636364,0.9308697838109603,0.9901960784313726,2.9587180960563115,1.9481423497529529,1.2168454469142826,1.7232682213990163,1.0948393319639007,0.10472727272727278,0.04763636363636371,0.014909090909090983,0.008727272727272783,0.0072727272727273196,0.002909090909090928,0.0007272727272727541,0.008727272727272783,0.004000000000000026,-0.00036363636363633266,0.00545454545454549,-0.0007272727272726875
232,232,0.9854545454545455,0.9853671599718111,0.9730733874674429,0.9993105561513713,3.0425761936926756,1.7761972893786961,1.0440958520616699,1.8637406688642688,1.112047520855943,0.1330909090909091,0.06472727272727276,0.009454545454545493,0.009090909090909127,0.000363636363636366,0.004727272727272758,-0.0018181818181818188,0.000363636363636366,-0.0014545454545454527,-0.0029090909090909167,-0.005090909090909079,0.000363636363636366
233,233,0.9745454545454545,0.974736278447122,0.9728867623604466,0.9974626649267797,2.406197408292808,2.2968560560339304,1.0493175652979954,1.779660101377579,1.3552174325196658,0.1483636363636363,0.06654545454545453,0.0072727272727272085,0.013090909090909032,-0.0007272727272727541,0.00036363636363633266,0.0010909090909090534,-0.008727272727272783,-0.0007272727272727431,0.0025454545454544953,-0.001818181818181852,-0.0018181818181818299
234,234,0.9418181818181818,0.9426323567500038,0.9198861676440151,0.9894791307347361,2.7981667367687724,2.036470927888065,1.4788325050231255,1.526048275054383,1.3303689849522184,0.0705454545454545,0.028363636363636334,0.009454545454545405,-0.005818181818181866,-0.008727272727272783,-0.0014545454545454861,-0.008727272727272783,-0.01345454545454553,-0.006545454545454588,-0.0003636363636363993,-0.001818181818181841,-0.00545454545454549
235,235,0.9709090909090909,0.9704685510567862,0.9388917219105899,0.9981302056773754,2.2552140999445247,1.7657584052328645,0.7047036463821975,2.6037203246535734,1.6283994139036655,0.11200000000000006,0.03890909090909095,0.0007272727272727431,-0.00472727272727268,0.001818181818181841,-0.0072727272727272085,-0.003999999999999948,0.0072727272727273196,-0.0018181818181817854,-0.0018181818181817854,0.003272727272727294,-0.005090909090909012
236,236,0.96,0.9604997108155002,0.9412378963356749,0.9937345737611544,2.466542095281998,2.3326526260867673,1.1188958465186576,1.2961139017906658,1.991514396877356,0.08909090909090907,0.03345454545454542,-0.0014545454545454861,-0.001454545454545475,-0.0010909090909090979,0.005818181818181745,-0.000727272727272732,-0.002909090909090928,-0.004000000000000026,-0.000363636363636366,-0.00036363636363637706,-0.0021818181818181958
237,237,0.9745454545454545,0.9747836151531302,0.9709882504426204,0.9953323676162884,2.3386562755835243,2.129303791855238,0.8589068751912005,1.382946298677103,1.9804997040615675,0.12836363636363632,0.08290909090909086,0.018909090909090855,0.007272727272727197,0.007636363636363575,0.008727272727272672,0.008363636363636306,0.008363636363636306,-3.3306690738754695e-17,0.0010909090909090534,0.004727272727272647,0.0010909090909090424
238,238,0.9745454545454545,0.9746431213277231,0.961111111111111,0.9984888888888889,3.3238979106511635,2.032178511121862,0.864197079755503,1.6055232603939569,0.5551929594129612,0.07963636363636359,0.0425454545454545,0.003272727272727205,-0.003272727272727294,-0.003272727272727294,-0.001090909090909109,-0.0043636363636363916,-0.004000000000000026,-0.006909090909090953,-0.001454545454545464,-0.0010909090909091202,-0.0010909090909090979
239,239,0.9672727272727273,0.967670450666286,0.9549272116461367,0.9972004479283314,2.777898647169575,2.3231923698849095,1.1730253753546132,1.149363893095622,1.1554670220065002,0.08581818181818182,0.04690909090909094,0.008000000000000018,-0.0032727272727272718,-0.0072727272727272085,-0.004000000000000015,-0.0029090909090909167,0.000363636363636366,-0.004727272727272702,-0.005454545454545423,-0.0072727272727272415,-0.0076363636363635965
240,240,0.9818181818181818,0.9820748663101604,0.9883720930232558,0.9951937984496123,2.3014149282983003,2.039332828442636,1.2319991396639263,1.317169548574918,1.9842148835992186,0.12727272727272726,0.084,0.02545454545454543,0.000363636363636366,0.000363636363636366,0.0036363636363636598,0.0,-0.000363636363636366,0.001454545454545464,-0.001454545454545464,0.012363636363636344,0.0
241,241,0.9490909090909091,0.9501724941724942,0.9497089014861345,0.9918032786885246,2.719434034475097,2.580694050077449,0.738129531454878,1.1006424913554358,1.7373414457819312,0.11854545454545455,0.05163636363636363,0.008727272727272717,0.005090909090909079,0.0021818181818181958,-0.0018181818181818299,-0.0043636363636363916,-0.003272727272727294,-0.000363636363636366,-0.004000000000000015,-0.004000000000000015,-0.007636363636363663
242,242,0.9745454545454545,0.9747720048546495,0.971476773383553,0.9972536095417451,2.323281134028462,2.398730398589086,1.038663316384641,1.7779781508308168,1.6856800804510823,0.10036363636363632,0.059636363636363585,0.011272727272727235,0.003272727272727205,0.0,-0.008363636363636417,-0.000363636363636366,0.00363636363636356,-0.000727272727272732,-0.004000000000000026,-0.0018181818181818299,-0.0072727272727273196
243,243,0.9745454545454545,0.9746289610836704,0.9640818656229615,0.9975538160469667,2.627572688544395,2.217370929282435,0.8547095936457166,1.887853259571672,1.260153994637654,0.12618181818181812,0.03927272727272724,0.0047272727272726685,0.008363636363636306,-0.006909090909090953,-0.0036363636363636598,-0.009818181818181882,-0.003272727272727294,-0.0036363636363636598,-0.000363636363636366,-0.0043636363636363916,-0.000363636363636366
244,244,0.9709090909090909,0.9709090909090909,0.9588200059898173,0.9924378556454028,2.0738507966450483,2.444073704878426,1.103735831022197,1.7837749931322775,1.401112508070875,0.1276363636363637,0.052363636363636404,0.03018181818181821,0.00545454545454549,0.008727272727272783,0.002909090909090939,0.0018181818181818299,0.003272727272727294,0.00036363636363637706,-0.0021818181818181403,0.0072727272727273196,-0.0014545454545454085
245,245,0.9672727272727273,0.9673747961045881,0.9539965040521214,0.9956300651517559,2.445856063604562,2.516955350157722,1.238572123585088,1.4966994777931568,1.2701231550979701,0.12654545454545457,0.04690909090909092,0.002909090909090928,-0.0021818181818181624,-0.004727272727272724,0.0032727272727273047,-0.004727272727272714,-0.0036363636363636485,-0.007272727272727231,-0.008727272727272695,-0.0021818181818181958,-0.0029090909090909054
246,246,0.9890909090909091,0.9890490518985083,0.9781600140056023,0.9988620448179272,2.691573589806319,2.138574666185741,1.093208792320336,1.7399554835617468,1.4686726079772847,0.10109090909090916,0.05127272727272732,0.0116363636363637,0.004727272727272769,0.000727272727272732,0.0010909090909090979,0.0036363636363636598,-0.0003636363636363549,-0.0007272727272727098,-0.0018181818181817744,0.001454545454545464,0.0021818181818181958
247,247,0.9781818181818182,0.9781818181818182,0.9680232558139534,0.9975968992248062,2.6611666703905485,2.3057020785754396,1.548745402269337,1.1544559878499052,1.1522623449356681,0.0956363636363636,0.06399999999999997,0.015636363636363615,-0.003272727272727294,-0.000363636363636366,-0.0010909090909090979,-0.006909090909090953,0.000363636363636366,-0.0072727272727273196,-0.0043636363636363916,-0.002909090909090928,0.0007272727272727208
248,248,0.9636363636363636,0.963890793302558,0.9487506374298827,0.9954105048444671,2.466050184241028,2.3230897002451147,1.254952913129485,1.7947326762584888,1.0226099793548917,0.10509090909090908,0.05563636363636363,0.01890909090909092,0.0014545454545454417,0.000727272727272732,-0.007272727272727275,-0.0043636363636363916,-0.000727272727272732,-0.0036363636363636598,-0.00690909090909092,-0.004000000000000026,-0.002909090909090928
249,249,0.9709090909090909,0.9712860131981328,0.9681818181818183,0.9949586776859504,2.3660270932653766,1.8706466904140306,1.8122501807522513,1.7734405353389757,1.3515923205689853,0.11963636363636368,0.04763636363636368,0.00800000000000004,0.0040000000000000365,-0.0003636363636363438,3.3306690738754695e-17,0.000363636363636366,0.0,0.002909090909090939,0.000727272727272732,0.003272727272727294,-0.009818181818181771
