,random_seed,accuracy,f1_weighted,balanced_acc,auc,model_weights.random_forest,model_weights.bagging_svc,model_weights.bagging_knn,model_weights.gradient_boosting,model_weights.mlp,feature_importance.backtop_temperature_scaled,feature_importance.backtop_CO2_scaled,feature_importance.backtop_humidity_scaled,feature_importance.backtop_CO2_fd3_scaled,feature_importance.backtop_CO2_fd2_scaled,feature_importance.backtop_CO2_fd1_scaled,feature_importance.backtop_temperature_fd1_scaled,feature_importance.backtop_temperature_fd3_scaled,feature_importance.backtop_temperature_fd2_scaled,feature_importance.backtop_humidity_fd1_scaled,feature_importance.backtop_humidity_fd3_scaled,feature_importance.backtop_humidity_fd2_scaled
0,0,0.9382716049382716,0.9381835423545107,0.9303683737646002,0.9883198562443846,1.7911263537245414,0.6743285934861312,0.8361947508567013,2.3006692039980443,1.4757818591157803,0.12921810699588474,0.06502057613168719,0.055555555555555504,0.015226337448559613,0.011934156378600768,0.011522633744855914,0.009876543209876498,0.007407407407407363,0.00411522633744853,-0.0004115226337448985,-0.0028806584362140453,-0.004938271604938338
1,1,0.9547325102880658,0.95514214056672,0.9598268072289157,0.9855421686746988,2.2709866100136993,1.1430529536505352,0.4180843769170632,2.6349084773589557,0.7648773949832894,0.1691358024691358,0.10534979423868314,0.0814814814814815,0.004115226337448541,0.0028806584362139785,0.006172839506172811,0.0020576131687242705,0.01069958847736623,0.0,0.006172839506172823,0.00781893004115224,0.003292181069958833
2,2,0.9218106995884774,0.9227413735099476,0.928973485409569,0.9785217004888165,2.132647094938237,0.9190454136655059,0.767874968863264,3.077754688006065,0.589758961777655,0.15761316872427986,0.06337448559670784,0.06954732510288067,0.007407407407407441,0.004526748971193428,-0.0020576131687242705,0.0020576131687243147,0.006172839506172856,-0.003703703703703687,0.0024691358024691358,-0.005761316872427957,-0.0024691358024691245
3,3,0.9547325102880658,0.954938861738822,0.9535276073619632,0.9878834355828221,2.0248157654858243,1.1357804641399798,1.3253446399506292,2.490938869972558,0.18774179647733963,0.17366255144032922,0.09711934156378599,0.05596707818930039,0.011111111111111094,0.0028806584362139785,0.0020576131687242705,0.007407407407407374,0.005761316872427968,0.005349794238683103,0.006172839506172811,0.0020576131687242705,0.0016460905349794165
4,4,0.9465020576131687,0.9471642039914827,0.9428800570308322,0.9897522723222242,1.9719829889682603,1.9998832930124668,0.5363289904419548,2.7044741513184674,0.17764673850954416,0.15925925925925927,0.07736625514403295,0.06419753086419756,0.011934156378600869,-0.011934156378600768,0.003703703703703731,0.004938271604938293,0.007407407407407451,0.004115226337448574,0.0004115226337448652,-0.004115226337448541,-0.008230452674897082
5,5,0.9382716049382716,0.9386310591340343,0.9392130857648099,0.98342175066313,0.8791698568329577,1.2470099035184632,1.3382762666716572,2.5073107242507464,1.3710832903681751,0.1847736625514403,0.07777777777777774,0.06625514403292176,0.018106995884773602,0.004526748971193384,-0.0004115226337448985,0.007818930041152217,0.008641975308641936,0.0061728395061728,0.0028806584362139676,0.006995884773662519,0.006172839506172811
6,6,0.9465020576131687,0.9473686909477841,0.9573619151932404,0.9841182913472071,2.1566608829332425,0.6181861186342665,0.7156420704979021,2.8385265637073642,0.8021898091616906,0.12551440329218105,0.06543209876543213,0.051440329218107025,0.018518518518518556,0.004115226337448585,-0.005761316872427957,0.00905349794238689,0.01111111111111115,0.008641975308642014,-0.0012345679012345622,0.0024691358024691245,0.0024691358024691245
7,7,0.9423868312757202,0.9427999102509732,0.939588997281305,0.9809691348152887,1.531843855351813,0.8516598483009387,0.8754831287650621,2.1879341166687603,1.8057444914389917,0.1164609053497943,0.08477366255144038,0.040329218106995926,-0.004938271604938227,-0.006995884773662519,0.004938271604938338,-0.008230452674897082,0.005349794238683181,0.0008230452674897415,0.0020576131687243373,-0.00411522633744853,-0.0032921810699588216
8,8,0.934156378600823,0.9348027799961098,0.9409382752079382,0.9814679702320152,1.438218015090383,0.30513019753405546,1.7785073039312962,3.0450007842425233,0.6584116206510104,0.13497942386831274,0.08971193415637856,0.05802469135802466,-0.004938271604938293,-0.004938271604938283,-0.0028806584362139898,0.0004115226337448541,0.0032921810699588216,0.005761316872427957,0.0020576131687242705,0.010288065843621363,-0.0008230452674897082
9,9,0.897119341563786,0.898482925481887,0.8972027972027972,0.9755244755244755,2.287846609642997,0.8007683045896048,0.23657729069403088,1.3249459227898723,3.008483646720945,0.1777777777777778,0.06913580246913584,0.04691358024691361,-0.000411522633744843,0.016460905349794275,0.002880658436214001,-0.005761316872427957,0.023868312757201658,0.003292181069958866,0.0,0.0008230452674897193,-0.004526748971193395
10,10,0.9465020576131687,0.9464305482499116,0.9401940453266182,0.9864464523774256,1.4688417208597606,0.7692979621336087,1.340472059170401,2.729830183966101,1.312718254599229,0.12139917695473253,0.05555555555555558,0.03168724279835393,0.006172839506172856,-0.006584362139917666,-0.004526748971193395,-0.008230452674897082,-0.003292181069958833,-0.003703703703703687,-0.0024691358024691245,0.0024691358024691466,-0.0024691358024691245
11,11,0.9506172839506173,0.9507103594822893,0.9499143224332429,0.9870769670141368,2.9935916338492707,1.5936774516851502,0.4277635519765227,2.034198679480407,0.2903014451352449,0.19547325102880658,0.07983539094650208,0.053086419753086436,0.0028806584362139785,0.0024691358024691358,-0.0012345679012345622,0.0008230452674897082,0.0012345679012345846,-0.005349794238683103,-0.0024691358024691245,-0.00781893004115225,-0.0024691358024691245
12,12,0.9465020576131687,0.9464328992544349,0.9405393457117595,0.9913793103448276,2.451733143280754,0.9915759969466224,0.7687635239290475,2.4061153033626956,0.8317668685317211,0.1477366255144033,0.07037037037037039,0.04156378600823048,0.012757201646090576,0.0008230452674897193,-0.0024691358024691136,-0.007407407407407374,-0.005349794238683103,-0.006584362139917666,-0.0024691358024691245,0.0008230452674897082,-0.007818930041152227
13,13,0.9012345679012346,0.9005669227891451,0.8818251533742332,0.9728527607361963,2.5482254052497053,2.0442100700667583,1.130733778771214,2.0541305619738557,-0.21826339871855344,0.1049382716049383,0.050205761316872446,0.03991769547325104,0.007818930041152273,-0.0008230452674897082,-0.013580246913580219,-0.006584362139917666,-0.0057613168724279795,-0.00781893004115224,-0.006584362139917676,-0.008641975308641947,-0.00987654320987651
14,14,0.9506172839506173,0.9512269471117208,0.9568925050852761,0.9877171021749335,2.189621414209763,1.1576701171797588,0.9295275058998318,2.7572695266271112,0.5551071772261729,0.14609053497942387,0.06378600823045269,0.04732510288065844,0.003703703703703687,0.0004115226337448541,-0.0020576131687242705,0.004526748971193395,0.006172839506172844,0.007407407407407385,0.005761316872427991,-0.0016460905349794165,0.0008230452674897082
15,15,0.9670781893004116,0.9671590456536693,0.9667329796640142,0.9917477158856469,2.677929132688218,0.47395353127184103,0.9055219562978069,2.470270290076011,0.6831696677017787,0.1526748971193416,0.11646090534979425,0.06707818930041155,0.011934156378600857,-0.0032921810699588104,-0.000823045267489686,-0.003703703703703687,0.0069958847736625975,0.0008230452674897526,0.006584362139917777,0.002057613168724326,-0.007818930041152227
16,16,0.9506172839506173,0.9507181733705031,0.9496472790095019,0.9870429023898646,2.2445193876961174,1.4576116312776173,1.4827470012765034,1.8566094081061169,0.4088727002612209,0.154320987654321,0.09711934156378602,0.04650205761316876,0.021810699588477377,0.009465020576131678,-0.0008230452674897082,-0.0012345679012345622,0.014403292181069982,0.00781893004115225,0.00781893004115226,0.006172839506172823,0.003292181069958833
17,17,0.9218106995884774,0.9214971585341954,0.9111405835543767,0.9808429118773946,1.9152645185180432,1.7269558856981932,1.438073030939459,1.7880991074935377,0.7814486876813665,0.1395061728395062,0.042386831275720196,0.028395061728395076,-0.004115226337448541,-0.005761316872427957,-0.006584362139917666,-0.006995884773662519,-0.006172839506172811,-0.006995884773662519,-0.005761316872427957,-0.013991769547325072,-0.012757201646090488
18,18,0.934156378600823,0.9343070012641544,0.9314533780825915,0.9827812636801401,2.3757309102233215,1.654513863017925,0.20881704107032173,2.2147549060291474,1.1749417294437001,0.14691358024691353,0.08683127572016457,0.03744855967078187,-0.0004115226337448874,-0.006172839506172878,-0.003703703703703731,-0.0037037037037037203,0.007818930041152227,-0.00823045267489716,-0.004115226337448574,-0.006995884773662575,-0.007818930041152316
19,19,0.9423868312757202,0.9430763389759502,0.9474358974358974,0.983993783993784,2.230873633451964,0.5463556941111062,0.7241853822192176,2.0738168134312875,1.6853301805756205,0.1901234567901235,0.09917695473251033,0.05349794238683131,0.016460905349794275,0.0032921810699588884,0.0008230452674897415,0.0004115226337448874,0.012345679012345734,-0.002057613168724259,0.004115226337448619,0.0004115226337448985,-0.0024691358024691024
20,20,0.9465020576131687,0.9469474163576045,0.9467381027418846,0.9942483454144342,1.1775174301376559,1.3374634308326299,0.7208753306228901,3.002560948923542,0.9616135005504909,0.17942386831275722,0.07613168724279838,0.06419753086419758,-0.0016460905349794165,0.006995884773662586,-0.003292181069958833,-0.004526748971193395,0.015226337448559701,0.006584362139917721,-0.0012345679012345622,0.002880658436214001,-0.000411522633744843
21,21,0.9506172839506173,0.9509713516436913,0.9493043339197185,0.9921637613945307,1.7356089892795081,1.283977187052765,0.8817342462533571,2.401190389900723,1.1185518530897334,0.17078189300411523,0.102880658436214,0.04362139917695475,0.0012345679012345622,0.0008230452674897082,0.0,0.003292181069958833,0.011934156378600846,0.004115226337448541,0.004115226337448541,0.0024691358024691245,-0.0020576131687242705
22,22,0.9094650205761317,0.9104631831240018,0.9141608650570285,0.9846689379351208,1.8650367551291014,0.5050235248231315,1.3624646568939398,2.5125256955976325,0.9728475468429433,0.10658436213991766,0.05802469135802467,0.041152263374485555,-0.005349794238683159,-0.01399176954732514,-0.0057613168724280125,-0.009465020576131699,0.003292181069958833,0.0016460905349794165,-0.009465020576131734,-0.015637860082304555,-0.004115226337448574
23,23,0.9506172839506173,0.9512459289555405,0.9569019855026788,0.9832965647652064,1.9911378051737922,1.0393646271726469,0.9456665003965075,2.4188190869654993,0.9941067069670804,0.13497942386831277,0.10123456790123457,0.05020576131687242,0.011934156378600846,-0.004526748971193395,-0.003292181069958833,-0.0024691358024691245,0.009053497942386834,0.0012345679012345622,-0.006584362139917666,-0.0012345679012345622,0.0016460905349794165
24,24,0.934156378600823,0.9344798040138541,0.9332691453118056,0.9814101614575619,1.202655330036675,0.8182802167811672,0.8431028897970065,2.94947578963749,1.2843276188586827,0.1530864197530864,0.08683127572016457,0.06172839506172836,0.013580246913580219,-1.1102230246251566e-17,-0.0004115226337448541,-0.0016460905349794165,0.020987654320987627,0.0012345679012345622,0.0004115226337448541,0.005349794238683103,0.003292181069958833
25,25,0.9465020576131687,0.9464257367072426,0.9394654088050314,0.9913147648996705,1.5655446862832352,0.3330439990846212,0.56638234987049,2.7114207138048707,2.0072535348891094,0.14197530864197533,0.09588477366255146,0.045679012345679046,0.0069958847736625975,0.008230452674897148,-0.0008230452674897082,-0.004938271604938238,0.007407407407407429,-0.013580246913580219,-0.0024691358024691245,0.0008230452674897193,-0.0028806584362139676
26,26,0.934156378600823,0.9351567214815079,0.936746490503716,0.980842279108175,1.6067875359187673,1.4733128997113076,0.7091522553660512,2.3751555429371356,1.518110584403226,0.13004115226337443,0.06584362139917692,0.05226337448559666,0.0024691358024691245,-0.0008230452674897303,0.004115226337448541,-0.0032921810699588438,0.013168724279835387,0.0028806584362139676,0.0012345679012345512,0.005349794238683103,0.003292181069958833
27,27,0.9259259259259259,0.9267225782353422,0.9236099919419822,0.9746978243352136,1.985648945472472,1.2086504574998853,0.7213430578045761,2.8808832634310733,0.1926152679704353,0.10123456790123457,0.0786008230452675,0.07078189300411522,0.008641975308641992,0.0020576131687242705,0.0016460905349794165,0.003292181069958833,0.009053497942386846,0.003703703703703687,0.0020576131687242705,-0.0020576131687242705,-0.006172839506172823
28,28,0.9547325102880658,0.954797089516157,0.9511295180722892,0.9911897590361446,2.3309122128575814,0.5604956408512266,0.9924608562296051,1.8418431553566297,1.5867275027237504,0.1308641975308642,0.07613168724279833,0.04855967078189298,0.009053497942386812,-0.0024691358024691358,-0.010699588477366262,-0.00864197530864197,0.01069958847736624,0.004115226337448541,-0.00781893004115224,-0.0020576131687242817,0.0028806584362139785
29,29,0.9218106995884774,0.9217354814062633,0.9169630156472262,0.9778805120910384,1.6012250592519177,1.223804626003086,1.0643279544596944,2.3421349564786937,1.298763765221989,0.14197530864197533,0.06831275720164612,0.0469135802469136,0.008641975308642002,0.009465020576131711,0.003292181069958866,0.003292181069958855,-0.0012345679012345512,0.007407407407407451,0.007818930041152283,-0.00905349794238679,0.003292181069958866
30,30,0.9506172839506173,0.9512082905508146,0.956876456876457,0.9846930846930847,2.7631584546377557,0.5938014403860129,0.9984352777487554,2.443445687732537,0.5535549970180147,0.15596707818930042,0.08765432098765433,0.06543209876543211,0.021810699588477377,0.011111111111111127,0.0004115226337448541,-0.004115226337448541,0.00781893004115225,-0.007818930041152227,0.0008230452674897082,0.0032921810699588438,-0.0008230452674897082
31,31,0.9547325102880658,0.9551562196893086,0.9557748538011697,0.9788011695906433,1.7516136604284613,1.4361765531896247,0.9103013682058845,2.7335672907816417,0.6481422249457527,0.14032921810699586,0.08888888888888888,0.05720164609053496,0.006584362139917666,-0.0020576131687242705,-0.004938271604938249,-0.005761316872427957,0.0024691358024691245,-0.0004115226337448541,-0.0012345679012345622,0.0028806584362139898,0.00493827160493826
32,32,0.9300411522633745,0.9307175878396456,0.9320987654320987,0.9882639841487578,1.6241729678832486,1.5652722331802555,0.9271599023248601,2.123949193451072,0.9202316131256842,0.1633744855967078,0.07242798353909465,0.03004115226337447,0.010288065843621385,0.00781893004115225,-0.014403292181069994,-0.0012345679012345733,0.00781893004115226,0.0016460905349794165,0.0012345679012345622,-0.003703703703703687,-0.008641975308641992
33,33,0.934156378600823,0.9346585017083101,0.9356469002695418,0.9897424378556454,1.6803080639548718,1.0429926678519283,1.0395763624426884,2.118962559562878,1.5238851704962784,0.1230452674897119,0.044032921810699566,0.03004115226337445,0.003703703703703687,-0.0024691358024691358,-0.0028806584362139898,-0.0069958847736625975,-0.009465020576131722,-0.004526748971193417,-0.007818930041152295,-0.003292181069958855,-0.0057613168724280125
34,34,0.9176954732510288,0.9178906357433199,0.9133797653958944,0.9775659824046922,1.6844404011543392,1.5227788494304615,0.8845202341453645,3.127397546291735,0.17966658971286442,0.12921810699588482,0.08024691358024696,0.04897119341563792,-0.0012345679012345178,-0.011522633744855914,-0.006584362139917655,-0.002469135802469091,-0.014403292181069904,0.0008230452674897748,0.002057613168724326,-0.0037037037037036757,-0.0028806584362139676
35,35,0.9176954732510288,0.9180997550173178,0.915271811583469,0.9847430010368834,2.381731564512868,1.2446904024465104,0.23756771254977033,2.3766096467886206,1.5953897145303355,0.16419753086419758,0.051028806584362166,0.05267489711934161,0.011522633744856025,0.006995884773662609,0.0008230452674897415,0.001646090534979472,-0.0012345679012345512,0.0028806584362140453,-0.007407407407407374,0.0028806584362140565,-0.0061728395061728
36,36,0.9300411522633745,0.930125574108046,0.9255131964809384,0.9863636363636363,2.3914945059067967,0.8035181792550655,0.61879084330135,2.3487560359642,1.198882999718763,0.18888888888888888,0.07613168724279834,0.043621399176954734,0.012757201646090533,0.004938271604938249,-0.004526748971193406,0.0024691358024691245,0.0065843621399176875,0.0024691358024691245,0.0020576131687242705,0.004938271604938249,0.0
37,37,0.9423868312757202,0.9427822157669653,0.9449602122015914,0.9820954907161804,1.8988738964655836,1.1238782629138504,0.6208415741933895,2.2578976305132263,1.6987801326551757,0.18930041152263377,0.08600823045267492,0.04567901234567906,0.00905349794238688,0.006584362139917766,0.0037037037037037533,0.0016460905349794607,0.017695473251028847,0.002880658436214034,0.009876543209876599,0.016872427983539127,0.008641975308642035
38,38,0.9547325102880658,0.955101549929049,0.9597096726410902,0.9954821507924752,1.6682121841266724,1.2814953362459758,0.7911218816323495,2.666874694080778,0.8039141984925102,0.17283950617283955,0.09176954732510287,0.044855967078189285,0.009053497942386812,0.0008230452674897082,0.0,0.004115226337448541,0.0028806584362139785,0.005349794238683103,0.0024691358024691245,-0.0057613168724279795,-0.0008230452674897193
39,39,0.9506172839506173,0.9507471229685224,0.9484363365599404,0.9768428890543559,2.3344241051149655,1.26360679458924,0.6634441306353702,2.1345417067548262,0.8793164342584955,0.17325102880658433,0.08436213991769548,0.056790123456790145,0.014814814814814836,0.012345679012345701,0.007407407407407407,0.006995884773662519,0.018518518518518524,0.00864197530864197,0.008641975308641992,0.014814814814814826,0.003703703703703687
40,40,0.9423868312757202,0.942587409120207,0.9365742199810905,0.9854238890639773,1.0719894003332844,0.9741896252825375,1.6878703719164407,2.5439422792739164,1.1587401779000017,0.15185185185185185,0.04609053497942391,0.04567901234567906,0.005761316872428058,0.00905349794238689,0.0028806584362140453,4.4408920985006264e-17,0.0069958847736625975,-0.0028806584362139564,0.006584362139917777,-0.0020576131687242484,0.0004115226337448985
41,41,0.9670781893004116,0.9672799681401832,0.9715686274509805,0.9863471314451707,2.5333933305364407,1.221136882327014,0.5247682700369137,2.0444813043259686,0.8321636006179056,0.2160493827160494,0.08641975308641979,0.0769547325102881,0.016872427983539117,0.00905349794238689,0.005761316872428035,0.007407407407407485,0.03168724279835394,0.015226337448559713,0.005349794238683203,0.007407407407407451,0.007407407407407485
42,42,0.9506172839506173,0.9504453600839143,0.9399766899766899,0.9918414918414918,1.7543582920354484,1.50014890135102,0.9241208566942605,3.020620859180538,0.36550753961421256,0.12551440329218105,0.0934156378600823,0.04897119341563787,0.011934156378600836,0.004526748971193406,-0.0016460905349794165,0.004115226337448552,0.008230452674897115,0.010699588477366262,0.010699588477366262,-0.008641975308641947,-0.0024691358024691245
43,43,0.9259259259259259,0.9264886187963112,0.9192251461988303,0.971572449642625,1.4499403698070683,1.3660353088859214,1.1190004711496635,2.005477865162521,1.2234507500358607,0.1637860082304527,0.06131687242798356,0.03991769547325104,0.0065843621399176875,0.003292181069958855,-0.0012345679012345622,0.007818930041152283,0.016460905349794264,0.015637860082304545,0.009876543209876566,0.010288065843621418,0.003703703703703687
44,44,0.9506172839506173,0.9509036144578314,0.9506172839506173,0.9903215973174821,2.3440504596861134,1.0640101838566216,0.7854864139469766,2.1837462297627277,1.107062516092336,0.18230452674897119,0.08106995884773663,0.055144032921810714,0.00864197530864198,0.004938271604938249,0.0028806584362139785,-0.0004115226337448541,0.006584362139917699,0.005349794238683103,0.0016460905349794275,0.005761316872427991,0.005349794238683125
45,45,0.934156378600823,0.9345503830009546,0.9318251533742332,0.9875,1.8977303849880305,1.91832898411259,0.39214212398415893,3.0924235812206535,0.16685507799529453,0.16296296296296292,0.0831275720164609,0.04197530864197526,0.0,-0.003292181069958833,-0.004526748971193428,0.004115226337448541,0.006172839506172811,0.004115226337448541,0.0016460905349794165,-0.004526748971193417,-0.0004115226337448652
46,46,0.934156378600823,0.9350511262482802,0.941372699386503,0.9776073619631902,2.048831525018913,0.7107690361158945,1.173677594501864,2.6327400869092994,0.9228264925263511,0.16378600823045264,0.09629629629629625,0.06460905349794235,0.012757201646090477,0.004115226337448541,0.006584362139917666,0.000411522633744843,0.007407407407407363,0.007407407407407374,0.0024691358024691245,0.005349794238683103,0.006584362139917666
47,47,0.9465020576131687,0.9465735669764261,0.942553983618764,0.988830975428146,2.4450427833332578,1.0791201863823383,0.8715179452262065,2.0294362527282646,0.7247152202599654,0.1349794238683128,0.08189300411522635,0.05144032921810702,0.006584362139917721,-0.003703703703703687,-0.002057613168724259,-0.000823045267489686,0.0037037037037037424,-0.003703703703703687,-0.004526748971193395,0.003292181069958855,-0.006995884773662519
48,48,0.9382716049382716,0.9387552865813735,0.9376456876456877,0.9853146853146854,1.4971240400416292,1.0256183700359913,1.7544913855848419,2.0650512422501768,0.8376029442464883,0.16995884773662545,0.06790123456790119,0.041975308641975254,0.006995884773662519,0.007818930041152217,0.004938271604938249,-0.0004115226337449207,-0.0012345679012346067,-0.007407407407407474,0.003292181069958833,0.004938271604938227,-0.0012345679012346177
49,49,0.9259259259259259,0.9256829382639817,0.9129601226993864,0.9874233128834355,1.761251364934981,1.791562859688533,0.9955311789276645,1.8144965428327051,0.8618418508618989,0.13292181069958847,0.05679012345679012,0.028395061728395076,0.009053497942386824,0.008230452674897115,-0.00987654320987653,-0.013168724279835387,0.004526748971193406,-0.006584362139917676,-0.01440329218106996,0.0020576131687242817,-0.006584362139917666
50,50,0.9259259259259259,0.926471706310416,0.9267311988086374,0.9815338793745347,2.1815003235260324,1.0802419808763999,1.1328721954047345,1.6869472180718381,1.4134965711664507,0.11399176954732511,0.08230452674897121,0.04197530864197533,-0.0012345679012345622,-0.008230452674897092,-0.004526748971193395,-0.004526748971193395,0.006584362139917699,0.0008230452674897082,-0.0016460905349794165,0.0016460905349794165,-0.010288065843621375
51,51,0.9465020576131687,0.9467535720675817,0.9439641864773078,0.9885767212102501,2.111915079240406,1.0282257195876776,0.3589558793967817,2.66292194483871,0.7586504876413559,0.14403292181069963,0.07901234567901236,0.055555555555555566,0.01522633744855969,0.008641975308642014,0.0020576131687242817,-0.0020576131687242705,0.002880658436214012,0.0016460905349794275,0.0041152263374485635,0.007407407407407441,-0.0004115226337448541
52,52,0.9300411522633745,0.9303310532246335,0.9265813253012047,0.9769578313253012,1.9809691855487361,1.256239530991638,0.8425182766667201,2.1414375987879337,1.2855613606410856,0.13580246913580246,0.09135802469135802,0.055555555555555525,0.017695473251028816,0.003292181069958833,0.007407407407407374,0.01358024691358024,0.01069958847736625,0.003703703703703687,0.007407407407407374,0.003292181069958833,0.0012345679012345622
53,53,0.9465020576131687,0.9467915016557312,0.9483073106668612,0.9872318692543411,2.6047504972820605,1.5188032837954841,0.8131969781381535,2.177905279148676,0.20857584743031732,0.18930041152263377,0.060905349794238714,0.060493827160493854,0.013168724279835443,0.010699588477366306,-0.0012345679012345512,-0.004526748971193395,0.010699588477366306,-0.0016460905349794165,0.0,0.006995884773662564,0.012757201646090576
54,54,0.9506172839506173,0.9511899449650453,0.9568539672738499,0.9825563445507873,2.5453859066158655,1.4561792472867305,0.5670599207953866,2.3113079980814537,0.44708730990473927,0.11646090534979422,0.0823045267489712,0.07119341563786011,0.023456790123456795,0.009876543209876553,0.003703703703703687,-0.0008230452674897082,0.008230452674897115,0.0012345679012345622,0.00493827160493826,0.0020576131687242817,0.006584362139917676
55,55,0.9423868312757202,0.9430338794419857,0.9475076687116564,0.9846625766871165,2.6664296625478556,1.1939793105775305,0.35105301622911067,2.5453840074945635,0.7858148457078482,0.1592592592592593,0.07530864197530868,0.06748971193415643,0.011111111111111172,0.0012345679012346067,2.2204460492503132e-17,-0.0008230452674896971,0.004526748971193484,0.006995884773662609,0.00246913580246918,0.004115226337448629,-0.0024691358024691245
56,56,0.934156378600823,0.9347473852010203,0.9348178450138932,0.9745291756715035,1.325017726129195,1.3832820057166113,1.1647925064580795,1.9669708314876504,1.3261510285914273,0.1625514403292181,0.059259259259259234,0.06255144032921807,0.021810699588477346,0.011111111111111072,0.004938271604938249,0.004526748971193395,0.009053497942386812,0.011111111111111072,0.003703703703703687,0.0028806584362139898,0.006995884773662519
57,57,0.9465020576131687,0.9470026231559695,0.9506514164520528,0.9893198000302984,2.0082597117846226,1.3213503497101753,0.5855015845666309,2.0604207829619416,0.8837144468656846,0.15555555555555559,0.07325102880658438,0.07366255144032925,0.008641975308642025,-0.0016460905349794165,-0.006995884773662519,0.010288065843621453,0.020987654320987682,0.004938271604938283,0.0,0.012345679012345734,0.0037037037037037203
58,58,0.9259259259259259,0.9259259259259259,0.9166666666666666,0.9874256973022405,1.7617328338189113,1.6674595359038598,0.9029511130759464,3.013746804377715,-0.24726730502626462,0.13539094650205763,0.07448559670781894,0.054320987654320974,0.011934156378600836,0.0028806584362139785,-0.0028806584362139785,-0.006172839506172823,-0.0049382716049382715,-0.016049382716049377,-0.00987654320987652,-0.011522633744855936,-0.0028806584362139785
59,59,0.9218106995884774,0.9223684292856293,0.9197530864197531,0.9862063709800335,2.1212390831546406,0.7928080958181295,0.6449219443383586,3.2209991693133215,0.3775831571907539,0.12181069958847739,0.0637860082304527,0.028806584362139943,0.005349794238683148,-0.003292181069958833,0.0004115226337448541,-0.004938271604938249,0.009876543209876586,0.0020576131687242817,-0.0004115226337448541,0.0008230452674897082,1.1102230246251566e-17
60,60,0.9547325102880658,0.9549200932629981,0.9540286144578314,0.9835843373493977,1.6106544913294694,1.512493654348078,1.494196512682524,2.191815233333761,0.476610626783891,0.15679012345679008,0.09382716049382714,0.04567901234567902,0.01563786008230451,0.009465020576131656,0.006172839506172811,-0.004115226337448541,0.006995884773662542,0.0,0.006584362139917676,-0.0008230452674897082,0.0
61,61,0.934156378600823,0.9348958622194122,0.9381901840490797,0.9815950920245399,1.6333602120322792,1.1020584243351157,1.0657119901583985,2.206048272371272,1.0785518093100834,0.1193415637860082,0.06296296296296292,0.039094650205761285,0.020987654320987627,0.011522633744855926,-0.0057613168724280125,0.0028806584362139785,0.009465020576131643,0.004526748971193395,-0.004526748971193428,0.011111111111111072,-0.0012345679012345956
62,62,0.9176954732510288,0.9188885170310873,0.9224941724941724,0.9842268842268842,2.058088942189877,1.14874874567175,1.3001089725587474,2.0374655141546745,0.8701724808494699,0.14238683127572022,0.06008230452674901,0.03744855967078196,0.005349794238683181,-0.0028806584362139676,-0.005761316872427957,-0.014814814814814758,-0.004938271604938238,-0.006584362139917655,-0.0057613168724279466,-0.006995884773662498,-0.003703703703703665
63,63,0.9259259259259259,0.9259259259259259,0.9132142857142858,0.9857142857142857,2.4186201620272465,0.9371233547965435,0.8870492432213484,2.0573677564332944,1.1538906210768598,0.14609053497942384,0.05144032921810702,0.03827160493827161,0.0012345679012345512,-0.008230452674897082,-0.005761316872427957,-0.007818930041152227,-0.0012345679012345733,-0.006584362139917666,0.004115226337448541,-0.016872427983539086,0.0008230452674897082
64,64,0.9382716049382716,0.9383838716644886,0.9295238095238094,0.9820634920634921,1.8429538609077167,1.5670469100949416,0.7569692044974289,3.2900167960855966,0.14545990898912423,0.15185185185185182,0.07037037037037033,0.07818930041152258,0.017283950617283893,0.0032921810699588216,0.009876543209876498,-0.0008230452674897303,0.004938271604938227,0.003292181069958833,0.004115226337448518,0.00905349794238679,0.006584362139917666
65,65,0.9300411522633745,0.9303310532246335,0.9265813253012047,0.9828313253012049,1.5278087794304527,1.753580466615632,0.39601637078468316,2.815624937540355,0.5709668966313288,0.18724279835390947,0.07489711934156378,0.07119341563786007,0.00987654320987653,-0.0016460905349794165,-0.006172839506172823,0.003292181069958833,0.018518518518518524,0.004526748971193395,0.0028806584362139785,0.006584362139917666,0.005349794238683103
66,66,0.9588477366255144,0.959090137148747,0.9626951995373048,0.9919028340080972,2.543173390281444,0.992603403457787,1.0627754678284371,2.6038320859847266,0.12086206477878915,0.18271604938271602,0.0987654320987654,0.06255144032921808,0.004938271604938249,-0.002880658436214001,0.0004115226337448541,-0.0008230452674897193,0.003292181069958833,-0.008641975308642025,-0.0012345679012345846,0.002057613168724259,0.0020576131687242705
67,67,0.9670781893004116,0.9669857538480878,0.9610945644080418,0.9918838421444527,2.1713777591561647,1.4085489005541387,0.7536855559287303,1.9198971322484033,1.0926998696466612,0.15720164609053505,0.06584362139917702,0.05802469135802474,0.014403292181070004,-0.001234567901234529,-0.001234567901234529,0.0008230452674897526,0.00905349794238689,0.0004115226337448874,-0.001234567901234529,0.010288065843621463,0.0012345679012346067
68,68,0.9423868312757202,0.9428879096633448,0.9443251533742332,0.9754601226993865,2.1177489507841827,1.8221548389139095,0.27268004015056724,3.0470623002078394,0.11323634455706037,0.11769547325102887,0.08559670781893007,0.08024691358024696,0.015226337448559724,0.004526748971193484,0.004526748971193473,0.00534979423868317,0.012345679012345734,0.01193415637860088,0.0037037037037037646,0.008230452674897182,-0.0004115226337448319
69,69,0.9218106995884774,0.9226899251622368,0.9261295180722892,0.9755271084337349,2.3948729543351526,1.880783297109604,1.1665734697524834,2.275830428784716,-0.5017171405163903,0.09053497942386832,0.0674897119341564,0.05720164609053502,-0.00411522633744853,0.0024691358024691466,-0.004938271604938249,-0.008641975308641936,-0.006172839506172811,1.1102230246251566e-17,-0.003703703703703687,-0.010288065843621375,-0.0020576131687242705
70,70,0.9382716049382716,0.938368341266892,0.9317101226993865,0.9831288343558283,2.2582607337467584,0.5847488825727586,1.0614898144731608,2.5180507355223054,0.8954734284565057,0.12921810699588474,0.11646090534979417,0.0518518518518518,0.00905349794238679,0.0004115226337448319,0.0016460905349794052,0.008641975308641936,0.014814814814814758,0.0028806584362139676,0.003292181069958833,-0.0012345679012346067,0.0016460905349794052
71,71,0.9465020576131687,0.9470535515533786,0.9505248533497993,0.9917412781722754,2.279523864165051,1.0743048357111795,0.6789335990717722,2.7286843379083776,0.4654903701008875,0.13456790123456788,0.07530864197530868,0.05185185185185187,0.01316872427983543,-0.0020576131687242705,0.003703703703703687,0.0024691358024691245,0.006995884773662575,0.007818930041152305,0.005349794238683136,0.0008230452674897193,-0.0020576131687242705
72,72,0.9094650205761317,0.9101554398489264,0.9083557951482479,0.955675351901767,1.740247967269394,0.45548377573877596,1.3735475426073345,2.7400013330091966,1.1043313470425098,0.1613168724279835,0.05596707818930037,0.03580246913580245,0.009465020576131643,0.004938271604938249,-0.0004115226337448541,-0.004115226337448608,0.008641975308641936,-0.0020576131687242705,0.004115226337448541,-0.0016460905349794607,-0.0008230452674897082
73,73,0.9382716049382716,0.9381748686096514,0.9290123456790124,0.9801097393689986,2.170219287884849,1.2202593915959428,0.5384017434833754,2.431725573405925,0.9246958795846181,0.12716049382716044,0.08930041152263368,0.05308641975308637,0.013580246913580184,0.0028806584362139676,0.0028806584362139785,0.0032921810699588216,0.0057613168724279466,0.0057613168724279466,0.007818930041152227,0.01604938271604932,0.00411522633744853
74,74,0.9506172839506173,0.9504741186970103,0.9426100628930818,0.9907157831686134,3.8014058306900984,1.4795297174299282,0.5826188423806352,1.445303345075456,0.2091238612331986,0.15596707818930042,0.09547325102880658,0.06748971193415639,0.010699588477366262,0.0028806584362139898,0.0004115226337448541,-0.000411522633744843,0.003703703703703709,0.0028806584362139785,0.0008230452674897082,0.003292181069958866,-0.0016460905349794165
75,75,0.9506172839506173,0.9508945903075882,0.9507650356006665,0.9850780184820481,2.86800243829623,0.759627983354045,1.2581375018363237,1.5832872695825486,1.128248735699924,0.18395061728395062,0.08477366255144034,0.06213991769547326,0.0016460905349794275,0.0004115226337448541,0.0024691358024691245,-0.0012345679012345622,0.014403292181069971,0.0028806584362139785,0.003703703703703687,0.0028806584362139785,-0.0008230452674897082
76,76,0.9300411522633745,0.9305562839657682,0.9287576687116564,0.982361963190184,2.0861692745166733,0.9850489890175985,0.6371625885671707,2.5877087793268596,0.9804147095667138,0.142798353909465,0.07572016460905348,0.04444444444444443,-1.1102230246251566e-17,-0.0024691358024691245,0.003292181069958833,-0.006995884773662553,0.0037037037037036978,0.0008230452674897082,0.008230452674897082,0.0028806584362139785,0.0012345679012345622
77,77,0.9176954732510288,0.9186712857124842,0.9230682839173405,0.9703504043126685,1.8988424678120068,1.571549491267758,1.1842404444028332,1.8634030901629202,0.6988844383667892,0.16543209876543213,0.06666666666666671,0.06460905349794242,0.023456790123456816,0.004526748971193484,-0.0016460905349793941,0.005761316872428058,0.012757201646090576,0.005761316872428046,0.009876543209876609,0.009465020576131744,0.007818930041152338
78,78,0.9465020576131687,0.9462505431587558,0.9356915618845629,0.9919709134979549,1.8294289260684382,1.1481076514522763,0.5181622390781853,2.3737084084720204,1.3182844833805347,0.16584362139917694,0.04814814814814816,0.05802469135802472,-0.000411522633744843,-0.0024691358024691245,-0.008230452674897082,-0.004938271604938249,0.002057613168724304,-0.006172839506172811,-0.007818930041152227,-0.011522633744855926,-0.007818930041152227
79,79,0.9382716049382716,0.9389079441000521,0.9411469589379438,0.9729083050324174,2.1027484235352465,1.629202906263229,1.0664302205452028,1.9976328990565115,1.0436911987585995,0.1781893004115226,0.08600823045267485,0.05390946502057607,0.008641975308641936,0.006172839506172811,0.003703703703703687,-0.0032921810699589214,0.006172839506172789,0.004115226337448541,-2.2204460492503132e-17,0.005349794238683092,0.0024691358024691136
80,80,0.934156378600823,0.934156378600823,0.9303225806451613,0.9876702508960573,2.0069571653399003,1.2336000995271532,0.9651191459034412,1.9733904340032415,1.3520994829641324,0.13744855967078184,0.06543209876543207,0.05061728395061725,0.003292181069958833,0.0020576131687242705,0.0,0.004938271604938249,0.013991769547325061,0.0024691358024691245,0.0004115226337448541,-0.0004115226337448763,-0.0024691358024691466
81,81,0.9053497942386831,0.9059125844195673,0.8917867671143138,0.9766622993776612,1.6608513554668827,1.5929517661418187,0.9565557765586488,2.7955900722615223,0.3162493673606949,0.14609053497942384,0.042798353909465014,0.039094650205761305,0.003292181069958833,0.0008230452674897082,0.0,0.0020576131687242817,0.006995884773662531,0.008641975308641936,0.0016460905349794165,-0.004938271604938293,-0.005349794238683115
82,82,0.9506172839506173,0.9507221493496569,0.9495011567379988,0.9861191440138808,2.8257551896475657,1.1213721383441106,0.3170855511777484,2.09927364462806,0.8268231335263014,0.18477366255144034,0.1037037037037037,0.06502057613168724,0.008230452674897104,0.00493827160493826,0.003703703703703687,0.0,0.015637860082304535,0.0049382716049382715,0.0008230452674897082,0.008641975308641992,0.0012345679012345622
83,83,0.9506172839506173,0.950956184943113,0.9539124668435013,0.9849690539345712,1.756976655352247,1.1169883726259644,0.443301184594702,3.0168073624620515,1.0825429394226187,0.15720164609053497,0.07983539094650206,0.06913580246913581,0.021399176954732514,0.006584362139917676,0.0004115226337448541,0.004526748971193395,0.017283950617283973,0.0065843621399176875,0.003703703703703687,0.007407407407407385,0.0008230452674897082
84,84,0.9382716049382716,0.9383309877137038,0.9359203198629158,0.9827930886762817,1.8699724931803385,1.2008174040271005,1.1010352717931524,2.192722733049737,0.7640763784999691,0.15102880658436205,0.07572016460905345,0.025102880658436178,0.014403292181069893,-0.0004115226337448874,-0.0012345679012346177,-0.007407407407407474,-0.0008230452674897415,-0.004938271604938327,-0.006995884773662609,0.001234567901234529,-0.0008230452674897415
85,85,0.9259259259259259,0.9261838117259804,0.9174283012921525,0.9824298770879294,1.3112655471727956,0.9171346848437412,1.040985780116164,2.6593361157442184,1.3972202071641757,0.13333333333333336,0.06460905349794237,0.05596707818930043,0.006584362139917676,-0.005761316872427957,-0.0024691358024691245,-0.003292181069958833,-0.004115226337448541,0.003292181069958833,-0.008230452674897092,-0.011934156378600824,-0.004115226337448541
86,86,0.9465020576131687,0.9471443874545155,0.9501439309131616,0.9827282904205982,2.2420809407710593,0.8522563404897097,1.5738504198164083,1.8687253944127675,0.5198812263261129,0.10164609053497946,0.08024691358024692,0.04732510288065846,0.003292181069958866,0.003292181069958866,0.0024691358024691358,0.0024691358024691466,-0.0016460905349794165,-0.0020576131687242705,-0.000411522633744843,-0.004938271604938227,0.0
87,87,0.934156378600823,0.9343789269715197,0.9274370208105147,0.9852918166171178,1.8546881691750516,1.3569663477877167,1.0420463650899776,1.4691719798986336,1.5403012164261163,0.1658436213991769,0.07695473251028803,0.036213991769547295,0.009465020576131643,0.005761316872427957,0.0020576131687242705,0.0,0.0028806584362139564,0.0020576131687242705,-0.0037037037037037203,-0.0020576131687243147,-0.006995884773662586
88,88,0.9547325102880658,0.9546637264711471,0.9478866838357825,0.9943947886683836,1.7058067200756855,1.4656909706643246,0.8970367746914337,2.484582338060819,0.3960561662025853,0.15596707818930033,0.10041152263374484,0.05102880658436212,0.006172839506172811,0.003292181069958833,-0.0012345679012345622,-0.0024691358024691245,0.0020576131687242705,0.005349794238683103,0.004938271604938249,0.0057613168724279795,0.0016460905349794165
89,89,0.9547325102880658,0.9548101545546023,0.949460178375841,0.9891253324988265,2.241530770515469,2.0173839203491477,1.0777076599428557,1.3796060168279094,0.6183668093663331,0.1633744855967078,0.07942386831275719,0.07901234567901234,0.020987654320987658,0.00905349794238679,0.004115226337448541,0.005349794238683103,0.023456790123456785,0.008230452674897092,-0.003292181069958833,0.011111111111111117,0.005761316872427968
90,90,0.9382716049382716,0.9391525582001773,0.9391596638655462,0.9836974789915967,1.6918338520546574,1.3300090524340664,0.4454965769056756,2.7920594083969212,1.1845285896032267,0.18930041152263372,0.07942386831275713,0.05432098765432093,0.013168724279835342,0.00905349794238679,0.000823045267489686,-0.0004115226337448652,0.010288065843621352,0.0028806584362139785,0.007407407407407374,0.003703703703703665,0.004938271604938249
91,91,0.9423868312757202,0.9423868312757202,0.9395092460881935,0.9881934566145092,1.8835848932855537,1.760046951507753,1.27713938247209,1.8513811141429355,0.4018445139109345,0.1469135802469136,0.06831275720164613,0.0312757201646091,0.010288065843621463,0.001646090534979483,0.0004115226337448763,0.005349794238683192,-0.004938271604938227,-0.0028806584362139676,-0.0024691358024691136,0.006584362139917754,0.0012345679012346067
92,92,0.9629629629629629,0.963290087473094,0.9657764273148889,0.9839277146969454,2.3800075148909188,0.0793528542577022,0.9216632693983273,2.4901297008256558,1.8053478836680068,0.13086419753086415,0.11769547325102873,0.05802469135802465,0.008230452674897082,-0.002057613168724326,0.0004115226337448208,0.0024691358024691245,0.010288065843621352,0.004938271604938249,-0.0008230452674897526,-0.002057613168724326,0.006172839506172811
93,93,0.9135802469135802,0.9145119383199813,0.9033666892808684,0.9789687924016283,1.9031391573796097,0.6589549906010598,0.29221299068240353,2.953950242950337,1.640181774976709,0.13950617283950612,0.05061728395061722,0.06131687242798348,0.003703703703703665,-0.004115226337448629,-0.0012345679012346177,-0.006995884773662609,0.0037037037037036535,0.0024691358024691024,-0.007818930041152338,-0.0008230452674897526,-2.2204460492503132e-17
94,94,0.9382716049382716,0.9385109992569656,0.9362248696947133,0.9828741623231572,2.2454326605926354,0.6929040663579565,0.7367321426505117,2.414673524450708,0.9167535456553262,0.14897119341563783,0.07654320987654317,0.0687242798353909,0.012345679012345633,0.009465020576131643,0.0032921810699588216,0.004938271604938238,0.009876543209876475,0.012345679012345623,0.006995884773662519,0.001646090534979383,0.010699588477366207
95,95,0.9588477366255144,0.9591096720442324,0.9595571095571096,0.9912198912198912,1.9975926689012542,2.001688528635928,0.757855635258896,2.2906204479605883,0.19241613896382156,0.17037037037037034,0.07037037037037033,0.04732510288065841,0.005761316872427957,0.004115226337448541,0.0,-0.0012345679012345622,0.007818930041152227,-0.0004115226337448541,-0.003703703703703731,0.004938271604938249,-0.0028806584362139898
96,96,0.934156378600823,0.9346284688582549,0.9298736606428915,0.9756916679993604,2.1594243889944464,1.3233583122227222,0.057830815538026534,3.2219317463812738,0.4552417869875713,0.13251028806584358,0.09176954732510287,0.0658436213991769,0.013580246913580184,0.006584362139917666,0.004526748971193395,0.00905349794238679,0.0024691358024691024,0.0020576131687242705,-0.006172839506172878,0.0,0.0020576131687242705
97,97,0.9382716049382716,0.9382022786001893,0.9330176402544823,0.9816367842683632,1.3244036829223416,1.4461937971266277,0.7623307116757021,3.37194493403759,0.9318437671555005,0.1473251028806584,0.08436213991769542,0.0621399176954732,0.01481481481481477,0.013580246913580184,0.006995884773662519,0.0016460905349793941,0.014403292181069904,0.009465020576131643,0.007407407407407374,-0.0004115226337449096,-0.0004115226337449096
98,98,0.9423868312757202,0.943195641483552,0.9507564062982402,0.9887310898425441,1.8545339733727062,1.4037167064224778,0.8025357365330271,2.3038627512843664,0.7863385378529992,0.17283950617283952,0.08847736625514409,0.065843621399177,0.006995884773662619,-0.004938271604938249,-0.000411522633744843,0.0004115226337448763,0.004938271604938349,0.005349794238683192,0.0004115226337448763,0.002057613168724326,-0.005761316872427957
99,99,0.9012345679012346,0.9009572615442637,0.8887192851824274,0.9707371556217423,1.932565435798749,0.9522883567353544,0.9850570559268548,2.530842459385619,0.9397908130424094,0.1205761316872428,0.06748971193415639,0.06543209876543211,0.009876543209876566,-0.0028806584362139785,-0.004115226337448541,-0.0024691358024691136,0.0020576131687242926,0.0008230452674897082,-0.0008230452674897082,0.0016460905349794165,-0.0012345679012345622
100,100,0.9465020576131687,0.9465621404395065,0.9437908496732026,0.989687726942629,2.011522529334726,1.125930891121796,1.1697200284245552,2.5322642195142078,0.5402747621200236,0.1506172839506173,0.07366255144032925,0.047736625514403296,0.004938271604938293,0.005349794238683136,-0.007818930041152227,-0.0028806584362139785,0.00658436213991771,-0.0008230452674897082,0.0008230452674897193,-0.0012345679012345622,-0.005349794238683103
101,101,0.9176954732510288,0.9182518441777702,0.9114402773400567,0.9715568862275449,2.5289855399018557,1.3186087171959533,1.0348217217337847,1.7942030375521885,0.9256057501291124,0.12510288065843628,0.07283950617283955,0.040740740740740786,0.017695473251028847,0.0016460905349794607,-0.004115226337448518,-0.0016460905349794052,0.006172839506172867,-0.002057613168724237,0.006584362139917743,0.0028806584362140453,0.004115226337448608
102,102,0.9259259259259259,0.9261545496113397,0.9193251533742332,0.9794478527607362,1.4891735116106952,1.417695556825043,1.2914099885892438,2.5542099151258535,0.5717146617709657,0.1263374485596708,0.058436213991769535,0.039094650205761326,0.0049382716049382715,0.0028806584362139785,-0.003703703703703687,-0.0028806584362139785,0.0020576131687242705,0.0,0.0028806584362139785,0.003292181069958855,-0.0028806584362139785
103,103,0.9506172839506173,0.9507995296884185,0.9455061570446186,0.9853670238285623,1.5536179460092865,1.0027443314552975,1.3006127155809455,2.6627109962065347,1.155314583548842,0.0897119341563786,0.08724279835390945,0.053909465020576156,0.019753086419753096,0.009876543209876543,0.0028806584362139785,-0.0008230452674897082,0.003703703703703709,-0.0028806584362139785,0.0020576131687242817,0.003292181069958833,0.003703703703703687
104,104,0.9300411522633745,0.9303216889961529,0.9268867924528301,0.9799341120095837,1.6570615369151473,1.6209061463440677,1.1695655800516787,1.7609967186738371,1.1134957315924383,0.154320987654321,0.062139917695473224,0.058024691358024696,-0.006172839506172844,-0.009876543209876553,-0.006584362139917699,0.0024691358024691358,0.008641975308641947,0.003703703703703687,0.0008230452674897082,0.00493827160493826,0.0012345679012345622
105,105,0.9423868312757202,0.9421327535362622,0.9349462365591398,0.98831541218638,1.8351828110256405,1.426151944368235,0.9654959110884992,2.5268096187859794,0.7132092233302886,0.14115226337448566,0.0843621399176955,0.058847736625514444,0.015226337448559724,0.009465020576131754,0.0032921810699588993,-0.0028806584362139785,0.009876543209876599,0.005349794238683192,-0.0028806584362139676,-0.004526748971193395,0.0004115226337449096
106,106,0.9465020576131687,0.9467283243533721,0.9485419630156472,0.9822190611664295,1.1963163756462243,1.1055385015098464,1.0682838695541201,2.530927376298144,1.3488080296516112,0.14526748971193418,0.06831275720164612,0.06337448559670783,0.020164609053497973,0.007818930041152305,0.0024691358024691466,0.005349794238683136,0.017695473251028847,0.00658436213991771,0.006584362139917732,0.005349794238683125,0.0020576131687242926
107,107,0.9382716049382716,0.9385529932802119,0.9348926380368099,0.9874233128834355,2.3380618777781863,0.724192340500403,0.2774577867668176,1.9842138243956426,2.1695459057404722,0.17407407407407405,0.09876543209876538,0.05432098765432093,0.0061728395061728,0.002469135802469091,-0.004115226337448629,0.0057613168724279466,0.014403292181069893,0.006584362139917643,0.005761316872427957,0.003292181069958833,-0.0004115226337448985
108,108,0.9588477366255144,0.9590641349886894,0.9601302785265049,0.9919886193471099,2.0735289379726027,1.6054334081524013,0.8766017141616124,1.8853040066622453,1.0664062600195436,0.20699588477366251,0.0699588477366255,0.05514403292181066,0.010699588477366217,0.004526748971193395,-0.004115226337448574,0.0,0.006172839506172811,0.003703703703703687,0.0012345679012345622,0.010699588477366207,0.0024691358024691245
109,109,0.9547325102880658,0.9550056397855324,0.9570804325285143,0.9922233743149164,2.131640283501792,1.3807704665345966,0.4741961261873013,1.7835667595809004,1.3456494621692852,0.1637860082304527,0.1045267489711934,0.06172839506172837,0.013991769547325094,0.009053497942386812,0.0028806584362139785,0.011111111111111094,0.01769547325102879,0.00987654320987652,0.0,0.010699588477366217,0.01069958847736623
110,110,0.9218106995884774,0.9221453374067686,0.9170580215118922,0.980003029843963,1.37281087053751,1.2027681056620898,1.1888646342441025,2.382631380456894,1.1606816479880981,0.15596707818930042,0.07160493827160494,0.06913580246913582,1.1102230246251566e-17,0.0008230452674897193,-0.003703703703703687,-0.007818930041152227,0.006995884773662586,0.0012345679012345733,0.004115226337448585,-0.002057613168724259,0.0012345679012345733
111,111,0.9135802469135802,0.9143888527904123,0.9138388123011665,0.9665959703075292,2.155533323442998,1.2851708770971595,1.2399556871966366,1.9953175894965516,0.8615149295699479,0.14032921810699586,0.05185185185185183,0.05308641975308637,0.004938271604938249,0.0024691358024691024,-0.0032921810699588993,-0.00246913580246918,0.001646090534979383,0.007818930041152227,0.0024691358024691136,0.0028806584362139455,-0.001646090534979472
112,112,0.9300411522633745,0.9296190430400171,0.9198235974551764,0.9819982648930017,1.7986890843289727,1.2799181676613582,1.0810066999373766,2.072644563255055,1.2902294326510901,0.1921810699588477,0.07530864197530865,0.0493827160493827,0.018106995884773668,0.005349794238683103,0.003292181069958833,-0.009053497942386824,0.0032921810699588216,-0.008230452674897115,-0.00493827160493826,0.008230452674897104,0.0004115226337448652
113,113,0.9259259259259259,0.9269325170293152,0.9320552147239264,0.9828220858895705,1.881659372062861,0.6403165300478352,0.8770496455129809,2.9132504827240355,1.3349569161866681,0.18395061728395062,0.07407407407407406,0.0625514403292181,0.007407407407407418,0.0008230452674897082,-0.0020576131687242705,-0.0012345679012345622,0.007407407407407418,0.003703703703703687,0.008641975308641959,0.011111111111111138,0.006584362139917676
114,114,0.9423868312757202,0.9425186261061352,0.9403181088574346,0.9939442579892018,2.2120704233299846,1.4195886621404141,0.47249138384157585,2.1705322139204037,1.0433328397827895,0.16707818930041157,0.08724279835390952,0.039917695473251066,-0.009465020576131643,-0.0032921810699588216,-0.004526748971193384,-0.0020576131687242705,-0.0008230452674896748,-0.0012345679012345512,0.0012345679012346177,-0.0008230452674896748,-0.006995884773662519
115,115,0.9382716049382716,0.9386440542529987,0.9390830988001777,0.986594578580951,2.3528279177139333,1.0835515371727846,0.4551302922862315,2.9172374491272977,0.7003111103693581,0.14362139917695468,0.06131687242798348,0.06666666666666662,0.0032921810699588216,-0.0008230452674897637,-0.007818930041152338,-0.00905349794238689,0.007407407407407363,-0.0020576131687243373,-0.004526748971193495,0.0061728395061728,-3.3306690738754695e-17
116,116,0.9382716049382716,0.9383596675220324,0.9328313253012048,0.9896084337349397,2.3342822948009676,0.9423538826796786,0.7508681138468708,2.2195753441707993,0.8692671695005475,0.1761316872427983,0.07201646090534974,0.051851851851851816,0.006584362139917643,-0.004115226337448629,-0.005761316872428046,0.0012345679012345178,-0.0037037037037037646,0.003703703703703665,0.0004115226337448208,-0.004526748971193473,0.0004115226337448208
117,117,0.9382716049382716,0.9383905206352179,0.928525382755842,0.9819500402900887,2.4074180155981297,0.9648650583864284,1.0587613230823794,2.097883990228358,0.959414106016315,0.09753086419753082,0.07283950617283946,0.07037037037037032,0.013580246913580184,0.006584362139917655,0.0024691358024691136,0.0012345679012345401,0.001234567901234529,0.006584362139917666,0.006584362139917655,0.0028806584362139676,0.008641975308641936
118,118,0.9423868312757202,0.9431697354672451,0.9506901840490798,0.9837423312883435,1.723325072109451,0.4810469587094934,1.4223356498748188,2.026926549475462,1.6816873360038018,0.17818930041152264,0.0740740740740741,0.05226337448559676,0.012345679012345734,-0.004938271604938249,-0.000823045267489686,0.011111111111111172,0.014403292181070004,0.01193415637860088,0.013168724279835443,0.0012345679012345956,0.01193415637860088
119,119,0.9506172839506173,0.950738568480504,0.9488284703801946,0.9892425582080755,2.44977712369757,1.2152981266031142,1.3617999660161932,1.9655909542783043,0.26645605155135443,0.12962962962962962,0.07613168724279837,0.04320987654320988,0.007407407407407418,0.0008230452674897082,-0.0008230452674897082,-0.0016460905349794165,0.003292181069958855,-0.00493827160493826,-0.003703703703703687,0.004115226337448552,0.00781893004115225
120,120,0.9465020576131687,0.9467459275095169,0.9442101226993864,0.9925613496932515,1.7058708415525816,1.5207578025765156,0.5577308282558107,2.7330545082429136,0.6497183611147963,0.16213991769547326,0.0843621399176955,0.04732510288065846,0.0008230452674897303,-0.006172839506172811,-0.0008230452674897082,-0.003292181069958833,0.006172839506172856,-0.004526748971193384,-0.0016460905349794052,-0.0024691358024691024,-0.006995884773662519
121,121,0.9588477366255144,0.9588477366255144,0.9534125766871165,0.9919478527607362,1.912902994466905,0.989081233940424,0.7239751675339107,1.726086053182355,1.6694803471511253,0.18971193415637858,0.06296296296296294,0.07448559670781892,0.008230452674897082,0.006584362139917666,-1.1102230246251566e-17,0.00905349794238679,0.01769547325102877,0.0185185185185185,-0.002469135802469158,0.008230452674897082,0.002057613168724259
122,122,0.934156378600823,0.934502615981903,0.9328391734052112,0.9805330937406409,1.9465751831145401,1.760035362335085,1.177272571215989,2.4295055746648364,-0.078120107480303,0.14526748971193412,0.056790123456790076,0.06543209876543207,0.012345679012345633,0.0008230452674896971,-0.00452674897119344,-0.0004115226337448763,-0.002057613168724304,0.0032921810699588216,-0.002880658436214012,0.005349794238683092,-0.005761316872428002
123,123,0.9547325102880658,0.955101549929049,0.9597096726410902,0.983854243815731,1.811526270885066,0.9852309789872228,0.3424798416739198,3.084799433381504,0.7485919310189612,0.15637860082304525,0.08724279835390944,0.051440329218107,0.0127572016460905,0.004115226337448541,-0.004115226337448541,0.0004115226337448541,0.003703703703703687,0.003292181069958833,0.0016460905349794165,0.0020576131687242705,0.0012345679012345622
124,124,0.9218106995884774,0.922885308623072,0.929025905165884,0.9794728071504318,1.8920904947087243,0.8191954083156566,0.679905499953041,2.9938112861749766,1.1109678857977014,0.15555555555555556,0.05884773662551442,0.06419753086419756,0.01111111111111115,0.002880658436214001,0.003292181069958866,-0.0016460905349794165,0.0057613168724280125,0.0008230452674897303,0.013580246913580295,0.004938271604938293,0.006172839506172856
125,125,0.9382716049382716,0.9388301916818911,0.9415286144578313,0.9801957831325301,2.3360050476459056,0.7959367365937215,1.1963827690564217,3.2364250235113894,0.1135303263761823,0.09794238683127567,0.07901234567901229,0.041563786008230394,0.00905349794238679,-0.005349794238683203,0.0037037037037036757,0.0012345679012345401,-0.004526748971193495,-0.0012345679012346067,-0.004938271604938338,0.0004115226337448208,0.0008230452674896748
126,126,0.9382716049382716,0.938343495777424,0.9347001313293448,0.9874507514956953,1.5490289844580287,1.8634572339179198,1.129365911166426,2.5405077550373547,0.29015383906201436,0.16172839506172834,0.07860082304526743,0.04938271604938268,0.003703703703703665,-0.0008230452674897415,0.0028806584362139455,-0.004526748971193484,-3.3306690738754695e-17,-0.005761316872428046,-0.004526748971193495,-0.005761316872428024,-0.009053497942386902
127,127,0.9423868312757202,0.942894986754636,0.9475022104332449,0.9832007073386384,2.011619008834311,1.0579843186132214,0.5796447182954075,2.0624492818792115,1.3130675908714908,0.16172839506172845,0.10452674897119345,0.07736625514403297,0.01687242798353914,0.010699588477366318,0.0061728395061729,0.008641975308642025,0.03374485596707825,0.009876543209876599,0.015637860082304576,0.004526748971193473,0.0032921810699588993
128,128,0.9300411522633745,0.9301057162900371,0.9274893314366999,0.9790896159317213,1.9328519327220433,1.3895270315499275,1.1365482646542542,2.8707326445755688,0.18160841772560649,0.18888888888888886,0.06172839506172837,0.06543209876543207,0.007407407407407374,0.0012345679012345622,0.0016460905349794165,-0.0037037037037036978,-0.0016460905349794386,0.0008230452674897082,0.0004115226337448541,-0.0057613168724279795,0.0008230452674897082
129,129,0.934156378600823,0.9352300757777716,0.9446588453226304,0.9782340228465576,1.3456679497226478,0.8391583487875726,0.8595802065540532,3.3890872367478453,1.1889482145202972,0.14897119341563786,0.09917695473251026,0.04732510288065841,0.009876543209876498,0.0004115226337448541,0.0012345679012345622,-0.0008230452674897082,0.013168724279835365,0.003703703703703687,0.004938271604938249,0.0024691358024691245,0.007818930041152227
130,130,0.9382716049382716,0.9390063475078534,0.9469708191379055,0.9808917197452229,2.575878399674059,0.993961165385465,0.376606568507788,2.758628081255892,0.7933609860527173,0.17901234567901225,0.08024691358024685,0.054732510288065785,0.007407407407407363,-0.0004115226337448874,0.005349794238683103,0.008230452674897082,0.01893004115226331,0.0016460905349794165,0.005349794238683092,0.010288065843621363,0.0037037037037036757
131,131,0.9218106995884774,0.922299158240566,0.9208488458674609,0.978108711839166,2.380727798178353,0.8360510908400933,0.5600315444573942,2.5238600607735386,1.4156944040611021,0.13909465020576134,0.07325102880658438,0.04567901234567904,0.0008230452674897303,-0.006995884773662519,-0.003703703703703687,-0.0024691358024691136,0.0008230452674897193,0.003292181069958855,0.0008230452674897082,-0.004938271604938238,-0.003703703703703687
132,132,0.9588477366255144,0.9591832669933109,0.962960157551886,0.9878048780487805,2.0476275779546884,0.8680664742957861,0.5768918767616247,2.7058718323033415,1.0779840243948782,0.17572016460905346,0.1004115226337448,0.059670781893004066,0.007407407407407374,0.0028806584362139785,-0.0037037037037036978,-0.004526748971193428,0.0020576131687242705,-0.0024691358024691466,0.0008230452674897082,0.008230452674897082,0.0012345679012345622
133,133,0.9629629629629629,0.9630045587658124,0.961437908496732,0.992084241103849,2.067739506693814,1.186133587004181,0.9155376140617415,2.190912075544392,1.0420534708360545,0.1477366255144032,0.09917695473251023,0.05432098765432094,0.013991769547325039,-4.4408920985006264e-17,-0.0020576131687243147,-0.0032921810699589214,0.0028806584362139455,0.001646090534979383,0.0028806584362139564,-0.0024691358024691913,0.003292181069958833
134,134,0.9382716049382716,0.9386310591340343,0.9392130857648099,0.9823902151488358,1.8820315906617329,1.5028219128600668,0.7648574364082694,2.3828288759522827,0.5819567308789217,0.12304526748971187,0.0814814814814814,0.06790123456790118,0.009465020576131633,0.0024691358024691024,0.013991769547325039,0.0012345679012345067,-0.0012345679012346177,0.0016460905349793941,-0.001646090534979472,0.0037037037037036757,-0.002057613168724326
135,135,0.9259259259259259,0.9266117969821674,0.9251748251748252,0.9832944832944832,1.9101340748526434,1.3624457083911135,1.3522761445387086,2.2282452236324493,0.36775605401435535,0.1411522633744856,0.06255144032921811,0.04526748971193417,0.018106995884773668,0.013580246913580275,-0.0004115226337448541,-0.0008230452674897082,0.008230452674897127,0.0024691358024691358,0.0024691358024691245,0.0012345679012345733,0.0
136,136,0.9259259259259259,0.9268674067524642,0.9321314952279958,0.9850780184820482,1.4145717331290135,1.2796654767204387,0.698773764515307,3.5493292085327584,0.3820527166115585,0.12839506172839504,0.053497942386831275,0.034156378600823045,0.006995884773662553,-0.0004115226337448541,-0.0024691358024691245,-0.0028806584362139785,-0.004938271604938249,0.0004115226337448541,0.0028806584362139898,0.0004115226337448652,-0.006172839506172811
137,137,0.9423868312757202,0.9423868312757202,0.9379468845760981,0.9908799066102436,1.251420224023199,1.037222732278548,1.3028039721786895,2.076678536023083,1.4437826968429597,0.15061728395061733,0.07325102880658439,0.050205761316872474,0.008641975308642035,-0.0008230452674896748,-0.0028806584362139785,0.0008230452674897526,-0.001234567901234529,-0.0061728395061728,0.0012345679012346177,-0.0004115226337448319,-0.004938271604938249
138,138,0.934156378600823,0.9346757346724429,0.9355045180722892,0.9806475903614458,2.118851835484916,1.0753016211454334,1.1335830294496567,2.382652935468302,0.5894171672557541,0.10246913580246911,0.06172839506172837,0.054732510288065805,0.010288065843621352,0.003703703703703687,0.0008230452674896971,0.0016460905349794165,0.011522633744855936,0.005349794238683103,-0.0012345679012345622,0.000411522633744843,-1.1102230246251566e-17
139,139,0.9547325102880658,0.955292256672068,0.9598307816277196,0.9937147461724416,2.416454812840326,1.288011900622177,0.46077721990717857,2.1194701258601634,1.0302564362814912,0.11893004115226333,0.08436213991769545,0.05925925925925925,0.0016460905349794165,0.0,0.0024691358024691245,0.005349794238683103,0.005761316872427991,0.0,-0.003292181069958833,-0.0012345679012345622,-0.004115226337448541
140,140,0.9218106995884774,0.9206610490561108,0.9044245228455755,0.9778773857721226,2.784705651284763,1.539706338292171,1.0225630567977078,1.8155151595863648,0.380741711585373,0.1522633744855967,0.05679012345679013,0.05432098765432101,0.0024691358024691358,0.004115226337448574,0.006172839506172844,-0.008641975308641936,-0.003292181069958833,-0.0061728395061728,0.007818930041152295,0.007818930041152295,-0.000823045267489686
141,141,0.9382716049382716,0.9391199804918992,0.947432207241327,0.9812149674291775,2.5592457398090116,1.43092174339467,1.3514268917661527,1.1331626078914843,1.102684538856446,0.16090534979423862,0.09547325102880654,0.05514403292181065,0.012345679012345623,-0.001646090534979472,0.002057613168724237,0.004526748971193384,0.021399176954732445,0.007818930041152227,0.0016460905349793941,0.004938271604938249,0.00411522633744853
142,142,0.9176954732510288,0.9186499082750755,0.9193423896264279,0.971750540290213,2.082687278850585,0.8740581023084888,0.4341672190525656,2.6388552642388023,1.0285224066598373,0.15596707818930045,0.07942386831275723,0.045679012345679046,0.009465020576131754,0.002057613168724304,-0.0028806584362139676,-0.0028806584362139676,0.0012345679012346067,0.00823045267489716,-0.002057613168724259,0.002469135802469202,0.004115226337448608
143,143,0.9423868312757202,0.94255153214852,0.9434974747474747,0.9833052749719416,1.3040252603588847,1.1141206527166854,0.8442344594635391,2.8726437854225253,1.119034826664449,0.16625514403292185,0.10288065843621404,0.04732510288065848,0.017695473251028847,0.006995884773662619,0.010699588477366306,0.005761316872428046,0.00905349794238689,0.007407407407407474,0.0028806584362140453,0.0012345679012346177,-0.003292181069958833
144,144,0.9547325102880658,0.9546615703137442,0.9475308641975309,0.9897881420515166,2.2957177360157384,1.146663018041615,0.49729715100550437,2.4329585905198368,0.6758418878880514,0.18683127572016459,0.08436213991769545,0.059259259259259255,0.004938271604938249,0.0020576131687242705,0.0004115226337448541,-0.0004115226337448541,0.003703703703703687,-0.0008230452674897082,-0.0004115226337448541,0.007407407407407374,0.0028806584362139785
145,145,0.9506172839506173,0.9508034350139614,0.9518279569892474,0.9819354838709677,2.9206253851334103,1.2040714552687553,1.1257610282880528,1.5484100670935084,1.0866175624156433,0.17283950617283952,0.08024691358024691,0.05144032921810702,0.008230452674897104,-0.0016460905349794165,-0.0004115226337448541,0.0004115226337448541,0.01810699588477368,0.0024691358024691245,0.0008230452674897082,0.008230452674897104,0.0020576131687242817
146,146,0.9506172839506173,0.951102422070164,0.956648697214735,0.992512728361785,2.837489520530724,1.2202614810215298,0.5030189593954782,2.2791116400579865,0.6381576422894057,0.14732510288065842,0.08641975308641978,0.04897119341563786,0.0065843621399176875,0.0032921810699588438,-0.006172839506172811,-0.0020576131687242705,0.007407407407407374,0.006172839506172834,-0.0008230452674897082,0.0024691358024691245,-0.0012345679012345622
147,147,0.9465020576131687,0.9468135845828297,0.9481653404067196,0.9862953138815208,1.9100376553401652,1.0856881525750377,0.4585199382247712,2.2356701328756654,1.4827696731709987,0.2123456790123457,0.07860082304526751,0.06790123456790124,0.009876543209876586,0.0020576131687242817,-0.004526748971193395,0.004938271604938293,0.006995884773662575,0.00452674897119344,0.0008230452674897193,0.00905349794238688,0.0024691358024691466
148,148,0.9176954732510288,0.9182603082385217,0.9181034482758621,0.96684350132626,1.8975514053363132,1.8918874976323479,1.1444028168519182,2.203862641062535,0.5532057820651854,0.12386831275720167,0.08230452674897122,0.053909465020576176,0.0016460905349794607,-0.00041152263374480966,0.00534979423868317,-0.0016460905349793941,0.019753086419753117,-0.002057613168724237,0.0020576131687243373,0.0020576131687243147,-0.002057613168724237
149,149,0.9794238683127572,0.9795009933630869,0.9814471930084432,0.9920011850096282,1.6420498900952807,1.025443444522225,0.9440554105765209,2.808692185752497,0.9493200372659236,0.205761316872428,0.07654320987654319,0.04773662551440329,0.01358024691358024,0.008230452674897082,0.0004115226337448541,0.0024691358024691245,0.00987654320987652,0.004115226337448541,0.004938271604938249,0.010288065843621352,0.004938271604938249
150,150,0.9506172839506173,0.9512459289555405,0.9569019855026788,0.9856602584305074,1.4475929839012034,1.2258833334437833,1.0432044841357453,2.6458132381702546,0.6578235954682687,0.1658436213991769,0.07818930041152264,0.06625514403292185,0.014814814814814859,0.006995884773662542,0.0049382716049382715,-0.0028806584362139785,0.004526748971193417,-0.0012345679012345622,0.008230452674897115,0.00864197530864198,0.012757201646090566
151,151,0.9053497942386831,0.9059208831879313,0.9030884313435047,0.9722263368389868,2.9306755190498737,0.9399597126724438,0.9921308566360247,1.9222665929823615,0.6772887679835021,0.1238683127572016,0.054320987654320974,0.03703703703703702,0.0065843621399176875,0.006172839506172811,-0.010699588477366285,0.005761316872427957,0.004526748971193395,-0.0024691358024691245,-0.004526748971193406,-0.006995884773662542,-0.0057613168724279795
152,152,0.9259259259259259,0.9259259259259259,0.9176581325301205,0.9779367469879519,1.83241583870697,0.6324056342382105,1.0142066907813228,2.3912846534574035,1.461905684456162,0.11522633744855967,0.0934156378600823,0.0469135802469136,0.009053497942386824,0.00864197530864197,0.0012345679012345622,0.0,-0.0008230452674897082,0.0041152263374485635,-0.0024691358024691245,-0.0024691358024691245,-0.0008230452674897082
153,153,0.9300411522633745,0.9310026445574855,0.9382290562036055,0.9721254355400697,2.4643019610577697,1.3812234175533338,1.3621092773816903,1.0944539368751331,1.1080277400426062,0.13209876543209875,0.04897119341563785,0.0465020576131687,0.020576131687242805,0.005761316872427957,0.005349794238683103,-0.003703703703703687,0.0028806584362139785,-0.006172839506172811,0.0016460905349794165,0.005761316872427957,0.000411522633744843
154,154,0.9176954732510288,0.9183665339866217,0.9169444023632782,0.9815179518254811,2.17538211970278,1.2653779739690767,1.504250335763845,1.6598561019718048,0.6942588895559729,0.10082304526748972,0.08353909465020581,0.04485596707818934,-0.0020576131687242484,-0.004526748971193395,-0.0061728395061728,-0.004526748971193384,-0.006172839506172811,-0.005349794238683103,-0.012345679012345623,-0.01481481481481477,-0.0008230452674896748
155,155,0.9382716049382716,0.9377577294639227,0.9228395061728395,0.986816034141137,1.3639401627543104,1.0967629518846527,1.1299900299395402,2.478201138741358,1.3183243001582927,0.1621399176954732,0.06460905349794234,0.04855967078189295,0.008641975308641936,-0.0004115226337448874,0.0028806584362139564,-0.002057613168724326,-0.001646090534979483,-0.002057613168724326,0.0032921810699588216,0.004115226337448518,-0.0008230452674897415
156,156,0.9094650205761317,0.9096951603337299,0.903643904606725,0.9681528662420382,2.6874575448845675,1.0553573894829045,1.1383905994024046,1.9190400553264606,0.8038548930659373,0.10082304526748967,0.05802469135802465,0.05432098765432096,0.013580246913580197,0.004938271604938249,0.0020576131687242705,-0.002880658436214012,0.0127572016460905,0.006584362139917666,0.018106995884773637,-0.002057613168724304,0.006995884773662519
157,157,0.9465020576131687,0.9469474163576045,0.9467381027418846,0.990308855972266,2.0678079366677187,0.6002365976163039,1.0682591429057486,2.571323283261327,0.7983363139202165,0.14732510288065845,0.07736625514403293,0.08230452674897121,0.0016460905349794275,-0.0020576131687242705,-0.0016460905349794165,-0.0004115226337448541,0.0016460905349794275,-0.0028806584362139676,0.0008230452674897193,-0.003292181069958833,0.002880658436214001
158,158,0.934156378600823,0.934601475342216,0.9305861960289946,0.9790419161676647,1.6979238228435014,1.554748119737211,0.8640631550624638,2.3920170165109864,0.8018525693560791,0.1658436213991769,0.06172839506172835,0.05514403292181067,0.008230452674897092,0.004115226337448541,0.008230452674897082,-0.004115226337448574,0.0028806584362139676,0.0008230452674896971,-0.00452674897119344,0.004526748971193395,-0.0016460905349794386
159,159,0.9218106995884774,0.922083884777257,0.9190615835777126,0.9675219941348974,2.402328754575605,1.231542089520078,0.9093611125705388,2.1996243518401632,0.9277542163359656,0.12016460905349795,0.09012345679012349,0.057613168724279865,0.01810699588477368,0.0012345679012345622,0.006584362139917721,-0.002057613168724259,0.0020576131687242817,-0.003292181069958833,0.01111111111111115,0.00823045267489716,0.004526748971193428
160,160,0.9629629629629629,0.963290087473094,0.9657764273148889,0.9904845674076443,2.4530925148695215,0.8761248622669507,0.3594844461493417,2.772912028843815,1.0235020377755737,0.1502057613168724,0.10370370370370366,0.07283950617283945,0.020164609053497883,0.004938271604938249,0.0028806584362139676,0.006995884773662508,0.01481481481481477,0.007407407407407374,0.006995884773662519,0.011934156378600768,0.0012345679012345622
161,161,0.9135802469135802,0.9142103343653731,0.9152196118488254,0.9734422880490297,2.7455875864190866,1.216238442341796,0.9718212221212031,1.3424141508465137,1.0353341095261568,0.1658436213991769,0.06748971193415633,0.0592592592592592,0.010699588477366207,-0.0008230452674897415,-2.2204460492503132e-17,-0.004938271604938316,0.0028806584362139564,0.0024691358024691024,-0.0037037037037037646,-0.004938271604938327,0.005349794238683092
162,162,0.9300411522633745,0.9304485336852389,0.9302608311229001,0.9816534040671973,2.1721369119278346,1.5671186457656687,1.1165107406604378,1.6976546402087491,0.5836710526366121,0.16296296296296292,0.06913580246913578,0.05637860082304526,0.0185185185185185,0.009465020576131643,0.011111111111111117,0.003292181069958833,0.011522633744855959,0.004526748971193395,0.004938271604938249,0.005349794238683103,0.006995884773662519
163,163,0.9423868312757202,0.9427648120831887,0.9404240337975278,0.982710061023314,2.1506958892399366,1.14178475899374,0.775834197621882,2.5663778683285337,0.7999244129181291,0.1415637860082305,0.09135802469135808,0.06913580246913584,0.023045267489711984,0.0069958847736626304,0.006584362139917766,-0.0016460905349794052,0.011111111111111172,0.007818930041152328,-0.0020576131687242484,0.0032921810699588993,0.0028806584362140453
164,164,0.9465020576131687,0.9462505431587558,0.9356915618845629,0.991061960309044,2.934540864912377,1.0781129807623018,0.9737376847198732,2.2808248684149937,0.2966091273024037,0.12345679012345681,0.06172839506172841,0.04197530864197533,0.006995884773662586,0.0020576131687242926,-0.0037037037037036757,0.006172839506172867,0.0041152263374485635,0.008641975308642025,0.0020576131687242817,0.007407407407407429,0.003703703703703731
165,165,0.9423868312757202,0.942103834039318,0.9336601307189543,0.9870007262164124,2.7509563069587726,1.4438015388182712,0.525270344842282,2.4093972770921726,0.2540036506124157,0.168724279835391,0.07942386831275723,0.06008230452674901,0.011934156378600857,0.001646090534979472,-0.0004115226337448208,-0.0024691358024691136,0.004526748971193461,-0.0008230452674896638,-0.010288065843621352,-0.0008230452674896638,0.004938271604938338
166,166,0.9300411522633745,0.9301441786038532,0.9232692016361157,0.984396303590365,2.716917735193213,1.2256380729128205,0.7670233727737379,1.5495120094469368,1.260665345401578,0.14032921810699586,0.07572016460905348,0.058436213991769535,-0.0004115226337448541,0.0024691358024691245,-0.005349794238683136,-0.0037037037037036978,0.005761316872427968,-0.003292181069958855,0.0008230452674897082,0.005761316872427957,0.004115226337448552
167,167,0.9465020576131687,0.9469474163576045,0.9467381027418846,0.9799086038449417,2.2682355556145004,1.2369948396922903,1.054127317344329,2.981198683953241,0.06086971116742963,0.15720164609053497,0.09300411522633747,0.06502057613168727,0.020576131687242816,1.1102230246251566e-17,-0.002057613168724259,-0.003292181069958833,0.0004115226337448652,-0.007818930041152227,-0.0008230452674897082,0.0004115226337448763,-0.0024691358024691245
168,168,0.9465020576131687,0.9466692236718077,0.9462116830537883,0.9878542510121457,1.7598996776606806,0.7678430582511065,1.112718548209434,2.8134861361475685,0.6830679710140874,0.16255144032921814,0.11646090534979425,0.062139917695473265,0.005761316872428002,-0.003703703703703687,-0.013991769547325061,0.0,0.009465020576131734,0.0020576131687242926,0.008230452674897148,0.009876543209876599,0.004115226337448574
169,169,0.9300411522633745,0.9302267227802801,0.9293741109530583,0.9874822190611664,1.585891301905325,1.6002761655701818,0.5077529839316416,2.9048323134635736,0.7462371427897849,0.18888888888888888,0.05514403292181069,0.03456790123456788,-0.0008230452674897082,0.0020576131687242705,-0.005349794238683115,-0.0024691358024691245,0.011111111111111105,0.0020576131687242705,-0.0016460905349794165,0.0024691358024691245,-0.006584362139917676
170,170,0.9382716049382716,0.9386182366286826,0.9393328445747801,0.9766129032258065,1.7699428201718617,1.0557068442163624,1.6179179544296072,2.4752434400870063,0.8600101931231282,0.14279835390946496,0.07736625514403286,0.06666666666666662,0.012757201646090488,0.009876543209876498,-0.001646090534979472,0.0004115226337448319,0.006172839506172789,0.0028806584362139676,0.004526748971193395,0.007407407407407374,0.003703703703703687
171,171,0.9588477366255144,0.9590569545869673,0.9602010424422933,0.9775130305286671,1.466315366839517,1.2410730605281937,1.0426323035947822,2.9109853437696844,0.743844204155826,0.17407407407407405,0.08559670781893,0.06172839506172835,0.01563786008230449,0.012757201646090477,0.01193415637860078,0.015226337448559623,0.011522633744855914,0.013168724279835353,0.010288065843621352,0.008641975308641936,0.011934156378600768
172,172,0.9465020576131687,0.9467459275095169,0.9442101226993864,0.9870398773006135,1.7896428156492001,1.6437878297978334,1.2823372625006986,1.9064656223369834,0.47540015835820926,0.17283950617283955,0.07983539094650208,0.051440329218107005,0.01193415637860088,0.005349794238683136,0.0016460905349794386,-0.0024691358024691245,0.01316872427983542,0.0012345679012345733,0.0028806584362139785,0.0069958847736625975,0.005349794238683148
173,173,0.9465020576131687,0.9461905306435076,0.9378419234091564,0.9877627411459833,2.446212309635391,1.7624375600470863,0.43325940543344166,2.2315900058742972,0.2051070033488677,0.15967078189300413,0.10781893004115228,0.051851851851851885,0.02757201646090538,0.00452674897119344,-0.0028806584362139785,-0.005349794238683103,0.012757201646090566,-0.004938271604938238,0.0008230452674897082,0.006995884773662586,-0.002057613168724259
174,174,0.9259259259259259,0.9259259259259259,0.9132142857142858,0.9765079365079364,2.3008370277446173,1.54260592738192,1.0888339211437847,2.5008242004097685,0.032654607442071076,0.11028806584362139,0.08189300411522635,0.030452674897119336,-0.0024691358024691245,-0.003703703703703687,-0.0016460905349794165,0.007818930041152283,-0.0020576131687242705,0.0049382716049382715,0.005761316872427957,-0.00987654320987653,0.0012345679012345622
175,175,0.9259259259259259,0.9259259259259259,0.922226173541963,0.9750355618776672,1.739590026618576,1.5310757374875457,1.4098882295325756,2.0672877035425867,0.7360038105940967,0.11893004115226335,0.06995884773662552,0.04115226337448561,0.009465020576131711,0.003703703703703687,0.00781893004115226,-0.0028806584362139785,0.003292181069958855,0.0024691358024691358,0.003292181069958833,0.014814814814814826,0.008230452674897115
176,176,0.9423868312757202,0.94267266719374,0.9451635846372688,0.9907539118065434,3.155064410544864,0.7074318400532645,0.4445925347705949,2.062596585318264,0.813587162276227,0.19465020576131692,0.06913580246913584,0.051028806584362194,-0.0024691358024691136,0.0004115226337448763,-0.000823045267489686,0.006584362139917777,-0.004938271604938249,-0.001234567901234529,-0.0004115226337448541,0.006584362139917777,-0.0004115226337448208
177,177,0.9382716049382716,0.9387568893048469,0.9417550839964632,0.973990568818155,2.4680251558847606,1.013069993959352,0.9768853802734544,1.8201368025435403,1.2774450500052814,0.16337448559670772,0.11069958847736619,0.042386831275720106,0.014403292181069904,0.009465020576131643,0.004526748971193395,0.0061728395061728,0.026748971193415606,0.006584362139917666,0.000823045267489686,0.000411522633744843,0.004115226337448541
178,178,0.9670781893004116,0.9672814103541126,0.9690490892250694,0.9919728311207162,3.1769985985978026,0.9496420398699819,1.089762174264373,1.8213761011889502,0.3446352842450643,0.18395061728395062,0.10288065843621404,0.06172839506172843,0.017695473251028836,0.005761316872428035,0.00246913580246918,-0.0020576131687242484,0.010288065843621453,0.00246913580246918,0.003703703703703776,-0.0020576131687242484,0.0032921810699588993
179,179,0.9259259259259259,0.9260892616155774,0.9228758169934641,0.9798111837327523,2.19030346112731,1.1617421824925955,0.8280804922901678,2.2602906294346097,0.9412868565635578,0.09012345679012346,0.06666666666666668,0.030452674897119336,0.005761316872427968,0.0,0.0004115226337448541,-0.005349794238683103,0.0004115226337448541,0.005349794238683125,-0.0024691358024691245,0.0004115226337448541,-0.0004115226337448541
180,180,0.9382716049382716,0.9386440542529987,0.9390830988001777,0.9914086801955266,1.8335981405291544,1.557687099885871,1.1565967894988016,1.6494470494641555,0.6583646705147541,0.12798353909465016,0.07654320987654314,0.04485596707818925,0.005761316872427935,0.0012345679012345512,-0.0016460905349794607,0.004526748971193373,0.008641975308641936,0.003703703703703665,-4.4408920985006264e-17,-0.00905349794238689,-0.004115226337448608
181,181,0.9382716049382716,0.9381748686096514,0.9290123456790124,0.9907026367931717,2.496835770849545,1.528214574104899,0.8306593180727864,1.9471675418365824,0.6473803503956096,0.1835390946502057,0.0641975308641975,0.0534979423868312,0.003703703703703665,0.00041152263374480966,-0.006995884773662619,0.004115226337448541,0.001646090534979383,0.003703703703703665,-2.2204460492503132e-17,0.0004115226337448319,-0.004526748971193473
182,182,0.9670781893004116,0.9670001243034951,0.9624183006535947,0.9931009440813362,3.4638163896624774,0.7711065124678291,0.4330448682714819,2.0818062330090195,0.6787453433971637,0.14362139917695477,0.08641975308641979,0.06790123456790127,0.016460905349794285,0.004938271604938349,0.006172839506172911,0.007407407407407474,0.013580246913580295,0.009876543209876609,0.002057613168724326,-0.0028806584362139785,0.0020576131687243147
183,183,0.9423868312757202,0.9423868312757202,0.9351851851851851,0.9825483920134126,2.0843748416761585,1.470646574067664,0.9946680876631411,2.0913847587873367,0.6853437354649228,0.16625514403292185,0.08477366255144038,0.0724279835390947,0.033744855967078234,0.012345679012345723,0.002057613168724326,0.0032921810699588993,0.017695473251028847,0.007818930041152305,0.004115226337448641,0.009465020576131744,0.00246913580246918
184,184,0.9506172839506173,0.9503662223968738,0.9420691667882679,0.9905151028746534,2.1794115979308657,1.2440794393970038,0.8218671858556688,2.075589075195955,0.7861008923426774,0.15390946502057612,0.08312757201646091,0.05349794238683129,0.011934156378600836,-0.0020576131687242705,-0.004938271604938249,-0.003292181069958833,0.0008230452674897193,-0.0024691358024691245,0.003292181069958855,0.0004115226337448652,0.0032921810699588438
185,185,0.9135802469135802,0.914415843801915,0.9135802469135802,0.9871970736168267,1.509066101681422,1.7237343883982625,0.8199316908796879,2.1239163820754614,0.7260166396189658,0.12263374485596698,0.06008230452674892,0.032510288065843586,0.0057613168724279466,-0.009053497942386902,-0.018930041152263398,-0.022222222222222254,-0.016049382716049432,-0.007407407407407462,-0.005761316872428035,-0.008230452674897182,-0.006995884773662609
186,186,0.9629629629629629,0.9634344832130738,0.9696637426900585,0.9878167641325537,2.09619015404973,0.941531850026918,1.3725259492495314,2.2221718914466333,0.9224914354557068,0.14279835390946496,0.07654320987654314,0.05843621399176947,0.013991769547325039,0.010699588477366207,0.004526748971193395,0.0012345679012345401,0.010288065843621352,0.005761316872427957,0.010699588477366207,0.0016460905349794165,0.004938271604938249
187,187,0.9506172839506173,0.9510257063483398,0.9480259870064967,0.9910044977511244,2.6466488857133506,0.6682105877149537,0.5689271250898078,2.948047192647379,0.6847789582244289,0.14362139917695474,0.06502057613168725,0.044855967078189306,0.012757201646090566,0.00781893004115225,0.0004115226337448541,0.0004115226337448541,0.01440329218106996,0.004526748971193395,0.0008230452674897193,0.0004115226337448652,0.0004115226337448541
188,188,0.9588477366255144,0.9589453178716599,0.9579178885630499,0.9921554252199414,2.141728390834749,1.2252124648643952,0.9798735884152922,1.7347272445224946,0.9379586153587267,0.13662551440329213,0.09341563786008227,0.0604938271604938,0.015226337448559623,0.0012345679012345622,0.004938271604938249,0.003292181069958833,0.025925925925925908,0.008641975308641936,0.0012345679012345622,0.008641975308641959,0.004115226337448541
189,189,0.9259259259259259,0.9279288612621945,0.9437241948802643,0.9837324525185797,1.971841553700401,0.9318160715213845,0.8110352000157323,3.1401726722483785,0.5138068688276285,0.1868312757201646,0.04897119341563788,0.04897119341563788,0.012345679012345678,0.004526748971193395,0.004115226337448552,-0.0024691358024691245,0.00493827160493826,0.004526748971193395,0.0012345679012345622,0.0004115226337448541,0.0004115226337448541
190,190,0.9423868312757202,0.9426130717640705,0.9430247624532104,0.97797293406277,2.211938364225921,0.9559893120151703,1.1510651169414277,1.7606948791283055,1.2649729695746466,0.17901234567901242,0.09341563786008235,0.07201646090534983,0.014403292181070004,0.008230452674897182,0.007407407407407474,0.001646090534979472,0.01111111111111116,0.007818930041152338,0.011111111111111172,0.01193415637860088,0.004115226337448619
191,191,0.9259259259259259,0.9266548889117583,0.9245981720768988,0.982981405609833,2.5532423728137656,1.449624522927085,0.5731786803435226,1.91172664752854,0.9109691181720345,0.13333333333333336,0.08065843621399175,0.049794238683127566,0.007818930041152283,-0.0012345679012345622,0.0,0.0,-0.006172839506172811,-0.000411522633744843,-0.0008230452674897082,-0.0008230452674897082,-0.0008230452674897082
192,192,0.934156378600823,0.9343237529699854,0.9306399051992298,0.9857058213597986,1.7732479619757313,1.5411366315170414,0.7932413749436152,2.169587490357437,0.9325968102307794,0.17654320987654318,0.09053497942386828,0.053497942386831254,0.012757201646090488,0.005349794238683103,-0.007818930041152295,0.0016460905349794165,0.010288065843621352,0.0008230452674896971,-0.0028806584362139898,0.007407407407407374,0.0016460905349794165
193,193,0.934156378600823,0.9343125085946559,0.9311950146627566,0.9881964809384164,1.0236120832707665,1.5325783873836623,0.5680066017048107,2.7721164262909723,1.1015605161401434,0.17818930041152262,0.07530864197530861,0.06090534979423865,0.010699588477366217,-0.0016460905349794275,-0.004115226337448585,-0.0004115226337448652,0.003703703703703687,-1.1102230246251566e-17,-0.00823045267489717,-0.004938271604938283,-0.004115226337448574
194,194,0.9218106995884774,0.9220091181145018,0.9209183673469388,0.9737103174603174,1.9533799350088181,1.8021852007201253,1.1536688531664177,1.3354947012962242,0.8161228786640936,0.1292181069958848,0.0674897119341564,0.047736625514403316,0.0004115226337448874,-0.00905349794238679,0.0012345679012345846,-0.013168724279835353,0.002880658436214034,-0.014403292181069916,-0.002057613168724259,-0.0016460905349794052,-0.004526748971193395
195,195,0.9094650205761317,0.9094650205761317,0.8975076687116564,0.9724693251533743,2.436385209151208,0.9070302011887068,1.1633392274497718,1.960758839070747,1.185371756625518,0.1650205761316872,0.07572016460905345,0.05144032921810695,0.005349794238683103,-0.0049382716049382715,-0.0020576131687242817,-0.0037037037037037203,-0.005761316872428002,-0.007407407407407429,-0.012757201646090588,-0.002057613168724304,-0.0016460905349794165
196,196,0.9382716049382716,0.9383625105328116,0.9324723526738373,0.9825783972125436,1.8579560684001726,1.4398038233366262,1.3122289443733193,2.192880467486553,0.6169704409318275,0.09711934156378596,0.08106995884773657,0.05596707818930036,0.030452674897119315,0.012345679012345623,0.005761316872427957,0.004526748971193395,0.010699588477366207,0.0012345679012345401,0.004938271604938249,0.006172839506172811,0.0012345679012345512
197,197,0.9094650205761317,0.9094650205761317,0.9045766100242754,0.9800799657289734,2.0027643034611318,1.2291393679521159,1.1453379555774128,2.3114760101393323,0.5865660314441405,0.1658436213991769,0.07489711934156376,0.0539094650205761,0.01646090534979423,0.0028806584362139785,-0.0057613168724280125,0.003292181069958833,0.011111111111111072,0.005349794238683103,-0.0012345679012345622,0.005349794238683092,-0.0012345679012345956
198,198,0.9382716049382716,0.9383596675220324,0.9328313253012048,0.9869728915662651,2.5581455011203627,0.9437844643166782,1.054955259582157,2.401031290250191,0.609356031015297,0.11152263374485591,0.052674897119341514,0.030864197530864158,0.006995884773662519,0.004938271604938238,0.003292181069958833,0.0024691358024691136,0.006995884773662498,-0.0020576131687243147,-0.0012345679012346067,-0.004938271604938327,-0.0016460905349794607
199,199,0.9506172839506173,0.9509439553299202,0.9539222873900293,0.9826979472140762,1.441784499286948,1.0755786842644497,0.9356322212350732,3.201478519247059,0.5905149687225675,0.14650205761316873,0.06872427983539095,0.08518518518518518,0.019753086419753107,0.003703703703703687,-0.006172839506172811,-0.0008230452674897082,0.006172839506172844,0.007407407407407418,0.005349794238683115,0.00781893004115225,0.0065843621399176875
200,200,0.9382716049382716,0.9380402297872823,0.9299576827666716,0.9889829271851743,1.5211211437456036,1.3074672082577068,0.9649761395494088,1.7803965203793064,1.4937770586374999,0.1790123456790123,0.10164609053497937,0.04979423868312751,0.003703703703703687,0.004526748971193384,0.004526748971193384,-0.0004115226337448874,-5.551115123125783e-17,0.005349794238683103,0.004526748971193384,0.0028806584362139676,0.010288065843621352
201,201,0.9465020576131687,0.9467806677109003,0.9483660130718954,0.9850399419026871,2.505633193333056,1.1918637094670679,0.8492311859770373,1.5150067495383235,0.954747951243173,0.13909465020576134,0.09711934156378604,0.051440329218107025,0.004938271604938293,-0.004115226337448541,0.0004115226337448541,-0.003292181069958833,0.006172839506172867,-0.002057613168724259,-0.0020576131687242705,0.0008230452674897193,-0.0028806584362139785
202,202,0.9382716049382716,0.9385109992569656,0.9362248696947133,0.9846612062546538,1.9576399903190225,1.2429788816516096,1.192276605138442,2.1137107982078778,0.8928654540264268,0.15226337448559665,0.07283950617283944,0.06913580246913574,0.005761316872427935,-0.006172839506172911,-0.005349794238683181,-0.009876543209876609,-0.0032921810699588993,-0.005349794238683192,-0.0020576131687243373,-0.008230452674897193,-0.00905349794238688
203,203,0.9465020576131687,0.9471036330057409,0.9535768072289157,0.9743222891566266,2.3673182604931937,0.9277371220951395,0.769480333314027,2.0337521728246704,1.321763738550272,0.20082304526748967,0.105761316872428,0.07530864197530865,0.0069958847736625975,0.003292181069958833,0.0008230452674897082,0.0028806584362139898,0.01522633744855969,0.007407407407407429,0.00823045267489716,0.0032921810699588884,0.015226337448559713
204,204,0.9506172839506173,0.9507514960977359,0.948225516621743,0.9830038933812519,2.325342770014778,0.6574100545911519,0.5862578426837547,2.370574591596146,1.19224742343592,0.16131687242798357,0.09218106995884774,0.09423868312757203,0.03209876543209879,0.01522633744855969,0.003703703703703687,0.0037037037037036978,0.014814814814814826,0.02098765432098767,0.023456790123456795,0.018930041152263398,0.009053497942386824
205,205,0.9588477366255144,0.9591404803639512,0.9628943860168864,0.995778403199526,2.5514323766092097,1.2195862553056922,0.6140716238590759,2.026650482403305,1.0875837501394827,0.20370370370370366,0.07613168724279833,0.04732510288065843,0.007407407407407385,0.003703703703703687,-0.0016460905349794386,0.004526748971193395,0.004938271604938238,0.0008230452674897082,-0.0057613168724280125,0.00905349794238679,0.0012345679012345622
206,206,0.9382716049382716,0.9384795839525181,0.9370713556106814,0.9810302057493069,2.445153638886951,1.420422885868006,0.6096685147222101,1.7363349511901514,1.1078261704719843,0.17242798353909458,0.07654320987654316,0.06090534979423863,0.016460905349794185,0.006584362139917666,-3.3306690738754695e-17,0.004526748971193384,0.004526748971193373,0.014814814814814748,0.0028806584362139676,0.007407407407407374,-0.0020576131687243147
207,207,0.9094650205761317,0.9094650205761317,0.9065384615384615,0.9851048951048951,2.5633127882100832,1.0198358406642074,1.4231734172323003,1.454382889736405,0.8654125447436014,0.10699588477366254,0.05185185185185183,0.042798353909465,0.0012345679012345512,-0.004938271604938293,-0.012757201646090576,-0.006172839506172878,-0.0032921810699588884,-0.009876543209876586,-0.007407407407407418,-0.016872427983539127,-0.011522633744855992
208,208,0.9300411522633745,0.9295260205609808,0.9163067758749069,0.9836932241250931,2.447080908190211,0.709737369990522,1.1696152280162113,2.0811441203846064,0.975542533529925,0.13127572016460903,0.07860082304526747,0.04320987654320988,0.013168724279835375,0.0,0.004526748971193406,-0.0032921810699588438,0.009465020576131678,0.0024691358024691245,-0.0065843621399176875,-0.006995884773662564,-0.0016460905349794275
209,209,0.9423868312757202,0.9425646496977086,0.9379601226993866,0.9864263803680982,1.5596960250097567,1.5352805307565938,0.8664957005307099,2.6130559792291495,0.4575761130348887,0.2069958847736626,0.03868312757201649,0.04773662551440333,0.005349794238683192,0.004938271604938327,0.0004115226337448763,0.0008230452674897526,0.0061728395061728895,0.0032921810699589106,-0.002057613168724259,0.004526748971193473,0.0024691358024691913
210,210,0.9300411522633745,0.9303405650481613,0.9262611725496137,0.9773519163763066,1.9144220378736687,1.4626830187119608,0.6915648080009854,2.59207770058239,0.6303038323876781,0.17366255144032922,0.08106995884773663,0.051851851851851836,0.011111111111111072,0.009053497942386801,-0.006995884773662542,-0.0004115226337448541,0.0012345679012345622,-0.0008230452674897193,0.003703703703703687,0.003292181069958833,0.0008230452674897082
211,211,0.9382716049382716,0.9389697046112333,0.9407500787897889,0.9902300661834227,1.972392069822828,1.6021721504367519,1.1717939643254702,1.6388859931120099,0.7448010097694254,0.12674897119341558,0.05637860082304523,0.046913580246913535,0.0016460905349793941,0.0016460905349794052,-0.010288065843621453,-0.005761316872428068,-0.0024691358024691913,-0.009465020576131754,0.0008230452674896748,-0.00246913580246918,-0.004938271604938327
212,212,0.9506172839506173,0.9505280507264634,0.946794238101963,0.9904674481005508,1.4251860637212719,0.7737487599397662,1.343149559080934,2.976654791133114,0.8914615065448348,0.13744855967078187,0.0711934156378601,0.05596707818930041,0.01728395061728396,0.006584362139917676,-0.003703703703703687,-0.004526748971193395,0.012345679012345689,0.0020576131687242817,0.006172839506172844,0.0020576131687242817,0.0020576131687242817
213,213,0.9259259259259259,0.9260892616155774,0.9228758169934641,0.9766884531590413,1.727085237192649,0.6642781957391867,0.8594055168368695,2.899826016570944,1.4812580402160513,0.12304526748971192,0.06954732510288067,0.035802469135802484,0.016460905349794264,0.006995884773662531,0.0012345679012345622,0.006172839506172844,0.012757201646090555,0.0004115226337448541,-0.003703703703703687,0.005761316872427957,-0.003292181069958833
214,214,0.934156378600823,0.934156378600823,0.9204061578774976,0.9822305928594824,1.6538429041157712,1.7717520125404147,0.7872903178839037,2.0699684248437977,1.284220285231596,0.139917695473251,0.0633744855967078,0.04156378600823042,0.02716049382716047,0.0028806584362139676,-0.0004115226337448541,0.005349794238683092,0.003703703703703687,-0.011522633744856025,0.0016460905349794052,-0.005761316872428024,-0.0004115226337448541
215,215,0.9423868312757202,0.9427538601723584,0.945060557420108,0.9892018094265286,1.0092119461555924,1.3066062984995928,0.9473290768117145,3.1904738135691084,0.8479860691834297,0.18271604938271607,0.06831275720164613,0.05185185185185189,0.01193415637860088,0.004526748971193473,-0.0012345679012345401,-0.0032921810699588104,0.006584362139917743,0.001646090534979472,0.0008230452674897637,0.00534979423868317,0.007818930041152338
216,216,0.9423868312757202,0.9429202865416857,0.9440559440559441,0.9832167832167832,1.8752882502090882,1.3129095341239458,0.9318914938944097,2.422729932281926,0.895748459392324,0.14938271604938275,0.08559670781893007,0.04320987654320992,0.007818930041152316,0.0037037037037037646,-0.006995884773662519,-0.0032921810699588104,0.01111111111111116,-0.004526748971193395,-0.005349794238683092,0.0008230452674897526,0.0008230452674897526
217,217,0.9547325102880658,0.9547930182108221,0.9516008935219658,0.9950111690245719,1.7153266747018419,1.913051363041815,0.6053664516253748,2.501868474097118,0.42406783378506197,0.15144032921810696,0.05967078189300412,0.034979423868312744,0.009465020576131678,-0.0012345679012345622,-0.0012345679012345622,0.004526748971193395,0.004938271604938249,-0.0037037037037036978,-0.004526748971193395,-0.003292181069958833,-0.009053497942386834
218,218,0.8847736625514403,0.8839947432540024,0.8631901840490798,0.9674846625766871,2.0671228370674486,1.0140532108426012,0.7766051898607945,2.840160047328292,0.680820674025943,0.10493827160493825,0.0530864197530864,0.05720164609053495,0.0127572016460905,0.004526748971193395,-0.010699588477366285,-0.017695473251028836,-0.011934156378600869,0.0020576131687242484,-0.004115226337448574,-0.0057613168724280125,-0.003703703703703709
219,219,0.934156378600823,0.9338329531877918,0.9248366013071896,0.9851125635439362,1.6662386954764525,1.0889796000784624,0.8371222878221758,3.2036808251948696,0.6127487672535876,0.14732510288065842,0.06995884773662549,0.0596707818930041,0.005761316872427957,0.0004115226337448541,-0.004115226337448574,0.0,-0.004115226337448574,-0.0012345679012345846,0.004526748971193395,-0.011522633744856004,-0.002880658436214012
220,220,0.9588477366255144,0.9591259220888851,0.9593050740624015,0.9902300661834226,1.5280213940719343,0.6694690058199944,1.328376270282546,2.8480461780277255,1.1564677538005916,0.14320987654320982,0.06543209876543207,0.0493827160493827,0.013991769547325072,0.003703703703703687,0.0020576131687242705,0.007818930041152227,0.014403292181069904,0.013168724279835342,0.003292181069958833,0.0028806584362139785,-0.0004115226337448541
221,221,0.9465020576131687,0.9466757240387063,0.946078431372549,0.9870007262164124,1.9980992076417337,0.8817375685855074,1.2261996377731044,2.5505855529760906,0.5543115317919841,0.11728395061728399,0.06337448559670784,0.04691358024691359,0.009053497942386857,0.0024691358024691245,0.0020576131687242817,0.0004115226337448541,0.003703703703703709,0.002880658436214012,0.0012345679012345622,-0.003703703703703687,0.0049382716049382715
222,222,0.9711934156378601,0.9712799698591116,0.9725741433918802,0.9876907572703714,2.1756330410909785,0.6242471104268383,2.0041159992865514,1.9165667595079507,0.6935927855796038,0.1374485596707819,0.10082304526748972,0.05925925925925929,0.018930041152263388,0.006172839506172867,0.0037037037037037203,0.0020576131687242817,0.006172839506172867,0.006995884773662586,0.010288065843621463,0.01111111111111115,0.012757201646090576
223,223,0.9382716049382716,0.9385109992569656,0.9362248696947133,0.9774385703648548,1.8047219263376115,1.518235186783336,0.997194112446043,2.1410631321886844,0.7010223592093088,0.1576131687242798,0.08518518518518511,0.0473251028806584,0.014814814814814758,0.005349794238683103,0.006172839506172823,0.006172839506172811,0.01481481481481477,0.009876543209876498,-0.001646090534979472,-0.006584362139917743,0.0020576131687242484
224,224,0.9218106995884774,0.9219152132732381,0.9154132539091586,0.9736411020104244,1.5845065306721837,1.2047429311094913,0.14496310574540489,3.245614429522662,1.1243086040915171,0.19094650205761318,0.07283950617283952,0.05473251028806588,0.006584362139917721,0.0016460905349794386,-0.004938271604938249,0.0004115226337448652,0.010699588477366295,-0.0020576131687242705,1.1102230246251566e-17,0.0016460905349794386,0.004938271604938283
225,225,0.9465020576131687,0.9468715392304597,0.9476594455385547,0.9885623390395395,2.0042244416442525,1.1738373107745859,1.1736877706175621,2.7884723281389054,0.20790339722855905,0.14279835390946505,0.06337448559670786,0.05473251028806588,0.003292181069958877,-0.013580246913580207,-0.010699588477366207,-0.013991769547325051,-0.0012345679012345512,-0.003292181069958833,-0.0004115226337448541,-0.008230452674897082,-0.003292181069958833
226,226,0.9588477366255144,0.9588477366255144,0.9545148247978437,0.9922881102126385,2.822482771887062,1.5418798212730698,0.4465067957516184,2.218041823092424,0.38326134020875724,0.12139917695473246,0.10411522633744855,0.07119341563786005,0.018106995884773637,0.005349794238683103,0.003703703703703687,0.005349794238683103,0.01851851851851849,0.005349794238683103,0.0004115226337448541,0.004938271604938249,0.004938271604938238
227,227,0.9465020576131687,0.9465535226852098,0.9445951734970727,0.9787948022276167,1.4256860251731003,1.163327590460771,0.7409050261271153,3.099441453509292,0.9087433312390337,0.17736625514403292,0.0880658436213992,0.07901234567901237,0.027160493827160515,0.0020576131687242817,-0.004526748971193395,0.011522633744856025,0.020164609053497963,0.015226337448559713,0.005349794238683159,0.006584362139917732,0.0012345679012345733
228,228,0.9588477366255144,0.9587002084200671,0.9489907682678766,0.9871694570489752,2.183368802210172,1.8856267575754329,0.47351196993720557,2.887886448609386,-0.100570519714306,0.1691358024691358,0.08806584362139913,0.04979423868312756,0.01851851851851847,0.000823045267489686,-0.01111111111111115,-0.010288065843621453,-0.004115226337448574,-0.009876543209876599,-0.003292181069958866,0.005761316872427957,-0.003292181069958866
229,229,0.934156378600823,0.9345261204101177,0.9323587335252235,0.9836388425996061,2.1487474174253256,1.4291707573240293,1.1320738549416363,2.568186854994451,0.10155131268418743,0.1382716049382716,0.0633744855967078,0.03909465020576129,0.006995884773662519,0.0028806584362139676,-0.0004115226337448652,-0.01193415637860088,0.0028806584362139676,-0.008230452674897148,-0.006584362139917732,-0.00658436213991771,-0.006584362139917743
230,230,0.934156378600823,0.9349066357613366,0.9328119882083197,0.9857517196200458,2.6626977240779928,0.23008459174005835,0.39381672160709774,2.801641534464877,1.3391114252100809,0.15637860082304522,0.07860082304526747,0.05802469135802467,0.007407407407407374,0.0028806584362139785,0.004115226337448541,0.0024691358024691245,0.01069958847736624,0.010288065843621352,0.007407407407407374,0.003292181069958833,0.005349794238683092
231,231,0.934156378600823,0.934156378600823,0.9303225806451613,0.9846594982078853,1.6655218682519137,0.4129082269879367,0.9501106780251161,2.8379877875183714,1.4952640951162777,0.12839506172839504,0.06090534979423867,0.04403292181069958,0.006584362139917666,0.0012345679012345622,0.0008230452674896971,0.0020576131687242705,-2.2204460492503132e-17,0.0028806584362139785,-0.005349794238683136,0.0020576131687242705,-0.005349794238683148
232,232,0.9629629629629629,0.963116439942453,0.9631777108433734,0.9893072289156627,1.706395703639886,1.2315970865990542,1.1830284603721881,2.1114802663829018,0.7737253780433202,0.17942386831275714,0.09053497942386826,0.07037037037037033,0.02057613168724274,0.004115226337448518,0.0028806584362139676,0.006172839506172811,0.020164609053497894,0.006584362139917666,0.005761316872427957,0.010699588477366207,0.001646090534979383
233,233,0.9629629629629629,0.9631959433994588,0.9610194902548725,0.9912543728135932,1.1652214433722081,1.364083405976596,1.29998618446075,2.3759848988248153,1.0295154331224903,0.15925925925925918,0.06872427983539088,0.03662551440329211,0.007818930041152227,0.006584362139917666,0.0020576131687242705,0.006584362139917666,0.023868312757201592,0.004115226337448541,0.0028806584362139564,-0.0008230452674897415,0.005761316872427957
234,234,0.9300411522633745,0.930463261486732,0.9300844319360095,0.9842245593245446,2.5061165524168194,1.0000749066967578,0.7022289430196197,2.4449079738293196,0.5331412874683414,0.13786008230452676,0.0744855967078189,0.05020576131687243,0.01522633744855969,-0.0012345679012345622,-0.003703703703703687,-0.00493827160493826,-0.0032921810699588438,-0.0012345679012345622,-0.009876543209876553,0.0016460905349794165,-0.009053497942386812
235,235,0.9176954732510288,0.9179654595420779,0.908974358974359,0.9784770784770785,1.8531837822318524,1.4177011902813703,1.3502482222713004,1.7894375775370437,0.8633128262113279,0.1255144032921811,0.07283950617283953,0.03909465020576136,0.0032921810699589106,-0.005761316872427957,-0.004115226337448541,-0.004938271604938238,0.002880658436214012,-0.0004115226337448319,-0.0028806584362139564,-0.003703703703703665,-0.007818930041152227
236,236,0.9176954732510288,0.9170244125154359,0.9035557184750733,0.9731671554252199,2.4519055143175663,1.4116488013344328,1.5174958172244546,2.1994300949228585,0.02910128342823917,0.13909465020576137,0.065843621399177,0.051851851851851885,0.01193415637860088,0.00823045267489717,0.007407407407407474,0.006584362139917754,0.011111111111111172,0.004526748971193473,-0.000823045267489686,0.0004115226337448985,-0.005761316872427957
237,237,0.9465020576131687,0.9465712159719025,0.9428232854391942,0.9926677529254926,2.305729715203179,0.8516356147182628,0.9654601567946658,2.229542130015238,1.196269541085805,0.16131687242798357,0.06831275720164612,0.04115226337448562,0.006172839506172856,-0.0020576131687242705,0.0012345679012345733,0.003292181069958866,0.020164609053497973,-0.0012345679012345512,-0.0004115226337448541,1.1102230246251566e-17,-0.0020576131687242705
238,238,0.9382716049382716,0.9386572301899205,0.9389426656738644,0.9811615785554728,2.433490249057896,0.7083201175209132,0.8238358406821878,2.0662588094781014,1.2480111189884955,0.1547325102880658,0.09218106995884767,0.059670781893004045,0.014403292181069916,0.004115226337448541,0.006995884773662519,0.0037037037037036757,0.015226337448559613,0.006172839506172811,0.012345679012345623,0.010699588477366195,0.013580246913580184
239,239,0.934156378600823,0.9335277335958998,0.9181099397590362,0.9922439759036145,1.4135762394023759,1.7992034420169218,1.0158945959857915,2.9340826891950944,0.5248006858108654,0.12016460905349793,0.06255144032921807,0.05720164609053494,0.006584362139917676,0.0012345679012345512,0.004938271604938249,-0.006584362139917732,-0.002880658436214023,-0.007407407407407451,0.0020576131687242705,-0.002880658436214001,0.003703703703703687
240,240,0.9506172839506173,0.9511541325390915,0.9567901234567902,0.9782807498856881,2.446123379295755,1.083364096620906,0.8394155686658856,1.3472746265769837,1.833397243286973,0.1497942386831276,0.11975308641975309,0.05308641975308642,0.009465020576131689,-0.003292181069958833,-0.0016460905349794165,0.0016460905349794165,0.010699588477366262,0.004938271604938249,-0.0024691358024691245,0.011522633744855982,0.0024691358024691245
241,241,0.9588477366255144,0.9592903212418568,0.9627719580983078,0.9883964544721998,2.1478827948265216,1.6997200946228461,0.9544635945081488,2.0502297202580038,0.6338665101671858,0.14691358024691356,0.09423868312757198,0.05349794238683124,0.02427983539094648,0.012345679012345623,0.0020576131687242705,0.006995884773662519,0.010288065843621352,0.004115226337448541,0.0028806584362139785,0.006995884773662519,0.0012345679012345512
242,242,0.9382716049382716,0.9371067027557931,0.9110714285714285,0.9922222222222222,2.3756412006756444,1.3544396978939228,0.3140600323764569,2.324692062995405,1.4052600374631514,0.1658436213991769,0.06049382716049377,0.043209876543209846,0.007818930041152227,-0.004115226337448619,-0.005349794238683181,-0.004526748971193461,-0.002880658436214023,-0.007407407407407441,-0.009053497942386902,-0.00823045267489717,-0.0069958847736626304
243,243,0.9423868312757202,0.9429202865416857,0.9440559440559441,0.984071484071484,1.674188313350095,1.8119207355694553,0.676457303180897,2.7016476228497748,0.32099799186341565,0.16748971193415643,0.06625514403292186,0.05390946502057616,0.02263374485596712,0.0020576131687243147,0.001646090534979472,-0.000823045267489686,0.008230452674897182,0.0037037037037037424,0.004526748971193495,0.016049382716049422,0.0069958847736626304
244,244,0.9506172839506173,0.9506172839506173,0.9472961249277039,0.9876373626373626,1.53870220023263,1.697559578292116,1.0936304669059524,2.1695631841592364,0.7975699378620175,0.1390946502057613,0.09547325102880659,0.08395061728395062,0.024279835390946525,0.019341563786008254,0.0012345679012345622,0.005349794238683103,0.024691358024691367,0.0065843621399176875,0.007407407407407407,0.011934156378600824,0.011522633744855992
245,245,0.9629629629629629,0.9631424743074388,0.9625874125874125,0.9860916860916861,2.1959417833393418,1.291802489509892,0.8595372949532181,2.0122325983310536,0.5667388157640522,0.1983539094650205,0.08806584362139912,0.07119341563786002,0.01851851851851847,0.006995884773662508,0.000823045267489686,0.001234567901234529,0.02181069958847731,0.014403292181069904,0.0012345679012345178,-0.002057613168724326,-6.661338147750939e-17
246,246,0.9465020576131687,0.945859727771822,0.9290123456790124,0.9900167657369303,1.8880432049538411,1.8746032396746026,0.8047775950174807,1.5583839042256722,0.8630535161530528,0.16419753086419756,0.06419753086419755,0.06131687242798356,0.025102880658436244,0.016460905349794264,0.0020576131687242926,0.005349794238683148,0.013580246913580275,0.010699588477366306,0.00658436213991771,0.009876543209876576,0.010699588477366318
247,247,0.9506172839506173,0.9506172839506173,0.9433566433566434,0.9849261849261849,1.3428682638854352,0.9854450072802552,1.44228800235755,2.304047350603341,1.3843313102895505,0.14320987654320988,0.07942386831275722,0.06213991769547326,0.015226337448559678,0.003292181069958833,0.008230452674897092,0.0049382716049382715,0.006584362139917699,0.0024691358024691358,0.005349794238683103,0.014403292181069994,0.004938271604938283
248,248,0.9176954732510288,0.9178906357433199,0.9133797653958944,0.9676686217008799,2.410049775582163,1.5563564603185522,0.3913577010710577,2.0975466330301846,0.9882185676560049,0.19176954732510293,0.0777777777777778,0.05637860082304531,0.010699588477366318,0.0069958847736625975,0.012757201646090588,5.551115123125783e-17,0.0012345679012346177,-0.0057613168724279466,0.0032921810699588993,0.004115226337448608,0.002469135802469169
249,249,0.934156378600823,0.9346415167203698,0.9357781087118391,0.9817572598659717,2.390098215157651,1.4847640019220447,1.0731140452436394,1.4966289674388196,0.9909313302113232,0.1893004115226337,0.06831275720164606,0.05144032921810696,0.01769547325102877,0.003703703703703687,0.009465020576131666,0.004526748971193384,0.013991769547325072,0.01193415637860078,0.0008230452674896971,0.0037037037037036757,-0.0004115226337448763
