,random_seed,accuracy,f1_weighted,balanced_acc,auc,model_weights.random_forest,model_weights.bagging_svc,model_weights.bagging_knn,model_weights.gradient_boosting,model_weights.mlp,feature_importance.backlow_temperature_scaled,feature_importance.backlow_CO2_scaled,feature_importance.backlow_humidity_scaled,feature_importance.backlow_temperature_fd2_scaled,feature_importance.backlow_temperature_fd1_scaled,feature_importance.backlow_temperature_fd3_scaled,feature_importance.backlow_humidity_fd1_scaled,feature_importance.backlow_CO2_fd3_scaled,feature_importance.backlow_humidity_fd3_scaled,feature_importance.backlow_CO2_fd1_scaled,feature_importance.backlow_CO2_fd2_scaled,feature_importance.backlow_humidity_fd2_scaled
0,0,0.9423868312757202,0.942219805146512,0.9335130278526504,0.9902665468703205,2.2012507675703885,1.4712183615294445,1.9992165927967689,1.5417122560797474,0.5128651034676338,0.13909465020576137,0.07037037037037042,0.022222222222222254,0.005761316872428058,0.005349794238683203,0.004526748971193473,0.004526748971193473,0.0024691358024691913,0.001646090534979472,0.0008230452674897637,-0.00041152263374480966,-0.0008230452674896748
1,1,0.9465020576131687,0.9469861661243056,0.9506777108433735,0.9935240963855421,2.384169532704413,1.7013346944949408,1.6007616853399125,1.2319642153411616,0.7626365473161876,0.1304526748971194,0.07366255144032925,0.05267489711934159,0.0049382716049383045,0.0016460905349794275,0.015226337448559701,-0.003703703703703687,0.0016460905349794275,-0.0008230452674897082,0.004115226337448585,-0.0028806584362139785,-0.0032921810699588104
2,2,0.9176954732510288,0.9187441272414238,0.9257887720337727,0.9822989186787143,1.7278245679756525,1.5139843478947155,1.5634341970303958,1.698345603554552,1.1160277025533316,0.15349794238683132,0.08189300411522639,0.03333333333333338,0.0037037037037037646,0.004938271604938338,0.0061728395061729,-0.0032921810699588216,-0.005761316872427957,0.004526748971193461,3.3306690738754695e-17,0.00246913580246918,-0.003703703703703665
3,3,0.9588477366255144,0.9592056497595319,0.9629601226993865,0.9910276073619633,1.4753255174894706,2.0265718431239383,1.9564418151699432,2.04532606318975,0.2647813451557814,0.13127572016460903,0.08600823045267487,0.03662551440329215,0.008230452674897082,0.00905349794238679,0.018930041152263342,0.005349794238683103,-0.006172839506172867,0.009053497942386801,-0.002880658436214001,-0.006172839506172878,0.004938271604938249
4,4,0.9423868312757202,0.9432308617077656,0.9401176260916058,0.9878809481375869,2.339100920316254,1.9613670750763343,0.8762762809514697,1.9910343817589709,0.7659296884532396,0.14938271604938275,0.07818930041152268,0.023045267489711984,0.005349794238683192,0.00246913580246918,0.026337448559670806,-0.003703703703703665,0.0020576131687243147,-0.010288065843621352,0.0037037037037037533,0.004115226337448619,0.0028806584362140453
5,5,0.9218106995884774,0.9224253931194727,0.9238505747126436,0.9779693486590039,1.465828972469839,2.300934800089545,1.6739958572009963,1.761867848277637,0.46337440295070365,0.15226337448559674,0.0740740740740741,0.028806584362139943,0.006172839506172856,0.013580246913580295,0.012757201646090576,-0.0024691358024691136,0.0008230452674897303,0.004115226337448585,-0.0024691358024691245,-0.006995884773662519,-0.005761316872427957
6,6,0.9547325102880658,0.9552290901083172,0.9599045532780472,0.9860741667970583,1.7706523056942136,1.5590189643425214,1.4914962063066042,2.3309871401289732,0.5480380124057634,0.13209876543209878,0.10205761316872426,0.0316872427983539,0.011111111111111082,0.01069958847736624,0.025925925925925918,0.0004115226337448541,0.003292181069958833,0.004526748971193395,0.011111111111111117,0.0016460905349794165,0.003703703703703687
7,7,0.9588477366255144,0.9589996080736821,0.9552214936830321,0.982648328802175,2.0467474196705573,1.4133877632573126,1.4628018823196698,1.5581294298807282,1.179453592194333,0.1633744855967078,0.10370370370370367,0.04650205761316869,0.009876543209876498,0.011522633744855914,0.033333333333333305,0.011934156378600768,0.0020576131687242705,0.018930041152263332,0.006995884773662519,0.0012345679012345622,0.013991769547325051
8,8,0.9588477366255144,0.9591840346918006,0.965161243251131,0.9900043776448271,1.3658184687824815,1.8112045739549278,1.759418499069518,1.6795344688617393,1.0743294730559243,0.17777777777777776,0.11522633744855966,0.04567901234567898,0.008230452674897082,0.003292181069958833,0.021810699588477332,0.0016460905349794165,0.0020576131687242484,0.013580246913580197,0.010699588477366217,0.003703703703703687,0.004938271604938249
9,9,0.9300411522633745,0.9307852681009499,0.9315850815850816,0.9876456876456876,2.2192418095242004,2.123545506769963,1.4689261957074085,1.5712031067750138,0.2510061849019443,0.1374485596707819,0.07860082304526748,0.0279835390946502,0.00781893004115225,0.003292181069958833,0.007407407407407418,-0.005349794238683103,0.007818930041152227,-0.0037037037037036978,-0.004115226337448552,0.004115226337448541,-0.006995884773662553
10,10,0.9629629629629629,0.9631017880535565,0.9634498592801066,0.9828914234928159,1.4984563797610029,2.0968748195335194,1.6367157907884358,1.4900474680760556,1.2580185174408667,0.13744855967078184,0.08436213991769542,0.029629629629629572,0.0028806584362139785,0.003703703703703687,0.009465020576131643,0.0004115226337448319,0.0004115226337448319,0.017283950617283883,-3.3306690738754695e-17,0.004115226337448541,0.006584362139917666
11,11,0.9588477366255144,0.9590613146058861,0.9625160645437669,0.9881479365986007,1.321670165085989,2.189393134393121,1.374764358896299,1.832662809800599,1.187690574568597,0.16337448559670778,0.09506172839506169,0.04032921810699584,0.009053497942386801,-0.003292181069958866,0.0024691358024691136,-0.003703703703703709,0.00411522633744853,0.008641975308641936,0.008641975308641936,-0.0024691358024691466,0.0004115226337448541
12,12,0.9506172839506173,0.9506172839506173,0.9462864721485411,0.9919687592101385,2.458367606030391,1.4402754515708958,1.9399737100362324,1.2119162857227148,0.8639285114939422,0.1502057613168724,0.07242798353909466,0.024691358024691346,-0.004115226337448541,0.0024691358024691245,0.009053497942386812,-0.0004115226337448541,0.0012345679012345622,0.0028806584362139785,-0.0028806584362139785,0.0,0.009465020576131699
13,13,0.9135802469135802,0.9142165860753607,0.910122699386503,0.9805214723926381,1.946843339344771,1.762769495410566,1.8175595272054974,1.7575821436329995,0.6868295510681905,0.12016460905349788,0.07695473251028802,0.028395061728395,0.0008230452674896748,0.0028806584362139676,0.004115226337448508,-0.010288065843621463,-0.007407407407407462,-0.01193415637860088,-0.002057613168724326,-0.007407407407407474,-0.009053497942386902
14,14,0.9423868312757202,0.9427648120831887,0.9404240337975278,0.9863871068690345,1.0941174509240579,2.4129972061104152,1.9361456749818717,1.5823009344420087,1.129214681875717,0.1452674897119342,0.04691358024691361,0.015226337448559713,-0.0020576131687242705,-0.003292181069958833,2.2204460492503132e-17,-0.013580246913580184,-0.006584362139917666,-0.0061728395061728,-0.013168724279835332,-0.008230452674897082,4.4408920985006264e-17
15,15,0.9711934156378601,0.9712977014459838,0.9724801061007957,0.9926318891836133,2.0607540469109873,1.6791150948527171,1.5081261722463828,1.6656792316429085,0.5696583014370333,0.16131687242798357,0.11646090534979425,0.040329218106995926,0.004526748971193428,0.0024691358024691358,0.019341563786008254,0.0,0.0020576131687242926,0.00452674897119344,0.0057613168724280125,-0.000411522633744843,0.0012345679012345733
16,16,0.9547325102880658,0.9548685240643184,0.9550820616181975,0.9916498704290239,1.157658461084965,2.111064873997763,1.7377907780992552,1.185650197584614,1.196194762733508,0.14362139917695474,0.09218106995884771,0.024279835390946504,0.005761316872427957,-0.004115226337448552,0.008641975308641947,0.0016460905349794275,0.005349794238683103,0.006172839506172811,0.0004115226337448541,0.0004115226337448541,0.0024691358024691245
17,17,0.9547325102880658,0.9549961100316252,0.9571175950486295,0.9882847038019452,1.078771145460914,1.8799926239494593,1.7209569773642917,2.1399880579174666,1.013019232093148,0.16378600823045267,0.09382716049382715,0.04197530864197528,0.009053497942386801,0.0008230452674897082,0.014814814814814814,0.0016460905349794165,0.00493827160493826,0.013168724279835387,0.00781893004115224,0.0024691358024691245,0.004115226337448541
18,18,0.9629629629629629,0.963087750371511,0.9636655479352109,0.9906610243688896,2.6319733831056027,1.679034846107533,1.1524453480612842,1.6587209205629636,1.1738112795873337,0.12592592592592589,0.1098765432098765,0.044444444444444384,0.003292181069958833,0.006172839506172811,0.009876543209876498,0.006172839506172811,0.001646090534979383,0.0037037037037036757,0.005761316872427957,-4.4408920985006264e-17,0.004526748971193395
19,19,0.9465020576131687,0.9470710873713146,0.9504662004662006,0.9833721833721834,1.4761148965917408,1.2351732710505452,1.6109305185736664,2.3436295926689064,1.09425962233842,0.1259259259259259,0.06337448559670784,0.017283950617283973,0.004526748971193428,0.002880658436214001,0.01399176954732515,-0.004526748971193395,-0.0020576131687242705,0.0004115226337448763,0.0008230452674897193,-0.0012345679012345622,-0.004115226337448541
20,20,0.9588477366255144,0.9591259220888851,0.9593050740624015,0.9925937598487236,1.9748683045035846,2.2428585087698356,1.3910536233498878,1.8962217479951136,0.033031857395228945,0.17489711934156374,0.09094650205761313,0.038271604938271565,0.006584362139917666,0.010699588477366207,0.01769547325102878,0.0020576131687242705,-0.00905349794238689,0.010288065843621375,-0.004526748971193417,-1.1102230246251566e-17,0.008230452674897082
21,21,0.9506172839506173,0.9509713516436913,0.9493043339197185,0.9885654885654885,1.6862067363700777,1.9900246370325896,2.0247342808168303,1.825285609306393,0.18086453612275177,0.1288065843621399,0.08024691358024691,0.018930041152263398,0.012345679012345701,0.012757201646090555,0.01316872427983542,0.0008230452674897082,-0.0012345679012345622,0.008230452674897115,0.006995884773662542,0.0020576131687242705,0.006172839506172823
22,22,0.9259259259259259,0.9261142220912335,0.9216412383350614,0.9832617390016294,1.3083503496168496,1.8992197805401476,2.2487175906240595,1.3728729811430735,0.8267559028599983,0.12263374485596708,0.06954732510288067,0.0337448559670782,0.00781893004115226,0.0024691358024691245,0.013168724279835408,0.0012345679012345733,0.0004115226337448541,0.0008230452674897303,0.0016460905349794165,-0.004938271604938249,0.0012345679012345733
23,23,0.9588477366255144,0.959252716062088,0.9628900094547747,0.9933028679483139,1.4297614789496913,1.4350428756779705,1.7888627205485215,2.1719007925715657,0.8170696747286977,0.11646090534979421,0.08806584362139916,0.020987654320987627,0.006584362139917666,0.006172839506172811,0.009465020576131643,0.0012345679012345622,0.005761316872427957,0.005349794238683103,0.011934156378600768,0.004115226337448541,0.003292181069958833
24,24,0.9300411522633745,0.930463261486732,0.9300844319360095,0.9797067101170197,1.5880565928309311,2.1377708824923762,0.9560318765573949,1.802968457936698,0.9794466893715469,0.14238683127572016,0.10658436213991769,0.02880658436213992,0.0020576131687242705,0.0012345679012345622,0.0065843621399176875,0.0,0.003292181069958833,0.003703703703703687,0.0024691358024691245,-0.0008230452674897082,0.0008230452674897082
25,25,0.9753086419753086,0.975375748048868,0.9755166217430369,0.9975292003593891,1.769331428259999,1.6189680381426463,1.7326988356332569,1.8439996589505827,0.45259528808549915,0.148559670781893,0.09423868312757203,0.04115226337448561,0.009876543209876543,0.004115226337448552,0.012345679012345689,-0.004938271604938249,0.006995884773662553,0.0028806584362139785,0.012345679012345701,0.0,0.0
26,26,0.9423868312757202,0.9432621312963193,0.9467795210569777,0.984971098265896,1.7490509755404333,1.4673686339774092,2.3501162168435483,1.9426687767894253,0.5625851309959515,0.10000000000000005,0.07530864197530869,0.014403292181069994,0.0016460905349794607,0.002057613168724326,0.0037037037037037533,0.0012345679012346067,-0.0024691358024691245,0.001646090534979472,0.0012345679012345956,-0.0004115226337448319,-0.004938271604938249
27,27,0.9218106995884774,0.9230177150046343,0.924576954069299,0.9819500402900887,1.268313606038974,1.8788066355648714,1.2801168033130201,1.674182543826376,1.3585552384929462,0.10823045267489714,0.07572016460905351,0.021399176954732535,-0.003292181069958833,-0.007407407407407385,0.00823045267489717,-0.012757201646090488,-0.015226337448559635,-0.01069958847736623,-0.007818930041152227,-0.013168724279835332,-0.016049382716049353
28,28,0.9711934156378601,0.9713127866219079,0.9723268072289157,0.9946536144578313,1.4065264673605862,2.317209571552672,0.7046695467571524,2.5269661493693008,0.502939346695767,0.17160493827160495,0.09218106995884776,0.018106995884773693,0.005349794238683159,0.002880658436214012,0.010699588477366295,0.003292181069958855,0.0024691358024691358,0.002880658436214023,0.018106995884773703,0.0008230452674897082,0.004526748971193428
29,29,0.934156378600823,0.934156378600823,0.9308677098150782,0.9830014224751066,1.8005086675568518,1.6922394585879597,1.3861200599475012,1.8961516274264456,0.8737616899842477,0.12633744855967075,0.09341563786008228,0.02427983539094647,-0.0020576131687242817,-0.0004115226337448763,0.010699588477366217,-0.0037037037037037203,-0.007407407407407429,0.0024691358024691136,-0.0020576131687242926,-0.0041152263374485635,0.0004115226337448541
30,30,0.9423868312757202,0.9425758216794544,0.9372960372960373,0.9905982905982905,1.727162324734069,1.5022785654413582,1.4263014811904697,1.7483403975164826,1.093220817071787,0.13991769547325106,0.10288065843621404,0.03168724279835396,0.0032921810699588884,0.0012345679012346177,0.007818930041152328,0.0012345679012346067,-0.00411522633744853,0.0061728395061728895,-0.005761316872427957,-0.0016460905349793941,-0.0012345679012345401
31,31,0.9547325102880658,0.9553088128159789,0.9597953216374269,0.9766081871345029,2.2271886100642533,1.310471851037382,1.817419130962303,1.810127633520809,0.7254162712745702,0.14526748971193415,0.10411522633744856,0.03127572016460904,0.003292181069958833,0.004526748971193395,0.018106995884773658,-0.0008230452674897082,0.006172839506172811,0.004526748971193395,0.012345679012345668,0.0012345679012345622,0.005349794238683103
32,32,0.9465020576131687,0.9468836621427991,0.9475308641975309,0.9913122999542752,1.1986768790308757,2.17666113936921,1.6726679075591644,1.7112151118321082,1.3771174339519192,0.15226337448559674,0.06625514403292185,0.024279835390946504,0.0037037037037037203,0.011934156378600869,0.013580246913580275,-0.0032921810699588216,0.006995884773662586,0.008230452674897148,0.009053497942386857,-0.0024691358024691245,0.008230452674897148
33,33,0.9465020576131687,0.9469699495851693,0.9506963162623541,0.9894429469901168,1.5170069609379118,2.0354825874783633,1.604900811364447,1.9072335842385486,0.7312962522503436,0.1374485596707819,0.06995884773662553,0.019341563786008244,0.0069958847736625975,0.007818930041152305,0.0016460905349794386,-0.0028806584362139676,-0.005349794238683103,0.0016460905349794275,0.005761316872428002,-0.0008230452674897082,-0.0012345679012345512
34,34,0.9300411522633745,0.929573591042077,0.9181451612903226,0.9835043988269794,1.224137903591296,2.458962069679948,1.6960860261122392,2.104560820456881,0.4546634434307295,0.13497942386831271,0.08847736625514402,0.04032921810699589,-0.003292181069958833,-1.1102230246251566e-17,0.01275720164609052,0.0,-0.009053497942386834,0.0008230452674897082,0.000411522633744843,-0.006172839506172844,-0.0012345679012345622
35,35,0.9423868312757202,0.9427966725095315,0.9448970522885498,0.9825951710857651,1.4170159390870816,2.220265356190219,1.4997172107274626,1.4791544463875517,1.261384256098275,0.1637860082304527,0.07078189300411528,0.039506172839506214,0.007407407407407451,0.006172839506172922,0.0218106995884774,0.004938271604938327,0.011522633744856025,0.012345679012345734,0.004938271604938327,0.008641975308642047,0.0037037037037037646
36,36,0.9423868312757202,0.9426504209365503,0.942558651026393,0.9875366568914956,1.7561323912873386,1.0324496328291564,1.6652034381543732,2.4594425604122288,0.5159776562623059,0.16666666666666674,0.08559670781893008,0.020987654320987682,-0.0032921810699588216,0.0012345679012346067,0.007407407407407462,-0.003703703703703687,-0.0028806584362139785,0.002880658436214023,0.0037037037037037646,-0.004526748971193395,-0.003703703703703687
37,37,0.9506172839506173,0.950956184943113,0.9539124668435013,0.9848953728264073,1.9923730491580627,1.6457072675108293,1.9055744294344155,1.457347772127057,0.6768635008498839,0.1534979423868313,0.08683127572016461,0.02510288065843621,0.00864197530864197,0.00864197530864197,0.017695473251028836,0.011522633744855982,0.008230452674897115,0.016049382716049422,0.0037037037037036978,0.0024691358024691245,0.016049382716049408
38,38,0.9753086419753086,0.9754842882183707,0.9808917197452229,0.9958524663012887,0.8158908375992386,2.231819184044402,1.2216359349184287,2.4175778367560703,0.9792131172284656,0.16460905349794241,0.10041152263374487,0.036213991769547337,0.01152263374485597,0.01399176954732514,0.021399176954732514,0.004526748971193395,0.013168724279835408,0.0065843621399176875,0.008230452674897127,0.010288065843621397,0.012757201646090555
39,39,0.9670781893004116,0.9673207583601849,0.9719657483246463,0.9805658972449739,1.9070468265912761,1.326063218421018,1.6158001768760029,1.9683184441659003,0.8859431156172854,0.1732510288065844,0.09670781893004121,0.037448559670781936,0.009053497942386902,0.009876543209876609,0.020987654320987693,0.010288065843621463,0.003703703703703776,0.013580246913580295,0.004938271604938327,0.0012345679012345956,0.009465020576131734
40,40,0.9382716049382716,0.9387854804126204,0.9371651433974157,0.9910967538606996,2.188562209545592,1.4228529385520556,2.0702749452381135,1.01288964392632,0.6039785443122201,0.12633744855967072,0.06748971193415633,0.02345679012345674,-0.0004115226337448985,-0.010288065843621453,0.002469135802469091,-0.016049382716049422,-0.005761316872428035,0.004938271604938238,-0.006995884773662619,-0.0012345679012346177,-0.00246913580246918
41,41,0.9588477366255144,0.9590225122905802,0.9604575163398693,0.990559186637618,1.321375289325763,1.2707100321528773,1.5454647930023357,2.367652847239878,0.8759938823318166,0.14855967078189297,0.09259259259259257,0.04197530864197528,0.009876543209876498,0.010699588477366207,0.02222222222222221,0.006584362139917666,0.009876543209876498,0.006584362139917666,0.0,0.003292181069958833,0.004526748971193395
42,42,0.9670781893004116,0.9670781893004116,0.9622377622377623,0.9933177933177934,2.055618014023215,1.6088884953649245,1.6575360188617259,1.7161928661579064,0.8897006238914523,0.1563786008230453,0.09382716049382721,0.02921810699588483,0.0008230452674897415,0.0012345679012345956,0.009876543209876599,0.00905349794238689,-0.0012345679012345401,0.002880658436214034,0.0020576131687243373,0.007407407407407474,0.0037037037037037533
43,43,0.9094650205761317,0.9110409893542423,0.9115497076023391,0.9685672514619883,1.0441279276069997,2.3126454480500773,1.686357941177396,1.2296399406592606,1.4086831421800772,0.13456790123456788,0.06337448559670777,0.017283950617283904,-0.002880658436214001,-0.0008230452674897303,0.004526748971193384,-0.0020576131687242705,-0.0008230452674897193,0.0024691358024691136,-0.009465020576131711,-0.003292181069958877,-0.0037037037037036978
44,44,0.9670781893004116,0.9672690763052207,0.9691358024691358,0.9965706447187929,1.223148146681751,1.8737945056973195,1.3818876682823307,2.103904474849917,1.0788551067349712,0.1481481481481482,0.07448559670781899,0.026337448559670816,0.004115226337448608,0.006584362139917766,0.009876543209876599,0.0032921810699589106,0.006584362139917777,0.010699588477366318,0.0024691358024691913,-0.0012345679012345512,0.004115226337448619
45,45,0.9382716049382716,0.938726132910972,0.9380751533742331,0.9875,2.151483710032386,2.3998016284017116,1.1616585044640173,1.2196796502426117,0.69223418523368,0.15925925925925918,0.06995884773662546,0.027983539094650157,-0.0004115226337448874,-0.004526748971193473,0.010699588477366207,-0.004526748971193495,0.0037037037037036757,-0.003703703703703776,-0.004526748971193473,0.003292181069958833,0.002057613168724259
46,46,0.934156378600823,0.9350511262482802,0.941372699386503,0.9821319018404908,1.9636341799277413,1.3400235514786665,2.3106065366487365,1.7011899156858536,0.5068871525510024,0.13004115226337445,0.091358024691358,0.04567901234567898,0.003703703703703687,-0.0012345679012345733,0.01975308641975305,0.0016460905349794165,0.007407407407407374,0.016049382716049353,0.014403292181069938,0.007818930041152227,0.0028806584362139785
47,47,0.9423868312757202,0.9426797364217543,0.9421072226358898,0.9847356664184661,1.5338395404096907,2.151958862113627,1.1931838199179683,1.4780338056916769,1.191853099850661,0.16213991769547326,0.07572016460905354,0.0415637860082305,-0.000823045267489686,0.0004115226337448985,0.001646090534979472,-0.0028806584362139676,-0.0032921810699588216,-0.0061728395061728,-0.0032921810699588104,-0.004938271604938249,-0.007818930041152227
48,48,0.9588477366255144,0.9593402421256786,0.9663170163170163,0.9881895881895881,1.4983732041182274,1.5682103651981525,1.8342679526252228,1.9428940396813519,0.45746084013386745,0.1641975308641975,0.10617283950617282,0.02716049382716047,0.011111111111111061,-0.0004115226337448541,0.00905349794238679,0.007407407407407374,0.005349794238683103,0.014403292181069926,0.009053497942386801,0.008641975308641936,0.004115226337448541
49,49,0.9423868312757202,0.9425646496977086,0.9379601226993866,0.9884969325153374,1.8220362921275104,2.38553098055979,2.109081841753258,0.8871848651416464,0.3733440995795425,0.1469135802469136,0.06419753086419758,0.03292181069958853,0.001646090534979472,0.0037037037037037646,0.004938271604938327,0.00534979423868317,0.0016460905349794607,0.011934156378600869,-0.0008230452674896748,-0.002057613168724237,0.001646090534979494
50,50,0.9423868312757202,0.9429332862541351,0.9475428145941921,0.9787788533134772,1.9853224831937315,1.9496988905655828,1.8373104911862401,1.315631589320022,0.8124657219283515,0.1403292181069959,0.071604938271605,0.03168724279835396,0.0037037037037037646,0.00246913580246918,0.013991769547325162,-0.0016460905349793941,-0.0016460905349794052,0.002057613168724326,0.0008230452674897526,-0.0012345679012345512,-0.0037037037037036757
51,51,0.9629629629629629,0.9632443513049033,0.9660003087372646,0.990737882062365,1.2051970116295274,2.0004295795200617,0.40567340090620524,2.512025443213703,0.8270240339747094,0.16707818930041146,0.09917695473251024,0.044032921810699524,0.011522633744855914,0.010288065843621352,0.030864197530864158,0.004938271604938238,0.010288065843621352,0.017695473251028736,0.001646090534979372,0.007407407407407374,0.007818930041152227
52,52,0.934156378600823,0.9345142776598059,0.932605421686747,0.9771837349397591,2.2091720627439715,1.3985560692580685,1.8442221593429187,1.8432616196295766,0.47432069491047235,0.11851851851851847,0.10370370370370367,0.04567901234567898,0.011111111111111061,0.018930041152263342,0.030452674897119315,0.005761316872427957,0.006172839506172811,0.003292181069958833,0.009053497942386801,0.004938271604938249,0.0008230452674897082
53,53,0.9506172839506173,0.9511020849970824,0.9586677367576244,0.9809572450021888,2.057423522136044,1.9535571033133203,2.0849197950668046,1.147432236351768,0.558366222800356,0.14567901234567898,0.05473251028806584,0.036213991769547337,0.004526748971193395,0.0037037037037036978,0.013168724279835408,0.006172839506172811,0.008230452674897115,0.005349794238683125,0.011522633744855982,0.0016460905349794165,0.0057613168724279795
54,54,0.9506172839506173,0.950922115531169,0.9502933004013584,0.9911238036430998,1.3758162576128417,1.681484955533756,1.4011313707366355,2.1144568021933057,0.9301102721460202,0.1065843621399177,0.09135802469135802,0.029629629629629627,0.0008230452674897082,0.0,0.013168724279835398,-0.0020576131687242705,-0.0004115226337448541,-0.0074074074074073955,0.0028806584362139785,0.0016460905349794165,-0.0024691358024691245
55,55,0.9382716049382716,0.9388880430245975,0.9412576687116564,0.9791411042944785,1.0651754442908314,1.9786149845439056,1.5319770182443369,1.6019426777899384,1.8421730274720935,0.16748971193415635,0.0781893004115226,0.04526748971193412,0.013168724279835342,0.01604938271604932,0.00823045267489706,0.0004115226337448208,0.00905349794238679,0.004938271604938227,0.012757201646090477,0.002469135802469091,0.0032921810699588104
56,56,0.9423868312757202,0.9429039620508927,0.9441957394257486,0.9749922815683854,1.7612323197729067,1.8964652779826752,1.775666660225715,1.0639455444672632,1.1775190249508594,0.14156378600823052,0.06419753086419758,0.04115226337448565,0.007818930041152316,0.002880658436214034,0.015637860082304576,0.002057613168724326,-0.0008230452674896971,0.0032921810699588993,0.0024691358024691913,0.0037037037037037533,0.0012345679012346177
57,57,0.9670781893004116,0.9672630602050587,0.9691713376761097,0.9939403120739282,1.3969907764272689,2.0681553012422844,1.158713133445249,1.9594625795193148,0.7548079787615315,0.14115226337448564,0.09176954732510292,0.038683127572016494,0.012757201646090576,0.010288065843621453,0.023045267489711974,0.004115226337448608,0.005761316872428046,0.01193415637860088,0.00246913580246918,0.0012345679012346177,0.00905349794238688
58,58,0.9588477366255144,0.959194369571728,0.962962962962963,0.9861301630848957,2.097261267545051,1.8074731219931095,1.5827090287936116,1.158358298925554,0.93397906940572,0.1510288065843621,0.11111111111111108,0.04897119341563785,0.013991769547325072,0.01193415637860078,0.028806584362139887,0.004526748971193395,0.007407407407407374,0.013991769547325061,0.004938271604938249,-0.0028806584362139898,0.004938271604938249
59,59,0.9506172839506173,0.9507650356006666,0.9475308641975309,0.9833866788599299,1.940428134759638,1.7268314061412828,1.428927181102481,1.6618422485064221,0.8859479498275312,0.1786008230452675,0.07695473251028807,0.03868312757201646,0.006995884773662542,0.005349794238683115,0.018518518518518535,0.0016460905349794275,0.0020576131687242705,0.013991769547325106,0.0012345679012345622,-0.0008230452674897082,0.009876543209876543
60,60,0.9629629629629629,0.963210495374238,0.9660768072289156,0.989683734939759,2.1032608520213323,1.8717882631195304,2.1939515676609473,1.2309630786479056,0.20513428977558454,0.16172839506172831,0.07613168724279828,0.03292181069958845,0.00905349794238679,0.002469135802469091,0.003703703703703687,0.004526748971193384,-0.004526748971193495,0.0004115226337447986,-2.2204460492503132e-17,-0.0016460905349794496,-0.0024691358024691913
61,61,0.9465020576131687,0.9470363039546512,0.9505751533742332,0.9868098159509202,1.3394832205517069,2.2124326375914034,1.9028743790830172,0.8771853071098455,1.189313153191163,0.15967078189300415,0.0666666666666667,0.04156378600823048,0.007407407407407441,0.004115226337448574,0.013580246913580275,-0.0008230452674896971,1.1102230246251566e-17,0.009053497942386867,0.0016460905349794386,0.0008230452674897082,0.004526748971193428
62,62,0.9382716049382716,0.9390897552891322,0.9444055944055945,0.9876456876456876,1.5182107846976505,2.2515074309405003,1.8405734623327712,0.9982635080174935,1.08082247153642,0.14650205761316867,0.09423868312757197,0.03209876543209873,0.002057613168724237,-3.3306690738754695e-17,0.010288065843621352,0.0024691358024690802,0.01893004115226331,0.004938271604938238,0.01769547325102875,0.004938271604938238,0.011522633744855926
63,63,0.9423868312757202,0.9427879869646939,0.9398809523809524,0.9873015873015872,1.2688151460496613,1.9663036432557077,1.4744676021594632,1.9118153435352334,0.9207661136930084,0.11440329218107,0.07860082304526753,0.03209876543209881,-0.003292181069958833,-0.004115226337448541,0.016049382716049432,0.0008230452674897303,2.2204460492503132e-17,-0.0016460905349794052,0.010288065843621463,-0.003703703703703687,3.3306690738754695e-17
64,64,0.9382716049382716,0.9388009976646563,0.9369047619047619,0.9840476190476191,1.1548090536119717,2.351858903050118,0.8348477420042565,1.805234975449021,1.736243707016862,0.17448559670781888,0.08847736625514396,0.04197530864197526,0.013168724279835332,0.009876543209876498,0.013168724279835332,-0.008641975308642047,0.006995884773662519,-0.0008230452674897748,0.004938271604938249,0.0004115226337448208,-0.0008230452674897526
65,65,0.9423868312757202,0.9426999929523301,0.9417545180722892,0.9859939759036145,0.6998216612084855,2.4579857017350917,1.5127249985561217,1.8815994776819698,0.8041453894761111,0.16460905349794244,0.0872427983539095,0.024691358024691412,-0.0004115226337448319,-0.0016460905349794052,0.013168724279835443,-0.004115226337448541,0.003703703703703776,0.0028806584362140453,0.0061728395061728895,0.0004115226337448874,-0.0032921810699588104
66,66,0.9670781893004116,0.9672127085269261,0.9692741469057258,0.9939271255060729,1.7158144118598273,1.8680360778782144,1.5094437161372627,2.8282640141710065,-0.25128751796196036,0.15185185185185188,0.09176954732510292,0.02798353909465027,0.004526748971193495,0.0032921810699589214,0.0037037037037037533,0.0008230452674897303,0.0037037037037037533,0.001646090534979483,0.002880658436214034,0.0032921810699589214,-0.0012345679012345512
67,67,0.9670781893004116,0.9671647486456815,0.966530156366344,0.9912137006701416,1.8756622914693133,1.6942477165299819,1.9787721261564328,1.4937051604089642,0.5753285668796538,0.1320987654320988,0.06954732510288068,0.01687242798353914,0.012757201646090588,0.010699588477366318,0.013168724279835443,0.002469135802469169,0.0020576131687243147,0.010699588477366306,0.0037037037037037646,0.0008230452674897637,0.009465020576131754
68,68,0.9423868312757202,0.9431697354672451,0.9506901840490798,0.977760736196319,1.558402125542707,1.8079424005126894,1.6207330238927193,2.0752707523686214,0.7358512847320272,0.13621399176954735,0.08683127572016466,0.046913580246913625,0.013580246913580295,0.013168724279835443,0.017695473251028836,-0.006172839506172811,0.006584362139917766,0.013580246913580295,0.010699588477366306,0.0004115226337449096,0.0020576131687243373
69,69,0.9382716049382716,0.9389657303912397,0.9444277108433735,0.982078313253012,1.8326901935600217,1.906393494570202,1.4642369107332858,0.9780283358668909,1.6956180519778064,0.14197530864197527,0.08559670781892999,0.05390946502057607,0.009876543209876498,0.009465020576131643,0.025102880658436178,0.0004115226337448208,0.014403292181069916,0.009465020576131643,0.007407407407407363,0.012757201646090488,0.0028806584362139564
70,70,0.9300411522633745,0.9305562839657682,0.9287576687116564,0.9819018404907975,1.518029601305752,2.030670333643425,1.7150943407463002,1.4167086363352106,1.0568277601067912,0.11646090534979421,0.06748971193415637,0.02839506172839503,-0.006995884773662542,-0.010288065843621408,-0.0004115226337448541,-0.00781893004115225,-0.005761316872427991,-0.0008230452674897193,-0.0012345679012345846,-0.006584362139917699,-0.006584362139917676
71,71,0.9423868312757202,0.943195641483552,0.9507564062982402,0.9857209015128126,1.5120934891080386,1.5308120767958233,0.9775037217127633,2.2739605955483326,1.3605227715480082,0.1300411522633745,0.08600823045267494,0.032921810699588515,0.004938271604938349,0.006584362139917766,0.011934156378600857,-0.0004115226337448208,0.004526748971193484,-0.00041152263374480966,0.009053497942386902,-0.0028806584362139676,0.0016460905349794607
72,72,0.9135802469135802,0.9141388336571997,0.9115004492362984,0.9525306978137167,1.2781951701156424,1.9312721828671853,2.0784114241940905,1.2753378047626163,1.430091380797707,0.1432098765432098,0.06049382716049377,0.03251028806584357,0.004526748971193373,0.005349794238683092,0.013580246913580184,0.009876543209876498,0.006584362139917655,0.015226337448559646,0.0032921810699587995,0.006995884773662519,0.017283950617283904
73,73,0.9423868312757202,0.9425592082007777,0.9382716049382716,0.9774424630391708,1.6999732992012726,1.5122441224133043,1.767518482765521,1.4000070173426846,1.1109632796869,0.15061728395061733,0.08971193415637863,0.039506172839506214,2.2204460492503132e-17,0.0032921810699589106,0.008641975308642025,0.00246913580246918,0.0016460905349794607,0.0004115226337449096,0.0020576131687243147,-0.000411522633744843,0.0032921810699588993
74,74,0.9506172839506173,0.9507514960977359,0.948225516621743,0.9893680742737347,1.5404902526335915,2.0333570584464087,1.7311896199949608,2.158741444519431,0.5778641172239465,0.13580246913580246,0.10041152263374489,0.03662551440329219,-0.0028806584362139785,0.005349794238683136,0.011934156378600836,-0.005761316872427957,0.0065843621399176875,0.004115226337448552,-0.0016460905349794165,0.0004115226337448541,0.0016460905349794275
75,75,0.9588477366255144,0.9591832669933109,0.962960157551886,0.9875776397515528,1.8030256816528465,1.8112838822505986,1.9440530050976965,0.8251172882977911,1.3193765683590448,0.15349794238683123,0.0781893004115226,0.036625514403292134,0.01687242798353906,0.013168724279835342,0.030864197530864168,0.010288065843621363,0.005761316872427957,0.016049382716049342,0.012757201646090477,-0.0020576131687242926,0.004938271604938249
76,76,0.9300411522633745,0.9307397820945439,0.9319401840490797,0.9845858895705522,1.7398082361767913,1.945545114175523,0.7592919368830261,1.598024473852556,1.6067873478897527,0.11769547325102878,0.08806584362139917,0.020987654320987648,-0.007407407407407374,-0.00781893004115225,0.0020576131687242705,-0.0028806584362139785,-0.0008230452674897082,-0.0004115226337448652,-0.0024691358024691245,-0.003703703703703687,-0.0012345679012345622
77,77,0.934156378600823,0.9348032294268852,0.9384546271338724,0.9755166217430369,1.5704084421714433,2.286934214348102,1.1886283440252956,1.591269193404275,1.1478964820224928,0.16049382716049382,0.08024691358024688,0.050617283950617264,0.006172839506172811,0.006584362139917666,0.013580246913580207,0.0020576131687242705,0.004938271604938249,0.006995884773662519,0.003703703703703687,-1.1102230246251566e-17,0.004115226337448552
78,78,0.9670781893004116,0.9670781893004116,0.9631873958491137,0.9937130737767005,1.954908010155679,1.3856157799259388,1.2241829850995274,1.8205088271390588,1.0324668552442677,0.1691358024691358,0.09135802469135808,0.032510288065843676,0.012757201646090588,0.014814814814814859,0.025925925925925974,0.004526748971193461,0.001646090534979472,0.014403292181070015,0.008641975308642035,-0.0032921810699588216,0.009053497942386902
79,79,0.9465020576131687,0.9471889457665034,0.9538051867860451,0.9865699289904292,1.3663331003636476,2.010687296154708,1.8781677512481023,2.128587339376821,0.40273658174445326,0.1320987654320988,0.08024691358024694,0.021399176954732535,0.0057613168724280125,0.00905349794238688,0.013580246913580295,0.0020576131687242817,0.0008230452674897303,2.2204460492503132e-17,0.006584362139917721,0.0016460905349794165,0.008641975308642014
80,80,0.9588477366255144,0.959070819685899,0.9625806451612904,0.990179211469534,1.184338486922541,1.7477188912832191,2.4823717906174294,1.6637290379517249,0.8350932055498252,0.16172839506172837,0.08888888888888885,0.05267489711934155,0.010288065843621375,0.008641975308641936,0.023045267489711918,0.008230452674897082,-0.0004115226337448652,0.011522633744855926,0.013580246913580197,0.0028806584362139785,0.008230452674897082
81,81,0.9300411522633745,0.9309579053315182,0.9299050114641336,0.9818211595152309,0.9126329594105881,2.0755502765375953,1.7155072234489082,2.3320666061890485,0.6732644616182196,0.1522633744855967,0.06625514403292179,0.03374485596707817,0.0020576131687242705,0.006172839506172811,0.01646090534979423,0.004938271604938249,0.0024691358024691245,0.0012345679012345622,0.007407407407407385,0.0016460905349794165,0.004115226337448541
82,82,0.9382716049382716,0.938055932420814,0.9308126084441875,0.9896616541353384,1.6365495792981448,1.768698856149746,1.3835905286105283,2.208289893866591,0.3836744138674882,0.1506172839506172,0.10493827160493822,0.023868312757201592,0.0028806584362139785,0.010699588477366207,0.011522633744855936,-0.00534979423868317,-0.018106995884773693,0.009465020576131643,-0.0004115226337448985,-0.01193415637860088,-0.014403292181070004
83,83,0.9506172839506173,0.9510528457896879,0.9564544650751547,0.9850427350427351,1.6084403454766671,1.9639823722123697,1.2078068848435488,2.1286882394696653,0.5419539695651507,0.14444444444444443,0.10205761316872428,0.03744855967078189,0.012345679012345701,0.007818930041152273,0.02098765432098767,0.004526748971193406,0.004938271604938249,0.011111111111111127,0.004115226337448552,0.009053497942386824,-0.003703703703703687
84,84,0.9506172839506173,0.9507103594822893,0.9499143224332429,0.9867913751249464,1.2540878274895657,1.9820860328214138,1.4025148877002613,1.9008338693999192,1.3086144255939691,0.12345679012345681,0.08683127572016461,0.025514403292181066,-0.004526748971193395,-0.008641975308641936,0.0,0.00493827160493826,0.0004115226337448541,0.007818930041152273,-0.0028806584362139785,-0.0028806584362139785,-0.0008230452674897082
85,85,0.9382716049382716,0.9387854804126204,0.9371651433974157,0.9850299401197605,1.8412691687311997,1.8834256925409179,2.38202704261252,1.2294393604276557,0.3966217620352197,0.12427983539094645,0.08148148148148142,0.03497942386831271,-0.0012345679012345956,-0.0008230452674897526,0.01851851851851848,0.004938271604938227,0.002469135802469091,-0.0008230452674897637,0.004115226337448518,-0.0020576131687243373,0.0008230452674896748
86,86,0.9588477366255144,0.959522702353137,0.970414201183432,0.9843275227890612,2.2739933064646274,1.2085087563628185,1.3837412253527548,1.7451019059043056,0.9984061180671765,0.12263374485596704,0.11152263374485596,0.022633744855967076,0.0,-0.0020576131687242705,0.008230452674897104,-0.0012345679012345733,0.0008230452674897082,0.003703703703703687,0.008230452674897082,-0.004115226337448541,-0.0012345679012345622
87,87,0.9506172839506173,0.9509412674998761,0.9499295884838053,0.982553590987326,1.7198807815144872,1.685256862773992,1.9032611908152042,1.6650379758638734,0.7450416918923958,0.14485596707818932,0.08106995884773663,0.023045267489711953,0.004115226337448552,0.0028806584362139785,0.013580246913580275,-0.003292181069958833,-0.0016460905349794165,0.009053497942386846,0.00493827160493826,-0.0008230452674897082,0.0008230452674897082
88,88,0.9711934156378601,0.9712358382486453,0.9692849568247235,0.9950007574609908,1.2565976103498486,2.489308910761173,1.0002505605094298,2.086876012415133,0.4340905560937576,0.16666666666666669,0.11234567901234571,0.03209876543209879,0.006172839506172844,0.0020576131687242817,0.023456790123456816,-0.0028806584362139785,0.0024691358024691358,0.010699588477366285,0.009053497942386867,0.0032921810699588438,0.009465020576131734
89,89,0.9547325102880658,0.9549586154967794,0.9529416366765764,0.9924112032545768,1.516772093575925,1.8542704151590648,2.0456661345201743,1.4815838542076527,0.8098388390013377,0.12304526748971192,0.06954732510288064,0.03374485596707818,0.009053497942386824,0.007407407407407374,0.006172839506172823,-0.004526748971193428,-0.004526748971193395,0.0032921810699588438,-0.006584362139917699,-0.004938271604938249,-0.004115226337448541
90,90,0.9465020576131687,0.9470629364417695,0.944873949579832,0.9880672268907562,2.047369719349109,1.3768018456952966,1.4124215266198867,1.615544211718473,1.4321378907225708,0.15925925925925927,0.08106995884773664,0.035390946502057666,0.015637860082304566,0.010699588477366295,0.020576131687242805,0.002057613168724304,-0.0028806584362139785,0.009876543209876576,0.0020576131687242817,0.006584362139917721,0.003703703703703709
91,91,0.9423868312757202,0.9424909367038996,0.9413940256045519,0.9854907539118065,1.9149717638055863,2.292267280716532,1.8125658621986023,1.003162487858449,0.5449350653357623,0.14979423868312763,0.06502057613168728,0.009876543209876599,-0.005761316872427957,-0.007407407407407374,-0.006172839506172811,-0.0016460905349794165,-0.007407407407407374,0.006995884773662609,-0.010699588477366207,-0.010288065843621352,0.006584362139917754
92,92,0.9629629629629629,0.963407652853126,0.9695746041899889,0.9776907084599392,2.0085802778877153,1.8477739428958053,1.8996101376273091,1.2209015625090802,0.7603912170566203,0.12510288065843617,0.09999999999999995,0.05061728395061723,0.003292181069958833,0.0012345679012345622,0.014403292181069904,-0.004526748971193484,0.004938271604938238,0.005761316872427957,0.006584362139917666,0.0024691358024691245,0.00905349794238679
93,93,0.9588477366255144,0.9595284406217187,0.966969131614654,0.9886363636363635,1.6824996564178507,1.6543798539794785,1.6150160771422184,1.6867574406509358,0.9641414495983055,0.14115226337448558,0.07613168724279831,0.0362139917695473,0.007407407407407374,0.003703703703703687,0.009053497942386801,0.010699588477366207,0.010288065843621352,0.01769547325102876,0.011111111111111082,0.0028806584362139785,0.013991769547325061
94,94,0.9423868312757202,0.9426797364217543,0.9421072226358898,0.9815338793745346,1.860395433813211,2.1185339659884934,1.2655187898490243,1.9941939434713742,0.27291036483598385,0.15226337448559674,0.09958847736625517,0.05761316872427987,0.010699588477366318,0.013168724279835443,0.023045267489711974,0.0028806584362140453,4.4408920985006264e-17,0.016460905349794275,0.007818930041152338,-0.0004115226337448319,0.018106995884773703
95,95,0.9753086419753086,0.9754658032265394,0.9784382284382285,0.9954933954933954,1.6398935203716734,1.8967810075121896,2.07426334989351,1.9784333382479122,0.05038923852065176,0.1625514403292181,0.08847736625514405,0.0279835390946502,0.010288065843621418,0.009053497942386824,0.013580246913580262,0.010699588477366295,0.009053497942386812,0.00864197530864198,0.006172839506172811,0.004526748971193395,0.003292181069958833
96,96,0.9300411522633745,0.9308811220559047,0.9307132576363346,0.9813689429074044,0.9089847833750144,1.692470174772237,1.6394580610185803,2.268789264312095,1.033443840583478,0.12263374485596708,0.06296296296296296,0.03292181069958846,0.0020576131687242705,-0.009053497942386834,0.0074074074074073955,-0.0012345679012345622,-0.004115226337448541,0.005349794238683125,-0.0024691358024691245,-0.0016460905349794165,-0.0037037037037036978
97,97,0.9547325102880658,0.9549591999151533,0.9572006940427993,0.9850347021399654,1.2694240345704602,1.6141421134121514,2.072442793071806,2.202347216345477,0.7174942982967321,0.12510288065843622,0.08065843621399177,0.021810699588477367,0.008230452674897092,0.006584362139917666,0.020987654320987658,0.006995884773662519,-0.0012345679012345622,-0.0008230452674897082,0.004526748971193395,0.0004115226337448541,-0.0024691358024691245
98,98,0.9629629629629629,0.9631370883544796,0.9627199753010188,0.9888854584748379,1.4217414333073797,1.8148768452456319,1.5521882462275887,2.289975696717027,0.6817602509497511,0.15514403292181064,0.09465020576131683,0.031275720164608986,0.005349794238683103,0.008230452674897082,0.013168724279835332,0.0020576131687242705,0.0012345679012345401,0.006584362139917666,0.006995884773662519,-0.0012345679012345956,0.004526748971193395
99,99,0.9259259259259259,0.9257179461581977,0.9158600148920327,0.9802680565897246,1.5447154434816022,1.8803538452635538,1.1163870297265548,1.6673926715683405,1.2237059768149328,0.13868312757201648,0.1065843621399177,0.05473251028806585,0.0012345679012345622,0.003292181069958833,0.007407407407407407,0.003703703703703687,0.0037037037037036978,0.0032921810699588438,0.005761316872427991,-0.0020576131687242705,0.009053497942386834
100,100,0.9588477366255144,0.9588477366255144,0.9558823529411764,0.9879448075526507,1.61977687168982,1.423084051031344,2.0663210137589196,1.5884305136077492,1.0576485538519669,0.13580246913580243,0.07777777777777775,0.03127572016460902,0.01687242798353906,0.005761316872427957,0.017283950617283918,-0.0016460905349794165,0.010699588477366207,0.006584362139917666,0.010288065843621352,0.0057613168724279466,0.007818930041152227
101,101,0.9423868312757202,0.9432759233856628,0.950913961550583,0.9796722344784116,1.763001351383938,1.3910702416237064,2.3396165253669237,1.7105264199171004,0.7279182109975402,0.14238683127572022,0.08395061728395067,0.046090534979423926,0.018518518518518545,0.011111111111111172,0.016460905349794285,0.014403292181070004,0.011522633744856025,0.016460905349794285,0.013168724279835443,0.009053497942386902,0.014814814814814859
102,102,0.9506172839506173,0.9510467797114385,0.9536426380368098,0.9802147239263803,1.4177684886196764,1.6422401646397067,1.356257002489642,2.247034916466211,0.8612390632274419,0.13868312757201648,0.0872427983539095,0.03950617283950617,0.0065843621399176875,0.0028806584362139785,0.011111111111111117,0.0012345679012345622,0.0016460905349794165,0.010288065843621408,0.0,0.004938271604938249,0.009053497942386834
103,103,0.9506172839506173,0.9509713516436913,0.9493043339197185,0.9861666400127939,1.8018711383793833,1.5158036319357056,2.1915851630486136,2.2078317231968985,0.3548306832559389,0.12345679012345681,0.08765432098765434,0.027160493827160494,0.0012345679012345622,0.006584362139917699,0.009465020576131678,0.006995884773662553,0.004938271604938249,-0.003292181069958833,0.007407407407407385,0.0004115226337448541,0.0037037037037036978
104,104,0.9300411522633745,0.9304933415320188,0.9296945193171609,0.9815813117699911,1.0717708249700122,1.2950225947259155,2.235459760564234,2.2234420561716752,0.9844205948009105,0.10534979423868311,0.06131687242798352,0.02839506172839503,0.0012345679012345622,-0.0004115226337448541,0.009465020576131666,-0.006172839506172834,0.0,-0.0057613168724279795,-0.0016460905349794275,-0.0004115226337448541,0.0020576131687242705
105,105,0.9629629629629629,0.9629243861802002,0.9597849462365592,0.9898924731182795,1.4982140664223487,1.5039708536912113,1.0848283498862135,2.1751642246887855,1.3591468080623352,0.17983539094650197,0.10288065843621394,0.03827160493827155,0.005761316872427957,0.009465020576131643,0.015226337448559613,0.015226337448559602,0.016049382716049342,0.013991769547325039,0.006172839506172811,0.016460905349794174,0.0037037037037036757
106,106,0.9465020576131687,0.9467283243533721,0.9485419630156472,0.9829302987197724,1.4965088131376676,2.1807364754831418,1.6071045645813355,1.8934243706523313,0.251354385370884,0.12386831275720167,0.07366255144032922,0.039506172839506214,0.00452674897119344,0.004526748971193428,0.012757201646090566,0.003703703703703709,0.0012345679012345733,0.0037037037037037203,0.0012345679012345733,-0.0008230452674897082,0.005349794238683148
107,107,0.9465020576131687,0.9468959818561756,0.9473926380368098,0.9857361963190184,2.137328874843825,1.6547867559047953,1.3888346287193207,1.2902223884376554,1.3226932264394213,0.1452674897119342,0.105761316872428,0.04403292181069962,0.005761316872428002,-0.0008230452674896971,0.020987654320987682,0.0041152263374485635,0.0024691358024691358,0.0016460905349794275,-0.0028806584362139785,-0.0012345679012345622,0.0008230452674897193
108,108,0.9506172839506173,0.9504741186970103,0.9426100628930818,0.9918388739143457,1.446916562888567,1.9960815331491495,1.6205751561497006,1.6446651502366174,1.0382168095483664,0.15843621399176955,0.0765432098765432,0.020576131687242805,-0.013991769547325094,-0.009876543209876498,-0.0020576131687242705,0.0020576131687242705,-0.0004115226337448541,-0.005761316872427968,-0.006584362139917666,-0.006172839506172811,0.0012345679012345622
109,109,0.9465020576131687,0.9469381953706942,0.9507110057769219,0.9896311657532217,1.437713452863705,1.9015611768760485,1.4190946482909912,1.8473332629991719,0.9313804149681494,0.13827160493827162,0.08641975308641976,0.0432098765432099,0.00452674897119344,0.004938271604938293,0.027160493827160515,-0.004115226337448541,0.006172839506172867,0.006584362139917721,0.003292181069958866,0.0012345679012345622,0.00452674897119344
110,110,0.9300411522633745,0.9305243205321395,0.9292531434631117,0.9803817603393425,1.674021166292681,1.8038045003890706,1.7489494850801346,1.621646370296882,0.9718057304670602,0.137037037037037,0.07983539094650205,0.03580246913580245,0.0020576131687242705,-0.0020576131687242705,0.008230452674897082,-0.0020576131687242817,-0.0028806584362139898,0.006172839506172811,-1.1102230246251566e-17,-0.006172839506172844,0.0008230452674897082
111,111,0.9300411522633745,0.9306957379731908,0.9322451143766095,0.9687168610816543,1.8678948872613759,1.793451391915544,1.8975612145924587,1.3259747603140817,0.7673055941820497,0.14691358024691353,0.07901234567901233,0.04526748971193415,0.003703703703703687,0.007407407407407385,0.01275720164609052,0.005761316872427957,0.0028806584362139785,0.0020576131687242705,0.0012345679012345622,-0.004526748971193406,0.0008230452674897082
112,112,0.9465020576131687,0.9464419747868309,0.9418016194331984,0.9891555812608445,1.661032314786538,1.986951302466797,1.2901346848068183,2.114367599945289,0.9648984319445987,0.15967078189300415,0.10534979423868315,0.035802469135802505,0.00905349794238688,0.007407407407407429,0.006995884773662586,0.0041152263374485635,0.004526748971193428,0.014814814814814859,0.004938271604938293,0.0012345679012345846,1.1102230246251566e-17
113,113,0.9465020576131687,0.9468959818561756,0.9473926380368098,0.9866564417177914,1.7175051972112831,1.4754336000779429,2.237505119666171,2.116181513280439,0.11202723506678135,0.15514403292181073,0.08312757201646093,0.03950617283950621,0.004526748971193428,0.006172839506172878,0.007407407407407429,0.0020576131687242705,0.006995884773662575,0.009465020576131744,0.003703703703703731,0.004526748971193417,0.004526748971193417
114,114,0.9506172839506173,0.9508350648701527,0.9515540639136144,0.9909528673573618,1.5704380195367635,1.854806637686875,1.5279522302236637,2.199679371696737,0.7383687228144432,0.15390946502057617,0.10534979423868314,0.016872427983539107,0.004526748971193395,0.0020576131687242705,0.00493827160493826,-0.004115226337448541,-0.004115226337448541,0.0016460905349794165,-0.0008230452674896971,-0.0024691358024691245,0.0004115226337448541
115,115,0.9300411522633745,0.9306114862539848,0.9327136720485854,0.9810398459487484,1.5251181081232155,2.146497603142076,1.2622781040793754,2.2905794542687574,0.6355183126719186,0.14362139917695468,0.07736625514403292,0.018930041152263377,-0.0012345679012345622,0.013168724279835375,0.012345679012345668,-0.0004115226337448541,-0.002880658436214001,0.006172839506172811,0.0012345679012345622,-0.00781893004115225,0.00493827160493826
116,116,0.9547325102880658,0.9550350499018464,0.9569277108433735,0.9931475903614457,1.8772970889131195,1.7866871844802743,1.1970115702262054,1.5401468084699743,0.7936823687122455,0.14732510288065842,0.10740740740740737,0.04032921810699587,0.005761316872427968,0.009465020576131666,0.01563786008230451,-0.0020576131687242705,0.005761316872427957,0.008641975308641959,0.0004115226337448541,-0.0004115226337448541,0.0012345679012345622
117,117,0.9465020576131687,0.9468025060976865,0.9422240128928283,0.9855761482675262,1.196808139969181,1.8224409104650061,1.6145852401385308,1.5693437151753098,1.556157338278233,0.1423868312757202,0.10740740740740744,0.03950617283950621,-0.008641975308641936,0.003292181069958855,0.011111111111111138,-0.003703703703703687,0.00823045267489716,0.002469135802469169,0.0041152263374485635,0.006995884773662586,0.006995884773662575
118,118,0.9382716049382716,0.9393089803192791,0.9508052147239264,0.9851226993865031,1.7404502760489142,1.3611710674363227,1.6304089308750147,1.5837397792680854,1.4068910129658743,0.1378600823045267,0.08106995884773657,0.02839506172839503,0.006995884773662519,0.0008230452674896971,0.008230452674897071,0.00905349794238679,0.0024691358024691136,-0.0032921810699588993,-0.0012345679012346067,0.006995884773662519,0.0024691358024691245
119,119,0.9547325102880658,0.9549961100316252,0.9571175950486295,0.9930002947244326,1.3223062093094122,2.1031282109856195,1.802057785797188,1.7087400484839332,0.5608255195900542,0.12057613168724277,0.08065843621399174,0.026337448559670774,0.004526748971193395,-0.0028806584362139898,0.01069958847736625,-0.007407407407407407,-0.0012345679012345622,0.004115226337448552,-0.003703703703703687,-0.0012345679012345622,-0.0020576131687242705
120,120,0.9711934156378601,0.9712385592578829,0.9689800613496933,0.9950920245398773,1.7348797715877977,2.0764658003295646,1.6119453627321323,1.4033848891943013,0.6297612416496681,0.1580246913580247,0.08847736625514406,0.037860082304526775,0.015226337448559701,0.010288065843621453,0.020576131687242816,0.006584362139917743,0.009465020576131722,0.018518518518518545,0.005761316872428002,0.010699588477366306,0.010699588477366306
121,121,0.9547325102880658,0.9548034502623874,0.9503450920245399,0.9918711656441718,1.9614829608505395,1.9107170682418406,1.7439070691407315,1.3107108632265485,0.582273063740563,0.13209876543209875,0.07283950617283949,0.020987654320987637,0.004938271604938249,0.008230452674897082,0.007407407407407385,-0.0074074074074073955,-0.011522633744856004,-0.007407407407407374,-0.010288065843621408,-0.003703703703703687,0.0008230452674897082
122,122,0.9218106995884774,0.9219187019073778,0.9149820305480683,0.9839772386942198,1.588039873282383,2.3650506176994153,1.7462977812653107,1.872276167032899,0.27198666069315347,0.12098765432098771,0.04609053497942388,0.023456790123456805,-0.007407407407407374,-0.0032921810699588216,0.0008230452674897303,-0.013991769547325051,-0.0004115226337448541,-0.005761316872427957,-0.0012345679012345622,-0.004115226337448541,-0.008230452674897082
123,123,0.9547325102880658,0.955101549929049,0.9597096726410902,0.9810398459487484,1.8764626760005885,1.4937089331315836,1.410364824744202,2.135876945585215,0.49974109612711554,0.1452674897119341,0.08436213991769546,0.026337448559670774,0.0008230452674897082,0.0012345679012345622,0.01358024691358023,-0.0028806584362139785,0.0004115226337448541,-0.0008230452674897082,-0.0024691358024691245,-0.0020576131687242705,0.004938271604938249
124,124,0.9300411522633745,0.9306957379731908,0.9322451143766095,0.9837903347977579,1.5966428677784683,1.5831933493962433,1.8644958155972424,2.1368952944474233,0.3785770531724659,0.1613168724279835,0.08724279835390947,0.03374485596707819,0.009465020576131656,0.010288065843621363,0.005761316872427957,-0.00864197530864197,0.0024691358024691245,0.0004115226337448541,0.01358024691358024,0.0012345679012345622,-0.0004115226337448541
125,125,0.9465020576131687,0.9468596044294549,0.9477786144578313,0.9850903614457832,2.1000990459982476,1.3740043519740548,1.8043526722032583,2.127411486725996,0.6302681019089064,0.11563786008230452,0.0909465020576132,0.016872427983539117,0.0024691358024691245,-0.0012345679012345622,0.007818930041152305,-0.011111111111111061,0.0008230452674897082,0.0016460905349794275,-0.0024691358024691245,-0.0004115226337448541,-0.0016460905349794165
126,126,0.9547325102880658,0.9549774244779266,0.9571720414417044,0.9908799066102437,1.433114952061155,1.6292041072016412,1.5653116219507548,2.2660645734597122,0.6471157515164532,0.13456790123456788,0.0905349794238683,0.04567901234567902,0.009465020576131656,-0.004938271604938249,0.014814814814814814,-0.004526748971193406,-0.003292181069958833,0.0,0.0008230452674897082,0.0004115226337448541,-0.004938271604938249
127,127,0.9465020576131687,0.9468135845828297,0.9481653404067196,0.9870321249631594,1.8390500685969506,1.9494922353375372,1.4369771921709424,1.3888254639981819,0.7149178115750222,0.1588477366255144,0.07654320987654323,0.04032921810699591,0.00823045267489716,0.007818930041152295,0.016872427983539117,0.006172839506172867,0.0049382716049383045,0.00658436213991771,0.012345679012345723,0.002057613168724304,0.00823045267489716
128,128,0.9465020576131687,0.9466439644790376,0.9466571834992887,0.9795874822190611,1.6696125604947203,1.524184748668758,1.9143899449522128,1.6246096380276052,1.0310691018142801,0.16255144032921814,0.11440329218107,0.042386831275720196,0.007407407407407451,0.009465020576131722,0.012345679012345723,0.006172839506172856,0.003703703703703731,0.009053497942386867,0.011934156378600846,0.0024691358024691466,0.0004115226337448652
129,129,0.9300411522633745,0.9311041224546576,0.9383297313985799,0.9823247916023464,0.8727550261125384,1.999929623842229,1.8859573221230077,2.1744501202427355,1.2134530775556522,0.1637860082304527,0.07201646090534977,0.03292181069958847,0.003292181069958833,0.0028806584362139785,0.008641975308641959,0.0,0.0,0.0008230452674896971,-0.0012345679012345622,0.0,-0.003703703703703687
130,130,0.9465020576131687,0.9470428030502097,0.9533402458894978,0.9866686416827137,2.281212246959731,1.6871149384609636,1.8039440347733198,1.652845574666172,0.16789293493714844,0.18436213991769546,0.10164609053497946,0.03251028806584364,0.0024691358024691358,0.0012345679012345622,0.012757201646090555,-0.0024691358024691245,0.0008230452674897082,0.01316872427983543,0.006584362139917743,0.0012345679012345733,0.003292181069958855
131,131,0.9465020576131687,0.9468362661645976,0.9479895755770662,0.9838421444527178,2.0091735246801745,2.0036995966068663,1.7467259339194496,1.471140795246752,0.9183687760995893,0.1419753086419753,0.08641975308641978,0.039506172839506214,0.016049382716049422,0.018930041152263388,0.027160493827160525,0.009465020576131722,0.006584362139917721,0.021399176954732535,0.0057613168724280125,0.005349794238683159,0.006995884773662564
132,132,0.9629629629629629,0.9632187579287796,0.9660657476139979,0.9895470383275261,1.5176243671284046,0.9799598281908678,1.6384777501055676,2.1879834254046706,1.2761306151250034,0.16625514403292177,0.0930041152263374,0.03209876543209873,-2.2204460492503132e-17,0.0028806584362139785,0.005349794238683092,0.000823045267489686,0.008230452674897082,0.016049382716049332,0.003292181069958833,0.0024691358024691136,0.008641975308641924
133,133,0.9588477366255144,0.9587501553793689,0.95359477124183,0.9932461873638344,1.6700791719980328,1.641684679861012,1.2974455592758514,1.8935718195373497,1.223990423854908,0.1604938271604938,0.07983539094650204,0.023868312757201617,-0.01111111111111116,-0.010699588477366285,0.0008230452674896971,-0.0012345679012345846,-0.007407407407407441,-0.006584362139917732,0.0032921810699588216,-0.005349794238683148,-0.007407407407407429
134,134,0.9506172839506173,0.950738568480504,0.9488284703801946,0.9862953138815208,2.4514643731257872,1.5574146119015928,1.3172274150361676,1.3312480200969352,0.9021317013478671,0.14403292181069963,0.1074074074074074,0.03703703703703707,0.009053497942386846,0.011522633744855959,0.01028806584362143,0.009465020576131689,0.0008230452674897193,0.012345679012345711,0.009876543209876543,0.0008230452674897082,0.010288065843621397
135,135,0.9465020576131687,0.9473415875783555,0.9572261072261072,0.9854700854700854,1.4896938238298787,2.249546741742401,1.3004024202984465,1.4370997843270652,1.0997504317689828,0.16790123456790126,0.07860082304526753,0.034156378600823066,0.018930041152263398,0.021399176954732525,0.020987654320987682,0.01316872427983543,0.006584362139917732,0.016872427983539127,0.0004115226337448874,0.0004115226337448541,0.011934156378600857
136,136,0.934156378600823,0.9349932504466348,0.9413346462657173,0.9812907135282534,2.130112746085091,2.067345797409443,1.383094566988998,1.7631342717373284,0.3471429097862306,0.11810699588477362,0.08847736625514402,0.000411522633744843,-0.0004115226337448541,0.0020576131687242705,0.009876543209876498,-0.0041152263374485635,0.0020576131687242705,-0.0037037037037037203,0.004938271604938238,-0.0004115226337448541,-0.004526748971193417
137,137,0.9547325102880658,0.9546778843885726,0.9500583685976944,0.9919013570698964,1.3688588155047272,2.1168202243365624,1.7752957794587656,1.2508772179459333,1.0881952012947826,0.15720164609053494,0.0736625514403292,0.03497942386831273,0.004938271604938249,0.0,0.009053497942386812,-0.0012345679012345622,-0.0028806584362139785,-0.005349794238683115,-0.003292181069958833,-0.0032921810699588438,-0.0016460905349794165
138,138,0.9423868312757202,0.9428412678383876,0.9446536144578312,0.9829819277108435,1.6939668298871304,1.028626502886239,1.479572786836555,2.4223757054281125,1.0999962955826195,0.1333333333333334,0.09876543209876548,0.03456790123456795,0.0016460905349794607,0.004115226337448641,0.018106995884773703,0.009465020576131754,0.004526748971193495,-0.0012345679012345178,0.005349794238683192,0.0004115226337448763,0.007818930041152316
139,139,0.9629629629629629,0.9634209372771464,0.9696212731668009,0.9923448831587429,1.9593083308024963,2.0770195711078,1.1959811275301493,1.6181275170970957,0.9304079657698762,0.14320987654320985,0.08312757201646087,0.016460905349794174,0.003703703703703687,0.0008230452674896971,0.010288065843621352,0.004115226337448541,0.0016460905349793941,0.007818930041152227,0.000823045267489686,-0.0004115226337448985,0.002057613168724259
140,140,0.9465020576131687,0.9464419747868309,0.9418016194331984,0.9816367842683633,1.631457555919457,1.9043675082967826,2.0509856378320697,1.5683234619934505,0.39153459904676324,0.1320987654320988,0.07242798353909466,0.034567901234567947,0.009465020576131734,0.00658436213991771,0.019753086419753107,0.0,-0.0016460905349794052,0.0004115226337448763,-0.000411522633744843,0.006584362139917721,0.004115226337448574
141,141,0.9423868312757202,0.9431190941408055,0.9505377973034388,0.9906074837145887,0.8238732916242425,1.3132865834062826,2.560092796729353,1.6542588068649915,1.2672593264101693,0.11769547325102883,0.06748971193415641,0.03209876543209883,0.004938271604938338,0.007818930041152338,0.009465020576131734,-0.004526748971193384,4.4408920985006264e-17,0.002469135802469202,0.0016460905349794496,0.005349794238683192,0.0037037037037037533
142,142,0.9300411522633745,0.9303700557806839,0.9252083976535967,0.9780796542142637,1.386023541726701,2.2422848697114475,1.3124178476908857,1.78668331658941,0.7487933370708902,0.14897119341563783,0.0699588477366255,0.02880658436213992,0.006995884773662531,-0.0024691358024691245,0.01728395061728394,0.0012345679012345622,-0.0016460905349794275,0.0008230452674897082,-0.0016460905349794165,-0.004115226337448541,0.004526748971193417
143,143,0.9506172839506173,0.9506915306915306,0.9504419191919191,0.989337822671156,1.152003802620968,1.9717204318916328,2.1940075962004904,1.967049833427615,0.17042524849881416,0.13621399176954735,0.09835390946502058,0.03950617283950619,0.01316872427983542,0.006172839506172844,0.016460905349794254,0.004115226337448552,0.011934156378600836,0.01440329218106996,0.008641975308641992,0.003292181069958833,0.012757201646090566
144,144,0.9670781893004116,0.9670781893004116,0.962962962962963,0.9913885078494132,1.9400547363294989,1.0266551788374934,1.557069301638287,2.198034574096363,0.65781198119442,0.1547325102880659,0.09547325102880662,0.03744855967078194,0.0028806584362140453,0.006995884773662619,0.011934156378600869,0.0012345679012345956,0.0032921810699588993,0.00246913580246918,0.004115226337448619,0.004115226337448619,0.0008230452674897415
145,145,0.9588477366255144,0.9591325072660102,0.9646236559139785,0.9877419354838709,1.6896339352874519,1.9499622242014059,1.7257632447778433,1.8070751169091501,0.7213245848628297,0.1641975308641975,0.10617283950617282,0.03127572016460902,-0.0016460905349794165,0.0008230452674897082,0.004526748971193395,-0.00452674897119344,-0.0020576131687242705,0.003292181069958833,0.005761316872427957,0.0,-0.004526748971193428
146,146,0.9670781893004116,0.9674016147134428,0.9748427672955975,0.9905660377358491,1.5680096268855883,2.3457662746342125,0.9139225884238504,2.4924314694927747,0.6128111992675548,0.14938271604938272,0.11851851851851855,0.02921810699588483,0.006172839506172911,0.0032921810699588993,0.016049382716049422,0.0012345679012345956,0.0028806584362140565,0.006995884773662619,0.0032921810699589214,0.0016460905349794607,-0.0024691358024691245
147,147,0.9670781893004116,0.9673041232954087,0.971816976127321,0.9907898614795166,1.6909028806331925,1.9972181600702021,1.2566195356497125,2.022714590574138,0.568376558486493,0.16995884773662556,0.10329218106995888,0.03909465020576136,0.0037037037037037533,0.0037037037037037533,0.010288065843621453,0.0008230452674897303,0.00246913580246918,0.006584362139917766,0.002469135802469202,0.004526748971193484,0.013580246913580295
148,148,0.9176954732510288,0.9182603082385217,0.9181034482758621,0.972885352195697,1.5929143359033113,2.0138104880846845,1.6105299680155567,2.0109869223103822,0.5466321746521092,0.13374485596707825,0.08518518518518522,0.02551440329218112,0.015226337448559713,0.015637860082304566,0.022633744855967097,-0.013580246913580184,0.006584362139917754,0.011111111111111172,0.002880658436214023,0.00905349794238689,0.007818930041152316
149,149,0.9794238683127572,0.9795009933630869,0.9814471930084432,0.9953340245889498,1.4718007900840318,1.8925988263180125,2.318009960806837,1.799217933077937,0.49921863411296596,0.13786008230452676,0.07695473251028805,0.035390946502057596,0.0028806584362139785,0.0004115226337448541,0.004115226337448541,0.0016460905349794165,-0.0024691358024691245,0.010699588477366207,-0.0012345679012345622,-0.0028806584362139785,0.0028806584362139785
150,150,0.9547325102880658,0.9552444500482378,0.9598959974787268,0.987078474629688,1.7510739802315827,1.7416738560545686,1.4952317106893078,1.594156705058952,0.8754932868070201,0.13127572016460903,0.08189300411522632,0.03251028806584362,0.0016460905349794165,0.0012345679012345622,0.004526748971193417,0.003292181069958833,-0.003292181069958833,-0.0032921810699588438,0.0012345679012345622,-0.004526748971193395,0.0024691358024691245
151,151,0.9423868312757202,0.9429140105973803,0.9475262924011258,0.9707450748037327,1.9453799547753394,1.752472925574158,1.926160217996236,1.329788352746851,1.1922232106948563,0.16213991769547328,0.07818930041152268,0.03333333333333338,0.00246913580246918,0.0032921810699588993,0.01399176954732515,0.008641975308642035,-0.00411522633744853,0.008230452674897193,0.004938271604938338,-0.0012345679012345401,0.007407407407407462
152,152,0.9423868312757202,0.9425485933172866,0.938855421686747,0.978539156626506,1.1166209784893855,1.7556038907457476,2.028264760634974,1.5321752159079636,1.1331151977035023,0.13662551440329224,0.0901234567901235,0.043621399176954775,0.001646090534979472,0.0037037037037037646,0.00905349794238688,-0.0028806584362139785,-0.004115226337448518,0.004526748971193461,0.004115226337448619,-0.0028806584362139676,0.005761316872428046
153,153,0.9506172839506173,0.9512449378349762,0.9597409483411604,0.9750037873049539,1.6638838722038798,2.403047698428893,1.717164176297261,1.574744264809219,0.17848566913296782,0.12345679012345681,0.0888888888888889,0.021810699588477377,0.014814814814814836,0.015637860082304555,0.020164609053497963,-0.0012345679012345622,0.016049382716049408,0.01646090534979424,0.015637860082304545,0.012757201646090555,0.005349794238683125
154,154,0.9423868312757202,0.9428565737906351,0.944553855476443,0.9904559915164369,1.7003592526654716,1.2179844125955943,1.849729005757642,1.7991198133387285,0.7330665142636279,0.1386831275720165,0.09259259259259263,0.023868312757201703,0.007407407407407474,-0.001646090534979372,0.01111111111111116,3.3306690738754695e-17,0.005349794238683192,-0.0061728395061728,0.004526748971193473,-0.0024691358024691245,-0.0032921810699588216
155,155,0.9547325102880658,0.9548012941049845,0.9506172839506173,0.9923792104862064,1.337684956848075,1.8212102385962716,1.4813441485399028,1.9979609686626738,0.8736316858486216,0.12181069958847734,0.08230452674897118,0.0279835390946502,0.006172839506172811,-0.0008230452674897082,0.01646090534979423,-0.004526748971193395,0.00781893004115225,0.011111111111111117,-0.0028806584362139785,0.0,0.007407407407407374
156,156,0.9300411522633745,0.9306114862539848,0.9327136720485854,0.9721522737372241,2.1394502424637647,1.6379054414423369,1.3398025309617023,1.6955960133326917,1.0171693676414486,0.13950617283950617,0.10617283950617282,0.04403292181069958,0.010288065843621363,0.007407407407407374,0.0251028806584362,0.005349794238683103,0.00781893004115225,0.01646090534979423,0.00987654320987653,0.0028806584362139785,0.016872427983539086
157,157,0.9423868312757202,0.9432759233856628,0.950913961550583,0.9864481563189411,1.735552975396318,2.181071528191117,1.51274745224766,1.5045782128362468,0.7428067624939347,0.15843621399176958,0.08436213991769552,0.03251028806584366,0.006584362139917777,0.006172839506172911,0.0218106995884774,0.0032921810699589106,0.004526748971193484,0.014403292181070004,0.009465020576131754,0.0032921810699589214,0.006995884773662619
158,158,0.9465020576131687,0.9469474163576045,0.9467381027418846,0.984714780964387,1.8228722517618812,1.734167935875445,1.1810547257421826,1.6726516220847112,1.1613558400444204,0.14197530864197533,0.08189300411522635,0.04156378600823046,0.007818930041152316,0.011522633744856004,0.018930041152263388,-0.0020576131687242705,-0.003292181069958833,0.014403292181070004,-0.0028806584362139785,-0.0012345679012345622,0.004938271604938283
159,159,0.9382716049382716,0.9386182366286826,0.9393328445747801,0.9761730205278593,2.1184126205215636,1.4866070690862294,1.8802990317725505,1.9360157331288086,0.35677599675423266,0.12427983539094645,0.11111111111111108,0.05020576131687239,0.004526748971193395,0.0020576131687242705,0.013168724279835332,0.013580246913580184,0.0020576131687242705,0.01975308641975302,0.0016460905349794052,-0.0004115226337448874,0.013991769547325039
160,160,0.9588477366255144,0.9594041075522558,0.9666160243083319,0.9904046057892212,1.8181236810359926,1.1112675557469214,2.292457732938308,2.3629835683557494,0.48427566200233896,0.12757201646090532,0.08395061728395058,0.03909465020576129,0.0008230452674897082,0.0028806584362139785,0.008641975308641936,0.0024691358024691245,0.010288065843621352,0.003703703703703687,0.006172839506172811,-0.0008230452674897082,0.008641975308641936
161,161,0.9300411522633745,0.930551223057683,0.9329490733985115,0.9751933459798628,2.0518010514523644,1.8404600523560528,1.6545568801491854,1.0811106940687463,0.6368319393192864,0.17695473251028804,0.0802469135802469,0.04074074074074071,-0.0004115226337448652,0.006584362139917666,0.006172839506172811,0.0020576131687242705,0.008230452674897092,0.006995884773662531,0.0,-0.0004115226337448541,0.0012345679012345622
162,162,0.9423868312757202,0.9426600587649278,0.9424182139699381,0.9890215148835839,1.7634114504145462,2.0169080056635327,1.596566406975532,1.0190358616713142,1.0174733118471821,0.15720164609053505,0.0806584362139918,0.042798353909465056,0.006172839506172911,-0.001234567901234529,0.016049382716049422,0.008641975308642047,0.006995884773662619,0.007818930041152316,0.007818930041152328,0.007407407407407485,0.0028806584362140453
163,163,0.9382716049382716,0.9387702475618157,0.9374119856047567,0.9857612267250822,1.6804413350701513,1.9459830842539407,0.9377143133170622,1.834355191653602,1.577104560340451,0.1707818930041152,0.09547325102880652,0.03580246913580243,0.0004115226337448208,-0.002057613168724326,0.001234567901234529,-0.01399176954732515,0.001646090534979372,-3.3306690738754695e-17,-0.0008230452674897526,0.0028806584362139676,-0.0028806584362140453
164,164,0.9588477366255144,0.9589670410035203,0.9569762157248902,0.9919709134979549,1.931128668177413,1.7275731019973055,2.5386169219081496,1.5601066011281228,-0.1104601150409811,0.11728395061728392,0.0502057613168724,0.03209876543209873,0.010699588477366207,0.006995884773662519,0.013991769547325051,-0.0004115226337448541,0.0008230452674897082,0.007407407407407385,0.005349794238683103,0.0012345679012345622,0.0008230452674897082
165,165,0.9547325102880658,0.9547833496026594,0.9526143790849673,0.985838779956427,1.0812970041829058,2.0909956176358815,1.6712289771418476,2.0819659759049975,0.9909270931720765,0.14362139917695474,0.08930041152263372,0.01728395061728395,-0.003292181069958833,0.006172839506172823,0.010699588477366217,-0.004526748971193406,0.004115226337448541,-0.004526748971193395,0.0024691358024691245,-0.007818930041152227,-0.00864197530864197
166,166,0.9300411522633745,0.9305243205321395,0.9292531434631117,0.9850780184820482,1.6499495985587498,2.3179875057334938,1.8125715918826737,1.8224860622471035,0.1648352069175267,0.11028806584362139,0.07818930041152261,0.024279835390946504,-0.006172839506172811,-0.009465020576131689,0.01358024691358024,-0.0049382716049382715,0.0032921810699588438,0.0024691358024691245,-0.0012345679012345733,-0.005761316872427991,0.0020576131687242705
167,167,0.9382716049382716,0.9393033621920527,0.9479199495745352,0.9795146549007248,1.4821487611401796,1.900573755518038,2.3542523145493552,1.6167118633881332,0.9384579045167516,0.11316872427983533,0.08106995884773657,0.033333333333333284,-0.006995884773662619,-0.004938271604938338,0.004115226337448518,-0.009053497942386902,-0.0037037037037037646,-0.009053497942386902,0.008230452674897082,-0.004938271604938338,-0.005761316872428046
168,168,0.9423868312757202,0.9425091742412662,0.9407171775592829,0.9893001735106999,1.555618737140275,2.15246060385646,2.0504298163716737,1.3507996513663054,0.5500311507410437,0.14238683127572022,0.0695473251028807,0.027160493827160525,0.006584362139917754,0.00823045267489717,0.009465020576131754,0.0024691358024691913,-0.0028806584362139564,0.007407407407407462,-0.0016460905349793941,-0.0012345679012345401,0.013580246913580285
169,169,0.9506172839506173,0.9508622861660628,0.953805120910384,0.9849217638691323,1.870126120084116,1.966038641120749,1.16401869304813,1.8354591521943449,0.8366365965151562,0.14362139917695474,0.0831275720164609,0.028395061728395076,0.006172839506172834,0.006172839506172834,0.026337448559670785,0.013580246913580275,0.0024691358024691358,0.0024691358024691466,0.0016460905349794275,-0.004115226337448541,0.0049382716049382715
170,170,0.9547325102880658,0.9548906701342014,0.954692082111437,0.9909824046920821,1.067709322798494,2.12522246462422,1.9239936179439032,1.7941785699583235,0.8130968391442022,0.14609053497942384,0.08148148148148147,0.04032921810699587,0.008641975308641959,0.0024691358024691245,0.019753086419753076,0.009053497942386801,0.004938271604938249,0.009053497942386824,0.004115226337448541,0.006995884773662519,0.006584362139917666
171,171,0.9423868312757202,0.9428113271303237,0.9448250186150409,0.9816827997021594,1.4407068875254243,1.6028472690524098,1.7431847881821572,2.204189271358758,0.8102206066463568,0.11316872427983544,0.08641975308641979,0.016460905349794275,-0.0028806584362139785,-0.0024691358024691136,0.002057613168724326,-0.0004115226337448319,-0.000823045267489686,-0.014403292181069904,0.004526748971193473,0.0008230452674897526,-0.0032921810699588216
172,172,0.9547325102880658,0.9548034502623874,0.9503450920245399,0.9843558282208589,1.260992009086854,1.7796603006323732,1.880389892683103,1.696363332902871,1.1051528521220912,0.1662551440329218,0.09259259259259257,0.03456790123456789,0.0004115226337448541,0.0020576131687242705,0.014403292181069938,0.007407407407407385,0.003292181069958833,0.005349794238683103,0.0012345679012345622,-0.0008230452674897082,0.006995884773662531
173,173,0.9711934156378601,0.9712799698591116,0.9725741433918802,0.9870429023898647,2.084051682337878,1.54563101501729,1.1389021366628136,1.9457609671359473,0.7253731805883726,0.1786008230452675,0.12222222222222223,0.03703703703703707,0.012345679012345723,0.007407407407407441,0.028806584362139953,0.005761316872428002,0.00823045267489717,0.014814814814814847,0.004115226337448585,0.0024691358024691245,0.0069958847736625975
174,174,0.9629629629629629,0.9632805985987938,0.9658333333333333,0.9864285714285714,2.075132493597877,2.3668744418990153,1.077242025222448,1.3782306407290434,0.63204792143924,0.1572016460905349,0.10370370370370363,0.032510288065843586,0.01604938271604931,0.007407407407407374,0.02427983539094645,0.008230452674897082,0.011522633744855914,0.013991769547325051,0.013580246913580197,0.0012345679012345622,0.013991769547325051
175,175,0.9382716049382716,0.9382122221628395,0.9342460881934567,0.9822190611664297,1.3786204885931588,1.7992977433374018,2.656088344073318,1.1477708885722209,0.6918739650579825,0.14485596707818926,0.07078189300411518,0.044855967078189264,0.003703703703703687,-0.0032921810699588993,0.004938271604938227,0.0028806584362139676,0.008230452674897082,0.0061728395061728,0.0028806584362139564,0.0016460905349793941,-0.0032921810699589106
176,176,0.9588477366255144,0.9590519051383857,0.9624466571834993,0.9942389758179231,1.4642713744933877,1.6174215612601932,1.5447952619448155,1.9518393727450878,1.0280831742980445,0.17037037037037034,0.07942386831275716,0.05226337448559669,0.0012345679012345622,0.00905349794238679,0.00987654320987653,-0.0020576131687242705,0.006584362139917666,0.011522633744855926,0.003703703703703687,-0.002469135802469158,0.0004115226337448541
177,177,0.934156378600823,0.9347371277195838,0.938549955791335,0.9804745063365753,1.5597699504189702,1.9761497402736066,1.7895774764217682,1.7936198337482168,0.714719976276136,0.16296296296296292,0.09176954732510284,0.032510288065843586,0.006995884773662519,0.007407407407407374,0.01975308641975306,-0.0008230452674897082,0.0024691358024691136,0.004115226337448541,0.010288065843621352,0.0012345679012345622,0.003292181069958833
178,178,0.9629629629629629,0.9632443513049033,0.9660003087372646,0.9967582587218277,2.104509877344609,2.010797066692464,1.4778102852431538,1.4284177063403036,0.5986374939077235,0.15802469135802463,0.09259259259259253,0.015226337448559613,0.0020576131687242484,0.006584362139917666,0.013168724279835332,0.0028806584362139785,0.00411522633744853,-0.004526748971193461,0.006584362139917666,0.006995884773662519,-0.007407407407407474
179,179,0.9300411522633745,0.9302682545121543,0.9284313725490196,0.9830791575889615,1.2817823627256981,2.298465071670851,1.4907068182490681,1.8762031657012108,0.7997346555136774,0.10699588477366255,0.05720164609053498,0.019753086419753076,0.0008230452674897082,0.0008230452674897082,-0.0008230452674897082,-0.00864197530864198,-0.003703703703703687,-0.008230452674897115,0.0,-0.0008230452674897082,-0.0008230452674897193
180,180,0.9670781893004116,0.9671618764849926,0.9666345726559029,0.9949637090801363,1.9272674292332537,1.5835040255899226,1.6025446382027235,1.9683015510450257,0.16090087641069017,0.15349794238683132,0.10246913580246916,0.03662551440329224,0.00905349794238689,0.007818930041152328,0.023868312757201693,0.006995884773662619,0.0016460905349794607,0.007407407407407474,0.00905349794238689,0.004526748971193473,0.00905349794238689
181,181,0.9506172839506173,0.9507650356006666,0.9475308641975309,0.9859777472946197,1.4754824753316909,1.7980564760531932,1.3992141990524354,2.27470773896162,1.035490203402855,0.16707818930041152,0.06460905349794238,0.03539094650205762,0.009876543209876553,0.010288065843621408,0.004115226337448552,0.006995884773662542,0.005761316872427991,-0.0012345679012345622,-0.0008230452674897082,0.0,0.005761316872427968
182,182,0.9547325102880658,0.9544497184368567,0.9457516339869281,0.9936092955700799,1.5074947156166243,1.3847746880049217,1.1580531043270001,2.7503303545328253,0.9976675375468066,0.14938271604938272,0.09218106995884774,0.033333333333333305,-0.0024691358024691245,0.0,0.011111111111111082,-0.0004115226337448541,-0.0016460905349794165,0.004526748971193406,0.0,0.0028806584362139785,-0.0020576131687242705
183,183,0.9547325102880658,0.9548012941049845,0.9506172839506173,0.9824721841182746,1.7992957232864935,1.3218842396194532,1.687548476150287,2.477429669501027,0.25167494969131166,0.1522633744855967,0.1098765432098765,0.05267489711934155,0.011934156378600801,0.02016460905349795,0.021810699588477367,0.010699588477366217,0.01728395061728394,0.016872427983539086,0.015226337448559658,0.01440329218106996,0.016872427983539096
184,184,0.9588477366255144,0.9587466661839422,0.9533051218444477,0.9907339851160076,1.7041935044337477,2.0440455571249596,1.9164740896503618,1.1814134907415392,0.7807022027668193,0.1378600823045267,0.08888888888888885,0.03744855967078187,-0.0012345679012345733,-0.002880658436214012,0.009053497942386801,-0.007818930041152305,0.006995884773662519,0.0008230452674896971,0.0028806584362139785,0.005349794238683103,0.0016460905349794165
185,185,0.9382716049382716,0.9391493841068165,0.9475308641975309,0.9891022709952751,2.524810495566476,1.6752414903342063,0.7022426817729863,1.7614712054326271,0.7729782011205227,0.1415637860082304,0.09382716049382711,0.02551440329218101,-0.002057613168724326,-1.1102230246251566e-17,0.011522633744855914,-0.007818930041152316,0.0024691358024691245,-0.0020576131687243373,-0.0012345679012346177,-0.0016460905349794607,-0.007818930041152328
186,186,0.9547325102880658,0.9553088128159789,0.9597953216374269,0.9907407407407408,1.9127898471317637,1.4436333464642006,1.496390203761788,1.503409150131877,1.511569009457234,0.15144032921810696,0.060905349794238686,0.03004115226337447,0.029218106995884775,0.0004115226337448541,0.008641975308641936,0.0004115226337448541,0.003292181069958833,0.00493827160493826,0.004526748971193395,0.0028806584362139785,0.003703703703703687
187,187,0.9629629629629629,0.9633405143609226,0.965392303848076,0.9893386640013326,1.9262037350749406,1.8265604417778967,1.4971927469289412,2.0414557480736253,0.5433468267949285,0.11111111111111105,0.06995884773662549,0.022222222222222178,0.015226337448559602,0.008641975308641936,0.03374485596707816,0.0012345679012345401,0.009465020576131643,0.0057613168724279466,0.006584362139917666,0.005349794238683103,0.006172839506172811
188,188,0.9670781893004116,0.9670781893004116,0.9643695014662756,0.992375366568915,1.8868310289778967,1.6524526153944306,0.8506110652554701,2.0116922630856977,0.9693225793725295,0.16913580246913584,0.09588477366255146,0.03703703703703709,0.01399176954732515,0.0069958847736626304,0.020164609053497973,0.001646090534979483,0.004115226337448619,0.0016460905349794607,0.004938271604938327,0.0037037037037037646,0.004115226337448608
189,189,0.9300411522633745,0.931841087533082,0.9466143682906689,0.9848885218827416,1.9879783719734991,2.23095649877024,1.6629765156951573,1.1172585239208324,0.8397244028829105,0.13662551440329213,0.07613168724279834,0.027572016460905336,0.012345679012345656,0.010288065843621375,0.029629629629629617,0.005761316872427957,0.004526748971193395,0.02016460905349795,0.009053497942386824,0.006995884773662519,0.00987654320987651
190,190,0.9465020576131687,0.9467593829733747,0.9484595450619062,0.9760293694212496,2.191574276463248,1.8508549138940338,2.1554296903706653,0.6126360829015663,0.6489216638721752,0.16172839506172842,0.09053497942386833,0.032921810699588515,0.0020576131687242705,0.0024691358024691358,0.016460905349794264,0.0,-0.0024691358024691245,0.002469135802469158,0.007407407407407462,-0.0028806584362139785,-0.004115226337448541
191,191,0.934156378600823,0.9353383918012174,0.9449259375984873,0.9816419791994957,1.6932028064405658,2.091680910389554,2.1122744579560475,1.825396812198786,-0.06941893293831866,0.12921810699588474,0.06296296296296292,0.02716049382716047,0.009053497942386801,-0.002880658436214012,0.0028806584362139676,0.004938271604938249,0.005761316872427957,0.0020576131687242705,-0.0004115226337448652,0.0004115226337448541,0.0008230452674897082
192,192,0.9588477366255144,0.9590498775086589,0.9602651459043106,0.9882239668197305,1.4275159587697752,1.5951470713461096,1.9528929971655205,1.8978823881858875,0.8051488673214346,0.16213991769547323,0.091358024691358,0.04609053497942385,0.010288065843621352,0.018930041152263332,0.023045267489711918,0.006172839506172811,0.006584362139917666,0.018106995884773637,-0.0008230452674897303,-0.0049382716049383045,0.00987654320987651
193,193,0.9423868312757202,0.9426504209365503,0.942558651026393,0.9870967741935485,1.0342283062071942,2.234380804027676,1.786928952831873,1.870533964225639,0.5697390546284744,0.13539094650205769,0.0843621399176955,0.03333333333333338,-0.000411522633744843,0.008641975308642047,0.010699588477366306,3.3306690738754695e-17,0.01399176954732515,0.013580246913580285,0.0008230452674897637,0.0004115226337448985,0.0004115226337448874
194,194,0.9259259259259259,0.9263714063714064,0.9297406462585034,0.9735685941043084,1.5888923369941472,1.9931579721293213,1.6250977435090297,1.40755307579017,1.032692401112391,0.12592592592592594,0.060082304526748974,0.03209876543209879,-0.0012345679012345622,-0.004938271604938249,-0.003703703703703687,-0.004938271604938249,-0.004526748971193395,0.012345679012345701,0.0041152263374485635,-0.006584362139917666,0.004115226337448541
195,195,0.9382716049382716,0.939038989835722,0.9444401840490797,0.975920245398773,2.1364992566151058,1.2905956690104985,2.2913338401368932,1.2016551185595794,1.0284969096435712,0.11481481481481474,0.07818930041152258,0.03292181069958845,0.018106995884773602,0.010288065843621352,0.023045267489711883,0.006584362139917666,0.011111111111111061,0.01975308641975303,0.011111111111111061,0.004115226337448541,0.001234567901234529
196,196,0.9588477366255144,0.9590788252563235,0.9599681866383881,0.98818360854416,2.303533147248681,1.938283298503859,1.911648682369681,1.1932668324545903,0.3635319653182654,0.14279835390946496,0.09547325102880655,0.034156378600823024,0.009465020576131643,0.00987654320987651,0.01481481481481478,0.0028806584362139785,0.006584362139917666,0.00905349794238679,0.005349794238683092,0.0028806584362139785,0.011522633744855914
197,197,0.9382716049382716,0.9383309877137038,0.9359203198629158,0.9872911609310295,1.4960366498944064,1.969458857029753,1.4059033953936009,2.4649492119410192,0.08993928701312595,0.16790123456790118,0.10411522633744852,0.03621399176954726,0.008230452674897082,0.0024691358024691024,0.013991769547325039,-0.001646090534979472,0.012345679012345623,-0.0004115226337449096,0.00905349794238679,0.005349794238683092,0.0037037037037036757
198,198,0.9547325102880658,0.9550350499018464,0.9569277108433735,0.9897590361445784,1.8732255597727208,1.6650867317650249,2.0198643876655344,1.2807849095597328,1.1441262504754162,0.1423868312757201,0.06049382716049382,0.013168724279835375,0.0,0.0012345679012345622,0.0020576131687242705,0.0008230452674897082,0.003292181069958833,-0.0004115226337448541,-0.0016460905349794165,0.0004115226337448541,-0.0012345679012345622
199,199,0.9547325102880658,0.955156854898457,0.9620601173020528,0.9844574780058651,2.113644314670289,1.1141526677984843,1.985326890549018,1.8119672748432503,0.49762064625781055,0.15720164609053494,0.11152263374485596,0.05637860082304526,0.01728395061728396,0.015226337448559678,0.021810699588477367,0.0028806584362139785,0.00905349794238679,0.019753086419753096,0.018930041152263377,0.005349794238683115,0.018930041152263388
200,200,0.9588477366255144,0.9587466661839422,0.9533051218444477,0.9917554355756603,1.1346565283786563,1.5826635889873726,1.6012664854037024,2.5432924188737465,0.561443440723269,0.15390946502057606,0.10288065843621397,0.04526748971193413,0.010288065843621363,0.013991769547325072,0.020987654320987637,0.009053497942386801,0.013991769547325061,0.022633744855967065,0.013580246913580197,-0.0020576131687242817,0.010699588477366217
201,201,0.9506172839506173,0.9510051247877893,0.9562091503267973,0.9872185911401598,1.610230383010043,2.017495462855772,1.423472375914195,1.258919322371008,1.0928598440199337,0.1592592592592593,0.07695473251028807,0.03950617283950618,0.00864197530864198,0.00781893004115224,0.016872427983539117,0.0,0.007407407407407407,0.006172839506172834,0.009053497942386857,0.006172839506172823,0.0024691358024691245
202,202,0.9547325102880658,0.955015302139275,0.957036485480268,0.991734921816828,1.7957797806024602,1.3555920453197794,2.4028642026784297,1.7376333223662073,0.3146660220144736,0.1530864197530864,0.07860082304526748,0.02921810699588475,0.006584362139917676,0.004938271604938249,0.004115226337448541,0.0016460905349794165,-0.0008230452674897082,0.0004115226337448541,0.004115226337448541,-0.003703703703703687,-0.003703703703703687
203,203,0.9423868312757202,0.9430943243667259,0.9504518072289156,0.9753012048192771,1.5276657572500356,1.7249036864381444,1.6348579574806914,1.5140590698212246,1.043295688338178,0.13621399176954735,0.11399176954732515,0.0312757201646091,0.005761316872428058,0.007818930041152316,0.01481481481481487,0.0024691358024691913,0.006584362139917766,0.0024691358024691913,0.0061728395061728895,0.0012345679012346177,-0.0016460905349793941
204,204,0.934156378600823,0.934502615981903,0.9328391734052112,0.976564839772387,2.170533343091699,1.4237493863882826,1.6970851740020236,1.5185392772863107,1.0483114974632388,0.16543209876543205,0.0979423868312757,0.03744855967078187,-0.0024691358024691358,0.0004115226337448541,0.002057613168724259,0.003703703703703687,-0.0020576131687242705,0.003703703703703687,-0.0020576131687242817,-0.0024691358024691245,0.0020576131687242705
205,205,0.9588477366255144,0.9593014468745462,0.9681528662420382,0.9973337283365428,2.0357580617201547,2.09235574247612,1.6774312889335645,1.9625852440411584,-0.16583864462866124,0.16748971193415635,0.07325102880658432,0.024691358024691322,0.008230452674897082,0.005349794238683103,0.013168724279835353,0.0012345679012345622,-0.0037037037037037203,0.006584362139917666,-0.0041152263374485635,-0.007818930041152305,0.0008230452674897082
206,206,0.9423868312757202,0.9427538601723584,0.945060557420108,0.9843864001167372,1.5174648217104796,1.964112749297602,1.606716680840997,1.5970094703561386,1.1667089895951834,0.1609053497942387,0.07901234567901239,0.043621399176954755,0.0008230452674897526,0.00246913580246918,0.020164609053497984,0.001646090534979472,-0.002057613168724237,0.006995884773662609,0.00246913580246918,-0.005349794238683103,0.0032921810699588993
207,207,0.9300411522633745,0.9300924444272034,0.9285314685314685,0.9804195804195804,1.7301984423332475,1.9667991616125728,1.399677907830232,2.075004957186543,0.3464072470778373,0.1205761316872428,0.08271604938271605,0.026337448559670774,-0.0004115226337448541,0.004115226337448541,0.009053497942386824,0.0049382716049382715,0.009465020576131678,-0.0020576131687242817,0.00781893004115225,-0.0020576131687242705,-0.004526748971193428
208,208,0.9423868312757202,0.9426797364217543,0.9421072226358898,0.9870439314966493,2.0159801738460756,1.6706185705612655,1.0138853902215146,1.9060848095368197,0.8082868126267603,0.13086419753086426,0.111522633744856,0.023456790123456826,0.010699588477366306,0.00246913580246918,0.00823045267489717,-0.0008230452674896748,-0.0016460905349794052,-0.0032921810699588104,-0.004115226337448541,0.0008230452674897526,-0.0016460905349793941
209,209,0.9547325102880658,0.9546593760366128,0.9471625766871166,0.9933282208588956,2.1067946326180227,1.7413791525049296,1.332291713494127,0.9604646214382973,1.537002918296012,0.16502057613168725,0.06543209876543209,0.020987654320987637,0.012345679012345656,0.0004115226337448541,0.01358024691358023,-0.006172839506172811,0.0012345679012345622,0.010699588477366217,0.009053497942386801,-0.0032921810699588438,0.003703703703703687
210,210,0.934156378600823,0.9346932271892973,0.9353507044387214,0.980836236933798,1.4272203019637906,1.687992415383313,1.8186443623976056,2.0356438173703917,0.7867078272010093,0.13045267489711931,0.07366255144032918,0.02222222222222222,0.006172839506172811,0.012757201646090477,0.011522633744855914,0.003703703703703687,0.007407407407407374,0.005349794238683103,0.0028806584362139785,0.0012345679012345622,0.0
211,211,0.9670781893004116,0.9674021728496704,0.9724629687992437,0.9909391742830129,1.222645883365059,1.779837288388913,1.1955301593730785,2.456959578365706,0.5703571632791065,0.15267489711934162,0.08847736625514406,0.03333333333333337,0.007818930041152328,0.01399176954732515,0.013580246913580295,-0.0024691358024691136,0.0028806584362140565,0.0069958847736626304,0.009876543209876609,0.0004115226337448874,0.0008230452674897193
212,212,0.9670781893004116,0.9670781893004116,0.9656828131619828,0.9938567998870216,1.4550896685478,2.2994742939769433,1.2756251869982507,2.082225437551808,0.8548939008619079,0.14650205761316876,0.10041152263374489,0.0481481481481482,0.001646090534979472,-0.005761316872427957,0.016460905349794296,0.004526748971193473,0.006172839506172878,0.013168724279835443,0.007407407407407462,0.004115226337448619,0.006584362139917777
213,213,0.9382716049382716,0.9388060499171611,0.9441176470588235,0.9790123456790124,1.3470164495401418,2.147032229961781,1.696590019608451,2.0550580067224726,0.48891740306564946,0.14197530864197527,0.10452674897119336,0.026748971193415592,0.004938271604938249,0.008230452674897082,0.020987654320987592,-0.0028806584362140565,0.003292181069958833,0.010288065843621352,0.004938271604938249,0.004115226337448541,0.009465020576131643
214,214,0.9506172839506173,0.9506172839506173,0.9403046184081232,0.9877169996724533,1.4901528062511367,1.6129964248359066,1.9928710399459866,1.6782813626288196,1.2664366442203214,0.12962962962962962,0.08065843621399177,0.027572016460905346,0.013168724279835408,0.003703703703703709,0.016049382716049398,-0.0012345679012345622,0.004526748971193406,0.009465020576131722,0.009876543209876566,0.006172839506172823,0.005349794238683115
215,215,0.9588477366255144,0.9590292207251271,0.9604187946884577,0.9885451627024661,2.041705587544188,2.167402398903584,1.1450703820269041,1.7331986581517902,0.5695173654777423,0.1621399176954732,0.09547325102880655,0.031687242798353873,-0.0016460905349794386,0.0028806584362139564,0.015226337448559623,0.0016460905349794165,0.0024691358024691245,0.008641975308641936,0.0012345679012345622,0.0016460905349794165,0.005349794238683103
216,216,0.9670781893004116,0.9673830208809633,0.9723776223776224,0.9887334887334888,1.178847483851042,1.7221200651378643,1.307115856879648,2.7105145999264004,0.6295224665060756,0.1777777777777778,0.10123456790123461,0.03251028806584366,0.007818930041152328,0.0016460905349794496,0.032098765432098816,0.007407407407407485,0.016049382716049422,0.00905349794238688,0.008230452674897193,0.007407407407407485,0.012345679012345734
217,217,0.9670781893004116,0.9672455636695738,0.9692479523454951,0.9913626209977662,2.044934813629255,1.8178836126631304,1.399687410765693,1.4943895858936123,0.8496190759221289,0.15102880658436219,0.0880658436213992,0.01975308641975313,0.0004115226337448763,0.0020576131687243373,0.012757201646090576,0.004938271604938327,0.0008230452674897526,0.006584362139917732,-0.004115226337448518,0.001646090534979472,0.0028806584362140565
218,218,0.9259259259259259,0.9261545496113397,0.9193251533742332,0.9703220858895706,2.023132010607505,2.0003240079147098,1.2109986269858848,1.8494387234875669,0.4049475511667849,0.15390946502057612,0.0872427983539095,0.04238683127572018,0.0028806584362139898,0.0020576131687242705,0.015637860082304535,-0.0028806584362139785,0.0012345679012345622,0.004115226337448541,-0.008230452674897092,-0.0020576131687242705,-0.0004115226337448541
219,219,0.9506172839506173,0.9508270147486962,0.9516339869281045,0.9808278867102396,1.922831625028829,1.2828678077611997,1.8966252922052387,2.2002077385178502,0.6367613434115136,0.1563786008230453,0.1168724279835391,0.03539094650205761,-0.004115226337448541,-0.007407407407407374,0.03333333333333335,0.004526748971193395,0.003292181069958833,0.015637860082304545,0.0024691358024691245,0.00493827160493826,0.005761316872427957
220,220,0.9506172839506173,0.9509511065066621,0.9497321147179325,0.9837693034982665,1.7595638169891954,2.095609024047132,1.6801657533062877,1.325242041161911,1.3614776513140596,0.1765432098765432,0.06090534979423869,0.024691358024691357,-0.0008230452674897082,-0.0020576131687242705,0.0028806584362139785,0.0,0.0008230452674897082,0.0016460905349794165,0.003292181069958833,-0.0004115226337448541,-0.004938271604938249
221,221,0.9465020576131687,0.9467806677109003,0.9483660130718954,0.9849673202614379,1.8899572284046964,1.6532161039851196,1.7499366196252784,1.634041512201491,0.549928189584303,0.14444444444444446,0.08230452674897124,0.020164609053497963,0.005761316872427991,0.003292181069958855,0.01522633744855969,0.0004115226337448652,0.01111111111111115,0.006995884773662564,0.005761316872428002,0.007407407407407451,1.1102230246251566e-17
222,222,0.9670781893004116,0.9670781893004116,0.9650158364526347,0.9910739994241291,1.2891838783641616,1.3802899943380342,1.8929221287916007,1.7412683439329708,1.5424759030826352,0.1349794238683128,0.09835390946502061,0.03703703703703709,2.2204460492503132e-17,0.003292181069958877,0.015226337448559713,0.011522633744856025,0.002469135802469169,0.008230452674897193,0.0016460905349794607,-0.0016460905349793941,0.00534979423868317
223,223,0.9382716049382716,0.9386572301899205,0.9389426656738644,0.9823529411764705,1.369689507083083,1.7139450001641479,1.6765434509455845,1.3595299723894094,1.4440380411266558,0.15514403292181064,0.09629629629629623,0.04074074074074069,0.008230452674897082,0.004115226337448508,0.007818930041152227,0.0008230452674896748,0.00905349794238679,-0.004938271604938316,0.0032921810699588216,-0.0016460905349794607,-0.0061728395061729
224,224,0.934156378600823,0.934329497291363,0.9303425167535369,0.9833209233060312,1.4988836720807148,1.9326290995345219,1.6504351348196946,2.0451333343465867,0.6510977745387723,0.15720164609053494,0.08106995884773659,0.026748971193415606,0.003703703703703687,0.0028806584362139785,0.011111111111111082,0.005761316872427957,-0.0028806584362139785,0.0016460905349794052,0.0008230452674897082,0.0004115226337448541,0.005349794238683103
225,225,0.9753086419753086,0.9755099601959866,0.9813664596273293,0.9956824723526738,1.722890393295636,2.0646260520535376,1.9871486148417472,1.2105710248095443,0.5807700604665386,0.16543209876543213,0.09094650205761316,0.0469135802469136,0.011934156378600857,0.011934156378600824,0.027160493827160504,0.016049382716049422,0.01316872427983542,0.012757201646090555,0.010699588477366262,0.0065843621399176875,0.017283950617283984
226,226,0.9629629629629629,0.9630141219561261,0.9604672057502246,0.9947589098532496,1.4836182341586863,2.0916129258010483,1.4030316289821139,1.8803995059339227,0.7435833914071013,0.13580246913580246,0.09958847736625509,0.031687242798353873,0.010699588477366207,0.004938271604938238,0.014403292181069904,0.004115226337448541,0.006584362139917666,0.014403292181069904,-0.0012345679012345846,0.004115226337448541,0.004938271604938249
227,227,0.9506172839506173,0.9506172839506173,0.9479508781950592,0.9833642724546623,1.3883910488219156,2.141115354541392,1.5503017249155726,1.81984278098276,0.9086691444897469,0.1794238683127572,0.10864197530864197,0.047736625514403296,0.019753086419753107,0.014814814814814847,0.026337448559670785,0.0020576131687242817,0.016460905349794254,0.014814814814814847,0.006995884773662553,0.011522633744855982,0.016872427983539117
228,228,0.9588477366255144,0.9585439937291789,0.9455093099671412,0.9908465028946957,2.105787501704615,1.548651256894927,1.9602898958987724,1.470333960043651,0.7614088056490455,0.1333333333333333,0.0790123456790123,0.03209876543209873,0.0008230452674896971,-0.0012345679012345733,0.0008230452674896971,0.0028806584362139676,-0.006172839506172878,0.0008230452674897082,-0.006584362139917721,-0.0004115226337448763,-0.0020576131687242817
229,229,0.9506172839506173,0.951019920391973,0.9537570065141645,0.9746250568095743,1.866111590426393,1.786634252723444,1.5544245422170262,1.7040569108468322,0.8923691445476226,0.157201646090535,0.0917695473251029,0.025925925925925943,0.0020576131687242705,0.0008230452674897082,0.006995884773662575,0.004115226337448552,0.004938271604938249,0.009053497942386824,0.0020576131687242705,0.0004115226337448541,0.009876543209876553
230,230,0.9382716049382716,0.9390805047042807,0.9398542417294464,0.9885358663609564,1.3250477644521803,1.6373187671835812,1.279699008038251,2.176277193624795,1.0479202610946092,0.13539094650205757,0.05637860082304522,0.025925925925925887,-0.0016460905349794607,0.00905349794238679,0.008641975308641936,-0.0024691358024691913,0.0020576131687242705,-0.004938271604938349,0.0024691358024691136,0.0,-0.0032921810699588993
231,231,0.9382716049382716,0.9383334293820228,0.9356989247311828,0.9847311827956989,2.1449436484907576,0.9851827918783104,1.9899391536636877,2.579236656090913,-0.04968200158936534,0.14156378600823039,0.0872427983539094,0.026748971193415582,-0.0008230452674897637,0.006172839506172811,0.0028806584362139455,-0.0028806584362140453,0.005761316872427957,-0.002880658436214034,-0.005761316872428046,0.0028806584362139676,-0.001646090534979472
232,232,0.9547325102880658,0.954797089516157,0.9511295180722892,0.9884789156626506,1.8188907156082534,2.2318358520707706,0.8987734052130872,2.1620173062861503,0.3610376622551389,0.16213991769547326,0.0950617283950617,0.018930041152263367,0.003703703703703687,0.0024691358024691245,0.0074074074074073955,-0.0020576131687242705,-0.0024691358024691245,0.0016460905349794165,0.0012345679012345622,0.0012345679012345622,0.0012345679012345622
233,233,0.9547325102880658,0.9551939619966832,0.9552723638180909,0.9940029985007497,2.2986658256357604,1.9456341064215117,1.5831734824450105,1.763643328413722,-0.018236761372456344,0.13374485596707816,0.08065843621399175,0.011111111111111094,-0.0028806584362139898,0.003703703703703687,0.01358024691358023,0.0016460905349794165,-0.0057613168724279795,-0.017695473251028826,0.006995884773662519,-0.0012345679012345622,-0.006584362139917676
234,234,0.9465020576131687,0.9468248470192656,0.9480817656643461,0.9802992149311214,2.228317647366408,1.6955489984432164,1.2895536277863546,1.2637457807481456,1.2200311905755494,0.1827160493827161,0.09259259259259263,0.045679012345679025,0.016460905349794264,0.012345679012345711,0.02098765432098767,0.0004115226337448763,0.014403292181070004,0.009876543209876566,0.010699588477366285,0.006995884773662586,0.004115226337448585
235,235,0.9465020576131687,0.9470710873713146,0.9504662004662006,0.9801864801864801,2.3100447004345943,1.3483790641698854,2.259133893650643,1.3810769830509397,0.5368580936250769,0.1312757201646091,0.08353909465020577,0.03539094650205765,0.0020576131687242705,0.0028806584362139785,0.007818930041152295,-0.0016460905349794165,0.0028806584362139785,0.0057613168724280125,-0.0004115226337448541,-0.005349794238683103,0.0049382716049382715
236,236,0.9259259259259259,0.9257376297606182,0.9173753665689149,0.982624633431085,1.809465217425504,1.2955653489777714,1.722978663954288,1.5998902981804237,1.510263906176898,0.14279835390946502,0.08436213991769548,0.0440329218106996,0.0020576131687242926,-0.004526748971193406,0.009876543209876543,0.004115226337448552,-0.0024691358024691358,-0.00493827160493826,0.0041152263374485635,-0.0008230452674897082,-0.0028806584362139785
237,237,0.9547325102880658,0.955101549929049,0.9597096726410902,0.9931121315360687,1.3265958395067554,2.318941100594352,2.3034987412422376,1.376978334844655,0.35388931542642516,0.15761316872427983,0.07037037037037036,0.026748971193415627,0.0024691358024691245,0.0008230452674897082,0.010288065843621385,0.0,0.005349794238683103,0.0,0.003703703703703687,0.004115226337448541,0.0028806584362139785
238,238,0.9506172839506173,0.9509811375402772,0.9538719285182428,0.9880863737900224,1.7260034535914677,1.5875310935580305,2.2192689737692173,1.8312106958629217,0.06224855875432159,0.14238683127572016,0.09711934156378602,0.03086419753086419,-0.0008230452674897082,0.0,0.01069958847736625,0.0,-0.0008230452674897082,0.012757201646090555,0.0032921810699588438,-0.0008230452674897082,0.005761316872427968
239,239,0.9547325102880658,0.9549200932629981,0.9540286144578314,0.991265060240964,1.5741564734776226,1.823486238911788,1.6937147325269855,2.0862679268836577,0.8098215387223775,0.17201646090534978,0.08888888888888888,0.03950617283950615,-0.0008230452674897082,-0.0020576131687242705,0.01563786008230451,0.009465020576131643,0.003703703703703687,0.0024691358024691245,0.008230452674897082,0.006172839506172811,0.0016460905349794165
240,240,0.9629629629629629,0.9633210759151064,0.9691358024691358,0.9814052735863436,2.1728792970678623,1.330713526695248,2.026405241805763,1.2936935741096238,0.9421625500143042,0.14444444444444443,0.0901234567901234,0.031275720164609,0.005349794238683092,0.007818930041152227,0.013991769547325028,0.006584362139917666,0.006584362139917666,0.013580246913580197,0.004938271604938249,0.004115226337448541,0.00905349794238679
241,241,0.9753086419753086,0.9754908877131099,0.9784448025785657,0.9870265914585011,1.950896805873075,1.4464275239906224,1.9313785921476194,1.6874381752545622,0.9466723375923429,0.14238683127572016,0.09382716049382717,0.03827160493827161,0.012345679012345701,0.011934156378600846,0.017695473251028816,0.008230452674897104,0.009053497942386824,0.005761316872427968,0.006584362139917676,0.007818930041152227,0.004938271604938249
242,242,0.9629629629629629,0.9627489147084595,0.9510714285714286,0.995079365079365,1.8244335966306782,1.7477321394977081,1.767482110088953,1.900764006971228,0.6780480665579092,0.13950617283950612,0.08395061728395056,0.026748971193415592,-0.002057613168724326,0.005349794238683092,-0.0028806584362140453,0.0004115226337448208,0.0032921810699588216,0.003292181069958833,0.005761316872427935,-0.0012345679012346067,0.003703703703703687
243,243,0.934156378600823,0.9351108136248698,0.9413752913752914,0.9826728826728828,1.5848988744305437,1.6023363605293903,1.550426721703016,2.0205488647757046,0.8988855280256428,0.1382716049382716,0.06543209876543207,0.0156378600823045,0.006584362139917666,0.006584362139917666,0.009465020576131656,0.0008230452674897082,0.006995884773662519,0.004938271604938249,0.006995884773662519,0.004938271604938249,0.0016460905349794165
244,244,0.9423868312757202,0.9425091742412662,0.9407171775592829,0.9877096587622904,2.209395803706686,1.762517721846758,2.151386887310871,0.9848154828609372,0.6741802863476625,0.12510288065843628,0.0769547325102881,0.05185185185185189,0.005761316872428046,0.008641975308642047,0.01028806584362143,-0.005349794238683092,-0.0020576131687242484,0.01028806584362144,0.004526748971193461,-0.004115226337448518,0.004115226337448608
245,245,0.9300411522633745,0.9307852681009499,0.9315850815850816,0.983916083916084,1.2727431633924948,1.4254537446988327,1.5437494068210638,1.919550059164312,1.003683943765703,0.14691358024691356,0.06337448559670782,0.024691358024691367,-0.021810699588477377,-0.01728395061728396,0.0251028806584362,-0.0037037037037036978,-0.009053497942386812,-0.008230452674897104,-0.004938271604938249,-0.01440329218106996,-0.00493827160493826
246,246,0.9465020576131687,0.9465833475786181,0.941358024691358,0.9911598841639994,1.1268237698220809,2.169963365570624,1.9009268156673882,1.5620166421866255,0.7241099837421194,0.15308641975308643,0.07242798353909467,0.03045267489711937,0.013168724279835443,0.009465020576131711,0.014403292181070004,-0.0012345679012345512,0.0049382716049383045,0.005349794238683148,0.002880658436214001,0.0008230452674897082,0.004115226337448585
247,247,0.9547325102880658,0.9548078786909703,0.9497668997668998,0.9874125874125874,1.1233260003059873,1.9730867836494603,1.8124367076566175,2.1269777226707767,0.6964898613983741,0.13786008230452676,0.08806584362139916,0.03662551440329218,-0.004526748971193395,0.0,0.0028806584362139785,-0.0004115226337448541,-0.004115226337448541,0.0016460905349794165,-0.0012345679012345622,-0.0024691358024691245,0.006172839506172811
248,248,0.9259259259259259,0.9266825965750697,0.9321114369501466,0.9758797653958944,1.2292139387500534,2.0647045322561564,1.7004016885242565,1.5769092831792615,1.0884626583131074,0.14650205761316873,0.07407407407407408,0.04650205761316871,0.005349794238683125,0.0037037037037036978,0.006995884773662564,0.010699588477366262,-0.0004115226337448541,0.012757201646090555,-0.0004115226337448541,0.0,0.011934156378600846
249,249,0.9465020576131687,0.9469539627817043,0.9507073715562174,0.9923306031273269,1.8364531867357146,2.402546076405983,1.4513038577661168,1.1841212186002528,0.809840423430027,0.16625514403292183,0.07530864197530869,0.026337448559670795,0.032098765432098796,0.0024691358024691466,0.004115226337448585,0.0016460905349794386,0.003292181069958855,0.0037037037037037203,0.002469135802469169,0.0024691358024691358,0.003292181069958855
