,random_seed,accuracy,f1_weighted,balanced_acc,auc,model_weights.random_forest,model_weights.bagging_svc,model_weights.bagging_knn,model_weights.gradient_boosting,model_weights.mlp,feature_importance.righttop_CO2_scaled,feature_importance.righttop_humidity_scaled,feature_importance.righttop_temperature_scaled,feature_importance.righttop_CO2_fd3_scaled,feature_importance.righttop_temperature_fd3_scaled,feature_importance.righttop_temperature_fd2_scaled,feature_importance.righttop_humidity_fd2_scaled,feature_importance.righttop_CO2_fd1_scaled,feature_importance.righttop_humidity_fd1_scaled,feature_importance.righttop_humidity_fd3_scaled,feature_importance.righttop_CO2_fd2_scaled,feature_importance.righttop_temperature_fd1_scaled
0,0,0.9745454545454545,0.9746356712842651,0.9626891041985381,0.9963454020057794,2.36436688353017,1.3030878066418607,1.5163315432612088,2.134717543373434,1.628315199591946,0.19090909090909086,0.01927272727272721,0.011272727272727212,0.006545454545454477,0.006545454545454477,0.005454545454545379,0.003999999999999959,0.003999999999999915,0.0003636363636363549,-0.0003636363636363993,-0.0010909090909090979,-0.001090909090909109
1,1,0.9672727272727273,0.9673857466255894,0.9516507457683928,0.995810289927937,2.907152477367353,1.5643376527654558,0.7451291936062266,2.5114755681135477,1.0426872972060426,0.19418181818181818,0.02072727272727274,0.004000000000000026,0.0043636363636363916,0.0061818181818181885,0.0003636363636363549,0.00436363636363638,0.01018181818181817,-0.001454545454545464,0.004000000000000015,0.005818181818181845,0.00036363636363637706
2,2,0.9745454545454545,0.9746228767820143,0.9653170119271814,0.9957627118644068,2.3927010155771207,1.5494456851451024,1.5457281529028137,2.483288260277547,1.4080557967400333,0.20545454545454542,0.025454545454545407,0.0032727272727272384,0.00363636363636356,0.003999999999999937,0.0018181818181817744,0.003999999999999959,0.0003636363636363438,-3.3306690738754695e-17,0.0032727272727271937,0.005454545454545379,0.0
3,3,0.96,0.9593093261769541,0.9229438274585546,0.9934814099468856,2.553831968890663,2.0145466898004947,1.1533181917240856,1.2084418302479614,1.8619994209939335,0.17018181818181816,0.02472727272727271,0.004363636363636292,0.008727272727272672,0.0025454545454544953,0.0076363636363635965,0.003636363636363593,0.0021818181818181403,0.006545454545454488,0.003999999999999948,0.0029090909090908725,0.0014545454545454085
4,4,0.9781818181818182,0.9779323448019496,0.9585678317535544,0.9996297393364928,2.319520933269266,1.587997827281873,1.5093193329930095,2.753125612319569,0.387350197313092,0.21381818181818182,0.027636363636363615,0.006181818181818144,-0.0018181818181818299,-0.008000000000000052,-0.001454545454545464,-0.0036363636363636598,0.000363636363636366,-0.0018181818181818299,-0.0018181818181818299,-0.0021818181818181958,-0.003272727272727294
5,5,0.9672727272727273,0.9669059395676975,0.9366394696583376,0.99473057963624,1.9215128466179605,2.0399792912811856,1.210188021650639,2.46820526397312,1.466639425253919,0.13963636363636364,0.03490909090909091,0.004727272727272735,-0.004727272727272714,0.0032727272727272826,0.004000000000000026,0.011272727272727268,0.0018181818181818299,0.003272727272727294,0.004727272727272735,-0.0029090909090909054,-0.003999999999999992
6,6,0.9818181818181818,0.9817704822459874,0.972488038277512,0.998767580107293,2.8258722396833003,1.468965970599223,1.5178793947283427,1.4627128394728794,1.3634346837400384,0.20290909090909087,0.029090909090909067,0.004727272727272747,0.008000000000000007,0.0010909090909090979,0.001454545454545464,0.000363636363636366,0.000363636363636366,0.0,0.000727272727272732,0.0,-0.003272727272727294
7,7,0.96,0.9607673818606804,0.9511288546255506,0.9932085168869309,1.884945897958528,2.1592103852574094,1.56877518083432,1.9142670259957004,1.4133367008163442,0.13381818181818178,0.011999999999999966,0.0014545454545454085,0.0007272727272727098,-0.00545454545454549,-0.000363636363636366,-0.006909090909090953,-0.0061818181818182215,-0.007636363636363686,-0.00290909090909095,0.0007272727272727098,-0.0036363636363636598
8,8,0.9672727272727273,0.9673857466255894,0.9516507457683928,0.9963968493380257,3.1584804773745034,1.4057734765690435,1.5336685229797293,2.758478854377268,0.21366701540889121,0.15563636363636366,0.014181818181818207,0.0,0.001454545454545464,0.0040000000000000036,0.0043636363636363916,0.003272727272727294,-0.005090909090909079,-0.001454545454545464,0.00436363636363638,0.0021818181818181958,-0.000363636363636366
9,9,0.9745454545454545,0.9744300594479736,0.9490338164251207,0.9953623188405798,2.8761878730197705,1.7456726217450396,0.8301417416573101,2.7428031128748125,0.5210679440909356,0.153090909090909,0.025090909090909032,0.002545454545454506,0.0014545454545454195,0.01054545454545448,0.0025454545454544953,0.004363636363636303,0.004363636363636303,0.002909090909090861,0.008727272727272684,0.0007272727272726986,0.0014545454545453972
10,10,0.9672727272727273,0.9673607086720937,0.9569016587677726,0.9964454976303317,2.403546888476001,1.4706281856705952,0.9770491987090972,2.519681575741712,1.4342318992629322,0.21527272727272734,0.009454545454545483,-0.002909090909090928,0.000363636363636366,-0.001454545454545464,0.006545454545454565,-0.0014545454545454527,-0.0018181818181818299,0.0010909090909090979,-0.007272727272727253,-0.0025454545454545396,-0.002181818181818185
11,11,0.9636363636363636,0.9636363636363636,0.941568927417984,0.99473057963624,2.5409744754235213,1.3530018350310242,0.7175482034745465,2.5835875689968555,2.1136997831447935,0.17418181818181816,0.014545454545454528,0.004363636363636347,-0.000363636363636366,0.000727272727272732,0.0072727272727272415,0.007999999999999974,0.002181818181818185,0.005090909090909079,0.009090909090909049,-0.0010909090909090979,0.002181818181818185
12,12,0.9818181818181818,0.9818843328955688,0.9740427733701276,0.9987926871334943,2.5186891830712863,1.7712528942107855,0.9494843787466707,2.4742335209873185,0.9285245358266192,0.1829090909090909,0.019999999999999997,0.00945454545454546,0.0061818181818182215,0.005090909090909123,0.0018181818181818299,0.004000000000000026,0.002909090909090928,0.0021818181818181958,0.006545454545454565,0.0036363636363636598,0.0036363636363636598
13,13,0.9818181818181818,0.9820017574003906,0.9816909669850846,0.9990782637841461,2.91928806962396,2.0772856560876387,1.0390685042522145,1.7907996205715995,1.122789937192825,0.17636363636363636,0.021090909090909084,-0.003272727272727294,0.000727272727272732,0.0021818181818181958,0.000727272727272732,0.0021818181818181958,0.0025454545454545617,-0.000727272727272732,0.004727272727272735,0.0021818181818181958,-0.0018181818181818299
14,14,0.9927272727272727,0.9927678401263306,0.9953051643192488,0.9998485536877177,3.232651400187579,1.5121565801367503,1.182521924536313,1.902340323679319,0.9055792305776936,0.21127272727272722,0.03672727272727268,0.005454545454545401,0.0072727272727272085,0.007636363636363585,0.005818181818181755,0.0014545454545454195,0.0010909090909090647,-2.2204460492503132e-17,0.0065454545454544984,0.004363636363636292,0.0025454545454544953
15,15,0.9527272727272728,0.9526062376346358,0.9333381171067738,0.9885189437428243,2.898305242460627,1.489282222825673,1.6411074314446894,1.7023570092105123,1.715097756543326,0.21563636363636368,0.026545454545454584,0.011636363636363677,0.002909090909090928,0.007636363636363675,0.009090909090909139,0.007636363636363675,-0.0014545454545454527,-0.0007272727272727098,0.003272727272727294,0.0018181818181818299,0.005090909090909123
16,16,0.9745454545454545,0.9746356712842651,0.9626891041985381,0.995580486146524,2.4414962529495674,1.2975395933858842,1.600525480878568,2.4620253314553135,0.8446362040263956,0.172,0.017090909090909025,0.007999999999999941,0.0014545454545454085,0.002545454545454484,-0.0036363636363636598,-0.00036363636363638817,-0.001454545454545475,-0.002909090909090928,0.0003636363636363549,0.0003636363636363549,-0.0025454545454545617
17,17,0.9709090909090909,0.9707107438016529,0.9485078277886496,0.9959230267449446,2.4528165691271813,1.4432100040199227,1.5853429973342918,1.7775502963167182,1.4846808673073695,0.16036363636363643,0.028000000000000025,0.016000000000000014,0.0036363636363636598,0.0010909090909091202,0.002909090909090939,0.001090909090909109,0.0007272727272727431,0.005090909090909123,-0.00036363636363633266,-0.0010909090909090647,0.001454545454545464
18,18,0.9636363636363636,0.9634524058031521,0.9462205171923842,0.9958795112247798,2.793419281253141,1.3162231323162539,1.2175206497109283,1.664381943824308,1.6180972983388544,0.19745454545454544,0.035272727272727254,-0.0010909090909090979,0.001454545454545464,0.0,0.0058181818181818005,0.007999999999999962,-0.001454545454545475,-0.0036363636363636377,0.0029090909090909167,-0.004727272727272758,0.0018181818181817965
19,19,0.9672727272727273,0.9673469528014981,0.9595760839547086,0.9975835404584369,2.329786054733568,2.0309205611231658,0.7208695879284966,2.0970745979390846,1.7518434989257112,0.21927272727272729,0.019272727272727275,-0.0007272727272727098,-0.010545454545454525,-0.006909090909090865,0.0032727272727272718,-0.005090909090909079,-0.009818181818181771,-0.011272727272727245,-0.010909090909090879,-0.012363636363636332,-0.0018181818181818299
20,20,0.9745454545454545,0.9750471455127775,0.9762038073908175,0.9958006718924972,2.9813991614782345,1.8306245739960787,1.1384316190265527,2.416180315891686,0.5835432122108501,0.12654545454545452,0.026909090909090837,0.008727272727272672,-0.0021818181818181958,0.0010909090909090534,0.0021818181818181403,0.00363636363636356,0.0007272727272727098,-1.1102230246251566e-17,0.00290909090909085,-0.001454545454545475,-0.0010909090909091202
21,21,0.9854545454545455,0.9853500842180086,0.9699597787833082,0.998407910172616,3.105924382060749,1.8129918848112265,0.8593910320411052,1.0342576048133603,2.0413642208977656,0.1745454545454546,0.0290909090909091,0.00981818181818186,0.0036363636363636598,-0.0010909090909090979,0.0025454545454545617,0.001454545454545464,-0.000727272727272732,0.002909090909090928,0.00036363636363637706,0.0,0.0010909090909090979
22,22,0.9781818181818182,0.9781818181818182,0.9659090909090908,0.9983471074380165,2.582731852517823,1.7959935809179517,0.9181061311960099,2.120885623601086,1.2745078906342993,0.1785454545454545,0.02436363636363633,0.012363636363636344,-0.0010909090909090979,-1.1102230246251566e-17,0.0010909090909090758,0.007999999999999941,-0.0010909090909090979,-0.004000000000000026,0.0025454545454545287,0.0003636363636363549,0.0010909090909090868
23,23,0.96,0.9601247507944969,0.9430716669315112,0.9938026378515812,2.5544368348972495,1.5034809621929066,1.1642819391553088,1.8598796044461416,2.071778400577162,0.17163636363636364,0.0247272727272727,0.006545454545454488,-0.0007272727272727431,0.0014545454545453862,-0.001454545454545464,-0.002181818181818207,-0.003272727272727294,-0.0043636363636363916,-0.0025454545454545842,-2.2204460492503132e-17,-0.002181818181818218
24,24,0.9636363636363636,0.9638603549620498,0.9516923565866836,0.9939615445733355,3.0234978109490935,1.831834365366627,1.2201835581438436,1.8190798960946475,0.817645681668117,0.18727272727272726,0.02727272727272727,0.014909090909090882,0.005090909090909068,0.014545454545454528,0.002181818181818185,0.0076363636363635965,0.0036363636363636264,0.005454545454545434,0.009818181818181792,0.004363636363636359,0.006181818181818155
25,25,0.9781818181818182,0.9780601159846443,0.9640106635071091,0.9969638625592416,2.698872697669761,1.9163450736698153,0.7626096228721766,1.7160280795389968,1.6212223652385656,0.19709090909090907,0.04218181818181814,0.009454545454545415,0.011999999999999966,0.009454545454545448,0.0029090909090908946,0.0058181818181818005,0.008363636363636318,-0.005090909090909123,0.00654545454545451,0.002909090909090928,0.002181818181818185
26,26,0.9709090909090909,0.9712674770301888,0.968694672460969,0.9971028488652824,2.42046593022959,1.3627188965786479,0.9996941511105895,2.822167753107597,1.2257642528779487,0.19090909090909094,0.02072727272727275,0.01054545454545459,0.0072727272727273196,0.007636363636363663,0.002545454545454573,0.004727272727272758,0.0003636363636364104,0.001818181818181852,0.004000000000000026,0.0021818181818181958,0.004363636363636403
27,27,0.9709090909090909,0.9705123966942149,0.9427812650893288,0.9983099951714148,2.66059953127326,1.885356694759514,0.9202227041432612,2.322960891853057,1.0965243245162577,0.18363636363636368,0.012727272727272764,0.009090909090909127,-0.0014545454545454085,0.00545454545454549,0.003272727272727294,0.001818181818181841,-0.0018181818181817744,0.0010909090909090979,0.001090909090909109,-0.0010909090909090534,0.004000000000000026
28,28,0.9854545454545455,0.9855563173210232,0.9838092809790924,0.998470168281489,2.7180291478917757,1.5954255368983228,1.140581239678469,1.1612236772933728,2.135885581123862,0.17600000000000002,0.029454545454545466,0.020000000000000007,0.005090909090909123,0.0036363636363636598,0.0061818181818182215,0.005818181818181845,0.007636363636363686,0.0021818181818181958,0.01200000000000001,0.006909090909090953,0.0036363636363636598
29,29,0.9818181818181818,0.9818918342984706,0.9725587371512482,0.9963289280469897,2.937890511581527,1.669995453054689,0.7805225652538459,2.2225568430770686,1.4043423854558685,0.2007272727272727,0.019999999999999997,0.002545454545454551,0.003272727272727294,0.007272727272727287,0.006545454545454565,0.011636363636363611,0.0021818181818181958,0.004727272727272747,0.002909090909090928,0.0065454545454545765,0.0010909090909090979
30,30,0.9745454545454545,0.9744660676762292,0.9591572504708098,0.9973320778405524,3.2626677607218513,1.2153610597673017,1.0523958425323319,1.8357837719783123,1.1930875294805252,0.20981818181818176,0.01672727272727268,0.005090909090909012,0.003999999999999937,0.004727272727272658,0.0018181818181817854,0.004727272727272647,0.0032727272727272163,0.007999999999999941,0.009090909090909038,0.009090909090909049,0.0021818181818181403
31,31,0.9672727272727273,0.967372270148304,0.9545276208411801,0.9980382925298179,2.5000855014790497,2.104388943030124,1.6116292528869507,1.9127200248233203,0.43283543228309124,0.16072727272727272,0.012727272727272731,-0.0014545454545454527,-0.000363636363636366,-0.006545454545454521,0.00036363636363637706,-0.0029090909090909054,-0.0025454545454545617,0.00545454545454549,-0.007272727272727253,-0.0018181818181818078,-0.0058181818181818005
32,32,0.9636363636363636,0.9641075164976661,0.9568181818181818,0.9962809917355372,3.1597332810123095,1.7099370282501434,0.8648073690013538,1.9823653309149387,0.7446829208862779,0.15818181818181815,0.006909090909090887,-0.00036363636363637706,0.0,-0.0032727272727272826,0.0,-0.005090909090909123,0.0,0.0036363636363636598,-0.009454545454545448,0.0,-0.000727272727272732
33,33,0.9709090909090909,0.9712765988183117,0.9684442270058709,0.9963307240704502,3.30803834433479,1.5208701997517218,1.2365768472918093,1.4172661838518847,1.6678920153543297,0.18363636363636368,0.01890909090909093,0.00545454545454549,2.2204460492503132e-17,0.005818181818181856,0.0061818181818182,-0.0018181818181817633,-0.0018181818181817854,-0.003636363636363582,0.007636363636363663,-0.006545454545454477,-0.0003636363636363438
34,34,0.9818181818181818,0.9818809703475496,0.9746941511647393,0.9982403217697335,2.6263821830101604,1.9407253696476898,1.2740693330755883,1.6614362177265638,1.419115649475073,0.20472727272727273,0.019999999999999973,0.0065454545454545765,0.0036363636363636598,0.001454545454545464,0.0061818181818182,0.002909090909090928,0.0021818181818181958,0.000727272727272732,0.0025454545454545617,0.001454545454545464,0.000363636363636366
35,35,0.9636363636363636,0.963890793302558,0.9487506374298827,0.9919258881523032,2.3800170285931825,1.9938207301576205,1.7618277582108297,2.2051915122895718,0.9263333654475384,0.16254545454545455,0.0178181818181818,0.0036363636363636155,0.0032727272727272718,0.004363636363636347,0.0032727272727272605,0.003999999999999981,-0.0021818181818181958,-0.0010909090909090979,0.009090909090909049,-0.000727272727272732,-0.001454545454545464
36,36,0.9745454545454545,0.9742817427221097,0.9507909328114807,0.9982876712328768,2.870339448007984,2.039806362260662,0.8557423727416731,2.343891773886185,0.26312609905974377,0.1665454545454545,0.02763636363636357,0.014545454545454495,0.0003636363636363549,-0.0043636363636363916,-2.2204460492503132e-17,-0.001454545454545475,-0.0025454545454545617,-0.004000000000000026,-0.0003636363636363993,0.00036363636363633266,-0.0061818181818182215
37,37,0.9781818181818182,0.9783162129772298,0.973542030827904,0.9972191323692993,2.265115812081583,1.9933728338029173,1.373891009918638,1.834167308292568,1.7259827219255115,0.19127272727272726,0.016727272727272702,0.010181818181818158,0.0010909090909090979,0.0032727272727272605,-0.000363636363636366,0.003999999999999992,-0.0021818181818181958,0.0025454545454545396,-0.000363636363636366,-0.007636363636363686,-0.0025454545454545617
38,38,0.9745454545454545,0.9744680323088948,0.9596899224806201,0.9961240310077519,2.76415133206903,1.859973649802163,0.9417715286121812,1.551735172913034,1.7505719299487494,0.17854545454545448,0.0414545454545454,0.02072727272727266,0.01599999999999995,0.010181818181818148,0.010181818181818125,0.009818181818181781,0.0018181818181817633,0.010545454545454492,0.024727272727272674,0.011272727272727212,0.005090909090909046
39,39,0.9672727272727273,0.9673698202623824,0.9550387596899225,0.9970542635658916,2.13575453172396,1.960083533820679,1.0498707968286909,2.635056895798973,1.301968301621989,0.22363636363636363,0.012363636363636377,0.003272727272727294,-0.002545454545454551,0.0,-0.0058181818181818005,-0.004727272727272714,-0.000727272727272732,-0.006909090909090865,0.002909090909090928,-0.004727272727272724,-0.0025454545454545617
40,40,0.9818181818181818,0.9820065474062853,0.98155702872684,0.9979602243753187,2.4840590247307825,1.3210895541743009,1.0352204136526433,2.2179776125124095,1.3804538672173718,0.20363636363636362,0.02036363636363636,0.01272727272727272,-0.001454545454545464,0.010545454545454535,0.005090909090909123,0.00545454545454549,0.003272727272727294,0.006545454545454565,0.001454545454545464,0.00618181818181821,0.003272727272727294
41,41,0.9563636363636364,0.9565898216615919,0.9448717948717948,0.9936263736263736,1.857676811567397,1.9749457911428951,1.3538380428981445,2.41126147383526,1.409197459795752,0.17381818181818187,0.02945454545454551,0.013454545454545507,-0.0010909090909090758,-0.00036363636363633266,0.003272727272727294,0.0014545454545454861,-0.0021818181818181294,-0.002909090909090861,-0.0018181818181817633,-0.009454545454545405,-0.002545454545454484
42,42,0.9854545454545455,0.9857221566312476,0.9914163090128756,0.9978540772532188,2.56484961046426,1.8879447441618662,1.2466371207437503,1.8323374037764817,1.4730426805618049,0.12909090909090906,0.02218181818181819,0.017818181818181823,0.007636363636363686,0.0061818181818182215,0.0036363636363636598,0.000363636363636366,0.0043636363636363916,0.0021818181818181958,0.0036363636363636598,0.003272727272727294,0.000727272727272732
43,43,0.9745454545454545,0.9749737975706084,0.9770525242223356,0.9975352711201768,3.544344351329205,2.1074907989050895,0.878481678759176,1.3082579169121995,0.6744340307415253,0.1585454545454545,0.017090909090909035,0.0174545454545454,0.0072727272727272085,0.0029090909090908725,0.0014545454545454195,0.00290909090909085,0.0032727272727272384,0.0018181818181817965,0.008363636363636306,0.005090909090909012,0.0032727272727272163
44,44,0.9563636363636364,0.9574944032307625,0.9586095529491756,0.9918408975012748,1.8585550313707007,1.8282194979066742,1.0473112077822704,2.2940312491374666,1.9463474330695614,0.1683636363636364,0.018545454545454587,0.0007272727272727653,-0.005454545454545401,0.004727272727272769,0.004000000000000026,0.002909090909090939,-0.005090909090909012,-0.003636363636363582,0.004727272727272758,-0.003636363636363571,-0.005818181818181755
45,45,0.9709090909090909,0.9709090909090909,0.9578673203615751,0.9935651907461315,3.036669850544566,2.0557318743400304,1.057098318547917,1.1771840221196517,1.1062540072068237,0.1774545454545455,0.021818181818181848,0.01054545454545458,0.005818181818181856,0.010545454545454558,0.007636363636363675,-0.00036363636363632155,0.003272727272727294,0.001090909090909109,4.4408920985006264e-17,-0.00036363636363633266,0.002909090909090928
46,46,0.9854545454545455,0.9852282828282829,0.9615384615384616,0.9987926871334943,2.9600547052100787,1.5714694561177232,1.2556420587979542,1.6416193495196063,1.3842409618478486,0.18327272727272725,0.0301818181818182,0.010181818181818236,-0.0007272727272727208,0.0018181818181818299,0.0018181818181818299,-0.0010909090909090979,-0.0036363636363636598,0.0010909090909090979,0.0036363636363636598,-0.003272727272727294,-0.000727272727272732
47,47,0.9818181818181818,0.9818695187165775,0.9768287142208087,0.9981826442526124,3.1884626573603576,2.0897259747853014,1.2568257182930218,1.5777336389768737,0.4690235988284844,0.19490909090909092,0.03127272727272725,0.011272727272727268,0.0,0.008000000000000007,0.002909090909090928,-0.0010909090909090979,-0.0043636363636363916,-0.000363636363636366,0.0,-0.0010909090909090979,0.000363636363636366
48,48,0.9745454545454545,0.9746356712842651,0.9626891041985381,0.9978752337242903,2.604343731576657,1.4616298220675181,1.2761632269662075,1.7388737960921805,1.8673451990521477,0.1756363636363636,0.018909090909090875,0.009818181818181771,0.0018181818181817854,-0.0025454545454545617,-0.00545454545454549,-0.0007272727272727431,-0.006909090909090953,-0.003272727272727294,0.0010909090909090424,-0.006909090909090953,-0.006909090909090953
49,49,0.9745454545454545,0.9748161047618865,0.9695584684373922,0.9964642980338048,2.6168550153478383,2.130116647848223,0.9801137919314045,1.430598358565912,1.7722849681100563,0.1818181818181818,0.034909090909090855,0.013090909090909052,0.012363636363636299,0.0065454545454544984,0.008363636363636306,0.012727272727272676,0.007999999999999941,-0.0007272727272727653,-0.0014545454545454861,0.003272727272727227,0.0032727272727272163
50,50,0.9745454545454545,0.9742274567537726,0.9445548130756727,0.9975618566010475,2.3134667822766724,1.4520186312195873,0.8591366342943363,3.098659449220315,0.9644819241280728,0.17090909090909084,0.03527272727272723,0.006545454545454477,0.0003636363636363438,0.00545454545454539,0.003999999999999948,0.0018181818181817633,0.00472727272727268,0.0003636363636363438,0.003636363636363582,0.005818181818181745,0.002909090909090839
51,51,0.9854545454545455,0.9853444104914694,0.9689116936874784,0.9989651604001379,2.5990796412645207,2.139407012791373,0.6149463343828019,1.8155776133408146,1.729881909262102,0.17309090909090913,0.029454545454545476,0.010181818181818214,0.000363636363636366,0.0025454545454545617,0.005818181818181856,-0.0014545454545454417,-0.0007272727272727208,0.002181818181818207,-0.0018181818181818188,0.00618181818181821,0.0043636363636363916
52,52,0.9818181818181818,0.9815122225145005,0.9568965517241379,0.9994438264738598,2.9927982036669634,1.445678519583055,0.5349133960372404,1.767639246177258,2.0115612198323487,0.20545454545454542,0.03236363636363635,0.008363636363636361,0.008363636363636373,0.011999999999999978,0.007636363636363619,0.0021818181818181958,0.0069090909090909315,0.003272727272727294,0.000727272727272732,0.00872727272727274,0.004727272727272758
53,53,0.9781818181818182,0.9784312915616868,0.9800387596899225,0.9972093023255814,2.700230145143725,1.714084465325203,1.2272809564992873,1.9179624958491561,1.1991496788375935,0.17127272727272724,0.03890909090909087,0.014181818181818151,0.000727272727272732,0.003999999999999981,0.006181818181818155,0.010545454545454502,0.0,0.0010909090909090868,0.007999999999999941,0.002545454545454551,0.0010909090909090868
54,54,0.9672727272727273,0.9675640062416923,0.9606873822975518,0.9951349654739485,2.9115397156114073,1.524045364715562,0.8287600822972535,1.8116233691619488,2.4757858549751033,0.18909090909090912,0.03636363636363639,0.016727272727272723,0.0021818181818181958,0.00545454545454549,0.009818181818181827,0.002909090909090928,0.005454545454545467,0.002909090909090928,0.004727272727272747,0.003272727272727294,0.009090909090909094
55,55,0.96,0.9604253074829644,0.9458433942738875,0.9950845119006554,2.508747988174351,1.6825032947976937,0.8711469549486823,2.501197376603417,1.612756832748269,0.16436363636363632,0.013818181818181762,0.0072727272727272085,-0.002909090909090928,-2.2204460492503132e-17,0.0010909090909090534,-0.001090909090909109,-0.005090909090909123,-0.0010909090909090979,-0.0018181818181818633,-0.003272727272727294,-0.001454545454545464
56,56,0.9854545454545455,0.9854545454545455,0.9751670579736319,0.9987357774968394,3.026948266658928,1.4976215427081496,1.3669942458553195,2.3879137558553833,0.71997176024597,0.18145454545454548,0.011636363636363667,0.007272727272727308,0.006545454545454588,0.010909090909090946,0.006909090909090953,-0.0010909090909090979,0.0025454545454545617,0.00545454545454549,0.0018181818181818299,0.007636363636363675,0.003272727272727294
57,57,0.96,0.9595746925170355,0.9272727272727272,0.9974380165289256,2.222953956715269,2.1622599675354883,1.3734436648696342,1.2853533424262182,1.8495505831750523,0.14654545454545453,0.018181818181818153,0.0007272727272726875,-0.0036363636363636598,-0.001818181818181852,-0.0032727272727273047,0.0007272727272726986,-0.00545454545454549,-0.009454545454545493,-0.0007272727272727653,-0.012727272727272743,-0.005090909090909123
58,58,0.9709090909090909,0.9710928448637014,0.962216320618059,0.9962980846611943,2.860693530742735,1.4859568462450183,0.8726625595031974,2.1653864544518484,1.7676008490493766,0.16581818181818186,0.03272727272727275,0.012000000000000021,0.002909090909090939,0.002181818181818229,0.001818181818181841,0.002909090909090928,-0.0014545454545454195,0.000727272727272732,0.009454545454545504,-0.0032727272727272163,-0.0010909090909090534
59,59,0.9818181818181818,0.9817520307407946,0.9671936087030426,0.998895121536631,2.8932479938254243,1.3328201897421863,1.1858242638243757,1.4130364224192962,1.9585222034255036,0.14218181818181821,0.01963636363636363,0.001454545454545464,-0.0036363636363636598,0.007636363636363641,0.0025454545454545617,0.007272727272727275,-0.0025454545454545617,0.001454545454545464,-0.0010909090909090979,0.0010909090909090979,-0.000363636363636366
60,60,0.9818181818181818,0.9820331922327488,0.9807727606461086,0.9983480176211454,3.032978480809202,1.1304167709083222,1.0300858061954012,1.6117197070453158,1.8890268991039374,0.1810909090909091,0.01599999999999998,0.012363636363636332,0.010181818181818158,0.007272727272727297,0.002909090909090928,0.004000000000000015,0.009454545454545438,-0.000727272727272732,0.0069090909090909315,0.005454545454545478,0.005818181818181845
61,61,0.9672727272727273,0.9678680869692105,0.9644444444444444,0.9977777777777778,2.616780658404805,1.9052466330169744,1.6029299307304845,1.4376144020053012,1.1227803604568785,0.15636363636363634,0.009818181818181837,0.000363636363636366,-0.0076363636363635965,-0.004727272727272724,-0.005818181818181789,-0.004363636363636359,-0.013090909090909065,-0.005454545454545445,-0.0018181818181818188,-0.007999999999999962,-0.007999999999999962
62,62,0.9854545454545455,0.9855617924676221,0.983499649859944,0.999124649859944,2.9006070928448535,1.217877958800772,1.2575186095882056,2.38804651290005,0.9072111389927731,0.19963636363636367,0.01745454545454548,0.00981818181818186,0.005090909090909123,0.005090909090909123,0.0043636363636363916,0.000363636363636366,0.0010909090909090979,0.0,0.005818181818181856,0.006545454545454588,0.001454545454545464
63,63,0.9781818181818182,0.978503559221048,0.9788888888888889,0.9939555555555556,2.686182450933889,1.23986269894936,1.6692570035073457,1.2501898178013988,1.8985291984878092,0.16981818181818178,0.02290909090909087,0.014909090909090894,0.006909090909090876,0.0036363636363636377,0.0072727272727272415,0.005818181818181811,0.006181818181818144,0.0032727272727272605,0.0058181818181818005,0.0069090909090908535,0.0018181818181818188
64,64,0.9854545454545455,0.9856478681136216,0.9909502262443439,0.9975699681582035,2.8878215694522997,1.2747281420415995,1.1971522085867137,1.2300735309119428,2.139833941041618,0.18218181818181822,0.03600000000000002,0.005818181818181856,0.0072727272727273196,0.004727272727272758,0.003272727272727294,0.002909090909090928,0.0112727272727273,0.00545454545454549,0.000727272727272732,0.005818181818181856,-0.0032727272727272605
65,65,0.9854545454545455,0.9855512067840836,0.9840909090909091,0.9989256198347107,2.951560166646136,2.5362255569998315,0.6452876898420524,1.8576435808609162,0.6457233061823509,0.17381818181818182,0.0330909090909091,0.012000000000000044,0.0061818181818182215,0.0018181818181818188,0.0025454545454545617,-0.000727272727272732,-0.0018181818181818299,0.000363636363636366,0.0,0.005090909090909123,-0.000363636363636366
66,66,0.9781818181818182,0.9781818181818182,0.9668034765813616,0.9975857073877354,3.4280033381498605,1.5100087462086307,1.324253634323845,1.2047531293102194,1.1863757054160018,0.17781818181818182,0.026909090909090872,0.013818181818181785,0.0036363636363636264,0.01345454545454543,0.006909090909090887,0.011999999999999978,0.0029090909090909167,0.012727272727272688,0.01527272727272726,0.0036363636363636377,0.011636363636363601
67,67,0.9890909090909091,0.9890414540491315,0.9756038647342995,0.9986473429951691,3.0788577833999087,1.6311593868717855,1.0362490633852186,1.6513785642656422,1.3842720136410533,0.16872727272727275,0.025454545454545487,0.004727272727272758,-0.0007272727272726875,0.0007272727272727541,-0.0018181818181817744,0.0025454545454545617,0.0010909090909091313,0.00545454545454549,0.0065454545454545765,0.004000000000000026,0.004000000000000026
68,68,0.9745454545454545,0.9748161047618865,0.9695584684373922,0.9969817178337358,2.8976331332100607,1.7417538267160213,0.493479587387901,1.3392999729125998,2.3013177299674674,0.21127272727272722,0.019636363636363553,0.014545454545454483,0.00618181818181811,0.005454545454545401,0.009090909090909038,0.00727272727272722,0.010545454545454502,0.00363636363636356,-0.002545454545454573,0.011999999999999955,0.007999999999999952
69,69,0.9781818181818182,0.9781818181818182,0.9638918067226891,0.9983368347338936,2.5598590111179087,1.640405847470592,0.5582717144542054,2.3345703819831964,1.7645969257838647,0.17309090909090905,0.018181818181818143,0.0007272727272727208,-0.002909090909090928,0.0,-0.0010909090909090979,-0.0025454545454545617,-0.000363636363636366,-0.0021818181818181958,0.00654545454545451,-0.0025454545454545617,0.001454545454545464
70,70,0.9890909090909091,0.9891276242073507,0.9863636363636363,0.9995867768595041,2.530711595934601,2.2853184879376762,0.4342092992187715,2.144813661603607,1.4648772273135247,0.2036363636363637,0.027272727272727327,0.012363636363636432,0.006909090909090953,0.006545454545454588,0.008363636363636417,0.0018181818181818743,0.004000000000000026,0.0043636363636363916,0.009090909090909139,0.0036363636363636598,0.005818181818181856
71,71,0.9636363636363636,0.9634123723106774,0.9406976744186046,0.9963565891472868,2.680117141312635,1.5089043431410996,1.1567260154498848,2.0292005829604927,1.432947634142258,0.19163636363636366,0.016363636363636358,0.006545454545454532,-0.003272727272727294,-0.004727272727272747,-0.0025454545454545617,0.0010909090909090868,-0.001090909090909109,-0.000727272727272732,-0.000727272727272732,-0.002181818181818185,-0.005090909090909113
72,72,0.9745454545454545,0.9744528430371127,0.9555073941866394,0.9971953085160632,2.183580388281664,0.8591117330614956,0.8605189172726577,2.7188995287906743,2.1183866111589285,0.18618181818181814,0.03490909090909085,0.0029090909090908725,0.0007272727272726986,0.0072727272727272085,0.012363636363636299,0.0021818181818181403,-0.003272727272727294,-0.001454545454545475,0.007272727272727231,-0.0010909090909091202,-0.0010909090909091202
73,73,0.96,0.9604038662808594,0.9471258588905648,0.993547846489023,3.116513678156103,1.827228830205172,1.1341046359148854,1.4738887433534846,1.2239345989991512,0.15963636363636363,0.016363636363636323,0.010909090909090868,0.002545454545454484,-0.002181818181818218,-0.001454545454545464,0.002545454545454484,-0.004363636363636403,0.0039999999999999255,0.00036363636363633266,-0.003636363636363682,-0.0007272727272727431
74,74,0.9854545454545455,0.9855419309372798,0.9845809792843692,0.9984306340238543,2.8996722652569535,1.9040119854279016,1.3230158642753715,1.4396526686171855,1.3519862295663148,0.16836363636363635,0.02909090909090909,0.017454545454545455,0.005818181818181856,0.00545454545454549,0.000727272727272732,0.002909090909090928,-0.001454545454545464,0.0,0.001454545454545464,0.0036363636363636598,0.0010909090909090979
75,75,0.9745454545454545,0.9748232890704801,0.9692314425770308,0.9975490196078431,3.074405495956826,1.2491573731256713,1.6179488368207675,1.761138282876559,1.0576091504641258,0.18581818181818174,0.006181818181818122,0.008363636363636306,0.0036363636363635488,-0.0014545454545454861,-0.0007272727272727653,0.0021818181818181294,0.0025454545454544953,0.0007272727272727098,0.0014545454545454085,0.0,0.0014545454545454306
76,76,0.9745454545454545,0.9746268683839898,0.9645098985997103,0.9958152261387413,2.7810943316451056,1.8373771626223627,1.3946834339433931,2.5993244435377765,0.3016731173758985,0.18399999999999994,0.028363636363636313,0.014545454545454483,0.003999999999999937,0.011272727272727222,0.0018181818181817744,0.0014545454545454195,-0.001090909090909109,0.005818181818181745,0.0043636363636362805,0.0018181818181817744,-0.0007272727272727431
77,77,0.9818181818181818,0.9818960409487691,0.9717106512246061,0.99734194038352,2.888613469310875,1.7219800153903977,0.9346436216750995,1.3027408296929435,2.0019676721230697,0.18072727272727274,0.022181818181818157,0.011636363636363611,0.000363636363636366,0.010545454545454535,0.0069090909090909315,0.0036363636363636598,0.0,0.0010909090909090979,0.000727272727272732,-0.000363636363636366,0.000363636363636366
78,78,0.9709090909090909,0.9714290733421169,0.963813151563753,0.9968925421010425,2.6032468442053474,1.4299083337183716,0.9203149448149397,2.655138421396605,1.6469399651563044,0.20581818181818184,0.016000000000000025,0.002181818181818207,0.0025454545454545617,0.004727272727272769,0.004000000000000015,2.2204460492503132e-17,-0.0007272727272726765,-0.0003636363636363438,0.001818181818181852,0.0036363636363636598,0.004000000000000026
79,79,0.9745454545454545,0.9747720048546495,0.971476773383553,0.9967043314500942,2.288991309065856,1.4857742531653522,1.0859880757833957,2.3727343874115876,1.7189331778382084,0.21963636363636355,0.018909090909090855,0.0025454545454544953,0.00036363636363633266,-0.0032727272727273047,-0.001818181818181841,0.009818181818181771,0.0010909090909090647,0.0018181818181817744,0.007999999999999941,0.0047272727272726685,-0.004000000000000026
80,80,0.9781818181818182,0.9780601159846443,0.9640106635071091,0.9981486966824645,2.30317187786637,2.3751921966386003,1.0426229985727429,1.5532028344604716,1.311149486287299,0.2043636363636363,0.022545454545454514,0.010545454545454514,-0.003272727272727294,-0.002909090909090939,-0.004727272727272758,0.000727272727272732,-0.0043636363636363916,0.0029090909090909167,-0.003272727272727294,-0.004727272727272758,-0.003272727272727294
81,81,0.9709090909090909,0.9711024135681671,0.9613636363636364,0.9967768595041323,2.563614246939699,1.588665554963917,1.724502847891135,1.9668244390749632,1.1859097738754976,0.17745454545454548,0.009818181818181847,0.001454545454545475,0.001090909090909109,0.001818181818181841,-0.0007272727272726986,0.0021818181818181958,-0.006181818181818122,0.001454545454545464,0.0025454545454545617,-0.0010909090909090647,-0.0018181818181817744
82,82,0.9672727272727273,0.9676494420043342,0.9561134188188549,0.9934079826620914,2.7609314513489838,1.6671357052711908,1.3519359258203398,1.3509395284127972,1.5775103072388705,0.1592727272727273,0.021818181818181837,0.01272727272727272,0.003272727272727294,0.0025454545454545396,0.0036363636363636598,0.0025454545454545617,-0.002181818181818185,-0.003999999999999992,0.0021818181818181958,0.0,0.00436363636363638
83,83,0.9781818181818182,0.9784793388429751,0.9793047764745878,0.9952405235424103,2.4630548716687093,2.442478577497128,1.559845022479953,1.4397675100375695,0.8868469205110057,0.13309090909090907,0.034545454545454504,0.021454545454545428,-0.0018181818181818299,0.0032727272727272718,0.008363636363636328,0.00836363636363634,0.003999999999999992,0.0018181818181818188,0.009454545454545405,0.004000000000000015,0.0010909090909090979
84,84,0.9781818181818182,0.9784252225761658,0.9801210356978705,0.9974720392216946,2.8413934062778945,1.8987714162434017,0.26384640342119,2.3390997397383297,1.8423710260089141,0.23018181818181818,0.030181818181818153,0.008727272727272695,0.000363636363636366,0.0032727272727272605,0.0025454545454545287,0.004000000000000015,0.0040000000000000036,0.0010909090909090868,0.002545454545454551,0.0018181818181818188,-0.000727272727272732
85,85,0.9636363636363636,0.9633884297520662,0.9372961513372473,0.9949445531637313,2.446535731723513,2.0227547630849263,0.6163536542903051,1.8950728365884386,1.8260390894084138,0.18327272727272728,0.027636363636363626,0.014181818181818162,0.0018181818181818188,0.005454545454545445,-1.1102230246251566e-17,0.0058181818181818005,-0.002909090909090928,-0.002909090909090928,0.007272727272727253,0.0007272727272727098,0.004727272727272714
86,86,0.9818181818181818,0.9816679104667043,0.9668498168498169,0.996996336996337,2.8636158126796483,1.4108583326628383,1.6920128951407547,1.6487992930988702,0.7922976400428845,0.192,0.02799999999999999,0.01527272727272726,0.006909090909090953,0.007272727272727297,0.00545454545454549,0.002909090909090928,0.003272727272727294,0.001454545454545464,0.007999999999999997,0.0021818181818181958,0.0036363636363636598
87,87,0.9781818181818182,0.9784252225761658,0.9801210356978705,0.9963995710127164,2.7154356542480036,1.673746417987254,1.0662175440394328,2.1390551406093836,1.393491169261044,0.2309090909090909,0.04036363636363634,0.013090909090909065,0.002909090909090928,0.004000000000000015,0.005090909090909079,0.000727272727272732,-0.000363636363636366,0.001454545454545464,0.006181818181818155,0.002181818181818185,0.0
88,88,0.9745454545454545,0.9744640407069193,0.9586047989829969,0.996662958843159,2.3898510013925875,1.3673604931802543,2.072740773914096,0.6818557800834426,2.1800287903456836,0.16399999999999998,0.03236363636363632,0.014181818181818118,-0.0032727272727273047,0.008363636363636328,0.018545454545454466,0.010545454545454502,0.0014545454545454085,0.004727272727272658,0.006181818181818133,0.009090909090909038,-0.0007272727272727763
89,89,0.9818181818181818,0.9819882965379502,0.9820537582488331,0.9966199903428296,3.0139572070203493,2.0130836394874394,1.1067967888041423,1.3335093796733102,1.1491774785341151,0.18363636363636365,0.030181818181818178,0.018181818181818177,0.004000000000000015,0.003272727272727294,0.006545454545454554,0.009090909090909094,0.004727272727272747,0.0021818181818181958,0.005454545454545478,0.004727272727272747,0.005454545454545467
90,90,0.9672727272727273,0.966924748423029,0.9386363636363636,0.9976033057851239,3.0347927368064807,1.0944256091896527,1.4535592330008043,2.1869691523019603,0.9837089738375281,0.15854545454545454,0.020727272727272716,0.007636363636363652,-0.0032727272727272826,-0.0036363636363636155,-0.0018181818181818188,1.1102230246251566e-17,-0.0021818181818181958,0.0010909090909090979,0.009454545454545448,-0.0025454545454545396,-0.0025454545454545617
91,91,0.9745454545454545,0.9744863082260992,0.9644780447390224,0.9967550400441867,2.3492020129076217,2.0296107698640182,0.9388323521103364,2.827546303574264,0.6990077775929258,0.2538181818181817,0.02945454545454541,0.019636363636363573,0.0,0.002545454545454484,-0.0014545454545454861,0.005090909090909024,0.0,-0.0007272727272727541,0.010909090909090858,0.0007272727272726875,0.0014545454545454306
92,92,0.9781818181818182,0.9780539576862544,0.9630470998031198,0.9977283053157655,3.1443900048458064,1.704084087922143,1.2596194020344016,1.8620430364891287,0.6266703601542453,0.184,0.029818181818181765,0.010909090909090868,0.0025454545454545617,0.009454545454545438,0.004727272727272714,0.005090909090909079,0.005090909090909079,0.0032727272727272718,0.005090909090909057,0.003272727272727294,0.000363636363636366
93,93,0.9890909090909091,0.9892039284437713,0.9932432432432432,0.9992350841407446,2.863787265858333,1.5579032679087588,1.352157056289236,1.443042467943744,1.4668593652596353,0.18436363636363637,0.03018181818181821,0.010181818181818247,-0.00036363636363633266,-0.0007272727272726986,0.0007272727272727653,0.0043636363636363916,0.0003636363636363993,-0.0003636363636363438,0.0018181818181818299,-0.0010909090909090647,0.00036363636363638817
94,94,0.9745454545454545,0.9746268683839898,0.9645098985997103,0.996861419604056,2.722949203119331,1.6850047411670424,0.9866770177296881,2.638342967789671,0.8594447753137415,0.19018181818181812,0.02072727272727265,0.006545454545454477,-0.000363636363636366,0.007636363636363575,0.0021818181818181515,-0.0003636363636364104,-2.2204460492503132e-17,0.0010909090909090424,0.007636363636363585,-0.002909090909090928,0.00036363636363633266
95,95,0.9672727272727273,0.966924748423029,0.9386363636363636,0.9971900826446282,2.27393877183169,2.222177906667313,0.6429293246216284,2.4344864797372723,1.4649323899016395,0.17163636363636364,0.021090909090909094,0.004727272727272747,0.0025454545454545617,-0.005090909090909068,-0.0007272727272727098,-0.0036363636363636155,-0.002181818181818185,-0.007999999999999974,-0.0018181818181818188,-0.001454545454545464,-0.009454545454545415
96,96,0.9818181818181818,0.9818748867247713,0.9758461782933419,0.9969013189257906,2.718050149635267,1.8043554500591779,0.8628855524330133,1.8731956510429246,1.532534529844955,0.17963636363636365,0.025818181818181796,0.015636363636363625,0.003272727272727294,0.011636363636363656,0.008363636363636373,0.006909090909090943,0.0036363636363636485,0.006909090909090909,0.004727272727272758,0.00436363636363638,0.009090909090909094
97,97,0.96,0.9604604291164083,0.9436969478056709,0.9948528083799892,2.9579627865313665,1.9900799737414994,1.2963272605284437,1.2421368974765694,1.1935563416238473,0.12399999999999997,0.006545454545454488,0.0021818181818181515,0.0021818181818181403,-0.003272727272727294,-0.002909090909090939,-0.002545454545454573,-0.001090909090909109,-0.008000000000000052,-0.004363636363636403,-0.004363636363636403,-0.004727272727272758
98,98,0.9818181818181818,0.9816715461525712,0.967304625199362,0.9989850659707119,2.796222169597853,1.8103638950435863,1.004473377538435,1.2142307245447574,1.9754896563573145,0.22763636363636364,0.03236363636363635,0.015636363636363636,-0.00690909090909092,0.003272727272727294,0.008363636363636384,-0.003272727272727294,-0.010545454545454525,0.002909090909090928,0.002181818181818185,-0.003272727272727294,0.0
99,99,0.9527272727272728,0.9525798399701402,0.926789077212806,0.9906622724419335,2.0033256915558195,1.9268884506909174,0.9086690863958523,2.5961542145351864,2.176707897507,0.14290909090909093,0.03163636363636367,0.01709090909090909,-0.0018181818181818188,0.003272727272727294,0.002181818181818207,0.005818181818181856,-0.005454545454545445,0.0018181818181818299,0.005090909090909123,-0.0021818181818181737,-0.0014545454545454417
100,100,0.9636363636363636,0.963890793302558,0.9487506374298827,0.9954954954954954,2.8763834953394487,2.172416263084145,0.8336550105719407,1.305903438947147,0.9452527203518013,0.1745454545454545,0.014545454545454518,0.003999999999999992,-0.0010909090909090979,-0.002909090909090928,-0.006545454545454565,-0.0036363636363636485,-0.005090909090909113,0.0010909090909090868,-0.00436363636363638,-0.004727272727272758,-0.004727272727272758
101,101,0.9781818181818182,0.9780330578512396,0.9597195042400521,0.9978799739073712,2.1194761923793526,1.9835217746055027,1.3489058822919224,2.2895841713110063,1.2510011215945605,0.196,0.0247272727272727,0.0036363636363636264,-0.0025454545454545617,-0.0021818181818181958,-0.002909090909090928,0.006545454545454532,-0.0025454545454545617,0.005818181818181789,0.013090909090909065,-0.001454545454545475,0.0
102,102,0.9672727272727273,0.967391799212024,0.950327699206623,0.9963780614004829,2.3016243055807974,1.9337935025163238,1.1518777318033167,1.9105503419542444,1.227786429143034,0.18254545454545457,0.006545454545454554,-0.005818181818181778,0.0,-0.006181818181818166,-0.0036363636363636485,0.0036363636363636598,-0.002545454545454551,-0.006909090909090865,-0.0021818181818181737,-0.006181818181818144,-0.0014545454545454527
103,103,0.9781818181818182,0.9780404723234274,0.9609089464484348,0.9963451453996505,2.6726112439983654,1.4971352799000406,1.5344978764232333,1.0020056006594669,1.533918190966522,0.152,0.04472727272727269,0.023272727272727212,0.006909090909090876,0.01345454545454543,0.006181818181818155,0.011272727272727268,-0.0007272727272727431,0.005090909090909068,0.009454545454545415,0.0032727272727272826,0.009454545454545415
104,104,0.9781818181818182,0.9781818181818182,0.9654348919054802,0.9983241159711748,2.6271588612958308,1.8363974766812454,0.7785134564595259,1.9725664524970377,1.4100392592477073,0.2087272727272727,0.010181818181818158,-0.0025454545454545617,0.0065454545454544984,0.0018181818181818188,0.0025454545454545287,-0.0018181818181818299,-0.0025454545454545617,-0.002909090909090928,0.0,-0.000727272727272732,-0.000727272727272732
105,105,0.9709090909090909,0.9712765988183117,0.9684442270058709,0.9951076320939335,3.276263426926336,1.8192008269870956,0.734066612653206,0.4825660696626586,2.210122889748088,0.17381818181818184,0.03454545454545459,0.01381818181818183,2.2204460492503132e-17,0.0061818181818182215,0.0007272727272727653,0.00290909090909095,-0.005818181818181745,0.002181818181818218,0.008363636363636406,0.0036363636363636598,0.0036363636363636485
106,106,0.9709090909090909,0.9709090909090909,0.9578673203615751,0.996705990500996,3.2237178845442225,2.7155659094820153,0.6972331798150175,1.7258837051988296,0.29657802298468483,0.1494545454545455,0.020000000000000028,0.0061818181818182215,0.00036363636363637706,0.0061818181818182215,0.0025454545454545842,0.00545454545454549,-0.00618181818181811,0.001454545454545475,0.0040000000000000365,-0.0003636363636363549,-0.0007272727272726765
107,107,0.9709090909090909,0.9707468213128592,0.9538284952606635,0.996297393364929,2.3134482912636454,2.034273419223184,0.5475043244642992,2.4393605495189217,1.8669727523538862,0.20909090909090913,0.03200000000000004,0.015272727272727294,0.0072727272727273196,0.007636363636363675,0.0036363636363636598,0.008363636363636417,0.001454545454545475,0.006909090909090953,0.0021818181818181958,0.003272727272727294,-0.0007272727272727098
108,108,0.9781818181818182,0.9781818181818182,0.9687641980917765,0.9973496895350598,2.7683014574665146,2.6770390968511406,0.27133275278087443,1.186099133886598,1.3277392595906208,0.18145454545454545,0.03236363636363634,0.007999999999999985,0.0032727272727272826,0.001454545454545464,-0.0036363636363636598,-0.0021818181818181958,-0.0072727272727273196,0.000363636363636366,-0.00036363636363638817,-0.007636363636363686,-0.00036363636363637706
109,109,0.9818181818181818,0.9817585342908848,0.9690970545630131,0.9967004667632383,2.1034571888801645,1.8923203256148082,0.909304730390262,2.3748299906707913,1.7968850078497092,0.21454545454545454,0.04109090909090908,0.007636363636363652,-0.0025454545454545617,0.004000000000000015,-0.000363636363636366,0.003272727272727294,0.002909090909090928,0.000727272727272732,0.005818181818181856,0.000363636363636366,0.0043636363636363916
110,110,0.9854545454545455,0.9854545454545455,0.9762849258364954,0.9990513970334598,2.6313941018907037,2.068975387754278,1.3501537450667502,1.9362815222911263,0.6517390152569015,0.18145454545454545,0.02072727272727274,0.004000000000000026,0.0036363636363636598,0.00036363636363637706,0.000727272727272732,0.0,0.0025454545454545617,-0.000363636363636366,-0.0010909090909090979,-0.0029090909090909167,0.0010909090909090979
111,111,0.9745454545454545,0.974881850175968,0.9664502164502164,0.9966548602912239,2.093759052036356,2.243754519596976,0.9271879741268688,1.9704498000954744,1.6971214761607223,0.17745454545454542,0.02909090909090902,0.010181818181818115,0.0007272727272726986,-0.004000000000000026,-0.0036363636363636598,-1.1102230246251566e-17,-0.0036363636363636598,-0.0036363636363636598,0.0032727272727272163,-0.006909090909090953,0.0003636363636363549
112,112,0.9781818181818182,0.9779384137874703,0.9591575091575092,0.9983882783882784,2.6822474700129106,1.1434370247212393,0.6846437077157597,2.785344078732888,1.709241522851627,0.24472727272727274,0.025090909090909063,0.004363636363636347,0.005818181818181789,0.00836363636363634,0.009090909090909061,0.002909090909090928,0.0,-0.000727272727272732,0.004727272727272714,0.0,0.002181818181818185
113,113,0.9854545454545455,0.9855590066910821,0.9836581579855121,0.9981890307002415,2.655348438507252,2.166458297700167,0.8000848095379868,1.6439032295996232,1.3149496206256266,0.17163636363636367,0.0290909090909091,0.021818181818181848,0.008363636363636417,0.005818181818181856,0.00545454545454549,0.00545454545454549,0.0018181818181818299,0.003272727272727294,0.005818181818181856,0.008000000000000052,0.004727272727272758
114,114,0.9781818181818182,0.978342688701433,0.9714635854341737,0.9971988795518207,2.072126657815557,1.8857407833707394,1.162577653853154,1.8100508215137665,1.8555645866051083,0.14072727272727273,0.025454545454545407,0.019636363636363608,0.009090909090909038,0.004363636363636359,0.000727272727272732,0.004363636363636347,0.0010909090909090868,0.000727272727272732,0.0032727272727272718,-0.000727272727272732,0.002545454545454551
115,115,0.96,0.9595961337191405,0.9294221793014646,0.9941252213101561,2.580491799042127,1.8324267150313047,1.7723361813149567,1.315648929185944,1.1446388793657571,0.1498181818181818,0.02618181818181814,0.012363636363636332,-0.002545454545454573,0.004727272727272702,0.004363636363636314,0.008363636363636306,0.0010909090909090647,0.004727272727272658,0.008363636363636306,0.005090909090909046,0.0003636363636363438
116,116,0.9781818181818182,0.978443974630021,0.9798585730176386,0.9984903861433339,2.258004738440416,1.424613873552572,1.032672059703286,2.7359596310761516,1.4859694198296622,0.21490909090909088,0.021454545454545403,0.009090909090909061,0.010181818181818148,0.007272727272727231,0.00436363636363637,-0.000363636363636366,0.009454545454545415,0.0036363636363636377,-0.0043636363636363916,0.003999999999999992,0.000727272727272732
117,117,0.9781818181818182,0.978457449113734,0.9796559034572733,0.996983039791259,1.6650745625244607,1.4551018170262284,1.1357675138287422,2.7297628128577727,2.070049233611961,0.20945454545454542,0.041818181818181796,0.015272727272727249,0.005090909090909079,-0.000363636363636366,0.0018181818181818299,0.0003636363636363549,0.0,0.000363636363636366,0.000363636363636366,0.0021818181818181958,-0.001454545454545464
118,118,0.9818181818181818,0.9821967506178033,0.9891304347826086,0.9983574879227053,2.5044279385812502,1.5437185799457445,0.7383651034984268,2.0024340383979555,2.231071025245401,0.18727272727272726,0.012727272727272709,0.0018181818181818299,0.005090909090909123,-0.000727272727272732,0.001454545454545464,0.001454545454545464,0.004727272727272758,-0.002909090909090928,0.003272727272727294,0.0036363636363636598,-0.0018181818181818299
119,119,0.9818181818181818,0.9817680913676893,0.9718231635071091,0.9982227488151658,2.658865080039906,1.4864943415986545,1.0985468254958968,1.4072487490837444,2.2178344984195393,0.2214545454545455,0.04254545454545454,0.016363636363636358,0.0010909090909090979,-0.000363636363636366,0.000363636363636366,0.008363636363636373,-0.000727272727272732,0.0,0.007636363636363652,-0.0025454545454545617,-0.00545454545454549
120,120,0.9636363636363636,0.9638494644623035,0.9527131782945737,0.9945736434108527,2.258841592090462,2.4286930184241244,1.399065584143538,1.4717084225531056,1.7067007459194805,0.18181818181818182,0.026181818181818174,0.009090909090909061,0.0032727272727272826,0.0007272727272727098,0.004727272727272724,-0.0032727272727272718,0.0,0.0018181818181817965,-0.004727272727272747,-0.0021818181818181958,-0.0032727272727272826
121,121,0.9818181818181818,0.9820115034013475,0.9814160055191445,0.9970679544670576,2.221412094361108,1.9057311776355157,1.0380093978698484,2.1011168986751034,1.5692817629832667,0.17054545454545453,0.029090909090909067,0.014909090909090905,0.01090909090909089,0.013090909090909075,0.004727272727272735,0.0021818181818181958,0.0043636363636363916,0.001454545454545464,0.010545454545454535,0.000363636363636366,0.005818181818181822
122,122,0.9927272727272727,0.9927272727272727,0.9884782973018267,0.9999162057985588,2.9475454674389794,1.7566282020501298,1.090712161621908,1.7484602839644687,1.0389966713091856,0.1945454545454545,0.023272727272727233,0.004363636363636314,0.0021818181818181294,-0.0007272727272727431,0.00472727272727268,0.0018181818181817854,0.005454545454545379,-0.00036363636363637706,0.005090909090909046,0.0007272727272727098,0.0007272727272726875
123,123,0.9745454545454545,0.9746289610836704,0.9640818656229615,0.9982876712328768,2.8249587989215588,1.5817139866182273,0.8285992293431844,1.3969440969516904,2.288495239367886,0.19599999999999995,0.01490909090909085,0.0007272727272726875,0.0007272727272726986,0.005090909090909024,-0.0040000000000000365,0.0010909090909090647,-0.007636363636363686,-0.009818181818181882,0.003999999999999948,0.0018181818181817744,0.0069090909090908535
124,124,0.9636363636363636,0.9640732910500351,0.9580088987764183,0.9961067853170189,2.3922141159205603,2.5805939167271923,0.836353245832367,2.1633344055364674,0.9783231338840188,0.156,0.02363636363636361,0.004363636363636336,0.014181818181818162,0.009090909090909049,0.007999999999999952,0.007999999999999962,0.005090909090909079,-0.000363636363636366,0.009818181818181771,0.008727272727272684,0.002545454545454551
125,125,0.9818181818181818,0.982148937205117,0.9888888888888889,0.9976,2.6709190628047534,1.448567068788222,0.8567725960128837,2.0694689343037593,2.0372566467874003,0.1807272727272727,0.028363636363636358,0.008363636363636373,0.011636363636363611,0.0018181818181818299,0.012363636363636354,0.005818181818181845,0.004727272727272758,-0.001454545454545464,0.001454545454545464,0.0,0.007272727272727287
126,126,0.9781818181818182,0.9781818181818182,0.9621420704845816,0.997889133627019,2.8447748641608595,1.6536276282534066,1.1444861986555293,2.1252418223307763,1.5088434003578393,0.15709090909090903,0.027272727272727237,0.005454545454545445,0.0036363636363636598,0.0018181818181818188,0.0021818181818181624,0.0,0.000363636363636366,0.0,-0.0025454545454545617,-0.0021818181818181958,-0.000363636363636366
127,127,0.9745454545454545,0.9741059348398797,0.9450748430709802,0.9952518911958795,1.686223849516711,1.789268296532346,0.690749803980662,2.3115402339390663,1.9653092963876218,0.19199999999999995,0.029090909090909046,0.016363636363636302,0.006181818181818122,0.006909090909090842,0.0003636363636363105,0.005818181818181745,0.003272727272727205,-0.0003636363636363993,0.003999999999999948,-0.001090909090909109,0.0003636363636363549
128,128,0.9672727272727273,0.9669506306253235,0.9413634196726521,0.9965835054822819,2.8867305870041258,1.226804705814618,1.2209765120369669,2.4708596572554717,1.0558505874037638,0.1832727272727273,0.021090909090909115,0.008363636363636384,-0.009090909090909038,-0.0014545454545454306,0.000727272727272732,0.000727272727272732,0.004727272727272758,-0.0036363636363636377,0.0036363636363636377,-0.0014545454545454527,-0.0018181818181818299
129,129,0.9818181818181818,0.9818793736789181,0.975,0.9964462809917356,2.078528691035328,2.561610049603375,0.23760058097461492,2.7669974137350177,1.356911864045867,0.18654545454545457,0.04254545454545454,0.0069090909090909315,0.00618181818181821,0.004000000000000015,0.007272727272727308,0.005090909090909123,0.0025454545454545617,0.00872727272727274,0.014181818181818174,0.0,-0.001454545454545464
130,130,0.9854545454545455,0.9854545454545455,0.9794100029949087,0.9985774183887391,3.099501483034201,2.037836100694051,0.6411013357538407,2.025260285078645,1.0404515355644712,0.19054545454545455,0.03381818181818182,0.01890909090909094,-0.0036363636363636598,0.009454545454545483,-0.0007272727272727208,0.0036363636363636598,0.0025454545454545617,0.00545454545454549,0.002909090909090928,0.0,-0.0010909090909090979
131,131,0.9818181818181818,0.9820748663101604,0.9883720930232558,0.9955038759689923,2.608053796623391,1.3803250804575242,1.586045375094607,1.8215909647712958,1.3209892177000755,0.19381818181818183,0.022545454545454514,0.014181818181818184,0.0021818181818181958,0.0018181818181818299,0.004000000000000026,0.004000000000000026,0.0018181818181818299,-0.000727272727272732,0.0043636363636363916,0.0010909090909090979,0.0018181818181818299
132,132,0.9890909090909091,0.9890568861469554,0.9807360326428123,0.998038292529818,3.32082149380454,1.4858364481230386,0.7382760928457551,1.7711446036749159,1.322984784520827,0.20072727272727278,0.030909090909090952,0.008727272727272783,0.0010909090909090979,0.003272727272727294,0.0043636363636363916,0.010181818181818247,0.0007272727272727431,0.0040000000000000365,0.002181818181818218,0.0036363636363636598,0.0021818181818181958
133,133,0.9818181818181818,0.9818636160804836,0.9778630884041333,0.9976320321469575,2.952076930712151,1.5716020274861262,1.1763870717445044,2.111587856531925,1.1444422225229933,0.23345454545454544,0.025090909090909087,0.0032727272727272718,0.0010909090909090979,0.0036363636363636598,0.000363636363636366,0.0061818181818182215,0.0,-0.0010909090909090979,0.007636363636363641,0.0021818181818181958,0.004000000000000026
134,134,0.9745454545454545,0.9746380660537964,0.9621852362883753,0.998447740600207,2.232120410553938,1.3915470143913664,0.6478916572468483,2.776859650286746,2.231235424211346,0.1854545454545454,0.014909090909090861,0.009454545454545405,0.002181818181818118,-0.0061818181818182215,-0.0025454545454545842,0.0025454545454544953,0.00036363636363633266,-0.00036363636363638817,0.0014545454545454085,-0.003636363636363671,-0.0036363636363636598
135,135,0.9781818181818182,0.9780714434818913,0.9657573174197215,0.9970872406933788,3.0064977085907674,2.034538711912734,0.8145381562139751,0.9466917595086413,1.7415920679926533,0.19090909090909086,0.03381818181818178,0.015272727272727226,0.005454545454545434,0.005090909090909057,0.008727272727272695,0.0036363636363636155,0.005454545454545445,0.0036363636363636377,0.016363636363636337,0.0007272727272727098,0.006545454545454521
136,136,0.9527272727272728,0.952316839497967,0.9247154836777478,0.9931865828092242,2.3926670386959685,2.089990675978502,0.9230194242374999,1.7382392603778336,1.8895099621120388,0.1872727272727273,0.026181818181818195,0.0069090909090909315,0.002909090909090928,-0.0010909090909090758,0.001454545454545475,0.004727272727272758,0.0018181818181818299,0.006545454545454588,0.0043636363636363916,-0.005818181818181789,0.0007272727272727431
137,137,0.9890909090909091,0.9891788904902753,0.9929245283018868,0.9994010182689428,3.013358768714463,1.9267281336728943,0.6867698055730238,2.396292224513308,0.8042997303999394,0.2265454545454546,0.02072727272727277,0.01563636363636368,0.002909090909090928,0.006545454545454588,0.002909090909090928,0.001454545454545464,0.0061818181818182215,0.002909090909090928,0.0025454545454545842,0.00036363636363637706,0.006909090909090953
138,138,0.9672727272727273,0.9675948239201311,0.9590909090909091,0.9948760330578513,2.6372075727527755,1.4277131671339731,0.9158062132933701,2.713307349430021,1.5735904317132863,0.22254545454545455,0.02218181818181818,0.000727272727272732,-0.002909090909090928,0.005090909090909123,0.0040000000000000036,0.008363636363636384,0.004000000000000015,0.000727272727272732,0.009818181818181804,-0.000363636363636366,-0.000363636363636366
139,139,0.9709090909090909,0.9705595489781536,0.9469180675450553,0.9964410116613661,2.2580373767411457,1.9611204471558286,1.333632487641708,2.1323203353593128,1.1175921060364586,0.17345454545454547,0.028727272727272768,0.019636363636363664,-0.002545454545454506,0.007272727272727287,0.0069090909090909315,3.3306690738754695e-17,0.00545454545454549,-0.002545454545454473,0.004363636363636403,0.005090909090909123,0.002909090909090928
140,140,0.9745454545454545,0.9742601752193204,0.9483256841747407,0.997790243073262,2.9358180161432808,1.7075232419469843,0.9504777354532815,2.028609964353224,1.2726938003641468,0.1712727272727272,0.03090909090909085,0.010545454545454492,-0.008727272727272783,0.0032727272727272163,-0.0018181818181818633,-0.001454545454545475,-0.004727272727272758,-0.001090909090909109,0.011636363636363578,-0.001818181818181852,-0.002909090909090928
141,141,0.9781818181818182,0.9783385100366232,0.97180062090376,0.9961193515005173,2.6787588825737347,1.618047303882296,1.3816456171753977,2.0020971829648433,1.5093989300236073,0.15672727272727272,0.02799999999999995,0.010181818181818148,-0.003272727272727294,0.002545454545454551,-0.001454545454545464,-0.002909090909090928,-0.009818181818181882,0.0018181818181818299,-0.0025454545454545617,-0.00909090909090915,-0.002909090909090928
142,142,0.9636363636363636,0.9638203214695752,0.9553429027113238,0.9947078439901407,2.013549795363566,1.6486829323169614,1.4521315074398529,2.8798306848194763,0.924170161217954,0.20436363636363636,0.025818181818181796,0.006909090909090876,0.003272727272727294,0.0025454545454545287,0.005454545454545434,0.005454545454545434,0.0007272727272727208,-0.000363636363636366,0.0018181818181817965,0.0032727272727272605,0.004363636363636347
143,143,0.9854545454545455,0.9852753523939964,0.9672131147540983,0.9983912976865329,3.0292672601833157,1.3308594319758567,1.177111996026978,1.6988331189461046,1.5634657078910357,0.18763636363636366,0.03200000000000001,0.014909090909090938,0.00545454545454549,0.006545454545454588,0.00436363636363638,0.005090909090909123,0.000727272727272732,0.000727272727272732,0.0043636363636363916,0.000727272727272732,0.0
144,144,0.9745454545454545,0.9748547949626669,0.9677584919746174,0.9952407614781635,2.8894569369738137,1.6156062124808221,1.2693167994788408,1.608216048716168,1.7024989138348563,0.16909090909090904,0.027272727272727226,0.0010909090909090647,0.0010909090909090647,0.010181818181818136,0.0032727272727272163,0.0007272727272726986,0.00545454545454539,-0.000363636363636366,0.0021818181818181294,-0.003272727272727294,-1.1102230246251566e-17
145,145,0.9781818181818182,0.9781818181818182,0.9633333333333334,0.9975999999999999,3.034013976792046,2.021411370807925,0.9499829659911591,1.795336126912393,0.6914963570059173,0.16399999999999992,0.026545454545454504,0.008363636363636328,0.0065454545454544984,0.006181818181818144,0.0021818181818181958,-0.0021818181818181958,0.005090909090909079,0.00727272727272722,0.0021818181818181958,0.006181818181818133,0.0018181818181818188
146,146,0.9745454545454545,0.9744619480072387,0.9580315467568002,0.9969418960244648,2.65656051961861,1.918627663741466,1.1079973785928716,2.173313256828875,1.199052245818379,0.18581818181818174,0.025454545454545396,0.005818181818181755,-0.002181818181818218,0.0010909090909090424,0.0007272727272726765,0.00654545454545451,-0.000363636363636366,0.005090909090909012,0.011636363636363578,-0.0021818181818181958,-0.0010909090909090979
147,147,0.9818181818181818,0.9817585342908848,0.9690970545630131,0.998229518751006,3.0804340011070743,1.6421944719610555,1.4377065448538418,1.1284213388265862,1.6652051934023735,0.17236363636363636,0.030181818181818178,0.00618181818181821,0.0036363636363636485,0.004000000000000015,-0.000727272727272732,0.00618181818181821,0.002909090909090928,0.000363636363636366,-0.0018181818181818299,-0.0018181818181818299,0.001454545454545464
148,148,0.9745454545454545,0.9746248414146798,0.9649213411727315,0.9969013189257906,2.689709322468644,1.6162436266108953,0.5506563290278239,2.3874092508967806,1.6688853252365559,0.20618181818181816,0.015272727272727226,-0.0014545454545454861,0.014545454545454495,0.01236363636363631,0.0021818181818181403,0.0018181818181817744,0.00472727272727268,0.0007272727272727098,0.004363636363636303,0.007636363636363575,0.003272727272727227
149,149,0.9854545454545455,0.9855964922059343,0.9813946216385241,0.9996873045653534,2.03917668250821,1.7729639506895902,1.2151124256939867,2.1195470412731843,2.331881456718679,0.1563636363636364,0.023636363636363657,0.002909090909090928,-0.0029090909090909167,0.0025454545454545617,-0.0021818181818181737,0.0010909090909090979,-0.0029090909090909167,-0.002909090909090928,-0.0032727272727272492,-0.002909090909090928,-0.001454545454545464
150,150,0.9709090909090909,0.9707206297645697,0.9499841093278245,0.9965040521214047,3.182493292562122,1.5378935080666727,0.885353178018758,1.5276270555365943,1.2091786531074153,0.18218181818181822,0.02690909090909096,0.011636363636363677,0.00036363636363637706,-0.0018181818181817854,0.001090909090909109,0.002909090909090928,-0.002545454545454506,-0.003999999999999948,0.0069090909090909645,-0.0007272727272726765,-0.0010909090909090534
151,151,0.9781818181818182,0.9783470206264325,0.971111111111111,0.9961777777777778,2.867077473282971,1.248335989717622,1.4506979298884592,2.2290252596556526,1.1364547655834734,0.16836363636363635,0.025454545454545407,0.009818181818181771,0.007636363636363575,0.0036363636363636264,0.003999999999999992,0.0058181818181818005,-0.0025454545454545617,0.0010909090909090868,0.011636363636363601,0.0025454545454545396,0.0032727272727272605
152,152,0.9818181818181818,0.982101706351129,0.9885844748858448,0.9993476842791911,2.8830567392107405,1.846995093676122,0.8641231085826663,2.1075549312553075,1.0321605619458474,0.1781818181818182,0.01636363636363637,0.011636363636363634,0.0025454545454545617,0.000363636363636366,0.0021818181818181958,0.002545454545454551,0.0025454545454545617,-0.0018181818181818299,0.005454545454545478,0.011999999999999978,0.0
153,153,0.9709090909090909,0.9714080376688282,0.9753217200251099,0.9950564971751412,2.6212550074695504,1.9120230946997472,1.506676958800048,1.8534172601563732,0.8507808929515412,0.18690909090909097,0.028727272727272768,0.02581818181818186,0.010909090909090957,0.014909090909090917,0.01054545454545458,0.007636363636363686,0.009454545454545504,0.009090909090909139,0.016727272727272736,0.010181818181818226,0.0112727272727273
154,154,0.9672727272727273,0.9675640062416923,0.9606873822975518,0.9963119899560577,2.756379047755585,1.9760715293645652,1.059254672254961,1.67736663188302,1.4806469005354777,0.19418181818181818,0.010909090909090924,0.0036363636363636598,0.0025454545454545617,0.001090909090909109,-0.0018181818181818188,-0.006181818181818155,0.0021818181818181958,-0.000727272727272732,-0.006909090909090876,0.004000000000000015,-0.001454545454545464
155,155,0.9854545454545455,0.9852840647937937,0.9682539682539683,0.999026654687032,2.7399792011715274,1.4422034634656264,0.9264002160937979,2.3161552935185035,1.2142077076783726,0.21709090909090914,0.029454545454545445,0.009090909090909139,0.014909090909090917,0.007272727272727308,0.009818181818181847,0.0021818181818181958,0.003272727272727294,0.001454545454545464,0.01054545454545458,0.0010909090909090979,0.0061818181818182215
156,156,0.9818181818181818,0.9818861054672615,0.9736957282913166,0.9988620448179271,2.549299539452238,1.825225946354544,0.6116288717396005,1.931122927311505,2.211029303694151,0.17963636363636365,0.02545454545454544,0.014181818181818174,-0.001454545454545464,0.001454545454545464,-0.006909090909090943,0.00545454545454549,-0.003272727272727294,-0.002909090909090928,0.008363636363636373,-0.002909090909090928,-0.0029090909090909167
157,157,0.9781818181818182,0.9783035203789922,0.9744812963804331,0.9960623958806604,2.460745135638796,1.4075775223078182,1.213297043836192,1.9768817970961094,1.8256502974062307,0.22036363636363632,0.020727272727272695,0.008727272727272695,-0.0010909090909090979,0.008727272727272684,0.005454545454545445,0.006181818181818166,0.005818181818181789,0.005818181818181778,0.010181818181818136,0.0036363636363636155,0.000727272727272732
158,158,0.9672727272727273,0.9671756342830723,0.9496705990500995,0.9970124099892753,2.1031597328161458,1.820682536415031,1.0680657273961855,2.191646402507495,2.1180490476648752,0.19454545454545458,0.021090909090909115,0.009454545454545448,0.0021818181818181958,0.0014545454545454861,0.007272727272727275,-0.0018181818181818188,1.1102230246251566e-17,0.0021818181818181958,0.005818181818181822,-0.0032727272727272718,-0.005090909090909079
159,159,0.9672727272727273,0.9679177585164281,0.9633725270623368,0.9978536767450541,2.528931809249487,2.0561241709881717,0.9037751098152128,2.274971587428794,0.9717955922248829,0.14472727272727273,0.006545454545454565,-0.0025454545454545287,-0.0065454545454544984,-0.006909090909090887,-0.0036363636363636264,-0.003999999999999981,-0.009454545454545415,-0.008727272727272672,1.1102230246251566e-17,-0.006909090909090876,-0.007272727272727253
160,160,0.9781818181818182,0.9781818181818182,0.9659090909090908,0.9977685950413223,2.3220865180394687,2.3195798998808868,1.1033962988530281,1.9583974928373746,1.1466109151044943,0.1636363636363636,0.01927272727272724,0.010545454545454514,0.004727272727272724,0.005090909090909068,0.0018181818181818299,0.008727272727272672,0.004727272727272714,0.002545454545454551,0.005818181818181789,0.004363636363636347,0.000727272727272732
161,161,0.9854545454545455,0.9855590066910821,0.9836581579855121,0.997930320800276,3.244972104894878,1.5279062035423336,0.9292853750944365,1.2684440833295927,1.6656372271857558,0.1770909090909091,0.02145454545454547,0.00800000000000003,-0.0032727272727272826,-0.001454545454545464,-0.005454545454545434,0.003272727272727294,0.0,-0.0069090909090908535,0.002909090909090928,-0.0021818181818181958,-0.0018181818181818078
162,162,0.9781818181818182,0.9780291603821016,0.9590909090909091,0.9985123966942149,2.5657092686715544,1.87418794179656,1.264164441889902,1.1435755470967834,2.2336884210577392,0.17636363636363633,0.02763636363636359,0.010545454545454514,0.010909090909090879,0.0036363636363636155,0.006181818181818155,0.0014545454545454417,0.004727272727272714,-0.0021818181818181958,0.005090909090909079,0.0072727272727272085,0.004363636363636359
163,163,0.9818181818181818,0.9816144108709431,0.960011898691144,0.9977902430732619,2.8261659324073323,2.1146100472941454,1.6046058343642209,1.862392419176824,0.18835645684129929,0.16763636363636364,0.025454545454545452,0.01709090909090909,0.006545454545454588,0.009090909090909094,0.005454545454545478,0.012363636363636354,-0.000363636363636366,0.000363636363636366,0.010909090909090913,0.00436363636363637,0.01018181818181818
164,164,0.9563636363636364,0.9569586776859504,0.9442461329253782,0.9957504674485806,2.562876427000781,1.7395790878578017,1.1379103371659016,2.1113220965402917,1.199994549518826,0.1545454545454546,0.011272727272727323,-0.0021818181818181403,-0.005090909090909012,-0.002545454545454506,-0.008363636363636306,-0.0018181818181817744,-0.005090909090909035,-0.009090909090909038,-0.003636363636363571,-0.005454545454545401,-0.012363636363636321
165,165,0.9672727272727273,0.9673747961045881,0.9539965040521214,0.9938026378515812,2.6187217954090025,2.0228128346064063,1.1759095515658131,2.250365028759432,1.1195911614136973,0.17818181818181822,0.028000000000000014,0.014181818181818162,0.014909090909090905,0.009818181818181814,0.022909090909090914,0.013090909090909075,0.010545454545454525,0.008727272727272717,0.01527272727272726,0.015636363636363625,0.009090909090909094
166,166,0.9781818181818182,0.9783065548717526,0.9742607629845258,0.9984679025586027,3.179739162568006,1.2130001201085199,1.0294248842477334,2.0940167983033304,1.354916438877976,0.21381818181818177,0.023999999999999955,0.003999999999999992,0.0065454545454544984,-0.0021818181818181958,0.0029090909090909054,0.000727272727272732,-0.001454545454545464,-0.0036363636363636598,-0.0018181818181818299,0.0018181818181818078,0.0
167,167,0.9563636363636364,0.9563636363636364,0.9401913875598086,0.9922430042047267,3.14842085645732,1.7558617151234477,1.454988538764014,1.2893581166634362,1.3551664530343013,0.16909090909090915,0.029818181818181876,0.017090909090909136,0.005090909090909123,0.014545454545454606,0.007272727272727308,0.009090909090909139,0.001818181818181841,0.002181818181818229,0.0007272727272727653,0.0014545454545454861,-0.008727272727272684
168,168,0.9563636363636364,0.9560736523750223,0.9271286013198132,0.9952518911958796,1.929574151685347,2.1620324335797694,1.0330771272833361,2.606381002293409,0.7634267509770613,0.17418181818181822,0.023272727272727313,0.00472727272727278,0.004000000000000026,0.0032727272727273047,-0.00545454545454539,-0.003999999999999937,0.0003636363636364104,-0.007636363636363575,0.002181818181818229,-0.002545454545454484,-0.002909090909090839
169,169,0.9818181818181818,0.9817502581691023,0.9666695412211107,0.9976716109003105,2.421759915043276,1.4340868356382368,0.9480635743715158,2.734260928272117,1.2655335809650896,0.17636363636363636,0.0298181818181818,0.013818181818181795,0.000727272727272732,0.004000000000000026,0.0,0.004000000000000015,-0.001454545454545464,0.0025454545454545617,0.009454545454545438,-0.000363636363636366,0.0036363636363636485
170,170,0.9818181818181818,0.9817502581691023,0.9666695412211107,0.9981027940669196,3.006200682568422,1.3916984129724372,1.4456189126899979,1.6407755577489185,1.4685843633793356,0.17236363636363636,0.02545454545454544,0.015636363636363636,-0.001454545454545464,0.0025454545454545617,0.000727272727272732,0.003272727272727294,-0.0021818181818181958,-0.000727272727272732,0.005454545454545478,-0.000727272727272732,0.0021818181818181958
171,171,0.9709090909090909,0.971474474342654,0.9749036366683426,0.9978213507625272,3.181369019355358,1.9023539469080681,1.4400625421119944,1.8793867582687438,0.5659913524518948,0.14181818181818184,0.019272727272727285,0.0010909090909091202,0.004727272727272758,0.0003636363636364104,0.00036363636363638817,-0.002545454545454484,0.002909090909090928,0.0025454545454545617,-0.002545454545454484,-0.0003636363636363438,-0.002545454545454484
172,172,0.9781818181818182,0.9780474233864065,0.962015503875969,0.9973643410852713,2.586656095761562,1.8324610658007756,1.1620660987471063,1.7391698899600236,1.5680573607389652,0.17890909090909088,0.02618181818181815,0.010181818181818148,-0.000363636363636366,0.0032727272727272826,0.007636363636363585,0.0,0.0,0.000363636363636366,0.009818181818181771,0.004727272727272714,0.002545454545454551
173,173,0.9745454545454545,0.9744640407069193,0.9586047989829969,0.9979342126171937,1.986320584422936,1.8416512872881046,1.2954225648091666,1.8099566154095972,2.1466093970491245,0.18727272727272723,0.022181818181818126,0.0032727272727272492,0.0025454545454544953,-0.0010909090909091202,-0.004000000000000026,0.0021818181818181403,-0.001090909090909109,-0.0040000000000000365,0.002545454545454506,-0.0043636363636363916,-0.004000000000000026
174,174,0.9709090909090909,0.9705595489781536,0.9469180675450553,0.9984098137210359,2.416742018778946,1.845969234129243,0.9537515449851588,2.460477147923001,1.1628390876035064,0.1974545454545455,0.030181818181818233,0.009818181818181847,-0.00545454545454539,0.0018181818181818299,0.0014545454545454861,0.001818181818181841,-0.004363636363636314,0.0003636363636363993,0.0061818181818182215,-0.0018181818181817633,0.002909090909090939
175,175,0.9818181818181818,0.981608895856178,0.9592963090720938,0.9985339772335289,2.967170153741096,2.4726202243858886,0.6926784197578183,1.6236608810858857,1.0927267032617696,0.1610909090909091,0.027272727272727247,0.006545454545454565,0.000727272727272732,-0.000727272727272732,0.000363636363636366,0.002909090909090928,-0.000727272727272732,-0.0010909090909090979,0.002545454545454551,0.0,-0.001454545454545464
176,176,0.9745454545454545,0.9747777212551335,0.9712378833624662,0.9976958525345623,2.2881408186020775,1.0186343819388768,1.0596327625024857,2.953287583649174,1.2687188859483942,0.18290909090909085,0.023272727272727212,0.005454545454545401,0.0018181818181817633,0.0007272727272726765,0.0007272727272726765,-3.3306690738754695e-17,0.002181818181818118,0.0018181818181817854,-0.005818181818181856,-0.002909090909090928,0.0025454545454544953
177,177,0.9745454545454545,0.9749965382395077,0.9768032212885154,0.9965861344537815,3.734700267690629,2.1659042047470005,1.0542036160312278,0.9886728693347436,0.9718623285152661,0.1421818181818181,0.0221818181818181,0.007636363636363585,0.00290909090909085,0.010181818181818136,0.005818181818181755,-0.0025454545454545617,0.004363636363636292,0.0010909090909090647,-0.0021818181818181958,0.0072727272727272085,-0.001454545454545464
178,178,0.9563636363636364,0.9563636363636364,0.9266666666666667,0.9921777777777778,2.32115530303773,1.7044331831008346,1.2394269849694974,2.2685567869728693,2.0311980385399733,0.12327272727272734,0.02109090909090914,0.004727272727272769,-0.0014545454545454085,0.0003636363636364104,0.004000000000000026,0.001454545454545475,-0.0021818181818181403,-0.0029090909090908725,0.0003636363636364104,-0.013454545454545419,0.001454545454545475
179,179,0.9854545454545455,0.9855883510428965,0.9819065757818765,0.9975942261427426,2.9785219887203707,1.5505783281429726,0.9827928743897832,1.6435719867152472,1.7111935441701929,0.13454545454545452,0.03272727272727274,0.017818181818181823,0.002909090909090928,0.0036363636363636598,0.0043636363636363916,0.001454545454545464,-0.002909090909090928,0.010909090909090957,0.002909090909090928,0.0018181818181818299,0.003272727272727294
180,180,0.9709090909090909,0.9711180133821641,0.9599430838220075,0.9964642980338048,3.0372288123741384,1.6936808387803022,0.9193784666578846,2.0597063345971094,1.289939171031305,0.15563636363636368,0.016363636363636393,0.007636363636363675,0.0043636363636363916,-0.0010909090909090424,0.0007272727272727431,0.0040000000000000365,1.1102230246251566e-17,0.002545454545454573,-0.004363636363636303,-0.00036363636363633266,-0.008727272727272684
181,181,0.9781818181818182,0.9783515151515152,0.97074227921257,0.9974715549936788,2.8764178677152508,2.1013682762477535,1.0731926738048285,2.190064119264778,0.3440194304834285,0.15345454545454545,0.015272727272727226,-1.1102230246251566e-17,-0.0043636363636363916,0.000727272727272732,0.005454545454545445,0.0,-0.007636363636363686,0.000727272727272732,-0.003272727272727294,-0.000727272727272732,0.000727272727272732
182,182,0.9745454545454545,0.9746356712842651,0.9626891041985381,0.9967703552609214,2.656104353386322,1.2855276609868236,0.8183568570545802,1.7744702696032681,2.3613469049665574,0.18509090909090903,0.023636363636363567,0.010909090909090868,-0.0021818181818181958,-0.001818181818181852,-0.0007272727272727653,0.002545454545454484,-3.3306690738754695e-17,0.0014545454545453972,0.0065454545454544984,-0.00036363636363638817,-0.003636363636363671
183,183,0.9818181818181818,0.9818809703475496,0.9746941511647393,0.9974023797553209,2.1121482173395414,1.6527394196399119,1.5606062755546577,1.7569252087760683,1.612656490924369,0.1629090909090909,0.039636363636363636,0.011999999999999988,0.013818181818181795,0.001454545454545464,0.004727272727272758,0.0036363636363636598,0.0,0.0036363636363636598,0.0018181818181818299,0.0010909090909090979,-0.000363636363636366
184,184,0.9636363636363636,0.9642020202020203,0.9533314977973568,0.9958700440528634,2.7445618741973283,1.6517069363344026,1.1452868053124998,1.881267190250335,1.440567156718773,0.14545454545454545,0.0032727272727272718,-0.005454545454545457,-0.002909090909090928,0.0014545454545454417,-0.002909090909090928,-0.0036363636363636598,-0.004000000000000026,-0.0043636363636363916,-0.000363636363636366,-0.0025454545454545617,-0.0043636363636363916
185,185,0.9818181818181818,0.9819612805347652,0.982708827014218,0.997556279620853,2.6342145479643553,1.8055841120236742,0.7921784486891112,1.7887976008094626,1.8108807891332233,0.21890909090909094,0.0367272727272727,0.02036363636363635,0.0061818181818182215,0.005090909090909113,0.0010909090909090979,0.006909090909090909,0.007272727272727287,0.0025454545454545617,0.007272727272727275,0.009090909090909094,0.004727272727272747
186,186,0.9781818181818182,0.9785850025680535,0.9863013698630136,0.9972276581865623,2.501759889934272,1.669930790145513,1.2421525441644863,2.3302130852086766,1.1168792485063028,0.1690909090909091,0.025090909090909042,-0.0021818181818181958,0.004727272727272724,0.00654545454545451,0.005454545454545423,0.0058181818181818005,0.0018181818181818188,-0.000727272727272732,0.008363636363636318,0.0014545454545454527,0.003999999999999992
187,187,0.9781818181818182,0.9783713343804477,0.9690821256038648,0.996328502415459,3.1772733381540816,1.8503171638645262,1.2405053464632052,1.6718629436234655,0.850477625248406,0.14036363636363636,0.030545454545454532,0.009090909090909038,0.017454545454545455,0.002545454545454551,0.002181818181818185,-0.003272727272727294,0.0010909090909090979,0.004727272727272724,0.005818181818181811,0.007636363636363585,0.004363636363636347
188,188,0.9672727272727273,0.9668736212445231,0.945802264567799,0.9977906655619995,3.0889108314940206,1.8674637654966242,0.6221947756892564,1.4700891086832768,1.646188119518352,0.21345454545454548,0.020363636363636372,0.01090909090909089,0.0025454545454545617,0.002545454545454551,-0.0010909090909090758,0.005818181818181845,0.0021818181818181958,0.0018181818181818299,0.005818181818181822,0.0018181818181818299,-0.004727272727272714
189,189,0.9781818181818182,0.9781818181818182,0.9659090909090908,0.9978512396694215,2.3951142502809613,2.24169727650408,0.8063976708514935,2.1806365115226303,1.525814493556986,0.2007272727272727,0.025090909090909063,0.012727272727272709,-0.002909090909090928,0.0010909090909090868,0.006181818181818155,0.004363636363636347,-0.002909090909090928,-0.000727272727272732,0.003999999999999992,0.0,0.0010909090909090979
190,190,0.96,0.9596439923712652,0.9341587157352718,0.99538088747539,2.2148496692840483,1.376162835947221,1.1273111919562921,1.9091860594731906,2.30580918393314,0.23672727272727273,0.018909090909090865,0.004363636363636325,0.00036363636363632155,0.003272727272727227,0.005818181818181767,-0.0003636363636363993,0.0007272727272726986,0.0039999999999999255,-0.001818181818181841,0.002181818181818118,0.0039999999999999255
191,191,0.9745454545454545,0.9739457743102391,0.9406779661016949,0.9995291902071564,3.1474442639040827,1.800029830806696,0.729602889646136,1.6071539391139418,1.2392264616814095,0.1716363636363636,0.029090909090909035,0.010181818181818136,-0.004000000000000026,0.006545454545454488,0.003636363636363582,0.009818181818181759,0.0010909090909090534,-0.012000000000000066,0.01490909090909085,-0.002909090909090939,0.002909090909090839
192,192,0.9636363636363636,0.9648998049605606,0.968781933374208,0.9950950337216431,2.5280108331471904,2.0776045981308107,1.0292237932947932,1.8862655522067093,1.3282379045476322,0.14436363636363633,0.006181818181818166,0.006545454545454521,0.011999999999999966,-0.0032727272727272826,-0.0007272727272727431,0.0014545454545454527,-0.004727272727272747,0.00727272727272722,-0.002909090909090928,0.004727272727272724,0.000363636363636366
193,193,0.9854545454545455,0.9854545454545455,0.9766275709671937,0.9992350841407445,2.815623787969491,1.7590470007679138,1.0932054897768024,1.6750991179061496,0.995942502761984,0.20509090909090913,0.02218181818181818,0.00981818181818187,0.0072727272727273196,0.00545454545454549,0.0021818181818181958,0.004727272727272747,0.005818181818181856,0.0,0.010545454545454603,0.005818181818181856,0.0010909090909090979
194,194,0.96,0.9598465236278639,0.930015756302521,0.9927345938375349,2.266100136830642,1.886582850819297,1.6639353379604924,2.3181081204581027,0.9898065850094874,0.1483636363636363,0.020363636363636327,0.005454545454545412,-0.0007272727272727431,-4.4408920985006264e-17,0.002909090909090861,0.0003636363636363438,0.0014545454545454085,-0.001818181818181852,0.0014545454545454306,-0.005818181818181856,-0.0036363636363636598
195,195,0.9818181818181818,0.9818879438055164,0.9733333333333334,0.9989333333333333,3.186247072648427,2.2995352581274533,0.6113071547423152,1.8160559033849153,0.5527843769837936,0.144,0.019999999999999997,0.000363636363636366,-0.002909090909090928,0.0010909090909090868,-0.0010909090909090979,-0.004000000000000026,-0.000363636363636366,-0.0010909090909090979,-0.007636363636363652,-0.002909090909090928,-0.0036363636363636598
196,196,0.9636363636363636,0.9634066711931006,0.9398932831136222,0.996390458254865,2.9291450699867347,1.8382349847685622,0.7272309596779467,1.667623928031314,1.4200399685829663,0.1785454545454545,0.01345454545454543,0.003999999999999981,0.000727272727272732,-0.0010909090909090979,-0.001454545454545464,-0.000363636363636366,-0.0061818181818182,0.0010909090909090979,-0.001818181818181841,0.0,-0.001454545454545464
197,197,0.9709090909090909,0.9706888209829385,0.9451966195239738,0.9971541911003795,2.805295941187587,1.4189684015168125,1.0315765140222322,2.1942068273368447,1.1270454558086656,0.17054545454545456,0.03381818181818186,0.01054545454545458,0.010909090909090934,0.010181818181818203,0.014545454545454573,-0.003999999999999937,0.00800000000000003,0.0021818181818181958,0.002181818181818207,0.0025454545454545617,0.002909090909090939
198,198,0.9636363636363636,0.9639044811690552,0.947391456582633,0.9949229691876751,2.2237402208123376,1.7972811064604934,1.5639336040275615,1.4172912722510478,1.795551425302958,0.1632727272727273,0.027636363636363626,0.0007272727272727208,0.003999999999999992,0.0,-0.001818181818181841,-0.004000000000000026,0.0018181818181818299,-0.008000000000000018,-0.0025454545454545617,-0.0021818181818181958,-0.0058181818181818334
199,199,0.9709090909090909,0.9712765988183117,0.9684442270058709,0.996249184605349,2.8910054837244736,1.7917996989576397,1.0187849230928014,1.292177304749786,2.027780344314247,0.17345454545454547,0.020000000000000052,0.0025454545454545617,-0.0025454545454544953,-0.0007272727272727098,5.551115123125783e-17,0.001454545454545464,0.0,-0.0032727272727271937,0.0061818181818182215,1.1102230246251566e-17,0.0021818181818181958
200,200,0.9781818181818182,0.9781818181818182,0.9697802197802199,0.9972893772893773,2.4502983056435523,2.054395073257009,0.5764104074842806,2.3047062534335057,1.5476246935742188,0.22581818181818178,0.02981818181818178,0.015636363636363615,0.0029090909090909167,0.0007272727272727098,0.005454545454545434,0.005818181818181789,0.005454545454545423,0.006909090909090887,0.00654545454545451,0.0029090909090909054,0.00509090909090909
201,201,0.9854545454545455,0.9853414141414142,0.9683560924369747,0.9986869747899159,2.0611265325793484,1.6928131582618746,1.2461523964360337,2.371480757419615,1.628714555459377,0.1847272727272727,0.034909090909090924,0.00800000000000004,-0.0018181818181818188,-0.000727272727272732,0.0,0.009454545454545504,0.000363636363636366,0.0043636363636363916,0.003272727272727294,-0.0036363636363636485,0.000727272727272732
202,202,0.9890909090909091,0.9890568861469554,0.9807360326428123,0.9977244193345889,1.9113176487127264,1.508171709819619,1.078668092073688,2.2475696943178116,1.9122364839742576,0.23090909090909095,0.03163636363636365,0.018545454545454598,0.004000000000000026,0.0036363636363636598,0.01236363636363641,0.010181818181818226,0.0072727272727273196,0.007636363636363675,0.008000000000000052,0.0061818181818182215,0.007636363636363686
203,203,0.9745454545454545,0.9746380660537964,0.9621852362883753,0.997930320800276,2.1476437609958214,1.5890895780843142,0.7993848860518193,2.764653909393695,1.2180995016998513,0.18290909090909085,0.014181818181818129,0.00290909090909085,-0.0036363636363636598,-0.0010909090909091202,-0.004727272727272758,0.005090909090909035,-0.0043636363636363916,-0.0018181818181818299,0.0021818181818181294,0.004363636363636303,-0.002545454545454595
204,204,0.9745454545454545,0.9748793515508158,0.9779125486672656,0.9951332734351601,2.363269379446207,1.727214698640216,1.3355864067837337,2.225652893723603,1.211473453723745,0.19309090909090904,0.03381818181818176,0.008727272727272672,-0.001818181818181841,0.0025454545454544953,-3.3306690738754695e-17,0.008727272727272672,-0.002909090909090939,-0.0007272727272727653,0.003272727272727227,0.0,0.0025454545454545174
205,205,0.9672727272727273,0.9678095550184005,0.9656443774090833,0.9946371711077594,2.4153572705596185,2.039614889733172,1.4622086499146287,1.9502718163308463,1.0259344427496586,0.17781818181818182,0.02145454545454546,0.00436363636363638,0.0021818181818181958,0.0043636363636363916,0.000363636363636366,-0.0018181818181818078,-0.004363636363636347,0.002909090909090928,0.001454545454545464,0.0010909090909090979,-0.0029090909090909054
206,206,0.9854545454545455,0.9854545454545455,0.9762849258364954,0.9990513970334598,2.8182099164825716,1.9730753788987476,1.3652220096180343,1.5876240995027082,1.3167396496433146,0.1749090909090909,0.018545454545454566,0.0061818181818182215,-0.00654545454545451,0.0036363636363636598,0.000727272727272732,0.001454545454545464,-0.002181818181818185,-0.005454545454545434,0.003272727272727294,-0.0036363636363636377,0.0043636363636363916
207,207,0.9745454545454545,0.9744660676762292,0.9591572504708098,0.9968612680477088,2.3320337219356952,1.631529217846171,1.4327859337339466,2.1025845839435067,1.2355901599706631,0.18109090909090905,0.03345454545454539,0.014909090909090872,0.0018181818181817854,0.003272727272727227,0.003272727272727227,0.0069090909090908535,0.0007272727272726875,0.0021818181818181403,0.00872727272727265,-0.008727272727272783,0.004727272727272647
208,208,0.9745454545454545,0.9747610695187164,0.9719243143863949,0.9941014248506206,2.5020570989601,2.2266815126741553,0.929420490899106,2.2972669953033873,1.2182037138055097,0.1956363636363636,0.028363636363636313,0.018545454545454497,0.007636363636363575,0.005090909090909024,0.004727272727272658,0.009090909090909038,0.0039999999999999255,0.007999999999999941,0.0047272727272726685,0.0036363636363635488,0.00618181818181811
209,209,0.9745454545454545,0.9742274567537726,0.9445548130756727,0.994672205165252,2.5945264095964675,2.3521199018131718,0.9965653779307104,1.3817203339013626,1.0236312732646335,0.16436363636363632,0.028363636363636303,0.020363636363636306,0.003272727272727227,0.011272727272727235,0.008727272727272672,0.003999999999999948,-2.2204460492503132e-17,0.0069090909090908535,0.007999999999999952,0.0021818181818181403,0.004363636363636292
210,210,0.9709090909090909,0.9709090909090909,0.9518557422969187,0.9963235294117647,2.818664968671359,1.759931649312023,1.330374685782703,1.3327408168820252,2.077465488533912,0.1810909090909091,0.018545454545454577,0.008363636363636417,0.0021818181818181958,0.0025454545454545617,0.0032727272727273047,0.0018181818181818299,0.002181818181818207,-0.003999999999999937,0.00800000000000004,-0.0003636363636363549,0.0025454545454545617
211,211,0.9745454545454545,0.9748161047618865,0.9695584684373922,0.9959468782338737,2.551967122767377,2.229005740428015,1.0344136766194383,2.3535333040803192,0.8648028395106878,0.1672727272727272,0.023999999999999945,0.0065454545454544984,0.0036363636363635488,0.005818181818181745,0.0021818181818181294,0.007999999999999941,0.0032727272727271937,0.0007272727272727098,0.012363636363636321,0.003636363636363582,-1.1102230246251566e-17
212,212,0.9781818181818182,0.9785122230710466,0.9787339714646921,0.997200650171573,2.6431213021408504,1.3919936114890297,1.0026734558618577,1.8594732672353045,1.7971375115399268,0.18872727272727272,0.02799999999999998,0.009818181818181771,0.0018181818181818299,0.005454545454545423,0.0036363636363636485,0.002545454545454551,-0.000727272727272732,0.0029090909090909167,-0.0010909090909090979,-0.00036363636363637706,0.0018181818181818188
213,213,0.9672727272727273,0.9679541511120459,0.96256038647343,0.9964251207729469,2.753241364208518,2.614226928194153,1.5508222032276908,1.2940398260439037,0.9471585073498908,0.13054545454545458,0.02036363636363635,0.01200000000000001,0.007636363636363641,0.0065454545454545765,0.002909090909090928,-0.0014545454545454527,-0.004727272727272714,-0.002545454545454551,-0.0029090909090909054,0.0021818181818181958,-0.002545454545454551
214,214,0.9818181818181818,0.9818647337768882,0.9776714513556619,0.9981876178048427,2.950097377590497,2.005778653885546,0.41473262879143047,2.378261509695326,0.5930774525922079,0.21090909090909093,0.02472727272727273,0.011272727272727278,0.002181818181818185,0.007999999999999997,0.005454545454545467,0.01090909090909089,0.00545454545454549,0.0025454545454545617,0.007272727272727275,0.010545454545454535,0.0036363636363636598
215,215,0.9818181818181818,0.9818658813903762,0.9774725274725276,0.9981684981684982,2.2773082271096574,2.0019057729131697,0.35746706106721854,2.5521841673064487,1.8869752297142248,0.23454545454545453,0.04109090909090908,0.021090909090909094,0.007272727272727297,0.01018181818181818,0.009454545454545438,0.00690909090909092,0.006545454545454554,0.0025454545454545617,0.010545454545454547,0.004000000000000026,0.0032727272727272826
216,216,0.9818181818181818,0.9817502581691023,0.9666695412211107,0.9977578475336323,2.3570240325629426,1.6585492764064942,1.3028795716114931,2.1394216240519093,1.5290627090867461,0.1549090909090909,0.032727272727272716,0.011636363636363634,0.002545454545454551,0.005090909090909113,0.0061818181818181885,0.002909090909090928,0.0025454545454545617,-0.000363636363636366,0.005454545454545478,-0.0021818181818181958,-0.0021818181818181958
217,217,0.9745454545454545,0.9744333226686167,0.9499715207898234,0.9981013859882286,2.83333022941053,2.0459415636890137,0.8038940234793327,1.594985591114712,1.5376564987298118,0.14690909090909088,0.009818181818181749,0.00727272727272722,-0.005818181818181856,-0.0014545454545454861,0.00036363636363632155,-0.000727272727272732,-0.008000000000000052,0.0007272727272727098,-0.002909090909090928,-0.0061818181818182215,0.0007272727272726986
218,218,0.9818181818181818,0.9818843328955688,0.9740427733701276,0.9986202138668506,2.345944086889877,1.7920292685347126,1.0553853488012293,2.0924497847858117,1.7767750834172686,0.19236363636363635,0.01854545454545453,0.00872727272727275,-0.0036363636363636598,-0.001454545454545464,0.004000000000000015,-0.0036363636363636598,0.0,-0.000363636363636366,-0.000363636363636366,0.0025454545454545617,-0.000363636363636366
219,219,0.9672727272727273,0.9678378240370376,0.9650741635046568,0.9982752673335633,2.6713671524789544,1.568719539424558,1.0287277604232696,0.9088486893551526,2.4044999765825463,0.2018181818181818,0.007272727272727287,0.0007272727272727431,0.0025454545454545617,-0.002545454545454551,-0.000363636363636366,-0.0032727272727272605,-0.0029090909090909167,-0.013818181818181795,-0.005454545454545434,-0.000363636363636366,-0.005818181818181811
220,220,0.9781818181818182,0.9781818181818182,0.9680232558139534,0.9982170542635659,3.06855594739777,2.177284494970516,1.26985916098508,0.9597789910726392,1.187288113234712,0.15454545454545454,0.029454545454545435,0.010181818181818158,-0.000727272727272732,0.0018181818181817965,0.0025454545454545174,0.004727272727272724,-0.0040000000000000365,0.002181818181818185,0.007636363636363608,0.0032727272727272826,0.006545454545454521
221,221,0.9818181818181818,0.982056679679154,0.9882075471698113,0.9991764001197964,2.5114418134877785,2.192117813760687,0.8883765848308098,1.9826506845378182,1.4150961698654847,0.2370909090909091,0.024,0.007272727272727287,0.009818181818181792,0.001454545454545464,0.0021818181818181958,-0.000363636363636366,0.004000000000000026,-0.010545454545454514,-0.001454545454545464,-0.001454545454545464,-0.0025454545454545617
222,222,0.9818181818181818,0.9816563601687569,0.9653945176434954,0.9988641526578828,2.5100043496037063,1.514026476668496,1.021909816317393,1.887213926120687,1.9383139964689657,0.1756363636363636,0.02909090909090909,0.012363636363636354,0.0021818181818181958,-0.0010909090909090979,0.000727272727272732,0.0021818181818181958,-0.006909090909090943,0.000363636363636366,0.000727272727272732,-0.001454545454545464,0.000363636363636366
223,223,0.9781818181818182,0.9785608505790773,0.9778138528138528,0.9964580873671782,1.840087781011771,2.4078060421144336,0.8002588691359658,1.9569056813269887,1.8450600359237623,0.14399999999999996,0.03490909090909091,0.02436363636363632,0.0029090909090909054,0.011999999999999966,0.014181818181818162,0.00654545454545451,0.005090909090909079,-0.001454545454545464,0.003999999999999992,0.0036363636363636264,-0.0025454545454545617
224,224,0.9854545454545455,0.9853772893772895,0.9748803827751196,0.997752646078005,3.288771590356324,1.3027215273237112,1.629046172264479,1.2082814616283386,1.1307222559453698,0.18181818181818185,0.03963636363636366,0.021818181818181837,-0.0014545454545454527,0.0036363636363636598,0.0036363636363636598,0.009818181818181847,-0.0018181818181818078,0.0021818181818181958,0.007272727272727308,-0.007636363636363575,0.001454545454545464
225,225,0.9781818181818182,0.9783162129772298,0.973542030827904,0.9957889718735102,3.2409864249816556,1.8448079695136006,1.2185104187130311,0.5386979442837807,1.7698757271030021,0.1785454545454545,0.03418181818181815,0.02181818181818178,0.014181818181818151,0.0021818181818181737,-0.0010909090909090979,0.006181818181818155,-0.002909090909090928,-0.00036363636363637706,-0.0018181818181818299,0.00509090909090909,-0.001454545454545464
226,226,0.9854545454545455,0.9853527735880677,0.9704545454545455,0.9984297520661157,2.6999336305282537,1.9104853244934579,0.7855919040996787,1.8394005470844816,1.473151525980975,0.1752727272727273,0.0352727272727273,0.018545454545454566,-0.0014545454545454417,0.005090909090909123,0.00036363636363637706,0.004727272727272747,-0.0010909090909090979,0.006909090909090953,0.00945454545454547,0.006545454545454588,0.0043636363636363916
227,227,0.96,0.9603560076287349,0.9498979912115505,0.993879472693032,2.5726136359905456,1.9134500260074077,1.3015864754844346,2.5667784294194633,0.521041215584901,0.17199999999999996,0.0236363636363636,0.0018181818181817854,-0.010909090909090957,0.0021818181818181294,-0.0018181818181818299,0.0032727272727272163,-0.0072727272727273196,-0.007636363636363686,0.00472727272727268,-0.009454545454545504,0.0010909090909090534
228,228,0.9709090909090909,0.9710838618745596,0.9630021971123666,0.996939736346516,2.394260225683736,1.2521703271431335,0.8292585731933452,2.5135332385355698,1.6741485281403894,0.20400000000000001,0.027272727272727292,0.004727272727272758,0.000363636363636366,0.006909090909090953,0.0025454545454545617,-0.0007272727272726986,-0.0003636363636363549,0.000363636363636366,0.010181818181818203,-0.002909090909090839,2.2204460492503132e-17
229,229,0.96,0.9595463995463995,0.9384832593787817,0.9952938012639505,3.072386561181739,1.1712310556693168,1.4475273661749757,1.1133641345370124,1.4425318877451005,0.2083636363636363,0.03636363636363632,0.01345454545454543,-0.001090909090909109,-0.002545454545454573,0.0010909090909090534,0.005454545454545401,0.0010909090909090424,0.00290909090909085,0.0018181818181817744,0.006545454545454488,0.0025454545454544953
230,230,0.9709090909090909,0.9707468213128592,0.9538284952606635,0.9973341232227488,2.67578198698391,2.2552158181299675,0.8383002786961161,2.057394715439181,0.8732090338276336,0.20690909090909093,0.02254545454545457,0.00981818181818186,0.004363636363636403,0.004363636363636403,5.551115123125783e-17,-0.0014545454545454085,0.008363636363636396,-0.0018181818181817744,0.009818181818181827,-0.0021818181818181294,-0.0029090909090908833
231,231,0.9636363636363636,0.9638842975206612,0.9493883023294788,0.9909502262443439,3.1621156666767276,2.002782321081001,0.8597205256446033,1.6511991518313038,1.1344912815708819,0.17309090909090907,0.021818181818181803,0.018545454545454542,0.00436363636363637,-0.00436363636363638,0.0,-0.000363636363636366,-0.0021818181818181958,0.0018181818181818299,0.014545454545454528,-0.007636363636363652,-0.0018181818181818299
232,232,0.9927272727272727,0.9927272727272727,0.9894668300903937,0.9987743220468822,3.0868620882196507,2.025111595683187,0.7805792036284614,1.5172793176563966,1.468244216809482,0.22363636363636363,0.030181818181818133,0.009090909090909038,0.010909090909090868,0.0003636363636363549,0.006909090909090842,0.0010909090909090647,0.003999999999999937,0.004727272727272647,0.00363636363636356,0.0072727272727272085,0.0014545454545454195
233,233,0.9745454545454545,0.9746106272876436,0.9677033492822966,0.998260113092649,2.615931581451808,1.7471222253857603,0.5312204402976803,1.9911019682521127,1.7452485869019703,0.22690909090909087,0.02072727272727267,0.003272727272727227,-0.0032727272727273047,-0.0021818181818181958,-0.0010909090909091202,0.0007272727272726765,-0.0018181818181818299,-0.0018181818181818633,0.0010909090909090534,-0.002545454545454573,-0.008000000000000052
234,234,0.9709090909090909,0.9711180133821641,0.9599430838220075,0.9942221455674372,2.3106911788129336,1.8194609533545965,1.443669457638109,2.938883207195127,0.64558319010169,0.15018181818181822,0.03490909090909093,0.025454545454545487,0.009454545454545493,0.003636363636363671,0.0018181818181818633,0.005090909090909123,0.0032727272727273047,0.0021818181818181958,0.007636363636363686,0.00872727272727276,-0.0014545454545454195
235,235,0.9854545454545455,0.9853472984414687,0.969445860955295,0.9980452150263471,2.386422261714544,1.8257258887827112,0.7035441749584211,2.106729013087223,1.730371369028581,0.20363636363636367,0.025454545454545462,0.007636363636363675,0.007636363636363686,0.00981818181818187,0.0072727272727273196,0.0025454545454545617,0.0025454545454545617,0.0043636363636363916,0.011272727272727313,0.0,0.0
236,236,0.9672727272727273,0.9674128737077843,0.9456047085627491,0.9963926333776343,2.9501946286327256,2.631483232615173,1.6607387060222947,0.41939056563302163,1.4998836180648893,0.1614545454545455,0.014545454545454561,2.2204460492503132e-17,-0.008727272727272695,0.000727272727272732,0.005454545454545467,1.1102230246251566e-17,-0.002181818181818185,0.0018181818181818299,0.0010909090909090979,0.000363636363636366,-0.0010909090909090868
237,237,0.9527272727272728,0.9522499762135298,0.9183566714952519,0.9929985514244326,2.4090497094619927,1.489175089740411,0.648020926384305,2.751357941121153,1.456481377572835,0.18545454545454548,0.007636363636363675,-0.0025454545454545396,-0.0010909090909090979,-0.0014545454545454306,0.00545454545454549,-0.002181818181818185,0.006545454545454588,0.000727272727272732,-0.0029090909090909054,0.0021818181818181958,-0.003999999999999992
238,238,0.9854545454545455,0.9854545454545455,0.9755555555555555,0.9992000000000001,3.1290938348655017,1.0804948584104443,1.1246530795939857,2.1570729271882065,0.9795467360990459,0.1643636363636364,0.019636363636363664,0.005818181818181845,0.008000000000000052,0.0032727272727273047,-0.000363636363636366,-0.0018181818181818299,0.001454545454545464,-0.0021818181818181737,-0.0010909090909090868,0.000363636363636366,-0.0032727272727272826
239,239,0.9781818181818182,0.9781818181818182,0.9615061590145577,0.9972937663307204,2.821977497424005,2.319987003083495,0.8392016791150486,0.8638558766739369,1.736357559443052,0.1650909090909091,0.02472727272727271,0.009818181818181792,0.0036363636363636485,0.007636363636363608,-0.000363636363636366,0.0,-0.005090909090909123,-0.0010909090909090979,0.0007272727272727098,0.0014545454545454527,-0.004727272727272758
240,240,0.9818181818181818,0.9818721223679902,0.9763565891472868,0.9966666666666667,3.1500185517305512,1.3720275674233706,1.1268495879788445,1.484137908680389,1.5812043116536876,0.20945454545454548,0.03709090909090908,0.01890909090909092,0.002909090909090928,0.002909090909090928,0.0029090909090909167,0.0036363636363636598,0.0036363636363636598,0.0010909090909090979,0.0036363636363636485,0.008363636363636384,0.005090909090909113
241,241,0.9563636363636364,0.956850445152332,0.9485215259690516,0.9939482151064808,2.3843241444379633,1.8578920316016228,0.9004543506084446,2.045919706314305,1.731100054916271,0.17963636363636365,0.02581818181818186,0.002181818181818207,0.001818181818181841,-0.003999999999999971,-0.005090909090909024,0.00036363636363638817,-0.002909090909090861,-0.0032727272727272384,0.004000000000000048,-0.005090909090909012,-0.003272727272727227
242,242,0.9745454545454545,0.9744660676762292,0.9591572504708098,0.9982736974262397,2.989598083812473,2.1409913319193175,1.1315753828401762,1.7547418093309588,0.760410927137644,0.17709090909090905,0.016727272727272667,0.008727272727272672,-0.000363636363636366,-0.0007272727272727541,-0.0021818181818181958,0.0003636363636363549,-1.1102230246251566e-17,-0.001090909090909109,-1.1102230246251566e-17,0.0007272727272727098,-1.1102230246251566e-17
243,243,0.9818181818181818,0.9818778293454791,0.975293542074364,0.9990215264187867,2.81952190084516,1.8889481715234158,0.25612484159758847,2.0341815691974388,1.482665141462162,0.20909090909090908,0.012727272727272731,0.00690909090909092,-0.001454545454545464,-0.002909090909090928,-0.006545454545454554,-0.000727272727272732,-0.0036363636363636598,-0.0010909090909090979,-0.0010909090909090979,-0.007636363636363675,-0.001454545454545464
244,244,0.9745454545454545,0.9744735828877005,0.961178496555855,0.996031746031746,2.603661647191334,1.8573329520953314,0.7754696947029284,2.0796993464544773,1.4751707855230307,0.20581818181818176,0.03272727272727266,0.021454545454545382,0.009818181818181771,0.007999999999999941,0.0007272727272726875,0.003999999999999948,0.00290909090909085,0.0003636363636363438,0.007636363636363575,0.006181818181818122,0.00036363636363632155
245,245,0.9745454545454545,0.9744640407069193,0.9586047989829969,0.9974574924519307,3.469122448559354,1.9397536163718005,0.9192160578929719,1.1125908256409758,1.2892809496968491,0.17818181818181808,0.011999999999999933,0.0069090909090908535,0.0003636363636363438,0.0007272727272726875,0.0036363636363636043,0.0007272727272727098,-0.00036363636363637706,-1.1102230246251566e-17,0.003999999999999948,0.0007272727272726875,0.005818181818181745
246,246,0.9854545454545455,0.9853414141414142,0.9683560924369747,0.9988620448179272,2.6216558863637935,1.6271928547169014,1.1374514812640788,1.9386953848157613,1.7483244220340677,0.1894545454545455,0.02145454545454546,0.009818181818181847,0.004000000000000026,-0.001454545454545464,0.0,-0.000727272727272732,0.0043636363636363916,-0.000363636363636366,0.004000000000000026,0.0,0.0
247,247,0.9818181818181818,0.9818721223679902,0.9763565891472868,0.9975193798449612,2.3490320352669265,2.2848773437675067,0.8955053001182507,2.700985181485518,0.3300598135723469,0.22000000000000003,0.03527272727272727,0.011272727272727278,0.003272727272727294,0.004727272727272747,0.0036363636363636598,0.005818181818181845,0.0018181818181818299,0.00436363636363638,0.011272727272727268,0.009090909090909094,0.003272727272727294
248,248,0.9745454545454545,0.9748091663687993,0.9698708142104369,0.9955804861465238,2.968430879007255,1.5320595928056087,0.9672668186453426,1.7834195466404863,1.5621977663509066,0.1705454545454545,0.02618181818181813,0.02072727272727264,0.009090909090909038,0.011272727272727222,0.005454545454545401,-0.0007272727272727541,0.003999999999999937,0.00290909090909085,0.005090909090909024,-0.00036363636363637706,0.005090909090909024
249,249,0.9636363636363636,0.9641075164976661,0.9568181818181818,0.9952892561983472,3.04927933879137,1.7304960968293435,1.7625454107348484,1.2934006196438081,1.1873628465065205,0.15963636363636358,0.0032727272727272605,0.006545454545454521,0.005818181818181789,-0.002909090909090939,0.0007272727272727098,0.0010909090909090868,0.0,-0.0018181818181818299,-0.005090909090909123,-0.001454545454545464,0.0
