,random_seed,accuracy,f1_weighted,balanced_acc,auc,model_weights.random_forest,model_weights.bagging_svc,model_weights.bagging_knn,model_weights.gradient_boosting,model_weights.mlp,feature_importance.frontlow_temperature_scaled,feature_importance.frontlow_CO2_scaled,feature_importance.frontlow_humidity_scaled,feature_importance.frontlow_temperature_fd1_scaled,feature_importance.frontlow_humidity_fd3_scaled,feature_importance.frontlow_humidity_fd2_scaled,feature_importance.frontlow_CO2_fd2_scaled,feature_importance.frontlow_CO2_fd3_scaled,feature_importance.frontlow_temperature_fd2_scaled,feature_importance.frontlow_humidity_fd1_scaled,feature_importance.frontlow_CO2_fd1_scaled,feature_importance.frontlow_temperature_fd3_scaled
0,0,0.9629629629629629,0.9627993328927907,0.9548517520215634,0.989068583408206,2.649358259360987,0.8449068882238997,1.3278536416807856,1.7565489085100883,0.9230340174075968,0.08888888888888884,0.08148148148148142,0.0526748971193415,0.018106995884773592,0.010699588477366207,0.008230452674897082,0.005761316872427957,0.005349794238683103,0.004526748971193395,0.004115226337448541,0.0037037037037036757,0.0004115226337448208
1,1,0.9465020576131687,0.9465783785190948,0.941980421686747,0.988855421686747,3.24091835108247,0.665914986987387,1.0668015240283344,1.824299756607298,0.8974269247909727,0.07283950617283955,0.10082304526748972,0.044444444444444474,0.0004115226337448652,0.004938271604938293,0.007407407407407429,0.0016460905349794386,-0.000411522633744843,-0.0016460905349794165,0.003292181069958866,-0.0008230452674897082,0.011934156378600846
2,2,0.9300411522633745,0.9308738605089004,0.9379721522737372,0.9709672641090209,2.928964206801088,1.007484570064454,1.6535742122602057,1.6420792484350546,0.7943624631808157,0.10617283950617282,0.05843621399176955,0.04609053497942386,0.006584362139917676,0.015226337448559668,0.015637860082304535,0.0024691358024691245,0.01069958847736623,0.0020576131687242705,0.011522633744855914,0.008230452674897082,0.0074074074074073955
3,3,0.9547325102880658,0.9551845648847048,0.9598926380368098,0.9868098159509202,2.607105588367281,1.2823631863969724,1.5952539468208073,2.29284118339844,-0.12259128462305754,0.09094650205761315,0.05802469135802468,0.046502057613168724,0.011934156378600801,0.0020576131687242705,0.0008230452674897082,0.003292181069958833,0.007407407407407374,0.005761316872427957,0.0028806584362139785,0.004115226337448541,0.004938271604938249
4,4,0.934156378600823,0.9356779514325121,0.9398948494029584,0.9860096239529494,2.642170691702582,1.4873426959763107,0.9016587328360841,2.496687473997985,0.38488626243506907,0.07818930041152258,0.08106995884773661,0.031275720164609035,-0.0008230452674897193,-2.2204460492503132e-17,0.0,-0.01193415637860088,-0.01111111111111115,-0.0012345679012345733,-0.00905349794238689,-0.006995884773662586,0.000411522633744843
5,5,0.9382716049382716,0.9387568893048469,0.9417550839964632,0.9666224580017684,2.083819030813344,0.982115909056657,1.6457064362248635,2.032011253795263,1.1312081205682858,0.11604938271604934,0.09341563786008225,0.05102880658436211,0.00411522633744853,0.012757201646090477,0.004526748971193395,0.008230452674897082,0.01604938271604931,0.0016460905349793941,0.006584362139917666,0.0037037037037036757,0.007818930041152227
6,6,0.9547325102880658,0.9550981815453315,0.9564230949773118,0.9910812079486778,2.4911764228505398,1.0095744519046979,1.0485129668179256,2.0522364617601463,0.718456592156974,0.09753086419753083,0.07942386831275719,0.03868312757201645,0.013168724279835375,0.018518518518518524,0.009465020576131656,0.012345679012345645,0.009876543209876498,0.011934156378600791,0.004938271604938249,0.010288065843621363,0.016049382716049387
7,7,0.9547325102880658,0.9551323291337815,0.9560610906764753,0.9786502478810172,2.2103054396038515,0.8524558549004484,1.729094974935716,1.985824085480441,0.8497745221179166,0.08888888888888888,0.0802469135802469,0.04897119341563784,-0.0008230452674897082,0.022633744855967086,0.008230452674897082,0.007818930041152227,0.006995884773662519,0.006172839506172811,0.006995884773662519,0.0012345679012345622,0.0020576131687242705
8,8,0.9423868312757202,0.942640909015178,0.9426893331387713,0.9862104187946884,2.505009900283157,0.7503416488344219,0.9932198254490727,2.427762569298427,0.8576648262146876,0.0650205761316873,0.1135802469135803,0.0555555555555556,0.0028806584362140453,0.0028806584362140453,3.3306690738754695e-17,0.005761316872428035,-0.0008230452674896748,-0.0004115226337448319,-0.005349794238683103,-0.0028806584362139785,0.0004115226337448874
9,9,0.9259259259259259,0.9269996653279786,0.931934731934732,0.9769230769230769,2.8940383426585194,1.076136316873619,1.489746664094105,1.6632194584590678,0.751210497084309,0.102880658436214,0.05637860082304528,0.03539094650205763,0.00864197530864197,0.0065843621399176875,-0.0012345679012345622,0.0,0.00493827160493826,-0.0004115226337448541,0.0065843621399176875,-0.0008230452674897082,0.0024691358024691358
10,10,0.9506172839506173,0.9504830718034988,0.9433787587024145,0.9808917197452229,2.5720498661274145,1.1081663912602973,2.1324555435512704,1.3786030255543322,0.9077802231061537,0.04320987654320988,0.08477366255144032,0.04074074074074078,-0.0016460905349794165,0.00658436213991771,0.0074074074074073955,0.00781893004115225,0.0004115226337448652,0.005761316872427957,0.004526748971193395,0.006584362139917676,-0.0024691358024691245
11,11,0.9753086419753086,0.9754367887635318,0.9798657718120805,0.9904326717121235,2.5823201186345304,0.5171432562612707,1.6859921209661917,1.972867191900252,0.8737447610963287,0.10123456790123457,0.06954732510288066,0.05349794238683129,-0.0020576131687242705,0.003292181069958833,0.0,0.0012345679012345622,0.009053497942386834,0.0028806584362139785,-0.003292181069958833,0.0012345679012345622,0.0004115226337448541
12,12,0.9465020576131687,0.9466957312568268,0.9456233421750663,0.9868110816386678,2.555960458940698,0.8524758077918413,1.2590087305901645,2.1236792237532534,0.9288224393373429,0.06625514403292183,0.08930041152263377,0.057201646090535,-0.004938271604938249,0.007407407407407429,-0.0008230452674897082,0.006584362139917732,0.0004115226337448652,-0.003292181069958833,-0.007407407407407374,0.0008230452674897082,-0.005761316872427957
13,13,0.9382716049382716,0.938726132910972,0.9380751533742331,0.975920245398773,2.1875001802331653,0.9143671729999924,1.2689956047462825,2.3615189634011657,1.028344110745831,0.07860082304526742,0.0938271604938271,0.07283950617283948,0.006995884773662508,0.005349794238683092,-0.0008230452674897526,0.007818930041152217,-0.005761316872428046,0.005761316872427935,-0.0004115226337448874,0.0061728395061728,0.00411522633744853
14,14,0.9547325102880658,0.9550981815453315,0.9564230949773118,0.9935064935064936,2.8113482271782315,1.6173377456279707,1.681976179692968,1.828339253676126,-0.1773245043863057,0.0950617283950617,0.0699588477366255,0.03909465020576129,0.003292181069958833,0.0028806584362139898,0.003703703703703687,0.0016460905349794165,0.004115226337448541,0.003703703703703687,0.0020576131687242705,0.0004115226337448541,-0.0008230452674897082
15,15,0.9753086419753086,0.9753692842402519,0.9756852343059239,0.9921898025346301,2.5827967592396908,1.009513265737194,1.1858336901107374,2.2560628696710228,0.4407375098698109,0.09053497942386832,0.09753086419753088,0.04897119341563786,-0.006995884773662519,-0.0012345679012345622,-0.003703703703703687,-0.003703703703703687,0.0057613168724279795,-0.007407407407407374,-0.005349794238683103,-0.0004115226337448541,-0.004115226337448541
16,16,0.9465020576131687,0.946557779632715,0.9442124964008063,0.9871148862654766,2.56492116866742,1.0808502138462563,1.941490053907852,1.7689780196833824,0.2330448341084979,0.056378600823045286,0.07160493827160498,0.03374485596707821,-0.0024691358024691245,0.00658436213991771,-0.0012345679012345622,0.00452674897119344,0.005349794238683159,-0.002057613168724259,-0.003292181069958833,0.003703703703703731,0.0012345679012345956
17,17,0.9547325102880658,0.9548963879865457,0.9545755968169761,0.9879899793692897,2.579840140760102,1.1705413173143095,1.2500079018360142,2.1254010961336705,0.45000710880632966,0.12057613168724277,0.06872427983539094,0.05596707818930038,0.006995884773662519,0.0008230452674897082,0.007407407407407374,0.004526748971193395,0.0024691358024691245,-0.0008230452674897082,0.006172839506172811,0.0028806584362139785,0.005761316872427957
18,18,0.9465020576131687,0.9463015324823113,0.9388224135415146,0.9924850430468408,2.726751107839418,1.2911834231802335,1.8501483026141288,1.0923204291427813,1.0653248505548933,0.09176954732510291,0.08518518518518522,0.03168724279835394,-0.007818930041152227,0.002880658436214034,-0.0037037037037036757,-0.0028806584362139785,0.003292181069958855,-0.006172839506172811,-0.005761316872427957,-0.0016460905349794165,-0.005761316872427957
19,19,0.9465020576131687,0.9470710873713146,0.9504662004662006,0.9873348873348874,2.9826916468478584,0.9026339898170962,1.2104104138889284,1.5740182555644042,0.8758400594764725,0.0843621399176955,0.08559670781893007,0.027572016460905367,-0.0012345679012345622,-0.0020576131687242705,0.0024691358024691358,0.005349794238683181,0.005349794238683148,0.0008230452674897082,-0.0012345679012345512,-0.004115226337448541,0.002057613168724304
20,20,0.9629629629629629,0.9632712882475724,0.9658840214308226,0.9928301292152537,2.6497997617463236,0.9900284788071902,0.888711678711872,1.9313257325033937,1.1349486070854498,0.13086419753086415,0.0864197530864197,0.06172839506172835,0.003703703703703687,0.00905349794238679,0.0012345679012345401,-0.0032921810699589214,0.003703703703703687,-0.004115226337448629,-0.0028806584362140453,0.006172839506172811,0.0012345679012345512
21,21,0.9670781893004116,0.9673142344291275,0.9687350071965457,0.9895250279865665,2.2614768475967484,1.353387468213793,1.8689938356129352,1.7543912371078567,0.4995256285881271,0.0901234567901235,0.06748971193415641,0.02921810699588483,0.004115226337448652,0.00493827160493836,0.00493827160493836,0.0024691358024691913,0.005761316872428068,0.0032921810699589106,0.004526748971193495,0.0028806584362140565,0.0037037037037037533
22,22,0.9300411522633745,0.9307482809118127,0.9353429121611614,0.9767441860465117,2.539339014156715,1.1621756673271064,1.4996629962256471,1.9444402880880234,0.7605986331580274,0.09629629629629628,0.09259259259259259,0.05061728395061728,-0.011934156378600824,-0.004526748971193406,0.004938271604938249,-0.0028806584362139785,-0.003703703703703687,-0.01069958847736625,-0.006995884773662553,0.0004115226337448541,0.0
23,23,0.9547325102880658,0.9549654430876751,0.9527261266939804,0.9876300031515916,2.732348943838099,0.9078699015823882,1.4684802977853515,1.9099560075825461,0.8871237109529672,0.07860082304526747,0.07736625514403292,0.04526748971193415,-0.003703703703703687,0.003292181069958833,0.0028806584362139785,-0.0008230452674897082,0.00493827160493826,0.0008230452674897082,0.0,0.003292181069958833,0.003292181069958833
24,24,0.9259259259259259,0.9266037279109174,0.9295289586727893,0.9702266330913939,2.9035392473944417,0.3901074249414272,1.5669606548988262,2.184564144976344,0.9439629899745197,0.09876543209876544,0.07325102880658436,0.04032921810699588,0.006172839506172823,0.005349794238683103,0.0057613168724279795,0.0012345679012345622,0.006584362139917676,0.003703703703703687,0.0024691358024691245,0.006584362139917676,0.0020576131687242705
25,25,0.9670781893004116,0.9670781893004116,0.9636118598382749,0.9944594189877209,3.7845518786995007,0.15938702526380338,1.5212999549932442,1.48828449356312,0.640327223216406,0.09835390946502062,0.10082304526748975,0.05802469135802474,0.008641975308642047,0.009465020576131754,0.004115226337448619,0.005761316872428058,0.009053497942386902,0.004115226337448641,0.001646090534979483,0.006172839506172922,0.0
26,26,0.9382716049382716,0.9388833333957547,0.9353839801816681,0.9782824112303882,1.8079246015638468,1.0745612040451753,1.9420814072903498,2.290992160051624,0.7738079537217221,0.06213991769547319,0.056790123456790076,0.03991769547325098,0.003703703703703687,0.00905349794238679,0.009876543209876498,0.0024691358024691136,0.011111111111111061,-0.00246913580246918,0.005761316872427957,-0.0020576131687243373,-0.0004115226337449207
27,27,0.934156378600823,0.9350733058899057,0.9373086220789686,0.9806607574536664,2.7509519599605587,1.0801736330854934,1.4279673896673744,1.5895809697463488,0.7060537767039359,0.0699588477366255,0.06748971193415634,0.06666666666666662,-0.002880658436214001,-0.003292181069958866,0.002057613168724259,0.0004115226337448541,0.0012345679012345622,0.0012345679012345622,-0.007407407407407462,-0.003292181069958855,-0.0020576131687242926
28,28,0.9670781893004116,0.9670781893004116,0.9634036144578313,0.9914156626506024,2.627846999622529,0.8184354280960326,0.8276398469824281,2.094631174222641,1.18917528662012,0.08518518518518522,0.0798353909465021,0.032921810699588536,3.3306690738754695e-17,-0.008641975308641924,-0.005349794238683103,-0.006172839506172811,-0.005761316872427957,-0.004938271604938249,-0.007407407407407374,-0.0032921810699588216,-0.005761316872427957
29,29,0.9465020576131687,0.9464505925411274,0.9428876244665718,0.9807254623044097,2.6546162373259956,1.4304208295289331,1.4645080800459545,2.248903327934759,-0.08660715935830982,0.09876543209876544,0.07860082304526753,0.05308641975308646,0.007407407407407451,0.016460905349794275,0.006995884773662586,0.0004115226337448541,0.00905349794238688,-0.003703703703703687,0.004115226337448574,0.003703703703703731,-0.0028806584362139676
30,30,0.934156378600823,0.9343723676336622,0.9278554778554778,0.9874902874902876,2.9273146352161494,0.6329514467392314,1.5893147787594868,1.9074926628263718,0.6078538751789265,0.09999999999999996,0.08065843621399173,0.038271604938271565,0.0016460905349794052,0.0028806584362139785,-0.0020576131687242817,-0.002880658436214023,0.0004115226337448319,0.003703703703703687,-0.006995884773662586,-0.0016460905349794165,0.0016460905349794165
31,31,0.9506172839506173,0.9511640211640212,0.9528508771929824,0.9685672514619883,3.0391739118247676,0.7033999779960883,1.6897259058875174,1.7508474638769844,0.5809011884532714,0.07777777777777778,0.07119341563786008,0.04197530864197531,0.0024691358024691245,0.006584362139917666,0.009053497942386824,0.0008230452674897082,0.006172839506172811,0.0004115226337448541,0.003703703703703687,0.0008230452674897082,0.013991769547325117
32,32,0.9218106995884774,0.9225667158207804,0.9228395061728395,0.9747751867093432,2.8427180215411223,0.898843898419581,1.610549711659854,1.3175501871785824,0.8474424187927333,0.07983539094650209,0.08189300411522638,0.029218106995884795,-0.006584362139917666,-0.006584362139917666,-0.011111111111111061,-0.0012345679012345622,-0.0028806584362139785,-0.006584362139917666,-0.006172839506172811,-0.006995884773662508,-0.011522633744855914
33,33,0.9382716049382716,0.9386705954694283,0.9387915543575921,0.9874962563641809,2.2331017470909686,1.5257221337934728,1.31228761358706,1.8276355639362567,0.9628532994169268,0.0864197530864197,0.06995884773662546,0.01687242798353905,-0.004938271604938349,-0.004115226337448619,-0.008641975308642047,-0.0032921810699589106,0.000823045267489686,-0.009465020576131754,-0.008230452674897193,-0.0032921810699588884,-0.006584362139917766
34,34,0.9423868312757202,0.9423868312757202,0.9376466275659824,0.9830645161290322,2.907685681623527,1.4825820886214933,1.0711509209499999,1.8498139666191369,0.511113546765642,0.11728395061728399,0.09135802469135804,0.07407407407407411,-0.0004115226337448319,0.01193415637860088,-0.007407407407407374,-0.002057613168724259,0.002880658436214034,-0.004115226337448541,-0.0016460905349794052,0.002057613168724326,-0.004115226337448541
35,35,0.9423868312757202,0.9430220256243648,0.9501555325137017,0.9705228854984447,2.6895155603257552,1.3516658554983427,1.8661437288288356,1.4627416690308865,0.3513524168990102,0.13415637860082308,0.07078189300411525,0.04320987654320992,0.001646090534979472,0.012345679012345734,0.011111111111111172,0.0028806584362140453,0.005349794238683192,0.0016460905349794607,-0.003292181069958833,0.0028806584362140453,0.004526748971193461
36,36,0.9588477366255144,0.9591199627749335,0.9628299120234605,0.9879765395894429,2.3102555982265276,1.0266264142149837,1.7062950990123018,2.214541195691178,0.18404806410149732,0.0876543209876543,0.09176954732510287,0.05925925925925922,0.008641975308641936,0.006584362139917666,0.0,0.006995884773662519,0.0028806584362139785,0.007818930041152227,-0.007818930041152305,0.005349794238683103,0.0004115226337448541
37,37,0.9382716049382716,0.9384950745271078,0.9366710875331565,0.9778219864426761,2.823651942819297,1.0697500304605225,1.378850567697362,1.1932249044573986,1.3527755769449374,0.046913580246913535,0.10082304526748967,0.033744855967078144,-0.0037037037037037533,0.004526748971193384,0.000823045267489686,0.0016460905349793941,-0.0004115226337448985,-0.004938271604938349,-0.0028806584362140453,-0.0028806584362140453,0.0008230452674896748
38,38,0.9588477366255144,0.959224293283843,0.9655236261294623,0.9948896459783736,2.5494105690762896,1.1014013203989526,0.9102123059861228,2.1803914270373492,0.8483379606424384,0.10411522633744852,0.11358024691358022,0.03786008230452673,0.0,-0.0020576131687242926,0.0012345679012345622,-0.0020576131687242926,-0.0008230452674897082,-0.0016460905349794275,-0.006172839506172867,0.0012345679012345401,-0.002880658436214012
39,39,0.9506172839506173,0.9509811375402772,0.9538719285182428,0.9734177215189874,2.5572764679334337,0.7781900723080881,2.057042232454932,1.7970623407235808,0.58638307713804,0.07242798353909463,0.06707818930041154,0.04773662551440331,0.003703703703703687,0.004938271604938249,-0.003292181069958833,-0.0004115226337448541,0.0024691358024691245,-0.005349794238683103,-0.003292181069958833,-0.0024691358024691245,0.0024691358024691245
40,40,0.9547325102880658,0.9552444500482378,0.9598959974787268,0.9843208320201702,2.5507288776069785,0.601752482987733,1.653422180552785,1.9343397561451685,1.0391498697862613,0.08395061728395062,0.07407407407407407,0.04115226337448559,0.0020576131687242705,0.004115226337448541,-0.0028806584362139785,-0.0004115226337448541,0.00781893004115224,-0.0016460905349794165,-0.0037037037037036978,-0.005349794238683103,-0.0008230452674897082
41,41,0.9465020576131687,0.9465621404395065,0.9437908496732026,0.9884531590413943,2.365460404732771,0.45756814491118225,1.641513196513091,2.0883172813194326,0.9607964419521362,0.08436213991769549,0.07160493827160498,0.034979423868312785,-0.0028806584362139785,-0.005349794238683103,-0.009465020576131643,-0.005761316872427957,-0.003292181069958833,-0.0024691358024691245,-0.008230452674897082,-0.0020576131687242705,0.0024691358024691466
42,42,0.9670781893004116,0.9671861838168311,0.9656177156177157,0.9843045843045842,2.758118651551493,1.0870793560552767,1.8073322086229375,1.6727252257207383,0.5874814384981856,0.1041152263374486,0.07366255144032927,0.044855967078189354,0.0032921810699589214,0.007818930041152328,0.004115226337448652,0.007407407407407474,0.006172839506172922,0.0028806584362140565,0.011111111111111172,0.002880658436214023,0.002057613168724304
43,43,0.934156378600823,0.9351005591156868,0.9371345029239766,0.9715724496426251,3.066310415168104,1.182299499674007,1.3352388437451777,1.7306294771227193,0.6054513837504382,0.07777777777777775,0.06995884773662549,0.02716049382716047,-0.00452674897119344,0.006584362139917666,0.004938271604938249,-0.0028806584362139898,-0.0016460905349794275,-0.006172839506172856,-0.006172839506172867,-0.003703703703703709,-0.0024691358024691466
44,44,0.9506172839506173,0.9511541325390915,0.9567901234567902,0.9874256973022405,2.9142615672224284,0.9438579036980665,1.307549846662399,1.553118112801503,0.9649449174086382,0.11440329218106995,0.0748971193415638,0.03539094650205761,-0.0008230452674897082,0.00781893004115226,0.0020576131687242817,-0.0012345679012345622,0.0028806584362139785,-0.005349794238683103,0.0016460905349794165,0.0028806584362139785,-0.0004115226337448541
45,45,0.9382716049382716,0.9385529932802119,0.9348926380368099,0.9823619631901841,2.5151719710986975,1.3903365942063337,1.367395486336545,2.2245058774149102,-0.03881518578945247,0.09794238683127568,0.08477366255144028,0.06008230452674892,-0.006584362139917766,-0.0028806584362140453,-0.009053497942386902,-0.008230452674897193,0.0012345679012345512,-0.004526748971193506,-0.004938271604938338,-0.006995884773662619,-0.005349794238683192
46,46,0.9506172839506173,0.9511718966645591,0.9568251533742331,0.9802914110429448,3.228169546905427,0.9918004799605793,1.00269555877524,1.9702791612007666,0.532054727403765,0.1065843621399177,0.09958847736625515,0.043209876543209916,0.00781893004115225,0.020576131687242816,0.009876543209876543,0.0028806584362139785,0.014814814814814836,0.004115226337448541,-0.0016460905349794165,0.004938271604938249,0.009053497942386824
47,47,0.9465020576131687,0.9468362661645976,0.9479895755770662,0.9898734177215189,3.4071732460461757,0.7491484972489397,0.9665451553516743,1.806398484478504,0.7052445894369344,0.0991769547325103,0.09300411522633746,0.0563786008230453,-0.005349794238683103,0.0008230452674897303,0.0008230452674897082,0.0012345679012345622,-0.0028806584362139785,-0.008641975308641936,-0.003703703703703687,-0.0024691358024691245,-0.008641975308641936
48,48,0.9506172839506173,0.9512082905508146,0.956876456876457,0.9845376845376845,2.473152319239965,0.9843979632598325,1.4687681346482242,2.1476447575028064,0.20935200868985415,0.0897119341563786,0.08436213991769546,0.04279835390946503,0.0028806584362139898,0.009465020576131689,0.0024691358024691245,0.006172839506172823,0.0024691358024691245,0.0016460905349794165,0.004526748971193395,0.005349794238683103,-0.004938271604938249
49,49,0.934156378600823,0.934156378600823,0.9254601226993865,0.9852760736196319,3.3540432946028584,1.1649811683314848,1.629109303716633,1.5628602138794108,0.06590675239621671,0.06872427983539094,0.04773662551440326,0.03456790123456786,-0.014814814814814859,-0.011522633744856004,-0.012757201646090588,-0.009465020576131734,-0.010699588477366285,-0.010699588477366318,-0.016460905349794275,-0.017695473251028836,-0.023456790123456805
50,50,0.9382716049382716,0.9389186224906447,0.9443782576321669,0.9810126582278481,2.9345237157847683,1.0600891554552303,1.6770674237059253,1.5273714728634578,0.7106907426113246,0.10246913580246911,0.08230452674897114,0.043209876543209826,0.0028806584362139785,0.01481481481481477,0.0037037037037036757,0.005761316872427957,0.005349794238683103,0.004115226337448541,0.002057613168724259,0.006172839506172811,0.0008230452674896748
51,51,0.9547325102880658,0.9549453302110308,0.9533420808891633,0.979391787588762,2.392383095169639,0.7829334576612016,1.2621232778699654,2.3278015754716526,0.5220698620825684,0.10987654320987653,0.09588477366255141,0.04526748971193415,0.005349794238683103,0.01275720164609052,0.006584362139917666,0.005761316872427957,0.0028806584362139785,0.004526748971193395,0.004526748971193395,0.00493827160493826,0.006172839506172811
52,52,0.934156378600823,0.9346757346724429,0.9355045180722892,0.9605421686746987,3.672348806326177,0.470090929237184,1.4293544793348565,1.6363343678998301,0.7474460895035359,0.0604938271604938,0.10740740740740737,0.057613168724279816,0.0004115226337448541,0.014403292181069926,0.0020576131687242705,0.005349794238683103,0.003703703703703687,0.0012345679012345622,0.006995884773662519,0.011111111111111072,0.009465020576131643
53,53,0.9465020576131687,0.9468921117499929,0.9506785349481979,0.9820516562089596,2.5331516865292527,0.7789379679743647,1.0592299032485504,2.3324331862019125,0.8981720736786992,0.11646090534979425,0.09053497942386832,0.04485596707818933,0.005349794238683148,0.013580246913580295,0.003703703703703709,0.004938271604938283,0.006584362139917721,0.004115226337448541,0.0012345679012345846,0.0004115226337448541,0.005761316872428002
54,54,0.9506172839506173,0.9510605389007651,0.9535736338376042,0.9890398271071319,2.8325495256850375,0.7948889393550522,0.9423968418969119,1.724476451086254,1.2915956406651024,0.05514403292181071,0.08477366255144034,0.0345679012345679,0.00781893004115226,0.004115226337448552,-0.0016460905349794165,0.004115226337448541,0.0028806584362139785,0.0,0.00493827160493826,-0.003703703703703687,0.006584362139917666
55,55,0.9465020576131687,0.9472886606089985,0.9569401840490798,0.9716257668711656,3.3398075422504614,0.47391724501185617,1.4569252595979545,1.7418101101729373,0.8106327759040687,0.06337448559670786,0.08683127572016462,0.04814814814814816,0.007407407407407462,0.009876543209876599,0.01193415637860088,0.01399176954732515,0.006584362139917732,0.004526748971193406,0.0028806584362139898,0.008641975308642025,0.005761316872428024
56,56,0.9218106995884774,0.9224047416436847,0.919110836677987,0.9728311207162705,3.1498401794188498,0.9109974273404358,1.2214626033780436,1.7752456090999447,0.6063181862704878,0.08312757201646093,0.06707818930041155,0.028806584362139943,0.0024691358024691466,-0.004526748971193395,-0.0016460905349794165,0.004938271604938283,0.010288065843621453,0.002469135802469169,-0.0004115226337448541,0.0004115226337448652,-0.0008230452674896971
57,57,0.9506172839506173,0.9508945903075882,0.9507650356006665,0.9823511589153159,2.692798153944813,1.0829074631736284,1.1181989110707682,1.0237035766411084,1.359379461445333,0.12016460905349795,0.09711934156378602,0.04197530864197533,0.003292181069958833,0.008641975308642002,0.003292181069958833,0.0028806584362139898,0.0004115226337448541,0.0028806584362139785,0.0008230452674897193,0.0024691358024691245,0.0004115226337448541
58,58,0.9711934156378601,0.9712371871577175,0.9691358024691358,0.9855204999237921,2.637214742055561,0.8369836323043544,1.319862748386953,2.0113211563931785,0.7581610141637902,0.09958847736625517,0.11275720164609057,0.07572016460905351,0.007818930041152305,0.021399176954732535,0.009876543209876576,0.005349794238683148,0.005349794238683125,0.007818930041152316,0.004526748971193417,0.002880658436214001,0.014814814814814859
59,59,0.9423868312757202,0.9425592082007777,0.9382716049382716,0.9818625209571712,2.261897516921557,0.8568855017723559,1.6310380136815048,2.2592395076086738,0.4049435011384408,0.07654320987654326,0.07860082304526753,0.03127572016460911,0.009465020576131754,0.006172839506172911,-0.0016460905349793941,0.0032921810699588993,0.004938271604938327,0.0008230452674897415,0.0008230452674897415,0.0032921810699588884,-0.0028806584362139564
60,60,0.9506172839506173,0.9507559371291027,0.9480045180722891,0.9838102409638554,3.320029304285288,0.8068421798405111,1.9912175581116336,0.6143401818776079,0.9686505496496672,0.10987654320987654,0.07530864197530864,0.028395061728395066,-0.008641975308641936,0.0016460905349794165,-0.004938271604938249,-0.005761316872427957,-0.0008230452674897082,-0.00905349794238679,-0.0012345679012345622,-0.004938271604938249,-0.004938271604938249
61,61,0.9465020576131687,0.9467459275095169,0.9442101226993864,0.9878834355828221,3.316081239513624,1.2645323525948797,1.983475132815321,1.3328342142515988,-0.2710997354723652,0.0777777777777778,0.052263374485596745,0.044444444444444474,0.0016460905349794165,0.0016460905349794386,0.0020576131687242926,0.0020576131687242705,0.0008230452674897082,0.0,0.0020576131687242817,-0.0020576131687242705,-0.0024691358024691245
62,62,0.9465020576131687,0.9472111212505813,0.9538461538461538,0.9847707847707847,2.8767749806536287,1.1831553638712908,1.5356320072012601,1.323954677477432,0.938857556009668,0.07901234567901236,0.11358024691358029,0.03991769547325106,0.007818930041152316,0.01316872427983543,-0.0008230452674896971,0.0024691358024691466,0.006584362139917732,0.007407407407407462,0.0004115226337448541,0.006172839506172856,1.1102230246251566e-17
63,63,0.9382716049382716,0.9388009976646563,0.9369047619047619,0.9796825396825397,3.1575277484904016,1.146570715497124,0.43740665057511546,1.6384682684807532,1.5716483706388864,0.09835390946502051,0.08930041152263368,0.05473251028806579,0.0004115226337448208,0.0008230452674896638,0.0061728395061728,-0.005349794238683214,-0.0032921810699589106,0.0028806584362139564,0.0024691358024691136,-0.0004115226337448763,0.007407407407407363
64,64,0.9382716049382716,0.9389910306023601,0.940595238095238,0.9841269841269842,3.072841775481163,1.5887804811337145,1.2334931218691065,1.3125564060225132,0.37273690916753255,0.07366255144032917,0.06666666666666662,0.038683127572016404,0.010699588477366207,0.004526748971193373,0.0024691358024691245,-0.004938271604938338,-0.0012345679012346067,0.0020576131687242705,-0.004938271604938327,0.003292181069958833,-0.004938271604938349
65,65,0.9629629629629629,0.9633794382347437,0.971875,0.9895331325301204,3.142747588036662,0.9919818733628646,1.2183745377340125,1.7330352951342036,0.7473762510166516,0.11687242798353906,0.09999999999999995,0.06090534979423864,0.011934156378600768,0.007818930041152227,0.004526748971193395,0.004115226337448541,0.012757201646090477,0.005349794238683103,0.005349794238683103,0.003703703703703687,0.007818930041152227
66,66,0.9588477366255144,0.959090137148747,0.9626951995373048,0.9858299595141701,3.7669106446645384,1.1760090035119333,1.2396344418674747,1.8696011458661976,-0.3180006098764094,0.09012345679012343,0.08312757201646089,0.04814814814814813,0.004526748971193395,0.004938271604938249,-0.0020576131687242705,0.0028806584362139785,0.0032921810699588216,0.003703703703703687,-0.004526748971193406,0.0012345679012345622,0.006172839506172811
67,67,0.9711934156378601,0.971231920679614,0.9696947133283693,0.9936708860759494,2.965477970628416,1.213541472994016,1.4097217634841375,1.64081252859883,0.26104986157014826,0.07119341563786012,0.08395061728395065,0.021399176954732525,0.004526748971193417,0.015637860082304566,0.007818930041152295,0.0016460905349794165,0.006172839506172856,0.0020576131687242705,0.0024691358024691466,0.004115226337448552,0.0028806584362139898
68,68,0.934156378600823,0.9351950907440628,0.9445552147239265,0.9753834355828221,2.9260239541528863,0.9008347253689892,1.3997374049834734,2.197332924278251,0.431238648493202,0.07201646090534976,0.10205761316872423,0.061316872427983504,-0.0008230452674897193,0.009876543209876498,0.005349794238683103,0.0024691358024691245,-0.005349794238683159,0.0004115226337448541,0.0028806584362139785,0.0,0.0012345679012345622
69,69,0.9423868312757202,0.9426999929523301,0.9417545180722892,0.9841867469879517,2.603398093079724,1.0482441163654328,0.9319347688352976,2.2787681154871615,0.8067769700260401,0.05020576131687245,0.09547325102880662,0.046090534979423926,-0.0004115226337448208,-0.002057613168724237,-0.0016460905349794052,-0.0020576131687242484,-0.0016460905349793941,-0.0012345679012345512,-0.004526748971193395,0.0008230452674897303,0.0041152263374485964
70,70,0.9423868312757202,0.9427315851258352,0.9411426380368098,0.9812883435582822,2.700792704468444,1.149222745976056,1.2440019173680372,2.1036044730040135,0.6068172476540729,0.08024691358024696,0.065843621399177,0.06460905349794244,0.0037037037037037646,0.015226337448559713,0.0061728395061729,0.0032921810699589106,0.010699588477366306,4.4408920985006264e-17,0.012345679012345723,0.014403292181069994,0.0016460905349794607
71,71,0.9423868312757202,0.943195641483552,0.9507564062982402,0.9770762581043532,2.9298596784251334,0.8124632182257883,1.889415911290662,1.9840396630944839,0.2197859736677388,0.0880658436213992,0.07736625514403297,0.049382716049382755,0.006172839506172922,0.0032921810699588993,0.004115226337448629,0.0012345679012346067,-0.0028806584362139676,0.0028806584362140453,-0.0028806584362139785,0.0020576131687243147,0.007818930041152338
72,72,0.9135802469135802,0.914336072406812,0.9143081761006289,0.9615154237795748,3.1025018335116905,0.8004942816566746,1.226623912821736,1.8359777668222108,0.9740032539094315,0.0658436213991769,0.07407407407407403,0.040329218106995836,-0.0004115226337448763,0.01769547325102876,0.013168724279835342,0.0012345679012345512,0.0024691358024691245,-0.0004115226337448985,0.0028806584362139785,-0.002880658436214034,-0.008230452674897182
73,73,0.9423868312757202,0.9427208835341365,0.941358024691358,0.976070720926688,2.682431720693496,0.7342614759346556,1.7470468276492825,1.9644816567725178,0.3672513664744301,0.09917695473251031,0.08765432098765437,0.04938271604938277,-0.003292181069958833,0.005761316872428046,0.0020576131687243147,0.0004115226337448652,0.0012345679012346177,0.0,0.0,-0.000411522633744843,-0.003292181069958833
74,74,0.9629629629629629,0.9629101254127065,0.957659478885894,0.9898921832884098,2.607188785083337,1.2373416753024047,1.8041573528137989,1.9395721545682718,0.4012571803270229,0.08106995884773657,0.07860082304526744,0.06172839506172832,-0.00246913580246918,0.0032921810699588216,-0.004115226337448608,0.0016460905349794052,0.00411522633744853,-0.004938271604938338,0.0008230452674896971,-0.0012345679012346067,-0.0037037037037037646
75,75,0.9465020576131687,0.9468715392304597,0.9476594455385547,0.988941069534919,2.6197684445743286,0.8536361152489214,2.276793188779479,1.6212683555841656,0.7595927731801534,0.09012345679012349,0.05267489711934158,0.017695473251028826,-0.0008230452674897082,-0.0028806584362139785,-0.006995884773662519,-0.008230452674897082,-0.003292181069958833,0.0012345679012345622,-0.0024691358024691245,-0.004526748971193395,0.007407407407407451
76,76,0.9423868312757202,0.9427315851258352,0.9411426380368098,0.9868865030674846,2.9540660023535876,0.6678993183350798,1.381359317776639,1.539273878545098,0.8696873039139372,0.060493827160493896,0.0818930041152264,0.04197530864197535,0.0008230452674897526,0.009876543209876599,0.0037037037037037646,0.004526748971193484,0.008641975308642047,0.0037037037037037867,1.1102230246251566e-17,0.0004115226337448874,0.002057613168724326
77,77,0.9300411522633745,0.9310625603111188,0.9409254267744833,0.9717729859239294,2.303227444067711,1.0788621988618083,1.3999344043446236,1.9130910564924144,1.0071095026111574,0.1288065843621399,0.08641975308641973,0.05390946502057611,0.011522633744855949,0.004115226337448541,-0.0020576131687242705,0.0004115226337448541,0.0024691358024691245,0.0,0.006584362139917666,0.0004115226337448541,0.0012345679012345622
78,78,0.9547325102880658,0.9547991743907286,0.9508786547492805,0.9894712922284502,3.382138769996695,0.6419076822664616,1.400936429692289,2.2538518984149727,-0.22719799905140636,0.09012345679012344,0.07407407407407404,0.04320987654320987,0.006172839506172811,0.008230452674897104,0.0024691358024691245,0.0,0.0004115226337448541,-0.003703703703703687,0.0,-0.0004115226337448541,0.003292181069958833
79,79,0.9465020576131687,0.9471889457665034,0.9538051867860451,0.9851806112997838,2.652529901724744,1.1589455896507315,1.936903456666259,1.8281772269972323,0.13358502941018016,0.05884773662551444,0.05761316872427985,0.0358024691358025,0.0049382716049382715,0.006172839506172867,0.0069958847736625975,0.0,0.0016460905349794165,0.0,0.0,0.004115226337448574,-0.0012345679012345622
80,80,0.9547325102880658,0.9549413939037389,0.9572043010752689,0.9888172043010752,3.0453054134586837,0.7660253117923544,1.6875522397384703,1.5638387178643582,1.014651623441814,0.07901234567901233,0.11111111111111109,0.05432098765432096,0.0024691358024691245,-0.0008230452674897082,0.004526748971193395,-0.0020576131687242705,-0.0028806584362139898,0.0008230452674897082,-0.0012345679012345622,-0.004938271604938249,0.0024691358024691245
81,81,0.9218106995884774,0.923554166300704,0.9323616115296429,0.9855060596134949,2.627540686311292,1.1957995529749375,1.4902290220551375,2.0109287340163067,0.1668614092676137,0.08559670781893003,0.046913580246913625,0.04526748971193417,-0.0012345679012345622,-0.0004115226337448541,-0.0028806584362139785,-0.0012345679012345622,-0.0012345679012345622,0.0020576131687242705,-0.0020576131687242705,-0.004115226337448541,-0.005349794238683103
82,82,0.9465020576131687,0.9465599464216813,0.9440066512434934,0.9832995951417004,3.209777502301997,1.2137230334300244,0.5630455730738736,1.8121580859110296,0.9430057067308953,0.11316872427983542,0.10740740740740742,0.04773662551440331,0.006995884773662586,0.005349794238683136,-0.003703703703703687,-0.0024691358024691136,-0.007407407407407374,-0.003292181069958833,-0.005761316872427957,-0.0037037037037036757,0.007818930041152305
83,83,0.9382716049382716,0.9388727579497476,0.9442970822281167,0.9727379899793693,3.208482364853728,1.1797376132546913,1.7682122239526563,1.468729154532001,0.3752740359380505,0.12839506172839502,0.09382716049382711,0.039917695473250955,0.0016460905349794052,0.0028806584362139785,0.0012345679012345512,0.0008230452674897082,0.003703703703703687,0.0008230452674896971,-0.0008230452674897637,-0.0008230452674897415,-1.1102230246251566e-17
84,84,0.9670781893004116,0.9672490516847089,0.9711909181779237,0.9931457946594316,2.8714438246353486,1.3417542933710715,1.002474820273206,1.4026010840797403,0.9644198527374213,0.11234567901234574,0.11769547325102887,0.046090534979423906,0.004938271604938349,0.011522633744856025,0.006172839506172922,0.002057613168724326,0.012757201646090588,0.004526748971193495,0.007818930041152338,0.0008230452674897303,0.00493827160493836
85,85,0.9259259259259259,0.927069044352995,0.931768042861645,0.9786479672234478,2.3120284348712103,1.4972077590826582,2.567233626766984,0.8964619054239956,0.6132871846348347,0.05061728395061728,0.017695473251028826,0.028395061728395055,-0.0028806584362139785,0.0004115226337448541,-0.0004115226337448541,-0.0004115226337448541,-0.0004115226337448541,-0.0004115226337448541,-0.013991769547325084,-0.004938271604938249,0.004115226337448552
86,86,0.9547325102880658,0.954979497085743,0.9522629138013754,0.9894450663681432,3.0693239359413407,1.069817585018226,1.4323567766434089,1.2070786682453232,0.7388649338275114,0.06625514403292179,0.08312757201646089,0.0530864197530864,0.0020576131687242705,0.003292181069958833,0.01563786008230452,0.0,-0.0008230452674897082,-0.0016460905349794165,0.006584362139917666,-0.0024691358024691245,0.010288065843621375
87,87,0.9423868312757202,0.9427648120831887,0.9404240337975278,0.9802065404475043,2.3959766043918163,0.7649350355809438,1.7575270215887258,1.753793513596838,1.2465133904067696,0.09917695473251033,0.07407407407407414,0.031687242798353964,0.0028806584362140565,0.013580246913580295,0.0012345679012346067,0.002880658436214034,0.012345679012345734,0.0024691358024691913,0.007407407407407485,0.0008230452674897526,-0.004115226337448541
88,88,0.9506172839506173,0.9506172839506173,0.9447810937736707,0.9892440539312225,2.4534342036334924,1.3256950395032117,1.3892239668054596,1.8274340418499972,0.5625303208834938,0.07530864197530866,0.08189300411522635,0.03497942386831278,-0.0028806584362139785,0.004938271604938249,0.0016460905349794165,0.0016460905349794165,0.005761316872427957,-0.004115226337448541,0.0065843621399176875,-0.004526748971193406,-0.007407407407407374
89,89,0.9382716049382716,0.9385799302228809,0.9339305273040213,0.972539508684087,2.5095696729327766,0.8178340889258143,1.7921917157318805,2.1504321245611435,0.7567154290010472,0.06543209876543206,0.058847736625514346,0.04279835390946498,0.004938271604938249,0.006584362139917666,0.0024691358024691136,-0.005349794238683214,0.015226337448559602,0.003703703703703687,0.002057613168724259,-0.0008230452674897415,-0.0024691358024691913
90,90,0.9465020576131687,0.9474563540068422,0.9538655462184874,0.9826050420168067,2.4547589996753065,0.8512269884594295,2.18854549808632,1.7667458138119936,0.4493181392094439,0.11646090534979425,0.06008230452674899,0.05226337448559672,0.007407407407407451,0.00452674897119344,-0.004115226337448541,-0.0008230452674897082,0.00823045267489717,0.008641975308642014,-0.0024691358024691245,-0.004938271604938249,0.010699588477366318
91,91,0.9423868312757202,0.9425861707240673,0.9432788051209103,0.9895448079658605,2.4626399613512766,1.2450916797595415,1.3997786607750913,1.3419906259424148,0.8520373013911348,0.14032921810699592,0.08477366255144038,0.022222222222222254,-0.006995884773662519,0.002880658436214034,-0.0024691358024691136,-0.000823045267489686,0.004938271604938349,-0.008641975308641936,-0.0004115226337448319,-0.0012345679012345512,-0.006584362139917666
92,92,0.9547325102880658,0.954979497085743,0.9522629138013754,0.985207100591716,2.8852874925920475,0.35004231016057974,1.0645662855332922,2.5048289134509893,0.8115707006552286,0.06296296296296294,0.0646090534979424,0.051440329218106984,0.0016460905349794165,0.009465020576131666,0.009053497942386812,0.006584362139917666,0.004526748971193395,0.0016460905349794165,0.005349794238683103,-0.004938271604938249,-0.0004115226337448541
93,93,0.9506172839506173,0.9516099920583351,0.9612873134328358,0.9854138398914518,2.466030059817287,1.13767420529588,1.5045972974974462,1.385430291694007,1.3491665549755565,0.11358024691358026,0.07983539094650206,0.039917695473251046,0.0037037037037036978,0.012345679012345668,0.015637860082304545,-0.0020576131687242705,-0.0020576131687242705,0.009053497942386824,0.004938271604938249,0.0024691358024691245,0.0028806584362139785
94,94,0.9506172839506173,0.9509811375402772,0.9538719285182428,0.9805658972449739,2.642337330924997,0.7062675797790788,1.6370245605466733,1.5156484093535014,1.0658910866983773,0.10329218106995883,0.11399176954732507,0.0674897119341564,0.0008230452674897082,0.012757201646090543,0.011111111111111127,0.0024691358024691245,0.003292181069958833,0.0012345679012345622,0.004938271604938249,0.005349794238683103,0.010699588477366273
95,95,0.9547325102880658,0.9548078786909703,0.9497668997668998,0.9935508935508935,3.0669584976953823,0.9299626199382782,1.5835718409664146,1.6364321914593702,0.4950277955480717,0.10617283950617282,0.045679012345679004,0.033333333333333305,0.0012345679012345622,0.0016460905349794165,0.0008230452674897082,-0.003703703703703687,0.0024691358024691245,-0.008230452674897092,-0.005761316872427957,-0.0012345679012345622,-0.003292181069958833
96,96,0.9382716049382716,0.9388168124551567,0.9366304173996483,0.9871261794338718,2.335237156420078,0.8247527933222568,1.0847912655989311,2.310377198578384,1.0899613907804693,0.07777777777777774,0.10288065843621394,0.05596707818930037,0.0024691358024691136,0.01193415637860078,-0.0012345679012345956,0.004938271604938249,-3.3306690738754695e-17,0.0024691358024691136,0.0032921810699588216,-2.2204460492503132e-17,-1.1102230246251566e-17
97,97,0.934156378600823,0.9340057559374917,0.9275231347599768,0.981203007518797,3.192812798953133,1.1398196599536867,1.5684842907461407,1.3826643229173459,0.7277793762961476,0.06666666666666664,0.07283950617283946,0.03209876543209873,-0.0008230452674897082,0.009053497942386801,0.003703703703703687,-0.0008230452674897082,-0.0016460905349794275,-0.0024691358024691466,0.009465020576131643,0.0012345679012345512,-0.0020576131687242705
98,98,0.9629629629629629,0.9631370883544796,0.9627199753010188,0.9900432232170423,2.5588866234400953,1.085700860616412,1.093905330297669,1.9424003159067238,0.8849877190070223,0.08600823045267483,0.08395061728395059,0.03744855967078183,-0.003703703703703776,0.006584362139917666,-0.0004115226337448763,-0.002057613168724326,-0.009053497942386902,-0.0004115226337448652,0.0016460905349793941,-0.007407407407407462,-0.0012345679012346288
99,99,0.9259259259259259,0.9261206844527835,0.9212956068503351,0.9760238272524199,2.778316416010878,1.4198368301534143,1.321185902066737,1.122211994496659,0.8290677318216516,0.1,0.10041152263374489,0.049382716049382734,0.0020576131687242705,0.007407407407407407,0.0037037037037036978,0.004526748971193406,0.0,-0.0028806584362139785,0.0,0.0012345679012345622,-0.0008230452674896971
100,100,0.9423868312757202,0.9426315172068125,0.9428104575163399,0.9896151053013797,2.515655237599802,1.1729940773358938,1.6705248174669267,1.771619589608756,0.6204236531272201,0.07201646090534983,0.05432098765432104,0.032510288065843676,-0.0012345679012345401,0.009876543209876609,-0.0008230452674896638,3.3306690738754695e-17,-0.00411522633744853,0.0004115226337448985,-0.005761316872427957,-0.006172839506172811,-0.0004115226337448208
101,101,0.934156378600823,0.9349945719407206,0.9377560668137409,0.9814056098329657,2.6306412876188943,1.2501545262960323,1.3771559213943962,2.1722778922625356,0.3785582007464261,0.09835390946502054,0.08683127572016457,0.04650205761316869,0.0028806584362139785,0.012345679012345645,-0.0032921810699588438,0.0,0.003292181069958833,0.0020576131687242705,-0.004115226337448574,0.0008230452674897082,-0.0032921810699588438
102,102,0.9382716049382716,0.9385529932802119,0.9348926380368099,0.9775306748466258,2.507864475009155,0.4654723133988473,1.3702044287066961,2.2744693271842054,1.1066599322953,0.08930041152263371,0.09341563786008224,0.05308641975308635,-0.0008230452674897415,0.0061728395061728,0.0037037037037036757,0.0012345679012345401,0.00411522633744853,0.0012345679012345512,-0.002057613168724326,0.002057613168724259,-0.0008230452674897637
103,103,0.9465020576131687,0.9471443874545155,0.9501439309131616,0.9739325123940509,2.6139318882105282,0.39701650932340815,1.2553931206170008,2.7398322959514076,0.8472971296690199,0.04691358024691361,0.1345679012345679,0.04238683127572018,-0.003703703703703687,0.007818930041152305,-0.0008230452674897082,-0.0008230452674897082,0.0037037037037037203,-0.0028806584362139785,-0.005761316872427957,-0.0004115226337448541,-0.006172839506172811
104,104,0.9382716049382716,0.9385191373495466,0.9359838274932615,0.9838274932614556,1.8677152450380756,1.4212331659148505,1.7241223259961485,1.6538198820349033,0.9172551989784803,0.06008230452674891,0.08436213991769541,0.05020576131687239,-0.007407407407407474,0.0028806584362139564,0.004526748971193395,-0.006584362139917777,-0.005761316872428058,-0.010288065843621463,-0.005761316872428035,-0.0024691358024691913,-0.007407407407407485
105,105,0.934156378600823,0.9340165580687704,0.9282795698924731,0.9880286738351255,2.425739257102925,0.7684704468372204,1.3759531582619344,2.388605205382721,0.7798513356973213,0.08847736625514399,0.06625514403292178,0.05226337448559667,-0.0008230452674897082,-0.004115226337448585,-0.0004115226337448541,0.003292181069958833,0.008641975308641936,-0.0028806584362139785,-0.006584362139917732,-0.007407407407407451,0.0016460905349794165
106,106,0.9423868312757202,0.94267266719374,0.9451635846372688,0.9811522048364153,2.5375181819866603,1.4452888745639596,1.0682550273300568,1.9563372883620158,0.6591694910098705,0.06296296296296301,0.07942386831275726,0.04732510288065848,0.0037037037037037533,0.002469135802469169,0.005349794238683192,-0.004938271604938249,0.006995884773662619,-0.0028806584362139785,-0.0012345679012345401,-0.004526748971193395,0.0037037037037037424
107,107,0.9588477366255144,0.9593099138871326,0.9661426380368099,0.9697085889570553,3.277464633509267,0.6935385204088773,1.7745308032686562,1.690477448936661,0.28278365872589994,0.06707818930041148,0.09670781893004111,0.055555555555555525,0.0016460905349794165,0.0012345679012345622,0.004938271604938249,0.0016460905349794165,0.004115226337448541,0.0028806584362139785,0.0,0.0020576131687242705,0.008641975308641936
108,108,0.9670781893004116,0.9672513079909515,0.9692273135669363,0.9863731656184487,2.7309859382514636,0.8128725676121263,1.7960743185822068,1.5439009079095238,0.9435495573047085,0.15144032921810704,0.06296296296296301,0.05020576131687247,0.004115226337448629,0.016460905349794275,0.005349794238683181,0.0032921810699588993,0.0032921810699588884,0.0028806584362140453,0.0032921810699588884,0.0016460905349794607,-0.0028806584362139676
109,109,0.9465020576131687,0.9469381953706942,0.9507110057769219,0.9822989186787143,2.504064151918491,0.9125909760586852,1.604182853623055,1.4708395481256022,1.116855107066515,0.08847736625514407,0.10164609053497944,0.041563786008230484,-0.003703703703703687,0.006172839506172867,0.0012345679012345846,-0.004938271604938249,0.003703703703703731,0.0,-0.007407407407407374,-0.0020576131687242705,0.0016460905349794386
110,110,0.9382716049382716,0.9388491805645801,0.9414482654143311,0.965990001514922,1.9502201326294926,0.7751488428960376,1.7067646530309522,2.2717946665638182,1.1630442947890196,0.131275720164609,0.08559670781893,0.049794238683127524,0.014403292181069893,0.009465020576131643,0.0020576131687242705,-1.1102230246251566e-17,0.010288065843621352,0.008230452674897071,0.003703703703703687,0.0020576131687242705,0.014403292181069893
111,111,0.9382716049382716,0.9388491805645801,0.9414482654143311,0.9725041660354492,3.4784869329377752,0.4581316336574854,1.0871618367664215,1.6400821447649114,1.1303514561311876,0.09794238683127567,0.09218106995884769,0.0658436213991769,0.006584362139917666,0.022222222222222164,0.005761316872427957,0.010288065843621352,0.011934156378600768,-0.003703703703703776,-0.004526748971193473,0.008230452674897082,-0.001646090534979472
112,112,0.9547325102880658,0.9548739584915296,0.9549956622325044,0.9915413533834587,3.4955977964905482,1.1149206550900685,1.3119079719545141,1.0265515845268829,0.7774397520282339,0.13909465020576134,0.09382716049382714,0.04814814814814813,0.009465020576131656,0.011934156378600813,0.008641975308641947,0.004938271604938249,0.006995884773662519,0.005761316872427968,0.005349794238683103,0.004938271604938249,0.008230452674897092
113,113,0.9423868312757202,0.9427315851258352,0.9411426380368098,0.9837423312883435,2.356439558576304,0.8335963979744022,1.7114724139971473,2.2946435946671477,0.6464872499701642,0.10000000000000005,0.08312757201646095,0.03456790123456795,0.001646090534979472,0.0012345679012346067,-0.0028806584362139676,0.002057613168724326,0.0004115226337449096,-0.0032921810699588216,0.0037037037037037646,-0.0012345679012345622,-0.0037037037037036757
114,114,0.9588477366255144,0.9590292207251271,0.9604187946884577,0.9902962206332994,2.7514577761570678,0.9996555149823768,1.3954252416355988,1.819851033527775,0.7549236290627575,0.10740740740740735,0.07860082304526746,0.05637860082304523,0.015226337448559646,0.015226337448559635,0.013168724279835332,0.009465020576131656,0.009876543209876498,0.010288065843621352,0.018106995884773647,0.010699588477366217,0.013991769547325072
115,115,0.934156378600823,0.9346247685823217,0.9358983854243816,0.9688934972596652,2.3330110627801446,1.0413231697088825,1.3427100626464243,2.346669779178746,0.9244471843180397,0.06337448559670779,0.08971193415637857,0.042798353909464994,-0.0016460905349794165,0.004115226337448541,-0.0008230452674897193,-0.0008230452674897193,-0.0004115226337448541,-0.0028806584362139898,-0.002880658436214012,0.0016460905349794052,-0.0028806584362139898
116,116,0.9423868312757202,0.9426999929523301,0.9417545180722892,0.9829066265060241,2.4725391677888746,0.9067353366260714,0.6912809554358897,2.7538327464376136,0.5933743596965831,0.09876543209876548,0.08806584362139923,0.05967078189300414,0.0024691358024691913,0.010699588477366318,1.1102230246251566e-17,2.2204460492503132e-17,-0.0016460905349793941,-0.0016460905349793941,-0.0008230452674896748,0.0008230452674897526,0.0008230452674897526
117,117,0.9588477366255144,0.9590040402006212,0.9549556809024979,0.9855761482675262,3.0197270567340864,0.8226414211783282,2.00844230181139,1.2174225178272713,0.6884308464161161,0.08888888888888884,0.07983539094650202,0.043209876543209846,0.005349794238683103,0.015226337448559623,0.010288065843621363,0.004526748971193395,0.004526748971193395,-0.0012345679012345622,0.0,0.005349794238683103,-0.005349794238683159
118,118,0.9382716049382716,0.9391792237796136,0.9476226993865031,0.9819018404907975,3.001998313065028,0.7499670476925117,1.4973029737587242,1.2500826405517578,1.0572266271185566,0.1004115226337448,0.07942386831275713,0.043209876543209826,0.007407407407407374,0.0024691358024691024,0.004115226337448541,0.0032921810699588216,0.000823045267489686,0.004938271604938249,-0.0037037037037037646,-0.0004115226337448874,0.0016460905349794052
119,119,0.9547325102880658,0.9548963879865457,0.9545755968169761,0.9915266725611553,2.3539373558815377,0.7991734151661386,1.328380673632942,1.866897403658147,1.1855849275580108,0.05802469135802467,0.06790123456790123,0.028395061728395045,-0.0024691358024691245,0.006995884773662542,0.0012345679012345733,-0.0012345679012345622,-0.0016460905349794165,-0.0012345679012345622,-0.0008230452674897082,-0.005349794238683115,0.004526748971193406
120,120,0.9547325102880658,0.954938861738822,0.9535276073619632,0.991180981595092,2.7781265177889116,0.9576711265679161,1.2833557677394585,2.176126705668355,0.7686641335217906,0.06790123456790123,0.0691358024691358,0.05390946502057611,0.0028806584362139785,0.005349794238683115,-0.0024691358024691245,0.006995884773662519,0.006172839506172823,0.004526748971193395,-0.007407407407407407,0.004115226337448541,-0.004115226337448552
121,121,0.9547325102880658,0.9550658308013795,0.9567101226993865,0.9860429447852761,3.4148043352402864,0.890100910177773,1.5156388541009707,0.9768859812475369,1.056753598588409,0.10987654320987654,0.09917695473251029,0.03662551440329217,0.006584362139917676,0.009465020576131678,0.004938271604938249,-0.0020576131687242705,0.0004115226337448541,0.0012345679012345622,-0.0024691358024691358,-0.0028806584362139898,0.0020576131687242705
122,122,0.9300411522633745,0.9308009488654179,0.9353099730458221,0.9729709493860438,3.0654369077878405,0.36794304126593935,1.3438062663747943,2.3146961529622176,0.9096525056776965,0.060493827160493806,0.07942386831275719,0.03744855967078188,0.0,0.0016460905349794165,0.0004115226337448541,-0.0016460905349794165,0.0016460905349794165,-0.005349794238683125,-0.0020576131687242705,0.003292181069958833,-0.0041152263374485635
123,123,0.9423868312757202,0.9427966725095315,0.9448970522885498,0.9738557250777663,2.5482918026791186,0.6238222199719913,1.1853795633560797,2.9928412099460386,0.1481332382454456,0.06995884773662556,0.07407407407407413,0.057201646090535005,-0.000411522633744843,-0.004938271604938249,0.005761316872428058,-0.0016460905349794052,-0.0037037037037036757,0.0028806584362140453,0.0032921810699589214,-0.007818930041152227,0.008641975308642047
124,124,0.9218106995884774,0.922885308623072,0.929025905165884,0.9751552795031055,2.5386973621945463,1.3169671965043572,0.7786421583894189,2.6062479137122105,0.5370860439635837,0.14197530864197533,0.057201646090535,0.05226337448559674,0.0049382716049383045,0.0,0.004938271604938293,-0.0024691358024691136,-0.000411522633744843,1.1102230246251566e-17,-0.0008230452674897082,1.1102230246251566e-17,-0.008641975308641936
125,125,0.9423868312757202,0.9428412678383876,0.9446536144578312,0.9814006024096384,2.007202762904579,1.102609680337795,1.3067736390625138,2.680141856996312,0.6669902989639541,0.05226337448559676,0.10082304526748975,0.048148148148148176,-0.0004115226337448319,0.005349794238683181,-0.0028806584362139785,0.0016460905349794607,0.0028806584362140674,-0.0037037037037036757,-0.005761316872427957,-0.006995884773662519,-0.004526748971193395
126,126,0.9547325102880658,0.9550625560961479,0.9595432657230409,0.9844593608638552,3.6579182646675337,0.3286703998448599,2.0492278131211377,1.3285750277360555,0.6263336309461542,0.0744855967078189,0.07818930041152261,0.03991769547325101,-0.0016460905349794165,0.010288065843621363,0.0004115226337448541,-0.0004115226337448541,-0.0016460905349794165,-0.008230452674897104,0.0004115226337448541,-0.0012345679012345622,-0.004526748971193395
127,127,0.934156378600823,0.9347371277195838,0.938549955791335,0.9781167108753316,2.6600695269981016,1.048639999319215,0.4784490612624045,2.0975274025984083,1.5877967381821998,0.13004115226337448,0.12016460905349793,0.0736625514403292,0.007818930041152227,0.012757201646090488,0.0028806584362139785,0.004526748971193395,0.0008230452674897082,0.007407407407407374,-0.005761316872427991,0.0,0.008230452674897082
128,128,0.9259259259259259,0.9262934292490942,0.9278805120910385,0.9737553342816501,1.7866629631057012,1.4372747219550701,1.7099050493524155,2.231614763931095,0.46927591905162896,0.10246913580246915,0.052263374485596724,0.057201646090534984,-0.008641975308641936,-0.004938271604938249,-0.004938271604938249,-0.009465020576131656,-0.010288065843621375,-0.009465020576131643,-0.006584362139917666,-0.01069958847736624,-0.01358024691358024
129,129,0.9300411522633745,0.9311041224546576,0.9383297313985799,0.9810898425439951,2.6290971141982302,0.9130826681317367,1.574275507348899,1.8632004692099955,0.9097308991519336,0.06625514403292179,0.08600823045267489,0.04074074074074076,0.0028806584362139785,0.0028806584362139785,0.0,0.004115226337448541,0.010288065843621363,0.005349794238683103,0.0024691358024691245,0.0020576131687242705,-0.0004115226337448541
130,130,0.9465020576131687,0.9469381953706942,0.9507110057769219,0.9846689379351208,2.500543486670287,0.538932138422196,0.839421867162324,2.1058787561191346,1.8567339349461047,0.12386831275720164,0.1325102880658436,0.03950617283950618,0.003703703703703731,0.018930041152263412,0.006172839506172867,0.007818930041152295,0.006172839506172878,0.006995884773662564,0.0008230452674897082,0.0008230452674897303,0.009876543209876586
131,131,0.934156378600823,0.934156378600823,0.9276247207743857,0.9734177215189873,2.530866436027292,0.7203101620718249,1.7403901884528323,2.119839467371058,1.1708301928270755,0.07942386831275719,0.09753086419753085,0.02921810699588475,0.0004115226337448541,0.006172839506172811,0.003703703703703687,0.0024691358024691245,0.008641975308641936,0.005349794238683103,-0.0008230452674897082,0.004115226337448541,-0.0016460905349794165
132,132,0.9588477366255144,0.9591832669933109,0.962960157551886,0.986744432661718,2.5497107025915353,0.17469184985272881,1.41800975508474,2.0237894658046924,1.4965049811373157,0.12098765432098761,0.09341563786008227,0.05514403292181067,0.007818930041152227,0.011522633744855926,0.0028806584362139785,-0.0049382716049383045,0.003703703703703687,-0.0012345679012345622,0.003292181069958833,0.003703703703703687,-0.0028806584362139785
133,133,0.9506172839506173,0.9505001864552426,0.9447712418300653,0.9944081336238199,2.69505172639481,1.0061154079307826,1.3544074066614573,1.7774075360808899,1.0702625857380461,0.05432098765432101,0.07407407407407407,0.043621399176954734,-0.0016460905349794165,-0.009053497942386801,-0.003292181069958833,-0.005349794238683103,-0.00987654320987652,-0.004938271604938249,-0.006995884773662519,-0.005349794238683103,0.0008230452674897193
134,134,0.9382716049382716,0.9383487299886014,0.9341290893015031,0.9868110816386679,2.9392199695187124,1.2586910573315058,1.7346749545187667,1.3227739778013168,0.5773402645797661,0.0893004115226337,0.07242798353909462,0.0473251028806584,0.0024691358024691136,0.008641975308641936,0.004526748971193384,-0.0004115226337448874,-0.0012345679012346067,0.0024691358024691024,0.0028806584362139785,0.000823045267489686,-0.0008230452674897415
135,135,0.9259259259259259,0.9271738045322951,0.9353146853146853,0.9764568764568764,2.693253827448766,1.2744193181146855,1.2284411686899055,1.739970840013561,0.6472926043165877,0.07777777777777778,0.07366255144032922,0.03415637860082306,-0.006584362139917666,0.01152263374485597,-0.0012345679012345622,-0.003703703703703687,-0.005761316872427957,-0.0024691358024691245,-0.004526748971193395,-0.004115226337448541,-0.006584362139917676
136,136,0.9300411522633745,0.9308550929469341,0.9352370852901075,0.9765944553855477,1.9943002348395562,0.9889488340198195,1.321327800285906,3.1240994849769814,0.18709392507638606,0.06831275720164608,0.09382716049382714,0.04814814814814814,-0.003292181069958833,0.0008230452674897082,0.006172839506172811,-0.0004115226337448541,0.0016460905349794165,-0.003292181069958833,-0.010288065843621408,0.0,-0.0016460905349794165
137,137,0.9670781893004116,0.9672233765801017,0.9692835254633008,0.995622355172917,4.014999516509166,1.2974513321911794,1.1669456059325647,0.6721328345527852,0.41466787199802485,0.13168724279835398,0.10576131687242803,0.045679012345679046,-0.0028806584362139785,0.002469135802469158,0.0020576131687243373,0.0008230452674897303,-0.0020576131687242705,-0.003292181069958833,-0.000823045267489686,0.0008230452674897303,-0.003292181069958833
138,138,0.9176954732510288,0.9183446683405537,0.9172063253012048,0.9789909638554217,3.162255199284453,0.5429005329322742,1.7527480142438796,2.008245909021749,0.06446440456373276,0.07037037037037042,0.062962962962963,0.03909465020576135,-0.007818930041152227,0.0016460905349794607,-0.0012345679012345512,0.0004115226337448763,0.0004115226337448763,-0.0008230452674896971,-0.004526748971193395,-0.002057613168724259,0.0008230452674897303
139,139,0.9629629629629629,0.9634209372771464,0.9696212731668009,0.986784850926672,3.120538002751975,0.805110249360536,1.1539583089464414,1.96804487100423,0.7876296389761349,0.06131687242798347,0.08806584362139912,0.03539094650205756,0.0012345679012345622,0.009465020576131643,0.004115226337448541,-0.0012345679012345956,-0.0004115226337448763,0.004115226337448541,0.005349794238683103,0.0004115226337448541,-0.004526748971193484
140,140,0.9547325102880658,0.9547814931260379,0.9527906304222094,0.9782388663967613,3.2816559630408433,1.167467463122123,1.2469639841470144,1.6323250702639052,0.2952658372614512,0.11069958847736623,0.06296296296296297,0.06255144032921808,0.006584362139917666,0.00493827160493826,0.003292181069958833,0.0,0.0028806584362139785,0.0004115226337448541,0.006584362139917666,0.0004115226337448541,0.0012345679012345622
141,141,0.9547325102880658,0.9552591777891927,0.9628465384032723,0.9898500227238297,2.572930591204119,1.3694164347607827,1.524542884981618,1.9811576154934532,0.4775151862616241,0.1045267489711934,0.06296296296296296,0.04238683127572016,0.006172839506172811,0.00781893004115224,0.005349794238683103,-0.0016460905349794165,0.005761316872427957,0.0028806584362139785,-0.00493827160493826,0.003703703703703687,0.0020576131687242705
142,142,0.9218106995884774,0.9224047416436847,0.919110836677987,0.9738345168261809,2.1563699091792636,1.0879304970691743,1.2005202653693332,2.171817365136671,1.1574396695831959,0.07695473251028809,0.07860082304526751,0.029218106995884806,-0.012345679012345633,0.0008230452674897303,0.0016460905349794386,0.0,0.004526748971193417,-0.006584362139917676,-0.004938271604938249,-0.004115226337448541,-0.004526748971193395
143,143,0.9382716049382716,0.9384865030045973,0.9400252525252526,0.977202581369248,2.256360373636773,1.1095003612961984,1.5997236115483946,1.8868374020693577,0.6027380165362884,0.09259259259259253,0.0847736625514403,0.037448559670781846,0.005761316872427957,0.00411522633744853,0.007407407407407374,0.0016460905349794052,0.006584362139917666,-0.0016460905349794607,0.0037037037037036757,0.0008230452674896748,0.008230452674897082
144,144,0.9711934156378601,0.9713206834702162,0.9722222222222222,0.9880353604633441,3.90315511221367,0.20674276209092587,1.2614235386072723,1.2350844614902943,1.0643041124652,0.10864197530864197,0.08765432098765433,0.057201646090535005,-0.0028806584362139785,0.004526748971193417,-0.0012345679012345622,-0.0012345679012345622,0.0004115226337448541,-0.0024691358024691245,-0.003703703703703687,-0.004526748971193395,0.004115226337448552
145,145,0.934156378600823,0.9344045800186151,0.9344086021505376,0.9792114695340501,3.0653965917758885,1.3397500896936934,1.9908764562760615,1.2744841554242268,0.3732549418262681,0.08765432098765429,0.0641975308641975,0.018106995884773623,-0.0037037037037037203,0.0024691358024691245,-0.0016460905349794165,-0.0008230452674897193,-0.004115226337448552,-0.008641975308642014,0.0,-0.0028806584362139898,-0.009053497942386867
146,146,0.9711934156378601,0.9714453574689375,0.9779874213836478,0.9899670560047918,2.979075237482859,0.5302039072636359,1.5512000123120224,2.3550711421605355,0.33139650671631876,0.07366255144032924,0.08518518518518518,0.04444444444444447,0.006172839506172867,0.012757201646090588,0.009876543209876576,0.004526748971193417,0.007818930041152316,0.006584362139917721,0.0024691358024691466,-0.0008230452674897082,0.004526748971193417
147,147,0.9382716049382716,0.9387568893048469,0.9417550839964632,0.982905982905983,2.494624356716602,0.9989706022837418,1.598184751037053,1.8505097166481468,0.4039911415546203,0.0695473251028806,0.06625514403292175,0.03868312757201642,-0.005349794238683203,0.0012345679012345401,-0.004938271604938327,-0.0004115226337448985,0.0008230452674896748,-0.006584362139917777,-0.0032921810699589214,-0.01399176954732515,-0.004115226337448629
148,148,0.9465020576131687,0.9468135845828297,0.9481653404067196,0.9779693486590039,1.6063488368680876,1.507000554933462,1.672013424644604,1.937784106199069,0.8613027353011687,0.08353909465020579,0.09506172839506175,0.05884773662551442,0.019341563786008254,0.013991769547325127,0.016049382716049408,0.007407407407407451,0.011522633744856015,0.016460905349794275,0.008641975308642014,0.008641975308642014,0.03333333333333338
149,149,0.9629629629629629,0.9628094859834729,0.955562138942379,0.9949637090801363,2.4933934442095462,1.0429963384931538,1.6975641272391686,1.82105866450342,0.6278485656297164,0.10082304526748964,0.08847736625514396,0.01851851851851847,-0.008641975308642047,0.001646090534979383,0.0024691358024691024,-0.007818930041152328,-0.005761316872428046,-0.0037037037037037646,-0.0032921810699589106,-0.00246913580246918,-0.004526748971193495
150,150,0.9547325102880658,0.9553709700569604,0.9634809328710998,0.9869996848408447,3.1615644704675407,0.6687781819690893,1.2496636165004014,1.472055753434784,1.0717322166874867,0.08271604938271603,0.09094650205761315,0.03909465020576129,-0.0028806584362139785,0.006995884773662519,0.0016460905349794165,-0.005761316872427957,0.0024691358024691245,-0.004115226337448541,-0.0024691358024691245,-0.004526748971193395,-0.003703703703703687
151,151,0.9465020576131687,0.9469381953706942,0.9507110057769219,0.9748185454006814,3.0322385992023673,1.0565016920228154,1.5469031981182348,1.5135304354027974,0.6958007589863066,0.07283950617283953,0.10699588477366255,0.03456790123456793,0.0004115226337448541,0.006995884773662575,0.0004115226337448541,0.0004115226337448541,-0.003292181069958833,0.0008230452674897082,0.002880658436214001,-0.004938271604938249,0.004115226337448585
152,152,0.934156378600823,0.9348258760774726,0.9384036144578314,0.9740210843373495,3.004911546461128,0.6250103440383747,1.6314246804475514,1.9481519025045486,0.690707662865748,0.09670781893004113,0.07860082304526746,0.05020576131687241,0.0016460905349794165,-0.0057613168724280125,0.003703703703703687,0.0012345679012345622,0.005761316872427957,-0.0028806584362139898,-0.00905349794238688,-0.006172839506172878,-0.0008230452674897193
153,153,0.934156378600823,0.934848853362983,0.9383426753522193,0.974776549007726,3.22473952844421,1.4805139368441382,1.45229335699293,1.6902252009428782,-0.03351436914048278,0.05925925925925922,0.07325102880658434,0.01481481481481478,-0.0020576131687242926,-0.007818930041152295,-0.004938271604938293,-0.0012345679012345733,-0.0024691358024691466,-0.0069958847736625975,-0.004526748971193428,-0.00905349794238688,-0.003292181069958855
154,154,0.9547325102880658,0.9552591777891927,0.9628465384032723,0.985153764581124,2.916923302306846,0.523507264661898,1.3875469528583444,1.7885484720899587,1.0623192109476565,0.06378600823045266,0.08559670781893003,0.045679012345679004,0.005761316872427957,-0.0016460905349794165,0.004526748971193395,0.004526748971193395,0.0020576131687242705,-0.004938271604938249,0.008230452674897082,0.003703703703703687,0.0028806584362139785
155,155,0.9465020576131687,0.9462427634489258,0.9351851851851851,0.9835390946502057,2.772027712857315,1.1554954326393059,1.462490383992964,1.843095222147404,0.98922075412897,0.08312757201646093,0.08024691358024695,0.03744855967078192,0.004115226337448574,0.004115226337448585,0.0,-0.0012345679012345622,-0.0004115226337448541,0.006995884773662575,-0.004115226337448541,-0.0012345679012345622,0.003703703703703731
156,156,0.934156378600823,0.9347588692541489,0.9385276255369575,0.9731150940601393,2.5569243961524326,1.2623876234503444,1.7883719757229835,1.6759480920704029,0.6262218529442602,0.10699588477366251,0.09465020576131683,0.05514403292181065,0.00781893004115224,0.013580246913580207,0.011111111111111082,0.0024691358024691136,0.00411522633744853,-0.0012345679012345622,0.0024691358024691245,0.000411522633744843,0.0020576131687242705
157,157,0.9423868312757202,0.9431202504481305,0.9473290261582099,0.9787267570122912,2.924667180930828,1.018099603202645,1.3921641643252052,2.236030416081038,0.3524166756894491,0.05925925925925931,0.09794238683127576,0.03868312757201651,-0.0004115226337448541,0.010699588477366318,0.0008230452674897415,-0.003703703703703687,-0.0024691358024691136,-0.0012345679012345401,-0.0016460905349794052,0.004526748971193473,-0.007407407407407363
158,158,0.9382716049382716,0.9389697046112333,0.9407500787897889,0.9832177749763631,2.704721166596315,1.1686683208160857,1.0309889150207525,2.001867397002846,0.4883617716259676,0.10658436213991765,0.07654320987654314,0.025925925925925873,-0.004526748971193473,0.007407407407407374,-0.0020576131687243147,-0.0004115226337449096,-0.004115226337448629,-0.005349794238683192,-0.011522633744856025,-0.0020576131687243147,-0.004526748971193461
159,159,0.9382716049382716,0.9383460948012171,0.9344208211143694,0.9820381231671554,2.220880898114866,0.78672306556845,1.805814651386645,1.8643640272762156,0.9203301575079567,0.05473251028806579,0.11399176954732504,0.06419753086419747,0.001234567901234529,0.009465020576131643,-0.003703703703703776,-0.0008230452674897415,-0.002057613168724326,-0.0008230452674897415,0.000823045267489686,0.001646090534979383,-0.003703703703703776
160,160,0.9588477366255144,0.9591427930364094,0.9590196705581321,0.9916839916839917,2.8952409868994846,0.6381773905192899,1.3600936868158864,2.0076282370664864,1.0453391542836157,0.0979423868312757,0.11399176954732507,0.050617283950617264,0.006995884773662519,0.025925925925925897,0.007407407407407374,0.005349794238683103,0.006584362139917666,0.00905349794238679,0.006172839506172811,0.005761316872427957,0.006995884773662519
161,161,0.9218106995884774,0.9220741396731896,0.9193418940609952,0.9727856413249673,2.482238643714269,1.2827258842105773,1.0009784774042523,1.231774927532967,1.515844065665103,0.11316872427983542,0.09876543209876545,0.03168724279835394,-0.009053497942386801,0.004526748971193473,0.0020576131687242926,-0.0037037037037036757,0.0004115226337448763,-0.004938271604938249,-0.0057613168724279466,-0.0012345679012345622,-0.0008230452674896971
162,162,0.9465020576131687,0.946922637397534,0.9507073386383731,0.986147951665193,2.6899446652576935,1.6203541819106908,1.2548510139457287,1.5116714117524723,0.39307985068638623,0.11769547325102883,0.09711934156378603,0.03662551440329222,0.007407407407407462,0.0008230452674897193,0.004938271604938293,-0.0012345679012345622,0.0,0.006172839506172878,0.0016460905349794165,-0.0012345679012345512,0.009465020576131744
163,163,0.934156378600823,0.9343789269715197,0.9274370208105147,0.9822406509153496,2.346168385594458,0.779717247922171,1.9010183119926354,1.8939134534812103,1.052934823774172,0.08024691358024688,0.09176954732510284,0.032921810699588425,0.0028806584362139785,0.004115226337448541,-0.0012345679012345733,-0.0008230452674897082,0.003292181069958833,0.005761316872427957,0.006584362139917666,0.0020576131687242705,-0.0020576131687242705
164,164,0.9588477366255144,0.9591832669933109,0.962960157551886,0.985911225571883,2.265688231321187,1.1914722562321882,1.4029516300313856,2.822821273655382,0.3003042777476591,0.09382716049382714,0.0716049382716049,0.03209876543209873,0.0024691358024691245,0.018930041152263356,0.00905349794238679,0.004115226337448541,0.013991769547325061,0.004526748971193395,0.004115226337448541,0.005761316872427957,0.004115226337448541
165,165,0.934156378600823,0.9343015658805133,0.9316993464052288,0.9803921568627451,2.734597169665517,1.7127194421992074,1.162770502485781,1.8191043489387768,0.4627222939733721,0.10370370370370367,0.08271604938271603,0.025514403292181055,-0.009876543209876586,-0.0012345679012345956,0.0,-0.0024691358024691358,-0.003703703703703709,-0.01028806584362143,-0.010288065843621463,-0.0041152263374485635,-0.011522633744856025
166,166,0.934156378600823,0.9343472656056323,0.9293667626117255,0.9769731858809272,3.3200863141946035,0.548437317395833,1.7337911717139016,1.5769088806927267,0.8409506251976868,0.05185185185185183,0.09794238683127571,0.04938271604938268,-0.0012345679012345846,0.002057613168724259,-0.0016460905349794496,-0.0024691358024691466,-0.003703703703703709,-0.00823045267489717,0.003292181069958833,-0.0012345679012345733,0.0032921810699588216
167,167,0.9506172839506173,0.9512459289555405,0.9569019855026788,0.986842105263158,3.5342165958052716,1.0206952464058145,1.0864421501995998,1.7261704710976389,0.5661817917542422,0.07448559670781893,0.08353909465020577,0.0559670781893004,0.006172839506172834,0.009053497942386846,0.00864197530864198,0.008641975308641947,0.010699588477366262,0.003703703703703687,0.004115226337448552,0.00864197530864197,0.010288065843621418
168,168,0.9588477366255144,0.9589351244580474,0.9582851359167148,0.9932764603817236,3.5221379036681975,1.001888507144915,1.0894591939733167,1.4320411426057662,0.5057125281765371,0.09629629629629625,0.08353909465020572,0.03909465020576127,0.0024691358024691245,0.006584362139917666,0.0,-0.0008230452674897082,-0.006995884773662586,-0.0020576131687242926,-0.0020576131687242926,-0.0032921810699588438,-0.0016460905349794165
169,169,0.9423868312757202,0.94267266719374,0.9451635846372688,0.9870554765291608,2.45410331334788,1.3697352861165137,1.297088787180821,2.2460371153105205,0.4221918383537965,0.08765432098765437,0.051851851851851906,0.029629629629629683,-0.0028806584362139785,0.0012345679012346067,-0.0028806584362139676,-0.000411522633744843,0.0012345679012346067,-0.0024691358024691245,0.0037037037037037646,0.0012345679012345956,-0.0057613168724279466
170,170,0.9465020576131687,0.9468024717448582,0.9482404692082111,0.9895894428152492,2.3478427452772315,0.880336713388056,1.8092986556907715,2.2691627524481763,0.7165676318473599,0.07201646090534981,0.07736625514403296,0.04650205761316874,-0.0008230452674896971,0.009465020576131734,0.007818930041152316,0.0008230452674897303,0.005349794238683136,-0.0016460905349794165,-0.0016460905349794165,-0.0016460905349794165,0.0037037037037036978
171,171,0.9506172839506173,0.9509811375402772,0.9538719285182428,0.9769918093819806,2.6636837458168583,0.8127307423165215,1.4500080659013979,1.7169350681614342,1.2865152774340198,0.11234567901234568,0.07572016460905348,0.03786008230452677,0.004938271604938249,0.008230452674897092,0.008641975308641959,-0.0004115226337448541,0.0028806584362139785,0.0012345679012345622,0.0012345679012345622,0.0016460905349794165,0.007407407407407407
172,172,0.9506172839506173,0.9509127872507159,0.9504601226993865,0.9900306748466259,1.8543605153964449,0.7591513581996396,1.611438006937698,2.7613417512200225,0.7315735592135549,0.09300411522633745,0.07901234567901236,0.034156378600823045,0.006584362139917666,0.00864197530864198,-0.0012345679012345622,0.005349794238683103,0.009465020576131699,0.0012345679012345622,0.004526748971193395,0.006172839506172823,0.0016460905349794165
173,173,0.9588477366255144,0.9588477366255144,0.9562697955657933,0.9919378059314714,3.1475228063827894,1.2373439082068731,1.3452276691213798,1.6929585423571336,-0.09117916479067917,0.10576131687242796,0.08600823045267485,0.046090534979423836,-0.008641975308642025,0.005761316872427957,0.003292181069958833,-0.011522633744856015,-0.006584362139917754,-0.005761316872428024,-0.002880658436214012,-0.007407407407407451,-0.00534979423868317
174,174,0.9547325102880658,0.955120731620748,0.9561904761904761,0.9727777777777777,2.5182518963826928,1.1022747261005295,1.5317993016949578,1.5590559627992402,1.2593640386172047,0.10781893004115224,0.06707818930041151,0.03703703703703702,0.00781893004115225,0.005349794238683103,0.0004115226337448541,-0.0020576131687242817,-0.005761316872427957,-0.0020576131687242705,-0.004115226337448541,-0.0004115226337448541,0.018106995884773658
175,175,0.9259259259259259,0.92527258316732,0.9146870554765292,0.979800853485064,2.7439283067360063,1.1585210995219406,1.6140206651697224,1.5163611123522587,0.8428629842481992,0.11069958847736627,0.07366255144032924,0.046913580246913576,0.003703703703703687,0.014814814814814814,0.0004115226337448652,0.0008230452674897082,0.015637860082304566,0.004115226337448541,0.007818930041152283,0.0028806584362139785,-0.0020576131687242705
176,176,0.9506172839506173,0.9507881463349146,0.9519203413940256,0.9910384068278806,3.534130172803687,1.0265061546379919,1.256698372634497,1.3928421366299728,0.2626298128178528,0.08436213991769548,0.08189300411522635,0.04691358024691359,0.0012345679012345622,0.0016460905349794165,0.004526748971193395,-0.003703703703703687,-0.0028806584362139785,0.003292181069958833,-0.0028806584362139785,-0.0016460905349794165,0.0020576131687242705
177,177,0.9382716049382716,0.9387568893048469,0.9417550839964632,0.985116416150899,2.777326867049566,1.2176938742066936,1.1879399656049978,2.1008748026098143,0.5545003645688353,0.10617283950617278,0.07160493827160487,0.05020576131687239,0.009876543209876498,0.013580246913580207,-1.1102230246251566e-17,-1.1102230246251566e-17,0.003292181069958833,0.0032921810699588216,0.00041152263374480966,-0.0037037037037037533,-0.0016460905349794607
178,178,0.9547325102880658,0.9546571418851613,0.9467814140166718,0.9940568076566841,3.6779408835861256,0.6003942816425146,0.7378791088511375,2.0211946027438117,0.6579689966881922,0.07818930041152262,0.08765432098765429,0.03662551440329216,0.0024691358024691245,-0.006995884773662553,-0.006172839506172834,0.0012345679012345622,-0.00493827160493826,-0.012757201646090566,0.0008230452674897082,-0.004115226337448541,-0.0004115226337448541
179,179,0.9300411522633745,0.9304054885450235,0.930718954248366,0.9829339143064633,2.3171941993211447,1.0356718062349983,1.257826288473771,2.2923840152938206,0.7159501054677243,0.06625514403292179,0.08024691358024691,0.05102880658436213,0.0028806584362139785,0.0004115226337448541,0.004115226337448541,-0.0004115226337448541,0.006995884773662519,-0.003703703703703687,-0.008230452674897092,-0.004526748971193395,-0.004526748971193395
180,180,0.9423868312757202,0.9423868312757202,0.9370093319508221,0.9920011850096282,2.8823736985562447,0.6433565821499586,1.183572475969318,2.1703331663292813,0.8457707890877023,0.08600823045267494,0.0888888888888889,0.03868312757201651,-0.009465020576131643,0.0037037037037037646,0.009053497942386902,0.0032921810699588993,-0.0024691358024691136,-0.004115226337448541,-0.004526748971193395,-0.0020576131687242484,-0.005761316872427957
181,181,0.9547325102880658,0.9548012941049845,0.9506172839506173,0.9851394604481024,2.761594562522771,1.2533677895320923,1.3678281384764397,1.614329673854815,0.5489953092968091,0.1119341563786008,0.07942386831275719,0.030864197530864168,0.008641975308641947,0.005349794238683103,0.0004115226337448541,0.0020576131687242705,0.0028806584362139898,0.004115226337448552,0.0004115226337448541,0.00987654320987651,-0.0024691358024691358
182,182,0.9465020576131687,0.9464397522192364,0.9415032679738562,0.982716049382716,2.6177428283820143,0.3346296977270003,1.3577650477272314,2.3035355430464697,1.145962608786266,0.08930041152263375,0.07942386831275722,0.04979423868312759,-0.004938271604938249,0.004938271604938316,0.0008230452674897082,0.0,0.004526748971193406,-0.0008230452674897082,0.005349794238683148,0.0008230452674897082,0.0004115226337448541
183,183,0.934156378600823,0.9348721767187887,0.9382716049382716,0.9877305288827922,2.732645657985744,1.2607432325805272,2.0597087828590643,1.0526685762736643,0.6072497361742147,0.08353909465020573,0.051851851851851816,0.038271604938271565,0.004938271604938249,0.0057613168724279466,0.004526748971193395,0.0020576131687242705,0.0016460905349794052,0.005349794238683103,0.003703703703703687,0.0016460905349794052,0.008230452674897092
184,184,0.9629629629629629,0.9629182690451957,0.9589230993725375,0.9876696337370494,2.4126122147345,0.9114496493791249,1.0371448690404943,2.232027369538946,0.7466050690185856,0.09341563786008225,0.11646090534979418,0.05720164609053493,0.006172839506172811,0.012345679012345623,0.0020576131687242705,0.0028806584362139785,0.005349794238683092,0.003703703703703687,0.006172839506172811,0.0028806584362139676,0.011522633744855914
185,185,0.9382716049382716,0.9390142021720969,0.9444444444444444,0.983310470964792,3.529249686787488,0.9716445395139741,0.8421998254283839,1.4272751222341693,0.5960601586374119,0.08847736625514398,0.10041152263374482,0.043621399176954664,-0.0024691358024691913,0.0028806584362139676,0.005761316872427957,0.0016460905349794165,0.006584362139917666,-0.001646090534979483,-0.0032921810699588993,0.004115226337448518,-0.0004115226337448874
186,186,0.9506172839506173,0.9511640211640212,0.9528508771929824,0.9839993502274205,3.763018699380652,0.9024683014804008,1.250795930929922,1.5896024321924427,0.0625947571549767,0.09465020576131689,0.0699588477366255,0.020164609053497963,-0.005761316872427957,0.0016460905349794386,0.0004115226337448541,-0.0004115226337448541,0.0,-0.007407407407407374,0.003292181069958833,-0.006584362139917666,-0.006584362139917666
187,187,0.9547325102880658,0.9553605515044151,0.9596451774112944,0.9945860403131768,3.0745884331600055,0.7700844122004367,0.8795103436997893,2.244475824382653,0.8025463518060348,0.0765432098765432,0.07283950617283949,0.03909465020576132,-0.005349794238683103,0.011522633744855936,0.004526748971193395,-0.0024691358024691245,-0.009876543209876543,-0.005349794238683115,-0.006172839506172834,-0.006995884773662531,-0.003292181069958833
188,188,0.9629629629629629,0.9631709419772094,0.9660557184750733,0.9949413489736071,2.251583534084627,1.096457441128859,0.8140454971278693,2.074158035146966,1.2202466265926675,0.11728395061728389,0.10205761316872422,0.047736625514403254,0.010699588477366207,0.006584362139917666,-0.0032921810699589214,0.0020576131687242705,0.0024691358024691136,0.0061728395061728,0.0020576131687242484,0.002057613168724259,0.00905349794238679
189,189,0.9259259259259259,0.9277311265263072,0.9394715111478118,0.9830718414533443,3.0400072482766785,1.058617124312057,1.1159374753591262,1.9219937400556102,0.47043632121780404,0.08724279835390945,0.06831275720164612,0.022633744855967097,0.004115226337448541,0.008230452674897137,0.006584362139917666,0.004526748971193395,0.0004115226337448541,-0.0008230452674897082,0.0,0.0004115226337448541,0.0024691358024691245
190,190,0.934156378600823,0.934156378600823,0.9300316729052691,0.9831557731068241,2.792894904164717,1.0093472207457408,1.1582883758919336,2.1055542519624253,0.5344559228800442,0.08271604938271603,0.10576131687242796,0.058436213991769514,-0.0024691358024691245,0.0012345679012345512,-0.006584362139917743,-0.0012345679012345733,-0.004115226337448585,-0.005761316872428002,-0.009465020576131734,-0.006172839506172867,-0.004938271604938293
191,191,0.9382716049382716,0.9387854804126204,0.9371651433974157,0.9818783485660258,3.1451659959448435,0.8419098284313402,1.1886899481071418,1.9789631883554961,0.5732211085211234,0.08806584362139912,0.07572016460905344,0.03415637860082301,0.000411522633744843,0.007407407407407374,0.0032921810699588216,0.007818930041152227,0.0008230452674896748,0.003292181069958833,-0.0012345679012346177,0.008641975308641936,-0.005349794238683192
192,192,0.9506172839506173,0.9508598530103907,0.9512664790401422,0.9864464523774256,2.9297149323158806,0.6299847267097365,1.644077602213262,2.036579895526,0.2952594243656854,0.06666666666666668,0.09176954732510288,0.058436213991769556,0.006172839506172834,0.0037037037037036978,0.0004115226337448541,0.0012345679012345622,-0.0012345679012345622,0.0,0.008230452674897127,0.0024691358024691245,-0.0004115226337448541
193,193,0.934156378600823,0.9339890042316608,0.926282991202346,0.9839442815249266,1.9830022264989189,1.4718996562015543,1.4583509840432631,2.585951753252662,0.08482949400387053,0.06543209876543206,0.06378600823045263,0.05102880658436211,0.0024691358024691245,0.003292181069958833,0.0004115226337448541,0.0016460905349794165,0.003703703703703687,-0.002880658436214001,-0.006172839506172867,0.003703703703703687,-0.002469135802469158
194,194,0.9465020576131687,0.9467181805427346,0.9485544217687075,0.9812925170068028,3.0643367527254344,1.49633470052096,1.3033067432431125,1.6952048149892192,0.07974330264537799,0.05390946502057616,0.08724279835390948,0.0748971193415638,0.0008230452674897082,0.005761316872428024,0.005761316872428002,-0.0008230452674897082,-0.003292181069958833,-0.0004115226337448541,0.0037037037037037203,-0.0008230452674897082,0.003292181069958833
195,195,0.9382716049382716,0.9385529932802119,0.9348926380368099,0.9825153374233129,2.18208227604012,1.2377664506036175,1.4126047803366009,2.063054132630731,0.5401618162410848,0.06831275720164603,0.07695473251028802,0.05432098765432093,-0.0008230452674897526,0.011111111111111061,-0.001646090534979472,-0.004115226337448619,0.0012345679012345178,-0.0008230452674897526,0.00041152263374480966,-0.006172839506172911,0.000823045267489686
196,196,0.9465020576131687,0.9467310203309469,0.9446674746250567,0.9870474170580215,2.6622633341454596,0.6871390317910465,1.977248045990317,1.8879154243197618,0.3477640310018993,0.08106995884773666,0.09053497942386834,0.05020576131687243,-0.006995884773662519,0.006172839506172867,0.0,0.0,0.0016460905349794165,-0.008230452674897082,-0.0028806584362139785,0.0004115226337448541,-0.0028806584362139785
197,197,0.9300411522633745,0.9304553944492853,0.93313579894331,0.9757960873911181,2.573491798236115,1.039585496197855,1.0207757169377072,2.4625678296522633,0.5369555628717618,0.11069958847736625,0.06707818930041151,0.054732510288065826,-0.004526748971193395,0.004526748971193417,0.0074074074074073955,-0.0049382716049382715,0.004115226337448541,-0.005761316872427968,-0.004938271604938249,0.003292181069958833,-0.0008230452674897082
198,198,0.9506172839506173,0.9507559371291027,0.9480045180722891,0.9880271084337349,2.0158222545955033,1.519753676565483,1.0689640016173476,1.7176501007083136,1.460000450082788,0.12551440329218108,0.09218106995884776,0.04444444444444444,-0.0004115226337448541,0.0020576131687242926,-0.006584362139917676,0.0012345679012345622,0.0008230452674897082,0.0028806584362139785,-0.0004115226337448541,0.0020576131687242705,0.008230452674897127
199,199,0.9423868312757202,0.9425234450203239,0.9401026392961876,0.9914222873900294,2.5244518764462707,0.9139543495865973,1.5286393476565476,1.8484908636094104,0.7688141228242792,0.08230452674897124,0.08683127572016465,0.049794238683127615,0.0061728395061729,-0.011111111111111072,-0.0032921810699588104,0.0032921810699589214,0.0032921810699588993,-0.0012345679012345401,-0.003703703703703665,0.004938271604938327,0.0004115226337448874
200,200,0.9588477366255144,0.9589418757900966,0.958047570407121,0.9887640449438202,3.099007370382313,0.8178778869016065,1.1775744054827542,1.2149044280867933,1.2538559038255968,0.14444444444444443,0.12263374485596705,0.04979423868312753,-0.0016460905349794496,0.016460905349794185,0.006172839506172811,0.0020576131687242705,0.007818930041152227,-0.0004115226337448541,0.006584362139917666,-1.1102230246251566e-17,0.0012345679012345512
201,201,0.9465020576131687,0.9467806677109003,0.9483660130718954,0.9793754538852578,3.201635490482993,0.943334082334553,1.4333843094857794,2.275127357761221,-0.03072902227053113,0.08971193415637863,0.07818930041152265,0.0423868312757202,0.0020576131687242705,0.009053497942386867,0.002469135802469169,-0.0008230452674897082,0.0012345679012345846,0.0012345679012345622,-0.0020576131687242705,-0.005349794238683103,0.0008230452674897082
202,202,0.9465020576131687,0.9469539627817043,0.9507073715562174,0.9806403574087862,2.7811225094252507,0.38698924523959216,1.4153136902738592,2.740896153113179,0.655797746491592,0.09670781893004117,0.06378600823045272,0.053497942386831324,0.004115226337448585,-0.0008230452674896971,0.003292181069958855,-0.0024691358024691245,-0.003292181069958833,-0.0016460905349794165,-0.0008230452674897082,0.0004115226337448541,0.0028806584362139898
203,203,0.9382716049382716,0.9390909934306714,0.9473268072289156,0.967921686746988,3.359263966472121,1.1653355061656117,2.018479560912693,1.2302458871430548,0.2564799465417213,0.08477366255144028,0.06831275720164603,0.05061728395061725,-0.0004115226337448652,-0.00246913580246918,-0.0012345679012346067,-1.1102230246251566e-17,0.003703703703703687,-0.0008230452674897303,-1.1102230246251566e-17,-3.3306690738754695e-17,0.000411522633744843
204,204,0.9300411522633745,0.9301377859171275,0.9240790655884996,0.9778376759508836,3.4754026684056547,0.5737462986305847,1.7883973253917609,1.2300103985907043,0.7663409464891694,0.06625514403292179,0.08024691358024692,0.041975308641975295,-0.0008230452674897082,0.01563786008230452,0.003703703703703687,-0.0008230452674897082,0.006584362139917676,0.0,0.005761316872427957,0.0008230452674897082,-0.009465020576131699
205,205,0.9588477366255144,0.9591404803639512,0.9628943860168864,0.9942230780625093,3.47420163313687,0.897746351159149,1.6017910342734423,1.406664009493418,0.3457688813616607,0.07325102880658432,0.06008230452674893,0.034567901234567856,0.0028806584362139785,0.0,0.0,0.004115226337448541,0.003703703703703687,0.0028806584362139785,0.005349794238683103,0.0028806584362139785,0.00905349794238679
206,206,0.9506172839506173,0.9508350648701527,0.9515540639136144,0.987085947760105,3.3489847540217963,0.714172855290625,1.4613949482542365,1.5685905196943282,0.5551827499457159,0.07366255144032922,0.1,0.05308641975308641,0.003292181069958833,0.009053497942386824,0.004115226337448541,-0.0024691358024691245,0.0012345679012345622,0.0,0.003292181069958833,-0.0016460905349794165,0.0004115226337448541
207,207,0.9423868312757202,0.9426085740540971,0.945034965034965,0.9806993006993007,3.368081292563507,0.7382113017390018,1.8046836445865817,1.7028092227243763,0.1447897094656734,0.0777777777777778,0.07860082304526753,0.0555555555555556,0.009876543209876609,0.002469135802469202,0.004526748971193495,0.0008230452674897415,0.0004115226337448985,0.0008230452674897526,-0.006172839506172811,-0.0012345679012345512,-0.0028806584362139676
208,208,0.9465020576131687,0.9468362661645976,0.9479895755770662,0.9885331347728965,2.5376848438214865,1.1280601451065475,1.3445949251195002,1.9728313728273217,0.7837261768429624,0.07448559670781897,0.06337448559670784,0.04197530864197533,0.0024691358024691466,-0.006172839506172811,0.002880658436214001,-0.0020576131687242705,0.005349794238683148,0.003292181069958877,-0.006172839506172811,0.0008230452674897082,0.0016460905349794275
209,209,0.9547325102880658,0.9548034502623874,0.9503450920245399,0.9940950920245398,2.2491122231271445,1.4979014287567338,1.4401456752883675,1.3926851401786027,0.9828798823834951,0.09629629629629628,0.05843621399176955,0.021399176954732514,-0.0016460905349794275,-0.0008230452674897082,-0.0028806584362139785,-0.00781893004115226,-0.0032921810699588438,-0.006172839506172844,-0.00864197530864198,-0.006172839506172834,0.0004115226337448541
210,210,0.9423868312757202,0.94299274669261,0.9475458263899409,0.975534009998485,2.1270032618121983,1.2497939349111389,1.5917751943626788,1.8184450381787718,0.7974109528687545,0.06707818930041158,0.09588477366255148,0.041152263374485645,0.0016460905349794607,0.011934156378600869,0.0012345679012346067,0.003703703703703776,0.004938271604938327,-0.0020576131687242484,0.0024691358024691913,0.006995884773662619,0.0004115226337448763
211,211,0.9506172839506173,0.9511032592745055,0.9533170501103057,0.9920422313268201,2.4124418951860434,0.9277668745739468,0.7683035551275663,2.610518969019657,0.5192662819618518,0.09135802469135802,0.07654320987654323,0.037860082304526754,-0.0004115226337448541,0.008230452674897115,-0.0008230452674897082,0.0008230452674897082,-0.006995884773662519,0.0,-0.0020576131687242705,-0.004115226337448541,-0.0024691358024691245
212,212,0.9588477366255144,0.9586926107393944,0.9536435531704561,0.9917384550204773,3.723536149813593,1.8063363478458605,1.3940809809083727,0.5729983863029378,0.3249658686663773,0.10576131687242793,0.0765432098765432,0.04609053497942386,-0.004526748971193428,0.0004115226337448541,0.010288065843621352,0.004526748971193395,-0.002880658436214023,-0.007407407407407441,0.0020576131687242705,-0.006172839506172867,-0.0024691358024691466
213,213,0.9382716049382716,0.9388060499171611,0.9441176470588235,0.9730573710965869,2.407798585215331,1.0471592091329216,1.6991245339623418,2.1493865204002747,0.44624182220038466,0.05432098765432094,0.0893004115226337,0.044032921810699524,0.0028806584362139785,0.007407407407407374,0.007818930041152227,0.0024691358024691136,-0.0008230452674897415,-0.0028806584362140565,0.0004115226337448208,-0.0004115226337448874,0.0016460905349793941
214,214,0.9506172839506173,0.9510032729479413,0.9485751719620046,0.9858336062888962,3.3570664038674627,0.7053951193655358,1.6619848154809465,1.7748778513065329,0.5113041800948573,0.08271604938271605,0.09012345679012344,0.03868312757201649,0.004115226337448541,0.006584362139917676,0.003703703703703687,0.0012345679012345622,0.003703703703703687,-0.0008230452674897082,0.0004115226337448541,0.0,0.004115226337448541
215,215,0.9506172839506173,0.9507302509481159,0.9491828396322779,0.9919013570698965,3.3234072629994333,1.105338100159137,1.4431708847054865,1.395955053464491,0.23926956297112492,0.09382716049382717,0.05514403292181071,0.02880658436213992,0.0028806584362139785,0.011522633744855992,-0.003292181069958833,-0.0008230452674897082,0.0032921810699588438,0.0028806584362139785,0.0012345679012345622,-0.0008230452674897082,-0.005349794238683103
216,216,0.9423868312757202,0.9429202865416857,0.9440559440559441,0.9881895881895881,2.0241127338503113,1.0740349235453381,1.7600505656494028,3.0365511432538783,-0.3798794628436187,0.07283950617283955,0.05102880658436217,0.060493827160493875,0.0012345679012346177,0.002057613168724326,-0.0008230452674897082,-0.004526748971193395,-0.007818930041152227,-0.008230452674897082,-0.0008230452674896971,-0.0024691358024691136,-0.0020576131687242484
217,217,0.9547325102880658,0.9549080661217748,0.9543186895011169,0.9916604616530156,2.969473416997211,1.4705802893325899,1.3447784733610235,1.2106864177937573,0.7553391374101076,0.07818930041152262,0.09135802469135801,0.020576131687242805,-0.010288065843621408,0.004938271604938249,0.0016460905349794165,-0.004938271604938249,0.0024691358024691245,-0.006995884773662542,0.0024691358024691245,-0.003292181069958833,-0.005349794238683103
218,218,0.9218106995884774,0.9223864350205644,0.9194401840490798,0.9690184049079755,2.1955873805973742,1.08354014287401,0.7132272987757935,2.638692893619214,1.030749432166396,0.11934156378600824,0.07736625514403295,0.06995884773662553,-0.006172839506172811,-0.0008230452674896971,0.0016460905349794386,-0.010699588477366217,0.010288065843621453,-0.009465020576131656,-0.006172839506172823,-0.005761316872427957,-0.008230452674897082
219,219,0.9547325102880658,0.9547833496026594,0.9526143790849673,0.9762527233115469,3.2656453205847247,0.24350971976757713,1.5660897888152772,2.0235524491435024,0.8272845441729888,0.07901234567901234,0.11358024691358022,0.07860082304526747,0.0004115226337448541,0.007818930041152227,0.006995884773662519,0.010288065843621375,-0.0012345679012345733,0.0,0.004526748971193395,0.003703703703703687,0.0028806584362139898
220,220,0.9588477366255144,0.9589910065144335,0.9557201386700284,0.9774661203907974,3.009579953039553,1.1608369933803238,1.4536115644679102,1.8298774565644507,0.5310066788316685,0.11810699588477362,0.07448559670781892,0.04032921810699584,0.002057613168724259,0.006172839506172811,0.007818930041152227,0.003703703703703687,0.010288065843621352,0.0012345679012345622,0.006172839506172811,0.0012345679012345622,0.0024691358024691245
221,221,0.9423868312757202,0.9425138701454491,0.9405228758169935,0.9820624546114742,3.2831615708260653,0.52731728205783,1.0436312387052262,2.0030021026569576,0.6693649029999202,0.10123456790123461,0.09711934156378607,0.0312757201646091,0.0028806584362140453,0.010699588477366306,0.0024691358024691913,0.0061728395061728895,0.0016460905349794607,-0.004526748971193395,0.0004115226337448763,0.0032921810699589106,0.0012345679012345846
222,222,0.9506172839506173,0.9506172839506173,0.9475237546789519,0.9850993377483444,2.80086773978926,0.21413769829744306,1.584167935109412,2.749083671189558,0.5517802947582227,0.08024691358024691,0.07201646090534981,0.04691358024691359,-0.0008230452674897082,-0.003292181069958833,0.0012345679012345622,0.0012345679012345622,0.0008230452674897082,0.0020576131687242705,0.00864197530864198,-0.0024691358024691245,-0.0004115226337448541
223,223,0.9423868312757202,0.9425383101299426,0.9393894266567386,0.9850335070737155,3.397083182100093,1.0684260651979078,1.6936630025007218,1.5359216997151357,-0.10281872480590457,0.07242798353909467,0.07777777777777782,0.025102880658436265,-0.004938271604938249,-0.00041152263374480966,-0.0037037037037036757,-0.002057613168724259,-0.005761316872427957,-0.009465020576131643,-0.005349794238683081,-0.0057613168724279466,-0.009465020576131643
224,224,0.9259259259259259,0.926471706310416,0.9267311988086374,0.9747580044676099,2.7602183252613024,1.0537802874056028,1.5480645462207236,2.4318640874432407,-0.30169993439422244,0.09876543209876544,0.057201646090534984,0.03991769547325104,0.004526748971193406,0.0024691358024691358,0.0020576131687242817,-0.0008230452674897082,0.004115226337448541,-0.0008230452674897082,0.0016460905349794165,0.0012345679012345622,-0.0012345679012345622
225,225,0.9629629629629629,0.9631214756137323,0.9630737767005,0.9937888198757764,3.017920581312434,0.7493099131777192,2.1180955291420216,1.2565284356950834,0.47864908139691004,0.09794238683127568,0.0658436213991769,0.03292181069958844,0.0024691358024691136,0.0008230452674896748,-0.0037037037037037424,0.001234567901234529,0.001646090534979383,-3.3306690738754695e-17,-0.0028806584362140674,0.004526748971193395,-0.0004115226337448985
226,226,0.9629629629629629,0.963111482409728,0.9632749326145553,0.9907906558849955,3.101176873918688,1.1477484515311362,1.2239725813135593,1.3293098450452634,0.8942655165841515,0.07283950617283946,0.0790123456790123,0.04485596707818925,0.0016460905349794052,0.0057613168724279466,0.0016460905349794165,0.006995884773662519,0.00905349794238679,0.0016460905349794052,0.00041152263374480966,0.004526748971193395,0.009876543209876498
227,227,0.9382716049382716,0.9384425097147315,0.9378837641010995,0.9725117806654291,2.6402442768295575,0.5588646433999723,1.731102353588189,1.9539513219354585,0.9972195940834852,0.06954732510288061,0.11028806584362134,0.05596707818930037,0.004526748971193395,0.0024691358024691136,0.006172839506172811,0.002057613168724259,0.010288065843621352,0.004938271604938249,0.004115226337448541,-0.0008230452674897415,0.00411522633744853
228,228,0.9835390946502057,0.9835390946502057,0.9809888906274449,0.9940541386324518,3.5355174849267526,0.7358799107034016,1.2072996339825048,2.0661874642774003,0.12424778471897102,0.11152263374485591,0.06666666666666664,0.05884773662551436,0.011934156378600768,0.004526748971193395,0.0016460905349794165,0.0028806584362139785,0.008230452674897082,0.0016460905349794165,0.0020576131687242705,0.0016460905349794165,0.003292181069958833
229,229,0.9423868312757202,0.94299274669261,0.9475458263899409,0.9790940766550523,4.001232851387654,0.8943809285088248,1.496588190843883,1.2545653009074158,0.40867971463595937,0.1041152263374486,0.10658436213991773,0.03539094650205765,0.0,-0.003703703703703687,0.0004115226337448652,0.0,-0.0008230452674897082,-0.0020576131687242705,-0.0028806584362139676,0.0008230452674897415,-0.004115226337448541
230,230,0.9423868312757202,0.9432373113854596,0.9468964952505732,0.9801834261382247,3.431630330474069,0.7358869571405809,1.5933803460851295,1.5647549191994452,0.3875765104871877,0.08189300411522638,0.051851851851851906,0.02633744855967084,0.0069958847736626304,-0.007407407407407363,0.006995884773662619,0.0,-0.0012345679012345622,0.0,-0.006995884773662519,0.0004115226337448763,0.0037037037037037533
231,231,0.9423868312757202,0.9426040075162884,0.9431182795698925,0.9829390681003585,3.270307135848491,1.0054470918850458,2.078785878523217,1.3534127153733875,0.13690881329088495,0.08065843621399181,0.09218106995884778,0.05144032921810705,0.004938271604938349,0.0012345679012345956,0.0032921810699588993,0.0,0.005761316872428058,0.0032921810699589214,0.005761316872428068,-0.0012345679012345512,4.4408920985006264e-17
232,232,0.9547325102880658,0.9549200932629981,0.9540286144578314,0.9832831325301205,3.0569541065727037,1.1294543680067195,1.6565277782628371,1.8897325775606875,0.1470657918511253,0.06790123456790123,0.06090534979423867,0.05802469135802468,0.006172839506172811,0.01358024691358024,0.005761316872427957,0.0028806584362139785,0.00493827160493826,0.0024691358024691245,-0.0008230452674897082,0.004526748971193395,-0.004526748971193395
233,233,0.9670781893004116,0.9674752725434987,0.9726386806596702,0.9915875395635515,3.2002450016498423,0.7249873335691699,1.0157349735957093,2.1200238150535613,0.6554002938763936,0.10823045267489717,0.07242798353909469,0.034979423868312806,0.003703703703703776,0.010288065843621463,0.0004115226337448985,0.004938271604938338,0.0024691358024691913,0.004938271604938338,0.0004115226337448763,0.008641975308642047,0.006172839506172911
234,234,0.9259259259259259,0.9264528646551119,0.9268997185602132,0.9719300844319361,2.5135657915149445,0.8176159862160047,1.1266971436442743,1.9049495818563429,1.245612796386016,0.09588477366255144,0.06543209876543211,0.044032921810699586,-0.0032921810699588216,0.008641975308641992,-0.005761316872427957,-0.003292181069958833,0.0012345679012345622,-0.004938271604938249,-0.003292181069958833,-0.0012345679012345622,-0.0004115226337448541
235,235,0.9465020576131687,0.9469212483705238,0.9470862470862471,0.9835275835275836,1.6697545225940316,1.3156218643400113,1.1992729425433049,2.7144258891482123,0.7532228813282831,0.10164609053497944,0.07736625514403295,0.07448559670781897,-0.0012345679012345512,-0.0024691358024691136,0.0004115226337448763,0.0004115226337448541,-0.0012345679012345622,-0.004526748971193395,-0.006584362139917666,-0.003703703703703687,-0.003292181069958833
236,236,0.9382716049382716,0.9384872774557294,0.9368768328445747,0.9808651026392963,1.6804358069169627,1.2592702617649083,1.5696886201622173,2.4944546324995325,0.785706979122013,0.09423868312757197,0.07818930041152258,0.07448559670781889,0.004938271604938227,0.011522633744855914,0.004526748971193395,-0.0004115226337448763,0.010699588477366207,0.006584362139917666,0.0004115226337448319,-0.0012345679012346067,0.012757201646090477
237,237,0.9629629629629629,0.9631864325517991,0.9660790993926825,0.9876314620056288,2.825410398373734,0.7335208691885026,1.8874666430910403,1.2663469735365847,1.2882626589063264,0.11893004115226331,0.07777777777777774,0.022222222222222178,0.006172839506172811,0.004938271604938249,0.0028806584362139785,0.0016460905349793941,0.007818930041152227,0.0008230452674896971,0.007818930041152227,0.001234567901234529,0.002057613168724259
238,238,0.9588477366255144,0.9590569545869673,0.9602010424422933,0.984512285927029,2.868742879955599,1.0654564801397703,1.4565217729327375,1.0234232335730145,1.085328222978348,0.10205761316872423,0.10246913580246911,0.05020576131687239,0.011111111111111082,0.017283950617283918,0.0193415637860082,0.012345679012345623,0.011522633744855914,0.013580246913580197,0.007407407407407374,0.013168724279835353,0.00987654320987651
239,239,0.9588477366255144,0.9587246102504734,0.951355421686747,0.9906626506024097,2.2757295212176434,1.0241859064154424,1.6380287565790699,1.9416287738579054,1.2686710702212918,0.12469135802469133,0.09876543209876538,0.07037037037037033,0.0028806584362139785,0.013580246913580197,0.009876543209876498,0.007407407407407374,0.010699588477366207,0.0020576131687242705,0.004526748971193395,0.004526748971193395,0.0008230452674896971
240,240,0.9423868312757202,0.9427208835341365,0.941358024691358,0.9811766499009297,2.252762701407925,1.4492560974762505,1.5977361780153458,1.4477790941334572,1.0802720971742334,0.06255144032921814,0.10823045267489717,0.029218106995884806,-0.008641975308641936,-0.0024691358024691024,-0.007407407407407374,-0.004938271604938238,-0.004938271604938249,-0.00905349794238679,-0.004938271604938249,-0.009465020576131643,-0.013168724279835332
241,241,0.9670781893004116,0.9673211836174798,0.9686543110394843,0.9846897663174858,2.7946097483546786,1.0342920561710993,2.2366606625633687,1.635539351936724,0.22363016625878848,0.05637860082304532,0.053497942386831324,0.040740740740740786,0.008230452674897193,0.005349794238683214,0.0012345679012345846,0.0024691358024691913,0.004938271604938327,0.0,0.0037037037037037646,0.0012345679012345846,0.0032921810699589214
242,242,0.9382716049382716,0.9376598764807886,0.918452380952381,0.9894444444444445,3.0652173228750486,0.7282968066839528,1.3258338088802788,1.6880985294105815,1.3960945226715815,0.03703703703703698,0.08477366255144027,0.01851851851851848,0.0008230452674896971,-0.0037037037037037533,-0.00246913580246918,-0.0004115226337448763,-0.002057613168724326,-0.005349794238683181,-0.005349794238683192,-0.0012345679012345956,-0.006584362139917777
243,243,0.934156378600823,0.9347660417619266,0.9346153846153846,0.9770007770007769,2.7257938811981335,0.528293099680488,1.4946149248222225,1.8549327146614838,0.955087551792888,0.08559670781893,0.06255144032921808,0.01563786008230449,-0.0024691358024691358,0.0032921810699588216,-0.0004115226337448763,-0.0028806584362139785,0.0028806584362139785,0.0,-0.0024691358024691358,-0.007818930041152316,-0.002880658436214001
244,244,0.9465020576131687,0.9468623131174572,0.9506217466743783,0.9828658183921342,3.4451294188300885,1.1918404301073682,1.6478137319717996,0.9848643924707944,0.5903128730039576,0.11358024691358026,0.08106995884773664,0.054320987654321015,0.005349794238683136,0.003703703703703709,0.0008230452674897303,0.0041152263374485635,0.006172839506172867,0.004526748971193406,0.006172839506172878,0.004526748971193417,0.005761316872428002
245,245,0.9259259259259259,0.9263974096796183,0.9217948717948719,0.9832167832167833,1.861144523928045,0.9936828619045704,0.921182463725262,2.8639117495896587,0.7173639770415695,0.06748971193415639,0.06296296296296297,0.041975308641975316,0.0,-0.0008230452674897082,-0.0012345679012345622,-0.0028806584362139785,-0.0004115226337448541,-0.0028806584362139785,-0.009053497942386812,-0.006995884773662519,0.0028806584362139785
246,246,0.9506172839506173,0.9502933004013584,0.9382716049382716,0.9829294314891022,2.8530345026828727,0.983956345540158,1.7581633713867517,1.519202337460009,0.4512213565210625,0.11481481481481481,0.0897119341563786,0.042798353909465035,0.010288065843621418,0.011934156378600836,0.011111111111111127,0.003292181069958833,0.009053497942386867,0.0032921810699588438,0.0074074074074073955,0.0037037037037036978,0.007407407407407407
247,247,0.9506172839506173,0.9507792757252468,0.9467365967365967,0.9845376845376845,2.400096477763346,0.6338967293303243,1.477705620397286,2.4728231339986766,0.7295272054672811,0.11769547325102878,0.07530864197530865,0.03662551440329219,0.010699588477366273,0.005349794238683115,0.004938271604938249,0.0012345679012345622,0.007818930041152227,0.003703703703703687,0.0008230452674897082,0.0008230452674897193,0.0028806584362139785
248,248,0.9259259259259259,0.9261015721689879,0.9222873900293255,0.9775659824046922,2.7451177140031655,1.3574747404739376,0.7822905446188863,1.8793734001154292,1.0254778187573477,0.09382716049382714,0.06419753086419754,0.0411522633744856,0.008230452674897127,-0.0012345679012345622,0.0,-0.0020576131687242705,0.0,-0.003703703703703687,-0.0016460905349794165,0.0004115226337448541,0.003292181069958855
249,249,0.9547325102880658,0.955114891584519,0.9597542814594192,0.9887565152643336,2.8926536845624797,1.4011419793526836,1.1276325422445714,1.7825056824130663,0.47758566376051453,0.08518518518518517,0.0810699588477366,0.0316872427983539,0.00987654320987652,0.006172839506172811,0.004115226337448541,0.0028806584362139785,0.012345679012345656,0.0020576131687242705,-0.0004115226337448541,-0.0012345679012345622,0.003292181069958833
