,random_seed,accuracy,f1_weighted,balanced_acc,auc,model_weights.random_forest,model_weights.bagging_svc,model_weights.bagging_knn,model_weights.gradient_boosting,model_weights.mlp,feature_importance.fronttop_temperature_scaled,feature_importance.fronttop_CO2_scaled,feature_importance.fronttop_humidity_scaled,feature_importance.fronttop_temperature_fd3_scaled,feature_importance.fronttop_humidity_fd3_scaled,feature_importance.fronttop_temperature_fd1_scaled,feature_importance.fronttop_humidity_fd2_scaled,feature_importance.fronttop_CO2_fd3_scaled,feature_importance.fronttop_temperature_fd2_scaled,feature_importance.fronttop_humidity_fd1_scaled,feature_importance.fronttop_CO2_fd2_scaled,feature_importance.fronttop_CO2_fd1_scaled
0,0,0.9465020576131687,0.9462657030673646,0.9366576819407009,0.9903414195867026,1.9430669355232195,0.648346942886654,2.0423178942768554,1.5875138239553663,1.226948627560066,0.07901234567901236,0.05925925925925927,0.034979423868312785,0.012757201646090566,0.009465020576131734,0.009465020576131722,0.009465020576131722,0.00823045267489716,0.006172839506172856,0.00534979423868317,0.0037037037037037203,0.0012345679012345846
1,1,0.9588477366255144,0.9590714235373787,0.9600527108433735,0.9893072289156627,2.570062100198635,0.7099498562707245,2.3708649503379258,1.3861775515023593,0.4637501771647579,0.10864197530864197,0.09176954732510285,0.05020576131687241,0.011111111111111072,0.01851851851851849,0.005349794238683103,0.009465020576131643,0.004526748971193395,0.009465020576131643,0.015226337448559635,0.003703703703703687,0.004115226337448541
2,2,0.9259259259259259,0.9268697145172815,0.9347874388979411,0.9755591764183085,2.326939447752752,0.6994476475385489,2.289254480579085,1.692614596824262,0.8543761649483126,0.07325102880658435,0.06049382716049384,0.028395061728395076,0.003292181069958855,0.005761316872427991,0.0028806584362139785,0.004115226337448541,0.00781893004115226,-0.0008230452674897082,-0.0024691358024691245,-0.003292181069958833,-0.00781893004115224
3,3,0.9588477366255144,0.9593099138871326,0.9661426380368099,0.9901073619631902,2.6765257292209452,0.5535589070779396,2.3558697869803713,0.9342760373640431,1.105223428560958,0.08641975308641972,0.088477366255144,0.04938271604938269,0.02222222222222219,0.0008230452674896971,0.0127572016460905,0.022633744855967065,0.018106995884773602,0.0164609053497942,0.02304526748971193,0.008641975308641924,0.0024691358024691245
4,4,0.934156378600823,0.935120984808875,0.929290679023347,0.9849402958474426,1.5138793951374123,1.3599222963368318,1.8433451629730166,1.5969835161866124,1.209786875689146,0.0987654320987654,0.05102880658436212,0.029218106995884764,0.005349794238683092,-0.006172839506172867,-0.008641975308642025,-0.0008230452674897303,-0.003703703703703731,-0.006172839506172867,0.007818930041152227,-0.0024691358024691245,-0.0012345679012345733
5,5,0.9382716049382716,0.9387568893048469,0.9417550839964632,0.9800324196875921,2.2679830759112787,0.8672745847465628,1.9382834095386143,1.3809293771543765,1.104481486919488,0.1403292181069958,0.0753086419753086,0.047736625514403254,0.009053497942386779,0.004115226337448518,0.0008230452674896971,0.005761316872427957,0.000823045267489686,0.006172839506172811,0.006584362139917655,-0.0012345679012345956,-0.0004115226337448985
6,6,0.9629629629629629,0.9633692555431687,0.9694101079643248,0.9922547332185887,3.003377799361781,0.2712158777596146,1.322408972382969,0.9364055131126282,1.904108522096438,0.09876543209876537,0.09629629629629625,0.041975308641975226,0.01893004115226332,0.006995884773662519,0.011934156378600768,0.005761316872427957,0.012345679012345623,0.013580246913580184,0.002057613168724259,0.0016460905349793941,-3.3306690738754695e-17
7,7,0.9382716049382716,0.9386084051169221,0.9328322405245482,0.9808092115784424,2.21012597988869,0.3278617645031245,2.358107628334414,1.3915679072658727,1.189756158161919,0.057613168724279795,0.06008230452674894,0.033333333333333284,0.016872427983539016,0.005761316872427935,0.0032921810699588104,0.0008230452674896748,-0.0032921810699588884,0.006584362139917655,0.0061728395061728,-0.004115226337448619,-0.0061728395061729
8,8,0.9547325102880658,0.9550625560961479,0.9595432657230409,0.9931416897709032,2.651399836516183,0.7186281892491413,2.0119679801404393,1.3008036339537368,0.7932118911910804,0.0810699588477366,0.08477366255144031,0.05514403292181069,0.015226337448559658,0.004526748971193395,0.005349794238683103,0.006584362139917666,0.0,0.0012345679012345622,0.003292181069958833,0.006995884773662531,0.004526748971193395
9,9,0.9135802469135802,0.9139991067173572,0.9059440559440559,0.9785547785547786,2.3792415253348373,0.7648869627145505,1.8768560947730655,1.3982059430853921,1.4339217515064624,0.08106995884773657,0.04444444444444441,0.02716049382716045,-0.0020576131687243373,-0.008641975308642025,-0.0032921810699588993,-0.0028806584362140453,0.009876543209876498,-0.007818930041152328,-0.0032921810699589106,-0.0012345679012346177,-0.0032921810699588993
10,10,0.9423868312757202,0.9422302504374152,0.9343800918382461,0.986594578580951,1.6560724952005634,0.5936673803124536,2.212121020832982,2.5314324494144445,0.683258775294815,0.08888888888888893,0.07489711934156384,0.017283950617283984,-0.0032921810699588216,0.0008230452674897415,0.0004115226337448985,-0.0028806584362139676,-0.0037037037037036757,-0.0061728395061728,2.2204460492503132e-17,-0.004115226337448541,-0.0024691358024691024
11,11,0.9547325102880658,0.9547760576567159,0.9532700271312294,0.9874339568756247,1.8056714010796635,0.18052343798884568,2.061891261725382,1.8759346817316171,1.9421405716927747,0.1362139917695473,0.08353909465020573,0.042798353909464994,0.005761316872427968,0.00864197530864197,-0.008230452674897127,-0.0012345679012345622,0.007407407407407374,-0.0020576131687242705,0.0016460905349794165,0.0008230452674897082,0.004938271604938249
12,12,0.9588477366255144,0.9589488070670866,0.9577807250221043,0.9912319481284999,3.1610035285071145,0.3165929413061751,2.091132428038029,0.6926972374379818,1.3808966225188484,0.13456790123456785,0.08230452674897117,0.0407407407407407,0.010288065843621375,0.004115226337448541,0.00905349794238679,0.0016460905349794165,0.0020576131687242705,0.00905349794238679,0.0008230452674896971,-0.005761316872428024,-0.004938271604938293
13,13,0.9135802469135802,0.9139741905922966,0.9069401840490797,0.9779907975460123,2.9867367511036327,0.8013328061146626,1.587240802872981,1.6400985735155513,0.7527180414344188,0.06172839506172835,0.07818930041152258,0.02633744855967073,0.0028806584362139455,0.004938271604938227,-0.0004115226337448763,0.0012345679012345401,0.0032921810699588104,0.0012345679012345512,-0.001646090534979472,-0.0008230452674897526,-0.0004115226337448874
14,14,0.9547325102880658,0.9552290901083172,0.9599045532780472,0.9902206227507432,1.7538500404089155,1.090902311720047,2.341780834882449,1.9054306787911417,0.8673546879799171,0.10576131687242799,0.05967078189300411,0.018106995884773647,0.0037037037037036978,0.004938271604938249,0.004526748971193395,-0.0008230452674897082,-0.0008230452674897082,0.004938271604938249,-0.0020576131687242705,0.0020576131687242705,-0.003703703703703687
15,15,0.9711934156378601,0.9712294073280139,0.9699381078691424,0.9948423224285293,2.578236280602032,0.6665100792315183,1.492666883444764,1.5096195650286781,1.1936574450866186,0.08395061728395065,0.12345679012345681,0.0432098765432099,0.011934156378600869,0.01028806584362143,0.002880658436214001,0.00823045267489716,0.012345679012345723,0.009465020576131722,0.0032921810699588438,0.0020576131687242817,0.00905349794238689
16,16,0.9465020576131687,0.9464441688046564,0.9420889720702563,0.9935934350705442,2.205188609841013,0.9348240544171557,1.174399802457084,1.4843074097597977,1.5875972585425548,0.09711934156378604,0.09588477366255146,0.03539094650205763,0.016872427983539107,0.011522633744856004,-0.00411522633744853,0.009053497942386867,-0.004115226337448541,-0.003703703703703687,0.0069958847736625975,0.003292181069958866,-0.000823045267489686
17,17,0.934156378600823,0.9339832599102831,0.9258399646330682,0.9860005894488653,1.4448241366702856,0.8639455148707844,1.9610790885836407,2.0520375170361094,1.4395195236528047,0.06748971193415634,0.054320987654320974,0.02633744855967074,-2.2204460492503132e-17,-0.0024691358024691466,-0.0024691358024691466,-0.006172839506172867,0.003703703703703687,-0.00534979423868317,0.004526748971193395,0.0012345679012345622,-0.0008230452674897193
18,18,0.9506172839506173,0.9504959994207305,0.9444403910696046,0.9901502991390632,1.874432431449898,0.8504964315170526,1.3928468372762617,2.5932253709123296,1.2763644006658006,0.12386831275720164,0.11646090534979425,0.03292181069958847,0.011111111111111105,0.012345679012345689,0.0028806584362139785,0.006172839506172834,0.0020576131687242705,0.004526748971193395,0.006995884773662553,0.006172839506172823,0.010288065843621397
19,19,0.9506172839506173,0.9513331102186524,0.9602564102564103,0.9864024864024865,2.2569635727474604,0.21562129580838424,1.9919290610603921,1.5409218056106861,1.3908099541553165,0.08888888888888888,0.062139917695473265,0.030864197530864203,0.005349794238683125,-0.0004115226337448541,0.00781893004115225,-0.000411522633744843,0.008230452674897104,0.005761316872427957,0.004115226337448541,0.0004115226337448541,0.0012345679012345622
20,20,0.9670781893004116,0.9671928052115469,0.9652930980144974,0.9904664355499527,2.3176979639034028,0.019195340465749368,1.8482452317855724,1.9155730921458807,1.6293697242653369,0.12962962962962968,0.08148148148148152,0.03950617283950623,0.005349794238683181,0.013580246913580308,-0.0004115226337448319,0.008230452674897182,0.01399176954732514,-0.0032921810699588104,0.010699588477366318,0.008641975308642047,0.004938271604938338
21,21,0.9423868312757202,0.942599451303155,0.9357908204062051,0.9848872541180234,1.7147152495337177,1.3427947157045064,2.162921111426616,1.196922375251811,1.3787353890736573,0.1004115226337449,0.05679012345679017,0.018518518518518556,0.006995884773662609,0.0020576131687243147,0.0024691358024691913,0.00246913580246918,-0.0004115226337448319,0.0032921810699588993,0.0004115226337448985,-0.003703703703703687,3.3306690738754695e-17
22,22,0.934156378600823,0.9344798040138541,0.9332691453118056,0.983113612798104,2.141140533841432,0.6537678747534384,2.3861313605847245,1.6328358000098222,0.8419952157952563,0.07654320987654319,0.08189300411522629,0.04567901234567897,0.01358024691358023,-0.006172839506172878,0.003292181069958833,0.003703703703703687,0.0127572016460905,-0.0016460905349794275,0.013168724279835353,0.012345679012345645,0.005349794238683103
23,23,0.9753086419753086,0.975475553253331,0.9784509927513394,0.9898361172392057,2.5926125104688613,0.49406175080950426,1.8464722012853558,1.7607661367790919,0.9374237493578307,0.12345679012345678,0.08436213991769549,0.0559670781893004,0.014403292181069982,0.009053497942386846,0.0008230452674897082,0.010288065843621408,0.006995884773662531,0.0012345679012345622,0.011522633744855982,0.006584362139917666,0.004938271604938249
24,24,0.934156378600823,0.9344798040138541,0.9332691453118056,0.9810398459487484,1.912019837550912,0.6253073828470664,1.660747528177034,2.2402346706963847,1.3058860007758875,0.09382716049382712,0.10329218106995881,0.03168724279835389,-0.002880658436214012,0.0028806584362139785,-0.006995884773662586,-1.1102230246251566e-17,0.0020576131687242705,-0.0004115226337448652,0.003292181069958833,0.0024691358024691245,-0.006995884773662586
25,25,0.9753086419753086,0.9754384809932137,0.9783243486073675,0.9928122192273137,2.2061467984633985,0.3735184784824848,1.9880795963544917,2.207084604359208,0.6705632239521552,0.10658436213991769,0.11358024691358024,0.04814814814814815,0.0065843621399176875,0.018930041152263398,-0.0028806584362139785,0.007407407407407407,0.013991769547325127,0.005349794238683115,-0.0008230452674897082,0.00864197530864198,0.004526748971193395
26,26,0.9423868312757202,0.9432621312963193,0.9467795210569777,0.9834847233691164,1.8993576901653637,1.1413924803884996,1.314527331944353,1.5781686398033088,1.6864702953802393,0.11316872427983546,0.07325102880658442,0.044444444444444495,0.01316872427983543,0.006584362139917754,3.3306690738754695e-17,0.007818930041152328,0.009876543209876609,0.006995884773662619,0.005761316872428058,0.0008230452674897526,0.005761316872428035
27,27,0.9135802469135802,0.9143661139970982,0.9069701853344078,0.9716357775987108,2.196818355465585,1.138783363602377,1.6855877699771868,0.7247712736593547,1.8251455405941057,0.06090534979423863,0.07201646090534973,0.04814814814814809,0.0057613168724279466,-0.005349794238683181,-0.0037037037037037533,-0.004938271604938327,0.006172839506172811,-0.0024691358024691913,-0.006995884773662619,0.0004115226337448319,-0.004526748971193473
28,28,0.9629629629629629,0.9630158005132194,0.9602786144578312,0.9943524096385542,2.5953108105461586,0.4683022658914441,1.6554556522381088,1.2878561414090766,1.6374827637884064,0.06995884773662547,0.09218106995884769,0.0275720164609053,0.006584362139917655,-0.0061728395061729,0.0016460905349794165,0.009465020576131643,0.007407407407407374,-0.002880658436214034,0.006995884773662519,0.001234567901234529,0.0016460905349794052
29,29,0.9382716049382716,0.9383285731970915,0.936130867709815,0.9771692745376955,2.366062280040082,1.231368964164874,1.892422093960671,2.0246331807597744,0.23133594222883275,0.12057613168724272,0.08477366255144028,0.04238683127572011,0.0020576131687242262,0.02551440329218104,-0.003703703703703731,0.012345679012345633,0.0032921810699588216,-0.0004115226337448874,0.007407407407407374,-0.0004115226337448985,-0.0024691358024691913
30,30,0.9465020576131687,0.9472111212505813,0.9538461538461538,0.992929292929293,2.2551491211727805,0.41197669198896186,1.7649117954521467,1.6083688150099862,1.2317459852618184,0.09012345679012349,0.08765432098765435,0.03251028806584364,0.01316872427983542,0.0008230452674897193,-0.004938271604938249,0.0012345679012345622,-0.0028806584362139785,0.0008230452674897193,-0.000411522633744843,-0.0008230452674897082,0.0004115226337448652
31,31,0.9588477366255144,0.9591603437757283,0.9586988304093567,0.9777452891487979,2.311553079441833,0.8561064010015376,1.9768635729768202,1.7149224130401206,0.724595329661529,0.11069958847736623,0.0699588477366255,0.04444444444444442,0.0193415637860082,0.0020576131687242705,0.000411522633744843,-0.0016460905349794275,0.004115226337448541,-0.0004115226337448652,0.0020576131687242705,0.0,-0.0032921810699588438
32,32,0.9259259259259259,0.9265498652291104,0.9259259259259259,0.9810242341106539,2.353214985511879,1.3012735322618492,1.7982523691720211,0.776113720121903,1.5491377458696076,0.06296296296296298,0.06008230452674899,0.027572016460905367,0.0028806584362139898,0.0008230452674897193,0.0004115226337448652,0.009053497942386824,0.0008230452674897082,0.0016460905349794165,1.1102230246251566e-17,0.0008230452674897082,-0.003292181069958833
33,33,0.9423868312757202,0.9428261889947713,0.944743935309973,0.9916891284815813,2.076174636285685,0.6255634050164719,2.2240176517774843,1.81768356458162,1.1727561350631126,0.1135802469135803,0.05720164609053503,0.02551440329218111,-0.005349794238683092,-0.004115226337448541,-0.0024691358024691245,-0.0008230452674896748,0.005761316872428058,-0.0008230452674896971,-0.0012345679012345512,0.0008230452674897415,-0.007407407407407374
34,34,0.9423868312757202,0.9423868312757202,0.9376466275659824,0.9866568914956012,2.921889448845565,1.2882741516384049,1.2060922116332677,1.4291702940382747,0.8784297922622937,0.11440329218107,0.08312757201646095,0.05432098765432105,0.00246913580246918,0.010699588477366306,0.005761316872428046,0.016460905349794275,0.0016460905349794607,0.0028806584362140453,0.017283950617283984,0.006995884773662609,0.0012345679012346067
35,35,0.9300411522633745,0.930463261486732,0.9300844319360095,0.9793363946082062,1.453219066451574,1.3589939328386627,2.228380982821965,1.328691101561104,1.283670858277529,0.1419753086419753,0.05308641975308641,0.036213991769547316,0.0057613168724279795,0.00781893004115224,-0.0057613168724279795,0.01358024691358024,-0.0020576131687242705,0.0016460905349794165,0.009053497942386812,0.003292181069958833,0.004115226337448541
36,36,0.934156378600823,0.9343125085946559,0.9311950146627566,0.9904692082111437,2.32893573331107,0.7287312024923484,1.300507850181072,1.5165840001596445,1.4163673999086352,0.139917695473251,0.06008230452674894,0.02798353909465019,0.00411522633744853,0.0032921810699588216,-0.0016460905349794165,0.008641975308641936,0.0028806584362139785,0.0008230452674896971,0.000411522633744843,-0.0004115226337448763,0.0016460905349794165
37,37,0.9382716049382716,0.9386310591340343,0.9392130857648099,0.9860005894488653,2.4536501400221082,0.7881254103684844,1.6048155180204786,2.036350683497483,0.6204083348950526,0.10370370370370363,0.07818930041152258,0.031687242798353873,0.008641975308641936,0.000823045267489686,0.002057613168724259,0.0016460905349793941,0.006584362139917666,0.0024691358024691245,0.008641975308641936,-0.002057613168724326,-0.0037037037037037646
38,38,0.9547325102880658,0.9550056397855324,0.9570804325285143,0.9930380684343061,2.611018001183498,0.28877392869000296,2.032583366277633,1.217819306572553,1.7367900250292607,0.1168724279835391,0.10905349794238679,0.028806584362139898,-0.0016460905349794165,-0.003703703703703709,0.005349794238683103,-0.0012345679012345622,0.0008230452674897193,0.0004115226337448541,-0.0028806584362139898,0.005349794238683115,-0.004526748971193406
39,39,0.9300411522633745,0.930134664507634,0.9244601638123604,0.9721518987341772,2.2497135868425415,1.0594664225040014,1.4242642671065857,1.5924812541650482,1.330362590022565,0.11234567901234567,0.060905349794238686,0.03456790123456788,0.004938271604938249,-0.0032921810699588438,-0.00864197530864197,-0.0065843621399176875,0.0074074074074073955,-0.0012345679012345733,-0.0024691358024691358,-0.004115226337448541,-0.003703703703703687
40,40,0.9465020576131687,0.9471070773297355,0.9503230381342578,0.9867633154743145,2.475857634271851,0.49032617030082015,1.742124680350518,1.4566659333195167,1.3548118911611624,0.10617283950617287,0.05308641975308644,0.03744855967078191,0.006172839506172867,0.004115226337448585,0.00823045267489716,0.0012345679012345733,0.011522633744856015,0.0041152263374485635,-0.005349794238683103,0.004938271604938283,0.0032921810699588438
41,41,0.9629629629629629,0.9631558468767771,0.9660130718954248,0.9917937545388525,2.390516614596751,0.8555659501005847,1.3615699885690375,1.529900215563411,1.1368609509394494,0.09547325102880654,0.09958847736625509,0.04691358024691354,0.013168724279835332,0.004526748971193395,0.007407407407407374,0.003292181069958833,0.009876543209876498,0.00905349794238679,0.008230452674897082,0.0032921810699588216,-0.006172839506172911
42,42,0.9588477366255144,0.9589827297710389,0.9561771561771562,0.9925407925407925,2.467459804606595,0.24761618335886698,1.9735049253572547,2.213891756231289,1.0969346632499721,0.11646090534979421,0.0818930041152263,0.02633744855967076,0.012757201646090488,0.009876543209876498,0.0020576131687242705,0.010699588477366217,-0.002469135802469158,0.004115226337448541,0.008641975308641936,-0.0028806584362139785,0.0008230452674896971
43,43,0.9259259259259259,0.9267460317460319,0.9232456140350878,0.9776640675763482,2.76791655606602,0.7421397771026422,2.7122007354804403,0.6429027559571449,0.949362774124774,0.08395061728395065,0.03950617283950618,0.029218106995884775,0.011934156378600836,0.0020576131687242817,-0.008230452674897092,0.0016460905349794165,-0.006995884773662519,-0.0020576131687242705,0.0004115226337448541,-0.008230452674897082,-0.011522633744855914
44,44,0.9629629629629629,0.9631265930331352,0.9629629629629629,0.9933699131229996,1.8679825261834402,0.6548340342335638,2.0982648559940564,1.8176022887067906,1.1536891672014746,0.11934156378600817,0.06172839506172835,0.03580246913580244,0.0004115226337448319,-0.0008230452674897748,-0.010699588477366318,0.006995884773662508,0.0004115226337448208,-0.008230452674897193,0.0028806584362139455,0.004115226337448541,-0.006995884773662619
45,45,0.934156378600823,0.9343595996545241,0.9286426380368098,0.9807515337423313,2.0698751074212556,1.124090302311419,1.586674482692897,1.3650291491539328,1.2831897975843392,0.11851851851851847,0.05637860082304523,0.039094650205761285,0.0020576131687242484,0.014814814814814791,-0.007407407407407451,0.0016460905349794165,0.0012345679012345622,-0.008641975308642002,0.003703703703703687,-0.0016460905349794165,-0.0024691358024691466
46,46,0.9465020576131687,0.9470363039546512,0.9505751533742332,0.9827453987730062,2.0785739554243925,0.7446057262711754,1.2372507559111894,2.700303642023578,0.7617125535418301,0.09670781893004118,0.08971193415637863,0.05185185185185187,0.011111111111111138,0.006172839506172856,0.00823045267489716,0.0024691358024691358,0.004938271604938283,0.0028806584362139785,0.009465020576131722,0.008230452674897148,0.005761316872428024
47,47,0.9506172839506173,0.9507471229685224,0.9484363365599404,0.9867460908413999,1.990693370776675,0.5530902726937148,1.4585925561936472,1.7233812688526085,1.4924559360668601,0.07860082304526747,0.08724279835390945,0.044444444444444474,0.0004115226337448541,0.012345679012345678,0.0008230452674897082,0.009053497942386824,0.0008230452674897082,0.003292181069958833,2.2204460492503132e-17,-0.003703703703703687,0.004115226337448552
48,48,0.9382716049382716,0.9387552865813735,0.9376456876456877,0.9823620823620823,1.5770325353973114,0.7193081542179192,1.6241046055006099,2.2987665397011923,0.9890926983550319,0.10370370370370367,0.05514403292181064,0.02633744855967074,-0.006584362139917754,0.005761316872427957,-0.0016460905349794496,0.0037037037037036757,-0.0032921810699588884,-0.007407407407407474,-0.0028806584362140453,-0.0012345679012346067,-0.001646090534979472
49,49,0.9423868312757202,0.9423868312757202,0.9347776073619631,0.9922546012269938,2.4327541999862503,0.6431870345017133,1.7846822793084887,1.6985022836154597,1.1686050241563337,0.06954732510288071,0.06049382716049386,0.029629629629629683,-0.001234567901234529,0.0008230452674897526,-0.0016460905349793941,-0.004526748971193395,-0.004115226337448518,-0.005761316872427957,0.005349794238683181,0.0012345679012345956,-0.0008230452674897082
50,50,0.934156378600823,0.9347808985761545,0.9384959046909903,0.9788533134772897,2.4769067286130184,0.9855102799985298,1.9157815941543634,1.4558244232496083,0.8660395767353254,0.12057613168724277,0.07325102880658432,0.02798353909465019,0.013168724279835365,-0.0016460905349794275,-0.0008230452674897082,-0.0024691358024691466,-0.006172839506172867,0.0012345679012345622,0.0008230452674897082,-0.0004115226337448541,-0.0008230452674897082
51,51,0.9423868312757202,0.9423868312757202,0.9343547391170114,0.9875733251003397,1.8049364854747967,1.1955641901273493,1.03191571992516,2.0490989274396383,1.2923459300056142,0.1283950617283951,0.07736625514403297,0.027983539094650244,0.00246913580246918,0.009053497942386902,-0.006172839506172811,0.002057613168724326,0.0032921810699589106,0.0008230452674897526,-0.009053497942386779,0.005349794238683192,0.0008230452674897637
52,52,0.9382716049382716,0.9386841589570634,0.9386295180722892,0.9762048192771084,2.223600857507065,0.838018473992652,1.7041429946572513,1.4720256380572667,1.5960904678157695,0.131275720164609,0.1012345679012345,0.04362139917695468,0.010288065843621352,0.0037037037037036757,0.00041152263374480966,0.00411522633744853,0.0032921810699588104,0.004938271604938249,-0.006172839506172911,-4.4408920985006264e-17,-0.0012345679012345956
53,53,0.934156378600823,0.934575840196981,0.9361958266452648,0.9797898730482999,2.6624369967456687,0.9735577135746618,1.5543645497125813,1.3975144223782194,1.2584279777382867,0.07201646090534976,0.046913580246913555,0.036213991769547295,0.013168724279835332,0.003292181069958833,0.0016460905349794165,0.0012345679012345622,0.0012345679012345622,0.0,-0.003292181069958855,-0.004938271604938293,-0.0024691358024691466
54,54,0.9588477366255144,0.9591017629426408,0.959671194813214,0.994288360605125,2.3883161328396714,0.40600522443131104,1.1116072790381368,1.7219328007239862,1.931456608683022,0.09053497942386828,0.09094650205761315,0.03950617283950615,0.012345679012345645,-0.0037037037037037203,0.0024691358024691245,-0.011522633744856015,-0.0020576131687242817,0.004526748971193395,-0.006172839506172856,0.0016460905349794052,-0.0049382716049383045
55,55,0.9423868312757202,0.9428879096633448,0.9443251533742332,0.975920245398773,2.7086410446971856,0.8695006596026831,2.090961952409496,1.2643758884476668,0.9728191609051241,0.11111111111111116,0.06090534979423874,0.054320987654321015,0.016460905349794275,0.023868312757201672,0.016049382716049422,0.015637860082304566,0.012757201646090576,0.01193415637860088,0.00905349794238688,0.012345679012345734,0.010288065843621463
56,56,0.934156378600823,0.9345628207082255,0.9315375115776474,0.9775393640012349,2.1656868286101347,1.1221699336943327,2.1229330573362675,1.6102813452865163,0.5551605437187196,0.0810699588477366,0.054732510288065805,0.03744855967078185,0.008641975308641947,0.008230452674897082,0.0008230452674896971,-0.002880658436214012,0.014403292181069916,0.0020576131687242705,-0.0008230452674897193,0.005761316872427957,0.005349794238683103
57,57,0.9629629629629629,0.9632187579287796,0.9660657476139979,0.9919709134979549,2.601365598387247,0.7187452179161672,1.344846828656143,1.2373139788498326,1.2340301365913309,0.1218106995884773,0.08065843621399174,0.04609053497942382,0.011522633744855926,-0.0032921810699589106,0.0008230452674896971,-0.004526748971193484,0.009876543209876498,0.000823045267489686,0.005349794238683092,-0.0020576131687243147,-0.006995884773662619
58,58,0.9300411522633745,0.9301474545258852,0.9228395061728395,0.9863587867703093,1.7456790936013353,0.5641544558588798,1.4350800861221802,2.127452359515352,1.739358621452783,0.08888888888888888,0.08436213991769545,0.034156378600823024,-0.0004115226337448763,0.0004115226337448541,-0.006172839506172834,0.0024691358024691245,0.005349794238683103,-0.007407407407407385,-0.013991769547325117,-0.0024691358024691245,-0.0024691358024691245
59,59,0.9423868312757202,0.9425592082007777,0.9382716049382716,0.9825483920134126,2.83039151751253,0.11332461528968894,1.5019316855523372,1.683600101605292,1.60626588025108,0.11893004115226342,0.09259259259259264,0.04526748971193421,0.020576131687242837,0.017283950617283994,0.019341563786008254,0.014403292181069994,0.00905349794238688,0.014814814814814859,0.011522633744856025,0.010288065843621463,0.010288065843621463
60,60,0.9588477366255144,0.9588477366255144,0.9542545180722892,0.9899849397590361,1.9442710337502613,0.8925208184039338,1.3197872032029054,2.480050455106749,0.8769924206278696,0.10576131687242796,0.09094650205761312,0.04115226337448556,-0.006584362139917732,0.004526748971193395,-0.012345679012345734,0.007407407407407374,0.004526748971193395,-0.010699588477366306,0.007818930041152227,0.010288065843621352,0.000411522633744843
61,61,0.934156378600823,0.9345503830009546,0.9318251533742332,0.9868098159509202,2.7568126093080907,0.5598664064530345,2.239037413232641,0.9067351618061286,1.3210626672634758,0.08683127572016458,0.06296296296296293,0.02716049382716047,0.0028806584362139785,0.0012345679012345512,-0.0004115226337448652,-0.0004115226337448652,-0.0024691358024691245,-0.007407407407407462,0.0028806584362139785,-0.0020576131687242926,0.004115226337448541
62,62,0.9259259259259259,0.9268124358262216,0.9285547785547785,0.9866355866355866,1.8587266983330153,0.7979106345645567,2.0715188695158835,2.118995317519572,0.7477635535918402,0.08148148148148147,0.06172839506172841,0.025102880658436223,0.0020576131687242705,-0.007818930041152227,-0.0020576131687242705,0.0012345679012345622,0.0074074074074073955,-0.0004115226337448541,-0.010288065843621352,0.004938271604938249,-0.003703703703703687
63,63,0.9423868312757202,0.9427879869646939,0.9398809523809524,0.9818253968253969,2.5340011868001966,1.2842775324835982,0.9251954861804906,0.8729214652751744,1.9688970333432763,0.09711934156378606,0.08395061728395065,0.041152263374485645,0.023045267489711974,0.006584362139917754,0.0041152263374485964,0.016872427983539127,0.005349794238683192,0.006995884773662619,0.009465020576131754,0.0004115226337448874,0.0012345679012346288
64,64,0.9382716049382716,0.9388009976646563,0.9369047619047619,0.9825396825396825,1.7402908243819635,0.3636421430050348,1.8892292320304622,2.5763339880069576,1.1223877682573904,0.08888888888888885,0.079835390946502,0.03662551440329213,0.007407407407407374,0.0037037037037036757,0.00411522633744853,0.0024691358024691136,-0.004115226337448619,0.010288065843621352,-0.0008230452674897415,-0.0008230452674897415,-0.0008230452674897303
65,65,0.9588477366255144,0.9592661725484203,0.9658509036144578,0.9925451807228916,2.5162182650004703,0.9983909058376378,1.8969885554373318,0.9973264390167034,1.2518147720964923,0.14444444444444443,0.082716049382716,0.04855967078189298,0.0032921810699588104,0.006584362139917676,0.015226337448559613,0.006995884773662519,0.012757201646090477,0.008641975308641936,0.0012345679012345622,0.0024691358024691245,0.0016460905349794165
66,66,0.9629629629629629,0.9631484362942163,0.9659846732215154,0.9924089068825912,2.5118238321267405,0.5509852160528412,1.7491062830091295,1.5575917052229233,1.3341357005427343,0.12510288065843617,0.08024691358024685,0.05432098765432094,0.012757201646090477,0.006584362139917655,0.0057613168724279466,0.0032921810699588216,0.004526748971193395,0.006584362139917666,0.002057613168724259,0.007818930041152227,0.00905349794238679
67,67,0.9547325102880658,0.9547930182108221,0.9516008935219658,0.9939687267311987,2.775406133685156,0.6319073264620476,1.8539889725154923,1.5351570268118564,0.8221995662639376,0.06748971193415637,0.0448559670781893,0.013991769547325072,0.0016460905349794165,-0.0012345679012345622,-0.0008230452674897082,-0.005349794238683103,0.006995884773662531,-0.0012345679012345622,-0.0008230452674897082,-0.006172839506172811,-0.009876543209876553
68,68,0.9259259259259259,0.9267578449968387,0.9288726993865031,0.9773773006134969,3.1416372091717597,1.1937351426533591,1.5542784624557826,0.748105578759321,1.0259452475888293,0.139917695473251,0.08436213991769546,0.04691358024691359,0.015226337448559678,-0.003703703703703687,-0.005761316872427957,-0.0020576131687242705,-0.00864197530864197,0.0028806584362139785,0.0016460905349794275,-0.003292181069958833,-0.0020576131687242705
69,69,0.9382716049382716,0.9386841589570634,0.9386295180722892,0.9857680722891566,2.997742701689174,0.7276183872832219,1.5483894994263763,1.0684020385525315,1.025244059112361,0.05061728395061723,0.08271604938271601,0.04115226337448554,0.013580246913580207,0.005761316872427957,-3.3306690738754695e-17,-0.00905349794238689,0.009053497942386779,0.000411522633744843,-0.001646090534979483,0.0032921810699588104,0.006995884773662498
70,70,0.9218106995884774,0.9223864350205644,0.9194401840490798,0.9826687116564418,1.9059100138014635,0.8174466982953668,1.5991071362767044,2.37460113633786,0.8526547569995486,0.08353909465020577,0.06954732510288067,0.032098765432098775,-0.006172839506172823,-0.012345679012345645,-0.009876543209876498,0.0004115226337448541,-0.005349794238683103,-0.00905349794238679,0.0020576131687242926,-0.005349794238683103,-0.004938271604938249
71,71,0.9465020576131687,0.9470535515533786,0.9505248533497993,0.9889626427909849,2.462880946300921,0.8068723942539385,2.1021236888586445,1.1231295226474791,1.1033068827680101,0.11234567901234574,0.05349794238683131,0.04156378600823048,0.018518518518518545,0.002880658436214001,0.003292181069958866,0.011111111111111138,0.009876543209876586,0.005349794238683148,0.005349794238683159,0.004526748971193417,0.00452674897119344
72,72,0.9094650205761317,0.9105384142837326,0.9139712488769093,0.9515573525007488,2.222302149508403,-0.17592764070299427,2.3452929308669965,1.441007222860129,2.2787883134206086,0.07366255144032918,0.04938271604938268,0.031275720164609014,0.017283950617283928,0.016872427983539072,0.007407407407407374,0.011522633744855926,0.008230452674897082,0.004115226337448541,-0.0008230452674897193,-0.0016460905349794275,0.003292181069958833
73,73,0.9382716049382716,0.9381748686096514,0.9290123456790124,0.986816034141137,2.0151166077918647,-0.01659288982985391,2.090362134435914,1.7674139184857027,1.6100047586164077,0.13086419753086415,0.09465020576131682,0.034567901234567856,0.002057613168724237,0.013168724279835332,0.011522633744855914,0.009876543209876498,0.008230452674897082,0.006172839506172811,0.005761316872427957,0.006584362139917666,0.0008230452674896971
74,74,0.9465020576131687,0.946575953936627,0.9422731356693621,0.9879454926624738,1.7716956579392857,0.7862005337392974,3.1282599303538787,1.7293270698419534,0.42737640094868934,0.09341563786008233,0.07818930041152265,0.05473251028806585,0.002880658436214001,0.00905349794238688,-0.004526748971193395,0.007818930041152305,0.0037037037037037203,0.0020576131687242705,0.008641975308642014,0.0020576131687242705,0.00823045267489716
75,75,0.9465020576131687,0.9470026231559695,0.9506514164520528,0.9930313588850174,2.581002888334518,0.7862275872303434,2.0186032499408246,1.0711884510164045,1.3470934816705316,0.1345679012345679,0.07860082304526751,0.022222222222222244,-0.000411522633744843,0.00452674897119344,0.0008230452674897193,-0.003292181069958833,-0.0008230452674897082,0.0004115226337448541,-0.004526748971193395,-0.003292181069958833,-0.007818930041152227
76,76,0.9465020576131687,0.9467459275095169,0.9442101226993864,0.9884969325153374,1.5814849516695477,0.901125982915981,1.0862640880401415,2.384295772526159,1.5271965853462377,0.14320987654320988,0.09218106995884776,0.0349794238683128,0.013580246913580295,0.01316872427983543,0.004115226337448574,0.010288065843621453,0.006995884773662586,0.0004115226337448652,0.005761316872428002,0.00823045267489716,-0.0024691358024691245
77,77,0.9094650205761317,0.9107076575486162,0.9167789757412399,0.9719976040730758,2.068663873377602,1.1354180911682006,2.1200440598265216,1.0582423968524601,1.1853593694764746,0.12551440329218103,0.049794238683127524,0.032921810699588425,0.006584362139917666,-2.2204460492503132e-17,0.006995884773662519,0.0004115226337448541,0.0004115226337448319,0.0028806584362139785,0.004526748971193395,-0.0012345679012345846,-0.0012345679012345956
78,78,0.9588477366255144,0.9588477366255144,0.9539842448113922,0.9920466595970308,2.2705532985971755,0.547872856534455,1.4339650725027506,1.4256168859674334,1.6136278629555383,0.13497942386831271,0.0567901234567901,0.03209876543209874,0.0164609053497942,0.004938271604938249,0.009876543209876498,-0.009465020576131722,0.008641975308641936,0.0008230452674897082,0.0024691358024691245,-0.0028806584362139785,-0.004526748971193428
79,79,0.9547325102880658,0.9553137233408874,0.9631830811979005,0.9834053720284038,2.672447499340763,0.8012106858261231,1.7591069430045037,1.1438871556743844,1.2939770773248498,0.12304526748971192,0.09711934156378597,0.02716049382716048,0.013991769547325084,0.008230452674897082,0.008230452674897092,0.005349794238683103,0.010288065843621352,0.006172839506172811,0.005761316872427957,0.0,0.006172839506172811
80,80,0.9423868312757202,0.9423868312757202,0.9390322580645161,0.9891756272401433,2.905012018497226,0.64554384395085,1.8477060626577264,1.0623709762294327,1.6322090026142264,0.10946502057613175,0.08312757201646095,0.03004115226337454,0.007818930041152316,0.004938271604938338,-0.0024691358024691245,-0.0012345679012345401,-0.003292181069958833,-0.001646090534979383,-0.004526748971193384,-0.010288065843621352,-0.0008230452674896748
81,81,0.9259259259259259,0.9267699652315037,0.9228627579430069,0.9805109728136259,1.7216169156596703,0.883042649135024,2.1650139459133295,1.3012199739943764,1.5209136167805088,0.07572016460905351,0.05185185185185186,0.0411522633744856,0.016049382716049398,0.006584362139917699,0.007818930041152273,1.1102230246251566e-17,0.007818930041152283,0.010699588477366273,-0.0004115226337448541,0.003703703703703687,0.0012345679012345733
82,82,0.9506172839506173,0.9503830889598679,0.9428860613071139,0.9879265471370734,2.8251184930434006,0.6320149482456406,1.3621195644347477,1.7872919609571234,0.9320378283971792,0.12510288065843622,0.10617283950617282,0.05102880658436214,0.021399176954732525,0.005761316872427991,0.006995884773662531,-0.013168724279835398,-0.004115226337448541,0.01152263374485597,-0.010288065843621397,0.002880658436214001,-0.0024691358024691245
83,83,0.9547325102880658,0.9549961100316252,0.9571175950486295,0.986221632773357,1.8128639318909558,0.8267860163607453,1.705392495535167,2.030973725554201,1.2280134152864326,0.1213991769547325,0.07530864197530864,0.039917695473251025,0.010288065843621375,0.0,0.008230452674897082,0.004115226337448541,0.0012345679012345622,0.0016460905349794165,-0.0020576131687242705,0.0016460905349794165,0.0004115226337448541
84,84,0.9711934156378601,0.9713207679533835,0.9745466228759103,0.9893617021276595,3.3113893156079106,1.0256325163189615,1.624178560936294,1.5785942045838575,-0.09063251473448448,0.09835390946502061,0.09259259259259259,0.04032921810699591,0.014814814814814859,0.01111111111111115,0.008641975308642035,0.008641975308642002,0.005349794238683148,0.011111111111111172,0.007818930041152305,0.003703703703703687,0.0028806584362139898
85,85,0.9465020576131687,0.9469474163576045,0.9467381027418846,0.9851087299086039,1.910670552640282,0.5600990069072495,2.263645211089917,1.4480470468358861,1.5048530791331196,0.08518518518518521,0.0740740740740741,0.04773662551440331,0.020576131687242816,0.005349794238683159,-0.003703703703703687,0.005349794238683148,0.0041152263374485635,0.006584362139917732,0.0024691358024691245,0.004115226337448585,0.013580246913580285
86,86,0.9423868312757202,0.9423868312757202,0.931992643531105,0.9896849512234127,2.047326312417756,0.7092378713206854,1.4555899099413405,1.495555699333753,1.7205761205145427,0.05390946502057616,0.09341563786008232,0.04238683127572022,0.010699588477366318,0.00534979423868317,-0.007818930041152227,0.004115226337448619,-0.0020576131687242484,-0.0004115226337448319,-0.011111111111111061,-0.0008230452674896748,0.0024691358024691913
87,87,0.9382716049382716,0.9383774834835487,0.9304490690032858,0.9838053512752308,3.1144273354257175,0.2991214300338446,2.609131625589494,0.2895381375323063,1.6895247278186847,0.09094650205761312,0.0687242798353909,0.023868312757201603,0.008641975308641936,0.004115226337448518,0.0028806584362139564,0.006172839506172811,0.0016460905349793941,0.010699588477366207,0.0032921810699587995,-0.0028806584362140453,0.0028806584362139564
88,88,0.9506172839506173,0.9507604492042243,0.9477730646871686,0.990380245417361,2.3498869184654367,1.1196799383177258,1.4932028211428927,1.6978472188032796,0.7999119125698329,0.10370370370370367,0.07613168724279837,0.026337448559670795,-0.0012345679012345512,-0.0028806584362139785,0.0008230452674897082,0.0004115226337448541,0.004526748971193406,0.0049382716049382715,0.004526748971193395,-0.0004115226337448541,0.0028806584362139898
89,89,0.9465020576131687,0.9467692728598301,0.9434360819902988,0.9863871068690345,1.1129873713956233,1.0475068435115995,1.719298649934086,1.7773119173323655,2.0516046469784093,0.12921810699588482,0.054732510288065875,0.03168724279835393,0.019753086419753107,0.0049382716049383045,0.00452674897119344,0.005761316872428002,0.011522633744856015,0.004526748971193428,0.004526748971193428,0.0016460905349794386,0.0004115226337448763
90,90,0.9382716049382716,0.9391525582001773,0.9391596638655462,0.988655462184874,2.3216587210147375,0.19106253867161188,2.142928019620899,1.9789960152629353,1.3146176792228081,0.08724279835390943,0.0563786008230452,0.03456790123456786,0.005761316872427957,-0.005349794238683192,-0.007407407407407451,-0.0028806584362140453,-0.00823045267489717,0.003292181069958833,0.006172839506172811,0.0028806584362139564,-0.0024691358024691913
91,91,0.9423868312757202,0.9425861707240673,0.9432788051209103,0.9814366998577525,1.628078966874145,0.9579828176681707,1.7395038379553058,1.621122063301631,1.4083137981688352,0.12716049382716052,0.06584362139917699,0.02716049382716056,-0.002469135802469091,0.015226337448559713,0.0012345679012345956,0.006995884773662619,0.007407407407407462,0.004115226337448608,0.00246913580246918,0.002880658436214034,0.002880658436214034
92,92,0.9547325102880658,0.954979497085743,0.9522629138013754,0.9854469854469854,2.8008404762586725,0.5098636771736853,0.5568787976075461,1.7346555561885166,2.106685153895603,0.11604938271604934,0.09341563786008229,0.044855967078189306,0.02139917695473248,0.005761316872427968,0.008230452674897092,0.008230452674897082,0.0020576131687242705,0.005761316872427957,0.007407407407407374,0.006584362139917666,0.0004115226337448541
93,93,0.9588477366255144,0.9595284406217187,0.966969131614654,0.9854986431478968,2.0175734432580743,1.1926549181924804,2.0926429969994924,1.3093364164656058,0.9753499499087757,0.15802469135802463,0.06172839506172837,0.05308641975308641,0.015226337448559635,0.006995884773662519,0.006172839506172811,0.01193415637860078,0.009876543209876498,0.009876543209876498,0.018930041152263342,0.008230452674897082,0.008230452674897082
94,94,0.9300411522633745,0.9299445186096215,0.9217423678332093,0.9837676842889055,2.100570956247561,1.2783843277408775,1.4640888022014462,1.4974738569513442,1.1047701012758486,0.07530864197530864,0.06790123456790123,0.0493827160493827,0.02016460905349794,0.011522633744855949,0.004938271604938249,0.015226337448559668,0.011522633744855959,0.010288065843621385,-0.0020576131687242705,0.0020576131687242705,-0.010288065843621408
95,95,0.9629629629629629,0.9632531719488242,0.965967365967366,0.9967365967365968,2.950211900187686,0.7305530738954127,1.4824559664623926,1.2531620528535796,1.2855591036765934,0.10699588477366251,0.06666666666666662,0.028806584362139863,0.00905349794238679,0.0004115226337447986,-0.0061728395061729,0.0037037037037036757,-0.001646090534979472,-0.0008230452674897526,-0.0004115226337448874,-0.0008230452674897415,-0.0037037037037037533
96,96,0.934156378600823,0.934156378600823,0.9222773068926915,0.9827282904205982,1.9790280508322364,0.64364929617224,1.4635545276227488,1.8860304435050275,1.6246253264855022,0.06707818930041151,0.06090534979423867,0.028806584362139898,0.004938271604938249,0.0024691358024691245,0.003292181069958833,0.003292181069958833,-0.003292181069958855,-0.0012345679012345622,0.0008230452674897082,-0.0028806584362139785,0.003292181069958833
97,97,0.9423868312757202,0.9423868312757202,0.9385121457489879,0.9825766338924233,1.5622709525288385,1.1258123632772,1.8117866532664968,2.0928961567406614,1.1906753833916328,0.0893004115226338,0.07613168724279841,0.038683127572016494,0.007818930041152316,0.005349794238683192,0.008230452674897182,0.0008230452674897637,0.007407407407407462,-0.0004115226337448319,0.006584362139917754,0.0024691358024691913,-0.0016460905349794052
98,98,0.9588477366255144,0.9589787043348734,0.9563908613769682,0.9827878974992281,2.088895170744781,1.2558598358696798,1.3573339316938067,1.7516072781518923,1.1945560283135315,0.10452674897119338,0.07983539094650202,0.049794238683127566,0.018106995884773637,0.018930041152263356,0.006995884773662519,0.01481481481481477,0.010288065843621352,0.004938271604938249,0.011522633744855914,0.009465020576131643,0.005761316872427957
99,99,0.9382716049382716,0.93835411574203,0.9335070737155622,0.9781831720029783,1.741083888301136,1.2071402442055592,1.916968895923497,1.2170581784614543,1.3657798698952148,0.131275720164609,0.09794238683127568,0.06378600823045262,0.004526748971193384,0.011522633744855914,0.010699588477366207,0.007407407407407374,0.011111111111111061,0.005349794238683092,0.0057613168724279466,0.011934156378600768,0.005349794238683103
100,100,0.9465020576131687,0.9467806677109003,0.9483660130718954,0.9929557007988381,2.791841328306861,0.9679437749670388,2.0834275068817574,0.6606626108726614,1.0775494951662068,0.10864197530864197,0.0497942386831276,0.025925925925925943,0.011522633744856025,-0.0016460905349794165,0.0012345679012345846,-0.003292181069958833,-0.008230452674897082,0.0020576131687242705,-0.005349794238683103,-0.0024691358024691245,-0.008230452674897082
101,101,0.9300411522633745,0.9310278628153025,0.934762054837693,0.9795146549007249,2.4062578145590323,0.5333299834457441,1.7920450930270633,1.849378544029144,1.381193737910939,0.13950617283950614,0.0897119341563786,0.037037037037037035,0.012345679012345668,0.009053497942386801,0.0065843621399176875,0.013991769547325072,-0.0008230452674897082,0.004115226337448541,0.005761316872427957,0.0,-0.0004115226337448541
102,102,0.934156378600823,0.9343595996545241,0.9286426380368098,0.9822852760736196,0.9997528251473513,0.8441164544102485,2.5753574174061282,2.1289313159376593,1.0370697186846596,0.091358024691358,0.0465020576131687,0.03497942386831273,0.005761316872427957,0.006584362139917666,-0.00452674897119344,0.0004115226337448541,0.0028806584362139785,-0.0012345679012345622,-0.0004115226337448541,-1.1102230246251566e-17,0.0020576131687242705
103,103,0.9629629629629629,0.9631650430701533,0.9619782504397889,0.9811290580521349,1.762317942295147,1.0296795721432324,1.9163034454624726,2.0644728048721674,1.1076920574817475,0.12345679012345676,0.10082304526748968,0.036625514403292134,0.011111111111111061,-0.0004115226337448874,0.003703703703703687,0.003703703703703687,0.007407407407407374,0.0020576131687242705,0.006172839506172811,0.0020576131687242705,0.004526748971193395
104,104,0.9506172839506173,0.951102422070164,0.956648697214735,0.9863731656184487,2.2934065926113956,0.6868117318444699,1.8080661294078113,1.3062869046791565,1.5350125432483357,0.08065843621399175,0.08765432098765433,0.060905349794238686,0.025925925925925918,0.0020576131687242926,0.006995884773662542,0.0020576131687242817,0.0049382716049382715,0.009465020576131689,0.00781893004115226,0.011934156378600836,0.0
105,105,0.9588477366255144,0.9587603487929814,0.9544086021505376,0.9906810035842294,2.4396680279174707,0.9688454369503415,1.8293175548391065,1.4343436282998694,0.9009508071882176,0.10370370370370367,0.09999999999999996,0.05267489711934152,0.0127572016460905,0.006584362139917666,0.0016460905349794165,0.004115226337448541,0.007407407407407374,0.003703703703703687,0.011522633744855914,0.006584362139917666,-0.0008230452674897082
106,106,0.9547325102880658,0.9548525853284165,0.955298719772404,0.9861308677098151,1.8861238857243057,1.006239663166084,1.958736450214901,1.6286496271638178,0.9510566530165927,0.08189300411522632,0.07695473251028806,0.05432098765432096,0.01563786008230451,0.006172839506172823,0.011522633744855926,0.0008230452674897082,0.021810699588477367,0.004938271604938249,0.006584362139917666,0.011522633744855949,-0.0008230452674897082
107,107,0.934156378600823,0.9347290396152511,0.9350076687116564,0.9823619631901841,2.251999696557523,0.9822110657232391,2.198222833960474,1.5070804742055832,0.7353280714165097,0.08518518518518516,0.08641975308641972,0.03497942386831271,-0.003292181069958866,0.0061728395061728,-0.0037037037037037203,-0.0016460905349794386,0.0024691358024691245,-0.005349794238683148,0.0008230452674896971,-0.009465020576131734,-0.0012345679012345622
108,108,0.9465020576131687,0.946575953936627,0.9422731356693621,0.9869721473495059,3.102214821831224,0.8610590788798916,1.766763859333441,1.0753617914147582,0.810422231794876,0.13292181069958847,0.07613168724279837,0.03045267489711937,0.0020576131687243147,0.0032921810699588884,-0.003292181069958833,0.004115226337448574,0.0020576131687242926,-0.0024691358024691245,0.009876543209876586,0.0012345679012345622,-0.0004115226337448541
109,109,0.9506172839506173,0.9509685764367412,0.9538957191527182,0.9925936898237299,2.3467059164697677,0.6193205305307148,2.13975066984764,1.3167422890075746,0.9607490491603173,0.10452674897119343,0.06831275720164609,0.03580246913580247,0.011934156378600846,0.0049382716049382715,0.0024691358024691245,0.009465020576131678,0.0004115226337448541,0.0008230452674897082,-0.0012345679012345622,-0.0024691358024691245,-0.0016460905349794165
110,110,0.934156378600823,0.9343472656056323,0.9293667626117255,0.9810634752310257,1.8767278365736286,0.7389413501198762,1.445210604031847,2.01555287377177,1.328273184670226,0.14567901234567898,0.08024691358024688,0.042798353909464994,0.009876543209876498,0.01646090534979421,0.0028806584362139785,0.010699588477366207,0.0008230452674896971,-0.0008230452674897193,0.0024691358024691136,0.008230452674897082,0.004526748971193395
111,111,0.9094650205761317,0.9097274902077446,0.9017573094985608,0.9628844114528103,2.139287614678595,1.3084222349938661,1.7400569713058947,1.5325058669237255,1.28009022749258,0.11152263374485591,0.0641975308641975,0.04238683127572014,0.003703703703703687,0.0024691358024691245,-0.006584362139917721,-0.002057613168724304,0.004115226337448541,-0.008641975308642025,-0.0012345679012345733,-0.0016460905349794386,-0.003703703703703731
112,112,0.934156378600823,0.934156378600823,0.9297281665702718,0.9899508386350492,2.292116791294003,1.0970955224379095,1.5957580778043485,1.6146670558453338,1.222232988256142,0.1390946502057613,0.08971193415637857,0.037037037037037,-0.0008230452674897193,0.008641975308641936,-0.016872427983539127,0.0028806584362139785,-0.0012345679012345846,-0.010288065843621453,-0.004938271604938283,-0.0016460905349794165,-0.006584362139917721
113,113,0.9259259259259259,0.9261545496113397,0.9193251533742332,0.9863496932515337,2.859009116386844,0.5449347099282822,1.9980894414496109,1.1338146322011502,1.2918904450452129,0.11316872427983542,0.06131687242798354,0.04279835390946505,-0.009465020576131678,0.004115226337448552,-0.01069958847736624,0.0028806584362139898,0.0020576131687242705,-0.011522633744855936,0.008641975308641992,0.0004115226337448652,0.008230452674897104
114,114,0.9547325102880658,0.9547852302367777,0.9524295928790311,0.9903691813804173,1.7301629679542758,1.1828183372738454,2.3677247885690447,1.8234874236516105,0.2521705915096818,0.07695473251028805,0.0604938271604938,0.04238683127572015,0.010288065843621385,0.006995884773662531,0.011111111111111094,0.011934156378600801,-0.006995884773662553,0.006995884773662519,0.0008230452674897082,-0.007407407407407418,0.0024691358024691245
115,115,0.9423868312757202,0.9425332838487372,0.939638572063398,0.9786698266923419,1.6780943888000135,0.9446397222198257,2.078319015229042,1.3079002318978912,1.8510031991171672,0.14485596707818935,0.0732510288065844,0.0407407407407408,0.018930041152263398,0.012345679012345734,0.007407407407407462,0.006995884773662609,0.018106995884773703,0.011522633744856015,0.0028806584362140565,0.011111111111111172,0.009053497942386902
116,116,0.934156378600823,0.9343412495054704,0.9297063253012048,0.9878765060240964,2.539925104658883,1.3037210502430956,1.0547771593207897,1.1464350534509034,1.2347355854377398,0.08724279835390945,0.0724279835390946,0.032510288065843586,0.004938271604938238,0.003292181069958833,0.005349794238683103,0.003292181069958833,0.008230452674897082,0.00905349794238679,0.006584362139917676,0.0012345679012345401,0.0024691358024691245
117,117,0.9465020576131687,0.9471635760669893,0.9500402900886382,0.9875906526994359,2.309320035743229,0.581055037253417,2.204869667256983,1.4135467050098454,0.9796580678853517,0.11481481481481484,0.06378600823045269,0.047325102880658464,0.0037037037037037424,0.0004115226337448652,0.003703703703703731,0.0020576131687242926,0.004526748971193451,0.008641975308642014,0.0016460905349794275,-0.0012345679012345512,0.006584362139917732
118,118,0.9382716049382716,0.9391792237796136,0.9476226993865031,0.9858128834355828,2.6420353481533856,0.812448667285746,1.5644494218670404,0.7779631506500112,1.983897127791448,0.0967078189300411,0.08312757201646086,0.041152263374485534,0.013991769547325061,0.01975308641975303,0.009876543209876498,0.006995884773662531,0.02345679012345673,-0.009465020576131734,0.001234567901234529,0.004938271604938249,0.012345679012345633
119,119,0.9506172839506173,0.950738568480504,0.9488284703801946,0.9923371647509578,2.2563359401390466,0.7671027233173131,2.733976658035785,1.029393358873544,0.7168904815891853,0.08930041152263377,0.06255144032921811,0.016049382716049387,0.004115226337448552,0.009465020576131699,-0.0020576131687242705,0.0,0.006995884773662531,-0.0004115226337448541,-0.004115226337448541,0.003703703703703687,0.004526748971193395
120,120,0.9465020576131687,0.9465858957646397,0.9410276073619632,0.9904907975460122,1.734695306236967,1.186603864704783,1.7328778090408996,1.416585534080555,1.5445132482217017,0.14115226337448564,0.06213991769547328,0.028806584362139908,0.0041152263374485635,0.0016460905349794496,0.0049382716049383045,0.0024691358024691358,0.009876543209876576,0.007818930041152295,-0.0024691358024691245,0.0008230452674897193,1.1102230246251566e-17
121,121,0.9588477366255144,0.9589747497840776,0.9565950920245399,0.9901073619631903,2.9204714961693345,0.8191679814464818,2.2660780425380804,0.635774873013609,0.9993390026929752,0.11111111111111108,0.06008230452674893,0.04897119341563784,0.011934156378600791,0.0008230452674897082,0.012345679012345645,0.0004115226337448541,0.012345679012345633,0.004526748971193395,0.005349794238683103,0.006584362139917666,0.0008230452674897082
122,122,0.9465020576131687,0.9468478494068379,0.9478885893980233,0.9888439652590596,2.9149031472214877,1.0323999179598546,2.1510309881433147,1.548289575564777,0.07355881583573709,0.111522633744856,0.050617283950617306,0.042386831275720196,0.008641975308642002,0.004938271604938283,-0.006995884773662519,-0.0028806584362139785,-0.000823045267489686,0.0004115226337448652,-0.0012345679012345512,-0.004526748971193395,-0.011934156378600768
123,123,0.9506172839506173,0.9509685764367412,0.9538957191527182,0.9794845208117317,1.655108654934857,0.31721621593682625,1.373955377476708,2.6608261613391035,0.8736439520276781,0.10164609053497942,0.08312757201646093,0.03251028806584361,0.009876543209876566,-0.0024691358024691245,0.0024691358024691245,0.0024691358024691466,0.003292181069958833,0.004526748971193395,0.0016460905349794165,0.0016460905349794165,-0.0012345679012345622
124,124,0.9423868312757202,0.9428565737906351,0.944553855476443,0.9846235418875927,2.464898181154524,0.4394524563675494,2.03675467908056,2.221420461898847,0.3941006224798211,0.1283950617283951,0.08148148148148152,0.04979423868312762,0.010288065843621453,0.005349794238683181,0.010699588477366306,0.005349794238683192,0.008641975308642047,0.01193415637860088,0.015637860082304576,0.006584362139917766,0.010288065843621463
125,125,0.9423868312757202,0.9428412678383876,0.9446536144578312,0.985316265060241,2.613995406627712,0.6449880758049703,1.7227238142160648,2.212961728165294,0.6439410026021977,0.08024691358024696,0.08847736625514406,0.019341563786008285,0.006995884773662609,-0.002469135802469091,0.0024691358024691913,0.002057613168724348,0.002880658436214034,-0.001234567901234529,3.3306690738754695e-17,0.0008230452674897526,-0.007407407407407374
126,126,0.9670781893004116,0.9671535006320772,0.9669123011819641,0.9945279439661463,2.561477513021983,0.6067870877511576,1.7662717687791958,1.3252120872863684,1.4970545107012747,0.11111111111111116,0.10823045267489714,0.04938271604938275,0.012757201646090599,0.002057613168724326,0.0037037037037037646,0.0037037037037037646,0.006995884773662609,0.0037037037037037533,0.004526748971193473,0.009053497942386902,0.002057613168724304
127,127,0.9506172839506173,0.9510528457896879,0.9564544650751547,0.9869584438549956,2.5404361052452566,0.6228271637165279,1.3070455585953533,1.3397751396677808,1.7725204484397195,0.08930041152263374,0.11358024691358026,0.04979423868312758,0.04074074074074073,0.011111111111111127,0.013580246913580275,0.011111111111111127,0.011111111111111117,0.00987654320987653,0.01316872427983542,0.004115226337448552,0.012757201646090555
128,128,0.9135802469135802,0.913945754724678,0.9139758179231863,0.9789473684210527,1.4200568676843512,1.6735976819384362,2.062749801211725,1.5639010481992492,1.0628827212095544,0.15679012345679005,0.04320987654320983,0.031687242798353873,-0.011111111111111138,-0.009876543209876586,-0.010288065843621453,-0.006584362139917754,-0.008230452674897193,-0.011522633744856025,-0.008230452674897182,-0.008230452674897193,-0.0032921810699588884
129,129,0.9218106995884774,0.922814613043351,0.9256715035504786,0.9817073170731707,1.9406974339119742,-0.01986953756289033,2.2148122945328574,2.3105080674021976,1.6163059474940018,0.06584362139917697,0.06049382716049384,0.025102880658436234,0.004938271604938293,-0.0012345679012345401,-0.0020576131687242705,-0.0024691358024691245,-0.0028806584362139785,-0.0008230452674897082,-0.0016460905349794165,0.0069958847736625975,0.004526748971193417
130,130,0.9423868312757202,0.9429140105973803,0.9475262924011258,0.9887424085320693,2.6677198166017306,0.9754260491903586,1.3194306691107667,1.5515841294914225,0.9323893816112885,0.12427983539094653,0.0777777777777778,0.02551440329218111,0.024279835390946535,0.015637860082304566,0.007818930041152328,0.0032921810699588884,0.002880658436214023,0.005761316872428068,0.006584362139917743,0.004115226337448629,-0.0012345679012345622
131,131,0.934156378600823,0.9346415167203698,0.9357781087118391,0.9829486224869695,1.9590187182446306,0.7756244649428617,1.7935286382951392,2.143048681267045,1.228103883943941,0.12510288065843617,0.08477366255144028,0.02798353909465018,0.0004115226337448319,0.0012345679012345401,-0.005349794238683136,0.003703703703703687,0.006995884773662519,-0.006172839506172878,0.004526748971193395,0.0024691358024691245,-0.00823045267489716
132,132,0.9629629629629629,0.9633095083387481,0.9690577185274958,0.990380245417361,2.098330992014821,0.7689205814262016,2.0662314896087293,1.5681160812226485,0.8602704765604482,0.10493827160493822,0.08312757201646084,0.05308641975308638,0.011522633744855914,-0.001646090534979483,0.0028806584362139785,0.0004115226337448208,-0.0004115226337448763,0.005349794238683103,0.0024691358024691136,-0.0028806584362140453,0.002057613168724259
133,133,0.9629629629629629,0.9627315878119737,0.9545751633986929,0.9945533769063182,1.7902141744754652,1.1765064012720163,1.0879887627114126,1.9698033614658261,1.2038256411297341,0.11563786008230448,0.0975308641975308,0.03991769547325098,0.0032921810699588104,0.004938271604938227,-0.0008230452674897526,0.0028806584362139564,0.007818930041152227,-0.004115226337448619,0.004938271604938249,0.0004115226337448208,-0.0012345679012346067
134,134,0.9382716049382716,0.9386310591340343,0.9392130857648099,0.9813586796345417,2.679833296956336,1.2013535835542473,1.0231804459766054,1.3461195451541152,1.265144652286781,0.1275720164609053,0.07325102880658432,0.04855967078189296,0.012345679012345645,0.020164609053497894,0.0012345679012345401,0.0037037037037036757,0.003703703703703665,0.004526748971193395,0.0004115226337448208,0.0028806584362139676,0.008230452674897082
135,135,0.9300411522633745,0.9311389991409263,0.9383449883449884,0.9857808857808859,2.497152481351373,0.9186056719088184,1.8292685612117823,0.6154799128608407,1.6809114592658916,0.14897119341563786,0.05884773662551439,0.03868312757201644,0.00987654320987653,0.0016460905349794165,-0.0012345679012345622,0.0016460905349794165,0.0020576131687242705,0.0012345679012345622,0.0016460905349794165,0.004115226337448541,-0.0065843621399176875
136,136,0.9300411522633745,0.9308550929469341,0.9352370852901075,0.9801545220421148,2.2038735731475048,0.69742057385592,1.1193737852542764,1.7234049132370086,2.007367377377951,0.0802469135802469,0.0839506172839506,0.024691358024691357,0.006172839506172834,0.004115226337448552,0.004938271604938249,0.0028806584362139785,0.008230452674897082,0.0016460905349794165,0.0,0.006995884773662519,0.006172839506172811
137,137,0.9670781893004116,0.9671535006320772,0.9669123011819641,0.9924120822997228,2.46635977848873,0.8886500181459961,1.522780085942935,1.5619013561362698,0.9154794582946969,0.15884773662551446,0.08806584362139921,0.04320987654320992,0.011522633744856015,0.010288065843621463,0.013580246913580295,0.006584362139917754,0.016872427983539127,0.010699588477366318,0.014403292181070004,0.0069958847736626304,0.011522633744856025
138,138,0.9465020576131687,0.9469861661243056,0.9506777108433735,0.9850150602409639,2.9009464786412993,0.05691245830905178,1.4375709244906132,1.9030141215685827,0.921303359067796,0.10781893004115228,0.07325102880658439,0.041563786008230484,0.012757201646090576,0.012757201646090566,0.005349794238683136,-0.0024691358024691136,0.009465020576131744,0.005761316872427991,0.011111111111111172,0.003292181069958833,0.0
139,139,0.9547325102880658,0.9554313086868935,0.9637389202256245,0.9891216760676873,2.4633935610639592,1.0586601306243806,1.3829859965055389,1.4988827370941162,1.4855421254643955,0.08065843621399174,0.06707818930041151,0.02716049382716048,0.004526748971193395,-0.0004115226337448541,-0.009053497942386824,-0.00493827160493826,-0.006995884773662531,-0.006172839506172811,-0.005761316872427957,-0.004938271604938249,-0.008230452674897104
140,140,0.934156378600823,0.9338441186131573,0.9253181029496819,0.9875650665124349,2.730280106215098,1.2610502334461013,1.9808518155834496,1.1305038078923964,0.3198686029122811,0.11893004115226335,0.07366255144032918,0.04074074074074071,0.0004115226337448541,-0.008230452674897148,-0.0004115226337448541,-0.0037037037037037424,-0.011522633744856015,-0.004115226337448552,0.0004115226337448541,-0.00905349794238688,-0.0008230452674897193
141,141,0.9547325102880658,0.9552591777891927,0.9628465384032723,0.9902287532192092,2.0205261947055075,0.5180425917124586,2.2715627445743674,1.842287141213835,0.9815285165139256,0.13497942386831271,0.07818930041152261,0.03539094650205758,0.009465020576131656,0.0,-0.0016460905349794165,0.0,0.0008230452674897082,-0.0020576131687242705,0.0016460905349794165,0.007407407407407374,0.003292181069958833
142,142,0.934156378600823,0.9349199266200604,0.938098178450139,0.9768447051559124,2.349066709444019,0.9844816756551422,1.675332193607931,0.8971961966416977,1.6546910937200923,0.06337448559670779,0.08436213991769545,0.046090534979423836,0.02345679012345676,0.013168724279835353,-0.0024691358024691358,0.008641975308641947,0.012757201646090488,0.007818930041152227,0.009465020576131656,0.0028806584362139785,0.0016460905349794165
143,143,0.9423868312757202,0.9426211777067014,0.9450757575757576,0.9852693602693603,1.9751428644267892,0.7445708213223188,1.536915769349556,1.7800135141477695,1.477201134884007,0.0987654320987655,0.10329218106995888,0.035802469135802505,0.012345679012345734,0.004115226337448619,0.005761316872428035,-0.0032921810699588104,3.3306690738754695e-17,0.0012345679012345956,-0.0032921810699588216,0.0004115226337448874,-0.009465020576131643
144,144,0.9670781893004116,0.9672690763052207,0.9691358024691358,0.9939795762841029,3.1255950891601745,0.7406779643651135,1.5676975388160987,1.1794634903067227,0.7149442152166949,0.14609053497942392,0.08641975308641982,0.04320987654320994,0.016460905349794285,0.010288065843621463,-0.0032921810699588216,0.004115226337448629,0.0024691358024691913,-0.0008230452674896748,0.003703703703703776,0.0012345679012345956,0.0004115226337448652
145,145,0.9506172839506173,0.9508849836230788,0.9538709677419355,0.979426523297491,1.9771207037034997,1.3570744928449971,1.6262513623840373,1.8174263337490193,1.236410605163351,0.14403292181069957,0.0794238683127572,0.03744855967078191,0.009465020576131699,0.013580246913580275,-0.003703703703703687,0.009053497942386812,0.012757201646090543,0.0032921810699588438,-0.0016460905349794165,0.0,0.0004115226337448541
146,146,0.9547325102880658,0.9549140340563342,0.954177897574124,0.9922132374962563,2.196427351673932,0.6072769256992403,1.6310751033707365,1.7021296688272747,1.4982218419911308,0.08271604938271601,0.07736625514403288,0.026748971193415627,0.004115226337448541,-0.0008230452674897082,-0.0032921810699588438,-0.0012345679012345622,-0.004526748971193406,0.0012345679012345622,-0.007407407407407374,-0.0004115226337448541,-0.005761316872427968
147,147,0.9547325102880658,0.9548963879865457,0.9545755968169761,0.9919687592101385,2.426332186517688,0.937151932357166,1.6242068584500775,1.4788604895129416,1.2743673814142147,0.1477366255144033,0.08559670781893,0.04197530864197528,0.013991769547325094,0.014814814814814826,0.004938271604938249,0.003292181069958833,0.003703703703703687,0.006584362139917666,-0.0016460905349794165,-0.0004115226337448541,0.0004115226337448541
148,148,0.9176954732510288,0.9180857982356109,0.9155614500442086,0.9791482463896257,2.1512213731759626,1.1415702899857585,2.019976431718547,1.433668461751444,1.2281273118375593,0.053497942386831324,0.07160493827160498,0.021810699588477388,0.0069958847736626304,-0.0032921810699588104,-0.0028806584362139676,0.0004115226337449096,-0.005349794238683081,3.3306690738754695e-17,-0.000823045267489686,0.0024691358024691913,-0.006584362139917655
149,149,0.9753086419753086,0.9753086419753086,0.9730039994074953,0.9949637090801363,1.9499693838192824,0.8359138555155985,2.270570405197368,1.461540021344345,1.2695259772349858,0.1045267489711934,0.08395061728395062,0.01728395061728395,0.0020576131687242705,0.0037037037037036978,-0.0024691358024691245,0.003292181069958833,0.006995884773662531,0.0016460905349794165,0.006584362139917676,0.0016460905349794165,0.0008230452674897082
150,150,0.9506172839506173,0.9506172839506173,0.9425622439331862,0.9897573274503624,2.256449777063522,0.5179058529012033,1.5378390885308177,1.9553958466625725,1.3979740680841033,0.10164609053497944,0.07366255144032922,0.04032921810699589,0.0008230452674897082,0.0012345679012345622,-0.003703703703703687,0.005349794238683125,-0.003703703703703687,-0.0024691358024691358,0.0016460905349794165,-0.0012345679012345622,-0.005761316872427968
151,151,0.9259259259259259,0.9262897795155859,0.9242704784476374,0.9777810694711895,1.9906171332284317,1.2693150800650388,2.258217823560347,1.0575769655755838,1.270083741547919,0.06584362139917696,0.06419753086419754,0.02016460905349793,0.009876543209876566,0.006172839506172834,-0.004526748971193406,-0.007407407407407385,0.0037037037037036978,-0.0020576131687242817,-0.004115226337448541,-0.0037037037037036978,-0.0020576131687242705
152,152,0.9259259259259259,0.9265102015064983,0.926355421686747,0.978012048192771,1.8890673920108287,0.8261987479665672,1.8860037316491745,1.5945262554694895,1.3973881406484079,0.0728395061728395,0.06460905349794241,0.031275720164609076,0.011111111111111117,0.0008230452674897193,0.008641975308641992,-0.011111111111111094,-0.0012345679012345622,0.006584362139917666,0.0024691358024691358,-0.0012345679012345622,-0.003292181069958833
153,153,0.9506172839506173,0.9511366400222372,0.9567489774276625,0.9759884865929405,2.14106647422824,1.0514533501289274,2.7081367553634474,0.5560617298233548,1.3393665135236341,0.09382716049382718,0.07119341563786008,0.04609053497942387,0.018106995884773693,0.007407407407407407,0.011111111111111117,0.006584362139917676,0.00864197530864198,0.010288065843621397,0.009053497942386812,0.003703703703703687,0.005349794238683115
154,154,0.9423868312757202,0.9428565737906351,0.944553855476443,0.987501893652477,2.452032869765668,0.7376149981346258,2.020479914761366,1.0333878599748119,1.4143542031893321,0.06543209876543213,0.0740740740740741,0.034979423868312806,0.0069958847736625975,-0.005349794238683103,0.013168724279835443,0.002880658436214034,0.00823045267489717,0.004938271604938327,0.009876543209876599,0.008641975308642035,0.006584362139917743
155,155,0.9465020576131687,0.9460566988687331,0.9320987654320987,0.9925316262764823,2.2602241130408314,1.5323124253099913,1.6607592825676434,1.7353795647634294,0.5593321733366322,0.0769547325102881,0.05761316872427985,0.026337448559670795,0.005349794238683159,0.0037037037037037203,0.006995884773662586,1.1102230246251566e-17,-0.005349794238683103,0.00905349794238688,-0.0020576131687242705,-0.009876543209876498,-0.005349794238683092
156,156,0.9259259259259259,0.9266037279109174,0.9295289586727893,0.9713375796178344,2.010831183190692,0.7570974365873906,2.4121333795906352,1.7465428256886328,0.8610417574137528,0.06790123456790126,0.07695473251028809,0.03991769547325104,0.01152263374485597,0.014814814814814836,0.006995884773662553,0.00864197530864198,0.01728395061728396,0.009053497942386846,1.1102230246251566e-17,0.008230452674897115,-0.006172839506172811
157,157,0.9382716049382716,0.9391422318958552,0.944335014182162,0.9794358651118815,2.9433536812853056,0.6624225230065156,2.0474773796134436,1.3722053490929729,0.5745397011178877,0.06172839506172832,0.07613168724279831,0.03580246913580241,0.006584362139917655,-0.004526748971193484,-0.003703703703703776,-0.0004115226337448874,-0.001646090534979472,-0.0020576131687243373,0.0020576131687242705,-0.008230452674897193,0.0024691358024691136
158,158,0.9423868312757202,0.9429538024869232,0.9437440907658368,0.9872360542073747,2.6341041235539397,0.6141242411739547,1.4657635663813937,1.3331338531620824,1.4778984108854742,0.12057613168724286,0.07119341563786014,0.020987654320987693,0.019341563786008265,0.00534979423868317,0.0037037037037037646,0.0012345679012346177,0.0020576131687243373,0.0008230452674897748,-0.006172839506172811,-0.0008230452674896971,-0.005349794238683103
159,159,0.9135802469135802,0.9134722718431186,0.905241935483871,0.9747800586510263,2.065315607835873,0.8689587653454645,1.2834095477219332,2.712432989917079,0.8337172317452363,0.08806584362139913,0.07983539094650202,0.03786008230452671,0.005761316872427924,0.004938271604938249,-0.006172839506172911,0.0020576131687242705,-0.0032921810699588993,-0.0008230452674897303,-0.010699588477366306,-0.004526748971193495,-0.0004115226337448985
160,160,0.9465020576131687,0.9469745707944692,0.9463457540380618,0.9927234927234927,2.520250061938194,0.25404241521724646,1.5631928987482289,1.7694625006582512,1.420281549024377,0.14444444444444446,0.06090534979423871,0.027983539094650244,0.01316872427983543,0.006172839506172878,0.0016460905349794275,0.004526748971193428,0.003703703703703709,-0.004526748971193395,-0.005761316872427957,-0.004115226337448541,-0.007818930041152227
161,161,0.9135802469135802,0.9138714175335254,0.910477163286152,0.9727856413249671,1.712371962042417,0.6731239683170336,2.21170426615654,1.6640134071042718,1.2630287288570567,0.0753086419753086,0.06090534979423864,0.03786008230452668,0.004526748971193384,0.0061728395061727784,-0.005761316872428035,0.007407407407407374,0.012345679012345633,-3.3306690738754695e-17,-0.0012345679012345956,0.003703703703703665,-0.0012345679012346177
162,162,0.9382716049382716,0.9387568893048469,0.9417550839964632,0.9843796050692603,2.4913004584007017,0.2687870995226631,1.7370838022766208,1.4740913093217978,1.4679709315735803,0.13703703703703699,0.07654320987654316,0.029629629629629582,0.004938271604938227,0.006584362139917666,-0.002880658436214034,-0.0032921810699588884,0.006172839506172811,0.0028806584362139676,-0.0024691358024691913,0.0004115226337448208,-0.004938271604938338
163,163,0.9259259259259259,0.9261762928429594,0.9179314661242373,0.9876388671569394,2.816993519927125,0.19226707672633161,1.6778944948091465,1.7090288034018652,1.3750128731983295,0.08477366255144034,0.08683127572016461,0.027983539094650213,0.003292181069958833,0.0057613168724279795,0.008230452674897092,0.005349794238683103,0.005761316872427968,0.008230452674897115,-0.004526748971193395,0.004115226337448541,0.0
164,164,0.9629629629629629,0.9631214756137323,0.9630737767005,0.9921224056961067,2.5616914979204712,0.4437286879455321,2.117590310278156,1.6873579906236018,0.8539598730675283,0.09382716049382711,0.061728395061728336,0.02757201646090531,0.007818930041152227,-2.2204460492503132e-17,-0.0028806584362140565,0.0012345679012345512,0.0016460905349794052,0.0008230452674897082,0.0016460905349794165,-2.2204460492503132e-17,0.003703703703703687
165,165,0.9465020576131687,0.9465621404395065,0.9437908496732026,0.9845315904139433,1.7793123812012706,0.8495474746949478,1.5462712366090003,2.1011472651078758,1.3697111293743773,0.12181069958847739,0.08353909465020577,0.025925925925925943,0.004115226337448585,-0.000411522633744843,-0.003703703703703687,-0.003292181069958833,0.0008230452674897082,-0.006995884773662519,-0.009465020576131643,-0.008230452674897082,-0.003703703703703687
166,166,0.9382716049382716,0.9383625105328116,0.9324723526738373,0.9811392213301015,2.966370028166253,0.5600129493303064,2.2762801600601708,1.2100196016039155,0.9035539425455064,0.1004115226337448,0.07037037037037033,0.03333333333333329,0.011111111111111061,0.009465020576131643,-0.0032921810699589106,0.010288065843621352,0.009465020576131633,0.0024691358024691136,0.010288065843621363,0.0012345679012345401,0.0032921810699588216
167,167,0.9382716049382716,0.9393033621920527,0.9479199495745352,0.9839268830759533,2.628692659811294,1.294015759926745,2.3477323505886334,1.2613502627877289,0.2843799019660398,0.10370370370370366,0.05637860082304523,0.039094650205761264,0.0024691358024691136,0.0024691358024691136,-0.0032921810699589214,0.005349794238683092,0.0016460905349794052,-0.004115226337448652,-0.0020576131687243373,0.000411522633744843,-0.005349794238683214
168,168,0.9547325102880658,0.9548739584915296,0.9549956622325044,0.9926257952573742,2.5908976239042003,1.0749054015452353,1.0207072338190064,1.6709552264324892,0.9233157245464408,0.13744855967078187,0.0921810699588477,0.04074074074074076,0.01358024691358023,0.006584362139917666,0.00781893004115224,0.0028806584362139785,-0.0004115226337448541,0.006995884773662519,0.0,0.0012345679012345622,-0.0012345679012345622
169,169,0.9300411522633745,0.930337039539025,0.9312588904694168,0.9866998577524894,1.8793361151783003,1.4576099076184568,1.4879621677214978,1.429440168737068,1.5204224162580453,0.09958847736625513,0.056378600823045244,0.030864197530864203,0.006584362139917676,-0.00864197530864197,-0.0008230452674897082,-0.0004115226337448541,-0.0020576131687242705,-0.0008230452674897082,0.007407407407407374,0.0016460905349794165,-0.004115226337448541
170,170,0.9382716049382716,0.9384872774557294,0.9368768328445747,0.9842375366568915,1.8495191071374504,0.815166190158441,2.63154489847854,1.0998488543579574,1.0597075958963584,0.06625514403292176,0.05925925925925922,0.04526748971193412,0.01975308641975304,0.0024691358024691245,0.007407407407407363,0.006172839506172811,0.013580246913580184,0.004526748971193395,0.014814814814814748,0.007407407407407374,0.0008230452674896638
171,171,0.9423868312757202,0.9429332862541351,0.9475428145941921,0.9831720029784066,2.056863618392296,0.918996866453442,1.468515822654641,2.061340985724062,1.1899051415836672,0.10329218106995888,0.07489711934156383,0.030041152263374525,4.4408920985006264e-17,-0.004115226337448518,2.2204460492503132e-17,-0.005349794238683103,0.0012345679012345956,-0.004115226337448541,0.0008230452674897415,-0.0012345679012345622,0.002057613168724326
172,172,0.9465020576131687,0.9465858957646397,0.9410276073619632,0.9854294478527608,1.4965751003542518,0.746783509953258,2.3999360668194627,1.9836002636725631,0.958214411829078,0.12057613168724282,0.06872427983539095,0.03950617283950621,0.0016460905349794496,0.002880658436214001,-0.003703703703703687,0.0008230452674897082,0.0008230452674897082,0.0,0.0004115226337448541,0.0,0.0004115226337448541
173,173,0.9588477366255144,0.9587569945757081,0.9541462712352433,0.9918658220558595,2.43188352497224,0.8827834944538395,1.6333581011757305,2.176906939794825,0.19114315928616826,0.09629629629629624,0.11316872427983538,0.04156378600823043,0.02427983539094648,0.017283950617283918,0.007818930041152227,0.014403292181069904,0.008230452674897082,0.004115226337448541,0.006172839506172811,0.008641975308641947,0.008230452674897082
174,174,0.9506172839506173,0.9509611316840233,0.9495238095238094,0.9812698412698412,1.7987612373080053,1.4501878056771011,2.0762248377325396,1.4282788522356988,0.9601017880419069,0.13662551440329218,0.0728395061728395,0.024279835390946525,0.017283950617283973,0.01810699588477368,0.004526748971193395,0.012757201646090555,0.00493827160493826,0.0012345679012345733,0.00781893004115225,0.00493827160493826,0.009053497942386824
175,175,0.9218106995884774,0.9220181019309012,0.9207325746799431,0.9771692745376955,2.398329502272945,0.9554150773785364,1.8696609503215462,1.9031704513703294,0.6324124706451261,0.10123456790123461,0.06625514403292183,0.025102880658436223,0.006172839506172867,0.012757201646090588,0.008641975308642025,0.013991769547325127,0.0,0.00452674897119344,0.0024691358024691245,-0.0008230452674897082,0.0016460905349794386
176,176,0.9465020576131687,0.9467283243533721,0.9485419630156472,0.9923186344238977,2.4865972856649914,0.34319107758838735,1.6464312156670964,1.4388041814700934,1.4302770681553802,0.12469135802469138,0.06790123456790126,0.04650205761316876,0.006172839506172878,0.004938271604938293,0.0024691358024691358,0.003703703703703709,-0.0028806584362139785,-0.000411522633744843,-0.003292181069958833,-0.0024691358024691245,0.0004115226337448541
177,177,0.9506172839506173,0.9510528457896879,0.9564544650751547,0.9754641909814323,2.4684102057408293,1.2884855227350658,1.4105783733467518,1.2967858053024253,1.2933659959524235,0.1263374485596708,0.09300411522633745,0.05102880658436215,0.022222222222222233,0.023456790123456795,0.011111111111111127,0.019753086419753096,0.015637860082304555,0.02098765432098767,0.018106995884773668,0.016460905349794264,0.015226337448559701
178,178,0.9794238683127572,0.9795206046413776,0.9814757641247298,0.99644952145724,2.7891300410296354,0.04899032718333785,1.7990969838286786,1.4271626646525912,1.571878844692698,0.13292181069958847,0.11481481481481479,0.03497942386831273,0.017695473251028805,0.008230452674897092,0.009053497942386812,0.003292181069958833,0.008641975308641936,0.00493827160493826,0.009465020576131656,0.005349794238683115,0.004115226337448552
179,179,0.9423868312757202,0.9426315172068125,0.9428104575163399,0.9888888888888889,1.6817948278216612,0.9637463835159917,1.6345847722837803,1.7778990622374082,1.4278470476543834,0.0674897119341564,0.056378600823045334,0.03580246913580252,0.005349794238683181,0.0028806584362140453,0.011522633744856015,0.001646090534979472,0.012345679012345723,0.006584362139917754,0.0032921810699589106,-0.0028806584362139785,-0.004115226337448518
180,180,0.9547325102880658,0.9547910288993021,0.9518219523033624,0.9933343208413569,2.2947902010138064,0.7378648720668968,1.4442670484139142,1.6705791144782722,1.3129429064436766,0.1288065843621399,0.10288065843621397,0.042798353909465014,0.01769547325102879,0.008641975308641959,0.005761316872427957,0.012345679012345678,-0.003703703703703687,-0.0024691358024691358,0.004115226337448541,0.0008230452674897082,0.008230452674897104
181,181,0.9588477366255144,0.9589708630005555,0.9567901234567902,0.9914647157445511,3.1087129712921335,0.9859772084714928,1.1629608368693385,0.8696503707739823,1.5515463874370325,0.15020576131687238,0.06419753086419751,0.05637860082304523,0.01769547325102878,0.012345679012345623,0.014403292181069916,0.00905349794238679,0.0028806584362139785,0.0020576131687242705,0.004938271604938238,0.0004115226337448541,0.003292181069958833
182,182,0.9753086419753086,0.9753086419753086,0.9735294117647059,0.9929557007988381,1.987776966287869,0.4647654397093913,1.3241202808506665,2.1874510526419213,1.6812992501272312,0.1222222222222222,0.1094650205761317,0.051440329218106984,0.020987654320987658,0.009465020576131699,0.005349794238683125,0.00781893004115226,0.006995884773662542,0.0049382716049382715,0.00781893004115225,0.003292181069958833,0.0074074074074073955
183,183,0.9465020576131687,0.9464182194616976,0.9382716049382716,0.9877305288827922,2.2516123997919055,1.0037732846212994,1.7884107974787573,1.3507364300161084,1.2901365331592571,0.1312757201646091,0.07736625514403295,0.04320987654320989,0.015637860082304555,0.004526748971193428,0.00658436213991771,0.006995884773662575,0.01316872427983543,0.004526748971193428,0.008641975308642025,0.009465020576131734,0.007407407407407429
184,184,0.9629629629629629,0.9629182690451957,0.9589230993725375,0.9910258281044798,1.7597363061703544,0.6450095989497526,1.6645382786232197,2.563939038251257,1.0167477359329753,0.134156378600823,0.12222222222222219,0.04650205761316868,0.01604938271604931,0.010699588477366207,0.004526748971193395,0.008641975308641936,0.012757201646090477,0.002057613168724259,0.012345679012345623,0.004115226337448541,0.008641975308641936
185,185,0.9465020576131687,0.947145641882484,0.9537037037037037,0.9846822130772748,1.7892087850463445,1.1152632303539303,1.5894062954823105,2.011912945208448,0.6449751664034403,0.09917695473251031,0.06872427983539099,0.04485596707818933,0.012757201646090566,0.003292181069958877,0.0041152263374485635,0.0024691358024691466,0.00905349794238688,0.0028806584362139898,0.00823045267489716,0.007818930041152305,0.0
186,186,0.9629629629629629,0.9633096342912525,0.9656432748538011,0.9921215074723847,2.1704029974865335,0.5262012903910659,1.788843044896971,1.4555923389911847,1.485724219941991,0.08230452674897115,0.0563786008230452,0.03292181069958845,0.012757201646090477,0.011522633744855914,0.0024691358024691136,0.005761316872427957,0.006995884773662519,0.004115226337448541,0.004938271604938249,0.0008230452674897082,-0.007818930041152328
187,187,0.9547325102880658,0.9551939619966832,0.9552723638180909,0.989671830751291,2.8157044285805357,0.5610535714395106,1.5413367143212444,1.3879019521848288,1.619524001465716,0.08641975308641973,0.0604938271604938,0.024279835390946504,0.019341563786008244,-0.006172839506172834,0.004938271604938249,-0.0024691358024691245,-0.003703703703703687,0.005349794238683103,0.004938271604938249,-0.0028806584362139785,0.0
188,188,0.9588477366255144,0.9590360149546787,0.9603739002932552,0.9948680351906158,2.055657416879986,0.687738526496965,0.9922697640166281,2.057251219570634,1.5928070028217252,0.09341563786008227,0.11028806584362136,0.046913580246913555,0.01563786008230449,-2.2204460492503132e-17,0.0024691358024691245,0.005349794238683103,0.0,0.0028806584362139785,0.008230452674897082,0.004526748971193395,-0.007818930041152295
189,189,0.9300411522633745,0.931841087533082,0.9466143682906689,0.9829892650701899,1.9014534883739664,0.6927050314615042,1.908864758609993,2.438010301301031,0.5388568197107038,0.10946502057613165,0.05720164609053496,0.037037037037037,0.011522633744855959,-0.003703703703703709,0.005349794238683103,0.005349794238683103,-0.0028806584362139898,0.0008230452674897082,0.0004115226337448541,0.007818930041152227,0.0004115226337448541
190,190,0.934156378600823,0.9342908978273373,0.9321551972358192,0.982579902101929,2.4033188020220013,0.49172054845272123,2.1685901727676953,1.791459129394413,0.6645845338823921,0.091358024691358,0.06213991769547321,0.042798353909464994,0.006172839506172811,0.0016460905349794165,-0.004938271604938293,-0.0012345679012345846,-0.006172839506172856,0.006172839506172811,-0.0012345679012345622,-0.0008230452674897193,-0.0069958847736625975
191,191,0.9176954732510288,0.9185054321241759,0.9150252127324299,0.9790419161676647,1.7562320106527227,0.9807932986788449,1.3792839504790921,2.04719854604696,1.7882069975463775,0.07860082304526753,0.06378600823045273,0.029629629629629683,0.004938271604938316,0.007407407407407451,-0.0028806584362139676,0.010699588477366318,0.0032921810699589106,-0.0004115226337448319,0.004526748971193473,0.0004115226337448763,0.0004115226337449096
192,192,0.9465020576131687,0.9467025827440261,0.9454525255517701,0.985853947563324,1.8078898277621516,0.40238958590757684,2.513545426879533,1.7372873266307498,1.0345207982889277,0.111522633744856,0.08806584362139919,0.04650205761316874,0.009876543209876576,0.009876543209876586,-0.003703703703703687,0.009876543209876586,0.007407407407407429,0.0037037037037037203,0.0012345679012345733,-0.0012345679012345512,-0.008641975308641936
193,193,0.9382716049382716,0.9380322106195776,0.9295087976539589,0.9882697947214076,2.215230403162993,1.0100827019185648,1.0185800122461974,1.6289993965543,1.4165867253669084,0.11851851851851847,0.06913580246913573,0.04732510288065837,0.007818930041152227,0.0012345679012345512,0.002057613168724237,-0.005761316872428058,0.0016460905349793941,-0.0012345679012346177,-0.0028806584362140565,0.0008230452674896971,-0.0016460905349794607
194,194,0.9300411522633745,0.9302186846287648,0.9295280612244898,0.9753401360544218,2.9091261897849954,1.1637362846593857,1.843381891150697,0.9593030703127683,0.8177438639652249,0.08847736625514402,0.0818930041152263,0.045679012345679004,0.0028806584362139785,0.011111111111111082,-0.0016460905349794165,0.008230452674897104,-0.004526748971193395,-0.0004115226337448541,0.009465020576131666,-0.0004115226337448541,0.004526748971193395
195,195,0.9176954732510288,0.9179494995681552,0.9100076687116564,0.9778374233128835,1.974419835808295,0.9622808453274814,1.426146398787459,1.9022265531380345,1.4672135060146423,0.07654320987654326,0.039917695473251066,0.020987654320987703,0.006584362139917743,-0.000823045267489686,-0.000411522633744843,-0.006995884773662519,0.002057613168724326,0.00246913580246918,3.3306690738754695e-17,0.0016460905349794607,-0.007818930041152217
196,196,0.9423868312757202,0.9423868312757202,0.9355779427359492,0.9842448113922133,2.650790393648015,0.7354859015880447,2.2153810070929416,1.3126024476230496,0.7610427731461092,0.06790123456790127,0.0818930041152264,0.0312757201646091,0.004115226337448608,0.008230452674897193,-0.004526748971193395,-0.0024691358024691136,0.005349794238683203,0.001646090534979472,-0.004115226337448541,-0.0004115226337448208,0.0032921810699588993
197,197,0.9300411522633745,0.9298225504943851,0.9233185777523918,0.983935456233043,2.955737056614708,0.40525001219911005,1.5481439775649306,0.7333594927591245,2.079605951181422,0.13209876543209872,0.10411522633744855,0.051440329218107,0.00781893004115224,0.0024691358024691245,0.0004115226337448541,0.004938271604938249,0.014814814814814791,0.007407407407407385,0.017695473251028805,0.01728395061728395,0.004115226337448552
198,198,0.9547325102880658,0.9550350499018464,0.9569277108433735,0.9893072289156626,2.683358493845454,0.8225716745592289,2.172120415530539,1.1574793210314154,0.9415075569396737,0.1176954732510288,0.0633744855967078,0.02427983539094648,-0.0028806584362139898,0.003292181069958833,-0.003703703703703687,0.004115226337448541,0.005761316872427957,-0.0012345679012345622,0.000411522633744843,0.003703703703703687,0.004526748971193395
199,199,0.9547325102880658,0.9550753901538707,0.9596041055718475,0.9843108504398828,2.022676262567378,0.3359654907366176,2.0447613450086806,1.8890722286698594,1.0849368058796525,0.1222222222222222,0.07613168724279833,0.05555555555555554,0.02016460905349795,-0.004115226337448541,0.004526748971193395,0.004115226337448541,0.0028806584362139785,0.0028806584362139785,-0.003703703703703687,0.0012345679012345622,0.0004115226337448541
200,200,0.9506172839506173,0.9499240180581899,0.934955493944258,0.9931416897709032,1.6353229876205018,0.5966107147584127,2.526758921809506,1.4967223407640196,1.2897699409282768,0.10823045267489713,0.08683127572016462,0.03786008230452677,0.0008230452674897193,0.015226337448559678,-0.010288065843621385,0.010288065843621408,-0.0020576131687242705,0.0020576131687242817,-0.0012345679012345622,0.005349794238683115,0.0016460905349794165
201,201,0.9547325102880658,0.9549682572938387,0.9571895424836601,0.9865649963689179,2.9603686047833784,0.3931163024212091,1.6578218998024268,1.6184961708434717,0.9919256082330339,0.11563786008230452,0.08024691358024691,0.04444444444444445,0.006995884773662531,-0.0012345679012345622,0.0012345679012345622,-0.0004115226337448541,0.0020576131687242705,0.006172839506172811,-0.0004115226337448541,0.003703703703703687,-0.0016460905349794165
202,202,0.9506172839506173,0.9507471229685224,0.9484363365599404,0.9895011169024571,2.4387134718531818,0.23265763912856546,2.0941945297694144,1.6145962367695723,1.2716129259467976,0.12304526748971194,0.08106995884773663,0.05061728395061728,0.009465020576131699,-0.005761316872427957,0.007407407407407418,-0.01275720164609051,-0.0012345679012345622,0.0037037037037036978,-0.008230452674897104,-0.0028806584362139785,-0.0004115226337448541
203,203,0.934156378600823,0.9346757346724429,0.9355045180722892,0.9757530120481928,3.159709953913645,1.0148924437746905,1.2934152673165322,1.1783600565240606,1.2068526429196789,0.1259259259259259,0.08436213991769544,0.048971193415637826,0.009465020576131656,0.0012345679012345401,0.0,0.005349794238683103,0.003292181069958833,0.007407407407407374,0.004526748971193395,0.007407407407407374,-0.0004115226337448652
204,204,0.9259259259259259,0.9261272441466039,0.9209344115004492,0.977538185085355,2.9004512918943472,0.39471033727329824,1.289759101373868,1.520703236911766,1.7615427449022434,0.10864197530864199,0.0897119341563786,0.03333333333333334,0.006584362139917699,0.010699588477366262,-0.0024691358024691245,0.014814814814814826,0.003292181069958855,-0.0004115226337448541,-0.0008230452674896971,0.007407407407407407,0.004115226337448552
205,205,0.9588477366255144,0.9591404803639512,0.9628943860168864,0.9921493112131536,2.7314822221145603,0.5731232920883933,1.6376286520551813,1.892045247031368,0.7947155957912917,0.11769547325102878,0.07366255144032918,0.03662551440329215,0.00781893004115224,0.003703703703703687,0.00905349794238679,0.0,-0.0024691358024691466,0.01481481481481477,-0.0016460905349794275,-0.0028806584362139898,-0.004115226337448574
206,206,0.9382716049382716,0.938343495777424,0.9347001313293448,0.9846782431052093,1.9140230956480424,0.3061491237045018,1.7799089683018772,2.0571001980769275,1.4841706275443947,0.0938271604938271,0.07860082304526743,0.042386831275720106,0.011111111111111072,0.008641975308641947,0.004526748971193384,0.008641975308641924,-4.4408920985006264e-17,-0.0012345679012345956,-3.3306690738754695e-17,-0.0032921810699588993,-0.0016460905349794607
207,207,0.9300411522633745,0.930187282948476,0.9300349650349651,0.9860139860139859,2.4918483046660134,0.8868605438429052,1.819753461137077,1.2942923479796782,1.043862434717736,0.0567901234567901,0.0757201646090535,0.048559670781892994,0.014814814814814814,0.0041152263374485635,0.0028806584362139898,0.01358024691358024,0.014814814814814814,0.00781893004115224,0.009465020576131678,0.0004115226337448541,-0.009465020576131699
208,208,0.9465020576131687,0.9467095326893702,0.9452717795979151,0.9862993298585256,2.2000594144148895,0.43357668013827005,2.5107850189021383,1.5206622428336898,0.7856189753134151,0.06995884773662554,0.07983539094650208,0.037037037037037056,0.011522633744856004,0.009465020576131711,-0.004938271604938249,1.1102230246251566e-17,0.0041152263374485964,-0.005761316872427957,0.0032921810699588438,-0.003703703703703687,0.0004115226337448652
209,209,0.9588477366255144,0.9587127434799899,0.9502300613496932,0.9943251533742332,2.9910265892570274,0.8590115595764265,0.96227268288354,1.4666271066146122,1.2591204532437337,0.07530864197530861,0.06460905349794235,0.03004115226337446,0.007818930041152227,0.007407407407407374,0.006172839506172811,0.003703703703703687,0.005761316872427957,0.007407407407407374,0.005761316872427957,0.004526748971193395,0.004526748971193395
210,210,0.9382716049382716,0.9386979298812996,0.9384562945008332,0.9797757915467353,1.6423929869413645,0.5335746176608086,1.9624703063166955,2.1361667730122047,1.5434976132852123,0.11069958847736619,0.0864197530864197,0.032510288065843565,0.009876543209876487,0.0012345679012345401,0.008230452674897082,0.008641975308641914,-0.001646090534979483,-0.0004115226337448985,-0.001646090534979472,-0.002057613168724326,0.000823045267489686
211,211,0.9629629629629629,0.9633818227667399,0.9694689568231957,0.9924361802710369,1.981893659898098,0.8980599405911918,1.2336849469493454,2.2160036077508085,1.119971261301127,0.09711934156378595,0.05514403292181065,0.03703703703703699,0.02633744855967075,0.008230452674897082,0.003703703703703687,0.005761316872427957,0.003292181069958833,0.004938271604938249,0.013168724279835332,0.0012345679012345622,0.005349794238683103
212,212,0.9547325102880658,0.954607180118662,0.9502188956362096,0.994068634373676,2.3811254198074496,0.7234086485200873,1.4658608981186911,1.4350227097492851,1.7829435195253072,0.08148148148148146,0.09176954732510287,0.05514403292181071,0.014403292181069971,0.02222222222222222,0.005349794238683103,0.006584362139917676,0.004938271604938249,-0.0016460905349794275,0.008641975308641959,0.003292181069958833,0.005761316872427957
213,213,0.9259259259259259,0.926507687181684,0.9297385620915033,0.9726216412490922,2.316133760471114,0.7754909845018996,1.9283456489945026,1.5499080886540852,1.414567307062738,0.05514403292181071,0.06543209876543209,0.02510288065843621,0.007407407407407418,0.004115226337448552,-0.0004115226337448541,0.005349794238683115,0.004115226337448541,0.0008230452674897082,0.004115226337448541,0.005349794238683125,-0.003703703703703687
214,214,0.9423868312757202,0.9426184631675211,0.9344906649197511,0.9892728463806092,1.9333074107150736,1.026376287934764,1.4802715405348044,1.303104650480988,1.8700752130697798,0.12880658436214,0.07942386831275726,0.024691358024691402,0.010288065843621463,0.0020576131687243373,0.0016460905349794607,-0.000823045267489686,0.0028806584362140453,0.002469135802469169,-0.006584362139917666,-0.000823045267489686,-0.000823045267489686
215,215,0.9423868312757202,0.942640909015178,0.9426893331387713,0.986940026265869,2.2571752748996485,0.6973050450113729,1.3402590383095156,2.1117588406881334,1.1696934108053685,0.11316872427983542,0.08477366255144037,0.025102880658436244,0.007818930041152328,0.011522633744856025,0.0012345679012345956,0.0008230452674897526,0.006172839506172922,-0.008641975308641936,-0.0024691358024691245,-0.0016460905349794165,-0.0024691358024691245
216,216,0.9629629629629629,0.9631424743074388,0.9625874125874125,0.9894327894327895,2.4366508190672254,0.6914687618948965,1.7434085990761066,1.3873786963647199,1.0739199598859224,0.1316872427983539,0.082716049382716,0.032098765432098705,0.014403292181069904,-0.0020576131687243373,0.007407407407407374,-3.3306690738754695e-17,0.00905349794238679,0.008230452674897082,0.00905349794238679,-0.0028806584362140453,0.004526748971193395
217,217,0.9547325102880658,0.955015302139275,0.957036485480268,0.9905435591958301,1.6945425897427513,1.2037462373195824,1.7666928775512258,1.687579730504553,1.1777154826037561,0.12222222222222219,0.04855967078189301,0.018930041152263388,-0.0008230452674897082,-0.0016460905349794165,-0.00781893004115226,-0.0028806584362139898,-0.003292181069958833,0.0016460905349794165,-0.0049382716049382715,-0.0016460905349794275,-0.003292181069958833
218,218,0.9176954732510288,0.9176954732510288,0.9068251533742331,0.9674846625766871,2.1652997312436466,0.8258842682580236,1.4598363442353035,2.2553075191594525,0.8848896080675759,0.12098765432098765,0.08230452674897125,0.05144032921810704,0.0069958847736625975,0.0032921810699588884,-0.00411522633744853,0.010699588477366306,-0.0020576131687242484,-0.009465020576131633,-0.0012345679012345178,-0.0028806584362139785,-0.004938271604938249
219,219,0.9465020576131687,0.9464397522192364,0.9415032679738562,0.9809731299927378,2.5243863165748905,0.7281284654369456,1.4718071595103515,2.051797441879398,0.969668307046742,0.10534979423868314,0.13127572016460906,0.04567901234567904,-0.005349794238683115,-0.004115226337448541,0.0012345679012345733,1.1102230246251566e-17,0.008641975308642025,-0.0008230452674897082,0.003292181069958855,0.0004115226337448541,-0.0008230452674897082
220,220,0.9423868312757202,0.942776290924439,0.9401591553734636,0.987945162306965,3.0665412829284544,0.8154580992501291,2.2052814045169646,0.8408620772559044,1.2580384750245526,0.055555555555555594,0.05925925925925929,0.029629629629629672,0.006172839506172922,-0.0004115226337448208,0.0037037037037037646,0.004526748971193451,0.009465020576131744,0.0028806584362140565,0.0032921810699589106,0.0012345679012346067,0.006995884773662609
221,221,0.9588477366255144,0.9588477366255144,0.9558823529411764,0.991285403050109,1.7419151970939644,0.5710981781712395,2.1024687743955615,2.3727774273616364,0.8026405411327798,0.12880658436213988,0.08271604938271601,0.02427983539094649,0.023868312757201627,0.004526748971193395,0.0024691358024691245,0.004938271604938249,0.006584362139917666,0.008641975308641936,0.013168724279835342,0.0020576131687242705,-0.0024691358024691358
222,222,0.9547325102880658,0.9549502471313169,0.9572055859487474,0.9876907572703715,2.671001155693506,0.34855188743417137,2.4844485937717686,1.5225982476037367,0.5893864143856793,0.10370370370370367,0.08971193415637857,0.038271604938271586,0.010288065843621385,0.016049382716049377,0.004115226337448541,0.018106995884773658,0.006995884773662519,-0.0008230452674897193,0.008230452674897082,0.006172839506172811,-0.004526748971193428
223,223,0.9382716049382716,0.9385109992569656,0.9362248696947133,0.9799702159344751,2.4773787614884535,0.9728080762198918,1.5146751001842071,1.437336385827976,1.3762984826346325,0.13209876543209872,0.07695473251028803,0.03045267489711928,0.010288065843621352,0.0037037037037036535,0.0004115226337448208,0.006995884773662519,0.0028806584362139564,0.005349794238683103,0.0016460905349794052,0.002057613168724259,0.003703703703703687
224,224,0.934156378600823,0.934329497291363,0.9303425167535369,0.9810871183916604,2.0888187656763035,0.12428945612931426,1.8712581253971214,2.202992838334238,1.121996885691731,0.08230452674897117,0.07119341563786005,0.03004115226337445,-0.0012345679012346067,-0.004938271604938283,-0.0012345679012345622,-0.006995884773662564,0.0012345679012345512,0.0037037037037036757,-0.00534979423868317,-0.0024691358024691358,0.0008230452674896971
225,225,0.9588477366255144,0.9590788252563235,0.9599681866383881,0.9934100893803969,2.119985997277743,0.8894857383384528,2.000261856095837,1.5694597037571572,0.9130781296411784,0.14855967078189297,0.07325102880658432,0.02510288065843619,0.0024691358024691136,0.0020576131687242484,0.0020576131687242705,-0.005349794238683148,-0.0020576131687242926,-0.0024691358024691245,0.00905349794238679,-0.003292181069958833,-0.006995884773662586
226,226,0.9547325102880658,0.9549140340563342,0.954177897574124,0.9922881102126385,1.7101711331302303,1.0504561572421822,1.7516920263331095,1.9685410683302802,1.113659367025302,0.11069958847736623,0.06378600823045266,0.03456790123456789,0.01358024691358024,-0.0012345679012345512,-0.0012345679012345622,0.004526748971193395,0.007407407407407374,0.0020576131687242705,-0.0028806584362139785,0.004526748971193395,-0.0016460905349794275
227,227,0.9300411522633745,0.9301084527421977,0.927245466228759,0.9793659860059974,1.5690162633847993,0.6816940009908363,2.2552932255330225,1.905135471207124,1.370799278584297,0.09588477366255142,0.08395061728395062,0.04938271604938271,0.003703703703703687,0.01851851851851851,0.0004115226337448541,0.005349794238683103,-0.0016460905349794165,0.008230452674897092,-0.006172839506172834,-0.005349794238683115,-0.006584362139917676
228,228,0.9711934156378601,0.9711425296029509,0.9649898294476608,0.9931935534345173,2.109518371086264,1.080583524732334,1.4721071773384427,1.766480996766778,1.1489806005960461,0.12304526748971197,0.08106995884773663,0.050617283950617306,0.0016460905349794386,-0.0004115226337448541,0.0024691358024691245,0.003292181069958866,0.0024691358024691466,-0.005349794238683092,0.002880658436214012,0.01028806584362144,-0.0020576131687242705
229,229,0.9465020576131687,0.9470026231559695,0.9506514164520528,0.97636721708832,2.950133685186451,0.6151652530968488,1.9093767993056765,1.2747804891001675,1.2037255861557008,0.12962962962962968,0.07736625514403295,0.031275720164609076,0.0004115226337448541,0.0,-0.003703703703703687,-0.0012345679012345512,-0.0004115226337448541,-0.006172839506172811,0.0016460905349794386,0.002880658436214012,0.003292181069958855
230,230,0.9382716049382716,0.9388661834230032,0.9357189649525057,0.9887815263675074,1.9890155035509622,0.16327964328810968,1.577798529887833,2.3764408796792953,1.4756559945447791,0.10164609053497937,0.05308641975308635,0.020987654320987603,0.004938271604938249,-0.0032921810699588993,0.002057613168724259,-3.3306690738754695e-17,-4.4408920985006264e-17,-0.0020576131687243373,-0.0012345679012346067,-0.0012345679012346177,-0.0012345679012345956
231,231,0.9423868312757202,0.9422644883101742,0.936989247311828,0.9833691756272401,1.7433806294716698,0.6985667300363089,2.321091084513441,1.3663747844794414,1.6105491585362839,0.10329218106995888,0.08312757201646095,0.052263374485596745,0.0016460905349794607,0.007407407407407474,0.006584362139917754,0.00534979423868317,0.008641975308642035,0.0032921810699589106,0.0028806584362140453,0.007818930041152328,0.006584362139917766
232,232,0.9547325102880658,0.9549200932629981,0.9540286144578314,0.9871987951807228,2.210324496561576,0.4111687405736822,1.7101689179150523,1.5614299445365831,1.673453189935456,0.08806584362139916,0.08518518518518517,0.039917695473251025,0.013168724279835375,0.01646090534979423,0.0024691358024691245,-0.0012345679012345622,0.008230452674897092,0.004115226337448552,0.004526748971193395,0.0024691358024691245,0.010288065843621375
233,233,0.9711934156378601,0.9714870667251619,0.975512243878061,0.9896718307512911,2.237571695911923,0.6363291806329713,1.3871518965028566,2.0172258140090666,1.4114052715592826,0.10987654320987657,0.06995884773662554,0.03168724279835393,0.017283950617283973,0.006172839506172867,0.0069958847736625975,0.006172839506172844,0.011934156378600869,0.010699588477366306,0.005349794238683136,0.0016460905349794165,0.004938271604938293
234,234,0.9218106995884774,0.92244813169563,0.9237150051844172,0.978151384980003,3.0185628799473436,0.1975421532921156,1.4700234189515502,1.403364223443698,1.2942902914202676,0.11440329218107,0.08888888888888892,0.04156378600823048,-0.004115226337448508,0.0004115226337448763,-0.004938271604938249,0.004526748971193428,0.004115226337448585,-0.003292181069958833,-0.004938271604938249,-0.003703703703703687,-0.008641975308641947
235,235,0.9465020576131687,0.9470710873713146,0.9504662004662006,0.9836829836829837,1.9958669743887427,0.5171643675876938,1.990267783438803,2.3519080087636257,0.6522577139033038,0.07695473251028809,0.09711934156378602,0.056790123456790166,0.010288065843621453,-0.003292181069958833,0.0024691358024691466,-0.008641975308641936,-0.003292181069958833,0.0024691358024691358,0.0,-0.0008230452674897082,-0.0024691358024691136
236,236,0.9423868312757202,0.941917088760805,0.9302785923753666,0.9883431085043988,1.434859405057849,0.2747529316430244,2.2248675636617543,1.4997438016720905,2.4516987404430974,0.111522633744856,0.09629629629629634,0.07119341563786011,0.027572016460905402,0.0008230452674897526,0.016872427983539127,0.008230452674897182,0.013580246913580295,0.008641975308642014,-0.0008230452674896748,0.004938271604938316,0.011934156378600869
237,237,0.9588477366255144,0.9591404803639512,0.9628943860168864,0.9924455636202044,2.1921986970035086,0.5899986805370617,2.701296310462985,1.773887517941857,0.6590457435550622,0.14156378600823044,0.08024691358024687,0.0213991769547325,0.007818930041152227,0.0004115226337448541,0.004938271604938249,-0.0008230452674897193,0.005761316872427957,-0.0016460905349794386,0.00781893004115224,0.003292181069958833,0.003703703703703665
238,238,0.9547325102880658,0.955114891584519,0.9597542814594192,0.9828741623231572,2.440279076998281,0.6007590764812427,1.8157240628296756,1.7128788559561932,1.0825846593391115,0.13827160493827156,0.09423868312757198,0.04320987654320987,0.014814814814814814,0.009465020576131656,0.0004115226337448541,0.011111111111111094,0.004115226337448541,0.006172839506172823,0.004526748971193395,0.011522633744855936,0.0016460905349794165
239,239,0.9423868312757202,0.9422144543506628,0.9330572289156627,0.9888554216867469,1.9644245661616802,0.8576786416470243,2.28801551651277,1.2132221092318916,1.7228817232468876,0.11893004115226342,0.06419753086419758,0.05061728395061732,0.011934156378600869,0.005761316872428035,0.004526748971193484,0.008641975308642035,0.004115226337448608,0.0032921810699588993,0.0004115226337448985,5.551115123125783e-17,-0.0024691358024691136
240,240,0.9629629629629629,0.9633210759151064,0.9691358024691358,0.9823197683279987,2.3519759933753983,-0.022588916339711686,2.2784475553583787,2.099459397464345,1.3070617598538472,0.08436213991769542,0.08683127572016455,0.03251028806584357,0.006995884773662519,0.012345679012345633,0.006172839506172811,0.006172839506172811,0.007407407407407374,0.0024691358024691136,0.005349794238683103,0.0012345679012345401,0.005349794238683103
241,241,0.9547325102880658,0.9551441549508609,0.9559226430298147,0.9873489121676067,2.274784603027377,0.7110218660178338,1.6922993182817099,1.5815910741102606,1.6991988308097574,0.08477366255144032,0.08724279835390944,0.028395061728395055,0.010288065843621375,0.0008230452674897082,0.003292181069958833,-0.005349794238683125,0.0012345679012345622,0.0020576131687242705,-0.0049382716049382715,-0.0020576131687242705,-0.009465020576131678
242,242,0.9423868312757202,0.9419365107788422,0.9251190476190476,0.9925396825396825,2.546526089812484,0.7237081483330473,2.154845123710781,2.0031539845447903,0.650459234889226,0.07860082304526753,0.057613168724279885,0.00823045267489716,0.0016460905349794607,0.003292181069958877,-0.004938271604938249,-0.002057613168724259,0.0004115226337448874,-0.006172839506172811,0.0012345679012345956,0.0037037037037037646,0.006995884773662619
243,243,0.9382716049382716,0.9392402933596408,0.9477855477855478,0.9787101787101786,2.834862624668133,0.8493254644020024,1.1727612691780755,1.634990607032932,1.174424446092685,0.09711934156378596,0.054732510288065805,0.026748971193415606,0.0020576131687242484,0.005349794238683103,0.0032921810699588216,0.003703703703703687,0.007407407407407374,0.0024691358024691136,-0.0012345679012346177,0.0016460905349794052,0.0024691358024691245
244,244,0.9506172839506173,0.9507221493496569,0.9495011567379988,0.9875650665124349,1.5431403268695516,0.9887493442259843,1.953638321233161,1.78107162996063,1.4291067263225512,0.12304526748971197,0.09259259259259259,0.051440329218107,0.00658436213991771,0.016049382716049422,0.0057613168724279795,0.016049382716049377,0.015226337448559668,0.00781893004115226,0.003292181069958833,0.01810699588477368,0.006584362139917699
245,245,0.9259259259259259,0.9263974096796183,0.9217948717948719,0.9832944832944833,2.6112072604286967,0.037220279369642534,1.7625883222095273,1.755741706350728,1.2276719635251305,0.056378600823045265,0.0728395061728395,0.014814814814814826,0.004115226337448552,-0.006172839506172811,-0.0004115226337448541,-0.004115226337448541,0.00864197530864197,-0.002057613168724259,-0.007407407407407374,-0.0024691358024691245,-0.016049382716049398
246,246,0.9629629629629629,0.9629049211657907,0.9567901234567902,0.9908550525834476,2.772709982607775,0.6790409065097852,1.7311752994534018,1.032378522931954,1.288735263491416,0.15267489711934154,0.0761316872427983,0.04609053497942382,0.015226337448559613,0.011111111111111061,0.012757201646090488,0.006584362139917666,0.007407407407407363,0.014403292181069893,0.004938271604938238,0.005349794238683092,0.0024691358024691136
247,247,0.9382716049382716,0.9387552865813735,0.9376456876456877,0.9864024864024864,1.7190665801145237,1.3660965500028346,1.7773482759648849,1.0705853006262513,1.7645437465272746,0.16131687242798348,0.04156378600823042,0.02633744855967074,-0.0004115226337448874,0.006172839506172811,-0.004938271604938327,-0.011934156378600869,0.0004115226337448208,-0.004115226337448608,-0.004938271604938349,-0.0008230452674897748,0.006584362139917666
248,248,0.9259259259259259,0.9264159329948803,0.9271994134897361,0.9750733137829912,2.079662137928266,0.580081701193888,1.7805776651373844,2.5132265899461825,0.582563572861225,0.12386831275720164,0.051851851851851836,0.038683127572016474,0.00864197530864198,0.0057613168724279795,-0.0016460905349794165,0.012757201646090543,-0.0008230452674897082,-0.008230452674897082,0.013991769547325117,0.005349794238683125,0.006172839506172823
249,249,0.9506172839506173,0.9508683455043608,0.9511541325390915,0.9871928518242741,1.746731132203234,1.3869370482542762,1.8972985918279983,1.2701279041955638,1.454703342594413,0.10617283950617282,0.06419753086419755,0.029629629629629638,0.01440329218106996,-0.0028806584362139898,0.00493827160493826,-0.0028806584362139785,0.0016460905349794165,-0.0004115226337448541,0.010288065843621408,-0.0008230452674897082,-0.003703703703703687
