,random_seed,accuracy,f1,balanced_acc,auc,feature_importance.left_CO2_vd_scaled,feature_importance.left_CO2_vd_fd1_scaled,feature_importance.left_CO2_vd_fd2_scaled,feature_importance.left_CO2_vd_fd3_scaled,feature_importance.leftlow_CO2_scaled,feature_importance.leftlow_CO2_fd1_scaled,feature_importance.leftlow_CO2_fd2_scaled,feature_importance.leftlow_CO2_fd3_scaled,feature_importance.lefttop_CO2_scaled,feature_importance.lefttop_CO2_fd1_scaled,feature_importance.lefttop_CO2_fd2_scaled,feature_importance.lefttop_CO2_fd3_scaled,feature_importance.leftlow_temperature_scaled,feature_importance.leftlow_temperature_fd1_scaled,feature_importance.leftlow_temperature_fd2_scaled,feature_importance.leftlow_temperature_fd3_scaled,feature_importance.leftlow_humidity_scaled,feature_importance.leftlow_humidity_fd1_scaled,feature_importance.leftlow_humidity_fd2_scaled,feature_importance.leftlow_humidity_fd3_scaled,feature_importance.lefttop_temperature_scaled,feature_importance.lefttop_temperature_fd1_scaled,feature_importance.lefttop_temperature_fd2_scaled,feature_importance.lefttop_temperature_fd3_scaled,feature_importance.lefttop_humidity_scaled,feature_importance.lefttop_humidity_fd1_scaled,feature_importance.lefttop_humidity_fd2_scaled,feature_importance.lefttop_humidity_fd3_scaled
0,0,0.8513011152416357,0.7894736842105263,0.8426369442397446,0.951424711373127,-0.0026022304832713505,-0.005204460966542923,-0.008550185873606009,-0.006691449814126504,0.008550185873605787,0.0018587360594796154,0.0026022304832713505,-0.0011152416356877692,0.012267657992565018,0.0007434944237918462,0.007806691449814163,-0.011895910780669317,0.014498141263940556,-0.006691449814126504,-0.011895910780669317,0.00037174721189581206,0.0022304832713755385,-0.0070631970260224275,-0.011895910780669317,0.004832713754646778,0.007806691449814052,-0.012639405204461052,0.0070631970260224275,0.004460966542750855,-1.1102230246251565e-16,0.0026022304832713505,-0.0029739776951672736,-1.1102230246251565e-16
1,1,0.8921933085501859,0.8465608465608465,0.8867600098255957,0.9622328666175387,-0.0033457249070629747,0.010408921933085402,0.0007434944237919572,1.1102230246251565e-16,0.014126394052044744,-0.0033457249070631967,-0.009293680297397744,0.008550185873606009,0.0003717472118960341,0.008550185873605898,0.009293680297397855,-0.017100371747211796,-0.02639405204460976,0.0033457249070631967,0.0022304832713755385,-0.0033457249070631967,-0.015613382899628436,0.009293680297397855,1.1102230246251565e-16,0.01003717472118959,-0.015985130111524137,0.0029739776951673846,0.0003717472118960341,-0.015241635687732513,-0.0037174721189590088,0.0018587360594796154,-0.00892193308550182,-0.016728624535316095
2,2,0.8550185873605948,0.7936507936507936,0.8454618029968066,0.9549250798329649,-1.1102230246251565e-16,0.004460966542750966,0.0014869888475835813,0.0007434944237918462,0.018215613382899565,0.0033457249070630857,-0.008921933085501932,-0.005947955390334547,0.01635687732342006,-0.0014869888475838033,-0.014869888475836368,-0.010780669144981436,0.0007434944237918462,-0.0003717472118959231,0.0003717472118959231,-0.008178438661709975,-0.014869888475836368,-0.0018587360594796154,0.008178438661709975,-0.0026022304832714616,-0.0014869888475835813,-0.004832713754646889,-0.0070631970260223165,-0.01895910780669141,-0.020446096654275214,-0.03159851301115224,-0.010408921933085513,-0.02750929368029731
3,3,0.8921933085501859,0.8397790055248618,0.8763203144190617,0.9689265536723164,0.004460966542750966,1.1102230246251565e-16,0.0003717472118960341,0.0033457249070631967,0.0029739776951673846,0.009665427509293778,0.004460966542751077,0.010408921933085513,0.005576208178438846,-0.005576208178438513,-0.006319702602230581,0.0022304832713755385,-0.012639405204461163,-0.0022304832713753164,-0.0022304832713753164,0.011524163568773282,0.0033457249070631967,0.008550185873606009,0.012267657992565018,0.009293680297397855,-0.004089219330854932,-0.004460966542751077,0.0014869888475835813,0.009293680297397855,0.004089219330855043,0.014126394052044744,-0.0029739776951672736,0.008921933085501932
4,4,0.8661710037174721,0.8144329896907216,0.8643760746745272,0.9508720216163105,-0.0022304832713754275,-0.005947955390334547,-0.00892193308550182,-0.0022304832713754275,0.004832713754646889,0.005947955390334547,0.0007434944237918462,0.009293680297397744,0.0018587360594795044,-0.006691449814126393,-0.0026022304832713505,-0.00892193308550182,-0.005947955390334547,0.0014869888475835813,0.0026022304832713505,-0.00631970260223047,-0.0007434944237918462,-0.0029739776951673846,-0.0014869888475835813,0.0022304832713754275,-0.016728624535315872,-0.0007434944237918462,-0.0003717472118959231,0.003717472118959231,-0.00631970260223047,0.006691449814126393,0.008550185873605898,-0.0011152416356876582
5,5,0.895910780669145,0.8541666666666666,0.8948047162859248,0.9654875951854582,0.0011152416356879913,-0.0029739776951674957,0.008178438661710086,-0.0003717472118960341,0.0070631970260223165,0.004832713754647,-0.0007434944237917351,0.005576208178438735,0.004089219330855154,0.009665427509293667,0.01747211895910772,0.020817843866171026,-0.0011152416356876582,0.004460966542751077,0.006691449814126504,0.010408921933085513,0.0003717472118961451,-0.0037174721189591198,0.0033457249070633077,0.009665427509293889,-0.0037174721189588977,1.1102230246251565e-16,0.003717472118959231,0.0033457249070633077,-0.005204460966542923,-0.0014869888475835813,-0.005576208178438846,0.00892193308550182
6,6,0.8810408921933085,0.8297872340425532,0.8730655858511422,0.9587939081306804,0.0026022304832714616,-0.0026022304832713505,0.005576208178438624,-0.0011152416356877692,0.0074349442379181285,-0.0003717472118959231,-0.0029739776951672736,-0.013011152416356753,0.008550185873605898,-0.0011152416356877692,-0.00520446096654259,-0.009293680297397744,0.01152416356877306,0.0018587360594795044,-0.011895910780668983,-0.007806691449814163,0.0007434944237917351,-0.011895910780668983,0.0033457249070633077,-0.020817843866171026,0.004089219330855043,-0.0037174721189590088,0.0,-0.005204460966542812,-0.0007434944237918462,-0.0011152416356877692,0.018215613382899676,0.013382899628252787
7,7,0.8773234200743495,0.8235294117647058,0.8676308032424467,0.9538811102923115,0.0003717472118960341,-0.0007434944237918462,1.1102230246251565e-16,-0.004089219330854932,0.01747211895910783,1.1102230246251565e-16,-0.0029739776951672736,0.0014869888475838033,0.005947955390334547,-0.0007434944237916241,-0.0026022304832713505,-0.0037174721189590088,1.1102230246251565e-16,-0.0022304832713754275,0.004089219330855043,-0.008178438661709864,0.0026022304832714616,-0.0037174721189590088,0.0033457249070633077,0.0011152416356878803,0.006691449814126393,-0.01524163568773218,-0.011895910780668983,-0.005947955390334436,-0.0022304832713752054,-0.0074349442379180175,-0.01263940520446083,-0.0018587360594795044
8,8,0.8921933085501859,0.8527918781725888,0.8971997052321297,0.9680668140506019,-0.0022304832713753164,0.0022304832713755385,0.0007434944237917351,0.0003717472118960341,0.0037174721189591198,-0.0018587360594793934,0.006691449814126504,-0.005204460966542701,0.005204460966542701,0.004089219330855043,0.01003717472118959,0.008550185873605898,-0.004460966542750855,-0.008178438661710197,-0.0022304832713754275,0.01003717472118959,-0.013011152416357086,0.0003717472118960341,-0.00037174721189581206,-0.004460966542750855,-0.0074349442379180175,-0.008178438661710086,-0.0029739776951672736,-0.01003717472118959,0.0037174721189591198,-0.0007434944237916241,1.1102230246251565e-16,0.005204460966542701
9,9,0.9182156133828996,0.8804347826086957,0.9091439449766643,0.9725497420781135,-0.0003717472118960341,-0.0003717472118960341,-0.005204460966542923,0.00037174721189581206,0.007806691449814052,-0.0037174721189591198,-0.0003717472118960341,-0.0003717472118960341,0.0070631970260222054,0.004089219330854821,0.01152416356877306,0.0037174721189588977,0.01152416356877306,0.005947955390334547,-0.005947955390334658,-0.0022304832713755385,-0.004832713754647,0.005204460966542701,0.012639405204460719,0.024163568773234334,0.014498141263940445,-0.0029739776951672736,-1.1102230246251565e-16,-0.004460966542750855,0.0011152416356876582,-0.0018587360594796154,0.005576208178438624,0.01635687732341995
10,10,0.895910780669145,0.8526315789473684,0.8921947924342913,0.9732252517808893,-0.005947955390334547,0.0014869888475836923,-0.0014869888475836923,0.014126394052044633,0.004832713754647,0.010037174721189701,0.018215613382899565,-0.013011152416356975,0.005576208178438735,0.004460966542751077,0.014498141263940556,0.009665427509293667,-0.005947955390334547,-0.006319702602230581,0.010780669144981325,-0.006319702602230581,-0.0014869888475835813,0.01115241635687747,0.003717472118959231,-0.01635687732342006,0.006691449814126504,0.014869888475836257,-0.0022304832713753164,-0.0011152416356877692,-0.0070631970260224275,0.008178438661710086,-0.007806691449814385,-0.0011152416356876582
11,11,0.8587360594795539,0.7978723404255319,0.8482866617538688,0.9578113485630066,-0.0007434944237918462,-0.0026022304832713505,-0.005576208178438735,-0.0033457249070631967,-0.0003717472118959231,0.0022304832713753164,-0.005576208178438735,-0.0007434944237918462,0.0026022304832712395,-0.005947955390334658,-0.004832713754646889,0.0074349442379181285,-0.004089219330854932,0.0018587360594795044,-0.0070631970260223165,-0.006319702602230581,-0.008550185873605898,-0.0026022304832713505,-0.007806691449814163,-0.008178438661710086,-0.0018587360594795044,-0.01003717472118959,-0.013382899628252787,-0.0037174721189590088,-0.0022304832713754275,-0.0011152416356877692,0.0018587360594795044,0.010037174721189479
12,12,0.8847583643122676,0.8324324324324325,0.8732805207565708,0.9709530827806436,-0.010780669144981436,-0.006691449814126282,-0.008178438661709864,-0.00892193308550171,0.011895910780669094,-0.0026022304832713505,0.008550185873606009,-0.017843866171003864,-0.0014869888475836923,0.009293680297397744,-0.015613382899628436,-0.019702602230483368,-0.010780669144981214,-0.0070631970260222054,-0.014126394052044855,-0.0007434944237917351,-0.020446096654275214,-0.0070631970260222054,-0.010037174721189368,0.0237918215613383,0.0011152416356877692,-0.010408921933085513,-0.00892193308550171,-0.004089219330855043,0.008178438661710086,0.0011152416356877692,-0.020446096654275325,-0.005204460966542701
13,13,0.8661710037174721,0.8105263157894737,0.8591562269712602,0.9594080078604765,0.0022304832713754275,-0.005576208178438735,-0.005204460966542812,0.0011152416356876582,0.003717472118959231,-0.01375464684014871,-0.010780669144981325,-0.0018587360594795044,0.009665427509293556,-0.010408921933085402,0.010037174721189701,-0.0026022304832713505,0.008550185873605898,-0.009293680297397744,-0.012267657992564907,-0.008550185873605898,-0.007806691449814052,-0.005947955390334547,-0.015241635687732291,-0.040520446096654394,0.00631970260223047,-0.024163568773234112,-0.010780669144981325,-0.0029739776951671626,-0.010037174721189479,-0.0022304832713754275,-0.0018587360594795044,0.00631970260223047
14,14,0.9144981412639405,0.8756756756756757,0.906319086219602,0.9724883321051339,0.0037174721189590088,0.004460966542750744,0.0037174721189590088,0.013011152416356864,-0.0033457249070633077,0.011152416356877137,0.005576208178438513,-0.0026022304832714616,-0.005576208178438735,0.0011152416356876582,0.008550185873605676,0.009293680297397522,0.0029739776951671626,-0.0011152416356878803,0.009665427509293556,-0.0014869888475838033,-0.0014869888475838033,0.01263940520446083,0.00037174721189570104,0.0026022304832712395,0.004460966542750744,0.0029739776951671626,0.0026022304832712395,0.005947955390334547,0.0,0.010037174721189257,-0.004089219330855154,0.013382899628252787
15,15,0.895910780669145,0.8426966292134831,0.8765352493244902,0.9671456644559078,0.0033457249070633077,-0.005947955390334658,-0.011895910780669317,-0.009293680297397855,0.005947955390334658,0.009665427509293667,0.006691449814126504,0.011895910780669094,-0.0007434944237919572,-0.006319702602230581,0.004832713754647,0.005576208178438735,-0.008178438661710308,-0.008550185873606009,-0.0029739776951671626,-0.008178438661710086,1.1102230246251565e-16,0.0011152416356879913,-0.010408921933085735,0.015613382899628436,-0.01003717472118959,-0.010780669144981547,0.009293680297397966,-0.00037174721189581206,-0.0014869888475836923,-0.0070631970260224275,-0.010780669144981547,-0.0026022304832712395
16,16,0.9070631970260223,0.8603351955307262,0.8902296732989438,0.9704618029968067,0.00892193308550171,0.004460966542750855,0.0014869888475836923,0.0007434944237918462,0.015613382899628214,0.004460966542750855,0.0037174721189590088,-0.0029739776951673846,0.01003717472118959,0.022304832713754608,0.005204460966542812,0.014869888475836479,-0.013382899628252898,0.004460966542750855,0.005204460966542701,-0.0018587360594796154,-0.004832713754646889,0.006691449814126282,0.028996282527881223,0.004832713754646778,0.005576208178438513,0.011895910780669205,0.008550185873605898,0.004832713754646889,-1.1102230246251565e-16,0.009665427509293778,0.0029739776951672736,-0.0007434944237919572
17,17,0.862453531598513,0.8042328042328042,0.8537214443625645,0.9573200687791696,0.0007434944237918462,0.0014869888475836923,0.0007434944237918462,0.005204460966542701,0.02527881040892188,0.0007434944237918462,0.0070631970260223165,-0.0014869888475836923,0.004089219330854932,-0.0022304832713755385,-0.0018587360594796154,-0.0011152416356877692,0.004460966542750855,0.008921933085502043,0.0003717472118959231,0.004832713754646778,1.1102230246251565e-16,-0.008178438661710086,-0.0018587360594796154,0.0037174721189591198,0.0007434944237918462,0.0011152416356877692,-0.005576208178438624,-0.0018587360594793934,-0.0007434944237919572,0.0026022304832713505,0.009665427509293667,-0.0011152416356877692
18,18,0.8921933085501859,0.8465608465608465,0.8867600098255957,0.9719356423483173,0.0011152416356878803,-0.0007434944237916241,-0.005204460966543034,-0.0037174721189590088,0.005576208178438846,-0.0018587360594793934,0.004089219330855043,-0.004832713754646778,-0.0007434944237916241,0.0007434944237919572,-0.008921933085502043,0.0007434944237919572,-0.0070631970260223165,-0.0037174721189590088,-0.00037174721189581206,-0.0007434944237916241,-0.007806691449814163,0.0014869888475836923,0.0074349442379181285,-0.0029739776951672736,0.008550185873605898,-0.005947955390334436,-0.010408921933085624,-0.0022304832713753164,1.1102230246251565e-16,-0.0011152416356875472,-0.005204460966543034,0.006691449814126393
19,19,0.8847583643122676,0.841025641025641,0.8863301400147383,0.9572586588061901,0.0033457249070631967,0.0014869888475836923,-0.006319702602230359,-0.0037174721189591198,-0.0029739776951672736,0.0018587360594796154,0.0007434944237918462,0.004460966542750855,-0.0033457249070631967,0.006319702602230359,-0.00037174721189581206,0.008550185873606009,-0.006319702602230803,-0.0018587360594796154,0.005576208178438624,0.0007434944237918462,0.0029739776951672736,-0.0014869888475834703,0.006691449814126504,0.009665427509293667,0.0014869888475836923,0.0007434944237917351,-0.0018587360594793934,1.1102230246251565e-16,-0.004832713754646778,0.005947955390334547,-0.0018587360594796154,0.0033457249070631967
20,20,0.8810408921933085,0.8333333333333334,0.8782854335544092,0.9673913043478262,-0.0011152416356877692,-0.0018587360594797264,-0.005576208178438735,-0.0026022304832714616,0.0022304832713754275,0.0022304832713755385,0.004460966542750966,-0.004089219330854932,0.0,-0.02118959107806706,-0.019330855018587556,-0.01784386617100364,-0.01970260223048348,-0.008550185873605898,-0.016728624535315872,-0.01635687732342017,-0.009293680297397744,-0.010037174721189479,-0.0070631970260223165,0.0011152416356876582,-0.006691449814126393,-0.006691449814126282,0.0,0.0026022304832714616,-0.008550185873605898,-0.004460966542750966,-0.008550185873605898,-0.005947955390334658
21,21,0.8847583643122676,0.8472906403940886,0.8967698354212724,0.9718128224023582,-0.0003717472118960341,0.0033457249070631967,0.0014869888475834703,0.0022304832713753164,0.008550185873606009,0.0011152416356877692,-0.0022304832713755385,0.0074349442379182396,0.0022304832713755385,0.007806691449814163,0.006319702602230359,-0.0037174721189591198,-0.007806691449814052,-0.02007434944237929,-0.014869888475836257,-0.03234200743494431,-0.0007434944237917351,0.0007434944237918462,-0.006691449814126282,0.019702602230483146,-0.014498141263940556,-0.011524163568773171,-0.008921933085501932,0.0014869888475834703,-0.0022304832713755385,0.0029739776951672736,-0.013754646840148932,0.0011152416356877692
22,22,0.862453531598513,0.8082901554404145,0.8589412920658315,0.9568287889953329,-0.0003717472118960341,-0.005947955390334547,-0.00631970260223047,-0.007806691449814163,0.0029739776951672736,-0.004832713754646778,-0.0022304832713755385,-0.019330855018587445,0.006691449814126504,0.0026022304832713505,0.0003717472118959231,-1.1102230246251565e-16,-0.0070631970260222054,-0.01115241635687736,-0.015613382899628325,-0.028624535315984967,-0.004089219330855043,-0.00037174721189581206,0.011895910780669205,0.0022304832713754275,-0.005947955390334658,-0.006691449814126282,-0.013011152416356864,-0.004832713754646778,-0.00037174721189581206,0.0070631970260223165,0.005947955390334436,0.004460966542750855
23,23,0.9033457249070632,0.8617021276595744,0.8978445099484156,0.9680668140506019,0.0029739776951671626,0.0026022304832714616,0.0022304832713753164,0.0007434944237917351,0.006319702602230581,0.014126394052044744,0.011524163568773393,0.01226765799256524,-0.0003717472118959231,0.01115241635687747,-1.1102230246251565e-16,-0.0007434944237920682,0.010780669144981547,0.015241635687732402,0.009293680297397966,0.00631970260223047,-0.0003717472118961451,0.0026022304832714616,0.00037174721189581206,0.0007434944237917351,0.00037174721189570104,0.005947955390334325,-1.1102230246251565e-16,-0.0003717472118959231,-0.0003717472118959231,0.0018587360594796154,0.007806691449814052,0.017843866171003864
24,24,0.8661710037174721,0.8217821782178217,0.8748157700810612,0.9530827806435767,0.0029739776951671626,-0.0007434944237918462,0.005576208178438735,-0.0007434944237918462,0.011524163568773282,-0.0022304832713754275,-0.004460966542750966,-0.0007434944237918462,0.007806691449814052,-0.0014869888475835813,0.004832713754646889,-0.005204460966542812,-0.010408921933085402,-0.004832713754646889,-0.014498141263940445,-0.015613382899628214,0.005204460966542812,-0.005947955390334547,-0.0007434944237918462,0.010408921933085624,-0.0070631970260223165,-0.011152416356877248,-0.010037174721189479,-0.026022304832713616,0.0070631970260223165,0.0007434944237918462,-0.011152416356877248,-0.0033457249070633077
25,25,0.8773234200743495,0.8272251308900523,0.8728506509457137,0.9592851879145173,-0.011524163568773171,-0.0037174721189590088,-0.004832713754646778,0.005204460966542812,-0.006319702602230359,-0.0026022304832713505,-0.01784386617100364,-0.0026022304832713505,-0.006319702602230359,-0.011524163568773171,0.0033457249070633077,-0.006691449814126393,-0.01635687732342006,-0.0018587360594795044,-0.014126394052044633,-0.014498141263940334,-0.011152416356877248,0.0037174721189591198,-0.01784386617100342,-0.017100371747211685,-0.009293680297397744,-0.006691449814126393,-0.00631970260223047,-0.010780669144981325,-0.014126394052044411,-0.009293680297397744,0.004089219330855043,-0.00037174721189570104
26,26,0.8736059479553904,0.8045977011494253,0.8465364775239499,0.957442888725129,0.0007434944237918462,-0.0026022304832712395,0.0033457249070633077,0.0029739776951672736,0.01784386617100364,0.004460966542750855,0.005204460966542812,0.0029739776951672736,0.0018587360594795044,-0.004460966542750966,0.0014869888475836923,-0.01003717472118959,-0.005576208178438624,-0.0014869888475835813,-0.0014869888475835813,0.0033457249070631967,-0.0033457249070630857,-0.0037174721189590088,-0.0037174721189590088,0.0022304832713754275,0.01747211895910794,-0.005947955390334325,-0.013382899628252787,-0.0011152416356876582,0.0022304832713754275,-0.0037174721189590088,-0.0037174721189590088,0.014126394052044633
27,27,0.8736059479553904,0.8191489361702128,0.8648059444853844,0.95885531810366,0.0022304832713754275,-0.0022304832713753164,-0.0018587360594795044,0.0003717472118959231,-0.0011152416356876582,0.0029739776951672736,0.004460966542751077,-0.00037174721189581206,0.0,0.0074349442379182396,-0.0022304832713753164,-0.0029739776951671626,-0.011524163568773282,-0.0037174721189590088,0.0033457249070631967,0.008178438661710086,0.0,-0.0018587360594795044,0.0007434944237918462,0.004832713754646889,-0.0014869888475835813,0.0037174721189590088,0.0007434944237918462,-0.008921933085501932,0.0018587360594795044,0.0007434944237918462,0.009293680297397744,0.011524163568773282
28,28,0.8847583643122676,0.837696335078534,0.8811102923114713,0.9599606976172931,1.1102230246251565e-16,0.0018587360594796154,0.0014869888475836923,0.008921933085501932,0.01895910780669141,0.010408921933085513,-1.1102230246251565e-16,0.015985130111524026,0.019330855018587334,0.02007434944237907,0.005204460966542923,0.0029739776951672736,0.004832713754646778,-0.0014869888475834703,-0.01524163568773218,-0.00037174721189581206,0.0026022304832713505,0.014126394052044522,0.0074349442379182396,0.010408921933085513,0.013754646840148599,-0.005947955390334547,0.011524163568773171,-0.004089219330855043,0.005204460966542701,0.023048327137546454,0.013382899628252676,0.0074349442379182396
29,29,0.8921933085501859,0.8542713567839196,0.8998096290837632,0.9721198722672563,0.004832713754646889,0.0033457249070631967,0.0022304832713755385,0.0037174721189591198,0.0014869888475836923,-0.0037174721189590088,0.004089219330855043,-0.0026022304832711285,-0.0007434944237916241,-0.005576208178438735,0.0022304832713755385,0.004832713754647,0.008550185873606009,-0.0022304832713753164,-0.0026022304832713505,-0.008550185873605898,-0.009665427509293778,0.004460966542750966,-0.0007434944237918462,0.0037174721189591198,0.0014869888475836923,0.0026022304832714616,0.0033457249070631967,-0.005576208178438735,-0.004832713754646889,0.004460966542750966,0.006691449814126504,0.0022304832713755385
30,30,0.8698884758364313,0.8167539267015707,0.8645910095799558,0.9581798084008843,-0.0029739776951672736,-0.0014869888475836923,-0.0007434944237918462,-0.0003717472118959231,0.0033457249070631967,-0.0003717472118959231,0.0026022304832714616,-0.0070631970260222054,0.008550185873606009,-0.004832713754646778,-0.0014869888475836923,-0.006319702602230359,-0.013382899628252676,-0.006319702602230359,-0.0018587360594796154,-0.0007434944237918462,-0.0003717472118959231,-0.006691449814126282,0.01003717472118959,0.006691449814126282,-0.0018587360594796154,-0.0070631970260222054,0.0033457249070631967,-0.011152416356877248,-0.0074349442379181285,0.005204460966542701,0.006691449814126504,0.009665427509293667
31,31,0.8438661710037175,0.776595744680851,0.8317673790223532,0.9521616310488823,-0.0011152416356875472,0.01263940520446094,0.010780669144981436,0.0070631970260224275,0.020817843866170915,0.01115241635687736,0.014126394052044522,0.006691449814126393,0.007806691449814052,-0.013011152416356864,0.0014869888475838033,-0.00892193308550182,-0.0007434944237916241,-0.0033457249070630857,-0.011152416356877248,-0.012267657992565129,-0.0011152416356875472,-0.0011152416356875472,-0.004460966542750855,-0.0014869888475835813,0.0037174721189591198,-0.008550185873605898,0.004832713754646889,0.007806691449814052,-0.0014869888475835813,0.005576208178438624,-0.0022304832713754275,0.0022304832713755385
32,32,0.8996282527881041,0.8524590163934426,0.887189879636453,0.9707688528617047,0.0022304832713755385,0.004460966542750966,0.0018587360594792823,0.0026022304832713505,0.0029739776951673846,0.006319702602230692,0.0014869888475834703,0.003717472118959231,0.006319702602230692,-0.0029739776951671626,-0.005576208178438846,0.015241635687732513,-0.0018587360594795044,-0.0029739776951671626,0.0022304832713754275,-0.01263940520446094,-0.005576208178438846,-0.005204460966542812,-0.004832713754647111,-0.0003717472118960341,0.008921933085501932,2.220446049250313e-16,-0.0018587360594797264,-0.01635687732342017,-0.010408921933085624,-0.0007434944237916241,-0.011895910780669205,-0.0029739776951673846
33,33,0.8996282527881041,0.8491620111731844,0.881970031933186,0.9694178334561534,-0.0074349442379182396,-0.007806691449814274,-0.005204460966542923,-0.0026022304832713505,0.010037174721189701,0.004460966542751188,-0.009293680297397855,-0.008921933085501932,0.003717472118959231,-0.0003717472118959231,-0.007806691449814274,-0.004460966542751188,-0.0185873605947956,-0.0070631970260224275,-0.005576208178438846,-0.008178438661710197,-0.0022304832713755385,0.0033457249070630857,-0.010408921933085624,0.011524163568773282,-0.020446096654275103,0.006319702602230692,-0.005204460966542812,-0.012267657992565129,-0.009293680297397855,0.004460966542751188,0.02230483271375472,-0.0070631970260224275
34,34,0.895910780669145,0.8541666666666666,0.8948047162859248,0.9618029968066815,0.0070631970260223165,0.014869888475836479,0.003717472118959231,0.0014869888475838033,0.014498141263940556,0.0007434944237918462,-0.0011152416356876582,0.021933085501858796,0.004089219330855154,0.0014869888475838033,-0.0033457249070631967,0.0070631970260223165,0.004832713754647,0.004832713754647,-0.011524163568773171,0.014126394052044633,-0.0007434944237917351,0.02267657992565053,0.006319702602230581,0.011524163568773393,0.010037174721189701,-0.005947955390334658,0.005204460966542812,-0.006691449814126504,0.00892193308550182,0.005576208178438735,0.0022304832713756495,-0.0033457249070634187
35,35,0.8698884758364313,0.8087431693989071,0.8541513141734218,0.9659174649963154,0.0029739776951672736,0.005204460966542701,-0.005576208178438624,0.004089219330855043,0.008550185873606009,0.0037174721189591198,-0.005204460966542701,-1.1102230246251565e-16,0.0022304832713755385,0.0022304832713755385,-0.0018587360594796154,-0.006319702602230359,0.007806691449814163,-0.007806691449813941,-0.008550185873605787,0.0029739776951672736,-1.1102230246251565e-16,-0.0018587360594796154,0.004832713754646778,0.0022304832713755385,-0.005204460966542701,-0.011895910780669094,0.004089219330855043,0.0007434944237919572,0.0003717472118960341,-0.004460966542750855,-0.0037174721189591198,0.0026022304832714616
36,36,0.8698884758364313,0.8148148148148148,0.8619810857283223,0.9638909358879881,-1.1102230246251565e-16,-0.0022304832713754275,0.0011152416356877692,0.0014869888475836923,0.005947955390334547,0.0011152416356877692,0.0003717472118960341,0.006691449814126282,0.004089219330855043,-0.0007434944237918462,0.005576208178438624,0.009665427509293667,0.004089219330855043,-0.0018587360594796154,0.0018587360594796154,0.004089219330855043,-1.1102230246251565e-16,-0.008550185873606009,-0.0011152416356877692,-0.0018587360594796154,0.0070631970260224275,0.00037174721189581206,0.0014869888475836923,-1.1102230246251565e-16,0.0007434944237919572,0.011524163568773171,0.005947955390334547,0.008550185873606009
37,37,0.862453531598513,0.8082901554404145,0.8589412920658315,0.9641365757799067,0.0029739776951672736,0.0014869888475836923,-0.0011152416356876582,0.005204460966542701,0.006319702602230359,-0.0011152416356877692,0.0018587360594796154,0.009665427509293667,0.009665427509293667,0.004089219330854932,-0.013754646840148599,0.0007434944237918462,-0.017843866171003753,-0.01263940520446094,-0.033085501858736044,-0.006691449814126282,-0.022304832713754497,0.0014869888475836923,0.004460966542750855,-0.018587360594795488,0.006319702602230359,-0.0007434944237919572,-0.00631970260223047,-0.013011152416356864,0.0011152416356877692,-0.0011152416356877692,-0.010408921933085513,-0.01003717472118959
38,38,0.8698884758364313,0.8223350253807107,0.8724207811348563,0.9701547531319086,0.0026022304832714616,-0.004089219330854932,-0.005576208178438624,-0.007806691449813941,-0.0037174721189591198,1.1102230246251565e-16,0.0033457249070631967,0.0014869888475836923,-0.0070631970260222054,-0.008550185873606009,0.0029739776951672736,0.0018587360594796154,-0.004460966542750855,-0.0033457249070631967,-0.0018587360594796154,-0.005576208178438624,-0.006319702602230359,0.0014869888475836923,0.0018587360594796154,-0.0007434944237918462,0.0014869888475836923,-0.005204460966542701,-0.0026022304832713505,0.0022304832713755385,-0.0033457249070631967,0.0022304832713755385,-0.0014869888475836923,-0.010780669144981325
39,39,0.8736059479553904,0.8210526315789474,0.8674158683370179,0.9664087447801524,-0.0011152416356876582,-0.0007434944237917351,-0.0007434944237917351,0.0022304832713754275,0.0074349442379182396,0.009665427509293667,0.01115241635687747,-0.0026022304832712395,0.0007434944237918462,0.010408921933085402,-0.013754646840148599,0.005947955390334658,-0.0029739776951671626,0.0033457249070631967,-0.014498141263940223,0.0022304832713754275,-0.00037174721189581206,0.0018587360594795044,-0.00037174721189581206,-0.013382899628252787,0.0070631970260223165,-0.004832713754646667,-0.008178438661709975,-0.0037174721189590088,-0.0007434944237917351,0.0033457249070631967,0.0037174721189590088,-0.01635687732341995
40,40,0.8847583643122676,0.8342245989304813,0.8758904446082043,0.9677597641857038,-0.0014869888475836923,-0.0037174721189591198,0.004089219330855043,-0.004460966542750855,0.009665427509293667,0.011524163568773171,0.0029739776951672736,0.009293680297397744,-0.005204460966542701,0.0007434944237918462,-0.0022304832713753164,-0.0007434944237918462,-0.010408921933085513,0.0007434944237918462,0.009293680297397744,-0.0026022304832712395,-0.0011152416356877692,-0.0074349442379181285,0.009293680297397744,0.005576208178438624,0.004089219330855043,-0.004832713754646778,0.0014869888475834703,-0.005204460966542701,-0.0011152416356876582,0.0014869888475836923,-0.00037174721189581206,0.026765799256505463
41,41,0.8996282527881041,0.8556149732620321,0.89240972733972,0.9737165315647262,0.007806691449814274,-0.0033457249070630857,0.005576208178438846,-0.0018587360594795044,0.021933085501858685,0.012267657992565129,0.018959107806691522,0.011524163568773282,0.010780669144981325,0.005576208178438846,0.01115241635687736,0.005576208178438735,-0.00855018587360612,0.004089219330855043,0.008550185873605898,-0.0007434944237916241,0.0033457249070630857,-0.008178438661710197,0.018959107806691522,0.023048327137546565,-0.0029739776951673846,0.011524163568773282,0.014869888475836368,-0.0007434944237918462,-0.0011152416356878803,0.004460966542750966,-0.010780669144981436,0.0026022304832713505
42,42,0.8587360594795539,0.8020833333333334,0.8535065094571359,0.9606362073200687,0.0007434944237917351,-0.005576208178438513,-0.0014869888475836923,-0.006319702602230581,0.005947955390334547,0.004832713754646889,0.004089219330855043,-0.0033457249070631967,0.005947955390334769,-0.004832713754646889,0.0029739776951671626,0.004089219330855043,0.006319702602230581,0.004832713754646889,-0.005947955390334658,-0.0026022304832713505,0.0033457249070631967,0.0070631970260222054,-0.006691449814126393,0.006691449814126393,-0.004832713754646889,-0.0026022304832713505,-0.0074349442379182396,-0.010780669144981547,-0.0022304832713754275,0.005204460966542701,0.007806691449814052,-0.0022304832713754275
43,43,0.8587360594795539,0.7934782608695652,0.8430668140506018,0.9630926062392533,-0.0003717472118959231,-0.008550185873605898,-0.005947955390334658,-0.0014869888475836923,0.00631970260223047,0.0,-0.0037174721189590088,-0.03271375464684001,0.00631970260223047,0.0029739776951673846,0.0014869888475835813,0.0022304832713753164,-0.014869888475836479,-0.006691449814126393,-0.011524163568773282,-0.005204460966542812,-0.015613382899628214,-0.012639405204461052,-0.008550185873605898,-0.01747211895910772,-0.009665427509293667,-0.00892193308550182,-0.0033457249070631967,-0.0037174721189590088,-0.01635687732342006,-0.005947955390334658,-0.0074349442379182396,-0.005576208178438735
44,44,0.8884758364312267,0.8369565217391305,0.8761053795136331,0.9675141242937852,-0.0070631970260223165,-0.008178438661709975,-0.0033457249070630857,0.0018587360594795044,0.003717472118959231,-0.01486988847583659,-0.01970260223048348,-0.0029739776951671626,0.01375464684014871,-0.0070631970260223165,-0.004832713754646667,-0.0022304832713754275,0.008550185873605898,-0.02267657992565064,-1.1102230246251565e-16,-0.01858736059479571,-0.005947955390334436,-0.0037174721189590088,-0.004832713754646667,0.0026022304832714616,0.005947955390334658,-0.00892193308550182,-0.008921933085502154,-0.008921933085502154,-0.005947955390334436,-0.0022304832713754275,-0.01486988847583659,0.015613382899628214
45,45,0.8587360594795539,0.8,0.8508965856055024,0.9453451240481454,0.005576208178438624,0.005947955390334547,0.005947955390334769,0.005576208178438624,0.040520446096654394,0.012267657992565018,-0.010037174721189701,-0.01003717472118959,0.011524163568773282,-0.0018587360594795044,0.00037174721189581206,0.0037174721189591198,0.0029739776951673846,-0.014126394052044633,-0.005576208178438513,0.0014869888475835813,0.005576208178438624,0.0070631970260222054,0.008550185873605898,0.011524163568773282,-0.010408921933085402,-0.0011152416356877692,-0.0033457249070631967,-0.010780669144981547,-0.004460966542751077,-0.0022304832713754275,-0.010037174721189701,-0.018215613382899565
46,46,0.8996282527881041,0.8491620111731844,0.881970031933186,0.9685580938344387,0.005576208178438846,-0.0018587360594795044,-0.003717472118959231,0.0011152416356876582,0.02750929368029742,2.220446049250313e-16,0.009665427509293778,-0.0011152416356876582,0.017100371747212018,0.0026022304832713505,-0.0003717472118960341,0.007806691449814274,0.0007434944237916241,-0.005947955390334769,0.013011152416356864,0.005576208178438846,-0.0066914498141266154,0.011524163568773282,0.007806691449814274,0.0022304832713755385,-0.003717472118959231,0.0070631970260224275,-0.0066914498141266154,0.010780669144981436,-0.0033457249070633077,-0.0003717472118959231,0.007434944237918351,0.007806691449814274
47,47,0.8698884758364313,0.8186528497409327,0.8672009334315893,0.9662859248341931,0.0014869888475836923,0.004460966542750966,-0.0011152416356877692,-0.005204460966542701,0.004089219330855043,0.0014869888475836923,-0.009665427509293667,-0.012267657992565018,0.0011152416356876582,-0.0033457249070631967,-0.0011152416356877692,0.013011152416356864,-0.012639405204461052,-0.006691449814126282,-0.008550185873605787,-1.1102230246251565e-16,-0.0029739776951672736,-0.0018587360594796154,0.020446096654275214,-0.005947955390334436,0.009665427509293667,0.0007434944237919572,-0.00892193308550182,-0.0070631970260223165,-0.007806691449814163,0.0037174721189591198,0.00631970260223047,-0.0037174721189591198
48,48,0.8996282527881041,0.8524590163934426,0.887189879636453,0.968496683861459,0.0033457249070633077,0.00855018587360612,0.0029739776951673846,0.01263940520446094,0.007434944237918351,0.013382899628253009,0.0014869888475838033,-0.0003717472118959231,-0.0022304832713754275,0.010408921933085624,0.003717472118959231,0.0007434944237918462,-0.0029739776951673846,0.016728624535316095,0.0014869888475835813,0.009293680297397855,-2.220446049250313e-16,-0.004460966542750966,2.220446049250313e-16,-0.0029739776951671626,-2.220446049250313e-16,0.01115241635687736,-0.004089219330855265,0.0018587360594797264,-0.0029739776951671626,0.004460966542750966,0.01486988847583659,0.008921933085501932
49,49,0.8736059479553904,0.8210526315789474,0.8674158683370179,0.9694178334561533,-0.0007434944237917351,0.0003717472118959231,-0.008178438661709975,0.005204460966542812,0.007806691449814163,0.0029739776951673846,-0.005947955390334547,0.0007434944237918462,0.0074349442379182396,-0.0007434944237917351,0.0003717472118959231,0.0003717472118959231,0.0,-0.015985130111524026,-0.004089219330854821,-0.009293680297397633,-0.011895910780668983,-0.0014869888475835813,-0.01115241635687736,0.010780669144981547,-0.014498141263940445,-0.017472118959107608,-0.021189591078066616,-0.004832713754646889,-0.00631970260223047,0.0018587360594795044,-0.0074349442379181285,-0.029368029739776813
50,50,0.8661710037174721,0.8043478260869565,0.8513264554163597,0.9583640383198232,-0.0026022304832713505,-0.003717472118959231,-0.003717472118959231,0.0,0.0026022304832713505,0.0018587360594795044,0.0022304832713754275,-0.0022304832713754275,0.0014869888475835813,-0.0007434944237918462,-0.006691449814126393,-0.005576208178438735,-0.004089219330855043,-0.005204460966542812,-0.0033457249070630857,-0.004089219330855043,-0.006691449814126393,-0.004832713754646889,-0.010780669144981325,-0.0022304832713754275,-0.0003717472118959231,-0.0070631970260223165,0.0,0.0026022304832713505,-0.0029739776951671626,0.0022304832713754275,-0.0022304832713754275,-0.004460966542750966
51,51,0.8550185873605948,0.7958115183246073,0.8480717268484401,0.9524686809137805,-1.1102230246251565e-16,-1.1102230246251565e-16,-0.0007434944237919572,-0.0007434944237919572,0.006691449814126282,0.00892193308550182,-0.008550185873606009,-0.0026022304832714616,0.005576208178438513,0.0026022304832713505,-0.013382899628252787,-0.0074349442379181285,-0.010037174721189701,-0.009293680297397855,-0.0074349442379181285,-0.015241635687732402,-0.010037174721189701,-0.0018587360594796154,-0.010780669144981436,0.0022304832713754275,0.005947955390334436,-0.005947955390334547,-0.015613382899628214,-0.018215613382899676,-0.0037174721189591198,-0.00631970260223047,0.0,-0.0018587360594796154
52,52,0.8921933085501859,0.8432432432432433,0.8815401621223287,0.9535126504544338,0.005204460966542701,0.0011152416356878803,-0.0007434944237916241,-0.007806691449814163,0.011895910780669094,0.0029739776951673846,0.0037174721189591198,0.005947955390334769,0.005204460966542701,0.0007434944237919572,0.0007434944237919572,0.008550185873606009,0.010408921933085513,-0.004089219330855154,0.008178438661710086,-0.0007434944237916241,0.0037174721189591198,0.004832713754646889,0.0033457249070631967,0.0007434944237919572,0.005204460966542923,0.00631970260223047,0.0033457249070631967,0.0029739776951673846,0.004832713754646889,0.0007434944237919572,0.009665427509293778,0.0037174721189591198
53,53,0.8847583643122676,0.8359788359788359,0.8785003684598379,0.9641979857528863,0.005204460966542701,-1.1102230246251565e-16,0.0022304832713755385,0.005947955390334547,0.015613382899628325,0.005947955390334547,0.0037174721189591198,0.005204460966542701,0.0029739776951672736,0.013754646840148599,0.0029739776951672736,0.023420074349442377,-0.0033457249070631967,0.0022304832713755385,-0.0018587360594793934,-0.015613382899628325,0.0033457249070631967,0.008550185873605787,0.014126394052044522,0.005947955390334547,-0.015613382899628103,-0.0018587360594796154,-0.015985130111524137,-0.01858736059479571,0.0022304832713755385,-0.004460966542750855,0.004089219330855043,-0.016356877323420282
54,54,0.8996282527881041,0.8586387434554974,0.897629575042987,0.9580569884549252,-0.0022304832713755385,0.003717472118959231,0.0007434944237919572,0.0033457249070633077,0.03011152416356866,0.01263940520446094,0.008921933085501932,0.015241635687732513,0.015241635687732513,-0.0003717472118960341,0.0011152416356876582,0.026765799256505574,0.011524163568773282,-0.0026022304832713505,0.0029739776951673846,0.01486988847583659,0.0022304832713755385,0.0007434944237919572,-0.003717472118959231,0.0029739776951673846,0.018215613382899676,-0.0003717472118959231,-0.0018587360594795044,-0.009293680297397855,0.0014869888475834703,0.010780669144981436,0.005947955390334769,0.009665427509293778
55,55,0.8921933085501859,0.8432432432432433,0.8815401621223287,0.9690493736182756,0.0011152416356878803,-0.0018587360594793934,-0.0029739776951670516,0.0007434944237919572,-0.0018587360594793934,-0.0007434944237918462,-0.0037174721189590088,0.01003717472118959,0.0011152416356878803,-0.005947955390334436,-0.015613382899628436,-0.010408921933085624,-0.017100371747212018,-0.011895910780669205,-0.00037174721189581206,-0.019330855018587445,-0.005947955390334769,-0.0011152416356875472,-0.004089219330855154,0.0007434944237919572,-0.019330855018587445,-0.007806691449814274,1.1102230246251565e-16,0.005204460966542923,-0.005947955390334769,-0.00855018587360612,-0.0070631970260222054,-0.0070631970260223165
56,56,0.8921933085501859,0.8497409326424871,0.8919798575288627,0.968189633996561,-0.0007434944237916241,1.1102230246251565e-16,0.0003717472118960341,0.0003717472118960341,0.0074349442379181285,0.0033457249070631967,0.0003717472118960341,0.0018587360594796154,1.1102230246251565e-16,-0.0022304832713753164,-0.004089219330855154,-0.0014869888475834703,-0.0026022304832711285,0.0029739776951673846,0.0007434944237919572,0.0007434944237919572,-0.0022304832713753164,-0.0007434944237916241,0.008550185873606009,0.011524163568773282,0.01115241635687736,0.0011152416356878803,0.0033457249070631967,0.0026022304832714616,-0.010780669144981547,-0.0022304832713754275,-0.004089219330854932,1.1102230246251565e-16
57,57,0.8736059479553904,0.8247422680412371,0.8726357160402849,0.9646892655367232,0.0011152416356877692,-0.0029739776951671626,-0.0029739776951671626,-0.0029739776951671626,0.010037174721189701,0.0033457249070631967,0.0070631970260223165,0.006691449814126393,-0.0026022304832712395,0.005576208178438735,0.007806691449814163,0.009665427509293667,-0.006691449814126393,-0.007806691449814052,-0.014126394052044522,0.006319702602230581,-0.0033457249070630857,0.004832713754646889,0.015241635687732291,-0.0014869888475835813,-0.0037174721189590088,-0.013011152416356642,-0.014498141263940445,-0.02044609665427488,-0.006691449814126393,-0.00037174721189581206,0.009665427509293667,0.008550185873605898
58,58,0.8847583643122676,0.8287292817679558,0.8680606730533038,0.9658560550233358,0.010408921933085513,0.004832713754646778,0.0014869888475836923,0.006319702602230581,0.014498141263940556,0.012267657992565018,-0.017843866171003864,0.012267657992565018,0.028624535315984967,0.004089219330855043,-0.0029739776951671626,0.0018587360594796154,0.0018587360594796154,-0.0018587360594796154,-0.015985130111524137,-0.004460966542750855,0.0003717472118960341,0.01784386617100364,-0.009293680297397744,-0.0022304832713753164,0.014126394052044522,-0.005947955390334547,-0.0014869888475836923,0.0014869888475836923,-0.010037174721189368,-0.013382899628253009,-0.005576208178438624,0.0033457249070631967
59,59,0.8736059479553904,0.8152173913043478,0.8595860967821174,0.9592851879145173,0.010780669144981325,0.004832713754646889,-0.0022304832713753164,-0.004460966542750744,0.01747211895910772,0.01003717472118959,0.015613382899628214,0.0026022304832713505,0.004832713754646889,0.004832713754646889,0.008921933085502043,0.006319702602230581,0.024907063197025958,0.005204460966542812,-0.00037174721189581206,-0.004832713754646667,0.0,0.006319702602230581,-0.0022304832713753164,0.006319702602230581,0.016728624535316095,0.0,0.0007434944237918462,0.0011152416356877692,0.0033457249070631967,-0.0022304832713753164,0.014869888475836479,0.010037174721189701
60,60,0.9144981412639405,0.8743169398907104,0.9037091623679685,0.9746990911323999,-0.0018587360594797264,0.0003717472118959231,0.0074349442379180175,0.01635687732342017,0.00520446096654259,0.0029739776951671626,0.0037174721189590088,-0.0033457249070633077,0.0033457249070630857,-0.008921933085502043,0.008921933085501599,0.0022304832713754275,-0.004460966542750966,0.0018587360594792823,-0.0070631970260223165,-0.0018587360594797264,-0.0011152416356878803,0.011524163568773282,0.027881040892193454,0.0074349442379180175,0.014126394052044411,0.007806691449813941,0.0018587360594795044,-0.008550185873605898,0.0014869888475835813,0.0185873605947956,-0.0007434944237919572,-0.0003717472118961451
61,61,0.8847583643122676,0.8359788359788359,0.8785003684598379,0.9614959469417834,-0.0011152416356877692,-0.0007434944237918462,-0.0026022304832713505,-0.0014869888475836923,0.0074349442379182396,0.0070631970260222054,0.008921933085501932,-0.0029739776951672736,1.1102230246251565e-16,1.1102230246251565e-16,-0.014869888475836701,-1.1102230246251565e-16,-0.020817843866171026,0.0007434944237918462,-0.005204460966542701,-0.0029739776951671626,1.1102230246251565e-16,0.0022304832713755385,-0.00037174721189581206,0.010780669144981436,-0.004089219330855043,-0.0022304832713755385,0.0022304832713755385,-0.0029739776951672736,-0.0007434944237917351,-0.0026022304832713505,0.005204460966542923,1.1102230246251565e-16
62,62,0.8736059479553904,0.8068181818181818,0.8491464013755834,0.9632154261852125,0.0014869888475836923,0.0018587360594795044,-0.00037174721189581206,-0.005947955390334325,0.00892193308550182,-0.004460966542750744,-0.0070631970260222054,0.0026022304832713505,0.006691449814126393,0.005576208178438735,0.005204460966542812,0.004460966542751077,0.005204460966542812,-0.00631970260223047,-0.023048327137546565,-0.01784386617100353,-0.0018587360594795044,-0.0074349442379181285,-0.004089219330854821,0.005947955390334658,0.020817843866171026,-0.015985130111524026,-0.0037174721189590088,-0.00631970260223047,-0.005576208178438624,0.010780669144981325,0.0014869888475836923,0.008550185873605898
63,63,0.8996282527881041,0.850828729281768,0.8845799557848195,0.963768115942029,0.008921933085501932,-0.0018587360594797264,0.005576208178438846,0.007434944237918351,0.009293680297397855,0.004832713754647111,0.005204460966542812,0.006319702602230692,0.0026022304832713505,0.0007434944237918462,-0.008178438661710197,-0.0070631970260224275,-0.0022304832713754275,0.007806691449814274,-0.004089219330855265,0.008178438661710197,-0.004460966542750966,-0.003717472118959231,0.0029739776951673846,0.00855018587360612,0.01263940520446094,0.0018587360594797264,0.011524163568773504,0.003717472118959231,0.0018587360594795044,0.005576208178438846,0.014126394052044744,0.008921933085501932
64,64,0.8847583643122676,0.8426395939086294,0.8889400638663719,0.9695406534021126,0.0011152416356877692,0.0022304832713755385,0.0014869888475836923,-0.0033457249070631967,0.006691449814126282,-0.0022304832713753164,-0.0014869888475834703,0.00037174721189581206,0.005576208178438735,-0.005204460966542701,0.0026022304832713505,-0.011524163568773171,0.013382899628252676,-0.013011152416356753,-0.0022304832713755385,-0.007806691449814052,-0.0070631970260222054,-0.0007434944237917351,-0.01003717472118959,0.0003717472118960341,0.0007434944237918462,-0.0070631970260222054,-0.0037174721189591198,-0.0029739776951672736,0.0022304832713755385,0.0026022304832712395,0.0003717472118960341,-0.004460966542750855
65,65,0.8884758364312267,0.8421052631578947,0.8839351510685336,0.970891672807664,0.0033457249070633077,-0.014126394052044744,0.004089219330855154,0.0014869888475835813,0.0018587360594795044,0.010780669144981547,0.005576208178438735,0.00631970260223047,0.005204460966542812,0.003717472118959231,0.013011152416356864,0.01375464684014871,-0.015241635687732402,-0.006691449814126393,-0.01635687732342017,-0.00631970260223047,-0.0037174721189590088,0.0022304832713754275,-0.0033457249070630857,-0.010408921933085402,-0.010037174721189701,-0.014498141263940667,-0.017100371747211907,-0.011524163568773282,-0.013754646840148821,0.0074349442379182396,0.0014869888475838033,-0.011152416356877581
66,66,0.8401486988847584,0.7700534759358288,0.8263325964136576,0.9501351019405551,-0.0007434944237917351,-0.0029739776951671626,-0.0029739776951671626,-0.014498141263940445,0.024535315985130035,-0.0014869888475835813,-0.004832713754646889,-0.009293680297397633,-0.0022304832713753164,-0.006691449814126393,-0.0029739776951671626,0.0014869888475836923,-0.02156133828996276,-0.017100371747211907,-0.01895910780669141,-0.01895910780669141,-0.0022304832713753164,-0.008178438661709975,-0.010780669144981436,-0.012267657992565018,-0.006691449814126171,-0.0074349442379181285,-0.017100371747211907,-0.019330855018587334,-0.006691449814126393,0.0026022304832713505,-0.012267657992564907,-0.0014869888475835813
67,67,0.8698884758364313,0.8044692737430168,0.8489314664701548,0.9496438221567183,0.0037174721189591198,0.0007434944237919572,-0.0018587360594796154,-0.0026022304832713505,0.04498141263940514,-0.0022304832713754275,0.0011152416356877692,-0.0022304832713754275,-0.0026022304832713505,-0.0026022304832713505,0.0026022304832714616,-0.006319702602230359,-0.00892193308550182,0.0003717472118960341,0.0007434944237919572,0.01003717472118959,-1.1102230246251565e-16,-0.0037174721189591198,-0.0037174721189591198,0.00037174721189581206,0.008178438661710086,-1.1102230246251565e-16,0.006691449814126282,-0.0003717472118959231,-0.0007434944237918462,0.00037174721189581206,0.004460966542750966,-0.0014869888475836923
68,68,0.8698884758364313,0.8108108108108109,0.8567612380250553,0.96045197740113,0.0037174721189591198,-0.005947955390334436,0.0018587360594796154,-0.0026022304832713505,0.033457249070631856,0.004832713754646778,-0.0007434944237918462,0.004089219330855043,0.008921933085501932,1.1102230246251565e-16,-1.1102230246251565e-16,-0.005576208178438624,0.010780669144981436,-0.01375464684014871,0.0003717472118960341,-0.0011152416356877692,0.0026022304832714616,-0.010037174721189368,-0.013382899628252898,0.004460966542750966,0.007806691449814163,-0.006691449814126282,-0.005204460966542701,-0.008550185873605787,-0.0014869888475836923,0.0011152416356877692,0.0007434944237919572,0.006691449814126504
69,69,0.8475836431226765,0.7807486631016043,0.8345922377794154,0.9538197003193318,0.0003717472118959231,0.0029739776951671626,0.004089219330855043,0.0022304832713754275,0.018587360594795377,0.011152416356877137,0.005947955390334547,-0.0026022304832714616,0.0033457249070633077,0.0033457249070633077,-0.004089219330855154,-0.005947955390334658,-0.0029739776951673846,0.0011152416356876582,0.0007434944237917351,-0.005576208178438735,-0.004089219330855154,0.0026022304832714616,0.004832713754646889,-0.005204460966542812,-0.008178438661710197,-0.0011152416356877692,0.0007434944237917351,-0.0037174721189590088,0.0003717472118959231,0.0070631970260223165,0.0074349442379181285,0.004832713754646889
70,70,0.862453531598513,0.8021390374331551,0.851111520510931,0.9460206337509212,0.0029739776951672736,0.0003717472118959231,0.005947955390334436,1.1102230246251565e-16,0.011895910780669094,0.010780669144981325,-0.00037174721189581206,0.009293680297397744,0.0029739776951672736,0.0026022304832713505,0.0007434944237918462,0.010780669144981325,0.008178438661710086,0.006319702602230581,0.0007434944237918462,-0.006691449814126282,-0.004089219330855043,0.0014869888475836923,-0.00037174721189581206,0.0003717472118959231,0.0014869888475836923,0.0026022304832713505,-0.00631970260223047,0.005204460966542701,-0.010780669144981436,-0.004089219330855043,-0.00037174721189581206,0.0018587360594796154
71,71,0.8401486988847584,0.7772020725388601,0.8341623679685581,0.9210881847211987,0.0037174721189590088,0.0029739776951672736,-0.006691449814126393,0.0018587360594795044,0.013382899628252787,0.0007434944237918462,0.007806691449814163,0.009665427509293667,0.008178438661710086,0.0033457249070631967,0.02081784386617125,-0.0011152416356876582,0.0026022304832713505,-0.006319702602230581,-0.018587360594795488,-0.013011152416356864,-0.005204460966542701,-0.005947955390334547,0.006319702602230581,0.0,0.005947955390334658,-0.0007434944237917351,-0.0033457249070630857,-0.011524163568773282,-0.0011152416356876582,-0.00520446096654259,-0.0029739776951671626,-0.0033457249070630857
72,72,0.8661710037174721,0.8021978021978022,0.848716531564726,0.9600835175632523,-0.0011152416356876582,0.0014869888475835813,-0.0011152416356876582,-0.0011152416356876582,0.014498141263940445,-0.0003717472118959231,0.004832713754646889,0.0022304832713754275,0.0070631970260223165,-0.0026022304832713505,0.005204460966542812,0.0018587360594795044,0.003717472118959231,-0.0018587360594795044,0.0014869888475835813,0.005204460966542812,0.0014869888475835813,0.0022304832713754275,0.004832713754646889,0.0003717472118959231,0.010037174721189479,0.0022304832713754275,0.006691449814126393,0.0003717472118959231,-0.0003717472118959231,0.0014869888475835813,-0.0026022304832713505,-0.0033457249070633077
73,73,0.8661710037174721,0.8181818181818182,0.8695959223777942,0.9523458609678213,-0.0018587360594795044,0.0029739776951671626,-0.004832713754646889,-0.0014869888475835813,0.008178438661709975,-0.0018587360594795044,-0.004832713754646667,-0.0022304832713754275,-0.0014869888475835813,-0.004089219330855043,-0.012267657992564907,-0.021933085501858685,-0.027509293680297198,0.0033457249070633077,0.005947955390334547,-0.0018587360594797264,-0.014498141263940445,-0.0007434944237918462,0.0003717472118959231,0.010408921933085624,-0.005576208178438735,-0.005947955390334547,-0.0070631970260223165,-0.013011152416356864,-0.017843866171003753,-0.0003717472118959231,-0.005576208178438735,0.008178438661709975
74,74,0.9033457249070632,0.8673469387755102,0.9082842053549496,0.9718128224023581,0.0011152416356876582,0.0033457249070631967,0.0033457249070630857,0.0018587360594793934,0.013011152416356975,-1.1102230246251565e-16,0.013382899628252898,0.005947955390334658,0.006691449814126504,0.01598513011152425,0.011895910780669317,0.006691449814126504,0.014869888475836479,-0.005947955390334658,0.004832713754646778,-0.01375464684014871,-0.0003717472118959231,-0.005576208178438735,0.014869888475836479,0.02007434944237907,0.015241635687732402,-0.010408921933085513,-0.008178438661710086,0.009665427509293889,-0.0029739776951674957,-0.007806691449814163,0.010408921933085735,-0.008178438661710086
75,75,0.8475836431226765,0.7807486631016043,0.8345922377794154,0.9509334315892901,0.0014869888475835813,-0.004089219330854932,-0.019330855018587445,0.0011152416356876582,-0.0007434944237918462,-0.004089219330855154,-0.013011152416356864,-0.004832713754646889,-0.0070631970260223165,-0.007806691449814274,-0.006691449814126393,0.0011152416356876582,-0.024163568773234334,-0.005576208178438735,-0.017100371747212018,-0.014498141263940556,-0.01635687732342017,-0.004832713754646889,-0.02267657992565064,-0.0070631970260223165,0.004460966542750966,-0.013382899628253009,-0.021933085501858685,0.0014869888475835813,-0.014126394052044633,0.0037174721189591198,0.0,-0.01486988847583659
76,76,0.8513011152416357,0.7894736842105263,0.8426369442397446,0.9495824121837386,-1.1102230246251565e-16,0.0003717472118960341,-1.1102230246251565e-16,0.006691449814126504,0.0026022304832712395,0.0014869888475834703,0.005576208178438624,0.00037174721189581206,0.0014869888475836923,-0.0018587360594796154,0.0018587360594796154,-0.009293680297397744,0.005947955390334658,-0.007806691449814163,-0.017100371747211907,-0.005576208178438735,-0.0011152416356876582,0.0037174721189591198,-0.006691449814126504,0.0029739776951672736,0.008178438661710086,-0.005947955390334658,-0.00037174721189581206,-0.004089219330855154,-0.0011152416356877692,0.0033457249070631967,-0.0011152416356877692,0.0037174721189591198
77,77,0.895910780669145,0.8526315789473684,0.8921947924342913,0.960759027266028,0.0018587360594797264,-0.0007434944237917351,1.1102230246251565e-16,0.0011152416356879913,0.013754646840148599,0.012267657992565129,0.0011152416356877692,0.007806691449814163,0.00892193308550182,0.0014869888475836923,0.004460966542751077,0.0033457249070633077,0.008550185873606009,-0.006319702602230581,-0.008921933085501932,0.0033457249070633077,0.0014869888475838033,0.02639405204460954,0.0011152416356879913,0.017843866171003864,0.006319702602230692,1.1102230246251565e-16,-0.008550185873606009,-0.008921933085501932,0.0011152416356879913,0.0011152416356879913,-0.0026022304832714616,0.004832713754647
78,78,0.895910780669145,0.8571428571428571,0.9000245639891918,0.9699705232129698,-0.0029739776951674957,-0.004460966542751077,-0.00037174721189581206,-0.0033457249070631967,0.0018587360594796154,0.003717472118959231,-0.023048327137546454,-0.004832713754647,0.003717472118959231,-0.013382899628252898,-0.008921933085501932,0.003717472118959231,0.0070631970260223165,-0.006691449814126282,-0.014498141263940556,-0.0033457249070630857,-0.0026022304832714616,-0.005947955390334658,-0.005204460966542701,0.008178438661710086,0.0007434944237917351,-0.0003717472118960341,-0.004089219330855043,-0.005947955390334547,-0.01858736059479571,-0.004460966542750744,0.0011152416356879913,-0.010780669144981547
79,79,0.8698884758364313,0.8205128205128205,0.8698108572832228,0.9472488332105133,-0.0011152416356877692,-0.004089219330854932,0.0014869888475836923,-0.0033457249070631967,0.01598513011152425,0.0029739776951672736,-0.0018587360594796154,-0.008550185873605787,0.005947955390334547,-0.005204460966542701,-0.005947955390334436,-0.006319702602230359,-0.006319702602230359,-0.011895910780669094,-0.0026022304832713505,-0.007806691449813941,-0.00892193308550182,-0.0037174721189591198,0.0022304832713755385,1.1102230246251565e-16,-0.0011152416356877692,-0.0011152416356877692,-0.018215613382899565,0.0018587360594796154,-0.01003717472118959,0.0018587360594796154,-0.006319702602230359,-0.010780669144981325
80,80,0.8698884758364313,0.8148148148148148,0.8619810857283223,0.9626627364283961,-0.00037174721189581206,-1.1102230246251565e-16,-0.008178438661710086,0.005576208178438624,0.013754646840148599,0.0037174721189591198,-0.004089219330854932,0.004832713754646778,0.0018587360594796154,0.0037174721189591198,0.006691449814126504,-0.0029739776951672736,0.004089219330855043,0.011895910780669094,-0.011524163568773171,-0.012267657992565129,-0.0018587360594796154,0.004460966542750966,-0.019702602230483146,0.020817843866170915,0.004089219330855043,0.0022304832713755385,-0.0007434944237918462,-0.0033457249070631967,-0.0070631970260222054,0.01003717472118959,0.0074349442379181285,0.0018587360594796154
81,81,0.8698884758364313,0.8087431693989071,0.8541513141734218,0.9591009579955785,-0.0011152416356877692,-0.0037174721189591198,-0.010780669144981325,-0.005947955390334436,-0.007806691449813941,-0.005576208178438735,0.021561338289962872,-0.005576208178438624,-0.0007434944237918462,0.007434944237918351,0.005204460966542701,-0.005204460966542701,-0.019702602230483146,-0.0029739776951672736,-0.008178438661709864,-0.0029739776951672736,-0.006691449814126282,-0.0011152416356877692,0.0007434944237919572,-0.0033457249070631967,-0.011524163568773171,0.0037174721189591198,-0.014498141263940556,-0.004460966542750855,0.0014869888475836923,0.0014869888475836923,-0.0007434944237918462,-0.011895910780669094
82,82,0.8736059479553904,0.8229166666666666,0.8700257921886514,0.9660402849422747,-0.0011152416356876582,-0.0037174721189590088,-0.00892193308550171,-0.004460966542750744,-0.010780669144981214,0.0,-0.010780669144981214,0.005576208178438735,0.0014869888475836923,0.0018587360594795044,-0.0037174721189590088,-0.01152416356877306,-0.0319702602230485,-0.006691449814126393,-0.01003717472118959,-0.019702602230483035,-0.019330855018587112,0.0,-0.0189591078066913,-0.0018587360594795044,-0.019702602230483035,-0.011152416356877137,-0.030111524163568992,-0.018215613382899454,-0.0037174721189591198,-0.005576208178438624,-0.011895910780668983,-0.0070631970260222054
83,83,0.8773234200743495,0.8290155440414507,0.8754605747973471,0.9586710881847212,-0.00037174721189570104,-0.00037174721189570104,0.007806691449814052,-0.0026022304832713505,0.0022304832713755385,0.0018587360594796154,0.0033457249070633077,-0.0018587360594795044,1.1102230246251565e-16,-0.0074349442379182396,-0.004089219330854932,0.0070631970260224275,-0.01263940520446083,-0.009665427509293445,0.0037174721189591198,-0.009665427509293445,-0.008550185873605787,0.011524163568773282,0.0011152416356878803,0.005947955390334547,0.0018587360594796154,-0.0022304832713754275,-0.008178438661709975,0.0029739776951673846,-0.009665427509293445,0.004460966542750966,-0.008550185873605787,-0.0003717472118959231
84,84,0.8773234200743495,0.8307692307692308,0.8780704986489807,0.9579341685089658,0.005204460966542812,0.0026022304832714616,0.004460966542750966,-0.0007434944237918462,0.0018587360594796154,0.0074349442379181285,0.010408921933085513,-0.004089219330854932,0.0033457249070633077,0.0026022304832714616,0.0037174721189591198,0.0033457249070633077,0.004089219330855043,-0.0011152416356875472,-0.0018587360594795044,1.1102230246251565e-16,-0.006319702602230359,0.0070631970260223165,0.0033457249070633077,-0.006691449814126282,0.0033457249070633077,-0.0007434944237916241,-0.0018587360594795044,-0.0026022304832713505,0.0014869888475838033,1.1102230246251565e-16,-0.014498141263940334,0.0026022304832714616
85,85,0.862453531598513,0.8021390374331551,0.851111520510931,0.9545566199950872,0.004460966542750855,0.0014869888475836923,0.0014869888475836923,0.0007434944237918462,0.014126394052044633,-0.0014869888475836923,0.0014869888475836923,0.0029739776951672736,0.0007434944237918462,-0.0014869888475836923,-0.0026022304832714616,0.006691449814126504,0.01375464684014871,-0.0026022304832714616,-0.006691449814126282,-0.0014869888475836923,0.0037174721189591198,0.0007434944237918462,0.0007434944237918462,0.0074349442379182396,0.018587360594795488,-0.005576208178438624,-0.006691449814126282,-0.0011152416356877692,-0.004089219330855043,0.005204460966542701,0.008178438661710086,0.004089219330854932
86,86,0.8773234200743495,0.8341708542713567,0.8832903463522477,0.9633382461311717,-0.0033457249070630857,0.0033457249070633077,-0.0007434944237918462,-0.0003717472118959231,-0.0007434944237918462,0.008178438661710197,-0.005947955390334436,-0.004089219330854932,0.0011152416356878803,-0.0003717472118959231,-0.013011152416356753,0.008921933085501932,-0.0014869888475835813,-0.011524163568773171,-0.0037174721189590088,-0.005947955390334436,-0.007806691449813941,0.006691449814126393,0.0022304832713755385,-0.00520446096654259,0.02118959107806706,-0.009665427509293667,-0.014498141263940334,-0.0007434944237916241,-0.0033457249070630857,0.0014869888475838033,0.0007434944237919572,0.0029739776951673846
87,87,0.8847583643122676,0.8393782383419689,0.8837202161631049,0.9621714566445592,0.0022304832713755385,0.0011152416356877692,0.004460966542750855,0.006319702602230359,0.0029739776951672736,0.0037174721189591198,0.0037174721189591198,0.008550185873606009,0.0007434944237918462,0.008550185873606009,0.0033457249070631967,0.004832713754646778,0.00037174721189581206,-0.004089219330855043,1.1102230246251565e-16,-0.004460966542750855,0.0011152416356877692,0.0026022304832713505,-0.0022304832713753164,0.011152416356877248,0.0018587360594796154,0.0014869888475836923,-0.00892193308550171,-0.0029739776951672736,-0.014498141263940556,-0.0018587360594796154,-0.009293680297397633,0.008178438661710086
88,88,0.8996282527881041,0.8524590163934426,0.887189879636453,0.9745148612134611,-0.0066914498141266154,-0.003717472118959231,-0.0022304832713755385,-0.005576208178438846,-0.0011152416356876582,-0.010780669144981436,-0.013382899628252787,-0.004460966542750966,-0.005204460966542923,-0.0011152416356876582,-0.0029739776951673846,0.005576208178438846,-0.003717472118959231,-0.004089219330855043,-0.005947955390334769,-0.0029739776951673846,-0.013011152416356864,0.010408921933085624,-0.0070631970260224275,0.007434944237918351,0.007806691449814274,-0.003717472118959231,0.0014869888475834703,-0.013382899628252787,-0.017100371747212018,-0.0033457249070633077,-0.010780669144981436,-0.0033457249070630857
89,89,0.8475836431226765,0.7853403141361257,0.8398120854826824,0.9550478997789241,-0.0011152416356878803,-0.004832713754646889,-0.003717472118959231,-0.0014869888475835813,0.009665427509293556,0.0011152416356876582,0.0018587360594795044,0.0018587360594795044,0.0026022304832712395,0.0,-0.0014869888475838033,0.0007434944237917351,0.0074349442379181285,-0.009665427509293778,-0.00631970260223047,-0.0014869888475838033,-0.0003717472118959231,-0.003717472118959231,-0.00855018587360612,-0.00631970260223047,0.004460966542750966,-0.007806691449814163,-0.005204460966542812,-0.008178438661710197,-0.005576208178438735,-0.0022304832713754275,0.0011152416356876582,-0.0033457249070633077
90,90,0.8475836431226765,0.7783783783783784,0.8319823139277819,0.952714320805699,0.004460966542750966,0.010780669144981436,-0.0018587360594795044,0.008178438661709975,0.022304832713754608,0.006319702602230248,0.0026022304832714616,0.012267657992564907,0.01747211895910772,-0.0003717472118961451,0.0026022304832714616,0.010037174721189479,0.013011152416356864,0.0,-0.009665427509293778,-0.01115241635687736,0.0003717472118959231,-0.0029739776951672736,-0.0026022304832714616,0.013382899628252787,0.013011152416356864,-0.010037174721189701,-0.0003717472118959231,-0.005204460966542812,-0.008178438661710197,0.0011152416356876582,-0.008178438661709975,-0.006691449814126393
91,91,0.8698884758364313,0.8205128205128205,0.8698108572832228,0.9570744288872514,0.0026022304832714616,-0.007806691449813941,-0.0022304832713754275,-0.0029739776951672736,-0.0003717472118959231,0.0014869888475836923,0.005947955390334547,-0.0007434944237918462,0.0011152416356877692,0.0026022304832714616,0.0037174721189591198,-0.0029739776951672736,-0.021189591078066727,0.007434944237918351,-0.012267657992565018,-0.008550185873605787,-0.00892193308550171,0.0007434944237919572,0.006691449814126282,0.016728624535315983,0.018587360594795488,-0.006691449814126282,-0.010780669144981325,-0.0074349442379181285,-0.0003717472118959231,0.00631970260223047,0.01747211895910783,0.006691449814126282
92,92,0.862453531598513,0.8042328042328042,0.8537214443625645,0.9548636698599853,0.0022304832713754275,0.011524163568773171,0.0022304832713754275,0.004089219330854932,0.019330855018587445,0.0003717472118959231,-0.0018587360594796154,0.005204460966542701,0.006319702602230581,0.004089219330854932,0.005576208178438624,0.008550185873606009,0.010408921933085513,-0.005576208178438624,-0.010408921933085513,-0.008550185873605787,0.0014869888475836923,0.004832713754646778,-0.0033457249070631967,-0.013011152416356864,-0.0029739776951672736,-0.004089219330855043,0.0026022304832713505,-0.0007434944237917351,-0.0033457249070631967,0.0011152416356877692,0.014126394052044522,0.008178438661710086
93,93,0.8773234200743495,0.8290155440414507,0.8754605747973471,0.9671456644559077,-0.0007434944237916241,-0.004460966542750855,0.0007434944237919572,-0.0074349442379180175,0.017100371747211907,0.0003717472118960341,-0.0037174721189590088,-0.015613382899627992,0.010037174721189701,0.006691449814126393,-0.008178438661709864,-0.0029739776951672736,-0.019702602230483146,-0.02490706319702607,-0.008550185873605898,-0.013382899628252676,-0.014498141263940334,-0.0037174721189590088,-0.0033457249070630857,-0.0037174721189590088,-0.015613382899627992,0.004089219330855043,-0.012267657992564907,-0.010780669144981325,0.0037174721189591198,0.017100371747211907,-0.01301115241635653,-0.015613382899627992
94,94,0.8884758364312267,0.845360824742268,0.8891549987718006,0.9613117170228445,0.004460966542750966,-0.0018587360594795044,0.008550185873605898,0.0,0.01784386617100364,0.0,0.0003717472118959231,-0.0029739776951671626,0.010037174721189479,-0.0007434944237917351,-0.0070631970260224275,0.0022304832713756495,-0.006691449814126393,-0.00520446096654259,0.0022304832713756495,-0.011895910780669205,-0.00520446096654259,-0.00631970260223047,-0.0003717472118959231,0.0074349442379182396,0.010408921933085624,-0.0018587360594795044,-0.010780669144981436,0.0003717472118959231,-0.006691449814126393,0.0,-0.005947955390334436,0.007806691449814163
95,95,0.8587360594795539,0.8080808080808081,0.8613362810120364,0.9579955784819456,0.0026022304832712395,-0.004089219330854932,0.0014869888475835813,-0.006691449814126393,0.004832713754646889,0.0014869888475835813,0.0007434944237917351,-0.0007434944237918462,0.0011152416356876582,-0.0011152416356877692,-0.004460966542751077,0.00037174721189581206,-0.0074349442379182396,-0.016728624535315983,-0.009665427509293667,-0.0018587360594795044,-0.011152416356877248,0.012267657992565018,0.0014869888475835813,0.0022304832713753164,-0.0007434944237918462,-0.004460966542750855,-0.009665427509293667,-0.00892193308550182,-0.0026022304832713505,-0.0033457249070631967,0.0022304832713753164,-0.00892193308550182
96,96,0.8847583643122676,0.8324324324324325,0.8732805207565708,0.961864406779661,-0.0011152416356877692,0.004832713754646778,-0.0007434944237917351,0.0014869888475836923,0.005576208178438735,0.0037174721189591198,0.008178438661710086,0.004832713754646778,0.0011152416356877692,0.008921933085501932,0.008550185873606009,0.004089219330855043,0.005204460966542701,0.008921933085501932,0.0011152416356877692,0.004089219330855043,-0.007806691449814052,0.0022304832713755385,0.004832713754646778,0.004460966542750855,-0.0022304832713755385,0.0018587360594796154,-0.0014869888475834703,0.006319702602230359,-0.0007434944237917351,-0.0026022304832713505,0.004089219330855043,0.005947955390334547
97,97,0.8810408921933085,0.8260869565217391,0.8678457381478752,0.9665929746990912,0.0003717472118959231,-0.0026022304832714616,0.0022304832713754275,0.004460966542750966,0.008550185873605898,0.005576208178438624,0.006691449814126393,0.0070631970260223165,0.0029739776951673846,0.0037174721189591198,-0.010780669144981325,0.0037174721189591198,-0.0014869888475838033,-0.0018587360594795044,0.0007434944237917351,-0.008550185873605898,-0.015241635687732291,0.0026022304832714616,-0.005576208178438513,0.0,-0.015613382899628214,0.00631970260223047,-0.0007434944237918462,0.0007434944237917351,-0.017843866171003975,0.009293680297397633,-0.0003717472118959231,-0.010780669144981325
98,98,0.8698884758364313,0.8205128205128205,0.8698108572832228,0.9563989191844756,-0.0033457249070631967,-0.0003717472118959231,-0.00892193308550182,0.0018587360594796154,0.005576208178438624,0.0018587360594796154,0.0007434944237917351,-0.010780669144981325,0.0029739776951672736,-0.004832713754646778,-0.0011152416356877692,0.0029739776951672736,-0.018587360594795488,-0.0070631970260222054,-0.01263940520446083,-0.0014869888475836923,0.004089219330855043,0.005576208178438624,-0.02007434944237907,0.004832713754646778,0.0014869888475836923,-0.011152416356877248,-0.011895910780669094,-0.005576208178438624,-0.0037174721189591198,0.0003717472118960341,0.0029739776951672736,0.0018587360594796154
99,99,0.8921933085501859,0.8481675392670157,0.8893699336772292,0.955232129697863,-0.0037174721189590088,0.0003717472118960341,-0.0037174721189590088,0.008178438661709975,-0.0007434944237916241,-0.0026022304832713505,-0.00037174721189581206,-0.009665427509293667,-0.0007434944237916241,0.0007434944237919572,-0.004089219330855154,0.004460966542750966,0.00892193308550171,-0.013011152416357086,-0.009665427509293667,-0.015613382899628436,-0.0066914498141266154,0.0007434944237919572,0.0022304832713755385,-0.004089219330855154,-0.013011152416357086,0.011895910780669094,-0.007434944237918462,-0.006691449814126282,-0.0037174721189590088,-0.0007434944237916241,0.01598513011152425,-0.0066914498141266154
100,100,0.8921933085501859,0.8497409326424871,0.8919798575288627,0.9710759027266028,0.004089219330855043,-0.0022304832713753164,-0.0007434944237916241,0.0033457249070631967,0.004832713754646889,0.0007434944237919572,0.011524163568773282,-0.0011152416356875472,0.0011152416356878803,0.008178438661709975,0.0026022304832714616,0.005947955390334547,0.008921933085501932,-0.00037174721189581206,0.0003717472118960341,0.005204460966542701,0.0029739776951673846,0.0011152416356878803,0.0033457249070631967,0.005947955390334547,0.007434944237918351,0.0003717472118960341,-0.0018587360594793934,0.0022304832713755385,0.0014869888475836923,0.008550185873606009,0.0003717472118960341,0.011524163568773282
101,101,0.8550185873605948,0.7868852459016393,0.8376320314419061,0.9572586588061902,0.0018587360594795044,0.0007434944237918462,-0.0029739776951671626,-0.005204460966542812,0.019702602230483257,0.0018587360594795044,0.0037174721189590088,0.0011152416356877692,0.013011152416356864,-0.008178438661710197,-0.0026022304832714616,0.0007434944237918462,0.010780669144981547,-0.004460966542750966,-0.004460966542750966,-0.0014869888475838033,-0.004460966542750966,-0.0011152416356878803,-0.004089219330855043,-0.008921933085501932,0.00892193308550182,-0.0029739776951673846,-0.0018587360594796154,0.0011152416356877692,-0.0022304832713755385,0.003717472118959231,0.0037174721189590088,-0.0022304832713755385
102,102,0.9107806691449815,0.875,0.9113239990174404,0.9759272905919921,-0.005576208178438735,0.012267657992565018,0.004460966542750744,0.0007434944237917351,-0.0011152416356877692,0.006691449814126393,0.0018587360594795044,-0.0018587360594795044,0.006691449814126393,0.015241635687732402,0.0011152416356876582,-0.0007434944237918462,0.0037174721189591198,0.0003717472118959231,0.0018587360594795044,0.01226765799256524,0.012267657992565018,-0.0003717472118959231,0.011524163568773282,-0.010408921933085402,0.004089219330854932,-0.0070631970260223165,-0.008550185873605898,-0.004089219330855154,-0.004832713754646889,0.009665427509293556,0.004460966542750744,0.018959107806691633
103,103,0.8773234200743495,0.8235294117647058,0.8676308032424467,0.9707074428887252,-0.0003717472118959231,-0.0074349442379180175,-0.0022304832713754275,-0.0033457249070630857,0.01635687732342017,0.0026022304832714616,0.008550185873606009,0.0011152416356878803,0.0070631970260224275,-0.017100371747211796,-0.010037174721189479,-0.01747211895910794,-0.018215613382899343,-0.004832713754646778,-0.013382899628252676,-0.007806691449814163,-0.0007434944237916241,-0.0014869888475835813,-0.017100371747211796,-0.013754646840148488,-0.019702602230483146,-0.014126394052044411,-0.00520446096654259,-0.007806691449813941,-0.013754646840148488,-0.009293680297397744,-0.024163568773234112,-0.008178438661709864
104,104,0.862453531598513,0.806282722513089,0.856331368214198,0.9433800049127978,-0.0018587360594796154,-0.004089219330855043,-0.0011152416356877692,-0.00037174721189581206,-0.005204460966542701,-0.0014869888475835813,0.0074349442379182396,1.1102230246251565e-16,-0.0022304832713755385,0.004460966542750855,-1.1102230246251565e-16,-0.0074349442379181285,-0.020817843866170915,-0.009293680297397855,-0.005947955390334547,0.0018587360594796154,-0.010408921933085513,0.005204460966542701,-0.009293680297397855,-0.005204460966542701,-0.008550185873606009,-0.005576208178438846,-0.009665427509293667,-0.01524163568773218,0.0007434944237918462,-0.009665427509293667,-0.004832713754646778,-0.0014869888475836923
105,105,0.8698884758364313,0.8167539267015707,0.8645910095799558,0.9613731269958241,0.0033457249070631967,0.0029739776951672736,0.0022304832713755385,0.0018587360594796154,0.014869888475836368,0.005947955390334658,-0.005576208178438624,0.005576208178438624,0.011895910780669094,0.0022304832713755385,0.0033457249070631967,-0.0022304832713754275,-0.004460966542750855,-0.005204460966542701,-0.0070631970260222054,-0.009293680297397633,-0.004460966542750855,-0.016728624535315983,-0.0029739776951672736,0.011895910780669094,0.02639405204460976,-1.1102230246251565e-16,0.0014869888475835813,0.0014869888475836923,-0.0011152416356877692,0.004460966542750966,0.004089219330855043,0.004832713754646778
106,106,0.8698884758364313,0.8223350253807107,0.8724207811348563,0.9638909358879882,0.0022304832713755385,0.00037174721189581206,0.0003717472118960341,0.0014869888475836923,0.006691449814126282,0.008178438661710086,0.014126394052044522,-0.006319702602230359,0.005576208178438624,0.008550185873606009,-0.0003717472118959231,-0.009293680297397633,-0.0037174721189591198,-0.017100371747211907,-1.1102230246251565e-16,-0.008550185873606009,-0.014498141263940556,0.006691449814126504,-0.014126394052044633,0.0003717472118960341,-0.0011152416356875472,-0.013382899628252898,-0.006691449814126504,-0.015985130111524137,-0.0018587360594796154,0.004089219330855043,0.011524163568773171,0.0074349442379181285
107,107,0.8884758364312267,0.8333333333333334,0.870885531810366,0.9496438221567183,0.0033457249070633077,0.0014869888475835813,-0.0011152416356876582,0.0003717472118959231,0.012267657992565129,0.0007434944237918462,0.0007434944237919572,-0.0022304832713754275,0.004460966542750966,-0.0014869888475835813,-0.0026022304832712395,0.0022304832713756495,-0.007806691449814052,0.005576208178438735,-0.014498141263940667,-0.005576208178438624,0.0,0.015985130111524137,-0.0022304832713754275,-0.004089219330854932,-0.004460966542750744,-0.0022304832713754275,-0.0011152416356876582,0.0011152416356877692,-0.0003717472118959231,0.024535315985130035,0.010037174721189479,-0.0007434944237917351
108,108,0.8736059479553904,0.8152173913043478,0.8595860967821174,0.9494595922377794,-0.0022304832713753164,0.0022304832713754275,-0.009293680297397855,-0.00037174721189581206,0.0074349442379182396,0.005204460966542812,0.009665427509293667,0.005576208178438735,0.007806691449814163,-0.0022304832713753164,-0.0070631970260222054,-0.0074349442379181285,-0.00037174721189581206,-0.007806691449814052,0.0003717472118959231,0.0022304832713754275,-0.009665427509293556,-0.0037174721189590088,-0.0011152416356876582,-0.0018587360594795044,-0.0014869888475835813,-0.009293680297397633,0.005204460966542701,-0.013011152416356864,-0.0070631970260222054,-0.004832713754646889,0.0011152416356877692,-0.0011152416356876582
109,109,0.8810408921933085,0.8333333333333334,0.8782854335544092,0.9689265536723164,0.0014869888475835813,0.0037174721189590088,-0.0003717472118959231,0.0037174721189590088,0.015613382899628214,0.004089219330855043,-0.004832713754646889,0.004832713754646889,0.008178438661709975,0.0022304832713754275,-0.004832713754646889,-0.0037174721189590088,0.01635687732341995,-0.014869888475836368,-0.006691449814126393,-0.01263940520446083,-0.005947955390334658,0.0037174721189591198,-0.0007434944237918462,-0.01710037174721213,-0.00520446096654259,-0.010037174721189479,-0.005576208178438735,-0.018959107806691633,-0.0033457249070630857,0.0033457249070633077,-0.0003717472118959231,-0.00631970260223047
110,110,0.8736059479553904,0.8191489361702128,0.8648059444853844,0.964566445590764,0.0022304832713754275,-0.0018587360594795044,0.0018587360594795044,-0.00892193308550171,0.012267657992565129,0.0014869888475836923,-0.010780669144981214,-0.0037174721189590088,0.0074349442379182396,-0.004460966542750744,0.0,-0.01115241635687736,-0.0007434944237917351,-0.0074349442379181285,-0.0014869888475835813,-0.009665427509293556,-0.005947955390334547,-0.004460966542750744,-0.02007434944237918,0.007806691449814163,-0.005204460966542701,-0.006691449814126393,0.0014869888475836923,-0.0007434944237917351,-0.006691449814126393,-0.021561338289962872,-0.00892193308550171,-0.013754646840148488
111,111,0.8810408921933085,0.8333333333333334,0.8782854335544092,0.9575042986981086,0.005947955390334547,-0.004460966542750855,0.006691449814126393,0.019330855018587334,0.031970260223048386,0.009665427509293556,-0.004460966542750855,0.014498141263940445,0.004832713754646889,0.0029739776951673846,0.013011152416356864,0.006691449814126393,0.00631970260223047,0.01747211895910772,0.004832713754646889,0.0007434944237917351,-0.0003717472118959231,0.004832713754646889,0.010408921933085402,0.01375464684014871,0.01784386617100353,-0.0026022304832713505,0.0018587360594795044,-0.0026022304832714616,0.013011152416356864,0.01784386617100353,0.013382899628252787,0.004832713754646889
112,112,0.8921933085501859,0.8497409326424871,0.8919798575288627,0.9589167280766397,0.005204460966542923,0.0018587360594796154,0.007806691449814274,-0.0018587360594793934,0.015241635687732402,0.0011152416356878803,0.010408921933085402,0.004832713754647,0.005576208178438624,-0.0018587360594795044,0.0022304832713755385,0.007806691449814274,0.0037174721189591198,-0.01115241635687747,0.005576208178438846,-0.01003717472118959,-0.0007434944237918462,-0.014498141263940667,0.019330855018587334,-0.004089219330854932,0.005576208178438624,-0.005204460966542812,0.004460966542751077,0.0007434944237919572,0.0026022304832714616,0.0037174721189591198,0.005204460966542701,0.0070631970260224275
113,113,0.9033457249070632,0.8631578947368421,0.9004544338000491,0.9699705232129698,0.0007434944237917351,0.004089219330855043,-0.0022304832713756495,0.0037174721189591198,0.0022304832713753164,0.005204460966542701,0.010408921933085735,0.009293680297397966,0.0070631970260224275,0.021561338289962872,0.011895910780669094,0.0033457249070631967,-0.0029739776951674957,0.0018587360594796154,-0.0018587360594796154,-0.006691449814126504,0.0029739776951674957,0.009293680297397966,0.006691449814126504,-0.005947955390334658,0.011895910780669317,0.0007434944237917351,-0.008550185873606009,0.008178438661710086,-0.0074349442379182396,0.011524163568773393,0.005576208178438624,0.008921933085502043
114,114,0.8364312267657993,0.7634408602150538,0.8208978138049619,0.947310243183493,-0.0033457249070631967,0.0018587360594796154,-0.004832713754646778,-0.0007434944237918462,0.008921933085501932,-1.1102230246251565e-16,-0.009293680297397744,0.0018587360594796154,-0.0011152416356877692,-0.009293680297397744,-0.006319702602230359,-0.0007434944237918462,-0.0018587360594796154,-0.01263940520446083,-0.014126394052044522,0.005204460966542701,-0.0007434944237918462,-0.006691449814126282,-0.010408921933085513,-0.0026022304832713505,-0.018215613382899565,-0.01375464684014871,-0.012267657992565129,-0.0022304832713754275,0.0011152416356877692,-0.006319702602230359,0.0037174721189591198,-0.0026022304832713505
115,115,0.8327137546468402,0.7540983606557377,0.8128531073446328,0.952223041021862,-0.014126394052044744,-0.004460966542750855,-0.020817843866171026,-0.005576208178438735,0.03531598513011158,-0.010780669144981325,-0.01747211895910772,-0.01115241635687736,-0.0022304832713754275,-0.011895910780668983,-0.025650557620817915,-0.01747211895910783,-0.014869888475836368,-0.028624535315985078,-0.04126394052044602,-0.03494423791821555,-0.005947955390334547,-0.013011152416356864,-0.015613382899628214,-0.026022304832713727,-0.010780669144981436,-0.028624535315985078,-0.021933085501858685,-0.018959107806691522,-0.008178438661709975,-0.0033457249070630857,-0.005576208178438735,-0.0074349442379182396
116,116,0.862453531598513,0.8195121951219512,0.8746008351756325,0.9468189633996562,-0.0014869888475836923,-0.0014869888475836923,-0.0026022304832714616,0.0007434944237918462,0.004460966542750855,0.0033457249070631967,0.004089219330854932,-0.0018587360594796154,0.004460966542750855,-0.0029739776951672736,-0.0022304832713755385,-0.01115241635687736,-0.0033457249070631967,0.0014869888475836923,-0.004832713754646778,-0.0029739776951672736,-0.005576208178438624,0.004832713754646778,0.0003717472118959231,-0.0022304832713755385,-0.009665427509293667,0.003717472118959231,-0.014126394052044522,-0.0018587360594796154,-0.005576208178438624,0.0022304832713754275,-1.1102230246251565e-16,-0.005576208178438624
117,117,0.9144981412639405,0.8783068783068783,0.911538933922869,0.9782608695652175,0.0033457249070630857,0.0003717472118959231,-2.220446049250313e-16,0.0037174721189590088,0.0007434944237916241,-0.004089219330855154,-0.011524163568773282,-0.00631970260223047,0.0026022304832712395,0.0037174721189590088,-0.0018587360594797264,-0.013011152416356864,0.0003717472118959231,-0.008921933085502043,-0.0014869888475838033,-0.0026022304832714616,-0.014126394052044633,0.004832713754646667,0.01598513011152425,0.00037174721189570104,0.0007434944237917351,0.0026022304832712395,0.00520446096654259,-0.0070631970260223165,0.00037174721189570104,0.0029739776951671626,0.0014869888475833593,0.005576208178438513
118,118,0.8884758364312267,0.845360824742268,0.8891549987718006,0.9602677474821911,0.005204460966542812,0.0011152416356877692,0.011524163568773171,0.0014869888475835813,0.007806691449814163,-0.004089219330854932,0.009293680297397744,-0.013011152416357086,0.004089219330855154,0.0022304832713756495,-0.014498141263940445,-0.008178438661709975,-0.006691449814126393,-0.011895910780668983,0.0070631970260223165,0.0029739776951673846,-0.011895910780669317,0.0018587360594797264,0.021933085501858685,0.0007434944237918462,0.0026022304832713505,-0.00520446096654259,-0.012267657992565018,-0.014126394052044744,-0.021561338289962984,0.013011152416356864,-0.007806691449814052,-0.010780669144981436
119,119,0.8810408921933085,0.8279569892473119,0.8704556619995087,0.9646278555637436,0.005204460966542812,0.005947955390334547,0.004089219330855043,0.010037174721189479,0.010408921933085402,0.011895910780668983,0.007806691449814052,0.010780669144981325,0.010408921933085402,-0.015241635687732291,0.00631970260223047,-0.0014869888475835813,-0.004832713754646889,-0.010780669144981325,-0.018215613382899676,-0.0037174721189590088,-0.005204460966542812,0.004460966542750966,0.004832713754646889,-0.0037174721189590088,0.004832713754646889,-0.013011152416356753,-0.006691449814126393,0.0074349442379181285,-0.0070631970260223165,-0.004832713754646889,-0.008178438661709975,-0.009293680297397744
120,120,0.9107806691449815,0.8695652173913043,0.9008843036109064,0.9726111520510932,0.0022304832713754275,0.0007434944237917351,-0.0018587360594795044,-0.0026022304832713505,0.005204460966542812,-0.003717472118959231,0.0014869888475835813,0.004460966542750744,0.004460966542750744,-0.0003717472118959231,0.010780669144981658,0.0026022304832712395,-0.003717472118959231,0.0011152416356876582,0.00520446096654259,0.004832713754646889,-0.007806691449814163,0.0026022304832712395,0.004089219330854932,0.004832713754646889,-0.0074349442379182396,0.005576208178438513,-0.0014869888475835813,0.0070631970260223165,-0.005947955390334658,0.0037174721189590088,0.010408921933085402,0.014498141263940667
121,121,0.8847583643122676,0.841025641025641,0.8863301400147383,0.968680913780398,-0.0029739776951671626,0.0003717472118960341,0.0011152416356877692,0.0033457249070631967,0.0033457249070631967,-0.0014869888475834703,0.0018587360594796154,0.0022304832713755385,0.0003717472118960341,-0.0037174721189591198,-0.004460966542750855,-0.020446096654275214,0.0014869888475834703,-0.009665427509293556,-0.018215613382899787,-0.005947955390334547,-0.0007434944237918462,0.004089219330855043,-0.006319702602230359,-0.00037174721189581206,0.009293680297397744,-0.005947955390334658,-0.005576208178438624,-0.0037174721189591198,-0.010408921933085513,-0.0037174721189591198,-0.0011152416356876582,-0.0029739776951672736
122,122,0.8661710037174721,0.8217821782178217,0.8748157700810612,0.9601449275362319,-0.0003717472118959231,-0.0011152416356876582,0.0,-0.0007434944237918462,-0.0007434944237918462,0.0003717472118959231,0.0033457249070630857,0.0007434944237918462,0.004089219330854932,-0.0026022304832713505,0.0018587360594795044,-0.0003717472118959231,-0.0026022304832713505,0.0037174721189590088,-0.008550185873605898,-0.00631970260223047,-0.0018587360594795044,0.0014869888475835813,0.003717472118959231,0.004089219330855043,0.006691449814126393,-0.00631970260223047,-0.0011152416356876582,-0.008550185873605898,-0.0011152416356876582,0.0007434944237918462,0.004089219330855043,-0.010408921933085624
123,123,0.8438661710037175,0.7741935483870968,0.8291574551707197,0.9528985507246377,0.0037174721189591198,-0.0026022304832713505,0.0011152416356878803,-0.0003717472118959231,0.023420074349442488,-0.008921933085501599,-0.02118959107806695,-0.0033457249070633077,-0.005947955390334658,-0.019330855018587445,-0.012267657992565129,-0.012267657992565129,-0.03643122676579924,-0.0037174721189590088,-0.017100371747211796,0.008178438661709975,-0.0026022304832713505,0.0003717472118960341,-0.02156133828996276,-0.008550185873605898,-0.018587360594795377,-0.022304832713754608,-0.013382899628252787,-0.01375464684014871,0.0007434944237919572,-0.00892193308550182,-0.0007434944237916241,-0.0033457249070633077
124,124,0.8661710037174721,0.8043478260869565,0.8513264554163597,0.9557848194546794,0.0070631970260223165,0.0011152416356876582,0.004832713754646889,0.0029739776951671626,0.023420074349442488,0.014498141263940445,-0.0007434944237918462,0.0070631970260223165,0.0185873605947956,0.013754646840148821,0.00892193308550182,0.0007434944237918462,0.023420074349442488,0.0022304832713755385,-0.005947955390334547,-0.004089219330855043,-0.0011152416356876582,-0.008550185873605898,-0.0018587360594795044,0.015985130111524137,0.0189591078066913,-0.0011152416356876582,-0.0029739776951671626,-0.0018587360594795044,-0.0007434944237918462,0.005204460966542812,0.01375464684014871,0.0074349442379182396
125,125,0.8810408921933085,0.8333333333333334,0.8782854335544092,0.971198722672562,0.0014869888475835813,0.005576208178438624,0.0,-0.0018587360594795044,0.010780669144981325,-0.0026022304832713505,0.0029739776951673846,0.0029739776951673846,0.00892193308550182,0.0007434944237917351,0.0014869888475835813,-0.0018587360594795044,-0.004089219330854932,0.0026022304832714616,0.0018587360594795044,-0.008550185873605898,-0.0022304832713754275,0.012267657992565018,0.0011152416356876582,-0.0018587360594795044,0.004089219330855043,-0.004832713754646778,-0.004089219330854932,-0.010037174721189479,0.0029739776951673846,-0.008550185873605898,-0.006691449814126393,-0.018959107806691522
126,126,0.8438661710037175,0.78125,0.8369872267256202,0.9611888970768854,0.005576208178438624,-0.009665427509293667,-0.013382899628252787,0.0033457249070633077,0.0033457249070633077,0.0029739776951673846,-0.012639405204461052,-0.014126394052044633,0.005947955390334547,-0.0014869888475835813,0.004089219330855043,-0.0037174721189590088,0.005576208178438624,-0.014869888475836368,-0.005947955390334436,-0.010408921933085402,-0.013011152416356753,-0.006319702602230359,1.1102230246251565e-16,0.007434944237918351,-0.01784386617100364,-0.008178438661709975,-0.015241635687732291,-0.02007434944237918,-0.0070631970260223165,0.0007434944237919572,-0.005576208178438735,-0.004460966542750855
127,127,0.8884758364312267,0.8314606741573034,0.8682756079587325,0.9698477032670106,0.0003717472118959231,-0.0029739776951671626,-0.0011152416356876582,0.004460966542750966,0.005204460966542812,-0.015241635687732291,0.0029739776951673846,0.008178438661709975,0.010780669144981547,0.0014869888475838033,0.005204460966542812,-0.0022304832713755385,-0.01115241635687736,-0.010037174721189479,-0.0022304832713754275,0.0,-0.0026022304832712395,0.0029739776951672736,-0.0037174721189591198,0.010037174721189701,-0.014498141263940445,-0.017843866171003975,0.0029739776951673846,0.005576208178438735,-0.005576208178438513,-0.0026022304832712395,0.004460966542750855,-0.0007434944237917351
128,128,0.8884758364312267,0.8404255319148937,0.8813252272169001,0.9635838860230902,-0.0022304832713754275,-0.0003717472118959231,0.0026022304832713505,0.0,0.009665427509293778,0.014126394052044633,0.0011152416356877692,0.009665427509293778,0.0029739776951673846,-0.0014869888475835813,0.005204460966542812,0.004832713754646778,0.017100371747212018,0.0022304832713756495,0.0011152416356877692,0.013011152416356864,-0.0018587360594795044,0.005947955390334658,-0.01375464684014871,0.009665427509293667,0.010037174721189479,-0.0007434944237917351,-0.0074349442379181285,0.0003717472118961451,0.0,0.00520446096654259,0.003717472118959231,0.009665427509293667
129,129,0.8884758364312267,0.8275862068965517,0.8630557602554655,0.9620486366985999,0.005947955390334658,0.0,0.0033457249070630857,0.0026022304832713505,0.05167286245353164,0.010780669144981547,0.00520446096654259,0.010408921933085624,0.004832713754646889,0.009293680297397744,0.012267657992565129,0.0018587360594795044,-0.0003717472118959231,0.012267657992565129,0.006691449814126393,0.013011152416356864,0.004089219330855154,-0.005576208178438513,0.0022304832713756495,0.008550185873605898,-0.014126394052044744,0.006691449814126282,0.007806691449814163,0.007806691449814163,0.0011152416356878803,0.005947955390334658,0.005947955390334658,-0.0022304832713754275
130,130,0.8773234200743495,0.8253968253968254,0.8702407270940801,0.9624170965364774,-0.00892193308550182,-0.0033457249070630857,-0.015613382899627992,-0.004832713754646778,-0.006319702602230359,-0.005576208178438513,-0.027881040892193454,-0.01784386617100364,-0.008550185873605787,-0.008921933085501599,0.0029739776951673846,-0.00520446096654259,-0.02267657992565053,-0.010408921933085402,-0.008550185873605898,-0.004089219330854932,-0.029739776951672958,0.005576208178438624,0.0007434944237919572,0.004089219330855043,-0.00892193308550182,-0.01747211895910794,-0.0074349442379182396,-0.02713754646840172,0.0011152416356878803,-0.011524163568773171,-0.009665427509293667,-0.0007434944237918462
131,131,0.8736059479553904,0.8247422680412371,0.8726357160402849,0.9467575534266766,0.0014869888475836923,-0.0014869888475835813,-0.0011152416356876582,0.0029739776951672736,0.01115241635687747,0.013382899628252787,0.0037174721189590088,0.0,0.018215613382899676,0.0033457249070631967,0.015985130111524137,0.008178438661710086,0.0007434944237918462,-0.0026022304832712395,-0.004832713754646667,0.0033457249070631967,0.0018587360594795044,0.0,0.0022304832713754275,0.024907063197025958,-0.0074349442379181285,0.0014869888475836923,-0.0022304832713753164,-0.0074349442379181285,0.004460966542751077,-0.0018587360594795044,0.003717472118959231,-0.008550185873606009
132,132,0.8773234200743495,0.8216216216216217,0.8650208793908131,0.9595308278064358,-0.0007434944237916241,-0.0007434944237918462,0.005576208178438624,-0.005576208178438513,0.016728624535316095,-0.010780669144981325,-0.006691449814126282,-0.012267657992564907,0.006691449814126393,-0.004832713754646778,0.004460966542750966,-0.014126394052044411,-0.02267657992565064,-0.0003717472118959231,-0.0037174721189590088,-0.02007434944237918,-0.006691449814126282,-0.0033457249070630857,-0.0033457249070630857,-0.0014869888475835813,-0.020446096654275103,-0.0029739776951672736,-0.00037174721189570104,-0.0033457249070630857,-0.004089219330854932,-0.0029739776951672736,-0.01524163568773218,-0.004832713754646778
133,133,0.8884758364312267,0.8369565217391305,0.8761053795136331,0.9598992876443134,0.004832713754646889,0.0029739776951673846,0.005947955390334658,-0.013382899628252787,0.012639405204461052,-0.009293680297397855,-0.010408921933085735,0.0014869888475835813,0.00631970260223047,-0.013011152416356864,0.0,0.0011152416356878803,-0.010780669144981325,0.013382899628252787,-0.009293680297397855,-0.005576208178438513,0.0,0.013011152416356864,-0.009293680297397855,-0.0011152416356876582,-0.0011152416356876582,0.0029739776951673846,-0.0003717472118959231,-0.0014869888475835813,-0.0033457249070630857,-0.010780669144981436,-0.0037174721189590088,-0.0003717472118959231
134,134,0.9070631970260223,0.8717948717948718,0.9111090641120119,0.975313190862196,-0.005204460966542701,0.0026022304832711285,0.0003717472118959231,0.0033457249070629747,0.014498141263940667,0.00892193308550182,0.02267657992565053,0.00037174721189581206,0.0029739776951672736,-0.004832713754646889,0.005204460966542701,-0.007434944237918351,0.013754646840148932,-0.004089219330855043,-0.009665427509293778,0.0018587360594793934,-0.009665427509293778,-0.004460966542750966,0.01226765799256535,0.009293680297397744,0.014126394052044633,-0.011524163568773282,-0.007434944237918351,-0.0018587360594796154,-0.013011152416356864,-0.011524163568773282,-0.014126394052044522,-0.010780669144981436
135,135,0.8921933085501859,0.8432432432432433,0.8815401621223287,0.9624170965364774,-0.00037174721189581206,0.0037174721189591198,-0.004460966542750855,-0.0007434944237916241,0.0029739776951671626,-0.0022304832713754275,0.0003717472118960341,0.014869888475836368,-0.0029739776951672736,0.004089219330855043,-0.0007434944237916241,-0.0022304832713753164,-0.0070631970260225385,-0.0070631970260222054,-0.0070631970260223165,-0.005947955390334436,-0.0033457249070633077,0.0007434944237919572,0.006691449814126393,-0.0026022304832711285,-0.013754646840148932,-0.0037174721189590088,0.0007434944237919572,0.004089219330855043,-0.0029739776951670516,0.0029739776951673846,-0.009665427509293778,0.00631970260223047
136,136,0.895910780669145,0.8556701030927835,0.8974146401375583,0.9672070744288872,-0.005204460966542923,-0.0014869888475835813,-0.0011152416356876582,0.004460966542751077,-0.0022304832713753164,-0.011895910780669317,0.004832713754647,0.0033457249070633077,0.009665427509293889,-0.007806691449814385,0.003717472118959231,0.0029739776951674957,0.0029739776951674957,-0.019330855018587445,-0.003717472118959342,-0.02118959107806695,-0.0022304832713756495,-0.008550185873606009,0.007806691449814163,0.011524163568773393,0.0003717472118959231,-0.007806691449814163,-0.005204460966542923,-0.005204460966542923,-0.019330855018587445,0.004460966542751077,-0.021561338289962872,-0.024163568773234223
137,137,0.8847583643122676,0.8393782383419689,0.8837202161631049,0.9575657086710883,-0.0029739776951672736,-0.0018587360594793934,-0.005204460966542701,-0.004089219330855043,-0.0007434944237917351,0.004089219330855043,-0.0007434944237917351,-0.010408921933085291,-0.0007434944237918462,0.012267657992565018,0.005576208178438624,-0.00037174721189581206,-1.1102230246251565e-16,-0.004460966542750855,-0.011895910780669094,-0.0029739776951672736,-0.00892193308550171,-0.004089219330855043,0.015613382899628325,-0.006319702602230359,-0.0037174721189591198,-0.010780669144981436,-0.013382899628252898,-0.0074349442379181285,-0.006691449814126282,-0.008550185873605787,-0.013754646840148821,-0.0014869888475834703
138,138,0.8736059479553904,0.826530612244898,0.8752456398919184,0.9602063375092115,-0.0022304832713753164,-0.008178438661709975,-0.0033457249070630857,-0.0018587360594795044,0.0070631970260223165,-0.0026022304832712395,0.004832713754646889,0.0011152416356877692,0.006319702602230581,0.0022304832713754275,0.004832713754646889,-0.0070631970260222054,-0.018215613382899454,-0.00520446096654259,-0.009665427509293556,-0.0022304832713753164,-0.004832713754646889,-0.00892193308550171,-0.008550185873605898,-0.0022304832713753164,-0.0070631970260222054,-0.011895910780669094,-0.007806691449814274,-0.008550185873605898,-0.008550185873605898,0.0037174721189590088,0.007806691449814163,-0.0033457249070630857
139,139,0.862453531598513,0.7932960893854749,0.840671825104397,0.947494473102432,0.004460966542750855,0.0074349442379182396,0.004832713754646778,-0.0014869888475836923,0.009665427509293667,0.010408921933085624,0.004089219330854932,-0.0007434944237919572,-0.005947955390334547,-0.005204460966542701,0.0018587360594796154,-0.008550185873606009,-0.0007434944237919572,-0.01003717472118959,0.0033457249070631967,1.1102230246251565e-16,-0.00037174721189581206,-0.0033457249070631967,-0.0011152416356877692,-0.0070631970260224275,-0.010408921933085513,0.008550185873606009,0.004832713754646778,-0.0026022304832714616,-1.1102230246251565e-16,-0.004832713754646778,-0.0022304832713755385,0.0029739776951672736
140,140,0.8921933085501859,0.8465608465608465,0.8867600098255957,0.9618644067796609,-0.0033457249070629747,-0.0029739776951670516,0.004460966542750966,0.0029739776951673846,0.01598513011152425,-0.0011152416356875472,0.0026022304832714616,-0.00037174721189581206,-0.007806691449814274,-0.0007434944237916241,0.006691449814126504,-0.00037174721189581206,-0.004460966542751077,-0.0018587360594793934,-0.0022304832713753164,0.0029739776951673846,-0.004089219330855154,-0.005947955390334436,0.02156133828996276,0.0022304832713755385,0.0033457249070631967,-0.0011152416356875472,-0.0022304832713754275,0.0022304832713755385,-0.0029739776951670516,-0.0011152416356875472,0.0014869888475836923,0.0022304832713755385
141,141,0.8884758364312267,0.8387096774193549,0.8787153033652665,0.958241218373864,0.0033457249070633077,-0.00520446096654259,0.007806691449814163,0.009293680297397744,0.03011152416356866,0.0070631970260223165,0.007806691449814163,0.009293680297397744,0.005947955390334658,0.0007434944237918462,-0.009665427509293556,0.006691449814126393,0.01635687732342006,-0.011895910780669317,0.007806691449814163,-0.0007434944237917351,-0.004089219330854932,-0.007806691449814274,-0.0026022304832712395,-0.02156133828996276,0.008550185873605898,0.014869888475836368,0.009293680297397744,0.007806691449814163,-0.0029739776951673846,0.005576208178438735,-0.0026022304832712395,0.026765799256505574
142,142,0.9033457249070632,0.8645833333333334,0.9030643576516826,0.9801031687546057,-0.008178438661710086,-0.006691449814126504,-0.0018587360594797264,-0.0026022304832715726,-0.004089219330855154,0.0026022304832714616,0.0014869888475836923,-0.012639405204461052,0.0007434944237919572,-0.009665427509293667,-0.00892193308550182,0.0029739776951672736,-0.010408921933085624,-0.01784386617100364,-0.007806691449814163,-0.010037174721189701,-0.010408921933085624,-0.007806691449814163,0.0029739776951671626,-0.004832713754647,0.0011152416356877692,-0.011895910780669205,0.00037174721189581206,-0.007806691449814163,-0.007806691449814163,-1.1102230246251565e-16,0.004460966542750966,0.005204460966542923
143,143,0.9070631970260223,0.8603351955307262,0.8902296732989438,0.9708302628346843,0.008550185873605898,0.0033457249070633077,0.005947955390334658,-1.1102230246251565e-16,0.02007434944237918,0.005576208178438513,0.0018587360594795044,0.00037174721189581206,-0.0011152416356878803,0.0037174721189590088,-0.0037174721189591198,0.017843866171003864,-0.0007434944237917351,-0.0033457249070631967,-0.008550185873606009,0.014869888475836479,0.0037174721189590088,0.0026022304832713505,-0.005576208178438624,0.0026022304832711285,0.0022304832713754275,0.0014869888475836923,0.006319702602230581,-0.0033457249070631967,-0.0070631970260222054,0.0029739776951672736,0.01003717472118959,-0.0011152416356878803
144,144,0.8996282527881041,0.8615384615384616,0.902849422746254,0.9646278555637435,-0.0003717472118960341,0.0011152416356875472,-0.0003717472118959231,-2.220446049250313e-16,0.013011152416356864,-0.0011152416356876582,0.0011152416356876582,0.0014869888475834703,0.0007434944237918462,-0.0014869888475835813,-0.009293680297397855,-0.0014869888475838033,0.0007434944237919572,-0.01375464684014871,-0.00855018587360612,-0.0066914498141266154,-0.004460966542750966,-0.003717472118959342,0.010780669144981436,0.0033457249070633077,0.013754646840148821,0.005576208178438846,-0.009665427509293778,-0.004832713754647111,-0.006319702602230692,-0.01747211895910783,-0.017843866171003753,-0.010408921933085624
145,145,0.8661710037174721,0.8217821782178217,0.8748157700810612,0.9554163596168018,-0.005947955390334547,-0.0003717472118959231,-0.0011152416356876582,-0.0014869888475835813,0.009293680297397855,-0.0033457249070633077,-0.004089219330855043,0.0007434944237918462,0.0014869888475835813,0.0003717472118959231,-0.011152416356877248,0.0007434944237918462,-0.005576208178438735,-0.0014869888475835813,-0.00892193308550182,-0.005576208178438735,-0.02118959107806684,0.0011152416356876582,-0.0033457249070633077,-0.0037174721189590088,-0.004089219330854932,-0.0074349442379182396,-0.01263940520446094,-0.018959107806691522,-0.0029739776951671626,-0.006691449814126393,-0.00631970260223047,-0.014126394052044633
146,146,0.895910780669145,0.8478260869565217,0.8843650208793907,0.9750675509702775,0.006319702602230581,0.004832713754647,0.0037174721189591198,-0.005947955390334658,0.008178438661710086,-0.00037174721189581206,0.0022304832713756495,0.005576208178438735,0.004460966542751077,-0.0022304832713756495,-0.0011152416356877692,1.1102230246251565e-16,-0.0011152416356877692,-0.0018587360594793934,-0.014126394052044744,-0.0029739776951671626,-0.004832713754646778,-0.004460966542750966,0.011524163568773171,0.003717472118959231,0.008550185873606009,-0.0011152416356876582,-0.004089219330855154,-0.00631970260223047,-0.0018587360594796154,-0.01226765799256524,0.004460966542751077,0.007806691449814163
147,147,0.8698884758364313,0.8108108108108109,0.8567612380250553,0.9541881601572095,-0.0018587360594796154,-0.0029739776951672736,-0.0037174721189591198,0.007434944237918351,0.027137546468401386,0.013754646840148821,0.013382899628252676,0.0037174721189591198,-0.0026022304832713505,0.0011152416356877692,0.0007434944237919572,0.0070631970260222054,-0.015613382899628214,-0.00892193308550171,-0.004089219330854932,-0.0033457249070631967,-0.005204460966542701,0.0022304832713755385,-0.0014869888475836923,0.009293680297397855,-0.020446096654274992,-0.006691449814126282,-0.0026022304832713505,-0.010408921933085513,-0.0011152416356877692,0.004460966542750966,0.013382899628252898,0.015613382899628325
148,148,0.8773234200743495,0.8341708542713567,0.8832903463522477,0.9563375092114961,-0.0022304832713754275,-0.0022304832713754275,-0.0022304832713754275,-0.005947955390334436,0.007806691449814274,0.0003717472118960341,-0.0011152416356877692,-0.009293680297397522,0.007806691449814052,0.0011152416356878803,-0.0022304832713752054,-0.0007434944237916241,-0.011152416356877248,-0.008178438661709864,-0.00520446096654259,-0.004089219330854932,-0.012267657992564907,-0.00037174721189570104,0.0037174721189591198,-0.008921933085501599,0.008921933085501932,-0.011152416356877248,-0.018587360594795377,-0.007806691449813941,0.0003717472118960341,-0.013754646840148488,-0.0018587360594795044,-0.008178438661709864
149,149,0.8661710037174721,0.8085106382978723,0.8565463031196267,0.9505035617784329,0.0026022304832713505,0.0018587360594795044,-0.0007434944237918462,0.0003717472118959231,0.02639405204460965,-0.0037174721189590088,0.004460966542750966,-0.00520446096654259,-0.0022304832713754275,0.010037174721189479,0.0070631970260223165,-0.0026022304832713505,0.005576208178438735,0.0011152416356876582,0.0029739776951671626,0.004460966542750855,-0.0007434944237918462,-0.00892193308550182,0.0022304832713754275,0.004460966542750966,0.0189591078066913,-0.010408921933085402,-0.0029739776951673846,-0.00892193308550182,-0.008550185873605898,0.005576208178438735,0.0074349442379182396,0.006691449814126393
150,150,0.8996282527881041,0.8571428571428571,0.8950196511913535,0.968189633996561,0.011895910780669205,0.005576208178438846,0.008178438661710197,0.004460966542750966,0.0070631970260224275,0.026022304832713727,0.0033457249070633077,0.0018587360594797264,0.005576208178438846,0.003717472118959231,0.010408921933085624,0.017843866171003753,0.0014869888475838033,0.00037174721189570104,-0.01115241635687736,0.0018587360594797264,-0.007434944237918351,-0.005576208178438846,0.004832713754646889,-0.004832713754646889,0.018959107806691522,-0.004832713754646889,-0.004832713754647111,-0.0011152416356876582,-0.008921933085501932,0.004460966542750966,0.004460966542750966,0.0007434944237918462
151,151,0.8550185873605948,0.7958115183246073,0.8480717268484401,0.9586710881847211,0.0029739776951672736,-0.006691449814126504,-0.0029739776951673846,-0.004460966542750966,0.005947955390334658,0.0037174721189590088,0.0022304832713754275,0.008178438661709975,-0.0003717472118959231,0.013011152416356864,0.005576208178438735,0.014126394052044633,-0.011895910780669205,-0.005204460966542812,-0.016728624535316095,-0.016728624535316095,-0.0070631970260223165,0.0014869888475835813,0.015613382899628214,-0.02156133828996276,0.013011152416356864,-0.0011152416356876582,-0.01895910780669141,-0.015613382899628325,-0.0014869888475838033,-0.0014869888475838033,0.0026022304832713505,-0.025278810408921992
152,152,0.8884758364312267,0.8404255319148937,0.8813252272169001,0.9729182019159912,-0.0074349442379181285,-0.014126394052044744,-0.005947955390334436,-0.005576208178438513,0.0029739776951672736,0.004089219330855154,-0.01747211895910805,-0.006691449814126393,-0.004460966542750744,0.0,-0.009293680297397855,-0.007806691449814274,-0.0237918215613383,-0.0074349442379181285,-0.004460966542750744,-0.010037174721189701,-0.01747211895910805,-0.004832713754646667,0.0007434944237918462,-0.0022304832713754275,-0.02007434944237929,-0.008550185873606009,-0.004832713754646667,-0.007806691449814052,-0.011524163568773282,-0.014498141263940667,-0.01598513011152447,-0.004089219330854932
153,153,0.9033457249070632,0.8617021276595744,0.8978445099484156,0.9632154261852125,-0.0011152416356879913,0.004089219330855043,0.0026022304832712395,0.01226765799256524,0.019702602230483368,0.007806691449814163,0.015241635687732402,0.018215613382899787,0.006691449814126504,0.012639405204461052,0.010408921933085735,0.005576208178438624,0.0033457249070631967,-0.0070631970260223165,0.0070631970260224275,0.006319702602230581,-0.0011152416356879913,0.0011152416356876582,0.007806691449814163,-0.0014869888475838033,0.007434944237918351,0.0029739776951672736,-0.0074349442379182396,0.0003717472118960341,-0.005947955390334658,-0.0022304832713754275,0.004460966542751077,0.013754646840148821
154,154,0.929368029739777,0.8983957219251337,0.9254482928027512,0.9694178334561534,0.0007434944237918462,0.0018587360594796154,0.005204460966542701,-0.0003717472118960341,0.008550185873606009,0.009293680297397744,0.015241635687732402,0.010780669144981325,0.006319702602230581,-0.00037174721189581206,0.008178438661710086,0.004089219330854932,0.005947955390334436,0.0022304832713754275,0.005947955390334436,0.004832713754646778,0.0007434944237918462,0.017100371747211907,0.008178438661710086,0.02156133828996265,0.0029739776951672736,0.010780669144981325,0.010780669144981325,-0.00037174721189581206,0.0026022304832713505,0.005204460966542701,0.005947955390334436,0.03494423791821566
155,155,0.8921933085501859,0.8379888268156425,0.8737103905674282,0.9640137558339474,0.0018587360594796154,0.0014869888475836923,0.0007434944237919572,0.0037174721189591198,0.020446096654275214,-0.0022304832713754275,0.012267657992565018,0.01115241635687736,0.009293680297397855,0.014498141263940445,0.0014869888475836923,-0.005947955390334436,0.014498141263940667,-0.0029739776951672736,-0.006691449814126282,1.1102230246251565e-16,-0.01486988847583659,-0.012267657992565129,-0.0007434944237916241,0.0074349442379181285,0.030483271375464693,-0.0070631970260222054,0.00631970260223047,0.005204460966542701,0.0014869888475836923,0.008550185873606009,0.0029739776951673846,-0.0037174721189590088
156,156,0.862453531598513,0.8082901554404145,0.8589412920658315,0.9595308278064357,1.1102230246251565e-16,-0.00037174721189581206,-0.005204460966542701,1.1102230246251565e-16,0.0022304832713754275,0.010780669144981547,0.0029739776951672736,-0.009293680297397855,0.0018587360594796154,-0.0007434944237919572,-0.020446096654274992,-0.0070631970260224275,-0.0070631970260222054,-1.1102230246251565e-16,-0.004832713754646778,-0.008921933085501932,-0.005947955390334547,-0.0037174721189591198,-0.005576208178438846,-0.007806691449814163,-0.0029739776951672736,-0.0037174721189591198,-0.011524163568773171,-0.0070631970260224275,-0.010408921933085513,0.0007434944237918462,-0.0014869888475836923,-0.0011152416356877692
157,157,0.8773234200743495,0.8156424581005587,0.8571911078359125,0.9652419552935396,0.0033457249070633077,0.0,0.005947955390334547,0.0018587360594796154,0.0014869888475838033,0.0033457249070633077,0.00631970260223047,-0.011895910780668983,0.0007434944237919572,0.0022304832713755385,0.005576208178438624,0.0014869888475838033,-0.019702602230483257,-0.0022304832713754275,-0.0018587360594795044,-0.007063197026022094,-0.01784386617100364,1.1102230246251565e-16,-0.0070631970260223165,0.0022304832713755385,-0.015613382899628214,-0.0011152416356877692,-0.0033457249070630857,-0.004089219330854932,-0.0022304832713754275,-0.0037174721189590088,0.005576208178438624,0.0029739776951673846
158,158,0.8773234200743495,0.8176795580110497,0.8598010316875461,0.961557356914763,0.0014869888475838033,0.0011152416356878803,-0.0014869888475835813,0.0022304832713755385,0.0185873605947956,-0.0007434944237916241,-0.008550185873605787,0.013011152416356864,0.0037174721189591198,-0.004460966542750855,-0.0033457249070630857,-0.004460966542750855,0.01486988847583659,-0.013754646840148488,-0.010780669144981325,-0.0026022304832713505,-0.0011152416356875472,0.0070631970260223165,-0.014869888475836257,-0.008921933085501599,0.02118959107806706,-0.0074349442379182396,-0.0029739776951672736,-0.0029739776951672736,-0.0011152416356875472,0.006691449814126393,0.010780669144981436,0.005576208178438624
159,159,0.8550185873605948,0.7914438502673797,0.8428518791451731,0.9525915008597396,0.0011152416356877692,-0.0011152416356878803,-0.0033457249070633077,0.0007434944237918462,0.0,-0.009665427509293778,0.0,0.0029739776951672736,0.00520446096654259,-0.005576208178438624,0.0014869888475835813,0.004089219330854932,-0.02156133828996276,-0.01263940520446094,0.0,-0.01263940520446094,-0.0037174721189591198,-0.01263940520446094,-0.008178438661710197,0.0033457249070630857,-0.009293680297397855,-0.017100371747211907,-0.0070631970260223165,-0.0070631970260223165,-0.004089219330855043,-0.0022304832713755385,-0.0007434944237919572,-0.017100371747211907
160,160,0.8996282527881041,0.8586387434554974,0.897629575042987,0.9546794399410464,0.0185873605947956,0.005576208178438735,0.0018587360594795044,0.0022304832713755385,0.011895910780669205,0.009665427509293778,-0.0029739776951673846,0.012267657992565129,0.012267657992565129,0.008921933085501932,0.019702602230483257,0.004460966542750966,-0.0014869888475838033,0.0070631970260224275,0.010037174721189701,0.010408921933085624,-0.0011152416356876582,0.024163568773234223,0.007806691449814274,-0.0007434944237919572,0.009665427509293778,0.0003717472118959231,0.0066914498141266154,-0.0033457249070633077,0.003717472118959231,0.014498141263940667,0.015613382899628325,0.010408921933085624
161,161,0.8847583643122676,0.8426395939086294,0.8889400638663719,0.9636452959960697,0.006319702602230359,0.0011152416356877692,0.0070631970260224275,0.005947955390334547,0.020817843866170915,0.009665427509293667,0.004832713754646778,0.020817843866170915,0.012267657992565018,0.0033457249070631967,0.0037174721189591198,0.005204460966542701,-0.0037174721189591198,-0.00037174721189581206,-0.0014869888475836923,-0.014498141263940778,-0.005947955390334547,0.0018587360594796154,-0.008550185873605787,0.018215613382899565,-0.005576208178438624,-0.012639405204461052,0.013011152416356753,-0.005947955390334658,-0.015613382899628325,0.0022304832713755385,-0.0007434944237917351,0.0070631970260222054
162,162,0.9107806691449815,0.8651685393258427,0.8930545320560059,0.9723655121591747,0.0022304832713755385,-0.0022304832713754275,-0.0022304832713754275,0.0,0.0037174721189590088,-0.003717472118959231,-0.00631970260223047,-0.004089219330855154,0.0029739776951671626,0.004089219330854932,0.0022304832713754275,0.004089219330854932,-0.00892193308550182,-0.0011152416356877692,-0.0011152416356877692,0.004089219330854932,0.0037174721189590088,0.0026022304832712395,0.004089219330854932,0.0029739776951671626,-0.0018587360594795044,0.0014869888475835813,0.0,-0.0026022304832713505,0.00520446096654259,0.007806691449814052,0.006319702602230248,-0.003717472118959231
163,163,0.8513011152416357,0.7872340425531915,0.8400270203881111,0.9559690493736183,0.0003717472118960341,-0.0007434944237917351,1.1102230246251565e-16,0.0022304832713753164,0.013754646840148599,0.005204460966542701,0.0014869888475834703,-0.0003717472118960341,-0.0007434944237918462,0.0011152416356877692,0.0011152416356877692,-0.007806691449814163,-0.005204460966542923,-0.005576208178438735,-0.0070631970260224275,-0.005576208178438735,-0.0007434944237918462,-0.004460966542751077,0.0007434944237918462,-0.0029739776951672736,-0.005947955390334658,0.0007434944237917351,-0.0007434944237918462,-0.0018587360594796154,0.0026022304832713505,0.0033457249070631967,-0.004460966542751077,0.011152416356877137
164,164,0.8773234200743495,0.8324873096446701,0.8806804225006141,0.9583640383198232,0.0070631970260223165,1.1102230246251565e-16,0.0007434944237919572,0.0014869888475838033,0.01635687732342017,0.0029739776951673846,0.008178438661710197,0.0070631970260223165,0.01635687732342017,0.0070631970260223165,0.005576208178438624,0.005204460966542812,1.1102230246251565e-16,0.0022304832713755385,0.0011152416356878803,-0.006319702602230359,-0.005576208178438513,0.0029739776951673846,0.005947955390334547,0.009293680297397855,-0.00520446096654259,0.0029739776951673846,0.0007434944237919572,0.007806691449814052,-0.005576208178438513,0.012267657992565018,0.004089219330855043,0.0070631970260223165
165,165,0.8921933085501859,0.8497409326424871,0.8919798575288627,0.9567059690493737,1.1102230246251565e-16,0.008921933085501932,-0.0007434944237916241,-0.0070631970260223165,0.0033457249070631967,-0.00037174721189581206,-0.0011152416356875472,0.011895910780669094,0.0033457249070631967,-0.005576208178438735,0.006319702602230581,0.013754646840148599,-0.0026022304832711285,-0.006691449814126282,-0.005576208178438513,-0.00037174721189581206,-0.01226765799256535,0.0070631970260224275,-0.010780669144981547,-0.011152416356877581,-0.004089219330854932,-0.0007434944237916241,0.0026022304832714616,-0.010037174721189701,-0.004089219330855154,0.007434944237918351,-0.007806691449814163,-0.00037174721189581206
166,166,0.8996282527881041,0.8586387434554974,0.897629575042987,0.9767870302137067,0.009293680297397855,0.004460966542751188,0.010037174721189701,-0.004460966542751188,0.010037174721189701,0.0014869888475834703,0.013382899628253009,0.0026022304832713505,-0.005204460966542923,-0.004089219330854932,0.013382899628253009,-0.02230483271375472,-0.015241635687732291,0.0007434944237919572,-0.005576208178438846,0.0,-0.00855018587360612,0.0007434944237918462,-0.0022304832713755385,0.011895910780669205,-0.0007434944237919572,0.0007434944237919572,-0.0003717472118959231,0.0014869888475838033,-0.0018587360594795044,0.010408921933085624,-0.0018587360594797264,0.01263940520446094
167,167,0.8847583643122676,0.8324324324324325,0.8732805207565708,0.9632154261852126,-0.0007434944237917351,-0.004460966542750855,-0.0037174721189591198,-0.005204460966542701,0.004460966542750855,-0.0029739776951672736,-0.0022304832713753164,0.0014869888475834703,0.004832713754646778,-0.013382899628252676,-0.02379182156133841,-0.0026022304832713505,-0.013011152416356975,0.0003717472118960341,-0.008550185873605787,0.005947955390334658,-0.009665427509293556,-0.006691449814126282,-0.004089219330855043,0.005204460966542701,0.005576208178438624,1.1102230246251565e-16,-0.006319702602230359,-0.005947955390334547,0.0003717472118960341,-0.004460966542750855,-0.0018587360594796154,-0.0037174721189591198
168,168,0.9107806691449815,0.8681318681318682,0.8982743797592729,0.9614959469417833,0.004089219330854932,0.013382899628252898,0.010037174721189479,0.005576208178438513,0.009293680297397633,0.005947955390334436,0.011152416356877137,0.014126394052044744,-0.0003717472118959231,0.013382899628252787,0.0037174721189590088,0.012639405204461163,-0.003717472118959231,0.012267657992565018,0.01263940520446094,0.0033457249070630857,-0.0029739776951673846,0.00520446096654259,0.0237918215613383,0.03977695167286244,0.017843866171003975,0.0014869888475835813,0.015613382899628325,0.0029739776951671626,-0.0007434944237918462,0.00520446096654259,0.0018587360594795044,-0.0070631970260223165
169,169,0.8773234200743495,0.8272251308900523,0.8728506509457137,0.9627241464013756,-0.004089219330854932,-0.0029739776951672736,-0.00037174721189570104,0.0033457249070633077,-0.0007434944237918462,-0.010780669144981325,-0.005204460966542812,-0.0018587360594793934,-0.0011152416356875472,0.0003717472118960341,-0.005947955390334436,-0.006319702602230359,-0.022304832713754608,-0.0037174721189590088,0.0003717472118960341,-0.0074349442379180175,-0.011152416356877248,0.004460966542750966,0.0014869888475838033,0.004832713754646889,-0.0011152416356875472,-0.013011152416356753,-0.02156133828996276,-0.00520446096654259,-0.017100371747211796,-0.009293680297397522,0.004460966542750966,0.004089219330855043
170,170,0.8847583643122676,0.8393782383419689,0.8837202161631049,0.9568901989683125,0.0037174721189591198,-0.0037174721189591198,0.0026022304832713505,0.0026022304832713505,0.010408921933085513,0.0014869888475836923,-0.0011152416356876582,-0.005204460966542701,0.006319702602230581,-0.005204460966542701,-0.0007434944237917351,0.0003717472118960341,0.005204460966542701,-0.013754646840148821,-0.0026022304832713505,-0.0018587360594796154,-0.005204460966542701,-0.003717472118959231,0.013382899628252676,-0.004832713754646778,-0.0033457249070631967,-0.00037174721189581206,-0.0003717472118960341,-0.00037174721189581206,0.0011152416356877692,-0.005576208178438624,0.005576208178438624,0.004460966542750855
171,171,0.8550185873605948,0.7979274611398963,0.8506816507000737,0.9551707197248833,0.0007434944237918462,-0.0033457249070633077,-0.008178438661709975,-0.01895910780669141,0.005947955390334658,0.0022304832713754275,0.005947955390334436,-0.0033457249070633077,-0.0007434944237919572,0.006691449814126393,-0.0022304832713755385,0.006319702602230359,-0.0029739776951673846,-0.0029739776951673846,-0.0011152416356876582,-0.013382899628252787,-0.007806691449814274,0.0018587360594795044,-0.0003717472118959231,-0.008550185873605898,-0.011895910780669205,-0.013011152416356864,-0.005204460966542812,-0.019330855018587334,-0.012267657992565018,0.0029739776951672736,-0.005947955390334547,-0.00631970260223047
172,172,0.8438661710037175,0.7666666666666667,0.8213276836158192,0.9481699828052076,-0.0014869888475835813,-0.010408921933085402,-0.011895910780669205,-0.012639405204461052,0.026765799256505574,-0.007806691449813941,-0.0011152416356875472,-0.012267657992564907,0.008921933085501932,-0.012267657992565129,-0.010780669144981325,-0.0007434944237918462,-0.0011152416356877692,-0.0018587360594793934,-0.0070631970260223165,0.0003717472118960341,-0.0022304832713754275,-0.014498141263940556,-0.009293680297397744,-0.015985130111524137,-0.0033457249070630857,-0.007806691449814163,-0.011524163568773171,-0.005204460966542812,-0.0014869888475835813,-0.0070631970260223165,-0.0007434944237916241,0.009665427509293556
173,173,0.8921933085501859,0.8512820512820513,0.8945897813804962,0.9639523458609678,-0.00037174721189581206,0.005576208178438846,0.006691449814126504,0.0003717472118960341,-0.004832713754646778,0.008921933085501932,-0.010780669144981547,-0.011524163568773282,-0.004832713754646778,0.00631970260223047,0.004089219330855043,-0.0022304832713753164,-0.013382899628253009,0.004089219330855043,-0.004460966542750855,-0.0037174721189590088,0.0029739776951673846,0.005576208178438846,-0.0022304832713753164,-0.004089219330854932,-0.0018587360594793934,-0.008921933085502043,-0.01226765799256535,-0.011524163568773282,-0.02007434944237918,0.005576208178438624,0.0011152416356878803,0.006691449814126504
174,174,0.8661710037174721,0.8217821782178217,0.8748157700810612,0.9560304593465979,0.0011152416356876582,0.0014869888475835813,-0.010408921933085402,-0.0070631970260223165,-0.005204460966542812,-0.008178438661709975,-0.013011152416356864,-0.005204460966542812,0.0003717472118959231,-0.004089219330855043,0.010037174721189479,-0.0074349442379182396,-0.0022304832713754275,-0.014869888475836368,-0.02118959107806684,-0.00892193308550182,-0.00892193308550182,-0.013382899628252787,0.005204460966542812,0.004832713754646889,-0.004460966542750855,-0.007806691449814052,-0.008178438661709975,-0.017100371747211796,-0.008550185873605898,-0.011895910780668983,-0.005576208178438735,-0.004460966542750966
175,175,0.8587360594795539,0.81,0.8639462048636699,0.9554777695897814,0.0022304832713753164,-0.0074349442379182396,-0.012267657992565129,-0.0003717472118959231,-0.0022304832713754275,-0.008550185873605898,-0.006691449814126393,-0.004832713754646889,-0.0026022304832713505,-0.014869888475836479,-0.0007434944237918462,0.0029739776951673846,0.005947955390334547,-0.028996282527881,-0.029739776951672847,-0.009665427509293778,-0.009293680297397744,-0.008550185873605898,-0.0018587360594795044,-0.004832713754646889,-0.006691449814126393,-0.029739776951672847,-0.0189591078066913,-0.028624535315985078,-0.012639405204461052,-0.0033457249070631967,-0.0022304832713754275,-0.006319702602230581
176,176,0.8736059479553904,0.8247422680412371,0.8726357160402849,0.9687423237533775,0.0014869888475836923,-0.0029739776951671626,-0.005576208178438624,0.005204460966542812,0.0014869888475836923,-0.004089219330854821,0.0014869888475836923,-0.0014869888475835813,0.0033457249070631967,0.003717472118959231,-0.0011152416356876582,0.006319702602230581,-0.023048327137546343,-0.010408921933085402,-0.00037174721189581206,-0.008178438661709975,-0.017472118959107608,0.016728624535316095,0.0037174721189590088,-0.005947955390334547,-0.0007434944237917351,-0.004460966542750744,-0.009293680297397633,-0.015241635687732291,-0.00631970260223047,-0.00520446096654259,-0.009293680297397633,-0.005576208178438624
177,177,0.9033457249070632,0.8645833333333334,0.9030643576516826,0.965671825104397,-0.005947955390334658,0.0026022304832714616,-0.0033457249070633077,0.0018587360594796154,0.007806691449814163,-0.0018587360594797264,0.0026022304832714616,0.00855018587360623,0.004089219330855043,0.0022304832713753164,0.005576208178438624,0.0011152416356877692,0.006691449814126504,-0.0026022304832715726,0.008178438661710086,0.02862453531598519,-0.0011152416356879913,-0.007806691449814163,0.00855018587360623,-0.0018587360594796154,0.011895910780669317,0.0026022304832714616,-0.008550185873606009,-0.010780669144981547,0.0018587360594793934,0.004460966542750966,-0.008178438661710086,0.006691449814126504
178,178,0.8698884758364313,0.8066298342541437,0.8515413903217882,0.9600221075902726,-0.004089219330854932,0.0018587360594796154,0.0070631970260224275,-0.0014869888475836923,0.0033457249070631967,-0.004460966542750855,-0.011895910780669094,-0.01524163568773218,-0.0003717472118959231,-0.0003717472118959231,-0.0018587360594796154,-0.01003717472118959,-0.0007434944237918462,-0.005576208178438624,-0.01263940520446083,-0.005204460966542701,-0.008178438661709864,-0.006319702602230359,0.0037174721189591198,-0.0003717472118959231,-0.005576208178438624,0.006691449814126282,-0.009293680297397744,-0.008550185873605787,-0.0018587360594796154,0.0033457249070631967,0.0033457249070631967,-0.0018587360594796154
179,179,0.8698884758364313,0.8108108108108109,0.8567612380250553,0.9537582903463522,0.004089219330855043,0.0037174721189591198,-0.006691449814126282,-0.004460966542750855,0.008550185873605787,0.013011152416356864,0.005947955390334547,-0.006691449814126282,0.004089219330855043,0.0003717472118960341,-0.008550185873606009,0.004832713754646778,0.009293680297397855,-0.006691449814126282,-0.019702602230483146,-0.0022304832713754275,-0.004460966542750855,0.019330855018587445,0.0070631970260224275,0.004089219330855043,-0.0011152416356877692,-0.0014869888475836923,-0.009665427509293667,0.004832713754646778,0.00037174721189581206,0.005576208178438624,0.0003717472118960341,-0.006319702602230359
180,180,0.9219330855018587,0.8839779005524862,0.9093588798820929,0.9704003930238271,0.0033457249070630857,0.0007434944237918462,0.0011152416356877692,0.005947955390334436,0.0033457249070630857,0.007806691449813941,0.0003717472118959231,0.004832713754646778,0.009293680297397744,0.0,-0.0033457249070633077,0.0011152416356875472,0.019702602230483257,0.0007434944237916241,0.0003717472118959231,0.011895910780668983,0.0014869888475835813,0.0037174721189590088,-0.0003717472118959231,0.01895910780669119,0.017100371747211685,0.007063197026022094,0.0011152416356877692,-0.0018587360594796154,-0.0033457249070633077,0.013754646840148488,-0.0003717472118959231,-0.0011152416356878803
181,181,0.8550185873605948,0.7979274611398963,0.8506816507000737,0.9438712846966347,-0.0011152416356878803,-0.005947955390334547,-0.005576208178438624,0.004089219330854932,0.0026022304832713505,-0.008921933085501932,-0.015241635687732402,-0.021561338289962984,-0.0011152416356876582,-0.0033457249070633077,0.0003717472118959231,-0.00631970260223047,-0.0074349442379181285,-0.02118959107806684,-0.02118959107806684,0.006691449814126282,-1.1102230246251565e-16,0.0026022304832714616,-0.017100371747211907,-0.005204460966542812,0.008550185873605898,0.004832713754646889,-0.014498141263940445,-0.01263940520446094,-0.0037174721189591198,0.004460966542750855,-0.0007434944237917351,0.01747211895910772
182,182,0.8921933085501859,0.8465608465608465,0.8867600098255957,0.9664701547531319,-0.0026022304832713505,0.013011152416356864,0.0070631970260224275,0.0011152416356878803,0.0029739776951673846,0.0011152416356878803,0.0018587360594796154,0.008178438661710086,0.0003717472118960341,-0.00037174721189581206,0.0014869888475836923,-0.0007434944237916241,-0.00037174721189581206,-0.004460966542750855,-0.014126394052044855,-0.0026022304832713505,-0.004460966542750855,0.0022304832713755385,-0.01003717472118959,-0.012267657992565129,-0.010780669144981547,-0.0026022304832711285,-0.0014869888475834703,0.0018587360594796154,0.0003717472118960341,0.0011152416356878803,0.0033457249070631967,0.008178438661710086
183,183,0.8810408921933085,0.8241758241758241,0.8652358142962417,0.970891672807664,0.0014869888475835813,-0.004089219330854932,0.0003717472118959231,-0.0003717472118959231,0.014498141263940445,-0.0037174721189590088,0.005576208178438624,0.0003717472118959231,0.0037174721189590088,-0.0022304832713754275,-0.003717472118959231,0.0022304832713754275,-0.005576208178438735,-0.020074349442379402,-0.025650557620818026,-0.00892193308550182,-0.005576208178438513,0.005576208178438624,-0.02490706319702607,-0.018587360594795377,0.005576208178438624,-0.029368029739777035,0.0011152416356876582,-0.010780669144981325,-0.003717472118959231,-0.005576208178438735,0.008550185873605898,-0.005204460966542812
184,184,0.9256505576208178,0.8947368421052632,0.9252333578973225,0.9753746008351757,-0.0014869888475836923,-0.004460966542751077,-0.0007434944237918462,-0.0014869888475836923,0.004832713754646889,0.0018587360594796154,-0.010780669144981325,0.0007434944237917351,-0.0022304832713754275,-0.008550185873605898,0.014126394052044522,0.0,-0.0018587360594795044,0.0007434944237917351,-0.004832713754646889,-0.00892193308550182,-0.006691449814126393,0.015241635687732291,0.009665427509293556,0.0,0.021189591078066616,0.00037174721189581206,-0.004832713754646889,0.0022304832713753164,-0.004089219330854932,0.0033457249070631967,0.017100371747211796,0.02156133828996254
185,185,0.8550185873605948,0.8,0.8532915745517071,0.9544952100221076,-0.0029739776951673846,-0.0037174721189591198,-0.007806691449814274,-0.0011152416356878803,0.0037174721189590088,-0.0011152416356876582,-0.004089219330855043,-0.0011152416356878803,0.01115241635687736,-0.017100371747211907,0.0007434944237918462,0.0014869888475835813,-0.009293680297397633,-0.010780669144981436,-0.014498141263940667,-0.010408921933085513,0.0003717472118959231,-0.0014869888475838033,-0.0022304832713754275,0.009293680297397744,0.008178438661709864,-0.008921933085501932,-0.01375464684014871,-0.012267657992565018,0.0007434944237918462,0.0007434944237918462,0.007806691449814163,-0.006691449814126393
186,186,0.8884758364312267,0.8469387755102041,0.8917649226234341,0.9626013264554164,0.005204460966542812,0.003717472118959231,0.008178438661709975,0.0022304832713754275,0.010037174721189479,-0.0033457249070630857,0.0011152416356878803,0.011524163568773282,0.009293680297397744,-0.0011152416356876582,0.0014869888475835813,0.00631970260223047,0.011152416356877248,0.0018587360594795044,0.010408921933085624,-0.007806691449814052,-0.0011152416356876582,0.012267657992564907,0.0003717472118959231,0.006691449814126393,0.0014869888475838033,0.004832713754646889,0.0018587360594797264,-0.0007434944237917351,0.007806691449814163,0.0026022304832713505,-0.0037174721189590088,0.0033457249070633077
187,187,0.8921933085501859,0.8449197860962567,0.8841500859739622,0.9719970523212971,-0.0018587360594795044,-0.0026022304832711285,-0.005576208178438513,0.0026022304832714616,0.006691449814126504,0.005947955390334769,-0.00037174721189581206,0.018587360594795488,-0.0014869888475834703,0.013754646840148599,-0.010037174721189701,0.0022304832713755385,-0.008178438661709864,-0.006691449814126393,-0.0018587360594793934,1.1102230246251565e-16,-0.004089219330854932,0.01895910780669141,0.004089219330855043,0.0033457249070631967,0.009293680297397855,-0.005947955390334769,-0.005204460966542701,1.1102230246251565e-16,-0.029368029739776924,1.1102230246251565e-16,0.010408921933085513,-0.013011152416356975
188,188,0.8884758364312267,0.8387096774193549,0.8787153033652665,0.9606976172930484,-0.0029739776951671626,0.0029739776951673846,-0.0022304832713754275,0.0003717472118959231,0.03271375464684023,-0.0018587360594795044,-0.0029739776951671626,0.0014869888475835813,0.0029739776951672736,-0.0014869888475835813,-0.0014869888475835813,-0.0070631970260223165,0.02118959107806695,-0.012267657992565018,-0.009293680297397633,-0.01747211895910805,-0.0070631970260223165,0.0018587360594795044,-0.006319702602230248,0.004089219330855154,0.011152416356877248,-0.01486988847583659,-0.006319702602230248,-0.010037174721189479,-0.010780669144981436,-0.007063197026022094,-0.0037174721189590088,0.0011152416356877692
189,189,0.8698884758364313,0.8205128205128205,0.8698108572832228,0.9511790714812085,0.00037174721189581206,-0.004089219330854932,-1.1102230246251565e-16,-0.004832713754646778,-0.004832713754646778,0.005576208178438624,-0.0037174721189591198,0.0074349442379181285,-0.005204460966542701,-0.0029739776951672736,0.0018587360594793934,-0.0037174721189591198,-0.00892193308550171,-0.0014869888475836923,-0.0026022304832713505,-0.006319702602230359,-0.0007434944237918462,0.0037174721189591198,-0.006691449814126282,0.00631970260223047,0.01003717472118959,0.0014869888475836923,-0.0033457249070631967,-0.0037174721189591198,-0.0022304832713754275,-0.0014869888475836923,-0.0022304832713754275,0.0022304832713755385
190,190,0.8736059479553904,0.8191489361702128,0.8648059444853844,0.9661631048882339,-0.0029739776951671626,0.0011152416356877692,-0.00631970260223047,-0.007806691449814052,-0.0014869888475835813,0.0022304832713754275,-0.0033457249070630857,0.0026022304832713505,-0.0029739776951671626,0.0,0.0022304832713754275,0.004089219330854932,0.00892193308550182,-0.0037174721189591198,-0.00037174721189581206,0.0014869888475836923,-0.0033457249070630857,-0.013754646840148599,-0.014498141263940445,0.0033457249070631967,-0.011895910780669094,-0.00631970260223047,-0.0037174721189590088,0.0014869888475836923,0.0,-0.006691449814126393,-0.0074349442379181285,0.0022304832713754275
191,191,0.8587360594795539,0.81,0.8639462048636699,0.9554163596168017,0.0,-0.006691449814126393,-0.004460966542751077,-0.0003717472118959231,0.0037174721189590088,-0.0018587360594795044,-0.0029739776951672736,0.0007434944237917351,-0.0018587360594795044,0.006691449814126393,-0.0022304832713754275,0.0026022304832714616,-0.010408921933085624,-0.0026022304832713505,-0.019330855018587445,-0.0029739776951672736,-0.004089219330855154,-0.008550185873605898,0.013382899628252787,0.0007434944237917351,0.0,-0.0070631970260223165,-0.010780669144981325,-0.0074349442379182396,0.00037174721189581206,0.007806691449814052,-0.012267657992565129,0.004460966542750966
192,192,0.9070631970260223,0.8603351955307262,0.8902296732989438,0.9671456644559077,-0.0037174721189591198,-0.0003717472118960341,-1.1102230246251565e-16,-0.0022304832713753164,0.038289962825278856,0.0018587360594793934,-0.0003717472118960341,0.004460966542750855,0.010408921933085402,0.0029739776951672736,0.0022304832713753164,0.006691449814126393,0.018215613382899676,-0.011524163568773282,0.00037174721189581206,-0.0018587360594796154,0.0033457249070631967,-0.0014869888475836923,-0.0026022304832714616,0.01226765799256535,0.03457249070631985,-0.005576208178438624,-0.0007434944237919572,-0.0011152416356878803,-0.0037174721189591198,-0.0003717472118960341,0.0070631970260223165,-0.0007434944237919572
193,193,0.8847583643122676,0.8359788359788359,0.8785003684598379,0.9646278555637435,-0.0026022304832713505,0.0026022304832713505,-0.0007434944237918462,-0.0003717472118960341,0.004089219330855043,0.010408921933085513,0.0003717472118960341,0.0011152416356877692,-0.0022304832713753164,-0.006319702602230359,0.0011152416356877692,0.006319702602230359,-0.018959107806691744,-0.008178438661709864,-0.007806691449814052,-0.0014869888475836923,-0.009665427509293556,-1.1102230246251565e-16,-0.004089219330855043,0.004460966542750855,0.005576208178438624,1.1102230246251565e-16,-0.013754646840148821,-0.013754646840148821,-0.0003717472118960341,-0.0011152416356876582,0.0026022304832713505,0.0014869888475836923
194,194,0.8884758364312267,0.8351648351648352,0.8734954556619995,0.9653033652665193,0.0026022304832714616,0.0014869888475835813,0.0011152416356877692,0.004089219330855154,0.0026022304832713505,0.008550185873605898,0.010780669144981547,0.014869888475836368,0.006691449814126393,0.0011152416356877692,-0.0037174721189590088,-0.0026022304832712395,-0.01598513011152425,-0.0022304832713754275,-0.0007434944237917351,0.0018587360594795044,0.008178438661709975,0.0022304832713756495,0.030483271375464582,-0.010780669144981436,0.0037174721189590088,-0.0037174721189590088,-0.0007434944237917351,-0.0022304832713755385,0.0018587360594795044,-0.004089219330855043,-0.0014869888475835813,0.0007434944237918462
195,195,0.8587360594795539,0.7956989247311828,0.8456767379022354,0.9496438221567183,0.0011152416356876582,-0.0018587360594795044,0.004089219330855043,0.0007434944237917351,0.011152416356877137,0.0026022304832712395,0.004460966542750966,0.004460966542750966,0.0011152416356876582,0.0014869888475835813,0.0029739776951671626,0.005947955390334547,-0.004832713754646889,0.0033457249070630857,-0.0014869888475836923,0.004460966542750966,0.0007434944237917351,-0.0033457249070631967,-0.0014869888475836923,0.0029739776951671626,0.0007434944237917351,-0.0018587360594795044,-0.0014869888475836923,0.0037174721189591198,-0.0011152416356877692,0.00631970260223047,-0.004089219330854932,0.019702602230483257
196,196,0.8847583643122676,0.8359788359788359,0.8785003684598379,0.9655490051584377,0.0029739776951672736,-0.004832713754646778,-0.0014869888475834703,-0.0011152416356876582,0.019330855018587334,0.0011152416356877692,0.005204460966542701,0.013011152416356753,0.010408921933085513,0.006319702602230359,-0.0007434944237917351,0.0026022304832713505,-0.005947955390334547,-0.011152416356877248,-0.007806691449814163,-0.01635687732342006,0.0007434944237918462,0.0018587360594793934,0.011524163568773171,-0.019702602230483368,-0.005204460966542701,-0.008550185873605787,-0.004460966542750855,-0.006319702602230359,0.0018587360594796154,0.004832713754646778,-0.0037174721189591198,-0.008178438661709864
197,197,0.8884758364312267,0.8404255319148937,0.8813252272169001,0.9643208056988455,0.005576208178438735,0.003717472118959231,0.006691449814126393,0.0022304832713754275,0.04386617100371737,-0.0011152416356876582,0.0026022304832714616,0.0014869888475835813,0.0070631970260223165,0.009293680297397744,0.005204460966542812,0.0018587360594795044,0.0026022304832713505,0.006691449814126393,-0.005947955390334436,0.0029739776951672736,-0.0003717472118959231,-0.0007434944237917351,0.01115241635687736,0.004460966542750855,-0.010037174721189812,0.0026022304832714616,0.010037174721189479,0.0022304832713756495,0.005204460966542812,0.005947955390334658,0.004832713754646889,0.017100371747211796
198,198,0.8736059479553904,0.8229166666666666,0.8700257921886514,0.9410464259395727,0.005576208178438735,0.0033457249070631967,0.0037174721189590088,0.0022304832713754275,0.006319702602230581,0.006319702602230581,0.005947955390334658,0.0007434944237918462,0.010408921933085402,0.006691449814126393,-0.0014869888475835813,0.01115241635687747,0.0074349442379182396,-0.005947955390334325,0.012267657992565129,-0.004832713754646889,0.004832713754646778,0.016728624535315983,-0.00520446096654259,0.014126394052044633,0.0007434944237918462,-0.0026022304832712395,0.0022304832713754275,0.0007434944237918462,0.010408921933085624,0.009665427509293667,0.006319702602230581,0.017100371747211796
199,199,0.8736059479553904,0.8210526315789474,0.8674158683370179,0.9514861213461066,-0.0007434944237917351,-0.00037174721189581206,-0.0014869888475835813,0.0007434944237918462,-0.004089219330854821,0.006691449814126393,0.0026022304832713505,0.0070631970260223165,0.0029739776951672736,-0.0011152416356876582,0.0022304832713754275,-0.015985130111524026,-0.013011152416356864,-0.0007434944237917351,-0.005947955390334547,0.0026022304832713505,-0.0033457249070630857,0.006319702602230581,0.0014869888475836923,0.0,-0.015241635687732291,-0.0026022304832712395,-0.005204460966542701,-0.0033457249070630857,-0.0018587360594795044,-0.0007434944237917351,-0.007806691449814052,-0.009293680297397633
200,200,0.8550185873605948,0.7936507936507936,0.8454618029968066,0.9489683124539425,0.0033457249070630857,-0.004089219330855043,-0.0011152416356876582,-0.0003717472118960341,0.0026022304832714616,0.006691449814126393,0.004832713754646889,0.005947955390334436,0.0,0.0018587360594795044,0.0029739776951672736,-0.0018587360594796154,0.0007434944237918462,-0.004460966542750966,0.0,0.0018587360594795044,-0.0033457249070633077,0.0014869888475835813,0.0037174721189590088,-0.004460966542750966,-0.0007434944237917351,-0.005947955390334547,-0.011524163568773282,-0.005204460966542812,-0.0014869888475838033,-0.0003717472118959231,-0.005576208178438624,0.01375464684014871
201,201,0.8773234200743495,0.8341708542713567,0.8832903463522477,0.9513018914271678,0.0014869888475838033,0.005576208178438624,0.0014869888475838033,0.0033457249070633077,0.007434944237918351,0.005947955390334547,-0.011895910780668983,-0.008178438661709864,0.0029739776951673846,-0.009665427509293667,-0.011152416356877248,0.011895910780669205,-0.0033457249070630857,-0.010037174721189479,-0.0029739776951672736,-0.0007434944237918462,-0.00892193308550182,-0.0014869888475834703,-0.013382899628252676,-0.011152416356877248,-0.008178438661709975,-0.010037174721189368,-0.0037174721189590088,-0.023420074349442266,-0.011524163568773171,-0.004832713754646889,0.0037174721189591198,0.0037174721189591198
202,202,0.8475836431226765,0.7918781725888325,0.8476418570375829,0.9324490297224269,-0.004089219330854932,-0.0007434944237918462,-0.008921933085502043,-0.006691449814126393,0.0026022304832714616,-0.005947955390334658,0.0018587360594795044,0.0011152416356876582,0.0,-0.006691449814126393,-0.0011152416356878803,-0.0026022304832713505,-0.01486988847583659,-0.010408921933085624,-0.0286245353159853,-0.012267657992565129,-0.0022304832713754275,0.005204460966542812,-0.004460966542750966,0.005576208178438624,-0.0011152416356877692,-0.013382899628252787,-0.01747211895910794,-0.010037174721189701,-0.01115241635687736,-0.0003717472118961451,-0.0007434944237918462,-0.0070631970260223165
203,203,0.8810408921933085,0.8367346938775511,0.8835052812576762,0.9734094816998281,0.004089219330855043,0.0037174721189591198,-0.0011152416356877692,-0.0022304832713754275,0.006691449814126393,0.007806691449814052,0.004460966542750966,0.0022304832713755385,0.0070631970260223165,0.0033457249070633077,-0.0011152416356877692,0.0007434944237917351,0.0018587360594795044,0.0026022304832714616,0.0011152416356876582,-0.0029739776951672736,-0.004832713754646889,0.0007434944237917351,0.0,0.0033457249070633077,-0.004832713754646778,0.0007434944237917351,-0.0022304832713754275,-0.0033457249070630857,-0.00631970260223047,0.0014869888475835813,-0.005204460966542812,-0.0011152416356877692
204,204,0.8810408921933085,0.8367346938775511,0.8835052812576762,0.9643822156718251,-0.0007434944237918462,0.0022304832713754275,-0.0011152416356877692,0.0018587360594795044,0.0033457249070630857,0.006691449814126393,0.0022304832713754275,0.0,-0.0022304832713754275,-0.0029739776951672736,-0.0007434944237918462,-0.0022304832713754275,0.0033457249070630857,-0.009293680297397744,0.0026022304832714616,-0.011152416356877248,-0.010408921933085402,0.007806691449814052,-0.0003717472118959231,0.0,-0.0033457249070630857,-0.00892193308550182,-0.004089219330854932,-0.0018587360594795044,-0.013011152416356753,-0.005576208178438735,-0.0029739776951672736,0.0029739776951671626
205,205,0.8847583643122676,0.841025641025641,0.8863301400147383,0.9636452959960699,-0.0022304832713755385,0.0014869888475836923,0.0037174721189591198,-0.0022304832713755385,0.007806691449814163,0.0014869888475836923,-0.0003717472118960341,0.0011152416356877692,0.009665427509293667,0.005204460966542701,-0.0029739776951672736,0.01263940520446094,-0.012267657992565018,-0.004089219330855043,-0.013011152416356975,-0.011524163568773393,-0.0070631970260222054,-0.018215613382899787,-0.006319702602230359,0.004832713754646778,0.0037174721189591198,-0.010780669144981436,-0.008921933085501932,-0.016728624535315983,-0.007806691449814052,0.01784386617100364,-0.004460966542750855,0.009665427509293667
206,206,0.8810408921933085,0.8350515463917526,0.8808953574060427,0.9721812822402358,0.004089219330855043,0.0029739776951671626,0.004089219330855043,0.0026022304832712395,0.004089219330855043,0.005204460966542812,-0.004832713754646778,-0.0011152416356877692,-0.0003717472118959231,-0.006691449814126393,-0.011152416356877248,-0.006691449814126393,0.005947955390334547,-0.0037174721189590088,-0.0029739776951672736,-0.01115241635687736,-0.0014869888475835813,-0.004460966542750966,-0.009293680297397855,0.0033457249070633077,-0.0070631970260223165,-0.009665427509293778,-0.010408921933085402,-0.011152416356877248,-0.0007434944237918462,0.0029739776951673846,0.0007434944237916241,-0.007806691449814163
207,207,0.862453531598513,0.7955801104972375,0.8432817489560305,0.953635470400393,0.0029739776951672736,-1.1102230246251565e-16,-0.005204460966542701,-0.005576208178438624,0.01784386617100364,0.004460966542750855,0.004089219330854932,-0.0070631970260222054,0.004089219330854932,0.006319702602230359,0.004460966542750855,-0.005204460966542701,-0.0029739776951672736,0.010408921933085513,0.0003717472118959231,-0.004832713754646778,-0.006319702602230581,0.004089219330854932,-0.0033457249070631967,0.004460966542750855,0.0011152416356877692,0.011152416356877248,-0.0033457249070631967,-0.005204460966542701,0.0003717472118959231,0.010780669144981325,0.0018587360594796154,0.009293680297397744
208,208,0.8736059479553904,0.8131868131868132,0.8569761729304839,0.9617415868337018,-0.0033457249070630857,-0.0029739776951671626,-0.0007434944237917351,-0.005204460966542701,0.006319702602230581,-0.009665427509293556,-0.0014869888475835813,-0.0014869888475835813,0.012639405204461052,-0.00037174721189581206,-0.004089219330855043,-0.0070631970260222054,0.0029739776951672736,-0.009665427509293556,-0.0037174721189590088,-0.012267657992564907,-0.011152416356877137,-0.0037174721189590088,0.0011152416356877692,0.007806691449814163,0.004832713754646778,0.0,-0.011895910780669094,0.0007434944237918462,-0.006691449814126393,-0.005204460966542701,-0.022304832713754497,0.0018587360594795044
209,209,0.9107806691449815,0.8695652173913043,0.9008843036109064,0.9698477032670105,0.0,-0.009293680297397744,-0.0022304832713754275,-0.009293680297397744,0.018215613382899787,-0.012639405204461052,-0.00631970260223047,-0.010037174721189479,0.015613382899628325,-0.0022304832713754275,0.017100371747211907,0.004089219330854932,0.026765799256505685,-0.005204460966542812,-0.012639405204461052,0.015613382899628325,0.006691449814126171,0.0003717472118959231,0.014126394052044522,0.0,0.0007434944237917351,0.007063197026022094,0.004089219330854932,-0.004089219330855154,-0.006691449814126393,-0.009293680297397744,0.0007434944237917351,0.018959107806691633
210,210,0.8475836431226765,0.7897435897435897,0.8450319331859495,0.9546180299680669,-0.0029739776951673846,-0.0022304832713754275,-0.005204460966542812,0.0014869888475835813,0.0029739776951673846,-0.004832713754646889,0.0018587360594795044,-0.0007434944237919572,-0.006691449814126393,0.0037174721189591198,-0.004089219330855154,-0.014498141263940556,-0.018215613382899676,-0.025278810408921992,-2.220446049250313e-16,-0.008178438661709975,-0.005576208178438735,-0.01115241635687736,-0.0029739776951673846,0.004089219330855043,0.008178438661709975,-0.016728624535316095,-0.023420074349442266,-0.02118959107806695,-0.011524163568773282,-0.012639405204461052,0.0026022304832714616,0.0007434944237917351
211,211,0.8587360594795539,0.7978723404255319,0.8482866617538688,0.9506877916973717,0.0070631970260222054,-0.005576208178438513,0.0011152416356876582,0.0033457249070631967,0.02267657992565064,0.0014869888475836923,0.00631970260223047,-0.0003717472118959231,0.0029739776951671626,-0.0022304832713754275,0.00037174721189581206,-0.0018587360594795044,0.013011152416356864,0.0007434944237917351,-0.005576208178438735,-0.0029739776951672736,0.004460966542750966,-0.010037174721189701,-0.005576208178438735,-0.006319702602230581,-0.005947955390334658,-0.0003717472118959231,0.00892193308550171,-0.006319702602230581,0.0018587360594795044,0.0022304832713753164,-0.0011152416356877692,1.1102230246251565e-16
212,212,0.895910780669145,0.851063829787234,0.8895848685826577,0.9621714566445592,-0.0033457249070631967,-0.004832713754647,-0.003717472118959342,-0.0018587360594796154,0.009293680297397744,0.02007434944237929,0.013382899628252898,0.0074349442379182396,0.014498141263940556,-0.005204460966542701,-0.008921933085501932,0.003717472118959231,-0.004460966542750966,-0.012639405204461052,-0.011524163568773393,-0.008178438661710086,-0.013754646840148821,-0.004460966542750966,-0.0003717472118960341,-0.01115241635687747,-0.008178438661710086,-0.01115241635687736,-0.005576208178438624,-0.01747211895910794,-0.005204460966542923,1.1102230246251565e-16,-0.00037174721189581206,-0.004460966542751077
213,213,0.9256505576208178,0.8913043478260869,0.9174035863424219,0.974207811348563,-0.0033457249070631967,-0.0014869888475836923,0.0011152416356876582,0.0033457249070630857,0.007806691449814052,-0.0007434944237918462,-0.0033457249070631967,-0.0026022304832713505,0.0014869888475835813,-0.0022304832713754275,-0.0003717472118959231,-0.0011152416356877692,0.033085501858736155,-0.0022304832713754275,0.006691449814126393,0.004089219330854821,-0.005204460966542701,-0.004089219330854932,0.007806691449814052,0.0,0.0018587360594795044,-0.006319702602230581,0.0011152416356876582,0.005204460966542701,0.0018587360594795044,0.0018587360594795044,0.009293680297397633,0.0
214,214,0.862453531598513,0.7978142076502732,0.845891672807664,0.9576271186440678,0.010408921933085513,0.006319702602230581,0.005947955390334436,0.0037174721189591198,0.018959107806691522,0.009293680297397744,0.012267657992565018,0.0029739776951672736,0.00892193308550171,-0.0037174721189591198,-0.005204460966542701,0.006691449814126282,-0.0018587360594796154,0.008550185873606009,-0.00037174721189581206,0.005204460966542701,-0.005204460966542701,0.0037174721189591198,0.009293680297397744,0.010037174721189701,0.0011152416356877692,-0.0011152416356877692,0.008178438661710086,-0.005204460966542701,-0.010408921933085513,0.0022304832713754275,0.008178438661710086,0.0026022304832713505
215,215,0.9144981412639405,0.8756756756756757,0.906319086219602,0.9641979857528863,0.014498141263940334,0.008550185873605898,0.010780669144981436,0.005947955390334436,0.0189591078066913,0.010037174721189257,0.019702602230483035,0.004460966542750744,0.010037174721189479,0.006691449814126171,0.005576208178438513,0.005947955390334436,0.009665427509293445,0.0029739776951671626,-0.0003717472118961451,0.01375464684014871,0.00520446096654259,0.03159851301115246,-0.0011152416356878803,0.01747211895910783,0.005204460966542812,0.0074349442379180175,0.0037174721189590088,0.023048327137546565,-0.0070631970260223165,0.00520446096654259,0.02267657992565064,-2.220446049250313e-16
216,216,0.8810408921933085,0.8350515463917526,0.8808953574060427,0.9629083763203145,0.0029739776951671626,0.01375464684014871,0.0037174721189591198,0.014869888475836368,0.020817843866170915,0.007806691449814052,0.010408921933085402,0.0070631970260223165,0.02156133828996276,0.007806691449814052,0.020446096654275103,-0.019702602230483257,0.008550185873605898,-0.005947955390334658,-0.0011152416356877692,-0.005576208178438735,-0.009665427509293667,0.02007434944237918,0.0014869888475835813,-0.005204460966542812,0.0007434944237917351,-0.011895910780668983,0.006691449814126393,-0.0026022304832713505,0.0026022304832712395,0.014498141263940445,-0.00631970260223047,0.027137546468401497
217,217,0.8550185873605948,0.7936507936507936,0.8454618029968066,0.9549864898059446,-0.0007434944237919572,-0.010408921933085513,-0.0022304832713755385,-0.0074349442379181285,0.004460966542750966,0.0026022304832714616,-0.0014869888475838033,0.0014869888475835813,-0.0026022304832714616,-0.004460966542750966,-0.006691449814126393,0.0,0.0018587360594795044,-0.01263940520446094,-0.02007434944237918,-0.0185873605947956,-0.005947955390334547,-0.008178438661710197,-0.011895910780669205,-0.008550185873606009,0.0029739776951672736,-0.017843866171003753,-0.022304832713754608,-0.011895910780669205,-0.004832713754646889,-0.007434944237918351,-0.0007434944237919572,-0.008550185873606009
218,218,0.8661710037174721,0.8085106382978723,0.8565463031196267,0.9595308278064358,-0.0014869888475835813,-0.010780669144981325,-0.0037174721189590088,-0.0026022304832713505,0.0018587360594795044,-0.005204460966542812,-0.00631970260223047,-0.00892193308550182,0.004089219330855043,0.0014869888475835813,-0.0014869888475835813,0.0003717472118959231,0.0014869888475835813,-0.0070631970260223165,-0.0003717472118959231,-0.010780669144981325,-0.005576208178438735,-0.010780669144981325,-0.0003717472118959231,0.005947955390334547,0.0,-0.005576208178438735,-0.0074349442379182396,-0.0029739776951673846,-0.005204460966542812,-0.0029739776951671626,0.003717472118959231,0.010408921933085402
219,219,0.8550185873605948,0.7958115183246073,0.8480717268484401,0.9598992876443135,-0.0003717472118960341,-0.004832713754646889,-0.005947955390334547,-0.0007434944237919572,0.02527881040892177,0.0,0.00037174721189570104,-0.0029739776951673846,0.004832713754646778,0.0018587360594797264,0.0003717472118959231,0.004832713754646778,0.014869888475836368,-0.011895910780669205,-0.008550185873606009,0.0007434944237918462,0.0,-0.006691449814126393,-0.0007434944237919572,-0.010780669144981436,0.005576208178438735,-0.009665427509293778,-0.008178438661710197,-0.0026022304832714616,-0.0011152416356878803,-0.0014869888475838033,0.0,-0.01115241635687736
220,220,0.8661710037174721,0.8064516129032258,0.853936379267993,0.9588553181036601,-0.0074349442379182396,0.0,-0.0026022304832713505,0.0026022304832713505,0.017843866171003753,-0.0037174721189590088,0.005576208178438735,-0.01152416356877306,0.01263940520446094,0.004089219330855043,-0.0011152416356876582,0.004460966542750966,-0.005576208178438735,-0.005204460966542812,-0.004460966542750966,-0.01263940520446083,-0.015241635687732291,-0.0033457249070633077,0.00892193308550182,-0.0029739776951671626,-0.0026022304832713505,-0.007806691449814052,-0.011895910780668983,-0.009293680297397744,0.0014869888475835813,0.010037174721189479,0.004460966542750966,-0.016728624535315872
221,221,0.8438661710037175,0.776595744680851,0.8317673790223532,0.9484156226971261,-0.0014869888475834703,-0.0029739776951672736,-0.004460966542750855,-0.0074349442379182396,0.014126394052044744,-0.0026022304832713505,-0.0074349442379182396,-0.00892193308550182,0.0018587360594796154,-0.004089219330855154,-0.004089219330854932,-0.007063197026022094,-0.0014869888475835813,-0.013011152416356864,-0.0070631970260223165,-0.004089219330855154,-0.0018587360594795044,-0.006319702602230359,-0.019702602230483257,-0.009665427509293667,-0.004089219330854932,-0.00892193308550182,-0.010408921933085402,-0.012267657992565129,-0.005947955390334436,-0.00892193308550182,0.0018587360594796154,-0.0074349442379182396
222,222,0.8884758364312267,0.8314606741573034,0.8682756079587325,0.9648120854826825,-0.0011152416356876582,0.0037174721189590088,-0.008178438661709975,-0.004460966542750744,0.0011152416356877692,0.005576208178438735,0.0029739776951673846,-0.0022304832713754275,0.004089219330855154,0.0074349442379182396,-0.004089219330854932,0.0070631970260223165,0.007806691449814163,-0.0033457249070630857,-0.01263940520446083,0.005204460966542812,0.0037174721189590088,-0.00520446096654259,-0.0029739776951671626,0.004089219330855154,0.01747211895910772,-0.0037174721189590088,-0.00520446096654259,0.0011152416356877692,-0.0014869888475835813,-0.012267657992565018,0.0029739776951672736,-0.008921933085501932
223,223,0.8438661710037175,0.7789473684210526,0.8343773028739867,0.9481699828052076,0.0007434944237919572,-0.0029739776951672736,-0.0037174721189590088,-0.004460966542750855,0.0074349442379181285,-0.0014869888475835813,-0.0029739776951672736,0.0026022304832714616,0.008921933085501932,0.0014869888475838033,0.0033457249070633077,0.004089219330855043,0.009665427509293778,-0.014498141263940556,0.0014869888475838033,0.0029739776951673846,0.0,-0.009665427509293667,-0.00631970260223047,-0.01115241635687736,0.008550185873606009,-0.005947955390334436,-0.0022304832713754275,-0.010780669144981325,0.0033457249070633077,0.007806691449814274,0.004089219330855043,0.013011152416356864
224,224,0.8736059479553904,0.8191489361702128,0.8648059444853844,0.9614959469417834,0.0022304832713754275,0.0018587360594795044,0.0014869888475836923,0.0007434944237918462,0.0,0.0033457249070631967,0.0007434944237918462,0.0014869888475836923,-0.00037174721189581206,0.0007434944237918462,0.0,0.0029739776951672736,0.0185873605947956,-0.0037174721189590088,-0.00520446096654259,-0.005204460966542701,0.0022304832713754275,0.0014869888475836923,0.0011152416356877692,-0.0011152416356876582,-0.0018587360594795044,0.0003717472118959231,-0.0037174721189590088,-0.00037174721189581206,0.0022304832713754275,-0.0074349442379181285,0.0037174721189590088,0.013011152416356975
225,225,0.8475836431226765,0.783068783068783,0.8372021616310489,0.9453451240481454,0.0007434944237917351,-0.009293680297397855,-0.010780669144981547,-0.01635687732342017,0.0007434944237917351,0.004089219330854932,-0.0014869888475835813,0.004460966542750966,-0.0007434944237918462,-0.004832713754646778,0.004832713754646889,-0.0011152416356877692,-0.024163568773234334,-0.0018587360594797264,-0.010780669144981547,-0.00631970260223047,-0.0003717472118959231,0.005204460966542812,-0.0026022304832714616,-0.010037174721189701,-0.015985130111524137,-0.012639405204461052,-0.011895910780669205,-0.012267657992565129,-0.005576208178438513,-0.005947955390334658,0.004089219330855043,-0.0066914498141266154
226,226,0.895910780669145,0.8461538461538461,0.8817550970277573,0.9695406534021125,0.014126394052044633,-0.0033457249070631967,0.0011152416356879913,0.0070631970260223165,0.0342007434944237,0.004460966542750855,0.004460966542751077,-0.005947955390334658,0.016728624535315983,0.012267657992565129,0.010780669144981547,0.008550185873606009,0.034572490706319736,0.012639405204461052,0.0070631970260223165,0.014498141263940556,-0.0007434944237917351,0.01598513011152436,0.004460966542751077,0.009293680297397744,0.011895910780669205,0.004832713754647,-0.010037174721189812,-0.0011152416356876582,-0.005576208178438624,0.03382899628252789,-0.005576208178438846,0.018215613382899565
227,227,0.8847583643122676,0.841025641025641,0.8863301400147383,0.9522844509948415,0.0022304832713755385,0.0029739776951672736,-0.008178438661709864,-0.004089219330855043,0.01747211895910783,0.0070631970260224275,0.0014869888475836923,0.009665427509293667,0.013754646840148599,0.006319702602230581,-0.0026022304832713505,0.011152416356877248,0.005204460966542701,0.0018587360594793934,0.014126394052044522,0.0070631970260222054,0.008178438661710086,0.013382899628252676,0.016728624535315983,0.005204460966542701,-0.0033457249070631967,-0.00037174721189581206,0.005204460966542923,-0.0029739776951672736,0.006691449814126282,0.015985130111524137,-0.0026022304832713505,0.0022304832713755385
228,228,0.8736059479553904,0.8316831683168316,0.8830754114468189,0.9392655367231639,0.004089219330855154,0.0022304832713754275,0.005204460966542812,0.0074349442379182396,0.0018587360594795044,0.004832713754646889,0.0007434944237918462,0.004832713754646889,0.007806691449814163,0.004460966542750855,0.0074349442379182396,0.0033457249070631967,-0.0018587360594795044,-0.004832713754646889,0.0003717472118959231,-0.011895910780669094,-0.0018587360594795044,0.0022304832713754275,0.0037174721189590088,0.0033457249070631967,0.01635687732342006,-0.0011152416356876582,-0.010780669144981436,-0.0022304832713753164,-0.00631970260223047,0.004089219330854932,0.006319702602230581,0.0037174721189590088
229,229,0.8884758364312267,0.8314606741573034,0.8682756079587325,0.972304102186195,0.004089219330855154,-0.0033457249070630857,-0.008178438661709975,-0.004089219330854932,0.015985130111524137,-0.006319702602230248,0.0007434944237918462,0.010408921933085402,0.004460966542750966,-0.007063197026022094,-0.005204460966542812,-0.008550185873606009,-0.011895910780668983,-0.0007434944237917351,-0.02118959107806706,-0.011895910780669205,-0.014869888475836368,-0.011524163568773282,0.004089219330854932,0.005204460966542812,-0.010408921933085513,-0.0022304832713754275,-0.0022304832713754275,-0.01263940520446083,-0.006319702602230248,-0.01226765799256524,-0.008178438661709975,0.0007434944237918462
230,230,0.8327137546468402,0.7668393782383419,0.8259027266028003,0.9438712846966347,-0.0007434944237918462,-0.005576208178438735,-0.003717472118959231,-0.0070631970260223165,0.0022304832713754275,-0.005204460966542812,-0.0007434944237918462,0.0026022304832713505,0.005947955390334547,0.004089219330855043,0.0018587360594795044,0.0,0.0007434944237918462,-0.011152416356877248,-0.0022304832713754275,-0.0011152416356876582,-0.0011152416356876582,-0.0029739776951671626,-0.0026022304832713505,-0.0033457249070630857,-0.0033457249070633077,-0.014126394052044633,-0.006691449814126393,-0.014869888475836368,-0.0014869888475835813,-0.0011152416356876582,0.0011152416356876582,-0.012267657992564907
231,231,0.862453531598513,0.8082901554404145,0.8589412920658315,0.942090395480226,-0.0022304832713755385,-0.0022304832713755385,-0.009293680297397855,0.0022304832713754275,-0.0026022304832714616,-0.0037174721189591198,-0.0011152416356877692,0.005947955390334436,0.0011152416356877692,0.0007434944237917351,0.005576208178438735,0.0014869888475836923,-0.0018587360594796154,0.004460966542750855,-0.0026022304832714616,0.01003717472118959,-0.0003717472118960341,-0.0033457249070631967,0.006691449814126282,-0.010780669144981436,-0.005947955390334547,-0.011895910780669094,-0.008178438661710086,-0.013754646840148599,-0.0026022304832714616,0.007806691449814163,-0.0007434944237919572,0.010408921933085624
232,232,0.8810408921933085,0.8297872340425532,0.8730655858511422,0.9596536477523949,-0.0037174721189590088,-0.0022304832713754275,0.0011152416356876582,-0.0014869888475835813,0.005947955390334547,-0.009665427509293667,0.0018587360594795044,-0.003717472118959231,0.0014869888475835813,-0.0033457249070630857,-0.0033457249070630857,0.005576208178438624,-0.010780669144981325,-0.0029739776951672736,-0.015241635687732513,-0.007806691449814163,-0.004832713754646778,0.004832713754646889,-0.012639405204461052,0.004460966542750966,-0.005576208178438735,-0.003717472118959231,-0.010780669144981325,-0.010037174721189479,-0.014126394052044633,-0.0003717472118959231,0.0,-0.014498141263940334
233,233,0.8513011152416357,0.7916666666666666,0.8452468680913781,0.9465733235077377,-0.0007434944237918462,-0.0022304832713755385,-0.004089219330855154,-0.0018587360594796154,-0.0022304832713755385,0.0022304832713755385,0.0014869888475834703,0.0018587360594796154,0.0022304832713753164,0.0029739776951672736,0.004460966542750855,0.0029739776951672736,-0.008178438661710086,-0.0029739776951672736,-0.011524163568773171,-0.005204460966542923,-1.1102230246251565e-16,-0.0018587360594793934,-0.009293680297397744,-0.0029739776951672736,-0.0018587360594796154,-0.017100371747211907,-0.018959107806691522,-0.0033457249070631967,-0.0022304832713755385,-0.0003717472118960341,-0.01115241635687747,-0.0029739776951672736
234,234,0.9033457249070632,0.8617021276595744,0.8978445099484156,0.9610660771309261,0.005576208178438846,0.013382899628252898,0.017100371747211907,0.0070631970260224275,0.027137546468401608,0.005947955390334547,0.01747211895910783,0.014869888475836479,0.021561338289962872,0.018215613382899787,0.016728624535315983,0.014126394052044744,-1.1102230246251565e-16,0.004460966542750744,0.008921933085502043,0.013382899628252898,-0.0033457249070633077,0.013382899628252898,0.023420074349442377,0.0029739776951674957,0.004089219330855154,0.0018587360594793934,0.009293680297397855,-0.0007434944237918462,-0.0011152416356877692,0.008921933085502043,0.012639405204461052,0.005947955390334658
235,235,0.8847583643122676,0.8442211055276382,0.8915499877180053,0.9673913043478262,0.005947955390334658,0.004089219330855043,0.0070631970260224275,0.01003717472118959,0.014869888475836257,0.0022304832713755385,-0.0070631970260222054,0.0018587360594793934,0.011524163568773171,0.005947955390334658,0.0014869888475836923,-0.0029739776951672736,-0.011524163568773393,-0.015985130111524137,-0.005204460966542701,-0.0011152416356877692,-0.0070631970260222054,-0.00892193308550171,-0.0007434944237918462,-0.008550185873605787,-0.0033457249070631967,0.004089219330855043,0.009665427509293667,0.0011152416356877692,-0.0070631970260222054,0.004832713754646778,-0.005947955390334547,-0.014869888475836479
236,236,0.8661710037174721,0.8144329896907216,0.8643760746745272,0.9559076394006387,0.003717472118959231,0.0011152416356876582,-0.0026022304832713505,0.008178438661709975,0.019330855018587334,0.008178438661709975,0.0007434944237918462,0.0033457249070633077,0.014498141263940667,0.0026022304832714616,-0.005204460966542812,-0.005947955390334547,0.00631970260223047,-0.004832713754646667,-0.010780669144981325,-0.0026022304832714616,-0.0014869888475835813,-0.0189591078066913,-0.02156133828996276,0.00631970260223047,0.011895910780669205,0.0033457249070630857,-0.006691449814126393,-0.0022304832713755385,-0.008178438661709975,0.004832713754646889,0.007806691449814052,-0.00631970260223047
237,237,0.8438661710037175,0.7789473684210526,0.8343773028739867,0.9577499385900271,-0.005204460966542812,-0.005204460966542812,-0.0018587360594795044,-0.0026022304832713505,0.0011152416356878803,-0.005947955390334658,-0.0026022304832713505,-0.00520446096654259,-0.00037174721189570104,-0.0007434944237918462,-0.012267657992565129,-0.0074349442379182396,-0.0022304832713752054,-0.013382899628252787,-0.019330855018587223,-0.014498141263940556,-0.0007434944237916241,-0.013382899628252787,-0.0033457249070630857,-0.008550185873605898,-0.00037174721189570104,-0.0070631970260223165,-0.011152416356877248,-0.02007434944237918,-0.007806691449814163,-0.008550185873605898,-0.008550185873605898,-0.007806691449813941
238,238,0.8773234200743495,0.8307692307692308,0.8780704986489807,0.9586710881847212,0.0007434944237919572,0.0074349442379181285,-0.0007434944237916241,0.0029739776951673846,0.0026022304832714616,0.0014869888475838033,0.005576208178438624,0.004832713754646889,0.005576208178438624,-0.011152416356877248,-0.005576208178438513,-0.0026022304832713505,-0.018215613382899343,-0.008550185873605787,0.010037174721189701,-0.014869888475836257,-0.014869888475836257,0.013382899628252787,0.0018587360594796154,-0.0007434944237918462,-0.010037174721189479,0.010408921933085513,0.0033457249070633077,-0.005576208178438513,0.0037174721189591198,0.010780669144981436,-0.007063197026022094,-0.007806691449814163
239,239,0.9033457249070632,0.8555555555555555,0.8874048145418816,0.978629329403095,-0.003717472118959231,-0.004460966542751077,-0.0018587360594797264,0.0018587360594793934,0.00631970260223047,-0.0022304832713754275,0.0026022304832714616,0.0014869888475835813,-1.1102230246251565e-16,-0.006319702602230581,-0.0074349442379182396,-0.0003717472118959231,-0.008550185873606009,-0.0033457249070631967,-0.0074349442379182396,-0.004460966542751077,-0.004089219330855154,-0.0033457249070633077,-0.006691449814126504,-0.009665427509293889,0.01598513011152425,0.014869888475836479,-0.009665427509293667,0.014126394052044744,-0.0026022304832715726,0.01115241635687747,0.011524163568773393,0.0033457249070634187
240,240,0.862453531598513,0.8102564102564103,0.861551215917465,0.9548636698599853,0.0022304832713754275,0.0007434944237918462,0.0022304832713754275,-0.004832713754646778,-0.0029739776951672736,0.007806691449814163,0.0026022304832713505,0.009665427509293667,-0.0003717472118960341,0.0033457249070631967,0.0007434944237918462,0.0026022304832713505,-0.010408921933085513,-0.0003717472118960341,-0.014126394052044522,0.0014869888475836923,-0.0029739776951672736,-0.0011152416356877692,0.009665427509293889,-0.0037174721189591198,0.0018587360594796154,0.0029739776951672736,-0.013011152416356864,-0.016728624535315983,-0.0018587360594796154,0.010780669144981325,0.010780669144981325,-0.0026022304832714616
241,241,0.8550185873605948,0.7914438502673797,0.8428518791451731,0.9542495701301892,-0.0011152416356878803,-0.0011152416356878803,0.0011152416356877692,-0.0003717472118960341,0.006691449814126393,0.0033457249070633077,-0.0011152416356878803,0.0014869888475835813,-0.0026022304832714616,-0.004089219330855043,-0.0074349442379181285,-0.004832713754646889,-0.007806691449814052,-0.011524163568773282,-0.010780669144981436,-0.005947955390334547,-0.008550185873605898,-0.0011152416356876582,-0.0011152416356878803,-0.0011152416356878803,0.008550185873605898,-0.01895910780669141,-0.007806691449814274,-0.011895910780669205,-0.0037174721189591198,0.00520446096654259,-0.013382899628252787,0.0007434944237918462
242,242,0.8773234200743495,0.8176795580110497,0.8598010316875461,0.9598992876443134,0.0033457249070633077,0.006691449814126393,0.0014869888475838033,0.0022304832713755385,0.013011152416356864,0.01115241635687736,0.010780669144981436,-0.0074349442379180175,0.008178438661710197,0.008178438661710197,-0.0007434944237918462,-0.004832713754646778,-0.005947955390334436,0.007806691449814274,-0.00037174721189570104,-0.0074349442379180175,0.008178438661710197,0.0070631970260224275,0.0029739776951673846,0.005947955390334547,0.03122676579925654,-0.0033457249070630857,0.0003717472118960341,0.010408921933085513,-0.00037174721189570104,0.0003717472118960341,0.0026022304832714616,0.005204460966542812
243,243,0.9033457249070632,0.8571428571428571,0.8900147383935151,0.9769712601326455,-0.009293680297397966,0.007806691449814052,-0.0007434944237918462,-0.004460966542751077,0.00631970260223047,0.00520446096654259,-0.011152416356877248,-0.012267657992565129,-0.0014869888475838033,-0.010780669144981325,-0.0022304832713754275,-0.021561338289962872,-0.03011152416356877,-0.0003717472118959231,0.0037174721189591198,-0.005576208178438735,-0.016728624535315983,-0.013011152416356975,0.0037174721189588977,0.007434944237918462,-0.01375464684014871,-0.004089219330855154,0.0011152416356877692,-0.013011152416356975,-0.022304832713754608,-0.008178438661710086,-1.1102230246251565e-16,0.0037174721189588977
244,244,0.8921933085501859,0.8449197860962567,0.8841500859739622,0.9686195038074183,0.0014869888475836923,-0.0029739776951672736,0.0014869888475836923,-0.01003717472118959,0.0026022304832714616,-0.0007434944237916241,1.1102230246251565e-16,-0.0033457249070631967,0.004089219330855043,-0.004460966542750855,-0.0022304832713753164,0.01115241635687736,-0.005947955390334436,-0.01598513011152436,-0.005204460966542701,-0.010408921933085624,1.1102230246251565e-16,-0.0029739776951672736,-0.0029739776951672736,0.0029739776951673846,-0.007806691449814274,-0.004460966542750855,-0.0007434944237916241,-0.008178438661710086,0.0022304832713755385,0.0026022304832714616,-0.0007434944237916241,-0.0022304832713753164
245,245,0.8661710037174721,0.8105263157894737,0.8591562269712602,0.9568287889953329,0.0011152416356876582,0.012267657992565129,0.004832713754646889,-0.0014869888475835813,0.028624535315985078,0.009293680297397744,0.01375464684014871,0.00892193308550182,0.014869888475836368,0.008550185873605898,0.011895910780669205,0.0029739776951673846,0.020817843866171026,-0.012267657992564907,-0.0003717472118959231,0.008550185873605898,0.0003717472118959231,-0.024907063197025847,-0.013382899628252787,0.01115241635687736,0.0070631970260223165,-0.005204460966542812,-0.010408921933085402,0.00892193308550182,0.0,0.00892193308550182,0.0026022304832713505,0.0026022304832714616
246,246,0.8513011152416357,0.801980198019802,0.8582964873495456,0.9509948415622698,-0.0033457249070631967,-0.0074349442379182396,0.006691449814126282,-0.0007434944237918462,0.008921933085501932,-0.0003717472118960341,-0.017100371747211907,-0.0033457249070631967,0.006691449814126282,-0.006319702602230581,-0.0011152416356877692,-0.007806691449814163,-0.02230483271375472,-0.005947955390334658,-0.0022304832713755385,-0.02230483271375472,-0.013754646840148821,0.004832713754646778,0.0018587360594796154,-0.015241635687732402,0.0007434944237918462,-0.012639405204461052,-0.0037174721189591198,-0.03011152416356877,-0.013754646840148821,-0.006319702602230581,-0.0014869888475836923,-0.007806691449814163
247,247,0.8773234200743495,0.8235294117647058,0.8676308032424467,0.9635224760501107,0.0029739776951673846,0.0007434944237919572,0.0014869888475838033,-0.0029739776951672736,0.005576208178438624,0.008178438661710197,0.01263940520446094,-0.0037174721189590088,0.0022304832713755385,0.0026022304832714616,-0.006691449814126282,1.1102230246251565e-16,-0.014498141263940334,0.004460966542750966,-0.006319702602230359,-0.015985130111523915,0.0033457249070633077,0.0011152416356878803,0.0018587360594796154,-0.010037174721189479,0.004089219330855043,-0.0011152416356877692,-0.014869888475836257,-0.005947955390334436,-0.0033457249070630857,-0.0029739776951672736,0.0007434944237917351,-0.008550185873605898
248,248,0.8364312267657993,0.7777777777777778,0.836557356914763,0.9465119135347582,0.0003717472118960341,0.0003717472118960341,-0.004089219330854932,-0.0029739776951672736,-0.008178438661709864,-0.0029739776951672736,-0.008178438661709864,0.005576208178438624,0.004832713754646778,0.004460966542750966,-0.0033457249070631967,-0.006319702602230581,-0.005947955390334436,-0.00892193308550182,-0.008178438661709864,0.0007434944237917351,0.0003717472118960341,0.0033457249070631967,-0.0033457249070631967,-0.0018587360594796154,-0.006691449814126282,-0.0026022304832713505,-0.005576208178438624,-0.0022304832713754275,-0.0011152416356877692,-0.0014869888475836923,0.0007434944237919572,0.0026022304832714616
249,249,0.8810408921933085,0.8350515463917526,0.8808953574060427,0.9548636698599853,0.0,0.0037174721189591198,-0.0033457249070630857,0.0003717472118959231,0.0026022304832712395,0.005947955390334547,0.013382899628252787,0.00892193308550182,0.0026022304832714616,0.008178438661709975,-0.0011152416356877692,-2.220446049250313e-16,0.004460966542750966,0.008550185873605898,-0.0007434944237918462,-0.0037174721189590088,-0.0007434944237918462,0.005576208178438624,0.009293680297397633,0.0018587360594795044,0.0033457249070633077,-0.0033457249070630857,-0.004460966542750966,0.0014869888475835813,-0.0018587360594795044,0.0026022304832714616,0.0033457249070633077,-0.008550185873605898
