,random_seed,accuracy,f1,balanced_acc,auc,feature_importance.front_CO2_vd_scaled,feature_importance.front_CO2_vd_fd1_scaled,feature_importance.front_CO2_vd_fd2_scaled,feature_importance.front_CO2_vd_fd3_scaled,feature_importance.frontlow_CO2_scaled,feature_importance.frontlow_CO2_fd1_scaled,feature_importance.frontlow_CO2_fd2_scaled,feature_importance.frontlow_CO2_fd3_scaled,feature_importance.fronttop_CO2_scaled,feature_importance.fronttop_CO2_fd1_scaled,feature_importance.fronttop_CO2_fd2_scaled,feature_importance.fronttop_CO2_fd3_scaled,feature_importance.frontlow_temperature_scaled,feature_importance.frontlow_temperature_fd1_scaled,feature_importance.frontlow_temperature_fd2_scaled,feature_importance.frontlow_temperature_fd3_scaled,feature_importance.frontlow_humidity_scaled,feature_importance.frontlow_humidity_fd1_scaled,feature_importance.frontlow_humidity_fd2_scaled,feature_importance.frontlow_humidity_fd3_scaled,feature_importance.fronttop_temperature_scaled,feature_importance.fronttop_temperature_fd1_scaled,feature_importance.fronttop_temperature_fd2_scaled,feature_importance.fronttop_temperature_fd3_scaled,feature_importance.fronttop_humidity_scaled,feature_importance.fronttop_humidity_fd1_scaled,feature_importance.fronttop_humidity_fd2_scaled,feature_importance.fronttop_humidity_fd3_scaled
0,0,0.7584541062801933,0.6710526315789473,0.7380434782608696,0.868241965973535,-0.032367149758454006,-0.0033816425120771765,0.0024154589371980784,0.006280193236715026,0.0033816425120773985,-0.016425120772946777,-0.011111111111111072,-0.017391304347825987,0.02898550724637694,0.005314009661835817,-0.011111111111111072,0.01449275362318847,0.008695652173913104,-0.023188405797101352,-0.02946859903381638,-0.02608695652173898,-0.014975845410627908,0.006280193236715026,-0.01256038647342983,0.013526570048309261,0.020289855072463947,-0.033333333333333215,-0.014975845410627908,-0.03574879227053129,-0.04347826086956519,-0.0009661835748792091,-0.0014492753623187582,0.0009661835748793202
1,1,0.8502415458937198,0.8165680473372781,0.8402173913043478,0.9236294896030246,0.006280193236715026,-0.005797101449275477,-0.007246376811594235,0.0038647342995168366,0.05555555555555558,0.010144927536231974,0.0004830917874396601,0.007729468599033784,0.029951690821255927,0.0038647342995168366,-0.0024154589371980784,0.009178743961352764,0.04009661835748779,-0.02801932367149762,-0.02898550724637683,-0.021256038647343156,0.0,0.0014492753623188692,-0.007729468599033895,0.009661835748792313,0.037198067632850274,-0.022705314009661914,-0.04057971014492756,-0.0270531400966183,-0.020289855072463947,0.009178743961352764,0.0,-0.0033816425120772875
2,2,0.8405797101449275,0.8070175438596491,0.8315217391304348,0.8968809073724008,0.0,0.0038647342995168366,0.0004830917874396601,0.0019323671497584183,0.02415458937198056,-0.00048309178743954906,-0.0028985507246377384,0.0028985507246376274,0.10434782608695659,0.0,0.0014492753623188692,0.0014492753623188692,0.017874396135265647,0.0019323671497584183,-0.0033816425120772875,-0.0019323671497585293,-0.008212560386473444,0.011594202898550732,0.018840579710144856,0.017391304347826098,0.01256038647342994,-0.011594202898550843,-0.0014492753623187582,0.005314009661835817,-0.0028985507246377384,0.017874396135265647,0.01256038647342994,0.0038647342995168366
3,3,0.8067632850241546,0.7752808988764045,0.8010869565217391,0.899054820415879,-0.006763285024154575,-0.011111111111111072,-0.005314009661835706,0.005797101449275366,0.15362318840579703,-0.007729468599033895,0.008212560386473444,-0.009661835748792313,0.1671497584541063,-0.011594202898550732,-0.018840579710144967,-0.030917874396135248,0.038164251207729594,-0.04541062801932372,-0.050241545893719874,-0.03864734299516903,-0.07101449275362326,-0.005314009661835817,0.009178743961352653,0.007729468599033895,0.0782608695652175,-0.018357487922705196,-0.03768115942028982,-0.05603864734299524,-0.08695652173913049,0.0038647342995169476,-0.01642512077294689,-0.01304347826086949
4,4,0.7922705314009661,0.7361963190184049,0.7782608695652173,0.8474480151228734,-0.019806763285024287,0.005797101449275255,0.0024154589371980784,0.008212560386473444,0.03816425120772948,0.0033816425120772875,-0.0033816425120772875,-0.004347826086956497,0.021739130434782483,0.004347826086956497,0.0019323671497584183,-0.0004830917874396601,0.03816425120772948,-0.006763285024154575,-0.008695652173913104,-0.006763285024154575,-0.0033816425120772875,0.0033816425120772875,0.007246376811594124,0.0028985507246377384,0.049758454106280214,0.008212560386473444,0.0028985507246377384,-0.009178743961352653,-0.01739130434782621,0.007246376811594124,0.013526570048309261,0.010628019323671412
5,5,0.8260869565217391,0.8064516129032258,0.825,0.9051039697542533,-0.07004830917874394,-0.0038647342995168366,-0.0019323671497584183,-0.0019323671497584183,0.11304347826086958,0.008695652173912993,0.0019323671497585293,0.02753623188405796,0.06570048309178744,0.006763285024154464,-0.01642512077294689,0.005314009661835706,0.050241545893719874,0.0009661835748793202,-0.01352657004830915,-0.0019323671497584183,-0.06666666666666676,-0.007246376811594124,0.012077294685990392,0.008212560386473444,0.1357487922705315,-0.017874396135265647,-0.01304347826086949,-0.030434782608695587,-0.02753623188405796,-0.0009661835748792091,0.017391304347826098,0.022705314009661914
6,6,0.8115942028985508,0.7719298245614035,0.8021739130434782,0.8909262759924386,-0.023188405797101352,0.0014492753623187582,-0.004347826086956497,0.007246376811594124,0.04299516908212575,-0.010628019323671523,-0.016908212560386437,-0.0038647342995169476,0.03091787439613536,0.004830917874396157,-0.014009661835748588,-0.0028985507246377384,0.051690821256038744,-0.007246376811594124,-0.01594202898550723,-0.021256038647342934,-0.019806763285024176,0.0024154589371981894,-0.006280193236714915,0.0009661835748792091,0.04009661835748801,-0.015458937198067568,-0.005797101449275366,-0.02753623188405785,-0.019323671497584405,-0.004347826086956497,0.02995169082125615,0.034782608695652195
7,7,0.782608695652174,0.7398843930635838,0.7739130434782608,0.8657844990548205,-0.0314009661835748,0.004347826086956608,-0.008212560386473333,-0.008695652173912993,0.08164251207729467,0.023671497584541124,0.01545893719806768,0.008212560386473444,0.026086956521739202,0.020289855072463836,-0.01497584541062802,-0.0024154589371979673,0.11207729468599026,0.006280193236715026,-0.0033816425120771765,-0.035265700483091744,-0.06376811594202902,0.01545893719806768,0.01497584541062802,0.01400966183574881,0.024637681159420333,-0.0014492753623187582,-0.018357487922705307,-0.01352657004830915,-0.06425120772946846,0.012077294685990392,0.01642512077294689,0.005314009661835817
8,8,0.7101449275362319,0.6385542168674698,0.6967391304347826,0.8094517958412099,-0.10048309178743964,0.0019323671497585293,0.009661835748792202,-0.0028985507246376274,0.061352657004830946,-0.0009661835748790981,-0.0024154589371980784,0.008695652173913215,0.06811594202898552,-0.0033816425120772875,0.0014492753623188692,-0.02608695652173898,0.01594202898550734,-0.010628019323671412,-0.007246376811594235,-0.031884057971014346,0.007246376811594235,-0.0024154589371979673,-0.0009661835748790981,0.0033816425120772875,0.14492753623188404,-0.004830917874396046,-0.004830917874396268,-0.03574879227053129,-0.050724637681159424,-0.005797101449275255,0.004830917874396046,-0.006280193236714915
9,9,0.8115942028985508,0.7796610169491526,0.8054347826086956,0.9027410207939508,-0.049275362318840665,-0.006280193236714915,0.0024154589371981894,-0.016908212560386326,0.0922705314009662,0.01594202898550734,-0.005314009661835706,-0.0028985507246377384,0.05458937198067637,-0.010628019323671412,-0.014492753623188248,0.009178743961352653,0.05700483091787445,-0.020289855072463725,-0.008695652173912882,-0.020289855072463725,-0.016908212560386437,0.012077294685990392,0.024154589371980784,0.004347826086956608,0.024637681159420333,-0.0236714975845409,-0.013526570048309261,-0.01159420289855062,-0.05942028985507242,-0.005797101449275366,0.01642512077294689,0.0028985507246377384
10,10,0.748792270531401,0.675,0.732608695652174,0.8634215500945179,-0.05652173913043468,0.008212560386473555,0.005797101449275477,-0.005314009661835706,0.013043478260869601,0.0038647342995169476,-0.02463768115942022,0.007729468599033895,0.08405797101449264,0.006763285024154686,-0.024154589371980673,-0.021256038647342934,0.01787439613526587,-0.02946859903381638,-0.03623188405797095,-0.03864734299516903,-0.034782608695652195,0.007729468599033895,0.008695652173913104,0.01787439613526587,0.01449275362318847,-0.03140096618357491,-0.0314009661835748,-0.0608695652173914,0.011594202898550843,0.0024154589371980784,0.005314009661835817,0.0033816425120773985
11,11,0.8115942028985508,0.7692307692307693,0.8010869565217391,0.8541587901701324,-0.019806763285024176,-0.0014492753623187582,0.006763285024154575,0.004347826086956608,0.020289855072463836,0.006280193236715137,-0.02512077294685988,0.024154589371980784,0.16038647342995171,-0.014009661835748588,-0.010144927536231862,0.0038647342995169476,0.047342995169082136,-0.01304347826086949,-0.04009661835748779,-0.010144927536231862,-0.009661835748792091,-0.007246376811594124,-0.004830917874396157,-0.00048309178743954906,0.05507246376811603,0.0004830917874396601,-0.050724637681159424,-0.03719806763285016,-0.01400966183574881,0.010628019323671523,0.004830917874396157,0.005797101449275366
12,12,0.8164251207729468,0.7654320987654321,0.8021739130434782,0.9244801512287334,-0.009178743961352764,-0.009661835748792202,-0.010144927536231974,-0.0004830917874396601,-1.1102230246251565e-16,-0.011594202898550732,-0.018357487922705307,0.006763285024154464,-0.011594202898550732,-0.022705314009661803,1.1102230246251565e-16,-0.020772946859903274,0.02898550724637683,-0.01594202898550734,-0.017874396135265647,-0.026086956521739202,0.0009661835748790981,0.0019323671497583073,0.0028985507246376274,-0.015942028985507117,0.02801932367149762,-0.021256038647343045,-0.008695652173912993,-0.020772946859903274,-0.03091787439613536,-0.005314009661835817,-0.014009661835748921,-0.008695652173912993
13,13,0.821256038647343,0.7730061349693251,0.807608695652174,0.8933837429111532,-0.005314009661835817,0.004347826086956497,0.0038647342995169476,-1.1102230246251565e-16,-0.0033816425120772875,-0.0038647342995168366,-0.005314009661835817,-0.010628019323671523,0.10048309178743964,0.0033816425120772875,-0.017874396135265647,0.011111111111111183,0.04589371980676327,-0.014009661835748699,-0.03864734299516914,-0.03091787439613536,0.0038647342995169476,-0.008695652173912993,-0.0028985507246376274,0.008695652173912993,0.004830917874396268,-0.03816425120772948,-0.02657004830917875,-0.048792270531401005,0.02946859903381649,0.004830917874396046,0.008212560386473444,0.006280193236715026
14,14,0.7536231884057971,0.7017543859649122,0.7434782608695651,0.8624763705103969,-0.018840579710144856,0.0028985507246377384,-0.005797101449275366,-0.004347826086956497,0.06811594202898552,-0.0019323671497584183,0.009661835748792313,0.0,0.11739130434782608,0.0,0.006763285024154686,-0.0028985507246376274,0.05507246376811603,-0.004830917874396157,-0.004347826086956497,-0.011594202898550732,-0.051207729468599084,0.0004830917874396601,-0.007729468599033784,-0.005314009661835706,0.16570048309178742,-0.004830917874396157,-0.009178743961352653,-0.02801932367149751,-0.07053140096618349,-0.0009661835748792091,-0.004347826086956497,-0.005797101449275366
15,15,0.8019323671497585,0.7421383647798742,0.7858695652173913,0.85,0.0024154589371980784,0.010144927536231974,0.005797101449275366,0.011594202898550732,0.10531400966183568,-0.0014492753623187582,-0.019806763285024176,-0.005797101449275366,0.03091787439613536,0.016908212560386437,-0.006763285024154575,0.006280193236715026,0.010144927536231974,-0.0033816425120771765,-0.020289855072463725,-0.04444444444444451,-0.01497584541062802,-0.008695652173913104,0.007246376811594235,-0.0028985507246377384,0.022705314009661803,-0.03816425120772937,-0.03719806763285016,-0.04106280193236711,0.012077294685990392,0.0304347826086957,0.012560386473430052,0.023188405797101463
16,16,0.7729468599033816,0.6967741935483871,0.7543478260869565,0.8567107750472589,-0.01594202898550723,0.006280193236715026,0.013043478260869601,0.010144927536231862,0.034782608695652306,0.007246376811594124,0.0033816425120772875,-0.00048309178743954906,0.0888888888888889,0.004830917874396157,-0.02801932367149762,-0.016908212560386437,0.022222222222222254,-0.0019323671497584183,0.0038647342995169476,-0.033816425120772986,-0.01449275362318836,-0.006280193236715026,0.0024154589371979673,0.0038647342995169476,0.06038647342995185,-0.02850241545893717,-0.02753623188405807,-0.018357487922705307,-0.010628019323671523,0.01207729468599028,0.018840579710144967,0.0
17,17,0.821256038647343,0.7730061349693251,0.807608695652174,0.8955576559546314,-0.023671497584541012,0.0024154589371980784,-0.007246376811594124,1.1102230246251565e-16,0.05120772946859897,-0.006763285024154575,-0.034782608695652306,-0.007246376811594235,0.08695652173913049,-0.021256038647343045,0.0014492753623188692,-0.01256038647342994,0.02850241545893717,0.0014492753623188692,-0.04202898550724643,-0.021256038647343045,0.019806763285024065,0.030917874396135248,-0.02995169082125615,0.0024154589371980784,0.050241545893719874,-0.01256038647342994,-0.037198067632850274,-0.04299516908212564,-0.01449275362318836,0.023188405797101463,-0.007729468599033784,0.008212560386473444
18,18,0.855072463768116,0.8333333333333334,0.8510869565217392,0.8940453686200378,-0.0270531400966183,0.006763285024154575,0.006763285024154575,0.007246376811594235,0.16183574879227058,0.010144927536231974,0.005314009661835817,0.023188405797101463,0.1096618357487924,-0.005797101449275477,0.019323671497584627,0.011111111111111183,0.08164251207729478,-0.0019323671497585293,-0.012077294685990392,-0.011111111111111072,-0.018357487922705307,0.0004830917874396601,0.010144927536231974,0.0444444444444444,0.05555555555555558,-0.018840579710144967,0.0009661835748792091,-0.008695652173912993,-0.020772946859903385,0.009178743961352764,0.047826086956521796,0.02463768115942022
19,19,0.8502415458937198,0.8165680473372781,0.8402173913043478,0.9020793950850662,-0.005314009661835706,0.007246376811594235,-0.0019323671497585293,-0.010144927536231862,0.011594202898550732,-0.009661835748792313,0.0028985507246376274,0.0004830917874396601,0.047342995169082136,-0.0024154589371980784,0.0033816425120773985,0.008212560386473555,0.021739130434782594,-0.005314009661835706,-0.011594202898550843,0.0014492753623188692,-0.006280193236714915,0.0004830917874396601,0.01787439613526587,-0.0024154589371980784,0.05555555555555558,-0.021739130434782483,-0.01545893719806779,-0.012077294685990392,-0.004830917874396157,0.014009661835748921,0.009178743961352764,0.013043478260869712
20,20,0.7584541062801933,0.7058823529411765,0.7478260869565218,0.8714555765595463,-0.07198067632850247,-0.0028985507246376274,0.0014492753623188692,0.0019323671497585293,0.07874396135265693,-0.0009661835748792091,0.0038647342995169476,-0.01304347826086949,0.12463768115942031,0.0019323671497585293,-0.007246376811594124,0.0028985507246377384,0.05893719806763298,-0.006280193236714915,0.0024154589371980784,-0.020289855072463725,-0.046859903381642365,-0.0014492753623187582,-0.006280193236714915,0.009178743961352764,0.06666666666666676,0.005797101449275477,-0.0033816425120772875,-0.020772946859903274,0.007246376811594235,0.005314009661835817,0.020772946859903496,0.01594202898550734
21,21,0.8067632850241546,0.7674418604651163,0.7978260869565217,0.9006616257088846,-0.03864734299516903,-0.0033816425120771765,-0.010144927536231862,-0.01400966183574881,0.02898550724637683,-0.0019323671497584183,-0.0038647342995169476,-0.022222222222222143,0.012560386473430052,0.01690821256038655,-0.0009661835748792091,-0.0236714975845409,0.06473429951690834,-0.01400966183574881,-0.034782608695652195,-0.030917874396135248,-0.0270531400966183,-0.005797101449275366,-0.019806763285024176,-0.03188405797101446,0.0869565217391306,-0.01304347826086949,-0.01497584541062802,-0.04589371980676327,-0.04347826086956519,-0.005797101449275366,-0.0009661835748792091,-0.03671497584541061
22,22,0.7681159420289855,0.7209302325581395,0.758695652173913,0.8695652173913043,-0.05024154589371976,0.009661835748792202,-0.00048309178743954906,0.005314009661835706,0.0714975845410627,0.005797101449275366,0.005797101449275366,-0.01256038647342994,0.1193236714975845,-0.01449275362318836,-0.008695652173913104,-0.017874396135265647,0.019323671497584516,-0.021256038647342934,-0.048792270531401005,-0.05893719806763287,-0.05942028985507253,-0.01594202898550723,0.020289855072463836,-0.0019323671497584183,0.1681159420289855,-0.0004830917874396601,-0.01594202898550723,-0.038164251207729594,-0.00048309178743954906,0.025603864734299542,0.008695652173912993,0.0033816425120772875
23,23,0.8115942028985508,0.7745664739884393,0.8032608695652175,0.8832703213610585,-0.006763285024154464,0.005314009661835706,0.007729468599033895,0.0004830917874396601,0.09855072463768111,0.01449275362318847,0.006763285024154575,-0.010144927536231862,0.1932367149758455,0.007729468599033895,0.017874396135265758,0.007729468599033895,0.05797101449275366,0.01594202898550734,0.013526570048309261,-0.020289855072463725,-0.034782608695652195,-0.007729468599033895,-0.005314009661835706,0.01642512077294689,0.073913043478261,0.006763285024154575,-0.008212560386473333,0.01400966183574881,-0.04492753623188395,0.02898550724637694,0.0304347826086957,0.023671497584541124
24,24,0.7874396135265701,0.7349397590361446,0.7749999999999999,0.8118147448015124,-0.032850241545893555,0.009178743961352764,0.0024154589371981894,0.009178743961352764,0.09033816425120778,0.006763285024154686,0.0038647342995170586,0.009661835748792424,0.0468599033816427,0.004830917874396157,-0.0019323671497583073,-0.005797101449275255,0.06763285024154597,0.0,0.005314009661835817,-0.005797101449275255,-0.02850241545893717,0.005314009661835928,0.0038647342995170586,0.019323671497584516,0.07004830917874405,0.005797101449275477,0.0028985507246378495,0.0009661835748792091,-0.017874396135265536,0.010144927536231974,0.019323671497584627,0.004830917874396268
25,25,0.7584541062801933,0.6875,0.7423913043478261,0.8645557655954631,-0.04106280193236711,-0.0014492753623187582,-0.006763285024154575,-0.008695652173912993,0.013526570048309261,-0.0028985507246376274,0.0,-0.006763285024154575,0.010628019323671634,-0.009661835748792313,-0.01449275362318847,-0.014009661835748699,0.020289855072463947,-0.021256038647342934,0.0,-0.018840579710144856,-0.04106280193236711,-0.01449275362318847,-0.005314009661835706,-0.0019323671497584183,0.08840579710144914,-0.009661835748792202,-0.009661835748792313,-0.030434782608695587,-0.02657004830917875,-0.006280193236714915,0.004830917874396157,0.011594202898550843
26,26,0.8019323671497585,0.7453416149068323,0.7869565217391304,0.870226843100189,0.011111111111111183,-0.004347826086956608,-0.006763285024154575,-0.018840579710144967,0.0845410628019323,-0.008212560386473555,0.005797101449275366,-0.0004830917874396601,0.18405797101449273,-0.0009661835748792091,-0.012077294685990503,0.007246376811594235,0.005314009661835817,-0.005314009661835706,-0.018840579710144967,-0.032850241545893666,-0.022222222222222143,-0.006280193236715137,-0.008695652173913104,0.009178743961352653,0.0009661835748792091,-0.005314009661835706,-0.034782608695652195,-0.01594202898550723,-0.04154589371980677,0.007246376811594235,0.0024154589371980784,-0.0028985507246377384
27,27,0.8599033816425121,0.8284023668639053,0.8500000000000001,0.9125708884688091,-0.004830917874396046,0.005314009661835817,0.004830917874396157,0.011594202898550732,0.07874396135265704,0.010628019323671523,0.0024154589371980784,0.036714975845410724,0.09565217391304348,0.0038647342995168366,0.004347826086956608,0.0,0.007729468599033784,0.0009661835748792091,-0.0014492753623187582,0.0019323671497584183,0.004347826086956608,0.01449275362318847,0.0028985507246376274,0.03913043478260869,0.005797101449275366,0.018357487922705307,0.0304347826086957,0.011594202898550732,0.01690821256038655,0.01690821256038655,0.01690821256038655,0.01787439613526587
28,28,0.8454106280193237,0.8117647058823529,0.8358695652173913,0.906805293005671,0.01304347826086949,0.007729468599033784,0.010144927536231974,0.010144927536231751,0.024154589371980784,0.007246376811594235,-0.022705314009661914,-0.04106280193236711,0.3285024154589371,0.011111111111111183,-0.018357487922705307,0.020772946859903385,0.05362318840579716,-0.02512077294685988,-0.02801932367149762,-0.033816425120772986,-0.035265700483091744,0.022222222222222254,-0.0014492753623187582,0.033333333333333215,0.06859903381642507,0.007246376811594235,0.004347826086956608,-0.025603864734299542,-0.03719806763285016,-0.025603864734299542,0.02850241545893717,0.01642512077294689
29,29,0.8067632850241546,0.7560975609756098,0.7934782608695652,0.8775047258979206,-0.011111111111111072,-0.0028985507246377384,-0.004830917874396157,0.00048309178743954906,0.020772946859903496,-0.005797101449275366,-0.0028985507246377384,0.0014492753623189802,0.09516908212560382,-0.0009661835748792091,-0.0009661835748792091,0.012077294685990392,0.051207729468599084,-0.005314009661835817,0.004347826086956497,-0.008212560386473333,-0.009661835748792091,-0.004347826086956497,-0.0024154589371979673,0.00048309178743954906,0.0531400966183575,-0.0024154589371979673,-0.009178743961352653,0.010628019323671523,-0.009661835748792091,0.004347826086956497,0.004830917874396157,0.0009661835748792091
30,30,0.821256038647343,0.7955801104972375,0.817391304347826,0.8807183364839319,-0.04251207729468598,0.0038647342995168366,-0.0014492753623188692,0.009661835748792202,0.14492753623188392,0.0009661835748790981,-0.004347826086956608,0.037198067632850274,0.19275362318840583,0.019323671497584516,0.012077294685990392,0.01352657004830915,0.05797101449275355,-0.010628019323671523,-0.022222222222222254,-0.034782608695652306,-0.05265700483091795,-0.0038647342995168366,0.007729468599033784,0.03140096618357491,0.10579710144927534,0.010144927536231862,-0.021739130434782594,-0.014009661835748699,0.007246376811594235,0.009178743961352542,0.004830917874396046,0.017391304347826098
31,31,0.8019323671497585,0.7421383647798742,0.7858695652173913,0.8859168241965973,0.010144927536231974,0.0024154589371980784,0.0009661835748792091,0.0024154589371980784,0.0014492753623187582,0.018357487922705307,-0.011111111111111072,-0.01545893719806768,0.013043478260869601,0.0,0.010628019323671523,-0.0014492753623187582,0.017391304347826098,0.0,-0.012560386473430052,-0.05169082125603863,-0.02657004830917875,0.005797101449275366,-0.004347826086956608,0.0038647342995169476,0.021739130434782594,-0.03913043478260858,-0.008695652173913104,-0.01497584541062802,-0.0014492753623187582,0.01449275362318847,0.013526570048309261,0.0004830917874396601
32,32,0.7391304347826086,0.6351351351351351,0.716304347826087,0.8436672967863894,-0.02657004830917875,-0.0024154589371980784,-0.0024154589371980784,-0.008212560386473444,0.02946859903381638,0.0038647342995169476,-0.008212560386473444,-0.01497584541062802,0.07342995169082123,0.0033816425120773985,-0.009661835748792313,0.0033816425120773985,0.0,0.0024154589371980784,-0.01352657004830915,-0.013043478260869601,-0.017874396135265758,-0.009661835748792313,-0.0038647342995168366,-0.004347826086956497,0.010628019323671523,0.0,-0.017391304347826098,-0.0038647342995168366,-0.021256038647343045,0.0014492753623188692,-0.009661835748792313,-0.0014492753623187582
33,33,0.8454106280193237,0.8117647058823529,0.8358695652173913,0.8973534971644613,-0.006763285024154686,-0.0009661835748793202,-0.006763285024154686,-0.006763285024154686,0.034782608695652084,0.008695652173912993,0.004830917874396157,0.018357487922705307,0.1560386473429951,-0.00048309178743954906,-0.005314009661835706,0.008212560386473555,0.05362318840579716,-0.010144927536231862,-0.005314009661835706,-0.018840579710144967,-0.03140096618357502,0.009178743961352542,0.0033816425120773985,-0.010628019323671634,0.11159420289855071,-0.0009661835748793202,-0.020772946859903385,-0.004830917874396157,-0.004830917874396157,-0.0009661835748793202,-0.007729468599033895,0.01352657004830915
34,34,0.748792270531401,0.6904761904761905,0.7369565217391305,0.8534026465028356,-0.02608695652173909,0.0,-0.004347826086956497,-0.01545893719806768,0.114975845410628,-0.00048309178743954906,0.006763285024154686,-0.036231884057971064,0.06570048309178733,0.0038647342995169476,0.013043478260869712,-0.0019323671497584183,0.04347826086956519,-0.011594202898550732,-0.02512077294685988,-0.04106280193236711,-0.01352657004830915,0.0019323671497585293,-0.004830917874396157,0.006280193236715026,0.07826086956521727,-0.01594202898550723,-0.033816425120772875,0.005314009661835817,-0.03961352657004824,0.0004830917874396601,-0.0024154589371980784,-0.0009661835748792091
35,35,0.7101449275362319,0.620253164556962,0.692391304347826,0.8465028355387524,-0.06811594202898541,0.010144927536231974,0.0019323671497585293,-0.017874396135265647,0.07246376811594213,0.0033816425120772875,-0.01111111111111096,0.004830917874396268,0.11497584541062811,0.008695652173913215,-0.019806763285024065,-0.004347826086956497,0.030434782608695587,0.005797101449275255,-0.01256038647342983,-0.0009661835748790981,-0.04009661835748779,0.0004830917874396601,0.014492753623188581,0.0019323671497585293,0.02512077294685988,-0.0033816425120772875,0.007729468599033784,0.009661835748792424,-0.018357487922705196,0.01400966183574881,0.011594202898550843,-0.006763285024154464
36,36,0.821256038647343,0.7861271676300579,0.8130434782608695,0.901890359168242,-0.047826086956521796,-0.006280193236715026,-0.01256038647342994,-0.0019323671497585293,0.02850241545893717,0.03816425120772948,0.021739130434782594,0.03816425120772948,0.12125603864734302,0.00048309178743954906,0.0028985507246377384,-0.02463768115942022,0.04637681159420293,-0.04541062801932383,-0.017874396135265647,-0.048792270531401005,-0.06666666666666676,0.006280193236715026,-0.004830917874396046,-0.005314009661835817,0.08067632850241557,-0.03285024154589378,-0.034782608695652306,-0.03236714975845412,-0.019323671497584516,0.00048309178743954906,-0.0024154589371980784,0.01111111111111096
37,37,0.8405797101449275,0.8070175438596491,0.8315217391304348,0.9033081285444234,-0.016425120772947,0.0028985507246376274,0.008695652173912993,0.008695652173912993,0.05169082125603863,0.0009661835748792091,0.016425120772946666,-0.004830917874396157,0.10434782608695659,-0.0033816425120772875,0.022222222222222143,0.01642512077294689,0.020289855072463614,-0.022222222222222365,-0.007246376811594235,-0.04009661835748801,-0.0038647342995169476,0.0019323671497584183,0.0,0.02898550724637672,0.03768115942028982,-0.01594202898550723,-0.011111111111111072,-0.021739130434782705,-0.03236714975845423,-0.0019323671497585293,0.01545893719806768,0.0028985507246376274
38,38,0.7777777777777778,0.7444444444444445,0.7728260869565218,0.8851606805293006,-0.07391304347826078,-0.00048309178743954906,-0.01256038647342994,0.006763285024154686,0.07632850241545908,0.004830917874396157,0.006280193236715026,-0.0028985507246376274,0.13719806763285025,-0.019323671497584516,-0.0028985507246376274,-0.010628019323671412,0.07342995169082134,-0.006763285024154464,-0.0024154589371980784,-0.01159420289855062,-0.05458937198067615,0.018840579710144967,0.0038647342995169476,-0.009661835748792202,0.17971014492753623,-0.02512077294685988,-0.010144927536231862,-0.017874396135265647,-0.04589371980676327,0.011111111111111183,0.012077294685990392,0.008212560386473444
39,39,0.821256038647343,0.7861271676300579,0.8130434782608695,0.8956521739130435,-0.034782608695652306,-0.0038647342995168366,-1.1102230246251565e-16,0.007246376811594235,0.07632850241545897,0.010628019323671634,0.0028985507246376274,0.009661835748792202,0.2072463768115942,0.006763285024154464,0.0033816425120772875,-0.0038647342995168366,0.11256038647342992,-0.017391304347826098,-0.01545893719806768,-0.010628019323671523,-0.03864734299516914,0.008212560386473444,0.018357487922705307,0.010628019323671412,-0.006280193236715026,-0.0009661835748793202,-0.03236714975845412,-0.006763285024154575,-0.060386473429951626,0.010628019323671412,0.006280193236715026,0.022222222222222254
40,40,0.8164251207729468,0.7865168539325843,0.8108695652173914,0.887523629489603,-0.03285024154589378,-0.0024154589371980784,0.00048309178743954906,-0.008695652173912993,0.06570048309178744,0.009661835748792202,0.00048309178743954906,-0.0028985507246378495,0.06473429951690823,0.0024154589371980784,0.006280193236715026,-0.004347826086956608,0.01497584541062802,-0.008212560386473444,-0.014975845410627908,-0.011111111111111183,-0.03236714975845412,-0.009661835748792424,-0.012077294685990392,0.010144927536231751,0.021739130434782594,-0.0038647342995168366,-0.0038647342995168366,-0.0033816425120772875,-0.021256038647343045,0.006280193236714804,0.007729468599033784,-0.0019323671497585293
41,41,0.782608695652174,0.7096774193548387,0.7641304347826087,0.8926275992438563,0.0038647342995169476,0.0009661835748792091,-0.008212560386473333,-0.0033816425120771765,-0.01256038647342994,-0.005314009661835706,-0.009178743961352542,-0.03188405797101457,0.04396135265700496,-0.010628019323671412,-0.0033816425120771765,-0.009178743961352542,-0.00048309178743954906,-0.014009661835748699,-0.010628019323671412,-0.03285024154589378,-0.01449275362318836,-0.0009661835748792091,0.011594202898550843,-0.005797101449275255,0.016425120772947,-0.018357487922705307,-0.07101449275362315,-0.033333333333333326,-0.017874396135265758,-0.0033816425120772875,0.0009661835748792091,-0.023671497584541124
42,42,0.8115942028985508,0.7914438502673797,0.8108695652173914,0.8880907372400757,-0.05507246376811603,0.0,-0.004347826086956497,-0.006280193236715137,0.11980676328502415,0.006763285024154575,0.005314009661835706,0.0,0.22608695652173927,0.007246376811594124,0.01690821256038655,-0.008212560386473333,0.05893719806763298,0.004347826086956608,-0.0028985507246377384,-0.006280193236714915,-0.00048309178743954906,0.021739130434782705,0.012560386473430052,0.009661835748792313,0.12753623188405794,-0.011594202898550732,-0.021256038647342934,-0.005314009661835706,-0.06618357487922688,0.01545893719806768,0.017874396135265758,-0.005797101449275366
43,43,0.8647342995169082,0.8372093023255814,0.8565217391304347,0.9001890359168242,-0.005314009661835817,0.01256038647342983,0.006280193236714915,0.018357487922705196,0.09999999999999998,0.017391304347825987,0.05265700483091784,0.018840579710144967,0.2265700483091787,0.004347826086956497,0.024637681159420333,-0.007729468599034006,0.035265700483091744,-0.010628019323671523,-0.013043478260869712,-0.0270531400966183,0.0033816425120772875,-1.1102230246251565e-16,-0.0028985507246376274,0.06666666666666665,0.10579710144927534,0.007729468599033673,-0.006280193236715026,-0.005797101449275588,-0.011111111111111183,0.021739130434782594,0.07149758454106281,0.01594202898550723
44,44,0.7536231884057971,0.6982248520710059,0.7423913043478261,0.8746691871455577,-0.05265700483091784,-0.007246376811594235,-0.017874396135265647,-0.02801932367149751,0.02753623188405807,-0.02560386473429943,-0.018840579710144967,-0.02946859903381638,0.10821256038647342,-0.01256038647342983,-0.01304347826086949,-0.020772946859903385,0.07536231884057976,-0.024154589371980673,-0.02608695652173898,-0.020289855072463725,-0.06714975845410631,0.0014492753623188692,-0.01352657004830915,0.0009661835748793202,0.10869565217391308,-0.018840579710144856,-0.021256038647342934,-0.022705314009661803,-0.09082125603864732,0.01545893719806779,-0.02657004830917875,-0.009178743961352653
45,45,0.7584541062801933,0.6666666666666666,0.7369565217391304,0.85,-0.011111111111111072,0.0033816425120773985,0.006763285024154686,0.0004830917874396601,-0.01159420289855062,0.0028985507246377384,0.0028985507246377384,-0.023188405797101352,-0.011111111111111072,0.0033816425120773985,-0.008212560386473333,0.004830917874396157,0.011111111111111183,-0.007729468599033784,-0.0028985507246376274,-0.02463768115942022,-0.023671497584541012,0.0,-0.005314009661835706,0.007246376811594235,0.0004830917874396601,-0.048309178743961345,-0.03961352657004824,-0.016425120772946777,0.0009661835748793202,0.007729468599033895,-0.0009661835748792091,0.0014492753623188692
46,46,0.8164251207729468,0.7654320987654321,0.8021739130434782,0.893194706994329,-0.01690821256038655,0.006763285024154464,0.0024154589371980784,0.0019323671497583073,-0.010628019323671523,0.015942028985507117,-0.007246376811594235,-0.014009661835748699,0.018840579710144856,0.019323671497584516,0.004830917874396046,0.017874396135265647,0.024154589371980673,-0.008695652173912993,-0.009661835748792202,-0.02657004830917875,0.008212560386473222,-0.017391304347826098,0.017391304347826098,0.016908212560386437,0.04396135265700485,0.0014492753623188692,-0.019806763285024065,-0.023188405797101463,-0.007729468599033784,0.0028985507246376274,0.020289855072463725,-1.1102230246251565e-16
47,47,0.7729468599033816,0.718562874251497,0.7608695652173914,0.8735349716446126,-0.03961352657004835,-0.0019323671497584183,0.00048309178743954906,-0.009661835748792313,0.048309178743961456,-0.024154589371980673,-0.009178743961352542,0.010144927536231974,0.022705314009661914,0.0004830917874396601,0.004830917874396157,-0.010144927536231862,0.06666666666666676,-0.020289855072463725,-0.018840579710144856,-0.03188405797101457,-0.07439613526570055,-0.0009661835748792091,-0.018840579710144856,0.0019323671497585293,0.04009661835748801,0.005314009661835817,-0.00048309178743954906,-0.05265700483091795,-0.03188405797101457,0.004347826086956497,0.008695652173912993,0.004347826086956608
48,48,0.7874396135265701,0.717948717948718,0.7695652173913043,0.9293950850661625,0.013526570048309261,0.01545893719806768,-0.0019323671497583073,0.0028985507246377384,-0.006763285024154464,-0.006280193236714915,-0.011111111111111072,0.007246376811594235,0.12318840579710144,0.006280193236715026,-0.006763285024154464,-0.009661835748792202,0.020772946859903385,-0.004347826086956386,-0.02560386473429943,-0.010144927536231862,-0.020772946859903496,0.01594202898550734,-0.024154589371980673,0.008695652173913104,-0.0038647342995168366,-0.00048309178743954906,-0.05217391304347818,-0.03913043478260869,-0.05458937198067615,0.011594202898550843,0.016425120772947,-0.008212560386473333
49,49,0.8260869565217391,0.7804878048780488,0.8130434782608695,0.8844990548204159,-0.0019323671497584183,0.0024154589371980784,0.006280193236715026,0.005797101449275255,0.033333333333333326,0.004830917874396046,0.017874396135265536,-0.006280193236715026,0.06908212560386473,0.007246376811594235,-0.0004830917874396601,0.013043478260869601,0.0033816425120772875,-0.008695652173912993,-0.008695652173912993,-0.01111111111111096,-0.011594202898550732,0.0038647342995169476,0.01207729468599017,0.0009661835748793202,0.04299516908212564,-0.005797101449275366,0.0028985507246376274,0.009661835748792202,-0.0028985507246376274,0.015942028985507117,0.015458937198067568,0.014009661835748699
50,50,0.8743961352657005,0.8555555555555555,0.8706521739130435,0.9068998109640831,-0.034782608695652084,0.0014492753623187582,-0.0014492753623188692,0.008695652173912882,0.061352657004830946,-0.0038647342995169476,-0.009661835748792313,-0.013526570048309261,0.11884057971014494,0.01400966183574881,0.004347826086956497,0.0038647342995169476,0.05797101449275355,-0.01497584541062802,-0.0024154589371979673,-0.02898550724637694,-0.008695652173913104,-0.023671497584541012,0.0019323671497583073,0.015458937198067568,0.07004830917874383,0.0038647342995169476,-0.01497584541062802,-0.01642512077294689,-0.026086956521739202,0.017391304347825987,-0.0019323671497584183,0.01256038647342983
51,51,0.7922705314009661,0.7261146496815286,0.7749999999999999,0.8739130434782609,-0.037198067632850274,0.005797101449275255,0.004347826086956497,-0.005797101449275366,0.06425120772946857,0.008212560386473444,0.0038647342995169476,0.015458937198067568,0.02608695652173909,-0.01497584541062802,0.005314009661835817,0.018840579710144967,0.01352657004830915,-0.013526570048309261,-0.023671497584541124,-0.034782608695652306,0.005314009661835817,0.01400966183574881,-0.0019323671497584183,0.026086956521739202,0.07198067632850236,-0.018840579710144967,-0.026086956521739202,-0.024154589371980784,-0.022705314009661803,0.020289855072463725,0.010628019323671523,0.005314009661835817
52,52,0.8067632850241546,0.7802197802197802,0.8032608695652174,0.8840264650283554,-0.0236714975845409,-0.0009661835748792091,0.009661835748792313,0.004830917874396157,0.20144927536231882,0.01545893719806768,0.020772946859903385,0.017874396135265758,0.17391304347826086,0.035265700483091855,-0.007246376811594346,-0.022705314009661692,0.021739130434782705,-0.030434782608695476,-0.03671497584541061,-0.022222222222222143,-0.004830917874396157,-0.01594202898550723,0.03188405797101457,0.035748792270531515,0.20241545893719803,0.017874396135265758,-0.009661835748792313,-0.020772946859903385,-0.07391304347826089,0.025120772946859993,0.023671497584541124,0.04589371980676327
53,53,0.8115942028985508,0.7821229050279329,0.8065217391304348,0.8816635160680529,0.0028985507246377384,-0.005797101449275255,0.013526570048309261,-0.009178743961352653,0.20579710144927543,0.01594202898550734,0.0009661835748792091,0.0019323671497584183,0.16183574879227058,-0.0014492753623187582,0.006280193236715137,-0.0019323671497584183,0.08067632850241568,0.01690821256038655,0.005797101449275366,-0.011111111111111072,-0.030917874396135248,-0.0014492753623187582,-0.0009661835748792091,-0.00048309178743954906,0.048309178743961345,-0.007246376811594124,-0.023671497584541124,-0.02512077294685988,-0.01159420289855062,0.019806763285024287,0.005797101449275366,0.008212560386473555
54,54,0.7777777777777778,0.7228915662650602,0.7652173913043478,0.8752362948960303,-0.03719806763285016,-0.009661835748792202,0.004830917874396157,-0.009661835748792202,0.04299516908212575,0.0019323671497585293,0.005314009661835817,-0.008695652173912993,0.10917874396135263,-0.0019323671497583073,-0.007246376811594124,-0.02995169082125604,0.03864734299516914,-0.01449275362318836,-0.0028985507246376274,-0.030434782608695587,-0.02512077294685988,0.006280193236715026,0.0004830917874396601,-0.009178743961352542,0.09082125603864732,0.0009661835748792091,-0.016908212560386437,-0.014009661835748699,-0.04444444444444451,-0.0038647342995168366,-0.0024154589371980784,-0.009178743961352542
55,55,0.8164251207729468,0.7654320987654321,0.8021739130434782,0.8899810964083176,1.1102230246251565e-16,0.0028985507246376274,0.008212560386473222,-0.011111111111111183,0.009178743961352653,0.004347826086956497,-0.0004830917874396601,-0.01352657004830915,0.09371980676328495,-0.0004830917874396601,0.013043478260869601,-0.014009661835748921,0.014009661835748699,-0.011594202898550843,-0.019323671497584516,-0.0009661835748793202,0.0014492753623188692,0.006763285024154464,0.004830917874396046,-0.008212560386473444,0.011111111111111183,-0.011594202898550732,-0.03816425120772948,-0.011594202898550732,0.00048309178743954906,0.0024154589371978563,0.010144927536231751,0.01207729468599017
56,56,0.8357487922705314,0.8131868131868132,0.8326086956521739,0.9015122873345935,-0.03768115942028982,0.0009661835748793202,-0.009178743961352542,-0.004347826086956386,0.11207729468599048,0.0004830917874397711,0.018840579710144967,0.008212560386473444,0.17487922705314007,0.006280193236715026,0.01400966183574881,0.01497584541062802,0.0835748792270532,-0.004830917874396046,-0.02898550724637672,-0.016908212560386437,-0.05507246376811581,0.0004830917874397711,-0.036231884057971064,0.04057971014492756,0.019806763285024065,0.006763285024154686,-0.019806763285024065,-0.02753623188405796,0.05893719806763287,0.020289855072463725,0.013526570048309261,0.026570048309178862
57,57,0.8164251207729468,0.7790697674418605,0.807608695652174,0.8875236294896031,-0.022222222222222254,0.0009661835748790981,-1.1102230246251565e-16,0.0014492753623188692,0.0661835748792271,-0.007729468599033784,-0.011594202898550732,0.0019323671497583073,0.047342995169082025,-0.0038647342995170586,0.0019323671497583073,-0.004830917874396268,0.0444444444444444,-0.0033816425120772875,-0.0019323671497585293,-0.0033816425120772875,-0.03236714975845412,-0.006763285024154575,-0.009661835748792202,0.0009661835748790981,0.05990338164251208,-0.009661835748792202,-0.0004830917874396601,-0.037681159420289934,-0.02463768115942022,-0.005797101449275477,-0.0038647342995170586,-0.010628019323671523
58,58,0.8502415458937198,0.8208092485549133,0.842391304347826,0.9105860113421551,-0.0024154589371980784,0.0004830917874396601,0.005314009661835817,-0.008695652173913104,0.09903381642512077,0.0,0.0014492753623188692,0.0009661835748792091,0.11014492753623195,-0.004347826086956497,-0.005797101449275477,0.0,0.01545893719806768,-0.008212560386473444,-0.0033816425120772875,0.0009661835748792091,0.007246376811594235,0.0038647342995168366,-0.005797101449275477,-0.00048309178743954906,0.0304347826086957,0.0,-0.0033816425120772875,0.0019323671497584183,-0.016425120772947,-0.005797101449275477,-0.004347826086956497,-0.005314009661835706
59,59,0.8019323671497585,0.7453416149068323,0.7869565217391304,0.8821361058601134,-0.020289855072463725,0.0019323671497584183,0.0004830917874396601,-0.008212560386473555,0.0792270531400967,-0.0028985507246377384,-0.018357487922705418,-0.0038647342995169476,0.004830917874396157,-0.032367149758454006,-0.021739130434782594,0.0004830917874396601,0.05893719806763298,-0.007246376811594124,-0.03188405797101446,-0.01545893719806768,-0.006763285024154575,0.0,-0.010628019323671523,-0.0019323671497584183,0.0304347826086957,-0.04396135265700474,-0.03864734299516903,-0.0304347826086957,-0.019323671497584405,-0.006280193236715137,0.0028985507246377384,0.005797101449275366
60,60,0.8357487922705314,0.7951807228915663,0.8239130434782609,0.906710775047259,-0.01111111111111096,-0.005314009661835595,-0.005314009661835595,-0.014009661835748699,0.033333333333333326,0.013526570048309261,-0.0024154589371979673,-0.010628019323671523,0.0434782608695653,0.01690821256038655,-0.037681159420289934,-0.03768115942028982,0.0628019323671497,-0.02850241545893717,-0.00048309178743943804,-0.05700483091787423,-0.024154589371980673,0.0038647342995169476,-0.005797101449275366,0.01400966183574881,0.06038647342995174,-0.006280193236714804,-0.007246376811594124,-0.03864734299516903,-0.062318840579710044,0.014492753623188581,1.1102230246251565e-16,0.01400966183574881
61,61,0.7342995169082126,0.6666666666666666,0.7206521739130435,0.8488657844990548,-0.035265700483091744,-0.006763285024154464,-0.01207729468599028,-0.02608695652173909,0.09033816425120778,-0.020289855072463725,-0.010628019323671412,-0.014975845410627908,0.2265700483091787,-0.009178743961352542,0.006763285024154686,-0.0024154589371979673,0.012077294685990503,-0.033816425120772986,-0.02850241545893717,-0.02898550724637683,-0.03961352657004824,-0.02995169082125604,0.018357487922705418,-0.006280193236714804,0.04589371980676327,-0.01304347826086949,-0.005797101449275255,-0.014009661835748699,-0.09420289855072461,0.0009661835748794312,0.0009661835748793202,0.017874396135265758
62,62,0.7777777777777778,0.7325581395348837,0.7684782608695653,0.8572778827977315,-0.005797101449275366,0.004830917874396157,0.0024154589371980784,-0.0038647342995168366,0.1671497584541063,0.007246376811594235,0.004347826086956608,-0.0009661835748792091,0.16618357487922697,0.0028985507246377384,-0.00048309178743954906,-0.00048309178743954906,0.1202898550724637,0.004347826086956608,-0.005797101449275255,-0.00048309178743954906,-0.0024154589371980784,0.01256038647342994,0.0014492753623188692,0.01352657004830915,0.07246376811594213,0.01449275362318836,0.0024154589371980784,0.004830917874396157,-0.04637681159420304,0.009661835748792202,0.01594202898550723,-0.0009661835748792091
63,63,0.7681159420289855,0.7108433734939759,0.7554347826086956,0.8466918714555766,-0.049275362318840665,-0.0009661835748792091,-0.01256038647342994,-0.017391304347826098,0.01449275362318836,-0.009661835748792313,-0.008695652173913104,-0.011594202898550732,0.1613526570048308,-0.004830917874396157,0.0024154589371979673,-0.0014492753623188692,0.06666666666666665,-0.01449275362318847,-0.019323671497584516,-0.01594202898550723,-0.048792270531401005,-0.0028985507246376274,0.0028985507246376274,-0.004830917874396157,0.0531400966183575,-0.019806763285024176,-0.01594202898550734,-0.030917874396135248,-0.05362318840579716,0.004830917874396046,-0.0024154589371980784,0.008695652173912993
64,64,0.7391304347826086,0.6666666666666666,0.7239130434782609,0.8438563327032136,-0.048792270531401005,-0.01400966183574881,-0.01690821256038655,-0.022222222222222254,0.034299516908212535,-0.004347826086956497,-0.01497584541062802,-0.024154589371980784,0.06473429951690801,-0.020289855072463836,-0.01642512077294689,-0.004830917874396157,0.06666666666666654,-0.017874396135265758,-0.04202898550724632,-0.019806763285024176,-0.06859903381642518,-0.020289855072463836,-0.0024154589371980784,-0.01642512077294689,0.0236714975845409,-0.01545893719806768,-0.02946859903381649,-0.051207729468599084,-0.07101449275362315,-0.004347826086956497,-0.0038647342995168366,-0.023188405797101463
65,65,0.7439613526570048,0.6708074534161491,0.7282608695652174,0.8353497164461248,-0.05265700483091784,-0.004830917874396157,-0.02946859903381638,-0.018357487922705307,-0.03913043478260869,-0.01690821256038655,-0.019806763285024176,-0.03719806763285016,0.04106280193236711,-0.02463768115942022,-0.007246376811594235,-0.034299516908212535,-0.0038647342995168366,-0.01256038647342994,-0.034782608695652084,-0.04299516908212553,-0.012077294685990392,-0.02801932367149762,-0.012077294685990392,-0.01256038647342994,0.1019323671497584,-0.03913043478260869,-0.033333333333333326,-0.034782608695652195,-0.04154589371980677,-0.017391304347826098,-0.02753623188405796,-0.018357487922705307
66,66,0.7729468599033816,0.7044025157232704,0.7565217391304349,0.8697542533081286,-0.010628019323671523,-0.00048309178743954906,-0.007729468599033784,-0.004347826086956497,0.06666666666666676,0.013043478260869601,-0.005797101449275255,-0.0033816425120771765,0.05362318840579705,0.0014492753623188692,-0.007729468599033784,-0.02705314009661841,0.04541062801932372,-0.021739130434782594,-0.010628019323671523,-0.024154589371980673,-0.02753623188405807,0.01352657004830915,-0.00048309178743954906,0.006763285024154686,0.01352657004830915,0.006763285024154575,-0.015458937198067568,-0.0033816425120772875,0.036231884057971064,0.009178743961352653,0.0033816425120772875,0.011594202898550732
67,67,0.7971014492753623,0.7341772151898734,0.7804347826086957,0.8706994328922496,0.006280193236715026,-0.012560386473430052,-0.005314009661835817,0.0,0.10048309178743953,0.0004830917874396601,-0.008212560386473333,-0.004830917874396157,0.0531400966183575,0.01642512077294689,0.010144927536231974,-0.006280193236714915,0.02946859903381649,-0.009661835748792313,-0.01594202898550723,-0.02995169082125604,-0.032367149758454006,-0.005797101449275366,0.009178743961352653,-0.008212560386473333,0.0922705314009662,-0.0038647342995169476,-0.032850241545893666,-0.03913043478260858,0.0038647342995169476,0.006280193236715026,0.009178743961352653,0.0024154589371980784
68,68,0.8019323671497585,0.7421383647798742,0.7858695652173913,0.8925330812854444,-0.02415458937198056,0.0019323671497584183,0.01497584541062813,0.0024154589371980784,0.05893719806763298,0.01400966183574881,0.004347826086956497,-0.03671497584541061,0.021739130434782594,0.01449275362318847,-0.010628019323671523,-0.0014492753623187582,0.01449275362318836,0.0,-0.0014492753623187582,-0.035748792270531404,-0.007246376811594124,0.007246376811594235,0.007729468599033895,0.006280193236715026,0.1159420289855072,-0.009178743961352653,-0.005314009661835706,-0.0009661835748792091,-0.01739130434782621,0.011594202898550732,0.013043478260869601,0.01690821256038655
69,69,0.821256038647343,0.7757575757575758,0.808695652173913,0.8589792060491492,-0.01545893719806768,0.006763285024154464,0.006763285024154464,0.007729468599033784,0.06859903381642518,-0.017391304347826098,-0.008212560386473444,0.008695652173912993,0.1463768115942028,-0.008212560386473333,0.018840579710144856,0.005314009661835706,0.02995169082125604,0.0038647342995168366,-0.0004830917874396601,-0.023188405797101463,1.1102230246251565e-16,0.0019323671497585293,0.015458937198067568,0.01111111111111096,0.05893719806763287,0.00048309178743954906,-0.01352657004830915,-0.005314009661835817,-0.010628019323671523,0.005314009661835706,0.021739130434782594,0.0391304347826088
70,70,0.8067632850241546,0.7777777777777778,0.8021739130434783,0.8892249527410206,-0.057487922705314,-0.0014492753623189802,-0.0009661835748792091,-0.009661835748792313,0.07632850241545908,0.0019323671497584183,-0.0033816425120773985,0.0038647342995169476,0.2115942028985508,-0.005314009661835706,0.0024154589371979673,0.0024154589371979673,0.05990338164251219,-0.017391304347825987,-0.01400966183574881,-0.0236714975845409,-0.007246376811594346,0.007246376811594235,0.0009661835748792091,0.005797101449275366,0.07632850241545897,-0.01449275362318847,-0.02608695652173909,-0.011111111111111072,-0.008695652173913104,-0.01304347826086949,-0.009661835748792313,-0.0033816425120773985
71,71,0.7681159420289855,0.6883116883116883,0.7489130434782609,0.8445179584120983,-0.036714975845410724,0.0014492753623187582,-0.004830917874396157,-0.018840579710144967,0.05362318840579705,-0.0024154589371980784,0.0019323671497584183,0.0004830917874396601,0.13913043478260867,-0.0024154589371980784,-0.016425120772946777,-0.007729468599033784,0.01207729468599028,-0.007729468599033784,-0.01207729468599028,-0.017874396135265647,-0.018357487922705418,0.005314009661835706,-0.011594202898550732,0.01400966183574881,0.050724637681159424,-0.00048309178743954906,-0.04106280193236711,-0.049275362318840665,-0.05120772946859897,-0.007246376811594235,0.005797101449275366,0.009661835748792202
72,72,0.8067632850241546,0.75,0.7913043478260869,0.8883742911153121,-0.017874396135265647,-0.0019323671497584183,0.007729468599033895,0.01400966183574881,0.005797101449275366,-0.005797101449275366,0.004830917874396157,0.0009661835748792091,0.006280193236714915,0.005797101449275366,-0.0019323671497584183,0.010628019323671523,0.01739130434782621,-0.01207729468599028,-0.0038647342995169476,-0.009661835748792313,-0.016908212560386437,0.0033816425120773985,0.010628019323671523,0.00048309178743954906,0.04057971014492767,-0.0028985507246377384,-0.020289855072463725,-0.018840579710144967,0.0028985507246377384,-0.00048309178743954906,0.0028985507246377384,0.009178743961352653
73,73,0.8019323671497585,0.7388535031847133,0.7847826086956522,0.8920604914933838,-0.012560386473430052,-0.0009661835748792091,0.006280193236715026,-0.008212560386473555,0.05893719806763298,-0.0014492753623187582,0.0004830917874396601,-0.01449275362318847,0.032850241545893666,-0.0033816425120771765,0.0033816425120772875,0.0004830917874396601,0.0019323671497584183,-0.036231884057971064,-0.02657004830917875,-0.021256038647342934,0.01545893719806768,-0.0004830917874396601,0.008695652173913104,0.0,0.0033816425120772875,-0.03864734299516903,-0.018357487922705196,-0.012077294685990503,-0.005797101449275366,0.008212560386473444,0.0033816425120772875,-0.0004830917874396601
74,74,0.748792270531401,0.6666666666666666,0.7304347826086957,0.8539697542533081,-0.02995169082125604,-0.00048309178743954906,0.009178743961352764,-0.010144927536231862,-0.01352657004830915,-0.0014492753623187582,-0.01545893719806768,-0.0024154589371980784,0.05169082125603863,-0.010628019323671523,-0.0028985507246376274,-0.017874396135265758,0.03719806763285016,-0.018357487922705307,-0.021256038647343045,-0.021256038647343045,-0.03188405797101446,0.020289855072463947,-0.006280193236714915,0.0019323671497585293,0.057487922705314,-0.011594202898550732,-0.020289855072463836,-0.03816425120772937,-0.02463768115942022,0.011594202898550843,-0.017874396135265647,-0.009178743961352653
75,75,0.7632850241545893,0.7065868263473054,0.7510869565217391,0.8313799621928165,0.02850241545893728,0.0024154589371979673,0.006763285024154575,0.018840579710144967,0.20772946859903374,0.004347826086956497,-0.0004830917874396601,0.013043478260869601,0.14879227053140087,0.019323671497584516,-0.0009661835748793202,-0.0004830917874396601,0.030917874396135248,0.0019323671497584183,-0.007246376811594346,-0.006763285024154686,-0.02850241545893717,-0.009661835748792313,0.005314009661835706,0.0028985507246376274,0.20676328502415453,0.016908212560386437,0.0014492753623187582,-0.00048309178743954906,-0.07246376811594202,0.005314009661835706,0.02657004830917875,0.019323671497584516
76,76,0.8599033816425121,0.8465608465608465,0.8608695652173912,0.904914933837429,-0.03768115942028971,-0.0033816425120772875,-0.005797101449275477,0.009178743961352764,0.047826086956521685,0.01594202898550734,-0.009661835748792313,0.0028985507246376274,0.08937198067632846,0.009178743961352764,-0.0014492753623187582,0.008695652173912993,0.04492753623188417,0.0,0.009661835748792313,0.010144927536231974,-0.032367149758454006,0.0038647342995168366,0.01787439613526587,0.024637681159420444,0.18260869565217375,0.0038647342995168366,0.0014492753623188692,0.006280193236715026,-0.0314009661835748,0.01352657004830915,0.021739130434782705,0.006763285024154575
77,77,0.7584541062801933,0.6987951807228916,0.7456521739130435,0.8483931947069943,-0.03768115942028982,0.013043478260869712,0.012560386473430052,-0.009661835748792313,0.09710144927536224,0.0028985507246377384,0.009178743961352764,0.009661835748792313,0.17004830917874403,0.0,0.008212560386473555,0.006763285024154686,0.05169082125603863,-0.011111111111111072,-0.01352657004830915,-0.01594202898550723,-0.06570048309178733,0.0028985507246377384,0.01594202898550734,0.01497584541062813,0.036714975845410724,-0.016908212560386437,-0.021739130434782483,-0.005797101449275366,-0.0270531400966183,0.022222222222222365,0.021739130434782705,0.010144927536231974
78,78,0.7922705314009661,0.7295597484276729,0.7760869565217392,0.8859168241965975,-0.010628019323671523,0.008212560386473333,0.01642512077294689,-0.008695652173913104,0.005314009661835817,0.02995169082125604,0.009178743961352653,0.009178743961352653,0.016425120772946777,-0.005797101449275366,-0.0028985507246377384,-0.007729468599033895,0.04396135265700485,-0.0038647342995169476,0.0024154589371980784,-0.02946859903381649,-0.034782608695652195,-0.009661835748792313,0.0024154589371980784,0.016908212560386437,0.05458937198067637,0.0,-0.0009661835748792091,-0.01449275362318847,-0.0033816425120772875,0.009661835748792313,0.010144927536231862,0.008212560386473333
79,79,0.748792270531401,0.675,0.732608695652174,0.8581285444234406,-0.03236714975845412,-0.01400966183574881,-0.004347826086956497,-0.02801932367149762,0.0400966183574879,-0.0033816425120772875,-0.01352657004830915,-0.025603864734299542,0.0628019323671497,-0.033333333333333326,-0.01642512077294689,-0.030917874396135137,0.019806763285024176,-0.032367149758454006,-0.021256038647342934,-0.05265700483091784,-0.07874396135265704,-0.018357487922705307,-0.01594202898550723,-0.02898550724637683,0.010628019323671634,-0.04589371980676327,-0.035265700483091744,-0.061835748792270606,-0.02898550724637683,-0.017874396135265647,0.0014492753623188692,-0.018840579710144856
80,80,0.8405797101449275,0.8023952095808383,0.8293478260869565,0.9195652173913044,-0.007246376811594235,0.004347826086956608,-0.006763285024154686,-0.017874396135265758,0.09178743961352653,0.03768115942028982,-0.02946859903381649,-0.005797101449275477,0.04154589371980677,0.01594202898550723,0.032850241545893666,0.028502415458937058,0.047342995169082136,0.02657004830917875,-0.03961352657004835,0.01304347826086949,-0.018840579710144967,0.05845410628019321,0.019806763285024065,-0.006280193236714915,0.07101449275362315,0.03816425120772937,-0.027053140096618522,0.03816425120772937,-0.038164251207729594,0.03768115942028982,0.060869565217391286,0.020289855072463836
81,81,0.7584541062801933,0.7093023255813954,0.7489130434782608,0.8671077504725898,-0.05652173913043468,-0.009178743961352542,0.0,-0.0009661835748792091,0.06183574879227072,-0.004830917874396157,-0.016425120772946777,-0.0024154589371980784,0.09806763285024145,0.004830917874396157,-0.01304347826086949,-0.020289855072463725,0.07342995169082123,-0.004830917874396046,-0.02608695652173909,-0.017874396135265647,-0.062318840579710155,-0.0024154589371980784,0.0004830917874396601,-0.0033816425120772875,0.10144927536231885,-0.012077294685990392,-0.01304347826086949,-0.030434782608695587,-0.03913043478260869,-0.018357487922705307,-0.005797101449275366,-0.014009661835748699
82,82,0.8454106280193237,0.8117647058823529,0.8358695652173913,0.8863894139886577,0.0019323671497584183,0.006280193236715026,0.01256038647342994,0.01304347826086949,0.06618357487922699,0.011111111111111072,0.02657004830917875,0.018357487922705307,0.07149758454106281,0.02946859903381638,0.019323671497584627,0.01304347826086949,0.006763285024154575,0.010144927536231974,0.0019323671497584183,0.008695652173912993,0.0009661835748792091,0.005314009661835817,0.011594202898550732,0.01449275362318847,0.004830917874396157,0.011111111111111183,0.011594202898550732,0.01642512077294689,0.008695652173912993,0.02463768115942022,0.02753623188405796,0.014009661835748921
83,83,0.8164251207729468,0.7654320987654321,0.8021739130434782,0.8903591682419659,-0.018840579710144856,0.0033816425120772875,0.007729468599033784,-0.006763285024154575,0.02657004830917875,-0.004347826086956608,-0.005797101449275366,-0.008212560386473444,0.09565217391304348,-0.004347826086956608,0.0038647342995168366,-0.012077294685990392,0.03961352657004824,-0.012077294685990392,-0.009661835748792202,-0.026086956521739202,-0.023188405797101463,0.005314009661835706,0.007246376811594235,0.0009661835748790981,-0.005797101449275366,-0.010628019323671523,-0.019806763285024065,-0.008212560386473444,0.00048309178743954906,0.01159420289855062,0.01256038647342994,-0.006280193236715026
84,84,0.7681159420289855,0.7037037037037037,0.7532608695652174,0.8795841209829869,-0.033816425120772986,-0.005314009661835706,-0.0019323671497584183,-0.01449275362318847,0.047826086956521796,-0.0038647342995169476,-0.01256038647342994,-0.006763285024154575,0.06328502415458936,-0.01690821256038655,-0.007729468599033784,-0.014009661835748699,0.06376811594202902,-0.005797101449275366,-0.012077294685990392,-0.01497584541062802,-0.04492753623188406,-0.010144927536231862,-0.0019323671497584183,0.0019323671497585293,0.13285024154589375,-0.018357487922705307,-0.013526570048309261,-0.021256038647342934,-0.049758454106280214,0.0014492753623188692,0.0,-0.0019323671497584183
85,85,0.7439613526570048,0.6787878787878788,0.7304347826086957,0.8474480151228733,-0.07004830917874394,0.0019323671497585293,-0.01449275362318847,-0.011111111111111072,0.0801932367149758,-0.006280193236714915,-0.017874396135265758,-0.011111111111111072,0.10917874396135263,-0.018357487922705307,-0.01352657004830915,-0.024154589371980784,0.022705314009661803,-0.019806763285024176,-0.04299516908212553,-0.04396135265700485,-0.04106280193236722,0.0,-0.013043478260869601,-0.01352657004830915,0.0758454106280192,-0.034299516908212535,-0.057487922705314,-0.05603864734299524,-0.04154589371980677,0.0,0.0024154589371980784,-0.004830917874396157
86,86,0.8164251207729468,0.7654320987654321,0.8021739130434782,0.8900756143667297,-0.004830917874396046,0.0019323671497583073,-0.0014492753623188692,0.0033816425120772875,0.05893719806763287,0.011111111111111183,0.0033816425120772875,0.006280193236715026,0.04492753623188406,0.010628019323671412,0.007246376811594235,0.0019323671497583073,0.04492753623188395,0.00048309178743954906,-1.1102230246251565e-16,-0.010628019323671634,-0.0028985507246376274,0.008212560386473444,-1.1102230246251565e-16,0.01352657004830915,0.04299516908212553,0.009178743961352653,-0.017874396135265647,-0.006763285024154686,-0.014009661835748921,0.01497584541062802,-0.0028985507246378495,-0.0004830917874396601
87,87,0.8164251207729468,0.7654320987654321,0.8021739130434782,0.8970699432892248,-0.01545893719806768,0.004347826086956386,-0.0009661835748793202,0.0033816425120772875,0.09178743961352664,0.005314009661835706,-0.0019323671497584183,-0.01545893719806768,0.10917874396135263,-0.017874396135265647,0.007246376811594235,-0.021256038647343045,0.033816425120772875,-0.007246376811594235,-0.009661835748792202,-0.023188405797101463,-0.03285024154589378,0.0038647342995168366,-0.016908212560386437,-0.0019323671497585293,0.05700483091787434,-0.013043478260869601,-0.017874396135265647,-0.04444444444444462,0.018840579710144856,0.01207729468599017,0.007729468599033784,0.016425120772946777
88,88,0.8019323671497585,0.7421383647798742,0.7858695652173913,0.8736294896030246,-0.0028985507246377384,0.007729468599033895,-0.0033816425120771765,0.01690821256038655,0.07536231884057976,0.008212560386473444,-0.007729468599033895,-0.0024154589371981894,0.09371980676328495,0.007246376811594235,0.012560386473430052,-0.005314009661835706,0.05410628019323682,-0.007729468599033895,-0.01594202898550723,-0.01739130434782621,0.0,-0.0024154589371981894,0.0009661835748792091,0.007729468599033895,0.061835748792270606,0.004830917874396157,-0.0033816425120771765,-0.01594202898550723,-0.0009661835748792091,0.006763285024154575,-0.0024154589371981894,0.025603864734299542
89,89,0.7294685990338164,0.6705882352941176,0.7184782608695652,0.8022684310018904,-0.02946859903381638,0.012077294685990392,0.005797101449275477,0.010144927536231862,0.0748792270531401,0.005797101449275366,0.0009661835748794312,0.011594202898550732,0.01449275362318847,0.005314009661835817,-0.010144927536231751,-0.01111111111111096,0.049275362318840554,-0.0028985507246376274,-0.01256038647342983,-0.016908212560386437,-0.022705314009661803,0.005797101449275477,0.006763285024154686,0.0024154589371981894,0.06618357487922699,-0.007729468599033673,-0.0033816425120771765,-0.014975845410627908,-0.06666666666666665,0.0004830917874396601,0.01642512077294689,0.018840579710144856
90,90,0.8454106280193237,0.813953488372093,0.8369565217391304,0.8973534971644612,-0.03188405797101446,0.010628019323671523,0.0019323671497584183,0.011594202898550732,0.07777777777777772,-0.007729468599033895,0.04106280193236722,0.009661835748792313,0.08502415458937196,-0.0033816425120772875,-0.0009661835748793202,-0.01690821256038655,0.0444444444444444,-0.006763285024154686,-0.01594202898550723,-0.010628019323671634,-0.01449275362318847,0.018357487922705307,-0.00048309178743954906,0.0009661835748792091,0.020289855072463614,-0.009178743961352653,0.032850241545893666,-0.007246376811594235,-0.008695652173913104,0.023671497584541012,0.0270531400966183,0.01449275362318847
91,91,0.8454106280193237,0.8181818181818182,0.8391304347826087,0.8929111531190927,-0.035748792270531404,0.0024154589371980784,-0.0038647342995169476,-0.009178743961352653,0.06570048309178744,0.005314009661835817,0.008695652173912993,0.0038647342995168366,0.09178743961352653,0.005314009661835817,-0.008212560386473444,0.004347826086956608,0.029951690821255927,0.0004830917874396601,-0.0024154589371980784,-0.026570048309178862,-0.006763285024154686,-0.00048309178743954906,0.0014492753623188692,0.0024154589371980784,0.03816425120772948,0.014009661835748921,-0.0009661835748793202,0.0033816425120773985,-0.009661835748792313,0.007729468599033784,0.0028985507246376274,0.007246376811594235
92,92,0.8309178743961353,0.8,0.8239130434782609,0.900850661625709,-0.034299516908212535,0.010144927536231862,0.005314009661835928,0.006763285024154686,0.08405797101449286,0.010144927536231862,0.047826086956521796,-0.03188405797101457,0.07101449275362326,-0.021256038647343045,-0.01352657004830915,-0.01642512077294689,0.022222222222222254,0.01497584541062802,-0.034299516908212535,0.01400966183574881,-0.021256038647343045,0.00048309178743954906,0.024154589371980673,-0.0019323671497584183,0.09758454106280212,-0.014975845410627908,-0.02850241545893717,-0.0033816425120771765,-0.03091787439613536,0.012077294685990392,0.004830917874396268,0.034782608695652195
93,93,0.7246376811594203,0.6627218934911243,0.7130434782608697,0.8263705103969755,-0.020289855072463725,-0.0009661835748792091,0.009178743961352542,-0.006280193236714804,0.13091787439613534,0.011111111111111183,0.006763285024154575,0.0009661835748793202,0.16666666666666663,0.008212560386473444,0.0004830917874396601,-0.010628019323671412,0.06956521739130428,0.006763285024154575,-0.008212560386473444,-0.03188405797101446,-0.05700483091787434,0.010628019323671523,0.007246376811594346,0.007729468599033784,0.03961352657004824,-0.014975845410627908,-0.018357487922705196,-0.01207729468599028,-0.06473429951690812,0.011111111111111072,0.0024154589371981894,0.009661835748792313
94,94,0.7971014492753623,0.7613636363636364,0.7902173913043478,0.8839319470699434,-0.05410628019323682,0.0024154589371980784,-0.006280193236714915,-0.010144927536231862,0.08840579710144925,0.012560386473430052,0.01400966183574881,0.02801932367149762,0.10048309178743975,0.010144927536231974,0.005797101449275366,-0.0009661835748792091,0.10193236714975851,-0.004347826086956497,-0.02995169082125615,-0.026086956521739202,-0.057487922705314,0.0024154589371980784,-0.010628019323671523,-0.0033816425120773985,0.08840579710144925,-0.010144927536231862,-0.05845410628019321,-0.03188405797101446,-0.0531400966183575,0.0038647342995169476,0.0038647342995169476,0.0014492753623188692
95,95,0.8115942028985508,0.7577639751552795,0.7967391304347826,0.8768431001890359,-0.013526570048309039,0.007246376811594124,0.004830917874396157,0.005797101449275366,0.08260869565217399,-0.0004830917874396601,0.007729468599033895,-0.021739130434782483,0.14685990338164245,-0.01304347826086949,0.019323671497584627,0.007246376811594124,0.0038647342995169476,0.004347826086956608,-0.011594202898550732,-0.05265700483091784,-0.018357487922705196,-0.023188405797101352,0.01594202898550734,-0.0019323671497584183,0.049758454106280214,-0.015458937198067568,0.005314009661835706,-0.018357487922705196,-0.013526570048309039,0.01642512077294689,-0.0033816425120771765,0.01690821256038655
96,96,0.8454106280193237,0.8117647058823529,0.8358695652173913,0.8998109640831757,-0.010144927536231862,0.0,-0.007729468599033895,-0.006280193236714915,0.017391304347826098,0.005314009661835817,0.01207729468599028,-0.005797101449275477,0.03961352657004824,0.0028985507246376274,0.0004830917874396601,0.009178743961352764,0.04347826086956519,0.0033816425120773985,-0.01545893719806779,-0.008695652173913104,-0.0014492753623187582,0.0009661835748792091,0.0019323671497584183,-0.0024154589371980784,0.03816425120772948,-0.013043478260869601,-0.01449275362318847,-0.020289855072463947,-0.011594202898550843,0.005314009661835817,0.021739130434782594,0.014009661835748699
97,97,0.8309178743961353,0.7878787878787878,0.8184782608695652,0.9017958412098298,-0.008212560386473333,0.0014492753623188692,0.005314009661835706,0.0009661835748793202,0.08405797101449286,0.0038647342995169476,-0.005314009661835595,0.0028985507246377384,0.10483091787439625,0.005797101449275477,0.009178743961352653,-0.030434782608695587,0.025603864734299653,-0.006280193236715026,-0.0009661835748792091,-0.01304347826086949,-0.010144927536231751,-0.0028985507246376274,0.010144927536231862,0.008212560386473444,0.07149758454106281,-0.019806763285024065,-0.02995169082125615,-0.03140096618357491,-0.004347826086956608,0.0033816425120772875,0.01159420289855062,0.010144927536231862
98,98,0.821256038647343,0.7810650887573964,0.8108695652173913,0.8879962192816634,-0.011594202898550732,-0.0028985507246376274,-0.008695652173912993,-0.0004830917874396601,0.033816425120772986,-0.006280193236715026,-0.009178743961352764,-0.007729468599033784,0.11400966183574879,0.0024154589371980784,-0.01352657004830915,-0.014975845410627908,0.057487922705314,0.0019323671497583073,-0.02898550724637683,-0.01304347826086949,-0.01642512077294689,-0.005797101449275366,0.009178743961352542,0.006763285024154464,0.0304347826086957,-0.026086956521739202,-0.010144927536231751,-0.023188405797101463,-0.022705314009661803,-0.010628019323671523,-0.01111111111111096,-0.006280193236715026
99,99,0.8067632850241546,0.7590361445783133,0.7945652173913044,0.8815689981096408,-0.03913043478260858,0.007729468599033895,0.010144927536231974,0.009178743961352653,0.011111111111111183,-0.0014492753623187582,0.019806763285024287,0.011111111111111183,0.0782608695652176,-0.0009661835748792091,0.013526570048309261,-0.01594202898550723,0.04589371980676327,-0.010628019323671523,-0.021256038647342934,-0.030917874396135248,-0.02898550724637672,0.010144927536231974,0.01449275362318847,0.004830917874396157,0.009178743961352653,-0.024637681159420333,-0.021256038647342934,-0.014492753623188248,-0.02657004830917864,0.011594202898550732,0.0033816425120771765,0.022705314009661803
100,100,0.7584541062801933,0.7093023255813954,0.7489130434782608,0.867296786389414,-0.06328502415458936,0.004830917874396157,-0.01159420289855062,0.022222222222222365,0.04202898550724643,0.0024154589371980784,-0.01207729468599028,-0.0028985507246376274,0.051207729468599084,-0.013043478260869601,-0.01352657004830915,-0.010144927536231751,0.08647342995169072,0.004347826086956608,-0.0024154589371980784,-0.010628019323671412,-0.06425120772946857,0.010628019323671634,0.009661835748792313,-0.0038647342995168366,0.1183574879227054,0.004830917874396157,0.0009661835748793202,-0.0033816425120772875,-0.024154589371980673,0.009661835748792313,-0.006280193236714915,0.0033816425120773985
101,101,0.8454106280193237,0.8095238095238095,0.8347826086956521,0.8821361058601134,-0.004347826086956497,0.0033816425120773985,0.009661835748792313,0.01256038647342994,0.08115942028985501,0.020772946859903385,0.01304347826086949,0.02850241545893717,0.15700483091787432,0.019323671497584627,0.0009661835748792091,0.03768115942028982,0.03188405797101446,-0.0014492753623187582,0.008212560386473555,0.0024154589371980784,-0.012077294685990392,0.031400966183574686,0.018357487922705307,0.03188405797101446,0.049275362318840554,0.0004830917874396601,0.005314009661835817,0.007729468599033784,-0.007729468599033895,0.03913043478260858,0.01256038647342994,0.024154589371980784
102,102,0.7729468599033816,0.7251461988304093,0.7630434782608695,0.8715500945179585,-0.04589371980676327,0.011594202898550732,-0.0019323671497584183,0.016908212560386437,0.04202898550724643,0.009178743961352653,0.018357487922705307,-0.0033816425120772875,0.05458937198067637,-0.0038647342995169476,0.007246376811594235,-0.020772946859903385,0.09420289855072472,-0.008212560386473333,-0.01449275362318836,-0.02850241545893717,-0.037681159420289934,0.01207729468599028,0.005314009661835817,0.008212560386473444,0.09468599033816405,0.0009661835748792091,-0.0009661835748792091,-0.030434782608695587,-0.08695652173913049,0.021256038647343045,0.023671497584541124,-0.0009661835748792091
103,103,0.7874396135265701,0.75,0.7804347826086957,0.8732514177693762,-0.04251207729468587,-0.008695652173912993,-0.018840579710144967,0.012077294685990392,0.21884057971014492,0.013043478260869601,0.01207729468599028,-0.0038647342995168366,0.10434782608695659,-0.0033816425120771765,-0.013043478260869601,-0.015942028985507117,0.02850241545893728,-0.007246376811594124,-0.021739130434782483,-0.015458937198067568,0.03285024154589378,-0.011111111111111072,0.004347826086956608,-0.010628019323671412,0.0028985507246377384,-0.0009661835748790981,-0.0033816425120771765,-0.017391304347826098,-0.04492753623188406,0.03961352657004846,0.024154589371980673,0.024154589371980784
104,104,0.7729468599033816,0.7218934911242604,0.7619565217391304,0.8609640831758034,-0.03188405797101457,-0.0033816425120772875,-0.0028985507246376274,0.016908212560386437,0.07681159420289851,0.009178743961352653,0.0024154589371980784,-0.007246376811594235,0.016908212560386437,0.0024154589371979673,-0.0014492753623188692,0.01400966183574881,0.0434782608695653,-0.004830917874396157,-0.0028985507246376274,-0.01352657004830915,-0.05942028985507253,0.011594202898550732,0.02657004830917875,0.0009661835748792091,0.1908212560386473,0.016908212560386437,-0.017391304347826098,-0.014009661835748699,-0.049275362318840554,0.007729468599033784,-0.0014492753623188692,-0.010628019323671523
105,105,0.7439613526570048,0.6971428571428572,0.7358695652173912,0.8241020793950851,-0.04492753623188406,0.0014492753623188692,-0.00048309178743954906,0.0038647342995169476,0.09855072463768111,0.021739130434782705,-0.0024154589371980784,-0.0019323671497584183,0.1628019323671498,0.009661835748792313,-0.005314009661835706,0.0004830917874396601,0.16763285024154595,-0.010144927536231862,-0.007729468599033784,-0.01642512077294689,-0.034782608695652195,0.010144927536231862,0.0033816425120773985,0.0004830917874396601,-0.0028985507246376274,0.012077294685990392,-0.0019323671497584183,0.0038647342995169476,-0.037681159420289934,0.013043478260869601,-0.01256038647342994,0.0033816425120773985
106,106,0.7777777777777778,0.7012987012987013,0.758695652173913,0.843383742911153,-0.01304347826086949,-0.005314009661835706,-0.004347826086956497,-0.0033816425120772875,-0.0024154589371980784,-0.006763285024154464,-0.0014492753623188692,-0.0009661835748792091,0.20338164251207735,-0.004347826086956386,0.0028985507246377384,0.0,0.007729468599033784,-0.01304347826086949,-0.01304347826086949,-0.006280193236715026,-0.01449275362318836,-0.0019323671497584183,0.0024154589371980784,0.007246376811594235,-0.005797101449275366,-0.009661835748792202,-0.03913043478260869,-0.03285024154589378,-0.005314009661835706,-0.0009661835748792091,0.0024154589371980784,0.010628019323671523
107,107,0.821256038647343,0.7730061349693251,0.807608695652174,0.8784499054820416,-0.014009661835748699,-0.0028985507246376274,1.1102230246251565e-16,1.1102230246251565e-16,0.06570048309178744,-0.016908212560386437,0.005314009661835595,-0.009661835748792202,0.0922705314009663,-0.004347826086956608,0.005314009661835706,0.02705314009661841,0.037681159420289934,-0.015942028985507117,-0.04299516908212564,-0.019806763285024065,-0.011594202898550732,0.0024154589371980784,0.008695652173912993,0.021739130434782594,0.05797101449275355,-0.0038647342995168366,-0.017874396135265647,-0.006763285024154575,-0.02753623188405796,0.017874396135265758,0.010144927536231862,0.004830917874396268
108,108,0.7632850241545893,0.6956521739130435,0.7478260869565218,0.8310964083175804,-0.03864734299516914,0.004347826086956497,0.0009661835748792091,-0.011594202898550732,0.03140096618357491,0.006763285024154575,-0.011111111111111183,-0.01594202898550723,0.0400966183574879,0.0019323671497584183,-0.0024154589371981894,-0.0014492753623188692,0.061352657004830835,-0.0038647342995169476,-0.007246376811594346,-0.009661835748792313,-0.02850241545893717,0.0019323671497584183,-0.01256038647342994,-0.005797101449275366,0.08454106280193241,-1.1102230246251565e-16,-0.010628019323671523,-0.01497584541062802,-0.03864734299516914,0.007729468599033784,-1.1102230246251565e-16,-0.017391304347826098
109,109,0.8743961352657005,0.8505747126436781,0.8673913043478261,0.9089792060491494,-0.011594202898550732,0.0014492753623187582,-0.008695652173913104,-0.010628019323671523,0.11400966183574879,0.009178743961352653,0.005314009661835706,-0.0028985507246376274,0.06038647342995174,0.020772946859903385,-0.0019323671497584183,-0.01594202898550723,0.05507246376811581,0.0024154589371979673,-0.011111111111111072,-0.014009661835748699,-0.006763285024154575,-0.0028985507246376274,0.057487922705314,0.005797101449275366,0.060869565217391286,-1.1102230246251565e-16,-0.0019323671497584183,0.0014492753623187582,-0.008695652173913104,0.004830917874396046,-0.005797101449275366,0.024154589371980673
110,110,0.782608695652174,0.7428571428571429,0.775,0.8706049149338375,-0.005314009661835706,0.0,-0.0019323671497584183,0.004830917874396157,0.06570048309178744,-0.0014492753623187582,-0.0014492753623187582,0.004347826086956608,0.10096618357487919,0.0028985507246377384,0.009178743961352764,-0.005797101449275255,0.10048309178743953,0.006763285024154686,0.0004830917874397711,-0.0014492753623188692,-0.05265700483091795,0.0009661835748792091,0.004347826086956608,-0.009178743961352542,0.050724637681159535,-0.005797101449275255,-0.0019323671497583073,-0.007246376811594124,-0.05410628019323671,0.0028985507246378495,-0.006763285024154464,-0.00048309178743954906
111,111,0.8502415458937198,0.8208092485549133,0.842391304347826,0.8986767485822307,-0.008212560386473444,-0.0014492753623187582,0.004347826086956608,0.006763285024154575,0.1821256038647342,-0.006280193236714915,0.018357487922705307,-0.005314009661835706,0.14589371980676336,-0.009661835748792313,0.0014492753623188692,-0.008695652173913104,0.03961352657004824,-0.008212560386473444,-0.005797101449275477,-0.03188405797101446,0.0028985507246376274,-0.0019323671497585293,0.03864734299516903,0.05603864734299524,0.03913043478260869,-0.005797101449275477,-0.004830917874396157,-0.006280193236714915,-0.004347826086956497,0.019323671497584627,0.011111111111111183,0.03623188405797084
112,112,0.7729468599033816,0.6928104575163399,0.7532608695652174,0.8583175803402647,-0.0033816425120772875,-0.00048309178743954906,0.0028985507246377384,-0.006763285024154575,-0.009178743961352653,0.005797101449275366,0.0033816425120772875,0.006763285024154575,0.025120772946859993,0.0033816425120772875,-0.005314009661835706,-0.004830917874396157,0.02657004830917875,-0.019806763285024176,-0.0033816425120772875,-0.02657004830917875,-0.011594202898550732,-0.00048309178743954906,0.0004830917874396601,0.009661835748792313,0.021739130434782594,-0.01400966183574881,-0.016425120772946777,-0.021739130434782594,-0.018840579710144856,0.0019323671497585293,-0.0028985507246376274,0.011111111111111072
113,113,0.7874396135265701,0.717948717948718,0.7695652173913043,0.8773156899810964,-0.023188405797101463,0.0024154589371980784,-0.0009661835748790981,0.0033816425120772875,-0.0038647342995168366,-0.008695652173912993,1.1102230246251565e-16,-0.005797101449275255,0.0304347826086957,-0.0038647342995168366,-0.02898550724637683,-0.0444444444444444,0.020289855072463836,-0.02946859903381638,-0.046376811594202816,-0.005314009661835706,-0.0019323671497583073,-0.00048309178743954906,-0.005314009661835706,-0.005314009661835706,0.01497584541062813,-0.006280193236714915,-0.03285024154589378,-0.02512077294685988,-0.02608695652173909,0.004347826086956608,-0.005797101449275255,-0.007729468599033784
114,114,0.8260869565217391,0.7857142857142857,0.8152173913043478,0.889319470699433,-0.006280193236715026,0.0019323671497585293,0.0014492753623188692,0.00048309178743954906,0.08985507246376823,0.008212560386473444,0.007246376811594235,-0.007246376811594124,0.08550724637681173,-0.016908212560386437,-0.011594202898550732,0.035748792270531404,0.07004830917874394,-0.01256038647342994,-0.004347826086956386,-0.035748792270531515,-0.019323671497584516,0.010628019323671412,0.0024154589371980784,0.008695652173913104,0.07777777777777783,-0.0033816425120772875,0.0009661835748793202,-0.02705314009661841,-0.034299516908212535,0.009178743961352653,0.013043478260869601,0.03140096618357491
115,115,0.8067632850241546,0.7701149425287356,0.7989130434782609,0.8767485822306238,-0.03961352657004835,-0.00048309178743954906,0.008212560386473444,-0.00048309178743954906,0.15120772946859895,0.0019323671497584183,0.004830917874396157,0.020289855072463836,0.09951690821256043,0.005797101449275366,-0.0009661835748792091,-0.0014492753623189802,0.06425120772946868,-0.006280193236714915,-0.02898550724637672,-0.04589371980676327,-0.0270531400966183,0.0038647342995169476,0.004347826086956497,0.0,0.0565217391304349,-0.019323671497584405,-0.009178743961352764,-0.010628019323671523,-0.03526570048309163,0.020289855072463836,0.012560386473430052,0.010144927536231974
116,116,0.7729468599033816,0.7251461988304093,0.7630434782608695,0.8776937618147448,-0.07439613526570055,-0.004347826086956497,-0.010628019323671523,-0.006763285024154575,0.09565217391304337,-0.011111111111111183,0.0,0.0,-0.004830917874396157,0.006763285024154575,-0.0009661835748792091,-0.014009661835748699,0.048309178743961456,-0.01159420289855062,-0.011111111111111072,-0.03140096618357502,-0.01256038647342994,-0.010628019323671412,-0.007246376811594235,0.0028985507246377384,0.04057971014492767,-0.036714975845410724,-0.005797101449275366,-0.04251207729468609,-0.004830917874396157,-0.0009661835748792091,0.004347826086956608,-0.0019323671497584183
117,117,0.8260869565217391,0.7831325301204819,0.8141304347826087,0.8903591682419659,-0.007246376811594235,-0.005797101449275366,0.008212560386473444,-0.007246376811594124,0.02753623188405796,-0.005797101449275366,-0.0004830917874396601,0.0009661835748793202,0.051207729468599084,0.008695652173912993,-0.005797101449275366,-0.0024154589371980784,0.033816425120772986,-0.0019323671497584183,-0.02801932367149762,-0.02560386473429943,-0.01352657004830915,-0.006763285024154575,-0.010628019323671523,0.01159420289855062,0.05555555555555547,-0.016908212560386437,-0.025120772946859993,-0.01449275362318836,0.022705314009661914,0.005314009661835706,0.01207729468599017,0.018840579710144967
118,118,0.8405797101449275,0.8047337278106509,0.8304347826086956,0.8998109640831758,-0.022222222222222143,-0.0024154589371980784,-0.0009661835748793202,0.0,0.09371980676328506,0.019323671497584627,-0.0014492753623187582,0.025603864734299542,0.10917874396135274,0.0004830917874396601,-0.007729468599033895,-0.012077294685990392,0.033333333333333326,-0.007729468599033895,0.016908212560386437,-0.009661835748792313,0.01256038647342994,0.020772946859903385,0.01594202898550723,0.03574879227053129,0.08599033816425117,-0.021256038647343156,-0.01545893719806779,-0.018357487922705418,-0.01400966183574881,-0.004830917874396157,0.010144927536231974,0.008695652173912993
119,119,0.7584541062801933,0.7159090909090909,0.7510869565217392,0.8811909262759925,-0.01449275362318836,-0.005314009661835706,0.0019323671497585293,-0.017391304347825987,0.17536231884057984,-0.02463768115942022,-0.048309178743961345,-0.034299516908212535,0.14927536231884053,-0.021256038647342934,-0.01304347826086949,-0.02608695652173898,0.04444444444444451,-0.02463768115942022,-0.04396135265700485,-0.028502415458937058,-0.08309178743961354,-0.009661835748792313,0.01690821256038655,0.012077294685990392,-0.011111111111111072,-0.04106280193236711,-0.03719806763285016,-0.04541062801932361,-0.09613526570048303,-0.011111111111111072,0.007246376811594235,-0.014009661835748699
120,120,0.7777777777777778,0.7325581395348837,0.7684782608695653,0.874952741020794,0.0004830917874396601,-0.01304347826086949,0.005314009661835817,0.004347826086956608,0.1454106280193237,-0.010144927536231862,-0.01497584541062802,0.019323671497584516,0.04299516908212575,-0.014009661835748699,0.017874396135265758,-0.01497584541062802,0.022705314009661914,-0.020289855072463725,-0.011111111111111072,-0.03913043478260869,-0.07777777777777772,0.0004830917874396601,-0.0024154589371979673,0.010144927536231974,0.14685990338164256,-0.05120772946859897,-0.02512077294685988,-0.049758454106280214,-0.035265700483091744,0.021256038647343045,0.016908212560386437,-0.004830917874396157
121,121,0.7729468599033816,0.7116564417177914,0.758695652173913,0.870132325141777,-0.04444444444444451,0.0024154589371980784,0.004830917874396157,-0.008212560386473333,0.05748792270531389,-0.0033816425120772875,0.009178743961352653,-0.046859903381642476,0.08502415458937207,-0.007729468599033784,0.010144927536231862,-0.01497584541062802,0.006763285024154575,-0.018840579710144856,-0.04251207729468609,-0.03961352657004835,-0.04057971014492756,0.010628019323671523,0.007729468599033895,-0.010144927536231862,0.04106280193236722,-0.034782608695652195,-0.007246376811594235,-0.0444444444444444,-0.04299516908212564,0.01256038647342994,0.011594202898550732,0.009178743961352764
122,122,0.748792270531401,0.7045454545454546,0.741304347826087,0.8451795841209829,-0.019806763285024065,-0.008212560386473444,-0.011111111111111072,-0.010628019323671523,0.04589371980676327,-0.0014492753623187582,-0.011594202898550732,-0.007729468599033784,0.1758454106280194,-0.008695652173912993,-0.009178743961352653,-0.011111111111111072,0.05990338164251219,-0.009178743961352653,-0.007729468599033784,-0.017391304347825987,-0.03719806763285016,0.0019323671497585293,0.0028985507246377384,0.01497584541062802,0.19323671497584538,-0.01497584541062802,-0.011111111111111072,-0.011594202898550732,-0.06811594202898552,0.0024154589371980784,0.0,0.004347826086956608
123,123,0.782608695652174,0.7337278106508875,0.7717391304347826,0.8709829867674859,-0.007729468599033784,-0.01304347826086949,-0.004347826086956386,-0.007246376811594124,0.1454106280193237,0.0,-0.022705314009661692,-0.0038647342995169476,0.005797101449275366,-0.008695652173912993,-0.0033816425120772875,-0.04106280193236711,0.04734299516908225,-0.01449275362318836,-0.020772946859903274,-0.01207729468599028,-0.05458937198067615,-0.005797101449275255,-0.0038647342995168366,0.0,0.0705314009661836,-0.01159420289855062,-0.046376811594202816,-0.006763285024154464,-0.05458937198067615,-0.0033816425120771765,0.0004830917874396601,-0.009661835748792202
124,124,0.7536231884057971,0.6792452830188679,0.7369565217391305,0.8622873345935728,-0.02463768115942022,-0.0028985507246376274,-0.0014492753623187582,0.0004830917874396601,0.018357487922705418,-0.006280193236714915,-0.016908212560386437,-0.01256038647342994,0.04734299516908225,-0.0038647342995168366,0.0024154589371980784,-0.020772946859903385,0.020772946859903496,0.0014492753623188692,-0.007729468599033784,-0.030434782608695587,-0.03574879227053129,-0.01256038647342983,-0.010144927536231862,-0.017391304347825987,0.008212560386473555,-0.023671497584541012,-0.020772946859903385,-0.035265700483091744,-0.02850241545893717,-0.005314009661835706,-0.0028985507246376274,-0.004830917874396046
125,125,0.7632850241545893,0.6956521739130435,0.7478260869565218,0.8631379962192817,-0.021739130434782594,0.008695652173912993,0.0028985507246376274,0.0009661835748792091,0.032850241545893666,0.006763285024154575,0.0028985507246376274,-0.005797101449275366,0.09130434782608676,0.00048309178743954906,0.00048309178743954906,-0.0014492753623188692,0.01497584541062802,0.0019323671497584183,-0.01497584541062802,-0.017874396135265647,-0.01449275362318847,0.0009661835748792091,-0.005314009661835817,-0.0028985507246376274,0.048309178743961345,-0.005797101449275366,0.0033816425120772875,-0.006763285024154575,-0.035748792270531404,0.01256038647342994,0.008212560386473444,0.005314009661835706
126,126,0.8405797101449275,0.8023952095808383,0.8293478260869565,0.9196597353497163,-0.012077294685990392,0.004830917874396157,0.011594202898550732,0.0019323671497584183,0.010144927536231751,0.014009661835748699,0.011111111111111072,-0.01400966183574881,0.011111111111111072,-0.0304347826086957,0.0009661835748792091,0.016908212560386437,0.032850241545893666,-0.0019323671497585293,-0.018357487922705418,-0.005314009661835706,0.01207729468599028,-0.0019323671497585293,0.0004830917874396601,-0.0028985507246377384,0.047826086956521685,0.004830917874396157,-0.034299516908212646,-0.051207729468599084,-0.01449275362318847,0.0014492753623188692,-0.0038647342995169476,-0.0033816425120772875
127,127,0.8019323671497585,0.7388535031847133,0.7847826086956522,0.8863894139886579,-0.009661835748792313,-0.0009661835748792091,-0.008695652173913104,-0.014009661835748921,0.019806763285024176,-0.017874396135265647,-0.013526570048309261,0.0004830917874396601,0.07971014492753636,0.0004830917874396601,-0.019323671497584405,-0.010144927536231974,0.051690821256038744,-0.004830917874396157,-0.0270531400966183,-0.022705314009661803,-0.004830917874396157,-0.010144927536231862,0.010144927536231974,0.007729468599033895,0.02898550724637683,-0.013526570048309261,-0.02995169082125604,-0.01642512077294689,-0.02753623188405796,0.0028985507246377384,-0.004347826086956608,-0.0014492753623187582
128,128,0.782608695652174,0.7096774193548387,0.7641304347826087,0.8767485822306238,-0.008212560386473333,0.005314009661835817,0.004347826086956608,-0.011111111111111072,0.049275362318840776,0.008212560386473444,-0.0024154589371980784,-0.009178743961352542,0.050241545893719874,-0.0014492753623187582,0.013043478260869601,-0.016908212560386437,0.005797101449275366,-0.01304347826086949,-0.03719806763285016,-0.035265700483091744,-0.017874396135265758,-0.0019323671497583073,0.024154589371980673,-0.0019323671497584183,0.019323671497584627,0.006763285024154686,-0.05893719806763287,-0.008212560386473333,-0.01256038647342994,0.0009661835748792091,0.011111111111111183,0.01594202898550734
129,129,0.8067632850241546,0.782608695652174,0.8043478260869565,0.8891304347826088,-0.05700483091787445,-0.005314009661835817,-0.015458937198067568,-0.006763285024154575,0.13285024154589375,-0.009661835748792313,0.0033816425120773985,0.0024154589371979673,0.16570048309178742,0.0019323671497584183,-0.0270531400966183,-0.016425120772946777,0.11594202898550743,-0.0236714975845409,-0.02415458937198056,-0.022705314009661692,-0.047826086956521685,-0.010144927536231862,0.0019323671497584183,0.013526570048309261,0.01497584541062813,-0.03768115942028982,-0.02801932367149751,-0.01739130434782621,-0.006280193236714915,-0.0019323671497584183,-0.004830917874396157,0.033816425120772875
130,130,0.782608695652174,0.7368421052631579,0.7728260869565218,0.8873345935727788,-0.060869565217391286,0.0024154589371980784,0.004830917874396046,-0.0024154589371979673,0.07777777777777783,0.008212560386473444,-0.004347826086956386,-0.01256038647342994,0.1497584541062802,0.007729468599033895,-0.0009661835748790981,0.013526570048309261,0.050241545893719874,-0.04251207729468587,-0.0019323671497583073,0.004830917874396157,-0.01352657004830915,-0.005314009661835706,0.007729468599033895,0.005314009661835817,0.08937198067632857,-0.03816425120772948,-0.02657004830917864,-0.006763285024154464,-0.04106280193236711,0.0019323671497585293,0.021739130434782594,0.0024154589371980784
131,131,0.7632850241545893,0.6918238993710691,0.7467391304347826,0.8637996219281664,-0.03864734299516914,-0.007729468599033784,0.00048309178743954906,-0.004830917874396268,0.007246376811594124,-0.004347826086956608,-0.004347826086956608,0.004347826086956497,0.07149758454106292,-0.012077294685990392,-0.0019323671497584183,-0.020289855072463725,0.008695652173912993,-0.02753623188405796,-0.02801932367149762,-0.037198067632850385,-0.02608695652173909,0.0038647342995168366,-0.0009661835748793202,-0.024637681159420333,0.025603864734299542,-0.008695652173913104,0.0014492753623187582,-0.02850241545893717,-0.01545893719806768,0.005797101449275366,0.0038647342995168366,0.0024154589371979673
132,132,0.7874396135265701,0.7317073170731707,0.7739130434782608,0.8713610586011342,-0.01690821256038655,0.004830917874396157,0.0033816425120772875,0.0028985507246377384,0.037681159420289934,-0.0024154589371979673,-0.0033816425120771765,-0.00048309178743954906,0.08405797101449275,0.0019323671497585293,-0.005314009661835706,-0.004347826086956386,0.048309178743961456,-0.03043478260869581,-0.026570048309178862,0.0038647342995169476,-0.018357487922705307,0.007729468599033895,0.0028985507246377384,0.0033816425120772875,0.05362318840579727,-0.004830917874396046,0.004347826086956608,-0.020772946859903274,-0.022705314009661692,-0.0038647342995168366,-0.0009661835748792091,0.0014492753623189802
133,133,0.7874396135265701,0.7441860465116279,0.7782608695652173,0.8878071833648393,-0.031884057971014346,-0.01352657004830915,-0.006280193236714915,0.0009661835748793202,0.02753623188405807,-0.015942028985507117,-0.01256038647342994,-0.01449275362318836,0.11545893719806755,-0.016425120772946777,-0.019323671497584516,-0.06666666666666665,0.05748792270531422,-0.015942028985507117,-0.047826086956521574,-0.032367149758454006,-0.04975845410627999,0.0014492753623189802,-0.015458937198067568,0.0009661835748793202,0.05362318840579716,0.004830917874396157,-0.03285024154589378,-0.047826086956521796,-0.05458937198067615,0.0004830917874396601,-0.018357487922705307,0.01739130434782621
134,134,0.7536231884057971,0.6832298136645962,0.7380434782608696,0.8615311909262761,-0.0444444444444444,-0.00048309178743954906,-0.0024154589371980784,-0.009178743961352653,0.07681159420289863,0.0033816425120773985,0.011594202898550843,-0.02898550724637672,0.07874396135265693,0.009178743961352764,-0.02463768115942022,-0.0028985507246376274,0.030917874396135248,-0.011111111111111072,-0.02753623188405785,-0.07681159420289863,-0.0400966183574879,0.008695652173913104,-0.008212560386473444,-0.01594202898550723,0.0028985507246377384,-0.006280193236714915,-0.06714975845410631,-0.0314009661835748,-0.03864734299516903,-0.009178743961352653,0.009661835748792313,-0.008212560386473444
135,135,0.8454106280193237,0.8202247191011236,0.8402173913043478,0.9042533081285444,-0.0400966183574879,0.011111111111111183,0.009661835748792313,0.0019323671497584183,0.047342995169082136,-0.009661835748792313,0.019323671497584627,0.005797101449275366,0.062318840579710155,-0.0028985507246377384,0.020289855072463836,-0.013526570048309261,0.0758454106280193,-0.021739130434782705,-0.023671497584541124,-0.021739130434782705,-0.004347826086956497,-0.009661835748792313,0.012077294685990392,-0.013526570048309261,0.07439613526570055,-0.006280193236714915,-0.0033816425120772875,-0.005797101449275477,-0.03719806763285016,0.009178743961352764,0.011594202898550732,0.01449275362318847
136,136,0.748792270531401,0.675,0.732608695652174,0.867296786389414,-0.046859903381642476,-0.0024154589371980784,0.0024154589371980784,-0.005797101449275366,0.006763285024154686,-0.012077294685990392,-0.010144927536231862,-0.008695652173912993,0.10821256038647331,-0.005314009661835706,-0.011594202898550732,-0.022222222222222143,0.019806763285024176,-0.019323671497584627,-0.035265700483091744,-0.021739130434782594,-0.048792270531401005,-0.0019323671497584183,-0.005797101449275366,-0.017391304347826098,0.07874396135265693,-0.021256038647342934,-0.017391304347826098,-0.018840579710144967,-0.04637681159420293,-0.0009661835748792091,0.0004830917874396601,-0.008212560386473444
137,137,0.7777777777777778,0.7088607594936709,0.7608695652173914,0.8816635160680528,-0.02512077294685988,0.005314009661835817,0.0009661835748792091,0.005314009661835817,0.020772946859903385,-0.004347826086956497,-0.021256038647342934,0.006280193236715026,0.09275362318840574,-0.02753623188405785,0.0038647342995169476,-0.017874396135265647,0.019323671497584516,-0.024637681159420333,-0.006763285024154464,-0.004830917874396046,-0.007729468599033784,-0.00048309178743954906,-0.019806763285024176,0.005314009661835817,0.0468599033816427,0.005797101449275366,-0.05700483091787434,-0.01256038647342994,-0.07149758454106281,0.008212560386473444,0.008695652173913104,-0.010144927536231862
138,138,0.8067632850241546,0.7560975609756098,0.7934782608695652,0.89234404536862,-0.030917874396135248,0.006280193236714915,-0.0014492753623187582,0.0038647342995169476,0.024637681159420444,0.004347826086956497,-0.007729468599033895,0.012560386473430052,0.0913043478260871,0.009178743961352653,-0.01400966183574881,-0.0014492753623189802,0.036714975845410724,-0.028502415458937058,-0.012560386473430052,-0.022705314009661803,-0.02512077294685988,0.00048309178743954906,0.01594202898550734,0.020289855072463836,0.033816425120772986,-0.008695652173913104,-0.03913043478260858,-0.04492753623188395,-0.01594202898550723,0.023671497584541124,0.017391304347826098,0.026086956521739202
139,139,0.7874396135265701,0.7608695652173914,0.7847826086956522,0.8626654064272212,-0.03864734299516892,-0.004347826086956386,0.0019323671497585293,1.1102230246251565e-16,0.2028985507246378,0.0004830917874397711,-0.016425120772946777,0.019806763285024176,0.1932367149758455,0.0024154589371981894,-0.0019323671497583073,0.011594202898550843,0.15120772946859906,-0.021739130434782483,-0.021739130434782483,-0.0024154589371979673,0.037681159420289934,-0.009178743961352542,0.009178743961352764,-0.0033816425120771765,-0.02560386473429943,0.018357487922705307,0.0014492753623189802,-0.01159420289855062,-0.046376811594202816,0.008212560386473444,0.005797101449275366,0.005314009661835817
140,140,0.8115942028985508,0.7607361963190185,0.7978260869565217,0.8860113421550093,-0.019806763285024176,0.005797101449275366,0.0033816425120771765,-0.0038647342995167255,0.04685990338164259,0.012560386473430052,0.01739130434782621,-0.011111111111111072,0.050724637681159424,0.0004830917874396601,-0.006763285024154575,-0.01207729468599028,0.05603864734299524,0.0028985507246377384,-0.006280193236714915,0.005797101449275366,-0.023671497584541124,-0.0028985507246377384,-0.023188405797101352,0.010144927536231974,0.07777777777777795,0.008695652173913104,-0.033333333333333215,-0.011594202898550732,-0.023188405797101352,-0.0019323671497584183,0.018357487922705418,0.01497584541062813
141,141,0.8454106280193237,0.8095238095238095,0.8347826086956521,0.8955576559546313,-0.0038647342995169476,0.0019323671497584183,0.005797101449275366,0.0033816425120773985,0.05652173913043479,-0.007246376811594235,-0.0028985507246377384,0.02463768115942022,0.0888888888888889,0.0038647342995168366,0.024154589371980784,-0.01449275362318847,0.01545893719806768,0.0009661835748792091,-0.008212560386473444,-0.026086956521739313,-0.03285024154589378,0.02657004830917875,0.022222222222222254,0.03236714975845412,0.062318840579710155,-0.0014492753623187582,-0.019806763285024176,-0.007729468599033895,-0.020772946859903385,0.006280193236715026,0.021739130434782594,0.0009661835748792091
142,142,0.7681159420289855,0.7108433734939759,0.7554347826086956,0.8726843100189037,-0.04637681159420304,-0.0038647342995169476,-0.011594202898550732,-0.007729468599033784,0.01400966183574881,-0.013043478260869601,-0.0014492753623188692,-0.011594202898550732,0.1115942028985506,-0.0028985507246377384,-0.023188405797101463,-0.04734299516908225,0.047826086956521796,-0.013526570048309261,-0.024637681159420333,-0.023671497584541012,-0.03236714975845423,-0.0014492753623188692,-0.004830917874396157,-0.01400966183574881,0.11739130434782596,-0.008695652173913104,-0.05458937198067637,-0.016908212560386437,-0.07246376811594202,-0.005314009661835706,-0.007246376811594235,0.005314009661835706
143,143,0.7584541062801933,0.6835443037974683,0.741304347826087,0.864461247637051,-0.023671497584541012,-0.007246376811594235,0.007729468599033895,-0.004347826086956386,0.035265700483091855,-0.011594202898550732,0.007246376811594235,-0.0014492753623187582,0.038164251207729594,0.0014492753623188692,-0.01159420289855062,-0.046859903381642365,0.025120772946860104,-0.01207729468599028,-0.035265700483091744,-0.05797101449275366,-0.03768115942028982,0.0019323671497585293,-0.005314009661835706,0.0024154589371980784,0.011594202898550843,-0.04057971014492745,-0.02560386473429943,-0.03961352657004824,-0.05024154589371976,-0.006280193236714915,-0.0009661835748792091,-0.0033816425120772875
144,144,0.8309178743961353,0.7878787878787878,0.8184782608695652,0.8837429111531191,-0.006763285024154575,0.005797101449275477,0.01400966183574881,-0.0028985507246376274,0.07536231884057976,0.005797101449275477,0.01159420289855062,0.01159420289855062,0.049275362318840554,-0.0028985507246376274,0.0019323671497585293,-0.005797101449275366,-0.004347826086956386,-0.011594202898550732,-0.004830917874396046,-0.008695652173912993,0.013043478260869601,0.01497584541062802,0.010628019323671634,-0.0009661835748792091,0.01594202898550734,-0.0014492753623188692,-0.0033816425120771765,-0.01111111111111096,-0.0033816425120772875,0.018357487922705307,0.02512077294685988,0.017874396135265758
145,145,0.8260869565217391,0.7804878048780488,0.8130434782608695,0.8903591682419659,-0.0024154589371980784,0.00048309178743954906,1.1102230246251565e-16,0.0028985507246377384,0.02608695652173909,-0.0009661835748792091,0.008695652173913104,0.0014492753623188692,0.02753623188405796,1.1102230246251565e-16,0.007729468599033895,0.011111111111111183,0.07342995169082134,-0.0038647342995168366,0.0019323671497583073,-0.0014492753623188692,-0.0009661835748792091,0.006763285024154464,0.0033816425120772875,0.010628019323671412,0.0705314009661836,0.006763285024154464,-0.007246376811594124,-0.017391304347826098,0.0014492753623188692,0.013043478260869601,0.007729468599033895,-0.004830917874396046
146,146,0.7729468599033816,0.7044025157232704,0.7565217391304349,0.8779773156899812,-0.04444444444444451,0.010144927536231974,0.005314009661835706,0.010144927536231862,0.037198067632850385,0.007729468599033895,0.0038647342995169476,0.0,0.08067632850241535,0.01642512077294689,-0.0033816425120772875,-0.03188405797101457,0.02898550724637683,-0.02898550724637683,-0.05314009661835739,-0.04637681159420304,-0.035748792270531404,-0.0019323671497584183,0.013043478260869601,0.01207729468599028,0.020289855072463836,-0.02946859903381649,-0.04202898550724632,0.005314009661835817,-0.05362318840579716,-0.014009661835748699,0.019806763285024176,0.01352657004830915
147,147,0.8019323671497585,0.768361581920904,0.7956521739130434,0.8716446124763705,-0.04444444444444451,0.0014492753623187582,0.004830917874396157,0.004830917874396157,0.0782608695652175,0.011111111111111183,0.006280193236715026,-0.0019323671497584183,0.19565217391304346,-0.0033816425120771765,0.0004830917874396601,-0.005314009661835706,0.04685990338164259,-0.006280193236715137,-0.018840579710144967,-0.01545893719806768,-0.047826086956521685,0.0038647342995169476,0.012077294685990392,0.004347826086956497,0.11835748792270517,0.0019323671497584183,-0.007246376811594124,-0.014009661835748921,0.06859903381642529,0.008212560386473444,0.011111111111111183,0.01642512077294689
148,148,0.7777777777777778,0.7160493827160493,0.7630434782608696,0.8746691871455576,-0.033333333333333326,-0.0024154589371980784,-0.01449275362318836,0.004830917874396157,0.01594202898550723,-0.008695652173912993,-0.0024154589371979673,-0.005797101449275366,0.09178743961352653,-0.01207729468599028,-0.0028985507246376274,-0.01449275362318836,0.08840579710144925,-0.0033816425120772875,-0.026570048309178862,-0.01497584541062802,-0.02850241545893728,-0.017391304347826098,-0.006280193236714915,-0.0033816425120771765,0.02946859903381649,-0.017391304347826098,-0.016908212560386437,-0.018357487922705307,-0.023188405797101463,-0.01256038647342994,0.004830917874396157,-0.02608695652173909
149,149,0.7777777777777778,0.7386363636363636,0.7706521739130434,0.8717391304347826,-0.05893719806763287,0.0004830917874396601,-0.01207729468599028,0.0009661835748792091,0.061835748792270606,-0.004830917874396046,0.0009661835748792091,-0.0038647342995169476,0.021739130434782594,-0.010628019323671412,-0.007729468599033784,0.0004830917874396601,0.04202898550724654,-0.008212560386473333,-0.0019323671497584183,-0.01256038647342994,-0.026570048309178862,-0.008212560386473333,-0.004347826086956497,-0.007246376811594235,0.13043478260869568,-0.01352657004830915,-0.016425120772946777,-0.03188405797101457,-0.05217391304347818,0.0014492753623188692,0.006763285024154686,0.0024154589371980784
150,150,0.8743961352657005,0.8555555555555555,0.8706521739130435,0.9151228733459358,-0.02415458937198056,0.0019323671497585293,0.0038647342995167255,0.01256038647342983,0.09710144927536235,0.004830917874396046,-0.005314009661835817,0.01497584541062802,0.09516908212560382,0.005314009661835706,-0.008212560386473333,-0.006763285024154575,0.08164251207729467,0.0,-0.01207729468599028,-0.02512077294685977,0.017391304347825987,0.005797101449275255,0.01594202898550723,-0.004830917874396157,0.04251207729468598,0.006280193236714915,-0.010144927536231862,-0.017874396135265647,-0.022222222222222254,-0.006763285024154575,0.009661835748792313,0.005797101449275255
151,151,0.7536231884057971,0.6946107784431138,0.741304347826087,0.8645557655954631,-0.07439613526570044,-0.006763285024154575,-0.011111111111111072,-0.004830917874396157,0.08260869565217388,-0.008695652173912993,-0.008212560386473444,-0.012077294685990392,0.10579710144927534,-0.0024154589371980784,0.0,-0.01304347826086949,-0.004347826086956497,-0.01159420289855062,-0.0033816425120772875,-0.03188405797101446,-0.061835748792270606,-0.005797101449275366,-0.004347826086956497,0.008695652173913104,0.07149758454106281,-0.01594202898550723,-0.03719806763285016,-0.03816425120772937,-0.020772946859903385,0.007729468599033895,0.0,0.0
152,152,0.7777777777777778,0.7012987012987013,0.758695652173913,0.8758034026465029,-0.0033816425120772875,0.0038647342995169476,-0.0033816425120772875,-0.004830917874396046,0.06618357487922699,-0.0009661835748792091,-0.00048309178743954906,-0.006763285024154464,0.01256038647342994,-0.008212560386473333,-0.004347826086956386,-0.010144927536231862,0.006763285024154686,0.0038647342995169476,-0.023188405797101463,-0.007729468599033784,-0.0024154589371980784,0.0028985507246377384,0.0028985507246377384,-0.004347826086956497,0.013526570048309261,-0.04057971014492745,-0.04589371980676327,-0.034782608695652195,-0.020772946859903385,-0.0033816425120771765,0.0028985507246377384,-0.0033816425120772875
153,153,0.7536231884057971,0.6909090909090909,0.7402173913043478,0.8618147448015123,-0.05410628019323671,0.0024154589371980784,0.0014492753623188692,0.0,-0.005314009661835706,-0.005797101449275366,-0.009661835748792313,-0.0033816425120772875,0.019806763285024287,-0.016908212560386437,0.0033816425120773985,-0.005797101449275366,0.037681159420289934,-0.01449275362318847,-0.02463768115942022,-0.03188405797101446,-0.05942028985507242,-0.011594202898550732,-0.00048309178743954906,0.0024154589371980784,0.03961352657004813,-0.020289855072463725,-0.020772946859903385,-0.02512077294685988,0.009661835748792313,-0.004347826086956497,0.0014492753623188692,0.0019323671497585293
154,154,0.7922705314009661,0.7329192546583851,0.7771739130434783,0.876843100189036,-0.021256038647343045,0.0009661835748792091,0.006763285024154575,-0.007729468599033895,0.03961352657004835,0.008212560386473444,0.006763285024154575,0.0,0.06811594202898552,0.005797101449275366,-0.006763285024154575,-0.01545893719806768,0.0705314009661836,-0.0028985507246377384,-0.01304347826086949,-0.010144927536231974,-0.02512077294685988,0.011594202898550732,0.005314009661835817,0.022222222222222254,0.09613526570048303,0.0038647342995169476,-0.021256038647343045,-0.004347826086956497,-0.021739130434782816,0.004830917874396157,0.0033816425120772875,0.021256038647343045
155,155,0.7632850241545893,0.703030303030303,0.75,0.8562381852551985,-0.04057971014492756,-0.005314009661835706,-0.004830917874396157,0.010144927536231862,0.06473429951690812,0.009661835748792202,0.008695652173912993,-0.01256038647342994,0.14685990338164234,0.01207729468599028,-0.0038647342995169476,-0.004830917874396268,0.06570048309178733,-0.007729468599033784,-0.01545893719806768,-0.0028985507246377384,-0.021256038647342934,-0.005797101449275477,0.0009661835748792091,0.01256038647342994,0.08405797101449275,0.007246376811594124,-0.03140096618357491,-0.010628019323671523,-0.024154589371980673,0.0014492753623188692,-0.005314009661835706,0.005797101449275366
156,156,0.8019323671497585,0.7544910179640718,0.7902173913043479,0.8869565217391305,-0.019323671497584405,0.007246376811594235,0.004830917874396157,0.0028985507246377384,0.09516908212560382,0.011594202898550732,0.007729468599033895,-0.01497584541062802,0.03188405797101457,0.0028985507246377384,0.01739130434782621,-0.01207729468599028,-0.009178743961352653,-0.018840579710144967,-0.0270531400966183,-0.024637681159420333,-0.0009661835748792091,-0.01304347826086949,0.008695652173913104,0.019323671497584516,0.05893719806763298,-0.016908212560386437,-0.025603864734299542,-0.04106280193236711,-0.0270531400966183,-0.010144927536231974,0.0004830917874396601,0.012560386473430052
157,157,0.821256038647343,0.7978142076502732,0.8184782608695652,0.88648393194707,-0.04202898550724643,-0.0009661835748792091,0.006763285024154464,0.01111111111111096,0.18454106280193228,0.007246376811594235,-0.007246376811594124,0.007246376811594235,0.0782608695652175,-0.0024154589371980784,0.007729468599033784,0.007246376811594235,0.0782608695652175,-0.009661835748792202,-0.021739130434782594,0.005797101449275255,0.01352657004830915,-0.0009661835748792091,0.02657004830917875,0.01400966183574881,-0.0038647342995168366,-0.004830917874396046,-0.030434782608695587,-0.037681159420289934,-0.08212560386473444,0.005797101449275255,-0.010628019323671523,0.0024154589371980784
158,158,0.8260869565217391,0.7804878048780488,0.8130434782608695,0.9094517958412099,-0.004830917874396046,0.005797101449275477,-0.0009661835748792091,-0.0019323671497584183,0.02946859903381649,0.005797101449275255,0.03816425120772948,-0.030434782608695587,0.033333333333333326,0.016425120772946777,0.019323671497584516,0.00048309178743954906,0.02657004830917875,-0.01642512077294689,-0.01352657004830915,-0.02705314009661841,0.0009661835748793202,0.0009661835748793202,0.02753623188405796,1.1102230246251565e-16,0.035265700483091855,-0.05120772946859897,-0.0028985507246376274,-0.01207729468599028,-0.008212560386473333,0.005314009661835706,-0.0004830917874396601,-0.006763285024154575
159,159,0.8260869565217391,0.7954545454545454,0.8195652173913044,0.8975425330812855,-0.04396135265700485,0.0028985507246377384,-0.0028985507246376274,-0.0033816425120772875,0.05942028985507242,0.0014492753623188692,0.016425120772946777,0.005314009661835706,0.12077294685990347,-0.004347826086956608,-0.0004830917874396601,0.0038647342995169476,0.024637681159420333,-0.0004830917874396601,-0.01352657004830915,-0.020772946859903274,-0.0038647342995168366,-0.005797101449275366,0.010144927536231862,0.02850241545893717,0.014009661835748699,0.006763285024154464,0.005797101449275477,-0.004830917874396046,-0.034299516908212535,-0.004347826086956386,0.020772946859903496,0.009178743961352653
160,160,0.7632850241545893,0.6878980891719745,0.7456521739130435,0.8469754253308128,0.0,0.004347826086956497,-0.006280193236715026,-0.005314009661835706,0.030434782608695587,0.016908212560386437,0.008695652173912993,-0.004830917874396268,0.1671497584541063,-0.0019323671497584183,-0.006763285024154575,-0.017391304347826098,0.02801932367149751,0.005797101449275366,-0.008695652173913104,-0.004830917874396268,-0.036231884057971064,0.013043478260869601,0.0024154589371979673,-0.010144927536231862,0.023671497584541124,-0.006280193236715026,-0.013043478260869601,-0.017391304347826098,-0.04154589371980688,0.007729468599033784,0.007246376811594124,-1.1102230246251565e-16
161,161,0.748792270531401,0.6867469879518072,0.7358695652173912,0.8634215500945179,-0.062318840579710155,-0.00048309178743954906,-0.0014492753623187582,-0.01449275362318847,0.03671497584541061,0.0004830917874396601,-0.009178743961352653,-0.02850241545893717,0.02705314009661841,-0.0028985507246376274,-0.005314009661835706,-0.0014492753623187582,0.02801932367149762,-0.02657004830917875,-0.02608695652173898,-0.022222222222222254,-0.060386473429951626,0.005314009661835817,0.007729468599033895,-0.006280193236714915,0.07198067632850225,0.008212560386473555,-0.050724637681159424,-0.034299516908212535,0.004347826086956608,0.012077294685990392,0.006763285024154686,0.013043478260869601
162,162,0.7729468599033816,0.6928104575163399,0.7532608695652174,0.8489603024574669,0.006280193236715026,0.0024154589371980784,0.0,0.0033816425120772875,0.0434782608695653,-0.0024154589371980784,-0.0014492753623188692,0.0028985507246376274,0.25024154589371983,0.010628019323671523,0.005797101449275366,-0.01159420289855062,0.04492753623188406,-0.005314009661835706,-0.019323671497584516,-0.007729468599033784,-0.023188405797101463,0.0033816425120772875,-0.0024154589371980784,0.026086956521739202,0.024637681159420333,-0.00048309178743954906,-0.0033816425120772875,-0.011594202898550732,-0.008212560386473444,0.01594202898550723,0.004347826086956608,0.0014492753623188692
163,163,0.8115942028985508,0.7664670658682635,0.8,0.8673913043478262,0.004830917874396157,0.009178743961352653,-0.00048309178743954906,-0.0009661835748792091,0.08502415458937218,0.010144927536231974,0.012560386473430052,-0.01304347826086949,0.21884057971014503,-0.0019323671497584183,0.0,0.004830917874396157,0.10869565217391308,0.0009661835748792091,-0.02463768115942011,-0.0236714975845409,-0.023671497584541124,0.004347826086956608,0.0024154589371981894,-0.0014492753623187582,0.05555555555555558,-0.02415458937198056,-0.0019323671497584183,-0.04444444444444451,-0.018840579710144967,0.006280193236715137,0.013526570048309261,0.03140096618357491
164,164,0.7971014492753623,0.7341772151898734,0.7804347826086957,0.8931001890359168,-0.008695652173913104,-0.0009661835748792091,0.0,-0.0004830917874396601,-0.01207729468599028,-0.009661835748792313,-0.007729468599033895,-0.004347826086956497,0.018840579710144967,-0.0019323671497584183,0.0004830917874396601,-0.0019323671497584183,0.01400966183574881,-0.0019323671497584183,-0.02608695652173909,-0.03623188405797095,-0.0304347826086957,0.0009661835748792091,0.0024154589371980784,-0.0009661835748792091,0.01352657004830915,-0.009178743961352764,-0.04251207729468598,-0.03333333333333344,-0.0014492753623188692,-0.0009661835748792091,0.0,0.0009661835748792091
165,165,0.7391304347826086,0.6707317073170732,0.725,0.8481096408317581,-0.023671497584541012,-0.005314009661835706,-0.010628019323671523,0.0004830917874396601,0.07536231884057953,-0.009661835748792313,-0.007246376811594235,-0.010628019323671523,0.0014492753623188692,-0.0019323671497584183,-0.01497584541062802,-0.023671497584541124,0.037681159420289934,-0.020289855072463836,-0.03236714975845423,-0.02995169082125604,-0.05603864734299524,-0.04106280193236722,-0.007729468599033784,-0.0009661835748792091,0.08260869565217377,-0.006763285024154575,-0.02705314009661841,-0.018840579710144967,-0.03961352657004824,-0.0024154589371980784,0.0024154589371980784,-0.018840579710144967
166,166,0.7874396135265701,0.75,0.7804347826086957,0.8775047258979206,-0.05024154589371976,0.01545893719806768,-0.004830917874396046,0.011111111111111183,0.14299516908212562,0.0038647342995169476,0.004347826086956608,0.012077294685990392,0.17101449275362313,-0.0009661835748790981,0.006280193236715137,0.01497584541062813,0.0782608695652175,-0.0038647342995168366,0.007729468599033895,-0.04106280193236711,0.012560386473430052,0.026570048309178862,0.02801932367149762,0.03188405797101457,0.03961352657004846,-0.020772946859903496,-0.03285024154589378,0.009178743961352764,-0.059420289855072306,0.02995169082125615,0.037198067632850385,0.016425120772947
167,167,0.7584541062801933,0.6987951807228916,0.7456521739130435,0.8801512287334594,-0.05555555555555569,-0.01159420289855062,-0.0019323671497584183,-0.01449275362318836,0.06666666666666665,-0.010628019323671523,-0.0038647342995168366,-0.030434782608695587,0.06666666666666665,-0.007246376811594235,-0.004347826086956497,-0.015458937198067568,0.019806763285024287,-0.0038647342995168366,-0.024154589371980673,-0.025603864734299542,-0.007246376811594235,0.0024154589371980784,0.0024154589371980784,0.0019323671497585293,0.0758454106280193,-0.022222222222222143,-0.016908212560386437,-0.017874396135265647,-0.05942028985507242,0.0009661835748793202,0.006280193236715026,-0.008212560386473333
168,168,0.8019323671497585,0.7421383647798742,0.7858695652173913,0.8870510396975426,0.0,0.0028985507246377384,0.0019323671497584183,-0.005797101449275366,0.0033816425120772875,-0.0014492753623187582,-0.0004830917874396601,-0.008212560386473555,0.013526570048309261,0.0024154589371980784,0.0038647342995169476,-0.0014492753623187582,0.010144927536231974,-0.0004830917874396601,-0.03526570048309163,0.009661835748792313,-0.0028985507246377384,-0.005314009661835706,0.0024154589371980784,0.012077294685990392,0.017391304347826098,0.0004830917874396601,-0.004830917874396157,-0.006763285024154575,0.0009661835748792091,-0.0019323671497584183,0.010628019323671523,0.006763285024154575
169,169,0.7681159420289855,0.7108433734939759,0.7554347826086956,0.881852551984877,-0.048792270531401005,-0.013526570048309261,-0.011594202898550732,-0.016908212560386437,0.01594202898550723,0.0019323671497584183,-0.02512077294685988,-0.05893719806763287,0.0033816425120772875,-0.004347826086956608,-0.01449275362318847,-0.02512077294685988,0.0304347826086957,-0.046859903381642476,-0.04009661835748812,-0.02801932367149762,-0.019806763285024176,-0.021739130434782594,-0.021256038647342934,-0.010144927536231862,0.06908212560386473,-0.0400966183574879,-0.03140096618357491,-0.05410628019323671,-0.009178743961352653,-0.01594202898550734,-0.01256038647342994,-0.009178743961352653
170,170,0.8260869565217391,0.7777777777777778,0.8119565217391305,0.9030245746691872,0.005797101449275477,0.005797101449275255,0.005314009661835706,0.005797101449275477,0.0033816425120772875,-0.0004830917874396601,0.0024154589371980784,-0.01256038647342994,0.02512077294685988,0.009661835748792202,-0.007246376811594235,0.004830917874396268,0.015942028985507117,-0.01642512077294689,-0.04396135265700485,0.004830917874396268,-0.007246376811594235,0.01690821256038655,0.01352657004830915,0.018840579710144967,0.02512077294685988,-0.014975845410627908,-0.04299516908212564,-0.035748792270531515,0.0014492753623188692,0.010144927536231862,-0.0004830917874396601,0.010628019323671412
171,171,0.8743961352657005,0.8505747126436781,0.8673913043478261,0.9087901701323251,-0.005797101449275366,-0.0033816425120771765,-0.0009661835748792091,-0.0009661835748792091,0.07004830917874383,-0.0014492753623188692,-0.0028985507246376274,0.022222222222222143,0.09951690821256043,-0.0009661835748792091,-0.009661835748792313,-0.014009661835748699,0.033816425120772986,-0.017874396135265647,-0.022705314009661803,-0.02657004830917875,-0.01642512077294689,-0.005797101449275366,0.02995169082125604,0.0024154589371979673,0.08115942028985512,0.0028985507246377384,-0.008695652173913104,0.0024154589371979673,-0.007246376811594124,0.01449275362318836,0.0014492753623187582,0.005797101449275366
172,172,0.7681159420289855,0.7,0.7521739130434784,0.870226843100189,-0.04734299516908225,-0.0019323671497584183,-0.01207729468599028,-0.018840579710144856,0.05217391304347818,-0.004347826086956497,-0.017391304347826098,0.005797101449275366,0.12705314009661828,-0.007246376811594346,-0.0024154589371980784,-0.04057971014492756,0.03236714975845423,-0.005314009661835706,-0.06714975845410642,-0.07632850241545897,-0.04396135265700496,0.010144927536231862,-0.02995169082125604,0.006763285024154575,0.038164251207729594,-0.050241545893719874,-0.05748792270531411,-0.025603864734299542,-0.0705314009661836,-0.0028985507246377384,-0.0033816425120772875,-0.024637681159420333
173,173,0.821256038647343,0.7730061349693251,0.807608695652174,0.8954631379962192,-0.0009661835748792091,1.1102230246251565e-16,-0.004830917874396046,-0.0033816425120772875,0.008695652173912993,-0.0038647342995168366,0.008212560386473444,-0.0038647342995168366,0.07149758454106281,0.0024154589371980784,-0.0033816425120772875,-0.01352657004830915,0.05362318840579716,-0.007246376811594235,-0.0033816425120771765,-0.0038647342995168366,-0.007246376811594235,1.1102230246251565e-16,-0.008695652173912993,0.0019323671497583073,0.04492753623188406,-0.010628019323671523,-0.006280193236714804,-0.004347826086956608,0.00048309178743954906,-0.0024154589371980784,-0.0009661835748792091,0.010628019323671412
174,174,0.7729468599033816,0.7116564417177914,0.758695652173913,0.8743856332703214,-0.035748792270531404,-0.011594202898550732,-0.007729468599033784,-0.004830917874396157,0.08067632850241535,-0.005797101449275366,-0.017874396135265647,-0.01207729468599028,-0.004830917874396157,-0.011111111111111072,-0.01256038647342994,-0.02705314009661841,0.04106280193236722,-0.019323671497584516,-0.019323671497584516,-0.04057971014492756,-0.03285024154589378,-0.011111111111111072,-0.010144927536231862,-0.004347826086956608,0.047826086956521796,-0.007246376811594235,-0.011594202898550732,-0.04396135265700485,0.004830917874396046,-0.007246376811594235,-0.017391304347826098,-0.009661835748792313
175,175,0.7971014492753623,0.7341772151898734,0.7804347826086957,0.8715500945179584,-0.02801932367149751,-0.006763285024154575,-0.0019323671497584183,-0.009178743961352764,0.020772946859903385,-0.007246376811594346,-0.010144927536231862,0.006763285024154575,0.04299516908212564,0.017874396135265647,0.01304347826086949,0.005314009661835817,0.03188405797101446,-0.0028985507246377384,-0.01545893719806768,-0.020289855072463836,-0.01545893719806768,0.005797101449275366,0.007246376811594235,0.006280193236715026,0.033816425120772875,-0.023188405797101574,-0.04106280193236711,-0.013526570048309261,-0.0028985507246377384,-0.0009661835748792091,0.01304347826086949,0.004830917874396157
176,176,0.7729468599033816,0.7116564417177914,0.758695652173913,0.8929111531190926,-0.005797101449275366,0.0004830917874396601,-0.0028985507246376274,0.004347826086956497,0.07971014492753614,-0.01449275362318836,0.0014492753623188692,-0.011111111111111183,0.05410628019323682,-0.008212560386473444,-0.03188405797101457,-0.02705314009661841,-0.004830917874396157,-0.01545893719806768,-0.021256038647342934,-0.022222222222222254,-0.020772946859903385,-0.007246376811594235,-0.007729468599033784,-0.01159420289855062,0.036231884057971064,-0.018840579710144856,-0.05748792270531411,-0.016908212560386437,-0.033816425120772986,-0.01545893719806768,-0.0024154589371980784,0.01400966183574881
177,177,0.7632850241545893,0.6878980891719745,0.7456521739130435,0.8362948960302458,-0.01642512077294689,-0.005314009661835706,-0.018840579710144967,-0.01400966183574881,0.05990338164251208,-0.010628019323671523,-0.0009661835748793202,-0.0400966183574879,0.07198067632850236,0.006763285024154575,-0.021256038647343045,-0.0009661835748793202,0.04106280193236722,-0.014009661835748699,-0.02801932367149762,-0.0019323671497585293,-0.036231884057971064,-0.01545893719806768,-0.006280193236715026,0.006280193236714915,0.04444444444444451,-0.010144927536231862,-0.024637681159420333,-0.021256038647342934,-0.024637681159420333,0.004830917874396046,-0.0033816425120772875,-0.008695652173913104
178,178,0.8164251207729468,0.7682926829268293,0.8032608695652175,0.9002835538752364,-0.008212560386473444,0.009661835748792202,-0.005797101449275366,-0.010144927536231974,0.034782608695652195,0.011111111111111183,0.013043478260869601,0.011111111111111183,0.023671497584541012,-0.0033816425120772875,-0.005314009661835817,0.011111111111111183,0.005797101449275255,-0.018840579710144856,-0.005314009661835817,-0.014009661835748699,-0.026086956521739202,-0.009661835748792202,0.014009661835748699,0.02801932367149762,0.033333333333333326,-0.012077294685990392,-0.0024154589371980784,-0.02560386473429943,-0.0019323671497585293,0.017391304347826098,-0.009178743961352764,0.022222222222222254
179,179,0.7874396135265701,0.7380952380952381,0.7760869565217392,0.8777882797731569,0.006763285024154686,0.0009661835748793202,-0.017391304347826098,-0.0038647342995168366,0.02753623188405807,-0.01207729468599028,-0.015942028985507117,0.0014492753623188692,0.2193236714975847,-0.009178743961352542,-0.008695652173912993,-0.01159420289855062,0.034299516908212646,-0.01256038647342994,-0.02705314009661841,-0.04202898550724621,-0.035265700483091744,-0.007729468599033784,-0.0014492753623187582,-0.005314009661835706,0.07971014492753625,-0.02657004830917864,-0.021739130434782483,-0.014009661835748699,-0.06763285024154586,-0.005314009661835706,0.0009661835748793202,-0.0028985507246376274
180,180,0.7874396135265701,0.717948717948718,0.7695652173913043,0.8677693761814745,-0.006763285024154464,0.0009661835748793202,0.0033816425120772875,0.0038647342995169476,-0.006280193236714915,0.004347826086956608,0.008212560386473444,0.0004830917874397711,0.02995169082125615,-0.0014492753623187582,-0.009178743961352542,-0.009661835748792202,0.009661835748792313,0.0004830917874397711,-0.015458937198067568,-0.022222222222222254,-0.008212560386473333,0.0019323671497585293,0.009178743961352764,-0.0019323671497583073,0.0434782608695653,-0.0019323671497583073,-0.018840579710144856,-0.021256038647342934,0.0024154589371980784,0.010144927536231974,0.010628019323671523,0.0033816425120773985
181,181,0.7777777777777778,0.7294117647058823,0.7673913043478261,0.8761814744801512,-0.05169082125603863,-0.0014492753623188692,-0.007729468599033784,-0.0033816425120772875,0.05410628019323682,-0.0009661835748792091,-0.0024154589371980784,-0.0024154589371979673,0.019806763285024287,0.0019323671497585293,0.0033816425120772875,-0.004347826086956386,0.0661835748792271,-0.01256038647342994,-0.016908212560386437,-0.01159420289855062,-0.049275362318840554,0.004347826086956608,-0.011111111111111072,-0.008212560386473333,0.09661835748792258,-0.007246376811594124,-0.020289855072463725,-0.02560386473429943,-0.037681159420289934,-0.01256038647342994,0.0014492753623188692,0.007729468599033895
182,182,0.748792270531401,0.6708860759493671,0.7315217391304347,0.8418714555765596,-0.033333333333333326,0.005314009661835817,0.005797101449275477,-0.00048309178743954906,0.08309178743961343,0.005797101449275477,-0.006280193236714915,-0.00048309178743954906,0.1367149758454107,0.007246376811594235,-0.005314009661835706,-0.007246376811594235,0.048309178743961456,0.0004830917874396601,-0.021739130434782705,-0.017874396135265647,-0.0270531400966183,0.007729468599033895,0.008695652173913104,0.004830917874396157,0.020772946859903496,-0.02512077294685988,-0.018840579710144967,-0.03719806763285016,-0.060386473429951626,0.0019323671497585293,-0.0028985507246376274,0.011111111111111183
183,183,0.7874396135265701,0.717948717948718,0.7695652173913043,0.8764650283553875,-0.0019323671497583073,0.004830917874396157,-0.0014492753623187582,-0.005797101449275255,0.03333333333333344,-0.02512077294685988,-0.004347826086956386,0.005797101449275366,0.08212560386473422,0.0038647342995169476,0.010144927536231974,0.012077294685990392,0.03140096618357491,-0.032367149758454006,-0.0038647342995168366,-0.01207729468599028,-0.0024154589371979673,0.008212560386473444,0.0033816425120772875,0.0028985507246378495,0.02946859903381649,0.008695652173913215,-0.05410628019323671,-0.02898550724637683,-0.016425120772946777,0.010628019323671523,0.004347826086956608,-0.00048309178743954906
184,184,0.782608695652174,0.7337278106508875,0.7717391304347826,0.8671077504725898,-0.03961352657004824,0.0019323671497585293,-0.005797101449275255,-0.0014492753623188692,0.006280193236715026,0.010628019323671523,-0.0024154589371980784,-0.00048309178743954906,0.06038647342995174,-0.0033816425120771765,0.004347826086956608,-0.01594202898550723,0.1028985507246376,0.0004830917874396601,-0.01159420289855062,-0.007246376811594124,-0.04299516908212564,-0.010144927536231862,0.008212560386473444,0.007246376811594235,0.0565217391304349,0.0004830917874396601,-0.006280193236714915,-0.010144927536231862,-0.036714975845410724,-0.004830917874396046,-0.009178743961352542,0.008212560386473444
185,185,0.7584541062801933,0.6987951807228916,0.7456521739130435,0.8694706994328923,-0.08405797101449275,0.0024154589371980784,-0.0038647342995168366,-0.006763285024154575,0.034299516908212646,-0.0019323671497584183,0.006763285024154686,-0.005797101449275366,0.06038647342995174,0.011111111111111183,0.010144927536231974,-0.028502415458937058,0.008212560386473555,-0.019323671497584405,-0.021256038647342934,-0.047826086956521796,-0.030434782608695587,-0.01449275362318836,-0.021256038647342823,0.01594202898550734,0.01594202898550734,0.012560386473430052,-0.01256038647342983,-0.07101449275362315,-0.032850241545893666,-0.009661835748792313,0.008212560386473555,0.012077294685990392
186,186,0.7246376811594203,0.6666666666666666,0.7141304347826087,0.7921550094517958,-0.006763285024154575,-0.006280193236714915,0.0033816425120773985,-0.014009661835748699,0.1323671497584541,0.0033816425120773985,0.007729468599033784,-0.009178743961352542,1.1102230246251565e-16,0.01497584541062802,-0.006280193236714804,-0.017874396135265647,0.13478260869565217,-0.01159420289855062,-0.013526570048309039,-0.010144927536231751,-0.08502415458937207,-0.014009661835748699,0.005314009661835817,0.007246376811594235,0.14734299516908222,-0.0014492753623187582,-0.008212560386473333,-0.023188405797101352,-0.013526570048309039,0.011594202898550732,0.004347826086956608,0.0009661835748793202
187,187,0.8067632850241546,0.75,0.7913043478260869,0.8848771266540643,-0.01400966183574881,0.0038647342995169476,-0.0014492753623189802,0.005314009661835706,0.05893719806763298,0.006280193236714915,0.020772946859903496,-0.00048309178743954906,0.07536231884057987,-0.0038647342995169476,0.004347826086956497,-0.004347826086956497,0.0028985507246377384,-0.0028985507246377384,-0.016908212560386437,-0.013526570048309261,0.012560386473430052,0.004347826086956497,-0.0038647342995169476,0.033816425120772986,0.011111111111111183,-0.0024154589371979673,0.0024154589371979673,-0.03526570048309163,0.0009661835748792091,0.010628019323671523,-0.0024154589371979673,0.007729468599033895
188,188,0.7729468599033816,0.7151515151515152,0.7597826086956522,0.8607750472589792,-0.0400966183574879,-0.0019323671497584183,-0.0014492753623187582,0.0,0.10917874396135252,-0.00048309178743954906,0.0009661835748792091,-0.005797101449275366,-0.0009661835748792091,-0.004830917874396157,-0.0028985507246376274,0.0024154589371980784,0.02898550724637683,-0.010628019323671523,-0.013526570048309261,-0.02657004830917875,-0.010628019323671523,-0.007246376811594124,0.011111111111111072,-0.0028985507246376274,0.020289855072463836,-0.019806763285024176,-0.020289855072463725,-0.01594202898550723,-0.00048309178743954906,0.01400966183574881,0.008695652173912993,0.006280193236715026
189,189,0.7584541062801933,0.6753246753246753,0.7391304347826086,0.8551039697542533,-0.0009661835748792091,0.0,-0.008695652173912993,0.016425120772947,0.06908212560386462,-0.004830917874396157,-0.006763285024154575,-0.025603864734299542,0.12077294685990347,-0.007246376811594124,-0.018357487922705307,0.004830917874396157,-0.0028985507246376274,0.0014492753623188692,-0.013043478260869601,-0.03961352657004824,-0.02657004830917875,0.009178743961352764,-0.0019323671497584183,-0.010628019323671523,0.01739130434782621,-0.014009661835748699,-0.02512077294685988,-0.0024154589371980784,-0.017874396135265647,-0.018840579710144856,0.007729468599033895,0.007729468599033895
190,190,0.8067632850241546,0.7590361445783133,0.7945652173913044,0.8680529300567108,-0.029468599033816267,0.0028985507246377384,-0.0019323671497584183,-0.0024154589371979673,0.10241545893719817,-0.00048309178743954906,-0.0019323671497584183,0.01449275362318847,0.10000000000000009,-0.0019323671497584183,-0.02512077294685988,-0.0497584541062801,0.04347826086956519,-0.022222222222222143,-0.050724637681159424,-0.01545893719806768,-0.0270531400966183,0.006763285024154575,0.01739130434782621,0.0024154589371979673,0.10869565217391308,-0.0033816425120773985,-0.029468599033816267,-0.02753623188405785,-0.03671497584541061,0.009661835748792313,0.0024154589371979673,0.01497584541062813
191,191,0.8019323671497585,0.7657142857142857,0.7945652173913044,0.8909262759924386,-0.05555555555555558,0.0009661835748792091,-0.0038647342995169476,0.0038647342995169476,0.06376811594202914,0.0033816425120772875,-0.025603864734299542,-0.005314009661835706,0.07149758454106281,-0.007729468599033895,-0.0024154589371981894,-0.01207729468599028,0.034782608695652195,-0.01207729468599028,-0.03526570048309163,-0.025603864734299542,-0.06425120772946857,0.019323671497584627,-0.0009661835748792091,0.005797101449275366,0.09420289855072461,-0.016908212560386437,-0.01449275362318847,-0.009178743961352653,-0.049275362318840665,0.006763285024154575,0.009178743961352653,0.012560386473430052
192,192,0.7874396135265701,0.7317073170731707,0.7739130434782608,0.8809073724007561,-0.0038647342995168366,-0.009178743961352542,-0.009661835748792202,-0.01449275362318836,0.1159420289855072,-0.007729468599033784,-0.006763285024154464,0.005314009661835928,0.050241545893719985,-0.0019323671497583073,0.008212560386473444,-0.020772946859903496,0.0019323671497585293,-0.006763285024154464,-0.0314009661835748,-0.02898550724637683,-0.03913043478260869,-0.014009661835748699,-0.0019323671497583073,-0.006280193236714915,0.018840579710145078,-0.04347826086956508,-0.04154589371980666,-0.017391304347826098,-0.020772946859903496,0.0014492753623189802,-0.004347826086956386,0.005797101449275477
193,193,0.7971014492753623,0.75,0.7858695652173913,0.8852551984877127,-0.030917874396135248,0.0019323671497584183,0.007246376811594235,-0.0019323671497584183,0.0661835748792271,-0.011594202898550732,-0.01545893719806768,-0.01594202898550723,0.14492753623188404,-0.0024154589371980784,0.004347826086956497,-0.0019323671497584183,0.06714975845410642,-0.011111111111111294,-0.01642512077294689,-0.02657004830917875,-0.01400966183574881,-0.0004830917874396601,0.0038647342995169476,0.011594202898550732,0.03188405797101446,-0.0024154589371980784,-0.01690821256038666,0.010628019323671412,-0.04057971014492756,-0.008695652173913104,0.01400966183574881,0.01207729468599028
194,194,0.7681159420289855,0.6923076923076923,0.75,0.8502835538752364,0.009661835748792202,0.004830917874396046,0.006763285024154575,0.0009661835748792091,0.15652173913043477,-0.0009661835748793202,0.0009661835748792091,-0.007729468599033784,0.16425120772946855,-0.00048309178743954906,-0.0024154589371980784,0.007729468599033784,0.008695652173912993,-0.011111111111111072,-0.018840579710144967,-0.024637681159420333,-0.036231884057971175,0.04057971014492756,0.01400966183574881,0.005314009661835706,0.0400966183574879,-0.006280193236715026,-0.016425120772946777,-0.009178743961352542,-0.035748792270531404,-0.0028985507246376274,-0.007729468599033784,0.006763285024154575
195,195,0.7874396135265701,0.717948717948718,0.7695652173913043,0.8859168241965975,-0.005314009661835706,0.0019323671497585293,0.0019323671497585293,-0.007729468599033784,0.007246376811594346,-0.0019323671497583073,-0.0038647342995168366,-0.018357487922705307,0.037681159420289934,-0.0033816425120771765,0.011111111111111183,-0.018357487922705307,0.009178743961352764,-0.007729468599033784,-0.03864734299516914,-0.01352657004830915,-0.020772946859903496,0.010144927536231974,0.01449275362318847,0.0033816425120772875,0.013526570048309261,-0.032367149758454006,-0.04879227053140078,-0.049275362318840554,-0.01690821256038655,0.0019323671497585293,0.006280193236715026,1.1102230246251565e-16
196,196,0.8019323671497585,0.7515151515151515,0.7891304347826087,0.8866729678638943,-0.02995169082125604,-0.008695652173913104,0.004347826086956497,0.007729468599033895,0.04734299516908225,0.008695652173913104,-0.018840579710144967,-0.0009661835748792091,0.0801932367149758,-0.006280193236715137,-0.01739130434782621,-0.011594202898550732,0.04541062801932372,-0.02608695652173909,-0.04396135265700474,-0.019323671497584405,-0.04299516908212553,-0.019806763285024176,0.006280193236715026,0.0019323671497584183,0.051690821256038744,-0.007729468599033895,-0.021739130434782594,-0.04202898550724632,-0.022222222222222143,0.0033816425120772875,-0.011594202898550732,-0.0028985507246377384
197,197,0.8357487922705314,0.8131868131868132,0.8326086956521739,0.8900756143667297,-0.05748792270531389,0.006280193236715026,0.0024154589371980784,-0.0028985507246376274,0.0835748792270532,0.0028985507246377384,-0.007246376811594124,-0.01642512077294689,0.07971014492753625,-0.0009661835748792091,0.009661835748792424,0.0024154589371981894,0.047826086956521796,0.0028985507246377384,-0.030434782608695587,-0.02946859903381638,-0.05507246376811592,0.020289855072463947,0.005797101449275477,0.03285024154589378,0.09806763285024167,-0.004347826086956386,-0.02705314009661841,-0.0014492753623186472,-0.02898550724637683,0.020289855072463725,0.011594202898550843,0.0038647342995169476
198,198,0.821256038647343,0.7757575757575758,0.808695652173913,0.8983931947069943,-0.01449275362318836,0.006763285024154464,0.006763285024154464,-0.0014492753623188692,0.020772946859903496,0.0038647342995169476,0.013043478260869379,0.017874396135265758,0.10434782608695647,0.013043478260869379,0.023188405797101463,-0.0024154589371980784,0.010144927536231862,-0.017391304347826098,-0.0019323671497585293,-0.034782608695652306,-0.014009661835748921,-0.02898550724637683,0.03236714975845412,0.019806763285024176,0.009661835748792202,-0.0004830917874396601,-0.022222222222222254,-0.02463768115942022,-0.01352657004830915,-0.022705314009661803,-0.012077294685990392,0.006763285024154464
199,199,0.8067632850241546,0.7530864197530864,0.7923913043478261,0.911531190926276,-0.005314009661835817,0.0009661835748792091,-0.00048309178743954906,-0.0033816425120773985,-0.007246376811594124,-0.007729468599033895,-0.0033816425120773985,0.0033816425120773985,0.01497584541062813,-0.0028985507246377384,-0.004830917874396157,-0.00048309178743954906,0.01594202898550734,-0.008695652173913104,-0.022222222222222143,-0.011111111111111072,-0.03526570048309163,-0.0009661835748792091,-0.020289855072463725,-0.0038647342995169476,0.01594202898550734,-0.033816425120772875,-0.03768115942028982,-0.04589371980676327,-0.004830917874396157,-0.012560386473430052,-0.0019323671497584183,-0.004347826086956497
200,200,0.8454106280193237,0.8117647058823529,0.8358695652173913,0.9012287334593574,-0.02512077294685988,-0.0038647342995169476,-0.012077294685990392,-0.009661835748792313,0.02657004830917875,-0.01690821256038655,0.0033816425120773985,0.005314009661835817,0.12753623188405794,-0.022222222222222143,-0.019323671497584627,-0.034782608695652195,0.0014492753623188692,-0.035265700483091855,-0.026570048309178862,-0.03913043478260869,0.0,-0.01400966183574881,-0.010628019323671634,0.014975845410627908,0.048309178743961345,-0.034782608695652195,-0.04154589371980677,-0.03816425120772937,-0.01739130434782621,0.0024154589371980784,-0.0014492753623187582,-0.009661835748792313
201,201,0.8115942028985508,0.7692307692307693,0.8010869565217391,0.8948015122873346,-0.034782608695652195,0.0028985507246377384,-0.010628019323671523,0.006763285024154575,0.04106280193236722,0.0004830917874396601,0.006763285024154575,-0.02415458937198056,0.03864734299516914,0.009178743961352653,0.022705314009661914,-0.019323671497584405,0.011594202898550732,0.007246376811594124,-0.04299516908212553,-0.03768115942028982,-0.03188405797101446,-0.01304347826086949,0.011594202898550732,0.009178743961352653,0.02995169082125615,-0.02512077294685988,-0.034299516908212424,-0.010144927536231862,-0.03816425120772937,0.0033816425120773985,-0.0019323671497584183,0.0009661835748792091
202,202,0.7922705314009661,0.7261146496815286,0.7749999999999999,0.8775992438563327,-0.018840579710144967,-0.005314009661835817,0.0014492753623188692,-0.0014492753623188692,0.0400966183574879,0.019323671497584516,-0.004830917874396157,-0.0033816425120772875,0.06135265700483106,0.009661835748792202,-0.0014492753623188692,0.007729468599033784,0.030917874396135248,0.0004830917874396601,-0.018840579710144967,-0.0024154589371980784,-0.01594202898550745,0.009661835748792202,0.023188405797101463,0.021256038647343045,0.04444444444444451,-0.006763285024154575,-0.012077294685990503,0.004347826086956497,-0.019806763285024287,0.01642512077294689,0.01400966183574881,0.015458937198067568
203,203,0.7874396135265701,0.7411764705882353,0.7771739130434783,0.8909262759924387,-0.08647342995169083,-0.006280193236714915,0.0014492753623189802,-0.01449275362318836,0.0835748792270532,-0.0019323671497583073,-0.02753623188405785,-0.014009661835748699,0.05990338164251219,-0.020772946859903496,0.01594202898550745,0.004830917874396157,0.020289855072463836,-0.032367149758454006,-0.03623188405797084,-0.05169082125603852,-0.02850241545893717,-0.034782608695652195,0.013043478260869601,-0.005314009661835706,0.0004830917874397711,-0.0038647342995168366,-0.04009661835748768,-0.019806763285024065,-0.021739130434782483,-0.0038647342995168366,0.014009661835748921,1.1102230246251565e-16
204,204,0.8260869565217391,0.7804878048780488,0.8130434782608695,0.9125708884688091,-0.009661835748792202,-1.1102230246251565e-16,-0.004347826086956608,1.1102230246251565e-16,0.010144927536231751,-0.01207729468599028,0.009178743961352653,0.007729468599033895,0.04009661835748801,-0.008212560386473333,-0.03140096618357491,-0.0004830917874396601,0.013043478260869601,-0.02898550724637683,-0.04106280193236722,-0.015942028985507117,-0.037198067632850274,0.0024154589371980784,0.008212560386473444,-0.03091787439613536,0.009178743961352653,-0.0028985507246376274,-0.02946859903381638,-0.025120772946859993,-0.005797101449275366,0.0028985507246377384,0.0028985507246376274,0.009178743961352653
205,205,0.8115942028985508,0.7577639751552795,0.7967391304347826,0.8721172022684309,-0.0009661835748792091,-0.0004830917874396601,0.009178743961352653,0.006763285024154575,0.02995169082125604,0.0004830917874396601,0.004347826086956608,-0.01207729468599028,0.019323671497584627,0.0004830917874396601,-0.010144927536231862,-0.01159420289855062,0.037198067632850274,-0.009178743961352653,-0.005797101449275255,-0.01497584541062802,-0.01207729468599028,0.012560386473430052,-0.0009661835748792091,0.0014492753623187582,0.11256038647343003,-0.008212560386473333,-0.01304347826086949,-0.010144927536231862,-0.015458937198067568,0.01400966183574881,-0.0038647342995169476,-0.0024154589371981894
206,206,0.748792270531401,0.6904761904761905,0.7369565217391305,0.8535916824196597,-0.061835748792270606,-0.004830917874396157,-0.006763285024154575,0.0004830917874396601,0.0845410628019323,-0.017391304347825987,0.0009661835748793202,-0.018357487922705307,0.062318840579710155,-0.02898550724637683,-0.010628019323671523,-0.006280193236714915,0.03816425120772937,0.0,-0.03140096618357491,-0.03623188405797095,-0.019323671497584516,0.0038647342995169476,0.007246376811594235,-0.018840579710144967,0.048792270531401005,-0.01594202898550723,-0.03864734299516903,-0.03574879227053129,-0.049758454106280214,0.0024154589371980784,-0.0014492753623187582,-0.010144927536231862
207,207,0.7971014492753623,0.7307692307692307,0.7793478260869565,0.8732514177693762,-0.0028985507246377384,-0.0004830917874396601,-0.005797101449275366,-0.01739130434782621,0.01545893719806768,0.007246376811594235,-0.01739130434782621,0.004830917874396157,0.050241545893719874,-0.01545893719806768,-0.0014492753623188692,0.0014492753623188692,-0.004830917874396157,-0.02898550724637672,-0.012560386473430052,-0.010144927536231862,-0.010144927536231862,-0.009178743961352764,0.004830917874396157,-0.017874396135265647,0.008212560386473444,-0.02801932367149751,-0.010628019323671523,-0.021739130434782594,-0.01449275362318847,0.0019323671497584183,0.020289855072463725,0.006280193236715026
208,208,0.8115942028985508,0.7547169811320755,0.7956521739130435,0.8984877126654065,-0.04492753623188395,-0.0019323671497584183,-0.0014492753623187582,0.007729468599033895,-0.0014492753623187582,-0.0024154589371979673,-0.01594202898550723,0.012560386473430052,0.05458937198067637,-0.007729468599033895,-0.02608695652173909,0.009178743961352653,0.013043478260869601,-0.017391304347825987,-0.035748792270531404,-0.062318840579710155,-0.016908212560386437,-0.013526570048309039,0.01545893719806768,-0.015942028985507006,0.038164251207729594,-0.009661835748792091,-0.033816425120772875,-0.03719806763285016,0.020289855072463836,-0.0028985507246375164,-0.0014492753623187582,0.009661835748792313
209,209,0.7729468599033816,0.7006369426751592,0.7554347826086956,0.8803402646502837,-0.04057971014492756,0.01352657004830915,0.010144927536231862,0.017391304347826098,0.01642512077294689,-0.0024154589371979673,-0.0028985507246376274,0.007729468599033784,0.0888888888888889,-0.0038647342995168366,-0.01256038647342994,-0.01256038647342994,0.004830917874396157,-0.01304347826086949,-0.009661835748792313,-0.017874396135265647,-0.022222222222222254,0.0,0.007246376811594124,-0.00048309178743954906,0.06521739130434778,-0.0033816425120772875,-0.03140096618357502,-0.024637681159420333,-0.012077294685990392,-0.0033816425120772875,0.011111111111111072,0.009178743961352653
210,210,0.8260869565217391,0.7804878048780488,0.8130434782608695,0.9089792060491493,-0.017391304347826098,-0.0038647342995168366,-0.0019323671497584183,-0.005797101449275366,-0.01111111111111096,0.012077294685990392,0.0014492753623188692,-0.010628019323671523,-0.0033816425120771765,0.0014492753623188692,0.004347826086956497,-0.010628019323671523,0.04299516908212564,-0.021256038647343045,-0.007729468599033784,-0.020289855072463836,0.017874396135265536,-0.0038647342995168366,-0.0009661835748792091,0.006280193236715026,0.04541062801932372,-0.007246376811594124,-0.014009661835748699,-0.01256038647342994,0.006280193236715026,0.006280193236715026,0.005797101449275477,0.02657004830917875
211,211,0.7971014492753623,0.75,0.7858695652173913,0.880718336483932,-0.05169082125603863,-0.010628019323671523,-0.008212560386473333,-0.0033816425120773985,0.035265700483091744,-0.02753623188405796,0.007246376811594235,-0.020289855072463836,0.11980676328502415,-0.0014492753623188692,-0.01304347826086949,-0.021739130434782594,0.035748792270531404,-0.0270531400966183,-0.0024154589371980784,-0.02753623188405796,-0.01400966183574881,-0.01207729468599028,-0.013526570048309261,-0.017874396135265647,0.03816425120772948,-0.030917874396135248,-0.020772946859903385,-0.07294685990338168,-0.005314009661835817,0.004347826086956497,-0.0033816425120773985,-0.01400966183574881
212,212,0.8260869565217391,0.7804878048780488,0.8130434782608695,0.8962192816635162,0.004347826086956497,0.007246376811594235,0.005797101449275477,0.0038647342995168366,0.05652173913043479,0.010144927536231862,0.01690821256038655,0.010144927536231751,0.06811594202898552,0.006280193236715026,0.02753623188405796,0.01159420289855062,0.03816425120772948,0.006280193236715026,0.008212560386473222,0.0028985507246376274,0.0033816425120772875,0.013043478260869601,0.022222222222222254,0.01449275362318836,0.07294685990338168,0.01690821256038655,0.008212560386473444,0.012077294685990392,-0.009661835748792202,0.0033816425120772875,0.01352657004830915,0.016425120772946777
213,213,0.7536231884057971,0.6871165644171779,0.7391304347826086,0.8577504725897921,-0.03864734299516903,0.0,0.0014492753623188692,0.012077294685990392,0.06570048309178744,0.0024154589371980784,-0.005797101449275366,0.0024154589371980784,0.014009661835748921,0.004830917874396157,-0.004830917874396157,-0.0014492753623187582,0.009661835748792313,-0.0014492753623187582,-0.008212560386473444,-0.023188405797101352,-0.01400966183574881,-0.0033816425120772875,-0.0038647342995168366,-0.006763285024154575,0.07681159420289851,-0.0019323671497584183,-0.0019323671497584183,-0.017391304347826098,-0.03188405797101446,-0.005797101449275366,0.0028985507246377384,-0.007729468599033673
214,214,0.7777777777777778,0.7261904761904762,0.7663043478260869,0.8670132325141776,0.018840579710144967,-0.005314009661835706,-0.0033816425120771765,-0.006763285024154575,0.0400966183574879,-0.00048309178743954906,-0.016908212560386437,-0.00048309178743954906,0.09516908212560382,0.0,-0.006280193236715026,-0.011111111111111072,0.13188405797101443,-0.009661835748792202,-0.018357487922705307,-0.011111111111111072,-0.034782608695652195,-0.018357487922705307,-0.0038647342995168366,0.009661835748792313,0.050724637681159535,0.0024154589371980784,-0.019323671497584516,-0.034782608695652195,-0.05700483091787434,0.0019323671497585293,-0.0009661835748792091,-0.0024154589371980784
215,215,0.8067632850241546,0.75,0.7913043478260869,0.9108695652173913,0.012560386473430052,-0.0009661835748792091,0.0024154589371979673,0.011594202898550732,-0.008695652173913104,0.012560386473430052,-0.0038647342995169476,-0.010628019323671523,-0.0019323671497584183,0.006280193236714915,0.00048309178743954906,-0.0028985507246377384,0.024637681159420333,0.009661835748792313,-0.016908212560386437,-0.015458937198067568,-0.010144927536231862,-0.0014492753623189802,0.0009661835748792091,-0.0028985507246377384,0.07198067632850258,-0.018357487922705418,-0.02415458937198056,-0.0270531400966183,-0.0024154589371979673,0.0038647342995169476,-0.0009661835748792091,0.004830917874396157
216,216,0.8502415458937198,0.8165680473372781,0.8402173913043478,0.9084120982986768,-0.008212560386473444,0.0033816425120773985,0.008212560386473555,-0.0014492753623187582,0.021256038647343045,0.0004830917874396601,0.0009661835748792091,0.005797101449275366,0.04009661835748779,0.0004830917874396601,0.006280193236715026,-0.0019323671497585293,0.01352657004830915,-0.010144927536231862,-0.007729468599033895,-0.013526570048309261,0.0024154589371980784,0.008212560386473555,0.009661835748792313,0.01787439613526587,0.02801932367149762,0.01497584541062813,-0.0014492753623187582,-0.008695652173913104,0.025120772946859993,0.011111111111111183,0.019323671497584627,0.021739130434782594
217,217,0.821256038647343,0.8,0.8195652173913044,0.8821361058601135,-0.011594202898550732,-1.1102230246251565e-16,1.1102230246251565e-16,-0.004830917874396046,0.2256038647342995,-0.006280193236715026,-0.009178743961352764,0.01159420289855062,0.1985507246376812,0.015458937198067568,0.014975845410627908,0.0033816425120772875,0.02657004830917875,-0.020289855072463836,-0.02560386473429943,-0.02801932367149762,-0.02657004830917875,-0.0024154589371980784,0.010628019323671412,0.009661835748792202,0.08502415458937207,-0.0033816425120772875,-0.024154589371980673,-0.023188405797101463,-0.06570048309178744,0.0024154589371980784,-0.008695652173912993,-0.0019323671497584183
218,218,0.8309178743961353,0.7928994082840237,0.8206521739130435,0.9012287334593573,-0.033333333333333326,0.004830917874396268,-0.0024154589371980784,-0.009661835748792202,0.020772946859903274,-0.00048309178743943804,1.1102230246251565e-16,0.023188405797101463,0.0608695652173914,0.01352657004830915,-0.0038647342995168366,-0.010144927536231751,0.034299516908212646,-0.007246376811594124,0.0038647342995169476,-0.05024154589371976,-0.017391304347826098,-0.019323671497584516,0.005314009661835706,0.005314009661835928,0.0661835748792271,-0.023188405797101463,-0.04541062801932361,0.0004830917874397711,-0.05893719806763287,0.0038647342995169476,0.009661835748792424,-0.0028985507246376274
219,219,0.8309178743961353,0.7904191616766467,0.8195652173913044,0.9044423440453686,-0.017874396135265647,0.007729468599033784,0.0033816425120772875,0.007246376811594235,0.07149758454106281,-0.011594202898550732,-0.01545893719806768,-0.01352657004830915,0.037198067632850274,-0.010628019323671523,0.016908212560386326,0.005314009661835928,0.050724637681159535,-0.03091787439613536,-0.03140096618357491,-0.023671497584541012,-0.010628019323671523,0.0014492753623189802,0.02512077294685988,0.022222222222222254,0.08405797101449286,-0.01352657004830915,0.008695652173913104,-0.022222222222222254,0.0014492753623188692,-0.005797101449275366,0.02608695652173909,0.005797101449275477
220,220,0.7777777777777778,0.7261904761904762,0.7663043478260869,0.8832703213610587,-0.04541062801932361,0.005797101449275366,0.017391304347826098,-0.016908212560386437,0.07729468599033817,0.007246376811594235,0.0024154589371980784,-0.016425120772946777,0.08260869565217388,-0.00048309178743954906,-0.0038647342995169476,-0.018840579710144856,0.048309178743961456,-0.020289855072463725,-0.021739130434782594,-0.0028985507246376274,-0.04347826086956508,0.018357487922705307,0.009661835748792313,0.01256038647342994,0.07729468599033829,-0.02512077294685988,0.01449275362318836,-0.03864734299516914,-0.048309178743961234,0.0024154589371980784,0.02946859903381649,0.0024154589371980784
221,221,0.821256038647343,0.7978142076502732,0.8184782608695652,0.8896030245746692,-0.06521739130434778,-0.01545893719806768,-0.01449275362318836,-0.016908212560386437,0.08743961352657015,0.0014492753623188692,0.007729468599033784,-0.0033816425120772875,0.13043478260869568,-0.010628019323671523,-0.006763285024154575,0.004830917874396046,0.035748792270531404,-0.023671497584541012,-0.010628019323671523,-0.023188405797101463,-0.02946859903381638,0.010144927536231862,0.01400966183574881,0.0014492753623188692,0.08164251207729478,-0.016908212560386437,-0.004347826086956608,-0.030434782608695587,0.02657004830917875,0.004830917874396046,0.024637681159420333,-0.0014492753623188692
222,222,0.8019323671497585,0.7421383647798742,0.7858695652173913,0.8869565217391303,-0.005314009661835706,0.004830917874396157,-0.0004830917874396601,-0.0038647342995169476,0.022705314009661914,0.009178743961352653,0.013043478260869601,-0.0033816425120771765,0.09082125603864744,0.005314009661835817,-0.01207729468599028,0.011594202898550732,0.015458937198067568,-0.0004830917874396601,-0.010144927536231862,-0.009178743961352653,0.0,0.0033816425120772875,-0.0004830917874396601,-0.0009661835748792091,0.034299516908212535,-0.005797101449275366,-0.012560386473430052,-0.010628019323671523,-0.016425120772946777,0.006280193236715026,0.011111111111111183,-0.0004830917874396601
223,223,0.8260869565217391,0.7804878048780488,0.8130434782608695,0.9038752362948961,-0.005797101449275366,-0.008212560386473333,-0.009178743961352542,-0.005797101449275366,0.004830917874396268,-0.014975845410627908,0.010144927536231862,-0.02898550724637683,0.017874396135265536,-0.01207729468599028,-0.010144927536231751,-0.004830917874396046,0.016425120772946777,-0.022222222222222254,0.01497584541062802,-0.036714975845410724,-0.019323671497584516,-0.010144927536231751,-0.0024154589371980784,0.004830917874396268,0.02753623188405796,-0.03091787439613536,-0.006763285024154575,-0.036231884057971064,0.008695652173913104,-0.005314009661835595,0.005314009661835706,-0.004830917874396046
224,224,0.7584541062801933,0.691358024691358,0.7434782608695653,0.8726843100189036,-0.0531400966183575,0.0004830917874396601,0.004830917874396157,-0.021256038647342823,0.0014492753623188692,0.005797101449275477,0.0019323671497585293,-0.007246376811594235,0.02753623188405807,-0.016908212560386437,-0.04057971014492745,-0.011111111111111072,-0.00048309178743954906,-0.004830917874396157,-0.02608695652173898,-0.04396135265700485,-0.05217391304347829,-0.017391304347825987,-0.023671497584541012,-0.007729468599033673,0.04589371980676338,-0.022705314009661692,-0.018357487922705307,-0.018357487922705196,-0.057487922705314,0.0,-0.004347826086956497,-0.009661835748792202
225,225,0.7681159420289855,0.7037037037037037,0.7532608695652174,0.8689035916824197,-0.049758454106280214,-0.005314009661835706,0.0028985507246376274,0.006280193236714915,0.02801932367149762,0.020772946859903385,-0.0038647342995169476,-0.0019323671497585293,0.22270531400966187,0.004830917874396046,-0.005797101449275477,-0.018357487922705307,0.020772946859903385,-0.017391304347826098,-0.021256038647342934,-0.035265700483091744,0.0028985507246377384,-0.01497584541062802,-0.019323671497584516,-1.1102230246251565e-16,0.07874396135265693,-0.011594202898550732,-0.013526570048309261,-0.018840579710144967,-0.03913043478260869,-0.008212560386473444,-0.008212560386473444,0.0014492753623188692
226,226,0.7632850241545893,0.7167630057803468,0.7543478260869565,0.8634215500945179,-0.05169082125603863,0.00048309178743954906,-0.00048309178743954906,0.005797101449275366,0.0908212560386471,-0.025603864734299542,0.004830917874396046,-0.023671497584541012,0.2309178743961352,0.007246376811594124,-0.019323671497584516,-0.024154589371980673,0.07004830917874394,-0.020289855072463725,-0.023188405797101463,-0.0014492753623188692,-0.011111111111111183,-0.008212560386473555,-0.0019323671497585293,0.00048309178743954906,0.062318840579710044,0.0014492753623187582,-0.04251207729468609,-0.03140096618357491,-0.03961352657004835,0.006763285024154575,-0.007729468599033784,0.01256038647342994
227,227,0.7536231884057971,0.6871165644171779,0.7391304347826086,0.8692816635160681,-0.008212560386473444,-0.008212560386473444,-0.0028985507246376274,0.0038647342995169476,0.035265700483091744,-0.023671497584541012,0.0038647342995169476,-0.0400966183574879,0.07294685990338157,-0.006763285024154575,0.006280193236715026,-0.02560386473429943,0.02753623188405807,-0.02657004830917864,-0.04057971014492745,-0.05990338164251208,-0.05362318840579705,-0.005314009661835706,-0.007729468599033784,0.017874396135265758,0.035748792270531404,-0.011594202898550732,-0.03623188405797095,-0.04347826086956519,-0.06473429951690823,-0.01400966183574881,-0.006763285024154575,0.0009661835748793202
228,228,0.714975845410628,0.6380368098159509,0.7,0.8263705103969755,-0.04057971014492756,-0.007246376811594124,-0.0024154589371981894,0.004830917874396046,0.08309178743961354,0.0009661835748792091,-0.0038647342995169476,-0.007246376811594235,0.18888888888888888,-0.0004830917874396601,-0.005314009661835817,0.007729468599033784,0.05072463768115931,-0.005797101449275366,-0.017391304347825987,0.0,-0.04202898550724643,0.0028985507246376274,-0.0009661835748792091,0.0019323671497585293,0.04251207729468587,0.0033816425120772875,0.014009661835748699,-0.01304347826086949,-0.061835748792270606,0.0014492753623187582,0.005797101449275366,-0.008695652173913104
229,229,0.8599033816425121,0.8304093567251462,0.8510869565217392,0.9085066162570888,-0.006280193236714915,0.0028985507246376274,0.01256038647342994,0.005314009661835817,0.05169082125603852,0.026570048309178862,0.025120772946859993,0.019806763285024287,0.023188405797101463,0.04057971014492745,0.008212560386473555,-0.02946859903381638,0.0444444444444444,-0.022705314009661692,-0.019323671497584516,0.010628019323671523,0.0033816425120773985,0.020772946859903496,0.01449275362318847,0.03961352657004846,0.07487922705314021,-0.01400966183574881,-0.01159420289855062,0.014009661835748921,-0.0033816425120772875,0.01690821256038655,0.012077294685990392,0.004347826086956608
230,230,0.8164251207729468,0.7625,0.8010869565217391,0.8983931947069943,-0.004347826086956608,-0.0004830917874396601,0.0033816425120772875,0.0009661835748790981,0.008212560386473222,0.0019323671497583073,0.006763285024154464,0.005314009661835706,0.015942028985507117,0.009178743961352653,1.1102230246251565e-16,-0.0019323671497584183,0.03671497584541061,0.01352657004830915,-0.005314009661835817,-0.0014492753623188692,0.005314009661835706,0.010144927536231862,0.0028985507246376274,0.008695652173912993,0.04251207729468598,0.006763285024154464,-0.0004830917874396601,-0.0028985507246376274,0.005797101449275255,0.008695652173912993,0.019806763285024176,0.022222222222222254
231,231,0.8067632850241546,0.7530864197530864,0.7923913043478261,0.9050094517958412,-0.01159420289855062,-0.008212560386473333,-0.00048309178743954906,-0.011111111111111072,0.0019323671497584183,-0.005314009661835817,-0.017874396135265647,-0.03188405797101446,-0.0024154589371979673,-0.024637681159420333,0.008695652173913104,-0.02608695652173909,0.006763285024154575,-0.02415458937198056,-0.050241545893719874,-0.03623188405797095,-0.008695652173913104,-0.007729468599033895,-0.0014492753623189802,0.0019323671497584183,0.013043478260869601,-0.020289855072463725,-0.02753623188405785,-0.02608695652173909,0.010628019323671523,-0.0014492753623189802,0.0004830917874396601,-0.006280193236714915
232,232,0.7971014492753623,0.7341772151898734,0.7804347826086957,0.8780718336483931,-0.008695652173913104,0.0033816425120772875,0.006763285024154575,-0.005797101449275366,0.07536231884057965,-0.0004830917874396601,0.0,0.005797101449275366,0.023671497584541124,-0.005797101449275366,0.01642512077294689,-0.01207729468599028,0.007246376811594124,0.01497584541062802,-0.022705314009661803,-0.005797101449275366,-0.023188405797101352,0.004830917874396157,0.0024154589371980784,-0.004347826086956497,0.035748792270531404,-0.01690821256038666,-0.035748792270531404,-0.01545893719806768,0.04299516908212564,0.0,0.019323671497584405,0.01256038647342994
233,233,0.7729468599033816,0.7116564417177914,0.758695652173913,0.8439508506616258,0.021256038647343045,-0.006280193236715026,-0.0028985507246376274,-0.005797101449275366,0.0942028985507245,-0.0009661835748792091,0.0004830917874396601,-0.035748792270531404,0.06666666666666665,-0.0024154589371980784,-0.005314009661835706,-0.007246376811594235,0.024637681159420333,-0.02512077294685988,-0.01497584541062802,-0.05024154589371976,-0.05410628019323671,0.004830917874396046,-0.0009661835748792091,-0.009661835748792202,0.0748792270531401,-0.05314009661835739,-0.01497584541062802,-0.032367149758454006,-0.02995169082125604,0.009661835748792202,0.008695652173912993,-0.01207729468599028
234,234,0.8260869565217391,0.7831325301204819,0.8141304347826087,0.8756143667296786,-0.007729468599033784,0.008695652173912993,0.009178743961352653,0.004830917874396268,0.05893719806763287,0.004347826086956497,0.007729468599033784,0.007246376811594235,0.023188405797101463,0.006763285024154464,0.00048309178743954906,0.008695652173912993,0.04106280193236711,0.006280193236715026,-0.026086956521739202,-0.010628019323671523,0.02705314009661841,0.010144927536231862,0.0014492753623188692,0.01256038647342994,0.048309178743961345,-0.018357487922705307,-0.01545893719806768,-0.021256038647343045,0.007246376811594235,0.009661835748792202,0.022222222222222254,0.011111111111111183
235,235,0.8067632850241546,0.7674418604651163,0.7978260869565217,0.8937618147448013,-0.01400966183574881,0.0024154589371979673,0.010144927536231974,0.011111111111111183,0.10144927536231896,0.0038647342995169476,0.006763285024154575,-0.010628019323671523,0.10869565217391308,-0.005797101449275366,0.007246376811594235,0.02850241545893728,0.048309178743961345,-0.0014492753623189802,0.01400966183574881,-0.050724637681159424,-0.02608695652173909,0.025120772946859993,0.03913043478260869,0.020772946859903496,0.04154589371980677,-0.023188405797101352,-0.009178743961352764,-0.01594202898550723,-0.02415458937198056,0.01449275362318847,0.02753623188405796,0.008695652173913104
236,236,0.7246376811594203,0.6705202312138728,0.7152173913043478,0.8555765595463137,-0.08164251207729478,0.0014492753623188692,0.0009661835748793202,-0.017391304347825987,0.09855072463768122,-0.005797101449275366,-0.0033816425120771765,-0.009178743961352542,0.14299516908212573,-0.0028985507246375164,0.0028985507246377384,-0.004347826086956386,0.07777777777777772,-0.0009661835748792091,-0.010628019323671412,-0.022705314009661803,-0.02898550724637683,-0.0014492753623187582,-0.008212560386473333,-0.030434782608695587,0.13623188405797104,-0.02463768115942022,-0.05893719806763276,-0.024154589371980673,-0.022705314009661803,-0.004347826086956386,-0.009661835748792202,-0.0033816425120772875
237,237,0.7874396135265701,0.7555555555555555,0.7826086956521738,0.8804347826086957,-0.016425120772946777,-0.0014492753623187582,0.013526570048309261,0.011111111111111183,0.14347826086956528,0.0028985507246378495,0.0014492753623189802,-0.024637681159420333,0.14927536231884053,0.0014492753623189802,-0.011111111111111072,-0.0028985507246376274,0.09855072463768122,-0.006763285024154464,-0.02946859903381638,-0.018357487922705307,-0.062318840579710044,0.007246376811594235,0.020289855072463836,0.017391304347826098,0.13285024154589375,0.005797101449275366,-0.004830917874396046,0.005797101449275366,-0.08550724637681162,0.006763285024154686,0.01497584541062802,0.0038647342995169476
238,238,0.8164251207729468,0.7654320987654321,0.8021739130434782,0.8813799621928166,-0.007246376811594235,0.009178743961352653,-0.0019323671497584183,0.0033816425120772875,0.08115942028985512,0.007729468599033784,-0.0004830917874396601,0.008695652173912993,0.045893719806763156,0.01352657004830915,0.01352657004830915,-0.020289855072463836,0.0661835748792271,-0.014975845410627908,-0.03236714975845412,-0.021256038647343045,-0.008212560386473444,0.015458937198067568,0.013043478260869601,0.023188405797101463,0.11835748792270528,-0.02898550724637683,-0.04057971014492767,0.01256038647342994,-0.036231884057971064,0.007246376811594235,0.013043478260869601,0.010628019323671412
239,239,0.8019323671497585,0.7421383647798742,0.7858695652173913,0.9026465028355388,-0.016908212560386437,0.0,0.0024154589371980784,-0.0004830917874396601,0.010144927536231974,0.0019323671497584183,0.0033816425120772875,-0.01207729468599028,0.02801932367149762,0.013526570048309261,-0.006763285024154575,0.009661835748792313,0.018840579710144967,0.009661835748792313,-0.05217391304347829,-0.02946859903381649,-0.02415458937198056,-0.0009661835748792091,-0.01400966183574881,0.0033816425120772875,0.02608695652173909,-0.010144927536231974,-0.017874396135265647,-0.06280193236714982,-0.018357487922705196,-0.0014492753623187582,0.011594202898550732,0.0019323671497584183
240,240,0.8309178743961353,0.7878787878787878,0.8184782608695652,0.8710775047258978,0.018840579710144967,-0.0019323671497584183,0.0033816425120772875,-0.006763285024154575,0.017391304347826098,-0.0024154589371979673,-0.007729468599033784,0.021739130434782705,0.12173913043478268,0.0014492753623188692,0.01449275362318836,0.034782608695652195,0.0531400966183575,-0.014975845410627908,-0.010144927536231751,-0.006280193236714804,-0.018840579710144856,-0.005797101449275366,-0.0024154589371980784,0.008212560386473444,0.05555555555555558,-0.01207729468599028,-0.035748792270531515,0.005314009661835706,-0.015942028985507117,0.009178743961352653,0.010144927536231862,0.018357487922705307
241,241,0.7971014492753623,0.7341772151898734,0.7804347826086957,0.9086011342155009,-0.0009661835748792091,-0.0038647342995169476,-0.006763285024154575,0.0019323671497584183,0.0028985507246377384,-0.01400966183574881,0.01545893719806768,-0.01545893719806768,0.0033816425120772875,-0.0033816425120773985,-0.008212560386473333,0.007729468599033895,0.007246376811594235,-0.01449275362318847,-0.021739130434782594,-0.013043478260869712,0.011111111111111072,-0.0009661835748792091,-0.008212560386473333,-0.0028985507246377384,0.0009661835748792091,-0.03140096618357491,-0.02946859903381649,-0.013526570048309261,0.0024154589371980784,-0.0004830917874396601,0.011111111111111072,0.0028985507246377384
242,242,0.782608695652174,0.7239263803680982,0.7684782608695653,0.8724952741020794,-0.0038647342995169476,-0.006280193236714915,0.005797101449275366,-0.004347826086956386,0.07971014492753625,0.005797101449275477,0.0004830917874396601,0.0004830917874396601,0.05893719806763298,-0.004830917874396046,-0.01207729468599028,-0.010628019323671412,0.06763285024154597,-0.011111111111111072,-0.02995169082125604,-0.0038647342995168366,-0.03188405797101457,-0.0019323671497583073,-0.009178743961352542,-0.0014492753623188692,0.06376811594202914,0.0014492753623189802,-0.004830917874396046,-0.014009661835748699,-0.04396135265700485,0.0019323671497585293,0.0033816425120772875,0.0009661835748792091
243,243,0.7681159420289855,0.7176470588235294,0.7576086956521739,0.8589792060491493,-0.034782608695652195,-0.004347826086956497,0.007729468599033784,-0.00048309178743954906,0.07971014492753614,0.008212560386473444,0.004830917874396157,0.009661835748792202,0.1202898550724637,0.004347826086956608,0.004347826086956497,-0.020289855072463725,0.08357487922705309,-0.009661835748792313,-0.013526570048309261,-0.037681159420289934,-0.05797101449275355,0.004830917874396046,0.005314009661835706,0.0019323671497584183,0.060869565217391175,-0.006280193236715026,-0.0028985507246377384,-0.01304347826086949,0.0009661835748792091,0.011594202898550732,0.0004830917874396601,0.01400966183574881
244,244,0.782608695652174,0.7457627118644068,0.7760869565217391,0.876937618147448,-0.022705314009661692,-0.0019323671497583073,0.0014492753623188692,-0.03285024154589378,0.073913043478261,-0.01159420289855062,-0.022705314009661692,-0.007729468599033784,0.1193236714975845,-0.01449275362318836,-0.014009661835748699,-0.01256038647342994,0.036714975845410724,-0.010628019323671412,-0.019323671497584516,-0.0400966183574879,-0.05507246376811592,-0.009661835748792202,0.01400966183574881,-0.008695652173912993,0.05410628019323693,-0.02850241545893717,-0.02463768115942022,-0.017391304347826098,-0.06376811594202902,0.004347826086956608,0.004830917874396157,0.009661835748792313
245,245,0.748792270531401,0.6867469879518072,0.7358695652173912,0.8626654064272212,-0.034782608695652084,-0.0028985507246376274,-0.005314009661835706,0.0028985507246377384,0.09130434782608687,-0.0019323671497584183,0.0014492753623188692,0.009661835748792313,0.16666666666666674,-0.004830917874396157,-0.03140096618357491,-0.0314009661835748,0.0628019323671497,-0.02657004830917875,-0.010144927536231862,-0.02608695652173909,-0.07874396135265704,-0.008695652173912993,0.004347826086956608,-0.010628019323671523,0.09855072463768111,-0.018357487922705307,-0.019806763285024065,-0.01352657004830915,-0.05797101449275366,-0.0019323671497584183,0.010628019323671634,-0.022705314009661803
246,246,0.8405797101449275,0.8047337278106509,0.8304347826086956,0.9057655954631381,0.014975845410627908,0.006280193236715026,-0.0033816425120772875,0.005314009661835817,0.007246376811594235,-0.006280193236714915,0.033333333333333326,-0.009178743961352653,0.050724637681159424,0.0,-0.024637681159420333,-0.005314009661835706,0.0019323671497584183,-0.006763285024154686,-0.01497584541062802,-0.010628019323671634,-0.004830917874396157,-0.01739130434782621,0.0024154589371980784,0.016908212560386437,0.07777777777777772,-0.016425120772947,-0.020772946859903385,-0.03816425120772937,-0.022222222222222365,0.004347826086956608,-0.0019323671497585293,0.01642512077294689
247,247,0.7294685990338164,0.6744186046511628,0.7195652173913043,0.8708884688090737,-0.07971014492753614,0.004347826086956608,1.1102230246251565e-16,-0.018357487922705196,0.08212560386473433,-0.035748792270531404,0.004347826086956719,-0.02995169082125604,0.12995169082125602,-0.0033816425120772875,0.008212560386473444,0.009178743961352764,0.02898550724637672,-0.04347826086956519,-0.04589371980676327,-0.06618357487922699,-0.08599033816425128,-0.010628019323671412,0.017391304347826098,0.005797101449275366,0.0038647342995169476,0.0033816425120773985,-0.05217391304347818,-0.01207729468599028,-0.06328502415458936,0.006763285024154686,0.0028985507246377384,-0.01256038647342983
248,248,0.821256038647343,0.7730061349693251,0.807608695652174,0.889508506616257,-0.025120772946859993,0.007246376811594013,0.0038647342995168366,-0.0009661835748792091,0.007246376811594013,0.009661835748792202,0.023671497584541012,0.020289855072463725,0.05314009661835739,0.014975845410627908,0.016908212560386326,0.012077294685990392,0.05458937198067626,-0.005797101449275366,-0.022222222222222254,0.009178743961352542,0.01256038647342994,0.0014492753623188692,-0.0024154589371980784,0.01159420289855062,0.04347826086956519,0.016425120772946777,-0.025120772946859993,0.0009661835748790981,-0.022705314009661803,0.022222222222222254,0.018840579710144856,0.008695652173912993
249,249,0.7777777777777778,0.7051282051282052,0.7597826086956522,0.8876181474480151,0.0,0.0004830917874396601,0.0004830917874396601,-0.004347826086956386,0.0014492753623188692,0.0033816425120772875,-0.0019323671497584183,-0.015458937198067568,0.05797101449275366,-0.01497584541062802,0.008695652173913104,0.009661835748792313,0.008695652173913104,-0.01256038647342994,0.006280193236715026,-0.04396135265700485,-0.007729468599033784,-0.005797101449275366,-0.0024154589371980784,0.011111111111111183,0.025603864734299542,0.0038647342995169476,-0.04057971014492756,-0.02898550724637683,-0.01256038647342994,-0.0014492753623188692,-0.004830917874396157,0.009178743961352764
