,random_seed,accuracy,f1_weighted,balanced_acc,auc,model_weights.random_forest,model_weights.bagging_svc,model_weights.bagging_knn,model_weights.gradient_boosting,model_weights.mlp,feature_importance.B_top_CO2_fd3_scaled,feature_importance.B_CO2_vd_scaled,feature_importance.B_low_CO2_fd3_scaled,feature_importance.B_top_CO2_fd1_scaled,feature_importance.B_low_CO2_scaled,feature_importance.B_top_CO2_fd2_scaled,feature_importance.B_low_CO2_fd1_scaled,feature_importance.B_top_CO2_scaled,feature_importance.B_low_CO2_fd2_scaled,feature_importance.B_CO2_vd_fd3_scaled,feature_importance.B_CO2_vd_fd2_scaled,feature_importance.B_CO2_vd_fd1_scaled
0,0,0.9203539823008849,0.9200512678014081,0.9079565109957993,0.9640847943638986,2.7056094920650957,0.01303639381043576,-0.4887901051968425,2.9117887481110527,1.3989188870890685,0.0986323411102172,0.0658889782783588,0.056798069187449694,0.03620273531777951,0.03065164923571999,0.029766693483507613,0.01721641190667742,0.014641995172968648,0.014159292035398252,0.004987932421560748,0.0031375703942075673,0.0018503620273531806
1,1,0.917940466613033,0.9172876996251385,0.9014784984898605,0.9682496763986768,3.014808454944661,0.11201438794542182,-0.9059213686096454,2.2887085896034622,2.0697427462443723,0.07932421560740147,0.07007240547063556,0.06210780370072404,0.029364440868865603,0.009251810136765903,0.04376508447304903,0.012791633145615466,0.011826226870474677,0.022123893805309734,0.001045856798069189,0.0004022526146419958,-0.0006436041834271932
2,2,0.912308930008045,0.9117301888427403,0.8955821371610846,0.9627519211251269,3.3911620092486974,0.33066704376503997,-0.5826914976215135,2.873426672746138,0.5238148996721909,0.09533386967015281,0.0660498793242156,0.03153660498793236,0.030651649235719967,0.03153660498793236,0.03443282381335473,0.004183427192276756,0.018181818181818167,0.014641995172968636,-0.0011263073209975883,0.0001609010458567983,-0.000482703137570395
3,3,0.914722445695897,0.9145901644455953,0.9054405974432411,0.9681450223419822,2.6821540695220225,-0.1141857167316291,-0.9244125789029128,2.8348795596457226,1.979650990209465,0.1227674979887369,0.06532582461786,0.06814159292035397,0.04135156878519706,0.01979082864038617,0.051327433628318556,0.011343523732904282,0.021319388576025722,0.02485921158487525,-0.002091713596138378,-0.0022526146419951766,-0.0014481094127111848
4,4,0.919549477071601,0.9193368573546361,0.9056215290086258,0.9665809996455158,3.060136593125512,-0.6556265687252109,-0.9017924554631365,2.964421265991197,2.2339810005272787,0.1123893805309734,0.06468222043443281,0.045374094931617016,0.031456154465003994,0.013837489943684656,0.0655671761866452,0.00667739340305713,0.006596942880128731,0.01335478680611426,0.0008849557522123908,0.0001609010458567983,-0.0006436041834271932
5,5,0.9404666130329847,0.9404666130329847,0.9315328914851932,0.9750343891241046,2.697790137895187,-0.17715181444342423,-0.9744851787361546,2.993201990265872,1.899936178970301,0.11906677393403058,0.07304907481898633,0.06878519710378117,0.04167337087691074,0.016894609814963824,0.04835076427996783,0.018744971842317004,0.020675784392598585,0.02204344328238137,0.0027353177795655715,0.0016090104585679832,0.0004022526146419958
6,6,0.9227674979887369,0.9225167816803935,0.9091717315401526,0.9728612910431093,2.9280594966929967,-0.20927308254805504,-0.33903603821443234,2.798028293935329,1.4043176644940427,0.10297666934835077,0.06910699919549476,0.04360418342719223,0.027111826226870493,0.009332260659694303,0.04247787610619465,0.005872888173773139,0.015526950925181037,0.016653258246178627,-0.0022526146419951766,-0.0011263073209975883,-0.002011263073209979
7,7,0.9300080450522928,0.9300784254549294,0.9203024241700501,0.971862311917841,2.150578829179951,0.03595063289294959,-0.5837545500392266,2.821567759111905,2.0849222712399293,0.10353982300884956,0.07506033789219631,0.05301689460981494,0.05253419147224454,0.023572003218020953,0.055671761866452105,0.01544650040225264,0.014722445695897046,0.03435237329042641,0.0002413515687851975,0.00482703137570395,0.0005631536604987942
8,8,0.9235720032180209,0.9234219947760127,0.9068118029624868,0.9736516728900318,2.353504806566193,0.33784978991960407,-0.7209771114169924,2.6656233908493276,1.8269936905001503,0.0934835076427997,0.06822204344328238,0.06419951729686242,0.04006436041834267,0.015124698310539041,0.06411906677393402,0.009010458567980707,0.010860820595333887,0.024296057924376547,-0.0001609010458567983,-0.0015285599356395841,-0.0005631536604987942
9,9,0.916331456154465,0.9160599259952183,0.9052185257664709,0.9693922119175246,2.0225745473148273,0.002673515798674749,-0.8715579933713912,2.778545560183904,2.529077708887605,0.09774738535800478,0.0757039420756235,0.06331456154465002,0.04577634754625901,0.006838294448913929,0.06991150442477875,0.01617055510860823,0.01544650040225264,0.02534191472244567,0.0011263073209975883,-0.0016090104585679832,-0.0011263073209975883
10,10,0.9283990345937249,0.9283358487116437,0.9191141584215703,0.975377538621767,2.753297192015633,-0.4526118387648297,-0.6762820908478406,3.0676617526962406,1.87386025625482,0.1031375703942076,0.07449718423169752,0.04054706355591309,0.029042638777152085,0.013515687851971058,0.04102976669348348,0.009251810136765903,0.01818181818181821,0.018744971842317004,0.00386162510056316,0.004022526146419958,0.0016090104585679832
11,11,0.917940466613033,0.9169696989043595,0.8961269882322513,0.969989889846349,2.6443839454862332,-0.35957715292653086,-1.060980359556904,2.9337999363557006,2.411174769936003,0.10844730490748185,0.06363636363636363,0.049074818986323376,0.03547868061142392,0.013757039420756257,0.04497184231697502,0.006436041834271933,0.017538213998391016,0.025422365245374078,-0.0032180209171359664,-0.0006436041834271932,-0.0015285599356395841
12,12,0.913917940466613,0.9136308314912578,0.9004680584841394,0.9695008920916655,2.318741301327801,-0.5824530510148548,-0.6918093403877803,2.8670326490223563,2.7631023515266135,0.08648431214802896,0.06500402252614641,0.056154465004022505,0.033789219629927536,0.010941271118262286,0.04617860016090101,0.008769106999195508,0.014481094127111849,0.01971037811745775,-0.002574416733708773,-0.002091713596138378,-0.000482703137570395
13,13,0.917135961383749,0.9172600792481859,0.9081478456197671,0.9706088275620642,3.525302268613978,0.03399327468115206,-0.7746774520833851,2.600395777677541,1.1622082900131037,0.09364440868865648,0.057602574416733686,0.04054706355591307,0.03234111021721636,0.009090909090909104,0.03958165728077227,0.006838294448913929,0.01238938053097347,0.00764279967819792,-0.0028157683024939706,0.0,-0.0003218020917135966
14,14,0.9227674979887369,0.9228161865245322,0.9128470199104237,0.9732006756478392,2.564718703518735,0.024434465698918682,-0.626651611926061,2.946363504100811,1.5852875095547614,0.09847144006436041,0.06452131938857601,0.04304102976669344,0.041432019308125456,0.011665325824617878,0.03877715205148828,0.0094931617055511,0.019790828640386192,0.024296057924376547,0.0,0.002172164119066777,0.002091713596138378
15,15,0.911504424778761,0.9109771917588174,0.8909725455106076,0.965477838707142,3.247215800971663,0.20864169580193245,-0.35550768043291747,2.324028870895289,1.0914529079219593,0.08318584070796461,0.06315366049879323,0.03499597747385352,0.019227674979887345,0.013757039420756257,0.027031375703942005,0.004666130329847151,0.006436041834271933,0.009412711182622702,-0.00193081255028158,-0.0030571198712791682,-0.0028962188254223697
16,16,0.913113435237329,0.913355942194875,0.9060113374626944,0.9621834429172608,2.5981875701569477,-0.27560162388680703,-0.8629582814302427,2.424185742646636,2.762377123377927,0.09670152855993558,0.06500402252614641,0.06444086886564762,0.046500402252614606,0.014641995172968648,0.07208366854384554,0.013193885760257462,0.009412711182622702,0.030329847144006373,0.00386162510056316,-0.0012067578439259874,0.0016090104585679832
17,17,0.9292035398230089,0.9291194741393455,0.9196219616748152,0.9720120722014969,2.48102350699746,-0.06949434062397283,-0.637286917177757,2.599032785928293,2.155767334998577,0.10981496379726467,0.06323411102172163,0.054786806114239715,0.03451327433628322,0.020434432823813388,0.057924376508447284,0.013274336283185861,0.01053901850362029,0.02928399034593728,-0.0013676588897827858,-0.0004022526146419958,0.0004022526146419958
18,18,0.9316170555108608,0.9317477486180272,0.9261462781834044,0.9731339257014281,2.841936120224494,-0.22085219084999758,-0.9008220880154598,2.577441979999942,2.2846119234918643,0.12180209171359613,0.07731295253419149,0.06991150442477875,0.03877715205148834,0.011263073209975882,0.07465808527755431,0.013032984714400665,0.018825422365245405,0.027192276749798915,0.0012872083668543865,0.000482703137570395,0.0013676588897827858
19,19,0.9316170555108608,0.9312429802591337,0.9176495157314266,0.9793587092402416,2.6939050373581805,-0.4716005836410947,-0.7651640005016292,2.5560245478008263,2.5894499463360807,0.10522928399034595,0.08318584070796461,0.05929203539823007,0.030329847144006473,0.02308930008045056,0.05494770716009652,0.013274336283185861,0.013193885760257462,0.019710378117457794,-0.0001609010458567983,0.0,-0.0015285599356395841
20,20,0.909895414320193,0.9099922678223209,0.9016407026847862,0.9583223800761204,2.4978364138133853,-0.4723015631316201,-1.0145441538044688,3.002777681428443,2.6378547784364756,0.1042638777152051,0.05253419147224454,0.05744167337087689,0.027031375703942005,0.007964601769911516,0.0662107803700724,0.011745776347546266,0.012952534191472253,0.023652453740949254,-0.00193081255028158,-0.00193081255028158,0.0022526146419951766
21,21,0.9203539823008849,0.9203314033417203,0.9112253703437365,0.9725672371638142,2.8194640407174916,-0.2092807442562574,-0.5086934966218079,2.9373861147900158,1.441064356454089,0.09557522123893805,0.05880933226065967,0.05583266291230891,0.039903459372485885,0.013998390989541453,0.04304102976669344,0.011102172164119083,0.012872083668543866,0.01641190667739343,-0.0015285599356395841,0.0008045052292839916,0.0007240547063555924
22,22,0.9308125502815768,0.9308577337382052,0.9214027283511269,0.9778113879003559,2.4102662723735344,-0.5139006566509654,-0.7493806054079032,2.9045637009457312,2.499031371289195,0.10498793242156075,0.07023330651649236,0.0664521319388576,0.03974255832662911,0.028077232502011308,0.07184231697506034,0.015929203539823033,0.011584875301689479,0.02300884955752216,0.00096540627514079,0.0015285599356395841,0.002413515687851975
23,23,0.9227674979887369,0.9225182468117095,0.9093005166138312,0.9717476811083715,2.479975868761093,-0.06919483939526026,-0.7048495661811118,2.761685030938652,2.0043545903542705,0.099597747385358,0.06870474658085277,0.060981496379726455,0.028238133547868072,0.013837489943684656,0.062429605792437635,0.01617055510860823,0.01745776347546262,0.0193081255028158,0.0,-0.0002413515687851975,-0.0022526146419951766
24,24,0.9300080450522928,0.9297731934595324,0.9183572567783094,0.9711236769609976,2.9869096937101647,-0.19856661071814474,-0.7774262683584421,2.5489617648459264,2.012752199941761,0.09670152855993568,0.06540627514078841,0.06033789219629926,0.035317779565567184,0.01697506033789222,0.05430410297666932,0.01238938053097347,0.011584875301689479,0.019710378117457794,0.002011263073209979,0.0016894609814963823,0.003539823008849563
25,25,0.9074818986323411,0.9070078761554671,0.892107766822349,0.9597157354552268,2.0477794658490933,0.12084814106759151,-0.5546120485589732,2.732596573138823,2.134614130482378,0.10201126307320992,0.06749798873692678,0.06492357200321801,0.050201126307320966,0.0053901850362027435,0.05068382944489136,0.01480289621882539,0.015124698310538975,0.01737731295253415,-0.0016090104585679832,-0.002413515687851975,0.0005631536604987942
26,26,0.918744971842317,0.9179706738194285,0.8982280048098281,0.9687331552354268,2.707440708434797,-0.3686987461132671,-0.7894730215587008,2.761327931711148,2.297880097091676,0.08817377312952536,0.06009654062751406,0.05551086082059531,0.026387771520514868,0.024215607401448114,0.03684633950120671,0.008286403861625113,0.009251810136765903,0.01246983105390187,-0.002413515687851975,-0.002091713596138378,-0.002011263073209979
27,27,0.9332260659694288,0.9332879079335483,0.9253208679999765,0.9796778713948158,2.917867198981896,-0.35892920464232986,-1.0943657807496763,2.7706879691539554,2.2461744418792895,0.11086082059533389,0.0760257441673371,0.057039420756234895,0.041271118262268716,0.0094931617055511,0.06403861625100563,0.011584875301689479,0.010297666934835092,0.030249396621078083,-0.0031375703942075673,-0.004424778761061954,-0.0033789219629927645
28,28,0.919549477071601,0.9191965555425518,0.90535911762994,0.9665851813049299,3.2784943347982933,-0.42276209491850414,-1.0343668136446313,2.893485084718785,1.8063476036702575,0.08865647626709575,0.07176186645213194,0.05406275140788412,0.025744167337087696,0.01343523732904266,0.03966210780370068,0.010780370072405487,0.008125502815768315,0.013113435237329062,0.0008849557522123908,0.0008849557522123908,0.0002413515687851975
29,29,0.917940466613033,0.9175819417348716,0.9002306022788931,0.9694007355157653,3.5049538198264996,-0.025220656539562628,-0.7960708614297309,3.074043533155522,0.7654660495200794,0.10128720836685434,0.06299275945293643,0.04183427192276745,0.02735317779565565,0.016814159292035426,0.03451327433628313,0.005309734513274345,0.020193081255028177,0.00482703137570395,-0.002172164119066777,-0.0018503620273531806,-0.001045856798069189
30,30,0.917135961383749,0.916833962269656,0.9020418579402636,0.9715833323499216,3.3811907332674793,-0.366540105938223,-0.7964642180157663,1.8803160118483053,2.59312911178882,0.09412711182622688,0.06870474658085277,0.06202735317779564,0.03201930812550276,0.014159292035398252,0.05124698310539015,0.01246983105390187,0.004344328238133554,0.023974255832662893,0.0,-0.0033789219629927645,-0.00386162510056316
31,31,0.916331456154465,0.9162183027917887,0.9024390970100815,0.9686001988912113,2.1248022411760576,-0.07763620541851927,-0.8322953593878856,2.764187201096814,2.4789268839659453,0.10064360418342715,0.065728077232502,0.05349959774738533,0.034915526950925126,0.0095736122284795,0.04022526146419947,0.014561544650040248,0.010780370072405487,0.023974255832662873,-0.001045856798069189,-0.0013676588897827858,-0.001045856798069189
32,32,0.9235720032180209,0.9233885007015671,0.9096320346320346,0.9700428130180195,2.813955876067074,-0.3922447853300894,-0.8549155868341748,2.5323598935416336,2.508801558161362,0.09058728881737735,0.051971037811745745,0.04947707160096537,0.033386967015285575,0.010941271118262286,0.0658889782783588,0.006838294448913929,0.007803700724054718,0.018744971842317004,-0.002011263073209979,-0.0012067578439259874,-0.0013676588897827858
33,33,0.9251810136765889,0.9244903556287405,0.9047683997218159,0.9749454423367467,2.4368403919588655,-0.5639402976791378,-0.6576144805572082,3.096993110808138,2.2022558902,0.09670152855993568,0.06653258246178599,0.046500402252614606,0.02099758648431218,0.011021721641190686,0.040386162510056264,0.008527755430410311,0.012711182622687067,0.02027353177795659,0.0015285599356395841,0.0001609010458567983,-0.0004022526146419958
34,34,0.9090909090909091,0.9085930229977043,0.8890492646129209,0.962321571554999,2.765889172810033,-0.4848951408420509,-0.8874067077967853,2.3845930250037575,2.9204439955340593,0.08712791633145614,0.07264682220434433,0.060740144810941255,0.03177795655671756,0.01230893000804507,0.04754625905068379,0.013032984714400642,0.006275140788415135,0.021319388576025687,-0.0031375703942075673,-0.0016090104585679832,-0.003539823008849563
35,35,0.917940466613033,0.9179885962777191,0.9086762360446572,0.9682586631868928,2.2891734243297512,-0.16574534645614683,-1.2365776914793225,2.8677501315629748,2.765268880291661,0.10160901045856793,0.06267095736122283,0.06331456154465002,0.0468222043443282,0.026790024135156864,0.06419951729686242,0.020675784392598585,0.013676588897827857,0.025663716814159264,0.0016894609814963823,0.0015285599356395841,0.0007240547063555924
36,36,0.916331456154465,0.9161504360483007,0.9060400395620887,0.9668866455214125,2.102883521309719,-0.02787842260767201,-0.7863452789670607,2.880485833778291,2.347683901105659,0.10836685438455344,0.06870474658085277,0.06138374899436845,0.0372485921158487,0.010941271118262286,0.0569589702333065,0.014561544650040248,0.014078841512469853,0.02775543041029762,0.004183427192276756,0.0017699115044247816,0.0011263073209975883
37,37,0.9219629927594529,0.9215558874814032,0.9078415205693456,0.9737690215819014,2.8448964893943516,-0.16865889391459654,-0.7289915748108454,2.9131257846768626,1.6532251290134126,0.09951729686242962,0.05913113435237327,0.05124698310539015,0.029766693483507613,0.009332260659694303,0.03008849557522123,0.008205953338696715,0.0192276749798874,0.01061946902654869,0.002172164119066777,0.0002413515687851975,-0.0015285599356395841
38,38,0.9292035398230089,0.9287751669087148,0.9136848463419665,0.9742832729308465,2.379329759824056,-0.12576752900628524,-0.8294044033633748,2.3435674169438747,2.7752936335129066,0.1082864038616251,0.07353177795655672,0.07200321802091714,0.04505229283990342,0.013757039420756257,0.06234915526950924,0.016009654062751434,0.008769106999195508,0.03475462590506839,0.0012067578439259874,0.0016090104585679832,0.00096540627514079
39,39,0.917940466613033,0.9172746955494957,0.9035614313176621,0.9711926522995289,2.297104949569813,-0.08254565818382918,-0.6205617472288686,2.4917549308642015,2.4731580864872806,0.10321802091713592,0.06967015285599357,0.05494770716009652,0.04384553499597743,0.02268704746580854,0.06991150442477875,0.015848753016894635,0.011021721641190686,0.024698310539018487,0.002493966210780374,-0.0005631536604987942,0.0005631536604987942
40,40,0.9066773934030571,0.9066243166677296,0.8957471594994966,0.962948367611103,2.527201563355777,-0.25760152114932794,-0.6435011278826649,2.4079287334109503,2.688152576948586,0.09324215607401443,0.0753821399839099,0.05430410297666932,0.03547868061142392,0.011906677393403042,0.06524537409493161,0.007320997586484324,0.010217216411906682,0.02590506838294442,-0.0023330651649235757,-0.002091713596138378,-0.002493966210780374
41,41,0.912308930008045,0.9118996877914209,0.8938258708259789,0.9648817886003146,2.5113638166430894,-0.037208779288448166,-0.6852421595015799,2.955627323326208,1.751604583965142,0.09292035398230084,0.05036202735317776,0.04336283185840704,0.03539823008849552,0.0059533386967015375,0.04336283185840704,0.00482703137570395,0.010136765888978294,0.010780370072405477,0.002574416733708773,0.0012872083668543865,0.0003218020917135966
42,42,0.919549477071601,0.9190038066183717,0.9054885839044693,0.9643889365229884,1.7088916870870094,-0.28368744352922975,-0.37780696954520043,3.105271695696114,2.4964725808865875,0.09589702333065166,0.06814159292035397,0.045374094931617016,0.03531777956556712,0.012952534191472265,0.04183427192276745,0.013515687851971058,0.017538213998391016,0.019147224456959,0.004183427192276756,0.0026548672566371724,0.0033789219629927645
43,43,0.9227674979887369,0.9226299359609241,0.9119467106405138,0.9709917259735,3.30147438614702,-0.21782239383422924,-0.4838659755794646,2.315049352311109,1.7104434456085191,0.10780370072405465,0.06532582461786,0.042558326629123046,0.036041834271922715,0.015044247787610644,0.05728077232502009,0.009010458567980707,0.007803700724054718,0.015526950925181037,-0.00193081255028158,-8.045052292839915e-05,-0.002091713596138378
44,44,0.913917940466613,0.9133537215123659,0.8953181180066461,0.9675514302130659,3.0502773268599395,-0.09184219276687869,-1.2260449067849473,2.6616711123658945,2.107959415841582,0.09452936444086882,0.06218825422365244,0.04416733708769103,0.02670957361222841,0.011263073209975882,0.04553499597747381,0.003539823008849563,0.014963797264682232,0.015124698310539041,-0.0028157683024939706,-0.0033789219629927645,-0.0014481094127111848
45,45,0.9235720032180209,0.923687871326172,0.9152073975294779,0.9636118519558301,2.54645045199668,0.11068412557752867,-0.6525197988306862,2.551599042140626,2.000727977666263,0.10812550281576824,0.06886564762670958,0.07248592115848754,0.04770716009654059,0.017055510860820623,0.06001609010458566,0.02212389380530977,0.01729686242960582,0.01544650040225264,0.0053901850362027435,0.0033789219629927645,0.0002413515687851975
46,46,0.918744971842317,0.9185662169258161,0.9060613770353734,0.9668871654501217,3.0590933023869833,-0.42786001753995795,-0.8882824660550915,2.326891652429701,2.545954588962972,0.10506838294448909,0.0749798873692679,0.047144006436041795,0.044328238133547825,0.0096540627514079,0.05880933226065967,0.012630732099758669,0.011021721641190686,0.018664521319388606,-8.045052292839915e-05,0.0012067578439259874,-0.0015285599356395841
47,47,0.917940466613033,0.9175460687315086,0.9060299097065463,0.9682787810383747,2.3113413714913693,-0.06133398881387524,-0.8986640798595655,3.2874391762017403,1.81331626888939,0.09082864038616252,0.06934835076427996,0.04247787610619465,0.04376508447304903,0.01617055510860823,0.04191472244569585,0.0074014481094127225,0.014481094127111849,0.014963797264682244,0.00193081255028158,-0.0001609010458567983,-0.000482703137570395
48,48,0.918744971842317,0.9182123913341024,0.9008402390697839,0.9676935926217711,2.6665684435629284,0.24670052482742186,-0.8922803593662831,2.787070821352896,1.5877417463632209,0.11110217216411902,0.07152051488334674,0.057843925985518886,0.02687047465808525,0.02268704746580854,0.04979887369267897,0.009814963797264698,0.01633145615446503,0.01335478680611426,0.0003218020917135966,-0.0017699115044247816,-0.0005631536604987942
49,49,0.9219629927594529,0.9218453963905097,0.9110038845436967,0.9643568438227625,3.029268391646004,0.033100442399134546,-1.0375957052562252,2.53004900731012,1.98703585030716,0.10160901045856793,0.06532582461786,0.06757843925985518,0.043443282381335435,0.03161705551086078,0.05341914722445693,0.012148028962188273,0.022284794851166568,0.028559935639581657,0.0030571198712791682,0.0012872083668543865,-0.002574416733708773
50,50,0.9227674979887369,0.9225093756542434,0.9085147981850556,0.968966108813838,2.5819798175891453,-0.2841823171363,-0.6652958096484539,2.785023544392763,2.1441348562082485,0.10498793242156072,0.0655671761866452,0.05510860820595331,0.03523732904263873,0.009895414320193096,0.04931617055510858,0.014239742558326652,0.01625100563153663,0.02107803700724058,0.000482703137570395,0.0030571198712791682,-8.045052292839915e-05
51,51,0.914722445695897,0.914668685437623,0.9026858048608666,0.9718621580368674,2.1994716878498894,-0.0890913917126216,-0.7149651250578459,3.1049532061217526,1.8932654647069092,0.09646017699115042,0.06532582461786,0.045213193885760214,0.0370876910699919,0.009734513274336299,0.05864843121480288,0.01343523732904266,0.011665325824617878,0.023008849557522092,0.0016894609814963823,8.045052292839915e-05,-0.0028157683024939706
52,52,0.919549477071601,0.9193798196928938,0.9099937733499377,0.9675280199252801,2.776231610580963,0.0796787656649672,-0.8840801392456017,2.692242329173736,1.8297803801406105,0.10603378921962989,0.061786001609010446,0.040868865647626665,0.04577634754625901,0.010378117457763491,0.05728077232502009,0.013274336283185861,0.018342719227675008,0.01818181818181821,0.002011263073209979,0.0007240547063555924,0.002493966210780374
53,53,0.9267900241351569,0.9263156504428115,0.9103332151719249,0.9729114971050455,2.8551697682867703,-0.000216572975100221,-0.792829798871591,2.1921417363031575,2.279863095915639,0.10418342719227676,0.07135961383748994,0.06395816572807722,0.04963797264682217,0.03797264682220432,0.07827835880933227,0.01842316975060341,0.010699919549477088,0.028881737731295275,0.0012872083668543865,0.004907481898632349,0.0012872083668543865
54,54,0.915526950925181,0.9151019462512705,0.9014759712908212,0.9703627723090891,1.6937163798928327,-0.05051836211007844,-0.7545458665817123,3.088675623915482,2.4492152037980155,0.10691874497184226,0.07353177795655672,0.051971037811745745,0.03563958165728072,0.038616251005631486,0.08286403861625102,0.013274336283185861,0.010860820595333887,0.021560740144810943,0.000482703137570395,-8.045052292839915e-05,-0.0008849557522123908
55,55,0.919549477071601,0.9194400470825054,0.9060081332808605,0.9717302899121082,2.5309835647559575,-0.35665963836173603,-0.8421557412790529,2.853604839665655,2.3912721832793817,0.10217216411906674,0.07329042638777153,0.060740144810941255,0.038616251005631486,0.01745776347546262,0.05800482703137568,0.013917940466613054,0.005068382944489147,0.01520514883346744,0.0027353177795655715,8.045052292839915e-05,-0.0007240547063555924
56,56,0.9203539823008849,0.9204890125527176,0.9094987289863066,0.9717529197342861,3.150810553075345,-0.4461934727421792,-0.7222159003854253,2.519881501637696,2.0631046000938564,0.10080450522928394,0.05752212389380529,0.05510860820595331,0.027111826226870472,0.012791633145615466,0.05044247787610616,0.008769106999195508,0.008045052292839916,0.013917940466613054,0.0028962188254223697,0.0031375703942075673,0.0016894609814963823
57,57,0.9243765084473049,0.9242788850696357,0.912656530834733,0.964533427620142,2.1245452306098054,-0.4391482013180103,-0.5696753286231796,3.0985403991683453,2.4454247699303915,0.10458567980691873,0.08286403861625102,0.061786001609010446,0.03563958165728075,0.031536604987932405,0.05301689460981494,0.015124698310539041,0.02115848753016898,0.02091713596138378,0.0027353177795655715,0.0003218020917135966,0.0013676588897827858
58,58,0.9211584875301689,0.9205008081366535,0.9038677048675829,0.9707468891714714,2.8507268404745667,-0.03324780518421988,-0.7504479244181382,2.8710996181899344,1.5277815466035554,0.08946098149637975,0.06460176991150442,0.05092518101367656,0.034835076427996735,0.017377312952534217,0.04448913917940463,0.010699919549477088,0.02107803700724058,0.011826226870474677,-0.0008045052292839916,-0.002091713596138378,-0.0013676588897827858
59,59,0.917940466613033,0.9176863807155812,0.90475234270415,0.9698940690297422,2.5766010106814607,-0.21258464422213835,-0.7182981649643702,2.691046945262428,2.2395409556598964,0.08841512469831056,0.07176186645213194,0.04818986323411099,0.0370876910699919,0.020675784392598585,0.05832662912308928,0.014481094127111849,0.012791633145615466,0.019469026548672597,0.0022526146419951766,0.004022526146419958,0.00193081255028158
60,60,0.9243765084473049,0.9243350830671958,0.9159904220909101,0.9712948464448584,2.1424789905408677,-0.16921086151377637,-0.7930443042888318,2.958076709526513,2.432507280556806,0.08777152051488338,0.08004827031375705,0.06146419951729685,0.036202735317779525,0.024698310539018532,0.05510860820595331,0.016009654062751434,0.018905872888173803,0.028238133547868072,-0.0002413515687851975,0.0031375703942075673,0.0037811745776347603
61,61,0.9243765084473049,0.9243307870015925,0.9143908969210174,0.971445201094232,2.786350944867494,-0.47119814114247105,-1.0504195677452977,3.0970836929555547,2.1791100354985415,0.09879324215607403,0.09010458567980695,0.04835076427996778,0.02912308930008045,0.03789219629927591,0.04955752212389377,0.010378117457763491,0.015124698310539041,0.01826226870474661,0.0015285599356395841,0.0008045052292839916,-0.000482703137570395
62,62,0.9074818986323411,0.9075092798858424,0.8965457174212204,0.9680207407923541,2.481371252877923,-0.47538522979884756,-0.6337216976093899,2.6819065282694163,2.538061776319374,0.09911504424778754,0.07860016090104585,0.057924376508447284,0.018584070796460118,0.011906677393403054,0.054786806114239715,0.009654062751407877,0.005309734513274345,0.01737731295253415,-0.002413515687851975,-0.0005631536604987942,0.0022526146419951766
63,63,0.9340305711987128,0.933554835663617,0.9201695022271204,0.9785639665702346,2.46136105188588,-0.4437312346238073,-0.7558030247862753,2.891361473136709,2.3388637571892774,0.09790828640386166,0.06653258246178599,0.05325824617860013,0.03467417538214003,0.01826226870474661,0.06419951729686242,0.014963797264682244,0.020756234915526982,0.028399034593724903,0.0028962188254223697,0.001045856798069189,0.002574416733708773
64,64,0.9259855189058729,0.9252040764508414,0.905865236913624,0.9791651896490605,2.384015878947943,-0.47553101384455165,-0.6146477847506875,2.4780378922277433,2.8001836360421044,0.10152855993563956,0.07361222847948512,0.046580852775543004,0.037811745776347515,0.026226870474658114,0.053338696701528535,0.009332260659694303,0.0032180209171359664,0.029203539823008884,-0.0003218020917135966,-0.0026548672566371724,-0.0008045052292839916
65,65,0.910699919549477,0.9105115228924279,0.8979106858054227,0.9655328403653762,3.0390364518468993,-0.03143261448834148,-0.855766913078427,2.363759785324337,2.1256476255758368,0.1035398230088495,0.07007240547063556,0.058970233306516476,0.031053901850361963,0.013917940466613044,0.038938053097345084,0.014400643604183427,0.013757039420756234,0.015607401448109393,0.000482703137570395,-0.001045856798069189,-0.0008045052292839916
66,66,0.9259855189058729,0.925784167725937,0.912333858642324,0.9688531414468794,2.647894989042906,-0.07237272420230488,-0.8660784275404192,2.8347300767663177,2.0237302464006146,0.09983909895414321,0.07345132743362832,0.06202735317779564,0.03290426387771521,0.02381335478680615,0.05752212389380529,0.015687851971037836,0.021721641190667773,0.02477876106194694,-0.0032984714400643655,-0.001045856798069189,0.0007240547063555924
67,67,0.9203539823008849,0.9201889804863078,0.9090740965491733,0.9683842779617525,2.8584218709079767,-0.8641025339333929,-0.8420292607036489,2.7838664871421974,2.7174660324121827,0.11552695092518098,0.06403861625100563,0.065728077232502,0.03636363636363632,0.016733708769107025,0.06653258246178599,0.015124698310539041,0.01520514883346744,0.019227674979887387,-0.002091713596138378,0.0006436041834271932,-0.0016090104585679832
68,68,0.919549477071601,0.9189226863007424,0.9022015932122398,0.9718769485381957,2.932914159037397,0.12365643371245809,-0.7980860600845193,3.1338464978991927,0.9808645741034333,0.0846339501206758,0.05953338696701527,0.03684633950120671,0.02349155269509252,0.013274336283185861,0.041753821399839054,0.004505229283990353,0.014802896218825445,0.00667739340305713,-0.002493966210780374,-0.0016894609814963823,-0.0029766693483507687
69,69,0.912308930008045,0.9119611925922231,0.8980814236392706,0.9683886739115323,1.7690771369323277,-0.23095890969840527,-0.7157339754758174,2.8294066788803756,2.885412712551558,0.10780370072405465,0.06693483507642799,0.07168141592920355,0.029364440868865593,0.013515687851971058,0.0562349155269509,0.012791633145615443,0.010780370072405487,0.027111826226870427,-8.045052292839915e-05,-0.004183427192276756,0.0001609010458567983
70,70,0.9058728881737731,0.9055570532731642,0.8913237639553429,0.9571262867913585,2.3329376032031117,0.005793425280151546,-0.7909001919315929,2.432051392718579,2.694771185182084,0.09227674979887364,0.06299275945293643,0.06806114239742558,0.031053901850361963,0.005551086082059542,0.05977473853580047,0.014159292035398197,0.007160096540627525,0.034674175382139925,0.0007240547063555924,0.0002413515687851975,-0.0041029766693483575
71,71,0.9090909090909091,0.9084870577929668,0.8937002822684116,0.9622843782966954,2.9833481572069775,-0.15605249231570906,-0.8791759252711007,2.940933257368751,1.606138461760553,0.09115044247787606,0.06798069187449718,0.037570394207562294,0.02461786001609003,0.00941271118262269,0.0367658889782783,0.0014481094127111848,0.013113435237329042,0.0027353177795655715,-0.0037007240547063613,-0.004022526146419958,-0.004183427192276756
72,72,0.9082864038616251,0.9084054941080882,0.896255931198102,0.9655011862396204,2.527008051686788,-0.07486489955591732,-0.4674253566475519,2.36442738413261,2.3088649958746084,0.11359613837489939,0.06251005631536603,0.04593724859211581,0.051971037811745745,0.011021721641190686,0.06275140788415123,0.009654062751407889,0.0074014481094127225,0.02679002413515681,-0.0006436041834271932,-0.0012067578439259874,0.000482703137570395
73,73,0.914722445695897,0.9142926401624807,0.8962783521246833,0.9679886651537528,2.8395404380795863,0.018564633112118145,-0.5406723964820006,2.9710821187720473,1.239358521748187,0.09179404666130328,0.05301689460981494,0.0372485921158487,0.03169750603378916,0.009332260659694303,0.03306516492357194,0.00772325020112632,0.01520514883346744,0.007562349155269521,-0.003539823008849563,-0.002091713596138378,-0.002574416733708773
74,74,0.9211584875301689,0.9204004048888782,0.9042737704730665,0.9723863623375584,2.7500989392070267,-0.4555663099640722,-0.8620228350046653,2.780089165035436,2.3903115293195585,0.09565567176186647,0.07312952534191472,0.031214802896218807,0.03016894609814962,0.01536604987932424,0.05213193885760255,0.008930008045052307,0.006999195494770727,0.009975864843121495,-0.0008045052292839916,0.0017699115044247816,8.045052292839915e-05
75,75,0.913113435237329,0.9124868567276908,0.8969813335170134,0.9701950452312071,2.6937292862807634,-0.5794094717677102,-0.8480966548243739,2.9777201306787475,2.32925985789689,0.08262268704746581,0.06653258246178599,0.05510860820595331,0.03129525341914716,0.023652453740949275,0.045454545454545414,0.010378117457763491,0.005711987127916341,0.013757039420756245,0.0,0.0004022526146419958,0.001045856798069189
76,76,0.914722445695897,0.9141816533707229,0.8982812645335317,0.9671018974979072,2.0758566955442896,-0.11201301359614992,-0.9993641885068711,2.9572895485596264,2.587783822333042,0.08712791633145615,0.07506033789219631,0.05140788415124695,0.04030571198712787,0.014159292035398252,0.06001609010458566,0.012872083668543855,0.006436041834271933,0.020112630732099734,0.0,0.000482703137570395,0.0017699115044247816
77,77,0.917940466613033,0.9183199928078155,0.9097999952037219,0.9694357178829228,2.3314589009093343,-0.40321867672829576,-0.8057071735542151,2.703101394926632,2.7668787546336544,0.10941271118262264,0.06830249396621077,0.07731295253419149,0.054223652453740924,0.012228479485116673,0.07771520514883348,0.014481094127111849,0.007964601769911516,0.03290426387771515,0.0016090104585679832,-0.0002413515687851975,-0.0027353177795655715
78,78,0.912308930008045,0.9117652092886502,0.8987670398809322,0.9616863421619366,2.6031676352287305,-0.015096859735317433,-0.7522628315951791,2.6901379783761157,2.1008920618112485,0.09123089300080446,0.06653258246178599,0.0655671761866452,0.03853580048270309,0.014159292035398252,0.05969428801287206,0.01617055510860821,0.011745776347546278,0.018584070796460173,0.002493966210780374,-0.0008849557522123908,-0.0011263073209975883
79,79,0.918744971842317,0.9189174323738176,0.9102699616431938,0.97096887535502,2.6252571258318045,-0.4756062483099912,-0.8141487990527324,2.902031456069052,2.3251942101156606,0.10176991150442474,0.06934835076427996,0.056476267095736096,0.027755430410297655,0.011102172164119083,0.04312148028962184,0.008447304907481912,0.0193081255028158,0.021480289621882566,-0.007160096540627525,-0.0022526146419951766,0.0002413515687851975
80,80,0.918744971842317,0.9183030888240163,0.9032702237521515,0.9710114064004202,2.4596832802468462,-0.25687844976092034,-1.1305645332757817,2.813016934464029,2.6729251925021695,0.11013676588897822,0.0756234915526951,0.06500402252614641,0.04424778761061943,0.024859211584875297,0.0658889782783588,0.01238938053097347,0.01432019308125505,0.03419147224456953,0.0037007240547063613,0.0012872083668543865,0.0026548672566371724
81,81,0.917135961383749,0.9166906159677066,0.9017446597986147,0.9657208544322216,2.563203382184744,-0.396263500491429,-0.856039394246317,2.66716689726135,2.510918883062859,0.09380530973451327,0.06355591311343523,0.04022526146419947,0.03901850362027348,0.017055510860820623,0.065728077232502,0.014561544650040248,0.010378117457763491,0.023813354786806108,-0.00193081255028158,0.0016894609814963823,0.0002413515687851975
82,82,0.9211584875301689,0.9210289230434447,0.9115587488951615,0.9668519944116556,2.765250037470694,-0.028635880182465205,-1.017417386186512,2.4303229309337575,2.3806430587876757,0.10313757039420754,0.07168141592920355,0.05945293644408687,0.03483507642799675,0.012872083668543866,0.06403861625100563,0.010780370072405487,0.008527755430410311,0.033869670152855955,-0.000482703137570395,0.0016894609814963823,-0.0016090104585679832
83,83,0.913917940466613,0.9134607546209408,0.8984197629789631,0.9610210136975166,2.5317638522311823,-0.22166698211761338,-0.5594430449455322,2.4714455113945455,2.4973762607569037,0.09211584875301687,0.06299275945293643,0.05124698310539015,0.040627514078841465,0.014722445695897035,0.07393403057119871,0.010136765888978294,0.01238938053097347,0.025100563153660438,0.0027353177795655715,0.0008849557522123908,0.0016090104585679832
84,84,0.9259855189058729,0.9262642152405776,0.915500816043918,0.9729809095180395,2.94874684815345,-0.09014999011157723,-0.6387438458198903,2.6312655847543036,1.7071948101558325,0.10128720836685438,0.06524537409493161,0.053660498793242126,0.036926790024135125,0.007240547063555924,0.036926790024135125,0.008447304907481912,0.012952534191472265,0.006999195494770727,0.0012067578439259874,0.0,-0.0005631536604987942
85,85,0.9010458567980691,0.9009622206568104,0.8894648023143683,0.9565108830417413,2.324058912482537,-0.2348030743730415,-0.6404841550214007,3.2452928840267425,1.9327113159060085,0.09887369267900234,0.04746580852775539,0.05189058728881735,0.02574416733708762,0.008125502815768283,0.05551086082059531,0.009654062751407833,0.01263073209975859,0.006355591311343489,0.001045856798069189,-0.0028962188254223697,-0.0011263073209975883
86,86,0.915526950925181,0.9152908449190786,0.9022088774671772,0.9679376234681212,2.481069235726681,-0.2574644813521538,-0.7244184464799087,2.6923110310809406,2.395461011056538,0.08133547868061144,0.07152051488334674,0.05164923572003215,0.03145615446500396,0.011423974255832681,0.06886564762670958,0.00764279967819792,0.007884151246983117,0.022847948511665318,-0.0004022526146419958,0.000482703137570395,-0.0016090104585679832
87,87,0.916331456154465,0.915690995797647,0.8970995906907315,0.9693018048702472,2.480551909653147,-0.6368749262769378,-1.004419917069099,2.802804874869975,2.877803211396718,0.09219629927594529,0.07900241351568786,0.048270313757039385,0.041190667739340256,0.01914722445695899,0.047144006436041795,0.012067578439259874,0.010699919549477088,0.025824617860016087,0.0001609010458567983,0.0008045052292839916,-0.002011263073209979
88,88,0.919549477071601,0.9194996563073947,0.9085090889949468,0.9690044216732174,2.690215212965679,-0.1327202108822574,-0.7459857037223505,2.212315860020651,2.6338560023792263,0.10981496379726463,0.055671761866452105,0.07691069991954949,0.038374899436846285,0.009332260659694303,0.07417538213998391,0.010378117457763491,0.014722445695897046,0.03386967015285595,0.0023330651649235757,0.00096540627514079,0.0008045052292839916
89,89,0.918744971842317,0.9185192114190853,0.9059571619812583,0.9691985332634887,2.642290311213543,-0.11603769164858625,-0.6976978996171401,2.7697475402559415,1.946789069649759,0.1049074818986323,0.054143201930812526,0.05341914722445693,0.03161705551086078,0.010297666934835092,0.05301689460981494,0.008688656476267109,0.016009654062751434,0.026790024135156874,0.0017699115044247816,0.0006436041834271932,0.0004022526146419958
90,90,0.917940466613033,0.9174748824894907,0.9024916286857037,0.9640847363035996,2.9201078750664706,-0.33475074331791177,-0.6226976109741206,2.9567199927199357,1.701292314522771,0.0910699919549477,0.06226870474658084,0.05245374094931614,0.02614641995172966,0.008930008045052307,0.03934030571198708,0.012630732099758669,0.01246983105390187,0.021399839098954154,0.0018503620273531806,-0.001045856798069189,-0.0016090104585679832
91,91,0.9275945293644409,0.9269980661190727,0.9079520106107193,0.9733043950081389,2.8991323313355557,-0.18783978520759473,-0.8141038180033824,2.195383922475943,2.474670471397629,0.07457763475462591,0.07079646017699115,0.05446500402252612,0.027433628318584112,0.015044247787610644,0.038133547868061134,0.020756234915526982,0.013837489943684656,0.01818181818181821,0.002413515687851975,0.002413515687851975,0.00096540627514079
92,92,0.9267900241351569,0.926814847878423,0.9158027060800105,0.975273986116841,2.358349406508663,0.03407962986252685,-0.35545621819339324,2.578610699606624,1.9023859594028847,0.09541432019308128,0.06283185840707964,0.048511665325824585,0.0386967015285599,0.009895414320193096,0.04754625905068379,0.00667739340305713,0.009332260659694303,0.02662912308930012,-0.0014481094127111848,0.0013676588897827858,-0.0004022526146419958
93,93,0.913917940466613,0.9139866751140882,0.906003193339606,0.968902004390842,1.9521173263626235,-0.06596534467131916,-0.6904762979235196,2.7310114022214536,2.5632835833934973,0.10675784392598546,0.06090104585679805,0.06934835076427996,0.05325824617860013,0.016894609814963803,0.053097345132743334,0.022606596942880107,0.020273531777956544,0.021078037007240535,-0.000482703137570395,0.00193081255028158,-0.0017699115044247816
94,94,0.9251810136765889,0.9252049479344234,0.9150597717697873,0.9750292073307449,2.4548599450174806,0.08152644727280313,-0.8610442969827506,2.5517281497401436,2.2748824862537185,0.10490748189863233,0.07039420756234915,0.060981496379726455,0.04183427192276745,0.025583266291230932,0.053982300884955724,0.017860016090104614,0.022445695897023367,0.028077232502011294,0.0,0.002172164119066777,-0.0002413515687851975
95,95,0.914722445695897,0.9150453229044883,0.9092075363152596,0.9701078671077233,2.7434019095644775,-0.12518878739983003,-0.8569466646109221,3.100774017441155,1.564709281479074,0.09911504424778758,0.07256637168141593,0.045374094931617016,0.04199517296862425,0.019066773934030577,0.03877715205148828,0.010217216411906694,0.015768302493966234,0.012952534191472265,-0.0011263073209975883,0.0013676588897827858,8.045052292839915e-05
96,96,0.9300080450522928,0.9297919811870548,0.9164969541061507,0.9745877771227469,1.9593291857954718,-0.15493715580810963,-0.4162016335000363,2.6922318815237265,2.457805495563611,0.09163314561544653,0.0749798873692679,0.0662107803700724,0.048511665325824585,0.02679002413515692,0.05824617860016088,0.016814159292035426,0.01255028157683027,0.01641190667739343,0.002574416733708773,0.0017699115044247816,-0.00096540627514079
97,97,0.916331456154465,0.9160131029366266,0.9019341534938605,0.9668547661607841,2.4852483874897877,-0.6238390317663816,-1.0196218851798067,3.0426740856087675,2.755118093548086,0.10434432823813351,0.06854384553499597,0.053982300884955724,0.03435237329042633,0.010699919549477088,0.08511665325824619,0.01343523732904266,0.007803700724054718,0.03612228479485111,-0.0008045052292839916,-0.0014481094127111848,-0.0013676588897827858
98,98,0.9203539823008849,0.9202770962456855,0.9083974188986123,0.9743981849789327,2.6927643080071793,0.10978723785217903,-0.6930644585213553,2.7770996974936644,1.5497994577900926,0.10257441673370873,0.06411906677393402,0.04593724859211581,0.02646822204344327,0.007160096540627525,0.03845534995977469,0.007240547063555924,0.011343523732904282,0.010941271118262286,-0.00386162510056316,-8.045052292839915e-05,-0.0008849557522123908
99,99,0.9203539823008849,0.9202310434565508,0.9087327518305668,0.9671898246739987,2.6802182761793945,-0.4287551657813037,-0.5737134340519685,2.8406022467822587,2.0862712383799047,0.08415124698310542,0.07312952534191472,0.04336283185840704,0.026548672566371678,0.011263073209975882,0.04207562349155265,0.0096540627514079,0.008366854384553512,0.014239742558326652,-0.00193081255028158,-0.0008045052292839916,-0.0041029766693483575
100,100,0.9203539823008849,0.9197918363226439,0.9047252493801534,0.9675632820157989,2.694522161173339,-0.3694105659835766,-1.0080106286916974,2.678297156263491,2.6139830517918536,0.09637972646822203,0.06395816572807722,0.05551086082059531,0.03821399839098949,0.008527755430410311,0.05116653258246175,0.01432019308125505,0.009734513274336299,0.028801287208366843,-0.002413515687851975,-0.0015285599356395841,0.0001609010458567983
101,101,0.912308930008045,0.9120489625504362,0.897182820189051,0.9692850989508963,1.8500224635992817,0.28924992547950906,-0.6663237240908997,3.120848658730041,1.940960174137544,0.08624296057924374,0.0658085277554304,0.054223652453740924,0.035237329042638724,0.032662912308929946,0.04843121480289618,0.014078841512469853,0.015285599356395818,0.015446500402252627,0.0028157683024939706,-0.001045856798069189,0.0007240547063555924
102,102,0.9259855189058729,0.9259399568144966,0.9158853527741755,0.9710986879768205,1.989247178601121,0.326050750420843,-0.6409381302726483,2.4976599757425135,2.2820581244979654,0.10329847144006435,0.07763475462590508,0.07312952534191472,0.040788415124698274,0.016814159292035426,0.0839903459372486,0.020434432823813388,0.017618664521319417,0.039501206757843896,0.008286403861625113,0.003459372485921164,0.0037007240547063613
103,103,0.918744971842317,0.9187751432547556,0.9043826650763067,0.9652078172309385,3.3530016895118746,-0.17373128174355396,-0.8668811640179017,2.9489706511523774,1.3142239173778056,0.0981496379726468,0.0654867256637168,0.04794851166532579,0.0309734513274336,0.014722445695897046,0.04875301689460978,0.013596138374899458,0.009412711182622702,0.015607401448109437,0.005148833467417546,0.0022526146419951766,0.0012067578439259874
104,104,0.916331456154465,0.9159097601594149,0.8981439789632938,0.9671271447954566,1.9498893166402431,-0.014668533924642497,-0.43799222590563996,3.0921706742442385,1.943425308221253,0.08913917940466613,0.06009654062751406,0.04794851166532579,0.03483507642799673,0.01745776347546262,0.04585679806918741,0.009814963797264698,0.012952534191472265,0.025020112630732082,-0.0002413515687851975,0.0008849557522123908,0.0002413515687851975
105,105,0.914722445695897,0.914828697009504,0.9044517005043321,0.9653168827809976,1.7022124956303988,-0.23797293092670663,-0.5821536885355629,3.1630919586427653,2.525124865534635,0.09275945293644405,0.07361222847948512,0.05245374094931614,0.0374094931617055,0.020514883346741765,0.045374094931617016,0.012228479485116673,0.014481094127111849,0.017699115044247794,-0.00096540627514079,0.0004022526146419958,-0.0002413515687851975
106,106,0.918744971842317,0.9184590475363578,0.904696512751442,0.9666354346616696,2.9006758585334964,-0.10339688061416658,-1.1290579375092507,2.400634236007802,2.555482887390095,0.09662107803700724,0.051327433628318556,0.0560740144810941,0.03628318584070792,0.01745776347546262,0.07023330651649236,0.017618664521319417,0.00667739340305713,0.02107803700724057,-0.0016894609814963823,-0.0016090104585679832,-0.0012067578439259874
107,107,0.9203539823008849,0.9198840189173095,0.9053224274161782,0.9675168570567926,2.586796354776614,-0.2758380318816629,-0.7423806269828742,3.074495001747728,1.9959685516384968,0.1051488334674175,0.07192276749798873,0.06484312148028962,0.03298471440064356,0.023974255832662918,0.05551086082059531,0.012228479485116673,0.01641190667739343,0.027916331456154443,0.0018503620273531806,0.0031375703942075673,0.0012872083668543865
108,108,0.915526950925181,0.914547386278851,0.8947045623662915,0.9750604594921404,3.0558155345744304,-0.4808934505305545,-1.0312099029066635,2.5420766656351037,2.467844914832369,0.08608205953338698,0.05559131134352371,0.04818986323411099,0.030329847144006373,0.006275140788415135,0.04505229283990342,0.005148833467417546,0.01528559935639584,0.015526950925181037,-0.0012872083668543865,-0.004022526146419958,-0.002413515687851975
109,109,0.9292035398230089,0.9288929688774455,0.9162112216983878,0.968584482858972,2.5777443548576904,-0.12710529023739178,-0.6487478180539287,3.3648034015357338,1.417761905750467,0.0951729686242961,0.06910699919549476,0.043684633950120635,0.038133547868061134,0.023652453740949354,0.03588093322606597,0.013274336283185861,0.024537409493161744,0.011182622687047483,0.0030571198712791682,0.0011263073209975883,0.0006436041834271932
110,110,0.9010458567980691,0.9004655410905775,0.881064650059312,0.9621441281138791,2.6355268069468867,-0.1524467689313861,-0.8357673362961657,2.466041227733028,2.5037459199170486,0.09404666130329839,0.057683024939662084,0.06709573612228478,0.024376508447304834,0.0007240547063555924,0.0650844730490748,0.010458567980691802,0.0074014481094126896,0.017699115044247704,-0.002493966210780374,-0.0032180209171359664,-0.0007240547063555924
111,111,0.9275945293644409,0.927549422674702,0.9174918747987,0.9746171639387462,1.8580209616438956,-0.12630807622786905,-0.5371826130416786,2.7786777562075375,2.5294733633804474,0.09975864843121482,0.06371681415929202,0.06017699115044246,0.041029766693483474,0.015526950925181037,0.04778761061946899,0.013193885760257462,0.013032984714400665,0.02212389380530977,0.0008045052292839916,0.0004022526146419958,0.0008849557522123908
112,112,0.917940466613033,0.9175804866534027,0.903550433618532,0.9622780978988417,3.270420742455207,-0.7833016154961844,-0.6533196984264227,2.7331969478214955,2.165085559966877,0.09404666130329845,0.06709573612228478,0.052212389380530945,0.03572003218020912,0.01745776347546262,0.04899436846339498,0.012952534191472265,0.0095736122284795,0.011584875301689479,0.00096540627514079,0.0017699115044247816,0.0008849557522123908
113,113,0.918744971842317,0.91804821416706,0.8995491911959692,0.9688028521759627,2.4764219062056068,-0.38395850564717104,-0.7913373838389121,2.873136027885464,2.4997201980010915,0.10611423974255829,0.06323411102172163,0.06138374899436845,0.041432019308125456,0.01818181818181821,0.06822204344328238,0.008849557522123908,0.006275140788415135,0.023411102172164133,0.0001609010458567983,0.0007240547063555924,-0.0005631536604987942
114,114,0.919549477071601,0.9190210135238951,0.9028196644511464,0.9643720902995344,2.7992711645779167,-0.5197545441735126,-0.7682635983674727,2.8242046021310645,2.3439285452483323,0.10281576830249392,0.08004827031375705,0.0470635559131134,0.03016894609814962,0.020353982300884976,0.0563153660498793,0.01053901850362029,0.013757039420756257,0.01745776347546262,0.0008849557522123908,8.045052292839915e-05,0.0013676588897827858
115,115,0.911504424778761,0.9106526422047418,0.8921959357694,0.9696196445536066,2.7704939528156722,-0.4235435460285667,-0.8522744010405563,3.0442126779642114,2.0311183876841516,0.09444891391794043,0.07320997586484312,0.04030571198712787,0.03137570394207556,0.011263073209975882,0.03789219629927589,0.006838294448913929,0.008769106999195508,0.01681415929203538,-0.002493966210780374,-0.003620273531777962,-0.002011263073209979
116,116,0.9308125502815768,0.9302707455509659,0.9130773948824219,0.9664088226712162,2.3566886287612534,-0.09968190127441354,-0.6442526596092171,3.0581773664738856,1.8634958882832433,0.11166532582461786,0.06355591311343523,0.0464199517296862,0.03869670152855993,0.021319388576025777,0.04931617055510858,0.01335478680611426,0.021560740144810974,0.024537409493161744,0.0032180209171359664,0.0006436041834271932,0.0026548672566371724
117,117,0.9324215607401448,0.9321016848879639,0.9182461651315361,0.9775764459509823,2.961065395474773,-0.3711969041777756,-0.5342037189016066,2.396235621168936,2.1734174583528434,0.11061946902654869,0.07023330651649236,0.06001609010458566,0.03419147224456963,0.03145615446500407,0.050844730490748155,0.011263073209975882,0.02123893805309738,0.021560740144810974,0.0022526146419951766,0.00096540627514079,0.002172164119066777
118,118,0.916331456154465,0.9162708727926726,0.9013039023088862,0.9662519402405898,2.467289747563383,-0.27321427495300993,-0.7293105917452039,2.9372837952937676,2.135381089462447,0.09726468222043438,0.06757843925985518,0.05446500402252612,0.04247787610619465,0.01528559935639584,0.05237329042638774,0.016009654062751434,0.023089300080450504,0.01697506033789222,0.003620273531777962,0.0004022526146419958,0.0
119,119,0.914722445695897,0.9146705761253949,0.9034195206377511,0.9664953409905421,2.8108633912267686,0.004363668832898428,-0.5490174588693599,3.04330117123444,1.3102172020158231,0.0835076427996782,0.05993563958165726,0.037811745776347494,0.02703137570394203,0.011343523732904282,0.02075623491552695,0.008769106999195508,0.012067578439259874,0.013596138374899458,-0.0016894609814963823,-0.004263877715205156,-0.002574416733708773
120,120,0.914722445695897,0.914893451742499,0.9035682469073798,0.9635014020675264,3.1382779584294247,-0.2525400137205603,-0.7069679709399767,2.3975803550461854,2.1018115917598825,0.09927594529364436,0.07144006436041835,0.05969428801287206,0.03572003218020912,0.012067578439259874,0.06419951729686242,0.015768302493966234,0.011987127916331474,0.01987127916331456,0.00193081255028158,0.0006436041834271932,0.0026548672566371724
121,121,0.9227674979887369,0.922528358320547,0.9101783947383738,0.9728100809033233,2.2642970169828436,-0.020364984845617943,-0.7736010670012462,3.111716102347186,1.8867280067396326,0.09629927594529365,0.07707160096540629,0.06170555108608204,0.038535800482703095,0.01544650040225264,0.046983105390185,0.017699115044247815,0.01528559935639584,0.02984714400643602,0.004263877715205156,0.0013676588897827858,0.0007240547063555924
122,122,0.9219629927594529,0.921659084745754,0.9092555604943688,0.963441878185775,2.5425020485575267,-0.7156096140360807,-0.8908262925479828,2.7944100798700493,2.9181882953479072,0.11777956556717614,0.07111826226870474,0.0752212389380531,0.039501206757843875,0.013596138374899458,0.07272727272727272,0.01826226870474661,0.012711182622687067,0.03628318584070792,0.00482703137570395,-0.0003218020917135966,-0.002413515687851975
123,123,0.915526950925181,0.9150538157552736,0.8958541458541458,0.966194411648957,2.9289416948032705,-0.33983899875664547,-0.7258642359123396,3.281318484222118,1.4516617582909768,0.0973451327433628,0.06057924376508446,0.03942075623491548,0.038857602574416686,0.008125502815768315,0.04424778761061943,0.005551086082059542,0.017699115044247805,0.015446500402252627,-0.004424778761061954,-0.0015285599356395841,-0.000482703137570395
124,124,0.912308930008045,0.9118431986325473,0.8966153953350637,0.9567387252425662,2.889399030447614,-0.018066152575620588,-0.950821092358994,2.5225364955422735,2.155609909984701,0.10828640386162505,0.0757843925985519,0.06830249396621077,0.033226065969428745,0.029364440868865582,0.054223652453740924,0.010056315366049895,0.01777956556717618,0.024296057924376457,0.0011263073209975883,0.0001609010458567983,-0.0017699115044247816
125,125,0.9283990345937249,0.9282396431518797,0.9167399576671181,0.9708096603401875,2.7859478307185643,0.03634281325654482,-0.8781149684545475,2.4833902181839935,2.0290086817213013,0.10209171359613838,0.08149637972646824,0.05076427996781976,0.03250201126307323,0.0343523732904264,0.06090104585679805,0.01255028157683027,0.012228479485116673,0.023169750603378957,0.000482703137570395,-0.0006436041834271932,-0.00096540627514079
126,126,0.9235720032180209,0.9233885007015671,0.9096320346320346,0.9735668372032008,2.864312504531647,-0.5294534606177568,-0.7491441516849645,2.67506162957817,2.3978537858806805,0.09155269509251814,0.06693483507642799,0.04843121480289618,0.032421560740144816,0.005711987127916341,0.046983105390185,0.010217216411906694,0.009251810136765903,0.011102172164119083,-0.0022526146419951766,-0.0008045052292839916,-0.0012067578439259874
127,127,0.9219629927594529,0.9210541082815412,0.900484133633864,0.9723887466219803,2.567963644217858,-0.3562328145643301,-0.8183703006697554,2.5234213160737258,2.6394099185037985,0.09436846339501208,0.06106194690265485,0.045695897023330614,0.02928399034593726,0.014481094127111849,0.05454545454545452,0.00764279967819792,0.009814963797264698,0.016733708769107025,0.0003218020917135966,-0.00096540627514079,-0.0032984714400643655
128,128,0.910699919549477,0.9104428192959637,0.8960748271798209,0.960329047275627,2.3384950069667974,-0.17218868027654693,-0.9625747316110327,2.9855232220380903,2.4409114461722567,0.1032984714400643,0.06677393403057119,0.07047465808527756,0.046339501206757804,0.015526950925181004,0.04770716009654059,0.016572807723250184,0.016331456154464984,0.022284794851166478,0.002413515687851975,0.0017699115044247816,0.0002413515687851975
129,129,0.917940466613033,0.9178388322540524,0.9061970605072844,0.9698836353440118,2.3917606665134814,0.1906876582189094,-0.6986279077008992,2.955783233169496,1.5432265916347965,0.10426387771520511,0.0666130329847144,0.05189058728881735,0.03258246178600155,0.013274336283185861,0.0300080450522928,0.013274336283185861,0.011665325824617878,0.009412711182622702,0.0037007240547063613,-0.0001609010458567983,0.0004022526146419958
130,130,0.916331456154465,0.9163867372808759,0.9045687014956438,0.9684517260860516,1.99304425822775,0.08115598676107723,-0.6974639954783438,3.233716927243789,1.7925603961406937,0.09597747385358002,0.07224456958970234,0.043443282381335435,0.03660498793242151,0.020997586484312138,0.05060337892196296,0.012952534191472265,0.01971037811745776,0.01713596138374902,-0.0003218020917135966,0.0016894609814963823,0.0004022526146419958
131,131,0.9219629927594529,0.921634629563021,0.9075829800707111,0.9663154561925031,2.954139922743175,0.17523471410446553,-0.7211879906678338,2.5873701357561756,1.4856600704615803,0.08326629123089302,0.06259050683829444,0.050201126307320966,0.03330651649235715,0.01335478680611426,0.03797264682220429,0.01713596138374902,0.009251810136765903,0.011423974255832681,0.0012067578439259874,0.0002413515687851975,-0.002493966210780374
132,132,0.9332260659694288,0.9330666610444706,0.9208663081861003,0.9747723767499747,2.5377476665722023,-0.4275721351298876,-0.9406843842890783,3.387805495737742,1.911866946881576,0.09847144006436044,0.07618664521319389,0.04867256637168138,0.027996781979082907,0.02276749798873696,0.045695897023330635,0.015044247787610644,0.015929203539823033,0.01255028157683027,0.0012872083668543865,0.0016894609814963823,0.0007240547063555924
133,133,0.911504424778761,0.9109790142558647,0.8963140584102494,0.9660163245626119,2.635324208877779,-0.2590721105008234,-0.8524626749970495,2.9318209596944698,2.1389176669637426,0.09670152855993559,0.06259050683829444,0.05213193885760255,0.0372485921158487,0.007079646017699126,0.05711987127916329,0.008286403861625113,0.008125502815768315,0.01673370876910698,-0.004022526146419958,-0.0014481094127111848,-0.000482703137570395
134,134,0.910699919549477,0.9108394127569251,0.9000815132628258,0.9637869237424298,2.5831948146545,-0.15029503592984214,-0.6842665141892974,2.7262802142163567,2.2126662222709728,0.10780370072405465,0.059613837489943665,0.04971842316975057,0.038374899436846285,0.010136765888978294,0.06363636363636363,0.006596942880128731,0.01407884151246983,0.024537409493161643,-0.002574416733708773,0.0014481094127111848,0.0014481094127111848
135,135,0.9219629927594529,0.921834466544427,0.9092187694109712,0.9732905034873196,2.6401103486390842,-0.1035286444478863,-0.9547183652231153,3.2037562548734377,1.7008581302794357,0.11190667739340301,0.07135961383748994,0.050844730490748155,0.029364440868865627,0.025422365245374123,0.03644408688656472,0.01255028157683027,0.012711182622687067,0.02115848753016898,0.0015285599356395841,0.00096540627514079,0.0018503620273531806
136,136,0.911504424778761,0.910885073495553,0.8918875981422751,0.9665187851144449,2.7490857166500944,-0.10486141642571853,-0.3336491311693227,3.28423414013407,0.9776844231395699,0.09131134352373288,0.057924376508447284,0.03483507642799673,0.025261464199517237,0.023008849557522082,0.027996781979082796,0.004424778761061954,0.009895414320193096,0.007964601769911516,-0.001045856798069189,-0.0031375703942075673,-0.0016090104585679832
137,137,0.9018503620273531,0.9011897185147179,0.8844058121432278,0.9632906648215419,2.537544974521525,-0.2976453348690812,-0.9121845843906212,3.071970101944109,2.221656619942355,0.09203539823008842,0.05374094931617053,0.0468222043443282,0.026065969428801218,0.011665325824617778,0.03201930812550276,0.0027353177795655715,0.0069187449718422726,0.0058728881737731276,-0.002011263073209979,-0.0012067578439259874,-0.002493966210780374
138,138,0.917135961383749,0.9168460889863,0.9030127035373385,0.9664251122964627,2.4945107407691283,-0.49017805878699083,-0.7858847300699433,2.5755118814891973,2.8484744829900834,0.08938053097345135,0.06806114239742558,0.0663716814159292,0.03958165728077227,0.01343523732904266,0.05124698310539015,0.017940466613033012,0.011826226870474677,0.02437650844730489,-0.0015285599356395841,-0.0012067578439259874,-0.0004022526146419958
139,139,0.9267900241351569,0.9268139992177371,0.9164664887307236,0.9721559905100831,2.6196607001745,-0.3870668581168122,-0.718986319353825,3.3555694388201984,1.6348998558233114,0.09678197908286408,0.08238133547868062,0.04867256637168138,0.031617055510860845,0.021721641190667773,0.06476267095736121,0.010699919549477088,0.02196299275945297,0.011263073209975882,8.045052292839915e-05,0.001045856798069189,0.0013676588897827858
140,140,0.916331456154465,0.9161824306243345,0.9047546722212578,0.967349418503732,2.7638450385863544,-0.6163063364853923,-0.6454819262533955,3.18690332790031,1.9595271909476297,0.10128720836685437,0.066130329847144,0.05124698310539015,0.03966210780370068,0.013917940466613054,0.0658889782783588,0.0094931617055511,0.010699919549477088,0.01150442477876108,0.002172164119066777,-0.0003218020917135966,-0.0008849557522123908
141,141,0.917135961383749,0.9167336448583824,0.9016382162621146,0.9714051474248236,2.5843271640014183,0.02914369343512872,-0.6133492527306263,2.7984628354800196,1.6266899507088215,0.10120675784392594,0.06331456154465002,0.039501206757843875,0.03378921962992755,0.018664521319388606,0.048028962188254185,0.0039420756234915585,0.01246983105390187,0.0236524537409493,-0.0018503620273531806,-0.0032984714400643655,-0.0008045052292839916
142,142,0.917940466613033,0.917086848244248,0.8998613998613999,0.9692416510598328,2.6287620637303113,0.10013034784894281,-0.39864289337485304,2.4926073979807755,1.7134832493625463,0.08946098149637974,0.06436041834271922,0.04963797264682217,0.03330651649235714,0.01246983105390187,0.038616251005631486,0.01061946902654869,0.01246983105390187,0.01995172968624298,-0.000482703137570395,0.00096540627514079,-0.0011263073209975883
143,143,0.9324215607401448,0.9322860465145357,0.9206183274021352,0.9713226571767497,2.353709072999797,-0.1470318921637366,-0.7637685169212513,2.68219103634778,2.4028199540253845,0.10305711987127922,0.07377312952534192,0.05462590506838292,0.034915526950925216,0.012148028962188273,0.06275140788415123,0.01810136765888981,0.009814963797264698,0.032984714400643635,0.0028962188254223697,0.002574416733708773,0.002413515687851975
144,144,0.916331456154465,0.9161833348089011,0.9048739821188111,0.9688957470048719,2.557699606052239,-0.11948724558572474,-0.7475337441654503,2.97510417100867,1.811578143054908,0.09637972646822202,0.06894609814963797,0.0373290426387771,0.033065164923571956,0.009332260659694303,0.0373290426387771,0.006838294448913929,0.01053901850362029,0.006516492357200332,-0.004022526146419958,-0.0005631536604987942,0.0003218020917135966
145,145,0.9340305711987128,0.9337969952307082,0.9232079503305919,0.9733222752090677,2.9523577492559228,-0.14868478186065925,-0.7807740825791355,2.7497711256334747,1.7348015832359576,0.10699919549477074,0.07095736122284795,0.05486725663716811,0.03805309734513277,0.018584070796460204,0.0658085277554304,0.013515687851971058,0.014883346741753845,0.023411102172164154,0.0008849557522123908,0.0006436041834271932,8.045052292839915e-05
146,146,0.9227674979887369,0.922663650009514,0.9099669947369986,0.9659897118729743,2.888985968296448,-0.2559516972933972,-0.9115815812856785,2.940707695780202,1.9591904462004093,0.10362027353177794,0.07819790828640387,0.05543041029766691,0.0386967015285599,0.021560740144810974,0.06323411102172163,0.017699115044247815,0.011343523732904282,0.028559935639581657,0.0008045052292839916,0.001045856798069189,8.045052292839915e-05
147,147,0.914722445695897,0.9143280361209267,0.8986292823890154,0.968224541083273,2.578746346299043,-0.61935999171042,-0.637027519819687,2.2741698068185823,3.1416932652361327,0.10828640386162505,0.058970233306516476,0.06218825422365244,0.04448913917940463,0.01544650040225264,0.061544650040225246,0.012791633145615466,0.008045052292839916,0.03853580048270309,0.0002413515687851975,-0.001045856798069189,0.0004022526146419958
148,148,0.9219629927594529,0.9221408418549799,0.9126981059141863,0.9656358716660223,1.9266448488018089,0.07203861491318246,-0.7293474265605362,2.918767622079322,2.244946914122457,0.10780370072405465,0.06967015285599357,0.0660498793242156,0.03885760257441669,0.02968624296057921,0.0569589702333065,0.015687851971037836,0.015848753016894635,0.019147224456959,0.0033789219629927645,0.0005631536604987942,0.001045856798069189
149,149,0.913917940466613,0.9129491645801634,0.892425262788042,0.9681140748982519,2.5740549198632996,-0.14149403614683162,-0.7155955624968441,3.5204504581200906,1.2727646492105977,0.09372485921158483,0.07216411906677393,0.03853580048270309,0.029123089300080396,0.027996781979082796,0.038053097345132694,0.004987932421560748,0.017699115044247815,0.01415929203539824,0.0001609010458567983,0.0011263073209975883,-0.0027353177795655715
150,150,0.9259855189058729,0.9259855189058729,0.9169990883806272,0.965669111200144,2.5365804670509444,0.08093179779271148,-0.7149470652789185,2.3449461799413513,2.2491463769159443,0.10539018503620272,0.07763475462590508,0.06854384553499597,0.04384553499597743,0.016492357200321828,0.07200321802091714,0.019469026548672597,0.014883346741753845,0.03620273531777953,0.001045856798069189,0.001045856798069189,0.0013676588897827858
151,151,0.9251810136765889,0.9247154755346195,0.9094984335197493,0.9734254677480749,2.993145814531822,-0.3100011963432304,-1.0290723811730753,3.071968245059774,1.862603517118242,0.10313757039420754,0.07948511665325826,0.05518905872888171,0.04497184231697502,0.023732904263877752,0.05172968624296055,0.015124698310539041,0.019388576025744196,0.02775543041029769,0.0018503620273531806,0.0002413515687851975,0.001045856798069189
152,152,0.916331456154465,0.916331456154465,0.9059484314067866,0.9663058029218323,2.0176727325987387,0.025920758899454728,-1.0530689876616235,3.584757932279165,1.7900181037584226,0.10160901045856793,0.061866452131938844,0.052212389380530945,0.039501206757843875,0.02164119066773933,0.056476267095736096,0.014641995172968648,0.016492357200321828,0.01866452131938858,0.0011263073209975883,-0.0014481094127111848,-0.0022526146419951766
153,153,0.9211584875301689,0.9204733878340343,0.9027816004450561,0.9699001551840248,2.2494287798005455,-0.3181406707070554,-1.139749130784818,3.0068388222294806,2.5956215067025314,0.09420756234915527,0.06065969428801286,0.05856798069187448,0.038213998390989504,0.008527755430410311,0.06194690265486724,0.01053901850362029,0.01045856798069189,0.0192276749798874,0.0001609010458567983,-0.0006436041834271932,-0.0012067578439259874
154,154,0.909895414320193,0.9096373725496814,0.8924342125066977,0.9609669903614022,3.075100195335114,0.29148044843201365,-0.8305279578985447,2.696968910647695,1.2676046434567643,0.10088495575221232,0.061786001609010446,0.03161705551086076,0.028801287208366798,0.018986323411102114,0.038938053097345084,0.008447304907481912,0.015285599356395795,0.007481898632341122,-0.002011263073209979,-0.002172164119066777,0.0004022526146419958
155,155,0.918744971842317,0.9184188734532046,0.9050202936924068,0.973899814772879,2.927741504632183,0.12373364109957938,-0.6697507599751836,2.91548065780522,1.1805863398286336,0.10265486725663715,0.055028157683024916,0.04312148028962184,0.02888173773129522,0.008849557522123908,0.04183427192276745,0.007481898632341122,0.015526950925181037,0.0096540627514079,-0.0004022526146419958,-0.002493966210780374,-0.0037007240547063613
156,156,0.9082864038616251,0.9076801311370215,0.8920360186414283,0.9674579504772413,3.015840300902553,-0.7203882570755158,-0.769660829942736,2.672072623800237,2.5076301798216876,0.08567980691874494,0.05808527755430408,0.042558326629123046,0.02590506838294442,0.013676588897827812,0.03515687851971032,0.013032984714400642,0.008849557522123908,0.019710378117457704,-0.0008045052292839916,-0.0031375703942075673,-0.0039420756234915585
157,157,0.911504424778761,0.9115653067379005,0.8980824417948441,0.9622071731325721,2.580065191364829,-0.1796182996154126,-0.7582249019805583,2.8315851488635673,2.119297377117059,0.10040225261464195,0.06677393403057119,0.05124698310539015,0.04094931617055506,0.013032984714400652,0.06355591311343523,0.008769106999195508,0.012952534191472265,0.018342719227674952,-0.0037811745776347603,-0.0033789219629927645,0.001045856798069189
158,158,0.914722445695897,0.9146161943822898,0.9024409858693618,0.9725107617443384,2.68186002412117,0.01911923007169064,-0.909143671525618,2.809532457212891,1.915954712399769,0.09477071600965403,0.0659694288012872,0.05164923572003215,0.046339501206757804,0.007964601769911516,0.0469026548672566,0.01061946902654869,0.011584875301689479,0.02767497988736921,0.0005631536604987942,-0.0014481094127111848,0.0008045052292839916
159,159,0.9340305711987128,0.9335767238669453,0.9181367242266669,0.976544152010459,2.027131800491065,-0.572999997112614,-1.0651443972710373,3.3820506925085896,2.68329533021189,0.10691874497184235,0.08205953338696703,0.054786806114239715,0.042316975060337894,0.018664521319388606,0.07135961383748994,0.01230893000804507,0.018905872888173803,0.023491552695092555,0.0007240547063555924,0.002011263073209979,0.0016090104585679832
160,160,0.9292035398230089,0.9289163043639075,0.9150905396840441,0.9764484276245254,2.4513587985563934,0.09148358110187388,-0.9966732428849625,2.768782133469538,2.102582782075862,0.10241351568785198,0.07039420756234915,0.05148833467417535,0.04746580852775539,0.03773129525341915,0.07674979887369268,0.021480289621882576,0.017699115044247815,0.03338696701528563,0.002574416733708773,-0.0005631536604987942,0.0001609010458567983
161,161,0.9275945293644409,0.9271664738907992,0.9124025962604,0.9732575797552667,2.6073114578476857,-0.021165030580889768,-0.6296221729109263,2.725486378947001,1.8929098877630857,0.10402252614641996,0.07385358004827032,0.05205148833467414,0.045454545454545414,0.02300884955752216,0.04416733708769105,0.009734513274336299,0.01633145615446503,0.01713596138374902,-0.0001609010458567983,0.004263877715205156,-0.00193081255028158
162,162,0.9235720032180209,0.923548689841519,0.9135753668426734,0.9693369118118965,3.3407127092893765,0.1326868819193644,-0.5791650766414781,2.4104300310265265,1.2290873704934187,0.09774738535800484,0.06629123089300079,0.04408688656476263,0.0379726468222043,0.021319388576025777,0.032180209171359594,0.010860820595333887,0.010941271118262286,0.018825422365245405,-0.0012872083668543865,0.0003218020917135966,0.0005631536604987942
163,163,0.917135961383749,0.9167706977328322,0.9009587077437049,0.9686916911995544,3.2986445566571057,-0.06851119677109693,-0.7108675073173086,2.440987487119331,1.621343165526267,0.09219629927594529,0.06926790024135157,0.05382139983909893,0.019227674979887387,0.006194690265486735,0.026387771520514868,0.010860820595333887,0.0074014481094127225,0.005229283990345945,0.0012872083668543865,-0.0012067578439259874,-0.0016894609814963823
164,164,0.912308930008045,0.912282020077598,0.9007614524552241,0.9663786758262942,3.2137500991164525,-0.31577264492058893,-0.8271075237193192,2.8695509976153097,1.5806147765740464,0.09782783588093316,0.07296862429605792,0.044328238133547825,0.031134352373290364,0.01142397425583267,0.033789219629927536,0.006596942880128731,0.012630732099758669,0.008527755430410311,-0.0008045052292839916,8.045052292839915e-05,-0.000482703137570395
165,165,0.9219629927594529,0.9214307179498284,0.9034277412064358,0.9719646284371581,2.4625976159529235,-0.4852326859346329,-0.7928028799828026,2.8817180357086314,2.5567950601959204,0.09436846339501209,0.05937248592115847,0.06138374899436845,0.03346741753821396,0.010699919549477088,0.05551086082059531,0.016572807723250225,0.01238938053097347,0.018744971842317004,0.0012872083668543865,-0.002091713596138378,-0.002493966210780374
166,166,0.9227674979887369,0.9221345470233983,0.9061172828791297,0.9714517155586414,2.200575832846171,-0.08508071019639045,-0.9742993174910338,2.8247599097784826,2.469033041511798,0.099597747385358,0.07039420756234915,0.05551086082059531,0.033386967015285575,0.013676588897827857,0.048028962188254185,0.006516492357200332,0.009171359613837504,0.018020917135961413,-0.0033789219629927645,0.0004022526146419958,-0.0003218020917135966
167,167,0.9275945293644409,0.9274442334368672,0.9143513120840882,0.9723233663970154,2.2615517870056934,-0.03341406560531511,-0.8210902208609003,2.840100769230619,2.29563314177298,0.09629927594529368,0.06983105390185036,0.07127916331456155,0.04754625905068379,0.023411102172164154,0.05720032180209169,0.01729686242960582,0.015607401448109437,0.029927594529364478,0.002493966210780374,0.003620273531777962,0.00193081255028158
168,168,0.9090909090909091,0.9084337888250171,0.8915485900317446,0.9654719975901939,2.543554096251746,0.23922772770452683,-0.6754052382248058,3.3598235318974448,1.0375207710036733,0.08085277554304102,0.04923572003218017,0.04207562349155265,0.019871279163314513,0.006516492357200332,0.04223652453740945,0.005229283990345945,0.00860820595333871,0.011021721641190663,-0.003620273531777962,-0.002011263073209979,-0.0030571198712791682
169,169,0.9251810136765889,0.9247072817018467,0.9090747446010603,0.970577689477211,2.517647968903834,-0.3418293484067217,-0.7596445078019289,2.668402664154101,2.4524477810459224,0.10128720836685438,0.07393403057119871,0.066130329847144,0.049959774738535766,0.023732904263877752,0.06484312148028962,0.012791633145615466,0.013113435237329062,0.022687047465808564,-0.0012872083668543865,-0.0011263073209975883,-0.00096540627514079
170,170,0.916331456154465,0.9159467346917352,0.9006045519203414,0.9658488414469275,2.997874782982018,0.436278277288761,-0.6760712188945409,3.2814185631645367,0.4692749791355564,0.08125502815768304,0.07337087691069992,0.03242156074014475,0.023572003218020898,0.03821399839098949,0.03258246178600155,0.00667739340305713,0.009412711182622702,0.006516492357200332,-0.0023330651649235757,-0.002172164119066777,-0.00193081255028158
171,171,0.913917940466613,0.9136715617210323,0.8998565279770445,0.9675431148068984,1.5695533267743753,0.005164524016240135,-0.5799400483446834,3.341098300368573,2.1660255488427245,0.09058728881737728,0.05728077232502009,0.046983105390185,0.022284794851166502,0.0031375703942075673,0.033869670152855934,0.012148028962188273,0.009251810136765903,0.01246983105390187,-0.0028962188254223697,-0.0023330651649235757,0.0001609010458567983
172,172,0.9058728881737731,0.904778361959442,0.8851446089839732,0.9634756724763104,2.2087468665747525,-0.12648289316200134,-0.9599956126453424,2.7118250024922537,2.7254514455790892,0.08632341110217212,0.05494770716009652,0.04955752212389377,0.03958165728077227,0.01303298471440062,0.055028157683024916,0.01440064360418336,0.013676588897827791,0.02590506838294442,-0.002574416733708773,-0.0014481094127111848,0.0008849557522123908
173,173,0.9235720032180209,0.9235003715709531,0.9126328580212573,0.9745761719321875,3.1767002227133316,0.2719943181070666,-0.7212560845089095,2.365576856259002,1.3434158533312819,0.08873692679002416,0.06717618664521319,0.048028962188254185,0.03403057119871274,0.013757039420756257,0.03998390989541427,0.00764279967819792,0.013998390989541453,0.00667739340305713,-0.0001609010458567983,0.0004022526146419958,-0.004263877715205156
174,174,0.910699919549477,0.9106710152554216,0.8977829965733192,0.96902103273071,2.112397380318423,0.19688291038761113,-0.6141293703449462,2.8362188668466426,1.9166289778825483,0.09678197908286398,0.06251005631536603,0.04497184231697502,0.03547868061142392,0.018986323411102134,0.06387771520514882,0.007320997586484324,0.018101367658889755,0.029927594529364377,-0.0013676588897827858,-0.0030571198712791682,-0.0027353177795655715
175,175,0.9251810136765889,0.9250084970456985,0.9123700224506677,0.9706043956043956,2.845879363203864,-0.46120557867782624,-0.5122049551932004,2.726635451439065,2.0403810422421382,0.10152855993563958,0.06363636363636363,0.04328238133547864,0.029927594529364464,0.0061142397425583365,0.04352373290426383,0.016894609814963824,0.009010458567980707,0.017860016090104614,0.0017699115044247816,-0.00193081255028158,0.0026548672566371724
176,176,0.9219629927594529,0.9219381757933872,0.9109813372883451,0.9694663676866124,2.1209496856110372,-0.19437545438387785,-0.9107793700034641,3.4497520570345586,1.9423268270736826,0.10281576830249395,0.06983105390185036,0.054143201930812526,0.040627514078841465,0.024296057924376536,0.07819790828640387,0.01729686242960582,0.02180209171359617,0.022847948511665363,0.0004022526146419958,-0.0001609010458567983,8.045052292839915e-05
177,177,0.9042638777152051,0.9042351980533256,0.8922135150218584,0.9592625104641428,2.7494925871351463,-0.16840578696800398,-0.7657167364405776,2.9345244701582693,1.8898208751450372,0.08978278358809325,0.06323411102172163,0.04577634754625901,0.027272727272727205,0.011584875301689435,0.054223652453740924,0.005792437650844728,0.00925181013676587,0.006677393403057108,-0.0027353177795655715,-0.0029766693483507687,-0.0012872083668543865
178,178,0.9275945293644409,0.9274298084617003,0.9176036351126655,0.9762456281176538,2.935467311675501,-0.09866832881284605,-0.9234280438618948,2.4013375098897036,2.2010242369487436,0.11045856798069184,0.0655671761866452,0.06436041834271922,0.04215607401448107,0.020434432823813388,0.07103781174577635,0.01625100563153663,0.019790828640386192,0.02461786001609014,-0.0016090104585679832,0.0008849557522123908,-0.0014481094127111848
179,179,0.9227674979887369,0.9229750412075823,0.917251017716874,0.9752250444355256,2.9423536258321645,-0.22123718377797166,-0.705667760606713,2.752857088483344,1.7925707699587694,0.12502011263073207,0.06878519710378117,0.05140788415124695,0.04465004022526142,0.013917940466613054,0.06138374899436845,0.010217216411906694,0.012067578439259874,0.016894609814963824,-0.002172164119066777,-0.0032984714400643655,0.0
180,180,0.9235720032180209,0.9234575255760646,0.9129186602870814,0.9751486153400029,2.9650215705682963,-0.5456927797173283,-0.7551459313430177,2.4449066140737443,2.5115479066539073,0.10273531777956554,0.07377312952534192,0.06009654062751406,0.029766693483507644,0.008930008045052307,0.06210780370072404,0.004987932421560748,0.005229283990345945,0.02107803700724057,-0.0023330651649235757,-0.0018503620273531806,-0.001045856798069189
181,181,0.912308930008045,0.9116240309264307,0.8948801081887061,0.9674711467887257,2.6616247855626076,0.10314028400795344,-0.6924290768974333,2.4164352803571223,2.092250036244318,0.10547063555913108,0.05213193885760255,0.06025744167337086,0.03258246178600155,0.01794046661303299,0.052212389380530945,0.013274336283185851,0.007884151246983117,0.0222043443282381,-0.0061142397425583365,-0.0032180209171359664,-0.002172164119066777
182,182,0.917940466613033,0.9179891864978833,0.9084649102409078,0.9700115105571573,2.817419804748691,-0.20977021586467737,-0.9862096596308155,3.232451376789065,1.6612615727706666,0.10418342719227669,0.07683024939662109,0.052855993563958134,0.029283990345937216,0.007803700724054718,0.05406275140788412,0.007079646017699126,0.01432019308125505,0.021560740144810943,0.0011263073209975883,0.000482703137570395,-0.002011263073209979
183,183,0.9324215607401448,0.9321296173589562,0.9173595454955361,0.975002254486428,2.6673329149221905,-0.4343520797204255,-0.7038371563721736,2.705345712245512,2.330789693473238,0.10474658085277558,0.06790024135156877,0.05261464199517295,0.03909895414320195,0.027192276749798915,0.05253419147224454,0.01721641190667742,0.012228479485116673,0.029123089300080496,0.0039420756234915585,0.005068382944489147,0.0016894609814963823
184,184,0.9058728881737731,0.9057223339712653,0.8915686020949178,0.9676915932896794,2.3607120920587343,-0.5080383629504588,-1.0041475760857712,3.342117611293,2.333328631993298,0.09203539823008841,0.065728077232502,0.04328238133547864,0.028962188254223586,0.012469831053901825,0.057039420756234895,0.006194690265486735,0.006355591311343533,0.030973451327433565,-0.0031375703942075673,-0.0012872083668543865,-0.0023330651649235757
185,185,0.9074818986323411,0.9069577639347626,0.8894480051320985,0.9634337976940869,3.069182000701571,0.07930663831862036,-0.5400776477014021,2.9906209675931765,0.9979876252386604,0.10056315366049873,0.06741753821399839,0.03572003218020912,0.028479485116653193,0.008930008045052307,0.03443282381335473,0.006838294448913917,0.020514883346741675,0.01053901850362029,-0.0012067578439259874,-0.0007240547063555924,-0.00193081255028158
186,186,0.916331456154465,0.9158310271575714,0.8993437217121427,0.9654021137274725,2.1632847125334127,-0.27887120223737866,-0.8999847791522062,2.9239727026608544,2.7010505402740432,0.0912308930008045,0.06226870474658084,0.050522928399034564,0.04239742558326624,0.010860820595333887,0.0562349155269509,0.008688656476267109,0.01230893000804507,0.03378921962992755,0.00096540627514079,0.0012872083668543865,0.0014481094127111848
187,187,0.9251810136765889,0.9248386751479568,0.9120204825551119,0.9758896024995659,2.2439232942358736,-0.10320400957879224,-0.34153373660843717,3.1700365472268,1.5658375340158006,0.09613837489943686,0.05526950925181011,0.04070796460176986,0.03443282381335476,0.017699115044247815,0.036765888978278316,0.011906677393403075,0.020032180209171392,0.01440064360418345,-0.0002413515687851975,-0.0012872083668543865,-0.0008045052292839916
188,188,0.910699919549477,0.910110559280222,0.89377990430622,0.9624938379005364,2.387310204244968,-0.10282596125616368,-0.662706846998536,3.024669011096183,1.9114029349279251,0.10675784392598546,0.08004827031375704,0.049396621078036974,0.03193885760257435,0.020514883346741696,0.027835880933225997,0.010056315366049895,0.015446500402252605,0.017377312952534175,0.0016090104585679832,-0.0001609010458567983,-0.0012067578439259874
189,189,0.9034593724859211,0.9032451575736571,0.8914006484906608,0.9641275060510571,3.6095581866972917,-0.19056888551689422,-0.5896266080510325,2.469313494930687,1.398392441090116,0.09340305711987121,0.06017699115044246,0.03362831858407074,0.027353177795655603,0.006999195494770705,0.029364440868865582,0.00386162510056316,0.013676588897827791,0.006436041834271933,-0.002172164119066777,-0.0016894609814963823,-0.002172164119066777
190,190,0.9251810136765889,0.925154607473388,0.9125324048954,0.968586845119672,2.659624780006221,-0.1360383299980872,-0.9524596478868692,2.7737195568176443,2.2385609213712483,0.10941271118262266,0.0752212389380531,0.056154465004022505,0.049959774738535766,0.011665325824617878,0.06942880128720837,0.02180209171359617,0.02027353177795659,0.023491552695092555,0.002011263073209979,0.001045856798069189,0.001045856798069189
191,191,0.916331456154465,0.9161179644223272,0.9027633638810224,0.9677900711215868,3.0461617079413568,-0.336234500984198,-0.7552192519985903,2.713030833088119,1.9451831676769886,0.09766693483507638,0.062429605792437635,0.059613837489943665,0.04014481094127107,0.013676588897827857,0.041673370876910656,0.019227674979887387,0.015607401448109437,0.01335478680611426,0.0011263073209975883,0.000482703137570395,-0.0001609010458567983
192,192,0.9211584875301689,0.9205921181552228,0.9043204467655065,0.9700647249190938,1.9897145520722972,-0.1994503753300556,-0.6373030532479784,2.734539556929912,2.7061240528730552,0.09364440868865648,0.05945293644408687,0.0659694288012872,0.03740949316170551,0.012791633145615466,0.06629123089300079,0.017377312952534217,0.013998390989541453,0.03515687851971032,-0.0015285599356395841,-0.0012872083668543865,0.0003218020917135966
193,193,0.9259855189058729,0.925391837536538,0.9087116614776638,0.9668079717155371,2.8895272288630056,-0.03707626443681741,-0.810741342483531,2.307052040977097,2.2363630491912088,0.10225261464199517,0.06798069187449718,0.049155269509251774,0.042316975060337846,0.018744971842317004,0.0658889782783588,0.016090104585679832,0.016733708769107025,0.03588093322606596,-0.0001609010458567983,0.004505229283990353,0.0026548672566371724
194,194,0.9235720032180209,0.9228072737042239,0.9065162046969306,0.9729139849538031,2.5413412144590044,-0.530354573520204,-0.7282633611940381,2.892843419648238,2.396824375246605,0.10394207562349153,0.07691069991954949,0.06009654062751406,0.03813354786806109,0.015687851971037836,0.07031375703942075,0.014561544650040248,0.019388576025744196,0.025181013676588915,0.0006436041834271932,0.002493966210780374,0.0029766693483507687
195,195,0.9251810136765889,0.9248283077239459,0.9113890343984634,0.966576450730458,2.942049903122088,-0.20112482348984473,-0.7696688394802732,2.881671694008417,1.7882798869062602,0.0942075623491553,0.0760257441673371,0.0467417538213998,0.029525341914722447,0.014239742558326652,0.04867256637168138,0.011423974255832681,0.009251810136765903,0.01745776347546262,-0.002574416733708773,0.0015285599356395841,0.0006436041834271932
196,196,0.917135961383749,0.9173395790481912,0.9105639549249803,0.9716356071968325,2.5185032279768063,-0.1366283301137074,-0.6721743745536389,2.8418567375294965,1.9830117322887604,0.1036202735317779,0.06170555108608204,0.042316975060337846,0.044328238133547825,0.007320997586484324,0.05012067578439257,0.01246983105390187,0.00667739340305713,0.01625100563153663,-0.00096540627514079,-0.000482703137570395,-0.0023330651649235757
197,197,0.918744971842317,0.9184739624356731,0.905868399100957,0.9726203165187571,2.931096687255828,-0.3410067045201318,-0.6735891779403379,3.2336290010749504,1.3586846073855046,0.10281576830249395,0.061625100563153644,0.05156878519710375,0.029364440868865617,0.020756234915526972,0.029847144006436,0.008447304907481912,0.012630732099758669,0.0095736122284795,0.0017699115044247816,0.00193081255028158,-0.002011263073209979
198,198,0.9243765084473049,0.9241152350049402,0.9129307379164038,0.970377271945416,1.7437786175535546,-0.3116083039704768,-0.6666549298559988,3.31387686636355,2.4104153035563334,0.10209171359613836,0.07087691069991955,0.060498793242156054,0.03346741753821397,0.016572807723250225,0.05293644408688654,0.016009654062751434,0.01520514883346744,0.026387771520514892,0.0031375703942075673,0.002493966210780374,0.0017699115044247816
199,199,0.9243765084473049,0.9238472446234728,0.9066519972918077,0.971896566059699,2.762888252043528,-0.13560467099260692,-1.2070357976175827,2.5570972564574497,2.555951014789628,0.09702333065164927,0.07208366854384554,0.05470635559131132,0.04328238133547864,0.021399839098954175,0.06291230893000803,0.011343523732904282,0.007079646017699126,0.021721641190667763,-8.045052292839915e-05,0.002413515687851975,-0.0018503620273531806
200,200,0.911504424778761,0.9109975570152562,0.8922002694207454,0.9643466546924113,2.438885624129179,-0.07146165833176872,-0.5816594597530897,2.5906354190675387,2.2237424115244626,0.0966210780370072,0.06765888978278359,0.04818986323411099,0.02783588093322601,0.01238938053097347,0.04481094127111822,0.01609010458567981,0.01255028157683027,0.02035398230088492,0.0032984714400643655,0.0007240547063555924,-0.0013676588897827858
201,201,0.9308125502815768,0.9307657657181627,0.9196510560146924,0.9722252036301623,3.4490072607494096,-0.47313241469931927,-0.8124137309776283,2.8031630226918995,1.6423578720034617,0.101206757843926,0.05945293644408687,0.04963797264682217,0.035478680611423986,0.014722445695897046,0.044730490748189834,0.005068382944489147,0.0189863234111022,0.0192276749798874,-0.002172164119066777,0.0006436041834271932,-0.000482703137570395
202,202,0.9340305711987128,0.9336600118027016,0.9223068221866011,0.9770357991428215,2.821857893812961,-0.041116372022503685,-0.85867643001139,2.8726720622381743,1.5933587566323795,0.09814963797264685,0.07296862429605792,0.055349959774738514,0.039098954143201935,0.010860820595333887,0.039501206757843944,0.01230893000804507,0.011343523732904282,0.012791633145615466,0.0012067578439259874,-0.0004022526146419958,-0.000482703137570395
203,203,0.9243765084473049,0.9241295239718477,0.9139250245583751,0.9772671780865476,2.9447122980565124,-0.05353006018206776,-0.6831718972247357,2.779252376318859,1.486762777540149,0.10128720836685438,0.0650844730490748,0.046259050683829406,0.03041029766693485,0.012067578439259874,0.0373290426387771,0.010378117457763491,0.01697506033789222,0.00860820595333871,0.0006436041834271932,0.0001609010458567983,0.0006436041834271932
204,204,0.9316170555108608,0.9314683961736852,0.9208159514571603,0.9748592432684733,2.428867905055473,-0.6555019179830984,-0.9079068441586364,3.233493371693055,2.442055680257994,0.10241351568785202,0.07530168946098151,0.05824617860016088,0.034835076427996804,0.02510056315366054,0.07288817377312953,0.011745776347546278,0.007964601769911516,0.02976669348350768,-0.0007240547063555924,8.045052292839915e-05,-0.0007240547063555924
205,205,0.911504424778761,0.9112238249873971,0.896959222346996,0.9648634896125772,2.480067023161192,-0.44787360852886315,-0.5892994354965363,2.644056572382693,2.6721800777255464,0.10104585679806913,0.050844730490748155,0.07168141592920355,0.030812550281576766,0.004907481898632349,0.0650844730490748,0.0095736122284795,0.0053901850362027435,0.026226870474658028,-0.0012067578439259874,-0.0028157683024939706,-0.0008849557522123908
206,206,0.910699919549477,0.910339389425873,0.8958556180820388,0.9711654729792577,2.8524592977971306,-0.23339214521753782,-0.7570936393777983,2.978876515564941,1.707979408924288,0.10144810941271112,0.05728077232502009,0.035237329042638724,0.028077232502011197,0.013596138374899447,0.046500402252614606,0.004666130329847151,0.015205148833467418,0.01954947707160092,0.0005631536604987942,0.00193081255028158,-0.0001609010458567983
207,207,0.9203539823008849,0.9199906280432594,0.9037601504657273,0.9729788631478385,2.7461580597816897,0.09364399510835081,-0.7818096914815746,2.7483993979427477,1.655664406614275,0.08769106999195497,0.05293644408688654,0.03813354786806109,0.0313757039420756,0.0096540627514079,0.03435237329042633,0.012872083668543866,0.014078841512469853,0.008045052292839916,-0.0008045052292839916,0.0012872083668543865,-0.0012872083668543865
208,208,0.9074818986323411,0.9069129267178258,0.8898084539623567,0.9665889733973572,2.319876038255847,-0.30692480163940183,-0.6132321637046254,2.928385836565782,2.283746616596335,0.10474658085277548,0.07296862429605791,0.0473049074818986,0.03829444891391789,0.029283990345937184,0.05888978278358807,0.015526950925180971,0.01568785197103777,0.02107803700724048,0.0008849557522123908,0.0032180209171359664,0.0015285599356395841
209,209,0.9211584875301689,0.9209678193735809,0.9093301435406698,0.9726112802667826,2.1967023913745045,-0.1709576810649593,-0.8563814754095238,3.0231495514345137,2.365952988734224,0.10651649235720032,0.07320997586484312,0.05977473853580047,0.03563958165728072,0.01745776347546262,0.06395816572807722,0.013596138374899458,0.016009654062751434,0.028720836685438435,0.001045856798069189,-0.003459372485921164,-0.002172164119066777
210,210,0.9259855189058729,0.9263522712142962,0.9179773739098616,0.972699274257486,2.2965472804063785,-0.5623500667536147,-0.6960759737840834,2.98120044208572,2.629970573237616,0.11126307320997583,0.0662107803700724,0.06363636363636363,0.04617860016090101,0.017377312952534217,0.06958970233306516,0.011826226870474677,0.015607401448109437,0.027192276749798915,0.000482703137570395,-0.002091713596138378,0.000482703137570395
211,211,0.914722445695897,0.914831886850862,0.9038679965215539,0.96205062677102,3.034729193528434,-0.22472483905922414,-0.6784121555752274,3.161677312301056,1.2940918114342266,0.09420756234915525,0.06822204344328238,0.04376508447304903,0.03499597747385352,0.013757039420756257,0.051327433628318556,0.010699919549477088,0.01625100563153663,0.014481094127111849,0.001045856798069189,0.002091713596138378,0.0017699115044247816
212,212,0.9235720032180209,0.9234964775040367,0.9115868286528335,0.9795967326339732,2.525932424096569,-0.9283873778403648,-0.8284663037286586,2.8988848375686107,2.9651160569094386,0.09613837489943687,0.06725663716814159,0.053982300884955724,0.036926790024135105,0.006838294448913929,0.06009654062751406,0.009251810136765903,0.007079646017699126,0.02188254223652456,-0.0008045052292839916,-0.004183427192276756,-0.0022526146419951766
213,213,0.9243765084473049,0.924073214704275,0.9098384142738981,0.9722113907597778,2.511427967586191,-0.467240591593496,-0.8106653567722218,3.481770782811943,1.8360978291097902,0.09678197908286405,0.057683024939662084,0.031858407079646,0.0372485921158487,0.028157683024939685,0.03740949316170551,0.01061946902654869,0.013515687851971058,0.019147224456959,0.0012872083668543865,-0.0015285599356395841,-8.045052292839915e-05
214,214,0.913917940466613,0.9139888956964851,0.9055100051602545,0.9740152514190701,2.9624456855865042,-0.4461817526810755,-0.8129536154580683,3.013640143138849,1.7987613784365581,0.112711182622687,0.06492357200321801,0.04505229283990342,0.03226065969428795,0.0037811745776347603,0.041190667739340256,0.005792437650844739,0.008205953338696715,0.0061142397425583365,-0.004344328238133554,-0.002011263073209979,-0.0016090104585679832
215,215,0.913917940466613,0.9135856421284425,0.8968583523165504,0.9637644765714217,2.7302535777313617,0.1799266478452538,-0.9094978628824318,2.0242093990922814,2.5688039190616676,0.10257441673370873,0.06806114239742558,0.07200321802091714,0.03684633950120671,0.015768302493966223,0.06983105390185036,0.012872083668543866,0.008527755430410311,0.046339501206757804,0.002413515687851975,-0.002091713596138378,-0.0018503620273531806
216,216,0.919549477071601,0.9188258300129127,0.8999796433755414,0.9673585952158983,2.8448568317149654,0.3114300329664889,-0.550855729470767,1.8032467180401681,2.133204213141693,0.10217216411906674,0.06830249396621077,0.06170555108608204,0.027674979887369233,0.010378117457763491,0.054143201930812526,0.014239742558326652,0.016733708769107025,0.022526146419951744,0.005551086082059542,0.00193081255028158,0.001045856798069189
217,217,0.917940466613033,0.9174939529197986,0.9034682580868362,0.9700167214438101,2.8594579222008387,0.019398669808978544,-0.48061798581088955,2.838449402414312,1.3176288593277443,0.09951729686242958,0.0563153660498793,0.048511665325824585,0.028238133547868038,0.011906677393403075,0.03628318584070791,0.0032180209171359664,0.009090909090909104,0.018503620273531807,-0.002574416733708773,-0.0012872083668543865,-0.001045856798069189
218,218,0.9259855189058729,0.9255219689273368,0.909158262955968,0.9725320410029814,2.844949561619417,0.2572146007240118,-0.7239109676327797,2.4115997407495238,1.685209716940728,0.1026548672566372,0.06387771520514882,0.06057924376508446,0.05446500402252612,0.024698310539018543,0.05864843121480288,0.007964601769911516,0.013032984714400665,0.020836685438455384,0.002413515687851975,0.002011263073209979,0.0022526146419951766
219,219,0.9316170555108608,0.931636082034582,0.9244716329154612,0.9732028057124489,2.6639697842462318,-0.5058180625822004,-0.8607870352044411,2.4408963353346365,2.832993008420174,0.12429605792437648,0.08012872083668546,0.06492357200321801,0.04835076427996778,0.016894609814963824,0.0743362831858407,0.010860820595333887,0.009251810136765903,0.02775543041029771,0.0027353177795655715,0.004344328238133554,0.00193081255028158
220,220,0.9227674979887369,0.9225525182885463,0.9080973136505772,0.968156027096674,3.6716030594164724,-0.017642650297990253,-0.9451983191233465,1.9869712807705635,1.8861696400687609,0.09710378117457763,0.0566371681415929,0.053338696701528535,0.039903459372485885,0.009010458567980707,0.05430410297666932,0.012791633145615466,0.007320997586484324,0.022526146419951765,0.0015285599356395841,0.0007240547063555924,0.0007240547063555924
221,221,0.917135961383749,0.9165112677249222,0.8973444590398854,0.9696739909242894,2.8507879222967274,-0.19202651412154076,-0.7403207534474087,2.726110111896508,1.8162340600594145,0.09131134352373291,0.061866452131938844,0.05237329042638774,0.02606596942880126,0.011343523732904282,0.05293644408688654,0.008125502815768315,0.016492357200321817,0.021158487530168933,-0.0032984714400643655,-0.0041029766693483575,8.045052292839915e-05
222,222,0.9203539823008849,0.9207299002038996,0.9105238778865739,0.9736619303541192,3.0235780598932673,-0.29939816257629615,-0.9919073442409493,2.8351216619013795,2.058193058050188,0.10699919549477066,0.0668543845534996,0.06065969428801286,0.042880128720836644,0.015044247787610644,0.06878519710378117,0.011182622687047483,0.013274336283185861,0.017699115044247815,-0.0004022526146419958,0.0007240547063555924,0.0
223,223,0.912308930008045,0.912037169213006,0.9002220177614209,0.9645057318871224,2.6469390576491967,-0.0717861571779404,-0.7139085288645464,3.1694065957423043,1.5501244817882531,0.09710378117457759,0.06436041834271922,0.042316975060337846,0.032260659694287964,0.008125502815768315,0.03330651649235715,0.00764279967819792,0.009171359613837504,0.004907481898632349,-0.005068382944489147,-0.003539823008849563,-0.002172164119066777
224,224,0.9243765084473049,0.9239965808804828,0.9122358264270205,0.9742363266373362,2.620136062748028,-0.13556342033019317,-0.914124163369385,2.8683651017209137,2.0700378645324484,0.08809332260659697,0.060418342719227656,0.05486725663716811,0.02960579243765088,0.011745776347546278,0.05068382944489136,0.010699919549477088,0.017860016090104614,0.017699115044247815,-0.0018503620273531806,-0.0015285599356395841,-0.002413515687851975
225,225,0.9219629927594529,0.9219913253442177,0.9087174903162645,0.9694042602355717,2.150569534958683,-0.2233178830121349,-0.846048343600575,3.0046726355558886,2.4231814267281684,0.10088495575221239,0.06395816572807722,0.05526950925181011,0.03362831858407076,0.015044247787610644,0.0569589702333065,0.016733708769107025,0.00474658085277555,0.03829444891391789,0.0008045052292839916,0.001045856798069189,0.0018503620273531806
226,226,0.915526950925181,0.9156966713040251,0.9075468637764441,0.964298954978335,2.4783776022730075,-0.2867578565549773,-0.8276069670521533,3.154817537531758,2.0594328537727074,0.11681415929203535,0.06122284794851165,0.057924376508447284,0.03218020917135955,0.01335478680611426,0.053901850362027326,0.01633145615446503,0.017860016090104614,0.021480289621882552,0.00193081255028158,0.0012067578439259874,-8.045052292839915e-05
227,227,0.9235720032180209,0.9233659434624994,0.9119713012787132,0.9719666724526993,3.1621177271870944,-0.3752323508991203,-0.7035551533222951,2.391645862541988,2.112750915219956,0.10056315366049877,0.07618664521319389,0.0658889782783588,0.029525341914722447,0.027835880933226087,0.04440868865647622,0.009814963797264698,0.015929203539823033,0.01520514883346744,0.004666130329847151,0.0027353177795655715,0.005631536604987941
228,228,0.9227674979887369,0.9221622498255292,0.9056740278304501,0.9690393535400681,3.3593499762096974,0.12677184249553825,-0.699977231443833,2.5356471080016565,1.1834708697544751,0.10418342719227673,0.06967015285599357,0.03990345937248587,0.03403057119871276,0.01544650040225264,0.04762670957361219,0.011423974255832681,0.01061946902654869,0.02276749798873696,0.001045856798069189,0.0012067578439259874,0.0001609010458567983
229,229,0.9219629927594529,0.9216818783296389,0.9078105596459323,0.9728387214482876,2.6793498893412697,0.16707860616084216,-0.6674981631534302,2.7558392303330987,1.478787988847921,0.09814963797264681,0.05486725663716811,0.04617860016090101,0.045695897023330614,0.014883346741753845,0.060498793242156054,0.01432019308125505,0.01721641190667742,0.02123893805309738,0.0037007240547063613,0.000482703137570395,0.0016090104585679832
230,230,0.913917940466613,0.9137794420170117,0.9005685329378321,0.9577072702767919,3.1389785931121117,0.2312866011403714,-0.5943638170817498,2.2166537814860146,1.5580485431847422,0.10410297666934828,0.06234915526950924,0.05012067578439257,0.03330651649235715,0.012952534191472265,0.04843121480289618,0.016090104585679832,0.020434432823813343,0.013676588897827857,0.0023330651649235757,0.0003218020917135966,0.002172164119066777
231,231,0.919549477071601,0.918864407272517,0.9029997244799559,0.9711163153786105,3.0702438231812916,-0.08428869611275405,-0.8164679898269911,2.8415639179656766,1.4160730954894554,0.1053097345132743,0.06926790024135157,0.042638777152051444,0.02349155269509252,0.015848753016894635,0.02493966210780372,0.006436041834271933,0.016814159292035426,0.005551086082059542,-0.0029766693483507687,-0.0001609010458567983,-0.00096540627514079
232,232,0.917135961383749,0.9170601315591272,0.9058335227239617,0.967692872502229,2.1698461493161623,-0.0824253453471589,-0.617484361814791,3.1714180147605626,1.829518136943244,0.09469026548672564,0.0659694288012872,0.05744167337087689,0.031053901850361977,0.017055510860820612,0.07771520514883348,0.010136765888978294,0.018342719227674997,0.015768302493966234,-0.000482703137570395,-0.002574416733708773,-0.0002413515687851975
233,233,0.9275945293644409,0.9275945293644409,0.9184121473788617,0.9688205606931356,2.55877432516681,-0.16900326918371752,-0.7562507154670999,2.7204456453548023,2.2446246833687153,0.09654062751407887,0.08873692679002416,0.05824617860016088,0.04207562349155268,0.03757039420756232,0.05776347546259049,0.012791633145615466,0.008527755430410311,0.01246983105390187,0.005229283990345945,-0.0001609010458567983,0.0001609010458567983
234,234,0.9058728881737731,0.9059007456229874,0.894741349777321,0.9634307082179293,2.6534872229423243,-0.25137827204494956,-0.49062094679451373,2.9400988493289626,1.7434807349227457,0.09782783588093316,0.06347546259050682,0.041190667739340256,0.03596138374899431,0.008769106999195498,0.036926790024135105,0.006033789219629937,0.009010458567980684,0.017135961383748944,-0.002413515687851975,-0.0015285599356395841,-0.0004022526146419958
235,235,0.909895414320193,0.9093841846943427,0.893459038694075,0.9636458236443121,3.0311135333968435,0.09942921797927158,-0.9126795888848641,2.5639932674792227,1.7034893699665958,0.1036202735317779,0.06218825422365244,0.050201126307320966,0.02687047465808521,0.014320193081255006,0.04183427192276745,0.011021721641190686,0.020997586484312103,0.016331456154464984,-0.0003218020917135966,-0.000482703137570395,-0.000482703137570395
236,236,0.9227674979887369,0.922480530386909,0.9097031671472422,0.9722177006790067,2.358421268259958,-0.13978604361191593,-0.877468966079048,2.529891086931429,2.6144028119410545,0.10402252614641991,0.06926790024135157,0.06138374899436845,0.036926790024135105,0.015848753016894635,0.06476267095736121,0.01343523732904266,0.009895414320193096,0.023008849557522148,-0.002011263073209979,0.0008849557522123908,-0.0007240547063555924
237,237,0.9275945293644409,0.927344036151818,0.9132559359832086,0.9706301503822166,3.468428214678492,-0.7760882903705036,-1.1379911638021596,3.0092874736068946,1.9930314698418783,0.09943684633950121,0.0761061946902655,0.05269509251810134,0.03298471440064362,0.02847948511665329,0.04529364440868862,0.0074014481094127225,0.013998390989541453,0.029847144006436076,-0.0033789219629927645,-0.0033789219629927645,-0.0013676588897827858
238,238,0.919549477071601,0.9189444687360878,0.9031042064456403,0.975889602499566,2.272483688393091,-0.2596247462332976,-0.8888284490035739,2.7566261731040527,2.6817569749282213,0.11021721641190663,0.06379726468222043,0.06114239742558325,0.03813354786806109,0.018584070796460204,0.05711987127916329,0.013998390989541453,0.009090909090909104,0.021319388576025767,-0.004585679806918752,-0.0032984714400643655,-0.0026548672566371724
239,239,0.9211584875301689,0.9212058676952495,0.9118721700669569,0.9728268153820155,2.548984080134162,0.05145083432242181,-0.8119398619560391,2.8961765302944387,1.7984886542650287,0.09847144006436041,0.07087691069991955,0.07208366854384554,0.03378921962992755,0.030410297666934816,0.04746580852775539,0.013193885760257462,0.013917940466613054,0.01528559935639584,-0.001045856798069189,-0.0016894609814963823,0.0003218020917135966
240,240,0.913113435237329,0.912802036488514,0.8996773094884865,0.9696474649456506,2.3322324189303374,-0.30662658519987906,-0.7833567430210554,3.237251547381553,2.0285942522588063,0.0913113435237329,0.04794851166532579,0.034030571198712736,0.018744971842316983,0.0008045052292839916,0.05518905872888171,0.008205953338696715,0.010780370072405487,0.021319388576025722,-0.005148833467417546,-0.0032984714400643655,-0.0008045052292839916
241,241,0.9275945293644409,0.9273221288897066,0.9172478206724782,0.9727612362730669,2.46234538481134,-0.23457399781551874,-0.9786414150381246,2.8687300471469204,2.411501406951034,0.11078037007240545,0.0761061946902655,0.06065969428801286,0.03588093322606595,0.018342719227675008,0.06693483507642799,0.01053901850362029,0.010136765888978294,0.02389380530973455,-0.0014481094127111848,0.0,0.000482703137570395
242,242,0.919549477071601,0.9199618686146462,0.909717051377513,0.9676898272647274,2.837097144291658,-0.04254219423336652,-0.3144652343308215,3.1303847642421396,0.9601634729790324,0.08326629123089302,0.06387771520514882,0.03901850362027348,0.02815768302493964,0.0061142397425583365,0.028238133547868048,0.006355591311343533,0.021319388576025777,0.008125502815768315,-0.0041029766693483575,-0.0017699115044247816,-0.0029766693483507687
243,243,0.9227674979887369,0.9224750808941636,0.9118601185416879,0.9690952979974842,3.187900598556909,0.009334808753541597,-1.035242622451376,2.636813404102271,1.6109603135497053,0.10442477876106193,0.07248592115848754,0.045213193885760214,0.034191472244569546,0.010378117457763491,0.04762670957361219,0.01255028157683027,0.01544650040225264,0.009090909090909104,0.000482703137570395,-0.0029766693483507687,0.0022526146419951766
244,244,0.916331456154465,0.9159044575465597,0.9047487065779749,0.9681935765638648,2.80486802051737,-0.10520263118891936,-0.6613269998015018,2.654489630928752,1.8358391949363861,0.1052292839903459,0.06492357200321801,0.0560740144810941,0.046339501206757804,0.01053901850362029,0.06138374899436845,0.011102172164119083,0.009975864843121495,0.02164119066773934,-0.000482703137570395,-0.0013676588897827858,0.0001609010458567983
245,245,0.9211584875301689,0.920804196595446,0.9089918714006596,0.9653437993084708,1.7271375857805877,-0.21350123223753498,-0.618253901518354,2.924493036232857,2.780397162508072,0.10321802091713592,0.05977473853580047,0.07023330651649236,0.048270313757039385,0.012711182622687067,0.06653258246178599,0.016733708769107014,0.02284794851166535,0.025422365245374102,0.00386162510056316,0.0016090104585679832,0.0006436041834271932
246,246,0.9074818986323411,0.9073491241863064,0.8957931827987919,0.9644728894002589,2.401702942528605,0.3313982277683615,-0.6189412733763084,2.9344421046354467,1.4001330836253316,0.09597747385357999,0.05728077232502009,0.03966210780370068,0.04505229283990342,0.009010458567980707,0.018825422365245304,0.008366854384553512,0.01126307320997586,0.01753821399839094,-0.002172164119066777,0.0011263073209975883,-0.002413515687851975
247,247,0.919549477071601,0.9189479988209102,0.9059299191374663,0.9708670260557053,2.121155209202031,-0.06399898367421727,-0.598343413827493,2.620252098825315,2.563551108155361,0.09629927594529364,0.07964601769911506,0.0668543845534996,0.03588093322606593,0.018825422365245405,0.052855993563958134,0.018584070796460194,0.018020917135961413,0.03419147224456953,0.0022526146419951766,0.0012067578439259874,0.006596942880128731
248,248,0.9227674979887369,0.9226179472825204,0.9103103977964935,0.9709612679579309,2.2692983000989866,-0.33653559853188614,-0.9404710415602678,3.4919244604574335,1.9885892477574587,0.11134352373290421,0.07353177795655672,0.05494770716009652,0.04271922767497984,0.035237329042638744,0.057924376508447284,0.010780370072405487,0.02276749798873696,0.016090104585679832,-8.045052292839915e-05,-0.000482703137570395,0.0007240547063555924
249,249,0.9243765084473049,0.9244205926154119,0.9159811849757862,0.9735124081840721,3.192473931814145,-0.11835060431570688,-0.7087440863155774,2.1574269411071745,2.104801281413813,0.11705551086082056,0.06814159292035397,0.06283185840707964,0.04987932421560737,0.006757843925985529,0.07264682220434433,0.011826226870474677,0.010699919549477088,0.02292839903459376,0.002011263073209979,0.002172164119066777,0.0011263073209975883
