,random_seed,accuracy,f1_weighted,balanced_acc,auc,model_weights.random_forest,model_weights.bagging_svc,model_weights.bagging_knn,model_weights.gradient_boosting,model_weights.mlp,feature_importance.A_CO2_vd_scaled,feature_importance.A_top_temperature_scaled,feature_importance.A_low_humidity_scaled,feature_importance.A_top_humidity_scaled,feature_importance.A_low_temperature_scaled,feature_importance.A_low_CO2_scaled,feature_importance.A_top_CO2_scaled,feature_importance.A_low_temperature_fd3_scaled,feature_importance.A_top_temperature_fd3_scaled,feature_importance.A_CO2_vd_fd3_scaled,feature_importance.A_top_CO2_fd3_scaled,feature_importance.A_top_humidity_fd3_scaled,feature_importance.A_top_temperature_fd1_scaled,feature_importance.A_low_CO2_fd1_scaled,feature_importance.A_low_humidity_fd2_scaled,feature_importance.A_low_humidity_fd3_scaled,feature_importance.A_CO2_vd_fd1_scaled,feature_importance.A_low_CO2_fd2_scaled,feature_importance.A_low_temperature_fd2_scaled,feature_importance.A_low_CO2_fd3_scaled,feature_importance.A_top_temperature_fd2_scaled,feature_importance.A_top_humidity_fd1_scaled,feature_importance.A_top_humidity_fd2_scaled,feature_importance.A_low_temperature_fd1_scaled,feature_importance.A_low_humidity_fd1_scaled,feature_importance.A_top_CO2_fd1_scaled,feature_importance.A_top_CO2_fd2_scaled,feature_importance.A_CO2_vd_fd2_scaled
0,0,0.9903459372485921,0.9903566479942054,0.9904092034869354,0.9991179225495773,1.4311269281687622,-0.32367683737258834,1.4218558421392997,6.573280104706801,0.42716055966059446,0.044006436041834227,0.01721641190667742,0.01633145615446503,0.009010458567980707,0.007160096540627525,0.006596942880128731,0.006275140788415135,0.005309734513274345,0.0028157683024939706,0.0017699115044247816,0.0017699115044247816,0.0015285599356395841,0.0014481094127111848,0.0013676588897827858,0.001045856798069189,0.0008045052292839916,0.0007240547063555924,0.0007240547063555924,0.0007240547063555924,0.000482703137570395,0.000482703137570395,0.0004022526146419958,0.0003218020917135966,0.0001609010458567983,8.045052292839915e-05,-0.0002413515687851975,-0.0002413515687851975,-0.0004022526146419958
1,1,0.9823008849557522,0.9823008849557522,0.9803351071479937,0.9983086437508989,1.5522079479366206,-0.4810516923440695,0.987985360324483,6.501393764300906,0.9918686578535603,0.03201930812550276,0.02300884955752206,0.015446500402252627,0.007964601769911516,0.006436041834271933,0.00474658085277555,0.0061142397425583365,8.045052292839915e-05,0.0029766693483507687,0.0017699115044247816,-0.00096540627514079,-0.0016090104585679832,0.002172164119066777,0.0007240547063555924,-0.0001609010458567983,0.0008849557522123908,0.0,8.045052292839915e-05,0.0008045052292839916,-0.0001609010458567983,-0.0001609010458567983,-0.0011263073209975883,-0.0002413515687851975,0.0004022526146419958,-0.0007240547063555924,-0.0028157683024939706,-0.0008849557522123908,0.0
2,2,0.9895414320193081,0.9895445084854769,0.9885805422647528,0.9987240829346093,1.7663088372979148,-0.7191816404734848,1.4684887757433311,6.246672399918703,1.0884726798241133,0.034915526950925126,0.02292839903459374,0.01617055510860823,0.009975864843121495,0.007240547063555924,0.007803700724054718,0.00667739340305713,0.0032180209171359664,0.0007240547063555924,-0.000482703137570395,0.0013676588897827858,-0.0007240547063555924,0.0005631536604987942,-0.0001609010458567983,-0.0012067578439259874,-0.0005631536604987942,0.0,-0.0015285599356395841,8.045052292839915e-05,-0.0004022526146419958,-0.001045856798069189,-0.0018503620273531806,-0.0012067578439259874,0.0001609010458567983,-0.0011263073209975883,-0.0013676588897827858,-0.0006436041834271932,-0.00096540627514079
3,3,0.9823008849557522,0.9823097994366646,0.98119714610131,0.9973477722982018,1.673439865690806,-0.0942082355400207,0.9122046234679668,6.317694408644503,0.831910254813196,0.03073209975864837,0.02654867256637161,0.019790828640386116,0.011906677393403075,0.0094931617055511,0.010056315366049895,0.007803700724054718,0.004585679806918752,0.002011263073209979,0.000482703137570395,0.00193081255028158,0.004183427192276756,0.0017699115044247816,0.0006436041834271932,0.0016894609814963823,0.002172164119066777,0.0,-0.0003218020917135966,0.0008849557522123908,0.0003218020917135966,0.0016090104585679832,0.0022526146419951766,0.0017699115044247816,0.0006436041834271932,0.0008849557522123908,0.0007240547063555924,0.0008849557522123908,0.0008045052292839916
4,4,0.9766693483507642,0.9767064458773574,0.9749926149119698,0.9970755051400213,1.6652239582111312,0.00025278010575133236,0.6291240892020612,6.038253468400282,1.3289721689329397,0.042316975060337846,0.01110217216411905,0.01359613837489938,0.007803700724054718,0.0037007240547063613,0.005631536604987941,0.004022526146419958,0.0016090104585679832,-8.045052292839915e-05,-0.004666130329847151,-0.0031375703942075673,-0.0012872083668543865,-8.045052292839915e-05,-0.0003218020917135966,-0.0028962188254223697,-0.0017699115044247816,-0.0027353177795655715,-0.00193081255028158,-0.0013676588897827858,-0.00096540627514079,-0.0012067578439259874,-0.0023330651649235757,-0.002413515687851975,-0.0026548672566371724,-0.0029766693483507687,-0.0013676588897827858,-0.002413515687851975,-0.002574416733708773
5,5,0.9863234111021721,0.9863188269380158,0.9839368550178347,0.9987971250096765,1.755385985139805,-0.42092137165858845,0.9954247158684171,6.512137202488237,0.7443855604217491,0.02670957361222842,0.013676588897827857,0.013274336283185861,0.006033789219629937,0.0059533386967015375,0.005792437650844739,0.002493966210780374,0.0029766693483507687,0.002172164119066777,-0.0004022526146419958,-0.002011263073209979,0.0006436041834271932,0.002011263073209979,0.0007240547063555924,-0.0011263073209975883,-0.0002413515687851975,-0.0008045052292839916,-0.0008045052292839916,0.0012872083668543865,0.000482703137570395,-0.0001609010458567983,-0.0008849557522123908,-0.0011263073209975883,-0.0004022526146419958,0.00096540627514079,-0.00193081255028158,-0.0018503620273531806,-0.0011263073209975883
6,6,0.9847144006436042,0.9846899516705472,0.9810713823871718,0.9986686338360979,1.6413020224170793,0.05796280464108264,0.6602017089137762,5.996532975787724,1.1231283507303127,0.038616251005631486,0.022606596942880086,0.011826226870474677,0.009975864843121495,0.004666130329847151,0.006355591311343533,0.0033789219629927645,0.0032984714400643655,0.0,-0.0005631536604987942,-0.0004022526146419958,0.0004022526146419958,0.0,0.0008045052292839916,-0.0002413515687851975,0.0008045052292839916,0.0,-0.0005631536604987942,0.0001609010458567983,-0.0013676588897827858,-0.0005631536604987942,-0.0012872083668543865,0.0006436041834271932,-0.0011263073209975883,-0.000482703137570395,-0.000482703137570395,-0.0008849557522123908,8.045052292839915e-05
7,7,0.9863234111021721,0.9862999558933021,0.982538213518032,0.9951098638643421,1.0514658247403954,0.19010753561711347,0.7251264030355893,6.438142099994207,1.2352878486692458,0.03934030571198708,0.022687047465808508,0.016894609814963824,0.012791633145615466,0.010136765888978294,0.0059533386967015375,0.00482703137570395,0.004424778761061954,0.0014481094127111848,0.000482703137570395,-0.000482703137570395,0.0016894609814963823,0.0012067578439259874,0.0006436041834271932,0.002574416733708773,0.0018503620273531806,0.0002413515687851975,0.0006436041834271932,8.045052292839915e-05,0.0005631536604987942,0.00193081255028158,0.0037811745776347603,0.0033789219629927645,8.045052292839915e-05,0.002413515687851975,0.0004022526146419958,0.0011263073209975883,0.0003218020917135966
8,8,0.9855189058728882,0.9855076306951136,0.9819357550879102,0.999100497044932,1.8607149175607516,0.03622420389528421,0.8449901172147009,6.021160483895141,0.6976077869658353,0.04159292035398225,0.022043443282381326,0.01528559935639584,0.011665325824617878,0.0026548672566371724,0.005792437650844739,0.005792437650844739,0.0014481094127111848,0.0005631536604987942,-0.0002413515687851975,0.0007240547063555924,-0.0002413515687851975,0.00096540627514079,-0.0008849557522123908,0.0,-0.0006436041834271932,-0.0005631536604987942,-0.0016090104585679832,0.002011263073209979,-0.00193081255028158,0.0003218020917135966,-0.0016090104585679832,0.0003218020917135966,0.0007240547063555924,-0.002011263073209979,-0.0008045052292839916,-0.0001609010458567983,0.0
9,9,0.9798873692679002,0.9798715151075007,0.9771859667035366,0.9974559686888455,2.025899438621529,0.26511386790953556,1.1453157229010613,5.508196894214342,0.4724922749082142,0.037489943684633896,0.020595333869670086,0.020353982300884876,0.01657280772325015,0.006436041834271933,0.011745776347546278,0.007884151246983117,0.0031375703942075673,0.0014481094127111848,0.0008849557522123908,-0.0004022526146419958,0.0037811745776347603,0.0015285599356395841,0.0004022526146419958,0.0031375703942075673,0.004666130329847151,-0.0002413515687851975,-8.045052292839915e-05,0.0012872083668543865,0.0013676588897827858,0.0015285599356395841,0.002091713596138378,0.0018503620273531806,0.0007240547063555924,0.0037007240547063613,-0.0002413515687851975,-0.0002413515687851975,0.0004022526146419958
10,10,0.9871279163314561,0.9871353741071597,0.9861988659376266,0.9978157727246427,2.0562454230242464,-0.2936305547739937,1.14214746502346,6.327282100119049,0.2686173935034366,0.02968624296057918,0.020514883346741765,0.018664521319388606,0.01053901850362029,0.009412711182622702,0.00386162510056316,0.0041029766693483575,0.0033789219629927645,0.0002413515687851975,0.0002413515687851975,-0.0003218020917135966,0.0007240547063555924,0.00096540627514079,-0.0005631536604987942,0.0013676588897827858,0.0013676588897827858,0.0003218020917135966,-0.0008849557522123908,0.0007240547063555924,-0.0001609010458567983,0.0014481094127111848,-0.0008849557522123908,0.0008045052292839916,0.0008045052292839916,-8.045052292839915e-05,0.0005631536604987942,0.0011263073209975883,-0.0008045052292839916
11,11,0.9823008849557522,0.9822668136527916,0.9780162938057675,0.9983424050409696,1.6159192663203583,0.7285936882629725,0.6272762922283187,6.130334870051402,0.444644284761923,0.044006436041834227,0.0277554304102976,0.01962992759452935,0.014239742558326652,0.006275140788415135,0.0037007240547063613,0.006033789219629937,0.0032984714400643655,0.0015285599356395841,-0.0007240547063555924,0.0008045052292839916,0.0016894609814963823,0.0008045052292839916,0.0012067578439259874,-0.0015285599356395841,0.0003218020917135966,0.0001609010458567983,-8.045052292839915e-05,0.0002413515687851975,0.0012872083668543865,8.045052292839915e-05,-0.00096540627514079,-0.0001609010458567983,0.0005631536604987942,0.0007240547063555924,-0.0004022526146419958,-0.00096540627514079,-0.001045856798069189
12,12,0.9806918744971842,0.9806689474925487,0.9772255949208704,0.9961564751952174,1.7523309900981094,0.7709430816940611,0.9977753332502114,6.129576430670212,-0.09716181950871036,0.040386162510056264,0.017618664521319348,0.017216411906677342,0.010699919549477088,0.011423974255832681,0.006918744971842328,0.0032180209171359664,0.006757843925985529,0.004585679806918752,0.0008045052292839916,0.0016894609814963823,0.0007240547063555924,0.00096540627514079,0.000482703137570395,0.0003218020917135966,0.0002413515687851975,0.0006436041834271932,-0.0004022526146419958,0.000482703137570395,-0.001045856798069189,0.0006436041834271932,0.0002413515687851975,-0.0003218020917135966,0.0012067578439259874,0.001045856798069189,-0.002172164119066777,-0.002172164119066777,-0.0005631536604987942
13,13,0.9814963797264682,0.9815349471608358,0.9812786253974737,0.996890224335599,1.4852190853484486,0.005814212458871912,1.7489900175262498,6.093573122764795,0.6215310251694561,0.03499597747385352,0.017216411906677352,0.02276749798873685,0.010136765888978294,0.005470635559131143,0.006757843925985529,0.0041029766693483575,0.004344328238133554,0.0003218020917135966,-0.002011263073209979,0.0003218020917135966,0.0004022526146419958,-8.045052292839915e-05,-0.0008045052292839916,0.0003218020917135966,0.0014481094127111848,-0.0013676588897827858,-0.0008849557522123908,0.0008849557522123908,0.0005631536604987942,-8.045052292839915e-05,-0.0002413515687851975,-0.0003218020917135966,-0.0003218020917135966,0.0008849557522123908,-0.001045856798069189,-0.0013676588897827858,-0.0014481094127111848
14,14,0.9798873692679002,0.9798937277118758,0.9774558445303718,0.9969984285890849,1.867431352703823,0.5096503943620302,0.9413403299963583,5.848263520885629,0.5839506791128052,0.02888173773129519,0.02212389380530967,0.01745776347546254,0.0053901850362027435,0.004424778761061954,0.008930008045052307,0.002091713596138378,0.0013676588897827858,-0.0011263073209975883,-0.0017699115044247816,-0.0007240547063555924,-0.00096540627514079,0.0008849557522123908,-0.0008849557522123908,-0.00096540627514079,0.0004022526146419958,-0.0002413515687851975,-0.0014481094127111848,0.0004022526146419958,-0.001045856798069189,-0.0029766693483507687,0.0004022526146419958,-0.0013676588897827858,0.0016090104585679832,-0.0013676588897827858,0.0002413515687851975,0.0002413515687851975,-8.045052292839915e-05
15,15,0.9814963797264682,0.981476451912109,0.9773263160440384,0.9977509204902026,2.3371033129387326,-0.4937729429743523,1.161966399467647,6.3552327393592165,0.21350828898667956,0.025341914722445635,0.02461786001609003,0.019871279163314493,0.006275140788415135,0.0011263073209975883,0.0032180209171359664,0.010941271118262286,0.0029766693483507687,0.001045856798069189,-0.0004022526146419958,0.0012067578439259874,-0.0012067578439259874,-0.0005631536604987942,-0.0008045052292839916,0.0013676588897827858,-0.0001609010458567983,8.045052292839915e-05,0.0005631536604987942,0.0007240547063555924,0.0018503620273531806,0.0003218020917135966,-0.0005631536604987942,-0.0005631536604987942,-0.0007240547063555924,-0.0008045052292839916,8.045052292839915e-05,0.0016894609814963823,0.001045856798069189
16,16,0.9814963797264682,0.9814910359096722,0.9790828431400846,0.9961900583613787,1.8485961893843688,-0.2930730218464175,1.222520554766523,5.869418411352748,1.0051809785088672,0.037731295253419096,0.016251005631536586,0.021480289621882465,0.01769911504424776,0.00764279967819792,0.005309734513274345,0.007964601769911516,0.00386162510056316,0.0004022526146419958,0.0007240547063555924,-0.0005631536604987942,0.0017699115044247816,0.001045856798069189,-0.0001609010458567983,0.00096540627514079,0.0022526146419951766,8.045052292839915e-05,-0.0008849557522123908,0.00096540627514079,-0.0008045052292839916,-0.0003218020917135966,0.0008849557522123908,-0.0002413515687851975,0.0005631536604987942,0.0004022526146419958,0.0003218020917135966,0.0,0.0
17,17,0.9855189058728882,0.985510360410644,0.9832124568436175,0.9985257316310217,1.916627829017756,-0.1921257696991126,0.8537060014254456,6.35130343140101,0.5064683271031287,0.0370876910699919,0.01979082864038615,0.014481094127111849,0.012952534191472265,0.008769106999195508,0.007160096540627525,0.004585679806918752,0.0039420756234915585,0.0003218020917135966,-0.0001609010458567983,-0.0002413515687851975,0.0004022526146419958,0.0018503620273531806,0.0001609010458567983,0.0005631536604987942,0.0,-0.000482703137570395,-0.0008045052292839916,0.00193081255028158,-0.0002413515687851975,0.0005631536604987942,-0.00096540627514079,0.0001609010458567983,0.0003218020917135966,-0.0008045052292839916,0.0,-0.0002413515687851975,0.0004022526146419958
18,18,0.9847144006436042,0.9847353998549371,0.984450337512054,0.9983698397391744,1.8602706426663675,0.005287750987941563,0.8075620369945318,6.110154176457377,0.7603965229968762,0.03531777956556712,0.02148028962188251,0.014239742558326652,0.007320997586484324,0.00386162510056316,0.005872888173773139,0.0039420756234915585,0.0003218020917135966,-0.0012872083668543865,-0.0004022526146419958,-0.0002413515687851975,-0.0007240547063555924,-0.0002413515687851975,-0.002413515687851975,-0.0016090104585679832,0.0004022526146419958,-0.0008045052292839916,-0.0027353177795655715,-0.0008849557522123908,-0.0015285599356395841,-0.0005631536604987942,0.0002413515687851975,-0.0016090104585679832,-0.0004022526146419958,-0.0015285599356395841,-0.0018503620273531806,-0.002172164119066777,-0.0012067578439259874
19,19,0.9831053901850362,0.9830897434230301,0.9800217307490098,0.9973362307665347,2.0764579554167093,-0.7536845243421486,0.6233166926563689,6.333233058012599,1.2020748713309881,0.02381335478680604,0.01528559935639584,0.017618664521319383,0.010941271118262286,0.006033789219629937,0.009332260659694303,0.003459372485921164,0.0012067578439259874,0.0002413515687851975,-0.0016090104585679832,-0.0006436041834271932,-0.0015285599356395841,0.0007240547063555924,-0.0008045052292839916,-0.0007240547063555924,-0.0005631536604987942,8.045052292839915e-05,0.0015285599356395841,0.0001609010458567983,-8.045052292839915e-05,8.045052292839915e-05,-0.0011263073209975883,-0.0011263073209975883,0.000482703137570395,0.0007240547063555924,-0.0002413515687851975,-0.0004022526146419958,-8.045052292839915e-05
20,20,0.9895414320193081,0.9895498903791232,0.9892734275884928,0.999271370281051,1.6535227582787833,0.3464239177681907,0.8867662429911188,6.09477795212284,0.274575616717217,0.03563958165728072,0.026468222043443245,0.019871279163314583,0.01440064360418345,0.007240547063555924,0.011665325824617878,0.006436041834271933,0.005631536604987941,0.003620273531777962,-0.0002413515687851975,-8.045052292839915e-05,0.0031375703942075673,0.0028157683024939706,-0.0003218020917135966,0.0032180209171359664,0.0037007240547063613,-8.045052292839915e-05,-8.045052292839915e-05,0.0037811745776347603,0.0001609010458567983,0.002172164119066777,0.0003218020917135966,0.0012872083668543865,0.0013676588897827858,-0.0006436041834271932,0.0008045052292839916,0.00096540627514079,-8.045052292839915e-05
21,21,0.9790828640386162,0.9790589232470095,0.9756292247950524,0.996286495038113,1.663848205905592,0.3307601655188522,0.7495254682860886,5.8622775092937704,1.002874711815201,0.03684633950120671,0.017135961383748944,0.016170555108608164,0.011102172164119073,0.0053901850362027435,0.005470635559131143,0.004907481898632349,0.004263877715205156,-0.0008849557522123908,0.001045856798069189,-0.0005631536604987942,0.0017699115044247816,8.045052292839915e-05,-0.0003218020917135966,0.0001609010458567983,0.002172164119066777,8.045052292839915e-05,-0.0001609010458567983,-0.0004022526146419958,-8.045052292839915e-05,-0.001045856798069189,8.045052292839915e-05,-8.045052292839915e-05,-0.000482703137570395,0.00096540627514079,-0.0013676588897827858,0.0006436041834271932,-0.0003218020917135966
22,22,0.9887369267900241,0.9887369267900241,0.9870981613285884,0.9980575326215896,1.799574271198761,-0.006848599751379303,0.9051001426397489,6.440596800863715,0.36318056834835577,0.03234111021721636,0.016492357200321828,0.015768302493966234,0.008688656476267109,0.0014481094127111848,0.008366854384553512,0.006596942880128731,0.003539823008849563,0.0012872083668543865,-0.0006436041834271932,-0.001045856798069189,0.0018503620273531806,0.00193081255028158,0.0002413515687851975,0.0008849557522123908,0.0014481094127111848,-0.0003218020917135966,-0.0007240547063555924,0.0004022526146419958,-0.0001609010458567983,-0.0006436041834271932,-0.0002413515687851975,0.0,0.0002413515687851975,0.0007240547063555924,-0.0002413515687851975,0.000482703137570395,0.0
23,23,0.9879324215607401,0.9879209763615843,0.9853777738640366,0.9981830456733591,1.733109195202355,-0.11696280580111962,1.327627355173268,5.9061328252732865,0.5249911171421507,0.02872083668543841,0.021721641190667752,0.017055510860820623,0.012872083668543866,0.008286403861625113,0.006999195494770727,0.006033789219629937,0.0032180209171359664,0.0008849557522123908,-0.0003218020917135966,0.0013676588897827858,0.0002413515687851975,0.002091713596138378,-0.0001609010458567983,-0.0004022526146419958,-0.0014481094127111848,0.0,-0.0008045052292839916,0.0001609010458567983,-0.0006436041834271932,0.00096540627514079,-0.0008045052292839916,0.0005631536604987942,-8.045052292839915e-05,-0.000482703137570395,-0.0016090104585679832,0.0002413515687851975,0.0
24,24,0.9847144006436042,0.984691505115213,0.9814035087719297,0.9970131941423808,2.4651431090825957,-0.7366475677522336,0.7467946618414755,5.821738501483811,1.1889611304971708,0.033789219629927536,0.021962992759452894,0.012148028962188273,0.011745776347546278,0.0061142397425583365,0.006355591311343533,0.005470635559131143,0.004907481898632349,0.00096540627514079,-0.0004022526146419958,0.0030571198712791682,0.0012872083668543865,0.0007240547063555924,-0.0001609010458567983,0.0012067578439259874,0.0013676588897827858,-0.0008045052292839916,-0.0002413515687851975,0.0027353177795655715,0.0,0.0004022526146419958,0.0002413515687851975,0.0004022526146419958,0.0003218020917135966,0.002413515687851975,-0.0004022526146419958,0.0008849557522123908,-0.0001609010458567983
25,25,0.9895414320193081,0.9895561646729175,0.9897840627342444,0.9970506832727902,2.1681089751332294,0.003345240731643828,1.1126739104586947,5.813634903565001,0.20367817692343465,0.030490748189863182,0.01713596138374902,0.021882542236524548,0.008930008045052307,0.007079646017699126,0.00482703137570395,0.006596942880128731,0.0039420756234915585,0.0031375703942075673,8.045052292839915e-05,0.0003218020917135966,0.0006436041834271932,0.0015285599356395841,-0.0007240547063555924,0.0008849557522123908,0.005309734513274345,0.0,0.0008045052292839916,0.0008849557522123908,-0.0005631536604987942,0.002011263073209979,-0.0008045052292839916,-0.0004022526146419958,0.0,0.00193081255028158,-0.0004022526146419958,-0.0011263073209975883,-0.0003218020917135966
26,26,0.9790828640386162,0.9790964445053183,0.9767238672913914,0.9960283377068018,2.2585462167737638,-0.034844656174663605,0.815586695873056,5.925828311480908,0.5954032664351433,0.03282381335478675,0.017940466613032925,0.015124698310538975,0.009734513274336287,0.007320997586484324,0.006596942880128731,0.006033789219629937,0.003459372485921164,-0.0006436041834271932,0.0006436041834271932,0.0006436041834271932,0.001045856798069189,0.0006436041834271932,0.00096540627514079,-0.0013676588897827858,-0.0005631536604987942,0.0,0.0003218020917135966,0.002011263073209979,0.0011263073209975883,-8.045052292839915e-05,-0.0008849557522123908,-0.0004022526146419958,0.0012872083668543865,-0.002493966210780374,-0.0008045052292839916,0.0008045052292839916,0.0004022526146419958
27,27,0.9919549477071601,0.9919499059710307,0.9902669551400445,0.9985810862312594,1.799033113146263,-0.19786244380162715,1.0468526791655852,6.343972439434785,0.289001354962425,0.034915526950925126,0.015768302493966234,0.01544650040225264,0.009975864843121495,0.005711987127916341,0.0037007240547063613,0.006033789219629937,0.005148833467417546,0.0013676588897827858,-8.045052292839915e-05,0.0012067578439259874,0.001045856798069189,0.0012872083668543865,0.0008849557522123908,-0.0007240547063555924,0.0012067578439259874,8.045052292839915e-05,0.0004022526146419958,-8.045052292839915e-05,-0.0001609010458567983,0.0007240547063555924,-0.0013676588897827858,-0.0003218020917135966,8.045052292839915e-05,0.0004022526146419958,0.0003218020917135966,0.0003218020917135966,0.0002413515687851975
28,28,0.9847144006436042,0.9847189797492825,0.9831179791630289,0.9987718991909668,1.5413377920716975,-0.11653020500164216,1.1857578562299818,6.151234054293656,1.0024789461944885,0.03628318584070791,0.02292839903459367,0.01954947707160095,0.005872888173773139,0.005711987127916341,0.005068382944489147,0.006275140788415135,0.0003218020917135966,-0.0018503620273531806,-0.00096540627514079,-0.0006436041834271932,-8.045052292839915e-05,0.0008045052292839916,-0.0011263073209975883,-0.0007240547063555924,-0.0008045052292839916,0.0,-0.0001609010458567983,-0.0012067578439259874,-8.045052292839915e-05,-0.0012067578439259874,-0.002172164119066777,-0.0007240547063555924,-8.045052292839915e-05,-0.002413515687851975,-0.0004022526146419958,-0.00096540627514079,-0.0002413515687851975
29,29,0.9871279163314561,0.987145831306472,0.9864200880207392,0.9981009224091156,1.5636632096518195,-0.6119097836298696,1.264696450608828,5.768184544155239,1.8246223537414827,0.04014481094127107,0.02075623491552695,0.014963797264682244,0.012067578439259874,0.003539823008849563,0.005792437650844739,0.00096540627514079,0.001045856798069189,0.0005631536604987942,-0.001045856798069189,0.0012067578439259874,0.0012872083668543865,0.0006436041834271932,-0.0016090104585679832,-0.002172164119066777,-0.001045856798069189,0.0003218020917135966,-0.0011263073209975883,0.0002413515687851975,0.0011263073209975883,0.0008045052292839916,-0.00193081255028158,-0.0006436041834271932,-0.000482703137570395,-0.0017699115044247816,-0.0004022526146419958,-0.0008045052292839916,-0.0001609010458567983
30,30,0.9855189058728882,0.9854808564974533,0.9809311533060339,0.9970232124523537,1.9678576214624768,-0.31172392553528644,0.5826427314203334,5.5661349779796385,1.509842878882354,0.029927594529364377,0.022043443282381302,0.01432019308125505,0.013515687851971058,0.0074014481094127225,0.008286403861625113,0.005631536604987941,0.0039420756234915585,0.001045856798069189,-0.0003218020917135966,-0.0002413515687851975,0.0,0.0016090104585679832,-0.0005631536604987942,-0.000482703137570395,-0.0005631536604987942,-8.045052292839915e-05,-0.0006436041834271932,-0.0003218020917135966,-0.0006436041834271932,8.045052292839915e-05,-0.0003218020917135966,-0.000482703137570395,0.0,-0.0004022526146419958,0.0004022526146419958,0.0006436041834271932,8.045052292839915e-05
31,31,0.9782783588093322,0.978299949213782,0.9760214016471052,0.9958226890806343,2.3416857280378087,0.06119164552578175,0.763915748407921,5.472379422843068,0.8207112732287813,0.029203539823008783,0.01995172968624288,0.013757039420756212,0.005229283990345945,0.0023330651649235757,0.006436041834271933,0.0037811745776347603,0.0037007240547063613,0.0001609010458567983,-0.0008849557522123908,0.0005631536604987942,0.0015285599356395841,0.0005631536604987942,-0.0001609010458567983,-0.000482703137570395,0.0003218020917135966,0.0,-0.00096540627514079,0.0004022526146419958,-0.0003218020917135966,0.0,-0.0003218020917135966,-0.0012872083668543865,-0.0008849557522123908,0.001045856798069189,-0.0006436041834271932,0.0,-0.0001609010458567983
32,32,0.9814963797264682,0.9815270327698227,0.9803719008264463,0.9975224500017889,2.074695386454366,-0.606849020428204,0.8402903055895113,6.03350411400793,1.3623354248236204,0.02461786001609003,0.02389380530973444,0.009010458567980707,0.010860820595333887,0.004183427192276756,0.008286403861625113,0.006033789219629937,0.0012067578439259874,0.0,-0.0005631536604987942,-0.0004022526146419958,0.0002413515687851975,-0.0004022526146419958,-0.0032984714400643655,-0.000482703137570395,0.0002413515687851975,-0.0014481094127111848,0.0002413515687851975,0.001045856798069189,-0.0008849557522123908,-0.0002413515687851975,-8.045052292839915e-05,0.000482703137570395,-0.0008849557522123908,0.0,-0.0013676588897827858,-0.0008849557522123908,-0.0003218020917135966
33,33,0.9855189058728882,0.9855482822266599,0.985296409985851,0.9988069258255593,1.76171341781963,-0.042979211248651505,0.9553971036575614,6.167841410542704,0.5936863383791372,0.033789219629927536,0.020273531777956544,0.0094931617055511,0.0037811745776347603,0.004505229283990353,0.0017699115044247816,0.005631536604987941,0.0007240547063555924,0.0031375703942075673,0.0012067578439259874,-0.0011263073209975883,-0.0003218020917135966,-0.0012067578439259874,0.0006436041834271932,0.0004022526146419958,-0.0001609010458567983,0.0,-0.0003218020917135966,0.0012872083668543865,8.045052292839915e-05,-0.0001609010458567983,-0.000482703137570395,0.0,0.0,-0.0018503620273531806,-0.0003218020917135966,-8.045052292839915e-05,0.0003218020917135966
34,34,0.9750603378921963,0.9751368851797406,0.9741515806457439,0.9954756988133868,1.875454329310745,-0.008256014049941494,0.9511257424431397,6.3251814213035,0.4675541377750638,0.026387771520514813,0.014481094127111738,0.010378117457763448,0.008205953338696703,0.004022526146419958,0.0008849557522123908,0.0033789219629927645,0.004666130329847151,0.0001609010458567983,0.0012067578439259874,0.000482703137570395,-0.00096540627514079,0.0006436041834271932,-0.0018503620273531806,-0.0002413515687851975,-0.000482703137570395,-0.0006436041834271932,0.0003218020917135966,-0.000482703137570395,0.0005631536604987942,-0.0016090104585679832,-0.0004022526146419958,-0.0008045052292839916,0.0013676588897827858,-0.0012872083668543865,-0.002011263073209979,0.0003218020917135966,0.0011263073209975883
35,35,0.9814963797264682,0.9815018227050745,0.9795693779904306,0.9953371030882993,1.6390819452815868,-0.8035674383352219,1.1509294050914947,6.267354935309563,1.314705148883111,0.0376508447304907,0.020514883346741685,0.019790828640386116,0.010297666934835092,0.006436041834271933,0.006838294448913929,0.0029766693483507687,0.0018503620273531806,0.0028157683024939706,0.002574416733708773,0.0007240547063555924,0.00386162510056316,0.0016894609814963823,0.0012067578439259874,0.0011263073209975883,0.0030571198712791682,0.000482703137570395,-0.000482703137570395,0.0004022526146419958,0.000482703137570395,0.0,0.002493966210780374,0.0016894609814963823,-0.0001609010458567983,0.0018503620273531806,0.0007240547063555924,-0.0007240547063555924,0.0004022526146419958
36,36,0.9831053901850362,0.9831098293499481,0.9817167445403181,0.9967628434682765,1.5347072285405206,0.12102540372640709,0.848089558215678,6.123871806261219,0.9777818590611902,0.04376508447304903,0.022767497988736875,0.017055510860820588,0.01255028157683027,0.0096540627514079,0.008769106999195508,0.003539823008849563,0.005309734513274345,0.0023330651649235757,-0.0006436041834271932,0.0001609010458567983,0.0039420756234915585,0.0008045052292839916,0.0006436041834271932,8.045052292839915e-05,0.0008045052292839916,-0.0007240547063555924,-0.0008045052292839916,0.0003218020917135966,0.001045856798069189,0.0001609010458567983,-8.045052292839915e-05,0.0001609010458567983,0.0002413515687851975,8.045052292839915e-05,-0.0008849557522123908,-0.002172164119066777,-0.0014481094127111848
37,37,0.9943684633950121,0.9943634937188933,0.9928325522189435,0.9994127176994735,1.835342942036156,-0.5916996166472597,1.1038622443711608,5.9065769627173585,0.9730566395575907,0.0381335478680611,0.01810136765888981,0.015044247787610644,0.009332260659694303,0.008447304907481912,0.007964601769911516,0.0059533386967015375,0.005631536604987941,0.0030571198712791682,0.0002413515687851975,-0.0003218020917135966,0.00193081255028158,0.0023330651649235757,-0.0008849557522123908,0.0002413515687851975,0.002011263073209979,8.045052292839915e-05,0.0,-0.0001609010458567983,8.045052292839915e-05,0.0012872083668543865,0.0008849557522123908,-0.0003218020917135966,0.0,0.0026548672566371724,0.0,-0.0006436041834271932,0.000482703137570395
38,38,0.9806918744971842,0.9806794849324713,0.9773873714605616,0.99585432688058,1.5229561179052749,0.44919090771213543,0.46610190963400255,6.1398994968501075,0.9207883125861405,0.0371681415929203,0.012228479485116673,0.01600965406275139,0.010378117457763491,0.007884151246983117,0.010860820595333887,0.0037811745776347603,0.00386162510056316,-0.0005631536604987942,-0.0004022526146419958,-0.0014481094127111848,-0.0007240547063555924,0.0003218020917135966,-0.001045856798069189,0.0003218020917135966,0.0002413515687851975,0.0002413515687851975,-0.0005631536604987942,0.0001609010458567983,-0.0006436041834271932,-0.001045856798069189,-0.0004022526146419958,-0.0008849557522123908,-0.0001609010458567983,0.0001609010458567983,0.000482703137570395,0.0002413515687851975,0.0005631536604987942
39,39,0.9823008849557522,0.9823095069134683,0.981276629231167,0.9971192652299529,1.393226393304061,-0.27966299793192206,1.1782724033784426,6.618199120095778,0.7916152038483295,0.033226065969428745,0.017457763475462584,0.02276749798873685,0.009332260659694303,0.0027353177795655715,0.006194690265486735,0.0037007240547063613,0.002172164119066777,0.0012872083668543865,0.0003218020917135966,0.0015285599356395841,0.0014481094127111848,0.0013676588897827858,-0.00193081255028158,-0.0006436041834271932,0.0001609010458567983,-8.045052292839915e-05,8.045052292839915e-05,0.0007240547063555924,0.0001609010458567983,0.0016090104585679832,-0.0008045052292839916,-8.045052292839915e-05,0.0007240547063555924,0.001045856798069189,8.045052292839915e-05,0.0005631536604987942,8.045052292839915e-05
40,40,0.9839098954143202,0.9839278588926569,0.9832532719689343,0.9974083129584351,1.6210259932678335,0.5713475454374365,1.1344714444340844,6.220294545505812,0.12798897337815462,0.036363636363636306,0.019469026548672552,0.011906677393403075,0.008045052292839916,0.0037811745776347603,0.005470635559131143,0.004022526146419958,0.003459372485921164,0.0011263073209975883,-0.0003218020917135966,-0.0005631536604987942,0.0,0.001045856798069189,-0.0007240547063555924,0.0005631536604987942,0.0008045052292839916,-0.0002413515687851975,-0.0006436041834271932,-0.0006436041834271932,-0.0016090104585679832,0.0012872083668543865,0.0005631536604987942,0.0011263073209975883,8.045052292839915e-05,0.0012067578439259874,-0.0012872083668543865,-0.0001609010458567983,0.0
41,41,0.9814963797264682,0.9815027629217206,0.9788912503151903,0.9953171715716294,2.4254044092731832,-0.060531498257069855,0.5788434354100191,5.947964300387515,0.5096413912057859,0.03797264682220429,0.019790828640386095,0.014561544650040226,0.009814963797264698,0.0053901850362027435,0.004666130329847151,0.005148833467417546,0.0032984714400643655,0.0008045052292839916,0.0001609010458567983,-8.045052292839915e-05,0.0012872083668543865,0.0012067578439259874,0.0012067578439259874,0.0013676588897827858,0.0007240547063555924,0.0008045052292839916,-0.0011263073209975883,0.001045856798069189,-0.000482703137570395,0.00096540627514079,0.0005631536604987942,0.00096540627514079,0.000482703137570395,0.0012872083668543865,0.0001609010458567983,-0.0008045052292839916,0.0002413515687851975
42,42,0.9855189058728882,0.9855112712908463,0.9835955732464184,0.9982880115381777,1.4978179121909165,0.045461072344278236,1.5726217790253616,5.903759171146281,0.4654604031438281,0.03226065969428795,0.01713596138374901,0.014481094127111849,0.007964601769911516,0.006194690265486735,0.0028157683024939706,0.0018503620273531806,0.006516492357200332,0.0008849557522123908,-0.0016894609814963823,-0.0006436041834271932,0.0012067578439259874,0.002011263073209979,-0.0012872083668543865,-0.0012872083668543865,0.0004022526146419958,-0.0008045052292839916,-0.0003218020917135966,-0.0005631536604987942,-0.0001609010458567983,0.0012872083668543865,0.0001609010458567983,-0.0012067578439259874,-0.0012067578439259874,-0.0014481094127111848,-0.0011263073209975883,-0.0016090104585679832,-0.0012872083668543865
43,43,0.9855189058728882,0.9855598311568804,0.9867326274373662,0.9969015795868773,1.5884472113818808,-0.43723351701359664,0.5058840803415809,6.112132627591315,1.8712075998110533,0.04384553499597743,0.02051488334674173,0.017055510860820623,0.0095736122284795,0.007240547063555924,0.008849557522123908,0.008205953338696715,0.010297666934835092,0.00386162510056316,0.0016090104585679832,0.0014481094127111848,0.0033789219629927645,0.00482703137570395,0.0017699115044247816,0.0026548672566371724,0.002493966210780374,0.0012067578439259874,0.0004022526146419958,0.003539823008849563,0.0007240547063555924,0.0037811745776347603,0.0016894609814963823,0.0013676588897827858,0.001045856798069189,0.0039420756234915585,0.0004022526146419958,0.00193081255028158,0.000482703137570395
44,44,0.9839098954143202,0.9839098954143202,0.9815929297895404,0.9987383086227424,1.4047581151428,-0.006469660390743731,0.9741561293252469,6.204697177644416,0.9640199208247647,0.029847144006435976,0.01423974255832664,0.017135961383749,0.00667739340305713,0.004585679806918752,0.004344328238133554,0.004344328238133554,0.0033789219629927645,-0.0006436041834271932,-0.0028962188254223697,-0.0012872083668543865,-0.0008045052292839916,-0.0012067578439259874,-0.0012872083668543865,-0.002493966210780374,-0.0005631536604987942,0.0006436041834271932,-0.0014481094127111848,0.0,-0.0016090104585679832,-0.00096540627514079,-0.0037007240547063613,-0.0013676588897827858,-0.0004022526146419958,-0.00096540627514079,-0.0003218020917135966,-0.00096540627514079,-0.000482703137570395
45,45,0.9847144006436042,0.9847283886695053,0.9836570629795995,0.9981547117724126,1.9284349308608606,0.2707020283894045,0.7681044346256986,6.0513787519422975,0.4782843885232225,0.030651649235719967,0.014078841512469853,0.020434432823813343,0.011906677393403075,0.006918744971842328,0.00474658085277555,0.01238938053097347,0.0031375703942075673,0.0,-0.0001609010458567983,-0.0003218020917135966,0.0011263073209975883,0.0008045052292839916,-0.0016894609814963823,0.0002413515687851975,0.002172164119066777,-0.0001609010458567983,-0.00096540627514079,0.000482703137570395,-0.000482703137570395,0.00193081255028158,-0.0016894609814963823,0.0002413515687851975,0.0,-0.0007240547063555924,0.0003218020917135966,-0.0008849557522123908,-8.045052292839915e-05
46,46,0.9839098954143202,0.9838796449975445,0.9799781840726184,0.9978915169380498,2.226782769744638,-0.24662865311406212,0.5933499845148532,5.945443253768069,1.0233890789167617,0.0372485921158487,0.018503620273531772,0.01962992759452934,0.006918744971842328,0.003459372485921164,0.008205953338696715,0.007884151246983117,0.00386162510056316,0.0027353177795655715,-0.0013676588897827858,0.001045856798069189,-0.0005631536604987942,0.0007240547063555924,-0.0003218020917135966,-0.0011263073209975883,-0.0003218020917135966,0.0002413515687851975,0.000482703137570395,0.0005631536604987942,0.0012067578439259874,0.0013676588897827858,-0.002011263073209979,-0.0013676588897827858,0.0003218020917135966,-0.0015285599356395841,-0.0007240547063555924,-0.0003218020917135966,0.0005631536604987942
47,47,0.9814963797264682,0.981472694129391,0.9785736455981942,0.9964616252821671,1.884384259616823,-0.021330552045771944,1.0294180128439552,5.9480254254292735,0.6454750298679357,0.0370072405470635,0.022687047465808453,0.016492357200321793,0.008205953338696715,0.004183427192276756,0.0032180209171359664,0.0030571198712791682,0.0,-0.0004022526146419958,-0.0023330651649235757,-0.0017699115044247816,0.000482703137570395,-0.0008849557522123908,-0.0013676588897827858,-0.0012067578439259874,-8.045052292839915e-05,-0.0016894609814963823,-0.00096540627514079,-0.0008849557522123908,-0.0016090104585679832,-0.00096540627514079,-0.0005631536604987942,-8.045052292839915e-05,-0.0008849557522123908,-0.0018503620273531806,-0.002011263073209979,-0.0023330651649235757,-0.0008849557522123908
48,48,0.9831053901850362,0.9830998574736717,0.980346046996523,0.9969612785139289,1.358697771227521,-0.056935520215850674,0.9618842137666186,5.924421340659917,1.0193790380786922,0.049396621078036974,0.02236524537409489,0.018181818181818153,0.007964601769911516,0.004907481898632349,0.004263877715205156,0.005872888173773139,0.006436041834271933,0.0028157683024939706,0.0008849557522123908,0.00193081255028158,0.00096540627514079,0.003459372485921164,0.0001609010458567983,0.0003218020917135966,0.0028157683024939706,0.0,-8.045052292839915e-05,0.0008849557522123908,0.0005631536604987942,0.0016894609814963823,0.0003218020917135966,0.0006436041834271932,0.0002413515687851975,-0.0001609010458567983,-0.0003218020917135966,0.0012067578439259874,0.0011263073209975883
49,49,0.9839098954143202,0.9839471842928382,0.9843311791244971,0.9980577281516191,1.7912035731932292,-0.07281141741740282,0.8127741097444158,5.9027856469755084,1.2028173184045174,0.04223652453740945,0.036041834271922715,0.01962992759452934,0.01061946902654869,0.008688656476267109,0.007240547063555924,0.005068382944489147,0.0028962188254223697,0.0012872083668543865,-0.0008849557522123908,0.0002413515687851975,0.0032984714400643655,-0.0006436041834271932,-0.0015285599356395841,0.002574416733708773,0.0032180209171359664,-0.0001609010458567983,-0.0002413515687851975,-0.0002413515687851975,-0.0015285599356395841,-0.0007240547063555924,0.0013676588897827858,0.0008849557522123908,8.045052292839915e-05,-8.045052292839915e-05,0.0013676588897827858,-0.0001609010458567983,-8.045052292839915e-05
50,50,0.9879324215607401,0.9879363275464234,0.9865372897699375,0.9984205015351305,2.105930302805971,0.10770016152675056,0.7064193656901718,5.768274360503834,0.6060580360946656,0.030168946098149584,0.01995172968624298,0.01842316975060341,0.01440064360418345,0.011102172164119083,0.007562349155269521,0.0061142397425583365,0.006275140788415135,0.0029766693483507687,0.0012872083668543865,0.0022526146419951766,0.0015285599356395841,0.0026548672566371724,0.0006436041834271932,0.0012067578439259874,0.0032984714400643655,0.0001609010458567983,-0.0005631536604987942,0.0022526146419951766,8.045052292839915e-05,0.0012067578439259874,0.000482703137570395,0.0022526146419951766,0.0007240547063555924,0.002091713596138378,-0.000482703137570395,-0.0001609010458567983,0.0
51,51,0.9831053901850362,0.983131468121713,0.9824116472936479,0.9980803099682987,1.574836864147177,-0.09860513072800005,0.7208815313750331,6.282729779323891,1.134659624111224,0.025985518905872817,0.011182622687047483,0.01415929203539824,0.01230893000804507,0.004183427192276756,0.004907481898632349,0.0027353177795655715,0.0022526146419951766,8.045052292839915e-05,-0.0005631536604987942,-0.002011263073209979,0.0012067578439259874,0.001045856798069189,-0.0008849557522123908,0.0007240547063555924,0.0016090104585679832,8.045052292839915e-05,-0.0008045052292839916,-0.0016090104585679832,-0.0012872083668543865,-0.0008045052292839916,0.0015285599356395841,-0.0003218020917135966,-0.0015285599356395841,0.0014481094127111848,0.0005631536604987942,-0.0027353177795655715,-0.0008045052292839916
52,52,0.9855189058728882,0.9855114182549466,0.9836550435865504,0.998582021963093,1.9285987676806566,-0.028434676134740003,0.6201662409284889,5.670783159085353,1.1369663815858646,0.0467417538213998,0.022043443282381302,0.01520514883346744,0.009975864843121495,0.005068382944489147,0.007240547063555924,0.005711987127916341,0.004585679806918752,0.0013676588897827858,0.0006436041834271932,0.0007240547063555924,0.0018503620273531806,0.0004022526146419958,-0.0005631536604987942,0.0008849557522123908,0.0001609010458567983,-0.0012067578439259874,-0.0002413515687851975,0.0002413515687851975,-0.0004022526146419958,0.0005631536604987942,-0.0007240547063555924,0.0003218020917135966,-0.0003218020917135966,-0.0003218020917135966,-0.00096540627514079,-0.0002413515687851975,-0.001045856798069189
53,53,0.9863234111021721,0.9863365363403395,0.9853627555240458,0.9984727637953446,1.7690602897523522,-0.16070847606486016,0.9276591837634219,6.227214869664331,0.6706865388255364,0.04223652453740945,0.020032180209171357,0.02333065164923569,0.011343523732904282,0.005631536604987941,0.005309734513274345,0.006516492357200332,0.005872888173773139,0.00096540627514079,-8.045052292839915e-05,0.0004022526146419958,0.0016090104585679832,0.0005631536604987942,0.0004022526146419958,0.0008045052292839916,0.00193081255028158,0.0,0.0,0.0014481094127111848,-0.0004022526146419958,-0.0004022526146419958,0.00096540627514079,-0.0007240547063555924,0.0005631536604987942,0.00193081255028158,-0.0004022526146419958,-0.0016894609814963823,-8.045052292839915e-05
54,54,0.9806918744971842,0.9807132959884106,0.9796949793415737,0.9951385177650973,2.241938697694761,-0.5373548945340537,1.3652642550443355,6.194932108304183,0.24351793159671323,0.039742558326629075,0.017296862429605753,0.017779565567176126,0.01737731295253414,0.008527755430410311,0.007884151246983117,0.0095736122284795,0.002493966210780374,0.000482703137570395,-0.0001609010458567983,-0.0006436041834271932,0.001045856798069189,-0.0005631536604987942,-8.045052292839915e-05,-0.0014481094127111848,-0.0008045052292839916,-0.0008045052292839916,-0.0003218020917135966,0.0016894609814963823,0.0002413515687851975,-0.0012872083668543865,-0.001045856798069189,-0.0008045052292839916,-0.0006436041834271932,0.0002413515687851975,-0.0007240547063555924,-0.0016090104585679832,-0.0006436041834271932
55,55,0.9887369267900241,0.9887444553581136,0.9877016922471469,0.9992248339355778,1.5334478125225766,-0.49771015520651424,0.8604517980915097,6.293599213862514,1.4248922092587772,0.028479485116653193,0.02614641995172965,0.014239742558326652,0.010780370072405487,0.004022526146419958,0.005872888173773139,0.010056315366049895,0.005148833467417546,0.0012872083668543865,-0.0002413515687851975,-8.045052292839915e-05,0.0003218020917135966,0.002011263073209979,-0.0007240547063555924,-0.0005631536604987942,0.0003218020917135966,8.045052292839915e-05,-0.0012067578439259874,0.0016894609814963823,-0.0017699115044247816,0.0004022526146419958,0.0004022526146419958,-0.0008045052292839916,0.0,8.045052292839915e-05,0.0012067578439259874,0.0011263073209975883,0.0007240547063555924
56,56,0.9823008849557522,0.9823600379907402,0.9829462337226312,0.9972211563826471,1.8116280305296115,-0.0725710101835957,1.0720344653007754,6.025113094167125,0.8612215906754241,0.02590506838294443,0.020595333869670097,0.013837489943684656,0.009734513274336299,0.002413515687851975,0.004263877715205156,0.0004022526146419958,0.0007240547063555924,-0.000482703137570395,0.0003218020917135966,-0.00193081255028158,-0.0004022526146419958,0.0005631536604987942,-0.0016090104585679832,-0.0007240547063555924,0.0003218020917135966,-0.00096540627514079,-0.0005631536604987942,0.001045856798069189,0.0004022526146419958,-0.0006436041834271932,0.0,-0.0001609010458567983,-0.0008849557522123908,-0.0017699115044247816,-0.0011263073209975883,0.0008849557522123908,-0.0002413515687851975
57,57,0.9831053901850362,0.9831214134638544,0.9817289843542827,0.996646925366098,1.9582932753585394,-0.6020606009686196,0.8006182445284035,6.313623167301505,1.1294746793422474,0.03475462590506832,0.020917135961383705,0.0202735317779565,0.006596942880128731,0.006275140788415135,0.006033789219629937,0.004424778761061954,0.00482703137570395,0.00096540627514079,0.0005631536604987942,0.0003218020917135966,0.002091713596138378,0.0016894609814963823,-8.045052292839915e-05,0.0007240547063555924,0.00193081255028158,-0.0006436041834271932,8.045052292839915e-05,0.0013676588897827858,0.0001609010458567983,0.001045856798069189,0.0,-8.045052292839915e-05,0.000482703137570395,-0.0005631536604987942,-0.0007240547063555924,-0.00096540627514079,-0.000482703137570395
58,58,0.9871279163314561,0.9871430158341029,0.9867524866305503,0.9991522520482403,1.6466387766781283,-0.3550997061227494,0.7240647784310135,5.80892650675724,1.7479127580921743,0.038938053097345084,0.032984714400643544,0.014239742558326652,0.009010458567980707,0.005148833467417546,0.0032984714400643655,0.00764279967819792,0.005068382944489147,-0.0004022526146419958,-0.000482703137570395,0.0008045052292839916,0.0016090104585679832,-0.0002413515687851975,-0.00193081255028158,-0.000482703137570395,0.0003218020917135966,-0.002172164119066777,-0.0016090104585679832,8.045052292839915e-05,-0.0007240547063555924,-0.0002413515687851975,8.045052292839915e-05,0.0,-0.0008849557522123908,-0.0007240547063555924,-0.002091713596138378,-0.00096540627514079,-0.000482703137570395
59,59,0.9831053901850362,0.9831401779178673,0.9831121587800478,0.9973604563180257,1.5276492006663713,0.19716644550117823,0.6636266532093568,6.032678988130348,1.1657634614884778,0.03057119871279157,0.024296057924376446,0.02115848753016889,0.011423974255832681,0.010297666934835092,0.0096540627514079,0.004907481898632349,0.007320997586484324,0.00193081255028158,0.0001609010458567983,0.0005631536604987942,0.0005631536604987942,0.002493966210780374,-0.0012872083668543865,0.002011263073209979,0.0015285599356395841,-0.0008045052292839916,-0.0013676588897827858,0.0031375703942075673,0.0003218020917135966,0.0023330651649235757,-8.045052292839915e-05,0.0008045052292839916,0.0003218020917135966,0.0012872083668543865,-0.0004022526146419958,8.045052292839915e-05,-0.0003218020917135966
60,60,0.9895414320193081,0.9895609175424241,0.990362086109746,0.9978398271861749,1.954063526486055,0.33020534573164,0.8759150457426361,5.718473404146092,0.34994621584429175,0.05261464199517294,0.019549477071600995,0.01633145615446503,0.012630732099758669,0.005711987127916341,0.009251810136765903,0.003620273531777962,0.005229283990345945,0.0014481094127111848,-0.0012067578439259874,-0.0004022526146419958,0.0002413515687851975,0.001045856798069189,8.045052292839915e-05,0.0008045052292839916,0.0028157683024939706,0.0001609010458567983,-0.0008045052292839916,-0.0005631536604987942,0.0007240547063555924,-0.0005631536604987942,0.0,-0.0004022526146419958,-0.000482703137570395,0.000482703137570395,-0.0005631536604987942,-0.0012067578439259874,-0.0007240547063555924
61,61,0.9855189058728882,0.9855445422596205,0.9855247075257552,0.9974594028287062,2.184336086840654,-0.5974085577534876,0.9700086722937884,5.8509857672842935,1.0091623383287416,0.03845534995977469,0.015929203539823033,0.012067578439259874,0.010860820595333887,0.0041029766693483575,0.0030571198712791682,0.0026548672566371724,0.0032984714400643655,-8.045052292839915e-05,-0.0005631536604987942,-0.0003218020917135966,-8.045052292839915e-05,0.0007240547063555924,-0.000482703137570395,-0.0004022526146419958,0.0008045052292839916,8.045052292839915e-05,0.0012067578439259874,0.0027353177795655715,-0.0002413515687851975,0.001045856798069189,-0.0016090104585679832,-0.0003218020917135966,0.0014481094127111848,-0.0001609010458567983,0.0008045052292839916,0.0004022526146419958,8.045052292839915e-05
62,62,0.9766693483507642,0.9766762531886037,0.974133526108895,0.9941964104261385,2.1672117623607887,-0.7006111534542627,0.9437158417270437,6.375915607085097,0.6988733135022468,0.037731295253419096,0.015848753016894545,0.015044247787610543,0.010619469026548645,0.01045856798069188,0.005872888173773139,0.007160096540627525,0.007079646017699126,0.00474658085277555,0.001045856798069189,0.0004022526146419958,0.004424778761061954,0.00482703137570395,8.045052292839915e-05,0.0026548672566371724,0.0027353177795655715,0.0001609010458567983,-0.0003218020917135966,0.0016894609814963823,0.0004022526146419958,0.002091713596138378,0.0022526146419951766,0.00096540627514079,0.0008045052292839916,0.004022526146419958,0.0005631536604987942,0.0008849557522123908,0.0002413515687851975
63,63,0.9814963797264682,0.9814807404480215,0.9786500665840107,0.9973969095835056,2.6181319603559228,-0.1685023879046445,0.9381837366155039,5.727114266534975,0.6147629493876173,0.031134352373290364,0.022847948511665273,0.010136765888978294,0.005872888173773139,0.005309734513274345,0.002091713596138378,0.0039420756234915585,0.0002413515687851975,-0.0014481094127111848,-0.0006436041834271932,0.0006436041834271932,-8.045052292839915e-05,-0.0004022526146419958,-0.000482703137570395,-0.0011263073209975883,-0.0008849557522123908,-0.0004022526146419958,0.0004022526146419958,-0.0014481094127111848,-0.0004022526146419958,-0.0012067578439259874,-0.0017699115044247816,0.0005631536604987942,-0.0006436041834271932,0.000482703137570395,-0.0004022526146419958,-0.0012067578439259874,0.0002413515687851975
64,64,0.9895414320193081,0.9895645767553789,0.9903255346803734,0.9987740753869786,1.6164806127933729,0.5384466063282705,0.7101454228632514,5.86237575732189,0.714621367774538,0.036685438455349904,0.02759452936444081,0.02027353177795658,0.008849557522123908,0.004263877715205156,0.006275140788415135,0.0032984714400643655,0.0018503620273531806,0.0012067578439259874,0.0,0.0003218020917135966,0.0014481094127111848,-8.045052292839915e-05,0.001045856798069189,-0.0001609010458567983,0.0005631536604987942,-8.045052292839915e-05,-0.0001609010458567983,-0.0008045052292839916,0.0001609010458567983,0.000482703137570395,-0.0003218020917135966,-0.0003218020917135966,-0.000482703137570395,-0.0006436041834271932,0.0001609010458567983,-0.0001609010458567983,-0.0003218020917135966
65,65,0.9839098954143202,0.9839469554770669,0.9843381180223285,0.9967203131796434,2.3858347577538606,-1.037037000932161,0.602481781360351,6.833109031691432,0.7748646350859069,0.029203539823008783,0.011102172164119083,0.009814963797264698,0.011182622687047483,0.007240547063555924,0.0061142397425583365,0.005229283990345945,0.004666130329847151,0.0006436041834271932,-0.0011263073209975883,8.045052292839915e-05,0.0017699115044247816,0.0028157683024939706,0.0,-0.0002413515687851975,0.0022526146419951766,0.0,-0.0012067578439259874,-8.045052292839915e-05,0.000482703137570395,0.0015285599356395841,-0.0003218020917135966,-0.0002413515687851975,-0.0003218020917135966,0.0016894609814963823,-0.0006436041834271932,0.0008849557522123908,-0.001045856798069189
66,66,0.9839098954143202,0.9839310339562284,0.9828491570277422,0.9972555083107846,2.207739797249092,-0.7789796358791236,0.9928752229280817,6.158698350110098,0.7101028217460189,0.04424778761061943,0.018342719227674987,0.023572003218020852,0.008849557522123908,0.007562349155269521,0.006999195494770727,0.0041029766693483575,0.0039420756234915585,0.0016894609814963823,-0.0013676588897827858,-0.001045856798069189,0.0012872083668543865,0.00096540627514079,-0.0008045052292839916,-0.0002413515687851975,0.0016090104585679832,-8.045052292839915e-05,0.0004022526146419958,0.0011263073209975883,0.0,-0.0016894609814963823,0.0012067578439259874,0.000482703137570395,0.0015285599356395841,0.0008849557522123908,-0.000482703137570395,0.0001609010458567983,0.0006436041834271932
67,67,0.9855189058728882,0.9855354802670774,0.984995463240691,0.9986158549624056,1.2756171581819389,-0.10860493512403296,1.283768372553721,6.062121624735664,0.9960631407817812,0.031214802896218762,0.021721641190667697,0.011584875301689479,0.011745776347546278,0.006999195494770727,0.006355591311343533,0.006516492357200332,0.0037007240547063613,0.002574416733708773,0.0004022526146419958,-0.0008045052292839916,0.00096540627514079,0.0016090104585679832,-0.0001609010458567983,0.0012067578439259874,0.002011263073209979,0.000482703137570395,-0.0002413515687851975,0.0016894609814963823,0.000482703137570395,0.00096540627514079,0.0008849557522123908,0.00096540627514079,0.0004022526146419958,0.002413515687851975,-0.0005631536604987942,0.000482703137570395,0.0008849557522123908
68,68,0.9911504424778761,0.9911636176883744,0.9915517211237566,0.9992307826786245,2.0343608798417243,-0.4694721929266638,1.1510598800963685,5.691389122849185,1.0708126170961503,0.02904263877715204,0.01528559935639584,0.016894609814963824,0.008688656476267109,0.004022526146419958,0.0059533386967015375,0.003459372485921164,0.0037811745776347603,0.0017699115044247816,-0.0008849557522123908,0.000482703137570395,0.0016894609814963823,0.0011263073209975883,0.0,0.0008849557522123908,0.0013676588897827858,0.0006436041834271932,-0.0005631536604987942,0.0005631536604987942,-0.0006436041834271932,0.0007240547063555924,-0.000482703137570395,0.00096540627514079,0.0011263073209975883,0.0002413515687851975,-0.001045856798069189,-0.0002413515687851975,0.0001609010458567983
69,69,0.9863234111021721,0.9863030494132203,0.9832327316541929,0.9987024121231781,2.0159248305213824,-0.3156830929506349,0.7524118336680832,6.005990158239845,0.9412707424607822,0.03073209975864838,0.018584070796460194,0.021238938053097324,0.0053901850362027435,0.006757843925985529,0.005872888173773139,0.005711987127916341,0.003459372485921164,0.0012872083668543865,-8.045052292839915e-05,0.0006436041834271932,0.0028157683024939706,0.0029766693483507687,0.0,0.00096540627514079,0.002172164119066777,0.0,0.0003218020917135966,0.0014481094127111848,0.0007240547063555924,0.0012067578439259874,0.0014481094127111848,0.0,0.0016090104585679832,0.0012872083668543865,-0.0022526146419951766,-0.000482703137570395,0.0007240547063555924
70,70,0.9798873692679002,0.979881416821487,0.9771770334928229,0.9970798898071624,1.5643147421429762,-0.5791032627331998,1.3115986049053794,6.4055765036323615,0.9678276708009258,0.025663716814159222,0.02196299275945286,0.02558326629123082,0.014722445695897013,0.011423974255832681,0.009251810136765903,0.005148833467417546,0.0023330651649235757,0.002011263073209979,-0.002091713596138378,-0.0004022526146419958,0.002172164119066777,0.001045856798069189,-0.002413515687851975,-0.0008849557522123908,0.0007240547063555924,-0.000482703137570395,-0.0033789219629927645,0.0014481094127111848,0.0001609010458567983,0.0017699115044247816,-0.0012872083668543865,-0.0004022526146419958,0.00096540627514079,-0.002493966210780374,-0.000482703137570395,-0.0008849557522123908,-0.0008849557522123908
71,71,0.9839098954143202,0.9839011925246008,0.9817423659225045,0.997183018276167,1.5503692951762387,-0.07691420848751279,1.6204555884629825,6.006692340983649,0.4963450293798263,0.040627514078841465,0.018101367658889776,0.015607401448109437,0.009975864843121495,0.008045052292839916,0.012228479485116673,0.0037811745776347603,0.00386162510056316,0.002172164119066777,0.0001609010458567983,-0.0005631536604987942,0.0028157683024939706,0.0017699115044247816,-0.001045856798069189,0.0008045052292839916,0.002091713596138378,-0.0005631536604987942,-0.0002413515687851975,0.0022526146419951766,0.0016894609814963823,0.000482703137570395,-0.0001609010458567983,-0.0016894609814963823,0.0003218020917135966,0.00193081255028158,-0.0002413515687851975,0.0011263073209975883,-8.045052292839915e-05
72,72,0.9814963797264682,0.9814902846688485,0.9784756820877818,0.9966518386714116,2.1447378880605044,-0.26953462468015044,1.3066240383003493,5.802873818485033,0.4904036388772365,0.025261464199517226,0.014883346741753812,0.011987127916331464,0.01423974255832664,0.007562349155269521,0.00474658085277555,0.0022526146419951766,0.0030571198712791682,0.0032984714400643655,-0.0008849557522123908,-0.0027353177795655715,0.0,0.0018503620273531806,-0.002091713596138378,-0.0002413515687851975,0.0003218020917135966,8.045052292839915e-05,-0.0001609010458567983,0.0013676588897827858,-0.0002413515687851975,-0.0006436041834271932,-0.0017699115044247816,-0.0001609010458567983,-0.0007240547063555924,-0.000482703137570395,-8.045052292839915e-05,-0.0003218020917135966,-0.0004022526146419958
73,73,0.9863234111021721,0.9863649077056549,0.9872558025047129,0.9969741724001296,1.9958927982591008,-0.13373890079698963,0.7780753984925671,5.765172978836271,1.0329106632451497,0.03612228479485111,0.016814159292035426,0.013917940466613054,0.012067578439259874,0.006355591311343533,0.008125502815768315,0.007803700724054718,0.0061142397425583365,0.0032180209171359664,0.0011263073209975883,0.0,0.0008045052292839916,-8.045052292839915e-05,-0.0002413515687851975,0.0011263073209975883,0.003459372485921164,0.0003218020917135966,0.000482703137570395,0.0012872083668543865,0.0003218020917135966,0.001045856798069189,0.0002413515687851975,0.000482703137570395,0.001045856798069189,0.002011263073209979,0.000482703137570395,0.0004022526146419958,-0.0001609010458567983
74,74,0.9871279163314561,0.9871485384429084,0.9874261369480988,0.9963854251197238,2.1585260510239586,-0.05932324347031974,1.0135781542374276,5.923693582817939,0.377419816593495,0.030651649235719967,0.021158487530168933,0.02196299275945294,0.01721641190667742,0.006596942880128731,0.009975864843121495,0.006275140788415135,0.006838294448913929,0.0013676588897827858,-0.002011263073209979,0.002413515687851975,0.0026548672566371724,0.0001609010458567983,-0.0008045052292839916,0.0008045052292839916,0.0012872083668543865,-0.0008045052292839916,0.0006436041834271932,0.00096540627514079,0.0004022526146419958,0.0015285599356395841,0.0012067578439259874,0.0,0.0004022526146419958,0.002091713596138378,0.0003218020917135966,0.0012872083668543865,-0.0012067578439259874
75,75,0.9863234111021721,0.9862961019224993,0.9828847522615604,0.9987658998025439,1.605561374182565,-0.566986869825126,1.1761262379973294,6.121909373072507,1.3204468252193626,0.03917940466613028,0.027111826226870427,0.017618664521319417,0.014963797264682244,0.005551086082059542,0.007562349155269521,0.0028157683024939706,0.004263877715205156,0.002091713596138378,0.0008849557522123908,0.0011263073209975883,0.002172164119066777,0.0016894609814963823,8.045052292839915e-05,0.0005631536604987942,0.00096540627514079,0.0,-0.0012872083668543865,0.0005631536604987942,-0.0004022526146419958,0.002172164119066777,0.0016090104585679832,0.0004022526146419958,-0.0003218020917135966,0.0012872083668543865,0.0,-0.0006436041834271932,8.045052292839915e-05
76,76,0.9839098954143202,0.9839098954143202,0.9819348200167426,0.9980844805134407,1.6251505303998304,-0.4241816418349667,0.8750262358098861,6.472819952735585,1.086772929337705,0.03346741753821394,0.02389380530973444,0.01528559935639584,0.011423974255832681,0.004183427192276756,0.002493966210780374,0.004424778761061954,0.002493966210780374,0.0007240547063555924,-0.0002413515687851975,-0.0005631536604987942,0.0,0.0007240547063555924,0.000482703137570395,-0.001045856798069189,0.0004022526146419958,0.0006436041834271932,0.0004022526146419958,0.001045856798069189,0.0008045052292839916,0.0001609010458567983,-0.0005631536604987942,0.0001609010458567983,0.0007240547063555924,0.0002413515687851975,-0.0001609010458567983,0.0003218020917135966,-0.0003218020917135966
77,77,0.9863234111021721,0.9863735457254188,0.987947852466486,0.9982853305834672,1.9344243500540192,-0.5087822295045816,0.955486137149893,5.9730801502890865,1.0305450667222251,0.035800482703137515,0.02067578439259856,0.017860016090104604,0.012228479485116673,0.008045052292839916,0.005148833467417546,0.0014481094127111848,0.005068382944489147,0.002493966210780374,-0.0004022526146419958,0.0001609010458567983,0.0007240547063555924,0.0011263073209975883,-0.0011263073209975883,0.002574416733708773,0.003539823008849563,0.0002413515687851975,-0.0014481094127111848,0.0028157683024939706,-0.0007240547063555924,0.0,0.00096540627514079,0.0002413515687851975,0.0003218020917135966,0.00096540627514079,-0.0016090104585679832,-0.0001609010458567983,-0.001045856798069189
78,78,0.9855189058728882,0.9855042219856894,0.9832321370181195,0.9980155374398177,1.5461140370955608,0.58731731193014,0.967942448431918,5.999661479289244,0.4369195335290196,0.03145615446500396,0.020756234915526917,0.01432019308125505,0.004907481898632349,0.009090909090909104,0.005872888173773139,0.005229283990345945,0.00667739340305713,0.0014481094127111848,-0.0007240547063555924,8.045052292839915e-05,0.0014481094127111848,0.00193081255028158,-0.001045856798069189,0.0005631536604987942,0.0037811745776347603,-0.0003218020917135966,0.0006436041834271932,0.0006436041834271932,0.0012067578439259874,0.0002413515687851975,0.0006436041834271932,8.045052292839915e-05,0.00096540627514079,0.0016894609814963823,-0.0006436041834271932,-0.001045856798069189,-0.0006436041834271932
79,79,0.9919549477071601,0.9919599001083966,0.9915205106432816,0.9991713758674201,1.5799605757947357,0.7336706897500809,0.7979066979223363,6.040197871465458,-0.014336355049531402,0.031858407079645976,0.019710378117457794,0.021319388576025777,0.006355591311343533,0.0074014481094127225,0.006918744971842328,0.004183427192276756,0.0027353177795655715,0.0016894609814963823,0.000482703137570395,-0.00096540627514079,0.0003218020917135966,0.0016090104585679832,0.0,-0.0006436041834271932,0.0011263073209975883,-0.000482703137570395,-0.0006436041834271932,-8.045052292839915e-05,8.045052292839915e-05,8.045052292839915e-05,0.0002413515687851975,0.0002413515687851975,-0.0001609010458567983,0.0011263073209975883,-0.001045856798069189,-0.0008849557522123908,-0.0001609010458567983
80,80,0.9879324215607401,0.987936080553629,0.9867061466203799,0.9979696023804662,1.9525575217313358,-0.6764666111952677,0.9670887848662774,6.726146582179852,0.5941220569818051,0.04046661303298467,0.02437650844730487,0.02365245374094931,0.013515687851971058,0.008205953338696715,0.008366854384553512,0.0074014481094127225,0.005792437650844739,0.002091713596138378,0.001045856798069189,0.0016090104585679832,0.0053901850362027435,0.0011263073209975883,0.00193081255028158,0.0022526146419951766,0.0037811745776347603,-0.0005631536604987942,0.0002413515687851975,0.0007240547063555924,0.0004022526146419958,0.0014481094127111848,0.0007240547063555924,0.0018503620273531806,0.0005631536604987942,0.002413515687851975,0.0006436041834271932,0.0003218020917135966,0.0003218020917135966
81,81,0.9782783588093322,0.9783105020199643,0.977085152203015,0.9967842384028869,1.7701625120417666,-0.08918304045150506,1.1845151595464993,6.120362227210729,0.5109574123589656,0.03314561544650034,0.018423169750603298,0.01641190667739334,0.006918744971842328,0.007884151246983117,0.0053901850362027435,0.002091713596138378,0.004263877715205156,8.045052292839915e-05,-0.0004022526146419958,-0.002493966210780374,0.0015285599356395841,-0.0001609010458567983,0.0003218020917135966,0.0012872083668543865,0.00193081255028158,0.0008045052292839916,-0.0008849557522123908,0.0002413515687851975,-0.0011263073209975883,0.001045856798069189,0.0004022526146419958,0.0008045052292839916,-0.0002413515687851975,0.0002413515687851975,-0.002172164119066777,-0.0001609010458567983,0.0001609010458567983
82,82,0.9855189058728882,0.9855110732721405,0.9835143842842072,0.9974880962563795,2.098235780567802,-0.37269340387286487,1.178057694440806,6.286955819563558,0.4091790128933528,0.034030571198712736,0.02067578439259853,0.016492357200321828,0.01246983105390187,0.008527755430410311,0.009734513274336299,0.0039420756234915585,0.005711987127916341,0.002011263073209979,0.0017699115044247816,0.0012872083668543865,0.005551086082059542,0.0008849557522123908,-8.045052292839915e-05,-0.0003218020917135966,0.002574416733708773,-0.0001609010458567983,-0.000482703137570395,0.000482703137570395,-0.0008045052292839916,0.002172164119066777,0.0013676588897827858,0.0005631536604987942,0.0001609010458567983,0.0016090104585679832,0.000482703137570395,-0.0008849557522123908,-8.045052292839915e-05
83,83,0.9855189058728882,0.9855189058728882,0.9837606912049053,0.9967164283101364,2.377883017479025,-0.3914112858972192,1.0368678875497843,5.790397324242458,0.5811647316267273,0.034915526950925126,0.028801287208366787,0.020836685438455328,0.009332260659694303,0.009251810136765903,0.007320997586484324,0.007240547063555924,0.004183427192276756,0.0027353177795655715,0.0012067578439259874,0.0016894609814963823,0.004505229283990353,0.002413515687851975,0.0015285599356395841,0.00096540627514079,0.0030571198712791682,0.0007240547063555924,0.0012872083668543865,0.0016090104585679832,0.001045856798069189,0.001045856798069189,0.0012067578439259874,0.0003218020917135966,-8.045052292839915e-05,0.0008045052292839916,0.0005631536604987942,0.0012872083668543865,0.00096540627514079
84,84,0.9847144006436042,0.9847203021961156,0.9821366749919632,0.9969120156284774,2.088975735727345,-0.17532661474974892,1.2878446370036143,6.000359853974338,0.4981903406804084,0.031858407079645955,0.016653258246178616,0.013917940466613054,0.012067578439259874,0.007240547063555924,0.00860820595333871,0.0032180209171359664,0.0023330651649235757,0.0018503620273531806,-0.0002413515687851975,0.0018503620273531806,-0.0004022526146419958,0.00193081255028158,-8.045052292839915e-05,-0.0012067578439259874,0.0002413515687851975,-8.045052292839915e-05,0.000482703137570395,0.0018503620273531806,0.0011263073209975883,0.0007240547063555924,0.0001609010458567983,-0.0001609010458567983,0.0008045052292839916,0.0013676588897827858,0.0008045052292839916,0.0007240547063555924,0.0008849557522123908
85,85,0.9839098954143202,0.9839276347723653,0.9832793773247004,0.9971816595490655,1.4583148952791976,-0.5668208664177236,0.6783779881028429,6.358482022397998,1.6862812213155198,0.03877715205148828,0.017699115044247794,0.020112630732099724,0.009251810136765903,0.008769106999195508,0.008849557522123908,0.008125502815768315,0.005470635559131143,0.0037811745776347603,0.002011263073209979,-0.00096540627514079,0.0032984714400643655,0.003459372485921164,0.002413515687851975,0.0003218020917135966,0.0016090104585679832,0.0004022526146419958,-0.0002413515687851975,0.0018503620273531806,0.0012067578439259874,0.0028962188254223697,0.0027353177795655715,0.0018503620273531806,0.0013676588897827858,0.003539823008849563,0.0012067578439259874,0.0013676588897827858,-0.0003218020917135966
86,86,0.9847144006436042,0.984746067658523,0.9849128511739306,0.9971474857665659,1.6039820679791394,0.4913343778911478,0.936882750771936,5.843326373071614,0.6838097738220966,0.03612228479485111,0.022445695897023287,0.017940466613033,0.01713596138374901,0.0095736122284795,0.006436041834271933,0.0028157683024939706,0.0059533386967015375,0.0015285599356395841,-0.0006436041834271932,-0.0001609010458567983,-0.0008045052292839916,0.00193081255028158,-8.045052292839915e-05,-0.0008849557522123908,0.00482703137570395,-0.0003218020917135966,8.045052292839915e-05,0.002574416733708773,-0.0006436041834271932,0.00096540627514079,-0.000482703137570395,-0.0018503620273531806,0.0,-0.000482703137570395,-0.0004022526146419958,0.0008849557522123908,0.000482703137570395
87,87,0.9855189058728882,0.9855093935290296,0.9827805782455974,0.9962119641513794,1.9295446192537384,0.03536860446695268,1.0721946116845127,6.006072281482946,0.3975425221348599,0.03451327433628313,0.022767497988736896,0.020836685438455328,0.01230893000804507,0.012228479485116673,0.008688656476267109,0.00474658085277555,0.004183427192276756,0.002493966210780374,-0.000482703137570395,0.00096540627514079,0.0007240547063555924,0.0013676588897827858,-0.000482703137570395,-0.0004022526146419958,0.0018503620273531806,-8.045052292839915e-05,-0.0001609010458567983,0.0028962188254223697,0.000482703137570395,0.0004022526146419958,0.0004022526146419958,-0.0006436041834271932,0.0006436041834271932,0.002091713596138378,0.0001609010458567983,0.0004022526146419958,0.0005631536604987942
88,88,0.9839098954143202,0.9839294688371512,0.983056101441138,0.9982190482874789,1.7714473484607767,-0.45629116969604055,1.074630323103136,6.53498221516327,0.7585948508476072,0.02662912308930001,0.02051488334674172,0.015848753016894635,0.00860820595333871,0.003620273531777962,0.004987932421560748,0.004424778761061954,8.045052292839915e-05,0.0001609010458567983,8.045052292839915e-05,-0.0007240547063555924,0.0012872083668543865,-0.0014481094127111848,-0.00193081255028158,0.0007240547063555924,-0.0007240547063555924,-0.0012872083668543865,-0.0008045052292839916,-0.0002413515687851975,-0.0005631536604987942,-0.0001609010458567983,0.0012872083668543865,0.0001609010458567983,8.045052292839915e-05,0.001045856798069189,-0.000482703137570395,-0.0011263073209975883,-0.0003218020917135966
89,89,0.9790828640386162,0.9791671756813651,0.980693789651359,0.9960450497642745,1.8684169596491502,-0.3978415287994627,0.7041918249261341,5.9483464832413295,1.4540767614934422,0.03515687851971032,0.023572003218020842,0.018020917135961313,0.00860820595333871,0.009332260659694303,0.005229283990345945,0.006596942880128731,0.0014481094127111848,0.00096540627514079,0.0006436041834271932,-0.000482703137570395,0.003620273531777962,0.0026548672566371724,0.0001609010458567983,0.0002413515687851975,0.0032180209171359664,-0.0003218020917135966,0.0002413515687851975,0.0005631536604987942,-0.0002413515687851975,0.0005631536604987942,0.0011263073209975883,0.0001609010458567983,0.0002413515687851975,-0.0012872083668543865,0.0008045052292839916,0.0011263073209975883,-0.0002413515687851975
90,90,0.9782783588093322,0.9782848266399407,0.9759106711003628,0.9967590224165194,2.319782486027406,-0.11681776338729527,1.0985937139924884,5.541351285666837,0.8578978805801449,0.03193885760257435,0.014078841512469808,0.011906677393403065,0.00860820595333871,0.006757843925985529,0.005068382944489147,0.007320997586484324,0.003539823008849563,0.0011263073209975883,0.0002413515687851975,0.0016090104585679832,-0.0013676588897827858,0.0004022526146419958,0.0005631536604987942,-0.0016090104585679832,-0.0030571198712791682,0.0005631536604987942,-0.0008045052292839916,0.0017699115044247816,-0.0002413515687851975,-0.0003218020917135966,-0.0005631536604987942,-0.0012067578439259874,-0.0011263073209975883,-0.0017699115044247816,0.0005631536604987942,0.0006436041834271932,0.0005631536604987942
91,91,0.9895414320193081,0.9895523801627822,0.9888783384578285,0.9977482365708085,1.9380852933083081,0.1823614249302587,0.7325697446193188,5.57883947470553,0.9915006655369831,0.03813354786806109,0.023330651649235735,0.013757039420756257,0.010297666934835092,0.008045052292839916,0.007803700724054718,0.006596942880128731,0.002172164119066777,0.0028962188254223697,-8.045052292839915e-05,-0.000482703137570395,0.0012872083668543865,0.0008849557522123908,0.0003218020917135966,-0.000482703137570395,0.0027353177795655715,-8.045052292839915e-05,0.0005631536604987942,0.0001609010458567983,-0.0013676588897827858,0.00096540627514079,-0.0003218020917135966,-0.0003218020917135966,-0.0003218020917135966,0.0005631536604987942,-0.000482703137570395,0.0001609010458567983,8.045052292839915e-05
92,92,0.9871279163314561,0.9871279163314561,0.9851362905299158,0.9987264802425069,2.2922232917658287,-0.5708648925008254,1.0212531902341933,6.6032731868841825,0.25844561180493536,0.031858407079645955,0.019469026548672597,0.016572807723250225,0.009090909090909104,0.00474658085277555,0.004907481898632349,0.004987932421560748,0.003620273531777962,-0.00096540627514079,-0.00193081255028158,0.0004022526146419958,-0.000482703137570395,0.0013676588897827858,-0.0015285599356395841,-0.0003218020917135966,0.0013676588897827858,-0.001045856798069189,-0.0005631536604987942,0.0001609010458567983,0.0002413515687851975,-0.0008045052292839916,-0.0002413515687851975,0.0007240547063555924,-0.0002413515687851975,-0.0002413515687851975,-0.0008045052292839916,0.0001609010458567983,-0.00193081255028158
93,93,0.9806918744971842,0.9807224128253514,0.9803481310409716,0.9972485957859323,1.9793484632505363,-0.3134350727545016,0.49893544760262426,6.188714223133939,1.0481335696797724,0.03258246178600155,0.016251005631536575,0.008769106999195498,0.0074014481094127225,0.0037007240547063613,0.0016090104585679832,0.0026548672566371724,0.0018503620273531806,-0.0003218020917135966,-0.0003218020917135966,-0.00193081255028158,0.0,-0.0006436041834271932,-0.0031375703942075673,-0.0008849557522123908,-0.0018503620273531806,-0.0001609010458567983,-0.0012067578439259874,0.002011263073209979,-0.002011263073209979,-0.00096540627514079,-0.0014481094127111848,-0.00096540627514079,-0.0008045052292839916,-0.0005631536604987942,0.0005631536604987942,0.0001609010458567983,0.0002413515687851975
94,94,0.9814963797264682,0.981559591175721,0.9824431489632872,0.997102868808931,1.7682209685829942,0.14733867014483418,1.30143833160016,5.911159694505986,0.5856387140742907,0.03161705551086076,0.017135961383748975,0.01600965406275139,0.007160096540627525,0.006999195494770727,0.007964601769911516,0.0031375703942075673,0.0030571198712791682,0.002574416733708773,-0.0012067578439259874,0.0003218020917135966,0.0012872083668543865,0.0018503620273531806,-0.0001609010458567983,-0.0007240547063555924,0.0001609010458567983,-8.045052292839915e-05,-0.0001609010458567983,0.00193081255028158,0.0005631536604987942,0.0013676588897827858,0.0,8.045052292839915e-05,0.0011263073209975883,0.0013676588897827858,-0.0014481094127111848,0.0001609010458567983,-0.0013676588897827858
95,95,0.9871279163314561,0.9871422871141255,0.9868287070329353,0.9982856321012512,1.5256958670068606,0.01180796373176294,1.1117770585210358,6.0705255142821155,0.6622178676570869,0.02670957361222843,0.016653258246178627,0.018342719227675008,0.0095736122284795,0.009010458567980707,0.004263877715205156,0.00474658085277555,0.005792437650844739,0.0018503620273531806,0.0,0.0015285599356395841,0.0012067578439259874,0.0015285599356395841,0.0006436041834271932,0.0011263073209975883,0.0001609010458567983,-0.0001609010458567983,8.045052292839915e-05,0.0002413515687851975,-0.000482703137570395,0.0005631536604987942,-0.0002413515687851975,-0.0011263073209975883,0.0007240547063555924,0.0008849557522123908,0.000482703137570395,0.000482703137570395,0.0003218020917135966
96,96,0.9814963797264682,0.981538797180264,0.98105918502242,0.9974781308990002,1.8993782354212545,-0.32891406976735205,0.9143538760034033,5.8862440723897915,1.1321200033818788,0.03218020917135955,0.013757039420756245,0.013837489943684644,0.010780370072405487,0.006033789219629937,0.004424778761061954,0.005068382944489147,0.0018503620273531806,0.0,-0.0022526146419951766,-0.0012067578439259874,-0.0030571198712791682,0.00096540627514079,-0.002091713596138378,-0.0006436041834271932,-0.0001609010458567983,0.0003218020917135966,-0.000482703137570395,0.0002413515687851975,-0.0012872083668543865,0.0006436041834271932,-0.0012872083668543865,-0.003459372485921164,0.0003218020917135966,-0.004183427192276756,-0.000482703137570395,0.0006436041834271932,-0.00096540627514079
97,97,0.9871279163314561,0.9871279163314561,0.985477784398257,0.9974647459488509,1.4489519829427941,-0.5437920829650424,1.4648579289536359,6.452766972375534,0.909250342504662,0.03596138374899431,0.023330651649235666,0.029766693483507578,0.011665325824617878,0.006355591311343533,0.010136765888978294,0.00772325020112632,0.005148833467417546,0.0039420756234915585,0.0012067578439259874,0.0001609010458567983,0.002172164119066777,0.00386162510056316,0.0002413515687851975,0.0013676588897827858,0.0008849557522123908,0.0001609010458567983,0.0001609010458567983,0.0015285599356395841,0.0016090104585679832,0.0017699115044247816,0.001045856798069189,0.0013676588897827858,0.00096540627514079,0.0017699115044247816,0.0012872083668543865,0.00193081255028158,0.0014481094127111848
98,98,0.9863234111021721,0.9863277604673589,0.9847535283891689,0.9983470343852205,2.0299622064819967,-0.47593808430375306,1.0616955844423244,5.806931574909119,1.3559402063053432,0.04312148028962184,0.027433628318584025,0.016572807723250225,0.011021721641190686,0.00772325020112632,0.005309734513274345,0.00772325020112632,0.002011263073209979,0.0007240547063555924,-0.00096540627514079,0.0015285599356395841,0.0,0.00096540627514079,0.001045856798069189,0.0008045052292839916,0.0005631536604987942,0.0,0.0007240547063555924,8.045052292839915e-05,0.0005631536604987942,0.0007240547063555924,-0.0003218020917135966,0.0006436041834271932,0.0011263073209975883,0.000482703137570395,0.0007240547063555924,0.0012872083668543865,-0.0008045052292839916
99,99,0.9831053901850362,0.9831503906799208,0.983699932903527,0.9967151900580531,1.522867173502316,-0.3250628141161582,1.1785950682265678,6.391907623566374,0.6395653260321957,0.03958165728077227,0.023652453740949243,0.01850362027353175,0.014481094127111849,0.005792437650844739,0.006436041834271933,0.003459372485921164,0.004344328238133554,0.0017699115044247816,-0.0004022526146419958,-8.045052292839915e-05,-0.0004022526146419958,0.0013676588897827858,0.0001609010458567983,0.00096540627514079,0.002493966210780374,0.0002413515687851975,-0.0007240547063555924,0.0014481094127111848,-0.0016090104585679832,0.00096540627514079,0.0001609010458567983,-8.045052292839915e-05,0.0008045052292839916,0.0005631536604987942,-0.0003218020917135966,0.0,8.045052292839915e-05
100,100,0.9798873692679002,0.9798581477319726,0.9761719425704896,0.9958138730323474,1.6698161641600335,0.19578735125836025,0.6038043627642298,5.977004713882417,1.4996596153470858,0.03242156074014475,0.020514883346741685,0.015044247787610588,0.0096540627514079,0.008045052292839916,0.005711987127916341,0.006355591311343533,0.0037007240547063613,0.0026548672566371724,0.0006436041834271932,0.001045856798069189,0.0027353177795655715,0.0011263073209975883,0.0002413515687851975,0.0008045052292839916,0.0015285599356395841,0.0006436041834271932,-0.000482703137570395,0.002011263073209979,0.0002413515687851975,0.001045856798069189,0.0014481094127111848,0.00096540627514079,0.001045856798069189,0.00096540627514079,-0.00096540627514079,-0.0004022526146419958,0.0008045052292839916
101,101,0.9847144006436042,0.9847094820070762,0.9822602343667024,0.997504100827246,1.9722228670707502,0.02587413222953042,1.0025552678647103,6.217239368417791,0.15027632852544273,0.015929203539823023,0.017055510860820612,0.022767497988736885,0.01053901850362029,0.008205953338696715,0.005631536604987941,0.004987932421560748,0.002574416733708773,0.0012872083668543865,-0.0014481094127111848,0.0,0.0003218020917135966,0.0012067578439259874,-0.0007240547063555924,-0.0007240547063555924,-0.0001609010458567983,-0.0003218020917135966,-0.0008849557522123908,0.0004022526146419958,-0.00096540627514079,0.0005631536604987942,-0.0005631536604987942,-0.0008045052292839916,8.045052292839915e-05,0.0015285599356395841,-0.0005631536604987942,0.0004022526146419958,-0.0006436041834271932
102,102,0.9855189058728882,0.9854826053727573,0.9812148773848328,0.9983701938242613,1.758414102219054,-0.5164704443754388,1.2819161801752539,6.1920477054064635,0.8291713891643633,0.03845534995977469,0.020193081255028122,0.020595333869670152,0.011987127916331474,0.004987932421560748,0.006436041834271933,0.00474658085277555,0.004263877715205156,0.0016894609814963823,-0.0006436041834271932,-0.00096540627514079,0.0008849557522123908,0.002091713596138378,0.0012067578439259874,-0.001045856798069189,0.002172164119066777,-8.045052292839915e-05,-0.0006436041834271932,0.00096540627514079,-0.00193081255028158,-0.0008849557522123908,0.0003218020917135966,0.000482703137570395,-0.0002413515687851975,-0.0003218020917135966,0.0008849557522123908,-0.001045856798069189,-0.001045856798069189
103,103,0.9847144006436042,0.9847313329054226,0.9830596079150993,0.9955592256170291,2.2951694046903817,-0.01680599218327259,1.0898409864036487,5.888870193649385,0.27930668048676344,0.026307320997586415,0.028318584070796394,0.016572807723250225,0.018503620273531772,0.009734513274336299,0.009090909090909104,0.008125502815768315,0.006033789219629937,0.002493966210780374,0.0018503620273531806,0.0017699115044247816,0.004344328238133554,0.0017699115044247816,0.0016090104585679832,0.0016090104585679832,0.0032984714400643655,0.0008849557522123908,0.0012067578439259874,0.0016894609814963823,0.0018503620273531806,0.0017699115044247816,0.0028157683024939706,0.0012067578439259874,0.002091713596138378,0.0041029766693483575,0.0012872083668543865,0.001045856798069189,0.0016090104585679832
104,104,0.9927594529364441,0.9927717992731449,0.9933344740223096,0.9990754415667062,2.0457947425924683,-0.14992302943041128,0.6506525485506,5.95680507278241,0.8126707737294571,0.04875301689460978,0.0255028157683025,0.011343523732904282,0.01150442477876108,0.007481898632341122,0.008769106999195508,0.005792437650844739,0.004505229283990353,0.002574416733708773,0.0008849557522123908,-0.0001609010458567983,0.002574416733708773,0.002011263073209979,0.0004022526146419958,0.0014481094127111848,0.00193081255028158,0.0002413515687851975,0.0001609010458567983,0.0011263073209975883,0.0004022526146419958,0.0013676588897827858,0.0,0.0013676588897827858,0.0008045052292839916,0.0007240547063555924,0.0001609010458567983,0.000482703137570395,0.0003218020917135966
105,105,0.9831053901850362,0.9831316241857143,0.9823968705547652,0.9979044943159776,1.5293387457237424,-0.12038226207963634,0.8315309207595407,5.913068494800115,1.296561569584828,0.0374094931617055,0.02131938857602571,0.01882542236524536,0.008930008045052307,0.006516492357200332,0.005551086082059542,0.0028157683024939706,0.0032984714400643655,0.0033789219629927645,-0.002172164119066777,-0.0016894609814963823,0.001045856798069189,0.0015285599356395841,-0.0002413515687851975,0.0012872083668543865,0.0012067578439259874,-0.0008849557522123908,-0.00096540627514079,8.045052292839915e-05,-0.0008849557522123908,0.0008849557522123908,-0.0007240547063555924,0.0,-0.0003218020917135966,0.0012872083668543865,-0.0015285599356395841,-0.0026548672566371724,-0.0030571198712791682
106,106,0.9903459372485921,0.9903399230232935,0.9884622141539543,0.998975199836032,1.7808927366921932,-0.02255203112514803,0.9001185858887937,5.781930195250612,1.0626389517749524,0.033547868061142336,0.017377312952534217,0.012711182622687067,0.011102172164119083,0.008447304907481912,0.0032984714400643655,0.0017699115044247816,0.0041029766693483575,0.0006436041834271932,-0.0008849557522123908,-0.0006436041834271932,-0.0007240547063555924,0.0004022526146419958,0.0012067578439259874,-0.0006436041834271932,0.0006436041834271932,0.0,0.0,0.0001609010458567983,-0.0008045052292839916,0.0007240547063555924,-0.0008849557522123908,-0.000482703137570395,0.0002413515687851975,-0.00096540627514079,-0.000482703137570395,0.0,0.0
107,107,0.9839098954143202,0.9839285398535792,0.9831719072224668,0.9976075723521097,1.3351278035845657,-0.7133561277530036,0.9334099896671005,6.216266225505699,1.5678310410486753,0.049155269509251774,0.020756234915526917,0.01786001609010457,0.01255028157683027,0.007481898632341122,0.008447304907481912,0.008447304907481912,0.004424778761061954,0.0022526146419951766,0.0,0.0007240547063555924,0.001045856798069189,0.0031375703942075673,0.002091713596138378,0.002091713596138378,0.003459372485921164,0.0008849557522123908,0.0,0.0031375703942075673,-0.0002413515687851975,0.002091713596138378,8.045052292839915e-05,0.0012067578439259874,0.001045856798069189,8.045052292839915e-05,0.0014481094127111848,0.0008849557522123908,0.0002413515687851975
108,108,0.9863234111021721,0.9863355540928553,0.9855405892475118,0.9981397079341456,1.8873543463869467,-0.09211414654862574,1.2575732057951077,6.049255388768348,0.43742563699137466,0.028801287208366787,0.017618664521319417,0.011906677393403075,0.008447304907481912,0.00764279967819792,0.002574416733708773,0.004666130329847151,0.005229283990345945,0.002011263073209979,-0.0002413515687851975,-8.045052292839915e-05,0.0004022526146419958,0.0008849557522123908,-0.000482703137570395,0.0016090104585679832,0.0031375703942075673,0.0,8.045052292839915e-05,0.002574416733708773,0.0008045052292839916,0.0005631536604987942,-0.0003218020917135966,0.0,0.0008045052292839916,0.0013676588897827858,-0.0001609010458567983,-0.0008045052292839916,-8.045052292839915e-05
109,109,0.9847144006436042,0.9847189797492825,0.9831179791630289,0.9964641173389209,1.814865326755728,-0.4348128651538622,0.7324099817203482,5.846637010877051,1.6508770109029332,0.03909895414320188,0.015848753016894635,0.01230893000804507,0.007079646017699126,0.0037007240547063613,0.0032180209171359664,0.003620273531777962,0.003459372485921164,0.0001609010458567983,-0.0006436041834271932,-0.002574416733708773,-0.0016894609814963823,0.0008045052292839916,-0.0006436041834271932,-0.0008045052292839916,8.045052292839915e-05,-0.0005631536604987942,-0.0008045052292839916,0.0002413515687851975,-8.045052292839915e-05,-0.0003218020917135966,-0.0012067578439259874,0.0008849557522123908,-0.0007240547063555924,-0.0008849557522123908,-0.0006436041834271932,0.0,-8.045052292839915e-05
110,110,0.9710378117457763,0.9712001958288361,0.9727357651245552,0.994997034400949,2.034861905371611,-0.3864685605460819,1.193683342352921,5.846798787672124,0.7082158932486645,0.036041834271922715,0.016653258246178516,0.008849557522123819,0.00852775543041021,0.004183427192276745,0.006355591311343489,0.0001609010458567983,0.002172164119066777,0.0008045052292839916,-0.0008045052292839916,-0.0016894609814963823,-0.001045856798069189,8.045052292839915e-05,-0.00193081255028158,-0.0006436041834271932,-0.0008849557522123908,0.0,-0.0014481094127111848,0.002011263073209979,-0.0005631536604987942,0.0004022526146419958,-0.00096540627514079,-0.00096540627514079,0.0003218020917135966,-0.0008849557522123908,0.0003218020917135966,-0.0003218020917135966,0.0
111,111,0.9935639581657281,0.9935599486821959,0.9921017187362751,0.9991567358650777,1.8181610812238236,0.10886914864369235,0.6658822124976363,6.084461277247732,0.6096576871111131,0.046339501206757804,0.025422365245374123,0.021399839098954175,0.012952534191472265,0.010136765888978294,0.010297666934835092,0.00764279967819792,0.006999195494770727,0.0017699115044247816,0.0005631536604987942,0.0028962188254223697,0.004022526146419958,0.000482703137570395,0.000482703137570395,0.002011263073209979,0.0032180209171359664,0.0003218020917135966,0.0012872083668543865,0.0031375703942075673,0.0023330651649235757,0.00096540627514079,0.000482703137570395,0.0011263073209975883,0.00193081255028158,0.0031375703942075673,0.0016894609814963823,-0.0001609010458567983,0.0001609010458567983
112,112,0.9831053901850362,0.9831002983834943,0.980708340608812,0.997532157615971,2.102255487771529,0.490847868654225,1.2981562333288037,5.38820416671574,0.3812744800029582,0.04030571198712787,0.02107803700724049,0.020997586484312103,0.004344328238133554,0.0037007240547063613,0.005470635559131143,0.00482703137570395,0.004344328238133554,-0.0008849557522123908,-0.0013676588897827858,-0.0008045052292839916,0.000482703137570395,-8.045052292839915e-05,0.0005631536604987942,-0.0012067578439259874,-0.0005631536604987942,-0.0003218020917135966,-0.0001609010458567983,0.000482703137570395,0.0005631536604987942,0.0006436041834271932,-0.0004022526146419958,0.0002413515687851975,-0.0012872083668543865,-0.0003218020917135966,-0.0003218020917135966,-0.0023330651649235757,-0.002011263073209979
113,113,0.9879324215607401,0.9879661509901834,0.9891363917616901,0.9974837207931878,1.7305943441439502,0.24891526216102822,1.078783621584313,6.343093148735142,0.3951141835438764,0.02598551890587284,0.016009654062751434,0.010860820595333887,0.00860820595333871,0.00482703137570395,0.004344328238133554,0.0030571198712791682,0.002493966210780374,0.0,0.0008849557522123908,-0.0008045052292839916,0.0007240547063555924,0.0004022526146419958,0.0005631536604987942,0.0014481094127111848,0.0017699115044247816,0.0008045052292839916,0.0015285599356395841,0.0022526146419951766,0.0008849557522123908,0.0003218020917135966,0.001045856798069189,0.0002413515687851975,0.0006436041834271932,0.0,0.0016894609814963823,0.0015285599356395841,0.0006436041834271932
114,114,0.9855189058728882,0.985536628053555,0.9848607735777237,0.9976107516177202,1.5463209775213258,0.11785336767619718,1.2813946945490173,6.313699948789433,0.4302204577210131,0.03925985518905868,0.019629927594529372,0.015929203539823023,0.008849557522123908,0.005309734513274345,0.0012872083668543865,0.0026548672566371724,0.005148833467417546,0.0016090104585679832,0.0,-0.0001609010458567983,0.0029766693483507687,0.0023330651649235757,0.0008849557522123908,0.0014481094127111848,0.0026548672566371724,0.0005631536604987942,0.0004022526146419958,0.000482703137570395,-0.0002413515687851975,0.0013676588897827858,0.0016894609814963823,0.0015285599356395841,0.000482703137570395,0.0039420756234915585,0.001045856798069189,0.00096540627514079,-8.045052292839915e-05
115,115,0.9855189058728882,0.9854929559771536,0.9820394142317584,0.9976973607989433,1.838657581034955,0.21766751194632075,0.8870568262749879,6.3054593080446875,0.4978825987902314,0.035800482703137515,0.020756234915526937,0.019308125502815777,0.015768302493966234,0.009975864843121495,0.00772325020112632,0.006194690265486735,0.007160096540627525,0.0028962188254223697,0.0012067578439259874,0.0016894609814963823,0.0027353177795655715,0.0030571198712791682,0.0017699115044247816,0.001045856798069189,0.002413515687851975,0.001045856798069189,0.0001609010458567983,0.0039420756234915585,0.0,0.002413515687851975,0.0004022526146419958,-0.0002413515687851975,0.0001609010458567983,0.00193081255028158,0.0012872083668543865,0.0004022526146419958,0.0004022526146419958
116,116,0.9903459372485921,0.9903523530049626,0.989565654941613,0.9985499997022587,1.6702001871438685,-0.17767619497234566,1.1695932887989005,5.864575005309058,0.868064970190211,0.028479485116653224,0.02284794851166535,0.01745776347546262,0.01440064360418345,0.006033789219629937,0.009895414320193096,0.008447304907481912,0.004263877715205156,0.0022526146419951766,0.0003218020917135966,0.004183427192276756,0.00482703137570395,0.002091713596138378,0.0008849557522123908,0.0001609010458567983,-8.045052292839915e-05,-0.0007240547063555924,0.0001609010458567983,0.0005631536604987942,0.0007240547063555924,0.0015285599356395841,0.0003218020917135966,0.0003218020917135966,-0.0004022526146419958,0.0028962188254223697,0.0014481094127111848,0.0015285599356395841,0.0008045052292839916
117,117,0.9863234111021721,0.9863452864991178,0.9859974799013257,0.997615962991227,1.4688849829239936,-0.3604186267190564,1.5158244435559434,6.2208112293954345,0.6745551751964433,0.029283990345937184,0.015768302493966234,0.01713596138374902,0.0061142397425583365,0.00482703137570395,0.006436041834271933,0.0015285599356395841,0.0007240547063555924,-0.0008849557522123908,0.0003218020917135966,0.00096540627514079,0.0004022526146419958,-0.0003218020917135966,-0.0016894609814963823,-0.0003218020917135966,-8.045052292839915e-05,-0.0016090104585679832,-0.0003218020917135966,0.0012872083668543865,-8.045052292839915e-05,-0.0003218020917135966,-0.0014481094127111848,-0.0007240547063555924,-8.045052292839915e-05,-0.0018503620273531806,-0.001045856798069189,0.0004022526146419958,-0.0004022526146419958
118,118,0.9790828640386162,0.9790828640386162,0.9755059783663174,0.9971533032596042,2.0760809576538746,-0.32498591640410285,1.2915225762584892,6.433598629180702,-0.05276881452041625,0.03966210780370068,0.01584875301689458,0.018744971842316892,0.008286403861625113,0.00860820595333871,0.002493966210780374,0.0053901850362027435,0.002091713596138378,0.00096540627514079,-0.0014481094127111848,-0.0002413515687851975,0.0004022526146419958,-0.0015285599356395841,-0.0005631536604987942,0.0003218020917135966,0.0003218020917135966,-8.045052292839915e-05,0.0012872083668543865,-0.0011263073209975883,-0.0001609010458567983,-0.0016894609814963823,8.045052292839915e-05,-0.0003218020917135966,0.0008849557522123908,0.0005631536604987942,-0.0004022526146419958,0.000482703137570395,-0.000482703137570395
119,119,0.9855189058728882,0.9855189058728882,0.9837022080033566,0.997141658362616,2.365829488658891,-0.9436856758245795,0.866227027630259,6.08196323950994,1.000715404875038,0.041190667739340256,0.01536604987932424,0.015446500402252627,0.010378117457763491,0.0061142397425583365,0.007079646017699126,0.0041029766693483575,0.004666130329847151,0.0012872083668543865,-0.0003218020917135966,-0.0006436041834271932,0.001045856798069189,-0.0002413515687851975,0.0006436041834271932,0.00193081255028158,0.0012067578439259874,-8.045052292839915e-05,-0.0016090104585679832,0.0008045052292839916,-0.0003218020917135966,0.0,0.0004022526146419958,0.002091713596138378,-0.0004022526146419958,0.0023330651649235757,-0.0007240547063555924,0.0,0.0
120,120,0.9814963797264682,0.9815634253602858,0.9823740082390151,0.9961435669315349,1.6959337310513167,0.6815918023246896,0.3305521434907362,5.873788826663855,0.5842978335093615,0.04577634754625901,0.01737731295253416,0.01230893000804507,0.007320997586484324,0.006033789219629937,0.006516492357200332,0.0053901850362027435,0.0033789219629927645,0.0016090104585679832,-0.0012872083668543865,-0.0008849557522123908,-8.045052292839915e-05,0.0013676588897827858,-0.004907481898632349,0.0008849557522123908,0.002574416733708773,-0.001045856798069189,-8.045052292839915e-05,0.0004022526146419958,0.0007240547063555924,0.0014481094127111848,-0.000482703137570395,-0.0012872083668543865,0.0003218020917135966,0.001045856798069189,-0.0008045052292839916,-0.0008849557522123908,0.0001609010458567983
121,121,0.9823008849557522,0.9823008849557522,0.9801044758745125,0.9967143938071125,1.987875402287992,-0.05840098942913792,0.7425861093109344,6.158587292421616,0.7398029575978115,0.02968624296057918,0.01922767497988733,0.012630732099758669,0.007964601769911516,0.006838294448913929,0.002011263073209979,0.0061142397425583365,0.0027353177795655715,0.0018503620273531806,0.0002413515687851975,-0.000482703137570395,0.0018503620273531806,0.003539823008849563,-0.0014481094127111848,0.0008849557522123908,0.002493966210780374,-0.0014481094127111848,0.0002413515687851975,0.0012067578439259874,0.0001609010458567983,0.00096540627514079,0.0007240547063555924,0.0007240547063555924,0.0003218020917135966,0.0027353177795655715,-0.001045856798069189,0.0012872083668543865,-0.000482703137570395
122,122,0.9839098954143202,0.9839098954143202,0.9820615247848249,0.9981267786943445,1.4057528079587172,-0.22118530680924564,1.4298469578905244,6.447230608612229,0.46305818998026216,0.0464199517296862,0.013596138374899458,0.020917135961383705,0.016653258246178627,0.008769106999195508,0.008045052292839916,0.0031375703942075673,0.005148833467417546,0.00096540627514079,0.0004022526146419958,-0.0008045052292839916,0.002172164119066777,0.00193081255028158,-0.0003218020917135966,0.0012067578439259874,0.0017699115044247816,0.0002413515687851975,-0.0016894609814963823,0.0005631536604987942,-0.000482703137570395,0.0013676588897827858,0.0016090104585679832,0.0001609010458567983,0.0002413515687851975,0.0005631536604987942,0.0002413515687851975,0.0003218020917135966,-0.0003218020917135966
123,123,0.9871279163314561,0.9871279163314561,0.9849483849483849,0.998162443616989,1.8045567602695962,0.2284438332043084,0.8127645189377347,5.564439468322757,0.94060763157564,0.027996781979082806,0.022445695897023332,0.014802896218825445,0.012791633145615466,0.006596942880128731,0.0096540627514079,0.002091713596138378,0.004505229283990353,0.0012872083668543865,0.0003218020917135966,0.0008045052292839916,-8.045052292839915e-05,0.0014481094127111848,-0.0017699115044247816,0.0,0.0006436041834271932,0.0,-0.0003218020917135966,0.0011263073209975883,0.0017699115044247816,0.0008045052292839916,0.0017699115044247816,0.0007240547063555924,0.0008045052292839916,0.00096540627514079,-0.0003218020917135966,0.0007240547063555924,0.0001609010458567983
124,124,0.9798873692679002,0.9799051181111814,0.9783359752875667,0.997305787331394,2.039197953105377,0.4008057211680569,0.8569260273612307,6.010195168351652,0.2522200994302663,0.029847144006435976,0.01673370876910696,0.011263073209975872,0.011021721641190673,0.006033789219629937,0.005229283990345945,0.004424778761061954,0.0018503620273531806,0.0001609010458567983,-0.00096540627514079,-0.00096540627514079,0.0016894609814963823,0.0005631536604987942,-0.0007240547063555924,8.045052292839915e-05,0.0,-0.0007240547063555924,-0.0014481094127111848,0.0001609010458567983,-0.0016090104585679832,0.0004022526146419958,0.0003218020917135966,0.0013676588897827858,0.0,0.0007240547063555924,-0.0011263073209975883,-0.0007240547063555924,0.0012067578439259874
125,125,0.9911504424778761,0.9911586384008317,0.9909133817640264,0.9976429614254807,1.7980767639521733,0.1309154730476716,0.6146334479331527,5.794535047317418,0.9659110055456547,0.03266291230892996,0.03572003218020912,0.022204344328238167,0.012791633145615466,0.004987932421560748,0.009814963797264698,0.0041029766693483575,0.006275140788415135,0.00482703137570395,-0.0004022526146419958,0.002172164119066777,0.002091713596138378,0.0016894609814963823,0.0007240547063555924,0.0011263073209975883,0.0016090104585679832,8.045052292839915e-05,0.000482703137570395,0.00193081255028158,0.0001609010458567983,-0.0001609010458567983,0.0003218020917135966,0.00096540627514079,0.0,0.00193081255028158,0.0001609010458567983,0.0011263073209975883,0.0001609010458567983
126,126,0.9863234111021721,0.9863188003684519,0.983913813459268,0.9985540171490584,1.5553848278505007,0.3588366932742867,0.9695782106478147,5.878444215026494,0.8182043812561602,0.032984714400643544,0.021962992759452904,0.016492357200321828,0.008527755430410311,0.0059533386967015375,0.007803700724054718,0.008045052292839916,0.005872888173773139,0.0026548672566371724,-0.0004022526146419958,0.0026548672566371724,-0.0011263073209975883,0.002011263073209979,0.0005631536604987942,0.002011263073209979,-0.0003218020917135966,0.000482703137570395,0.0008849557522123908,0.00193081255028158,0.0017699115044247816,0.0006436041834271932,0.0001609010458567983,-0.0012067578439259874,0.0001609010458567983,0.0005631536604987942,-0.0011263073209975883,0.0016090104585679832,0.0004022526146419958
127,127,0.9863234111021721,0.9863190102168576,0.9840938056856937,0.9982033066238687,1.9415838365663776,-0.5955099291504046,0.6066376635979672,7.063585604782072,0.3454062085070485,0.02325020112630729,0.014159292035398252,0.011423974255832681,0.00772325020112632,0.003459372485921164,0.0032180209171359664,0.005711987127916341,0.0013676588897827858,8.045052292839915e-05,0.0012872083668543865,0.0016894609814963823,0.0006436041834271932,0.0,-0.0012872083668543865,-0.0004022526146419958,0.001045856798069189,0.0,-0.0008849557522123908,-0.001045856798069189,-0.0005631536604987942,0.0003218020917135966,-0.0011263073209975883,-0.0005631536604987942,-0.0003218020917135966,-0.0013676588897827858,-0.0008045052292839916,0.0005631536604987942,0.0
128,128,0.9863234111021721,0.9863526141737902,0.9866932859580306,0.997214941982844,1.6580546170892865,-0.02760372006368092,0.5714184756823382,5.8980044702038965,1.3350786436378932,0.030168946098149574,0.026387771520514837,0.013515687851971058,0.014078841512469853,0.004263877715205156,0.008688656476267109,0.0039420756234915585,0.002091713596138378,0.0012067578439259874,-0.0005631536604987942,-0.0006436041834271932,0.0026548672566371724,0.0012067578439259874,-0.0004022526146419958,0.0003218020917135966,0.0012872083668543865,-0.000482703137570395,-8.045052292839915e-05,0.0018503620273531806,0.0001609010458567983,-0.0002413515687851975,0.0001609010458567983,-8.045052292839915e-05,0.0006436041834271932,0.00193081255028158,0.0,0.0,0.0
129,129,0.9814963797264682,0.9815242634015785,0.980654083861998,0.9967695956445036,2.1348883648149126,-0.6302968205360536,1.4287575609223728,6.080430048923313,0.8382956443418319,0.03483507642799673,0.020595333869670097,0.01938857602574413,0.010780370072405487,0.0061142397425583365,0.007079646017699126,0.004022526146419958,0.002172164119066777,0.0016090104585679832,0.0007240547063555924,0.0016090104585679832,0.0033789219629927645,0.0004022526146419958,0.00096540627514079,0.0004022526146419958,0.0001609010458567983,0.0003218020917135966,0.001045856798069189,0.0015285599356395841,0.00096540627514079,0.0004022526146419958,0.0016894609814963823,0.0015285599356395841,0.0003218020917135966,0.0002413515687851975,-0.0016090104585679832,-0.0003218020917135966,0.00096540627514079
130,130,0.9823008849557522,0.9823241373518513,0.9810011596443757,0.9966489250988672,2.3546793247954185,-0.657211096983428,1.1614412046405647,6.690692390967993,0.1723570184793659,0.029042638777151984,0.015446500402252627,0.014802896218825445,0.01061946902654869,0.004344328238133554,0.006596942880128731,0.006757843925985529,0.003620273531777962,0.0014481094127111848,0.0002413515687851975,-0.0016090104585679832,0.00096540627514079,0.0007240547063555924,-0.0014481094127111848,8.045052292839915e-05,0.00193081255028158,-0.0007240547063555924,-0.0011263073209975883,0.0023330651649235757,-0.0013676588897827858,-0.0017699115044247816,0.0012067578439259874,0.001045856798069189,0.0012067578439259874,0.0017699115044247816,-0.0011263073209975883,-0.0008849557522123908,-0.0004022526146419958
131,131,0.9798873692679002,0.9798936154585378,0.9775363083616236,0.9964761686982933,1.733059951734683,0.46610118697880343,0.8920667223058841,5.806651010221364,0.7387329711837219,0.023572003218020842,0.02260659694288005,0.01600965406275138,0.006918744971842328,0.007160096540627525,0.005792437650844739,0.003459372485921164,0.000482703137570395,0.0,-0.0008849557522123908,-0.0023330651649235757,0.0004022526146419958,-0.000482703137570395,-0.0016090104585679832,0.0,0.0018503620273531806,0.0,-0.002011263073209979,-0.001045856798069189,-0.0007240547063555924,-0.0016090104585679832,-0.0018503620273531806,-0.0023330651649235757,-0.0017699115044247816,0.0,-0.00193081255028158,-0.0011263073209975883,-0.000482703137570395
132,132,0.9863234111021721,0.9863370050605293,0.9852737136085654,0.9977669399932114,1.6257066864741048,0.3886968115855324,0.7931451879003207,5.747976653963597,1.0023909929726547,0.03652453740949311,0.0181818181818182,0.016894609814963824,0.00860820595333871,0.004907481898632349,0.007160096540627525,0.006033789219629937,0.0033789219629927645,0.0007240547063555924,-0.0003218020917135966,-0.0015285599356395841,0.00096540627514079,-0.0004022526146419958,-0.00193081255028158,-0.0003218020917135966,0.0014481094127111848,-0.0011263073209975883,-0.000482703137570395,0.0003218020917135966,-0.0016894609814963823,0.0011263073209975883,-8.045052292839915e-05,0.0005631536604987942,8.045052292839915e-05,0.0008849557522123908,-0.0007240547063555924,0.0,-0.0002413515687851975
133,133,0.9798873692679002,0.9798588604810762,0.9763081462093034,0.9975633696101391,1.9303052193273365,0.07602507903746522,0.574240667684194,6.020978567343397,0.7702902221079778,0.031053901850361963,0.013193885760257451,0.023330651649235645,0.0096540627514079,0.005551086082059542,0.00667739340305713,0.0037811745776347603,0.00474658085277555,0.0014481094127111848,-0.0008045052292839916,-0.0012872083668543865,-8.045052292839915e-05,0.0002413515687851975,-0.002091713596138378,-0.00096540627514079,0.0007240547063555924,-0.0012067578439259874,-0.0013676588897827858,0.0001609010458567983,-0.0007240547063555924,0.0002413515687851975,-0.0016894609814963823,0.0003218020917135966,-0.0002413515687851975,-0.0008849557522123908,-0.0007240547063555924,-0.0003218020917135966,-0.0005631536604987942
134,134,0.9798873692679002,0.9798937277118758,0.9774558445303718,0.9970513974963363,1.601738835434783,0.14321613905054387,0.8409451038680177,6.045972702340932,1.0243214226532127,0.03869670152855988,0.02196299275945286,0.019790828640386095,0.01045856798069189,0.005792437650844739,0.006436041834271933,0.004666130329847151,0.005470635559131143,8.045052292839915e-05,-0.00096540627514079,0.0008045052292839916,0.0012067578439259874,0.00193081255028158,-0.0016894609814963823,-0.0016090104585679832,0.0013676588897827858,8.045052292839915e-05,-8.045052292839915e-05,0.0002413515687851975,0.0012872083668543865,0.0027353177795655715,-0.0012872083668543865,-0.0003218020917135966,0.000482703137570395,-0.0012872083668543865,-0.0011263073209975883,0.0,0.0002413515687851975
135,135,0.9879324215607401,0.9879363275464234,0.9865372897699375,0.9983554285646679,1.5971188670658503,-0.01694321731047873,1.1045145103123386,5.693058797834379,1.1541841062950087,0.03242156074014475,0.01842316975060341,0.0190667739340306,0.012952534191472265,0.00860820595333871,0.012791633145615466,0.004344328238133554,0.00667739340305713,0.005872888173773139,-8.045052292839915e-05,0.002493966210780374,0.0028157683024939706,0.00482703137570395,-0.0008045052292839916,0.004263877715205156,0.0033789219629927645,0.0,-0.0007240547063555924,0.0032984714400643655,-0.0012067578439259874,0.0011263073209975883,0.0008849557522123908,-0.0004022526146419958,0.0008849557522123908,0.001045856798069189,0.0001609010458567983,0.0004022526146419958,-0.0006436041834271932
136,136,0.9814963797264682,0.981538303972801,0.9810886814191877,0.9958842604140683,1.7097631040447543,-0.6539511489821621,1.5547722178045502,5.895525157844043,1.1464867042205469,0.027031375703942005,0.013676588897827835,0.014078841512469853,0.01842316975060332,0.008849557522123908,0.009251810136765903,0.0015285599356395841,0.00482703137570395,0.0012067578439259874,0.0005631536604987942,-8.045052292839915e-05,0.0011263073209975883,0.0016894609814963823,-0.0003218020917135966,0.0015285599356395841,0.0018503620273531806,-0.0002413515687851975,-0.0008849557522123908,0.00193081255028158,-0.0005631536604987942,-8.045052292839915e-05,-0.00096540627514079,0.0002413515687851975,0.0004022526146419958,-8.045052292839915e-05,0.0001609010458567983,-0.0005631536604987942,-0.0004022526146419958
137,137,0.9798873692679002,0.9798815964658987,0.9773164965692209,0.9961944300294067,1.8407227681168599,-0.14108746263223745,0.5196938717697421,5.859840464042214,1.1992734437606174,0.032662912308929946,0.016331456154464952,0.014159292035398207,0.008769106999195508,0.004987932421560748,0.010378117457763491,0.0033789219629927645,0.0029766693483507687,0.0012872083668543865,-0.0003218020917135966,0.0008045052292839916,0.0004022526146419958,0.0008849557522123908,-0.002011263073209979,-0.0022526146419951766,-0.00096540627514079,-0.000482703137570395,-0.0004022526146419958,-0.0004022526146419958,0.0,-0.00096540627514079,-0.0001609010458567983,-0.0004022526146419958,-0.0007240547063555924,-0.002413515687851975,-0.0028157683024939706,0.0012872083668543865,-0.0005631536604987942
138,138,0.9806918744971842,0.9807382877201204,0.9806522552872918,0.9972803200449186,1.5019628455478686,-0.2162708001182138,1.178870321484665,6.281907843701727,0.9925687659233601,0.03620273531777951,0.014883346741753822,0.013193885760257451,0.007964601769911516,0.0061142397425583365,0.00482703137570395,0.006275140788415135,0.005148833467417546,0.003620273531777962,0.000482703137570395,-0.0008045052292839916,0.0012067578439259874,0.0008045052292839916,-0.0013676588897827858,0.0006436041834271932,0.0012872083668543865,0.0003218020917135966,-0.0006436041834271932,0.0028962188254223697,-0.0002413515687851975,0.0012872083668543865,0.0,0.0011263073209975883,0.0007240547063555924,0.0007240547063555924,0.000482703137570395,-0.002574416733708773,-0.0005631536604987942
139,139,0.9806918744971842,0.9807044838339177,0.9785394424673785,0.9976067615658363,1.7752984040811062,0.341035588765716,0.9433769411853878,5.836660094502683,0.6371221618057389,0.043684633950120635,0.021802091713596074,0.01665325824617857,0.013676588897827847,0.006596942880128731,0.00482703137570395,0.004424778761061954,0.0032180209171359664,-0.0004022526146419958,0.0007240547063555924,0.0015285599356395841,0.00193081255028158,0.0008849557522123908,0.0008849557522123908,0.0003218020917135966,0.0001609010458567983,0.0005631536604987942,-8.045052292839915e-05,0.0007240547063555924,0.0001609010458567983,-0.0004022526146419958,-0.0003218020917135966,0.0001609010458567983,0.0006436041834271932,0.0008045052292839916,0.0005631536604987942,0.0008849557522123908,0.0
140,140,0.9823008849557522,0.9823111393973447,0.9808048371231846,0.9968292541804085,1.8478152063102544,-0.09282962195621908,1.3057186922483695,5.82084654563119,0.6690911591223438,0.03909895414320188,0.01432019308125505,0.011987127916331474,0.012148028962188273,0.006436041834271933,0.006757843925985529,0.0026548672566371724,0.004585679806918752,0.0016090104585679832,-0.0012067578439259874,-0.0004022526146419958,-0.002091713596138378,0.0011263073209975883,8.045052292839915e-05,-8.045052292839915e-05,0.00386162510056316,0.0006436041834271932,-0.0004022526146419958,0.0018503620273531806,-0.0006436041834271932,0.00096540627514079,-0.0012067578439259874,-0.0006436041834271932,-0.0005631536604987942,-0.000482703137570395,0.0,-0.0011263073209975883,-0.0003218020917135966
141,141,0.9823008849557522,0.9823117802384727,0.9806019968963195,0.9984364477498316,1.5386451474635283,-0.36762968667708107,0.9388810495244925,6.242499905649372,1.2982827769558334,0.033226065969428745,0.014963797264682221,0.011665325824617878,0.011826226870474677,0.004505229283990353,0.004344328238133554,0.007320997586484324,0.002493966210780374,0.0005631536604987942,-0.0007240547063555924,-0.0016894609814963823,0.0012872083668543865,0.0,-0.0007240547063555924,0.0008849557522123908,0.0016894609814963823,-0.0008849557522123908,-0.0003218020917135966,0.0016090104585679832,0.000482703137570395,-0.0008045052292839916,0.0005631536604987942,0.0008849557522123908,-8.045052292839915e-05,0.0002413515687851975,-0.0008045052292839916,-0.002172164119066777,0.0001609010458567983
142,142,0.9855189058728882,0.9855189058728882,0.983982233982234,0.9987600442145896,1.721911511001154,-0.504315166317183,0.6631013510009406,5.997727356548618,1.3466307363778625,0.04014481094127107,0.028318584070796404,0.013596138374899458,0.009975864843121495,0.005551086082059542,0.005711987127916341,0.004505229283990353,0.0032180209171359664,-0.000482703137570395,-0.0027353177795655715,-0.0016894609814963823,-0.0007240547063555924,0.0008045052292839916,-0.0031375703942075673,-0.0008045052292839916,0.000482703137570395,-0.0005631536604987942,0.0003218020917135966,8.045052292839915e-05,-0.0008045052292839916,0.0002413515687851975,-0.001045856798069189,-0.0007240547063555924,-0.0007240547063555924,-0.0012872083668543865,8.045052292839915e-05,-0.000482703137570395,-0.001045856798069189
143,143,0.9839098954143202,0.9839307884400156,0.9828825622775801,0.998185053380783,1.7812357019861627,-0.34116658033830455,0.9246587009651946,5.945336261823905,1.2621678467317854,0.05012067578439257,0.017618664521319403,0.0181013676588898,0.011102172164119083,0.0096540627514079,0.00482703137570395,0.003459372485921164,0.0039420756234915585,0.0023330651649235757,-0.0014481094127111848,-8.045052292839915e-05,0.0016894609814963823,0.000482703137570395,0.0001609010458567983,0.0003218020917135966,0.0016090104585679832,0.0006436041834271932,0.0,0.0012067578439259874,0.0,0.002091713596138378,0.001045856798069189,0.0002413515687851975,0.0014481094127111848,8.045052292839915e-05,8.045052292839915e-05,-0.0017699115044247816,-0.0005631536604987942
144,144,0.9879324215607401,0.9879359066586505,0.9868202807589391,0.9967260201929133,1.77624769753092,0.4597310466515702,0.9009746256253077,5.440965643936985,1.1819777993282279,0.03982300884955747,0.03250201126307315,0.012791633145615466,0.010378117457763491,0.007320997586484324,0.006999195494770727,0.006436041834271933,0.0041029766693483575,0.0008045052292839916,-0.0006436041834271932,-0.0002413515687851975,0.002091713596138378,0.0005631536604987942,8.045052292839915e-05,-0.000482703137570395,0.0005631536604987942,0.0,0.0002413515687851975,0.0012872083668543865,0.00096540627514079,-0.0004022526146419958,-0.0007240547063555924,-8.045052292839915e-05,0.0002413515687851975,0.0008849557522123908,0.0003218020917135966,0.0,8.045052292839915e-05
145,145,0.9911504424778761,0.9911579221327855,0.9910095145944202,0.9990640910452231,1.4128178390005681,-0.2435026215548996,0.8957749294759362,6.121409741912922,1.3664737149665218,0.043684633950120635,0.011906677393403075,0.013757039420756257,0.008527755430410311,0.0033789219629927645,0.0022526146419951766,0.0041029766693483575,0.0012872083668543865,0.0002413515687851975,-0.0006436041834271932,-8.045052292839915e-05,0.0004022526146419958,-0.0006436041834271932,-0.0012872083668543865,-0.0008849557522123908,0.0006436041834271932,0.0003218020917135966,-0.0007240547063555924,-0.0005631536604987942,-0.00193081255028158,-0.000482703137570395,-0.0002413515687851975,-0.000482703137570395,0.0002413515687851975,0.000482703137570395,-0.0018503620273531806,-0.00096540627514079,8.045052292839915e-05
146,146,0.9790828640386162,0.979096684320219,0.9766405994469388,0.9966043233921085,1.5978239960125802,0.05047507583265996,0.9629743961588888,6.093471296550243,1.0756877323127154,0.030329847144006373,0.011826226870474665,0.008205953338696715,0.005872888173773139,0.004263877715205156,0.004987932421560748,0.0015285599356395841,0.0032984714400643655,0.0006436041834271932,-0.0007240547063555924,-0.002011263073209979,0.0012067578439259874,0.0008849557522123908,0.000482703137570395,-0.0003218020917135966,0.0023330651649235757,-0.0007240547063555924,-0.0003218020917135966,0.0008045052292839916,-0.0006436041834271932,-0.0004022526146419958,-8.045052292839915e-05,0.0004022526146419958,8.045052292839915e-05,0.0006436041834271932,0.0003218020917135966,8.045052292839915e-05,-0.0006436041834271932
147,147,0.9863234111021721,0.9863277348440754,0.98477143916521,0.9984462453872909,1.8606278991388212,-0.5365592494525752,0.8240176293267615,5.8869248769436515,1.2891040190833545,0.03459372485921153,0.022606596942880107,0.009251810136765903,0.011745776347546278,0.006838294448913929,0.008447304907481912,0.0039420756234915585,0.0059533386967015375,0.0007240547063555924,0.0016090104585679832,0.002091713596138378,-0.0008849557522123908,0.0,0.0002413515687851975,0.002574416733708773,-0.0005631536604987942,0.0004022526146419958,-0.0001609010458567983,0.0004022526146419958,0.0016090104585679832,0.0001609010458567983,0.0005631536604987942,0.0001609010458567983,-0.0012872083668543865,-0.0008045052292839916,-0.0012067578439259874,0.0002413515687851975,0.0003218020917135966
148,148,0.9863234111021721,0.9863188534091497,0.9839597395260324,0.9964199696708393,1.9173771833857616,-0.3453958474620412,0.8030827940265315,6.079280612774948,0.9269111078010861,0.03041029766693477,0.017055510860820623,0.018584070796460184,0.014239742558326652,0.010860820595333887,0.011263073209975882,0.0095736122284795,0.006516492357200332,0.002172164119066777,-0.0006436041834271932,-0.0005631536604987942,0.0032180209171359664,-0.0004022526146419958,-0.0004022526146419958,-0.0008849557522123908,-8.045052292839915e-05,-0.0011263073209975883,-0.000482703137570395,0.0011263073209975883,-8.045052292839915e-05,0.00096540627514079,0.000482703137570395,-0.0005631536604987942,-0.0002413515687851975,0.0007240547063555924,0.0001609010458567983,-0.0016090104585679832,-0.0012872083668543865
149,149,0.9831053901850362,0.9831106057723716,0.9812022369923579,0.9972359675577549,1.7759164986945337,0.1407035641195808,1.2639076303310355,5.61510342984948,0.5704579097900505,0.027031375703942005,0.015848753016894625,0.016331456154464997,0.010941271118262286,0.006275140788415135,0.005711987127916341,0.005229283990345945,0.006355591311343533,0.00193081255028158,0.0017699115044247816,0.0016090104585679832,0.0022526146419951766,0.0028962188254223697,-0.0013676588897827858,-0.0001609010458567983,0.0014481094127111848,-0.0001609010458567983,-0.0003218020917135966,0.0031375703942075673,8.045052292839915e-05,8.045052292839915e-05,0.0004022526146419958,0.0001609010458567983,0.0012067578439259874,0.0011263073209975883,0.0,0.0004022526146419958,0.0001609010458567983
150,150,0.9847144006436042,0.9847098492072502,0.9825616504375192,0.9983016008500706,1.7133913056213634,0.07417881360855627,1.1767995918990826,5.865087806658934,0.696987092747162,0.04923572003218017,0.01971037811745774,0.015768302493966234,0.006838294448913929,0.008849557522123908,0.00474658085277555,0.0037007240547063613,0.005068382944489147,-0.0008849557522123908,0.0013676588897827858,-0.0003218020917135966,0.000482703137570395,0.0022526146419951766,0.0004022526146419958,-0.0015285599356395841,0.0004022526146419958,-0.001045856798069189,8.045052292839915e-05,-0.0005631536604987942,-0.0006436041834271932,0.0,-0.0007240547063555924,-0.0013676588897827858,0.0007240547063555924,0.0017699115044247816,0.00193081255028158,0.0008045052292839916,-0.0006436041834271932
151,151,0.9863234111021721,0.9863191636925385,0.9842224694755951,0.9976898076303692,2.3521360155332034,-0.7662996339412008,1.2198046377116947,5.956635600606772,0.7966598345862507,0.04424778761061943,0.019549477071600974,0.02590506838294442,0.008688656476267109,0.011343523732904282,0.004666130329847151,0.007964601769911516,0.00386162510056316,0.0004022526146419958,0.0005631536604987942,0.0003218020917135966,-0.0003218020917135966,-8.045052292839915e-05,-0.0004022526146419958,0.0001609010458567983,-0.0001609010458567983,0.0,-0.0003218020917135966,0.0016894609814963823,0.0,-0.00096540627514079,-0.0016090104585679832,-0.0001609010458567983,-0.0006436041834271932,-0.0008045052292839916,-0.000482703137570395,0.0005631536604987942,0.0004022526146419958
152,152,0.9863234111021721,0.9863192891675906,0.9843257086316279,0.9976311041266516,2.095603240603249,-0.43635395632596014,0.6453925046269657,6.037148944436033,1.197552481283505,0.030088495575221176,0.01625100563153663,0.01826226870474661,0.010136765888978294,0.0096540627514079,0.009010458567980707,0.007562349155269521,0.004585679806918752,0.004666130329847151,0.0014481094127111848,0.0032180209171359664,0.0023330651649235757,0.0012872083668543865,0.000482703137570395,8.045052292839915e-05,0.0016090104585679832,0.0003218020917135966,0.0004022526146419958,0.0028962188254223697,0.0012872083668543865,0.0018503620273531806,0.0007240547063555924,0.0001609010458567983,0.0017699115044247816,0.0017699115044247816,0.0003218020917135966,0.0008045052292839916,0.0
153,153,0.9814963797264682,0.9815020920364069,0.9793824847011976,0.9975141276022604,1.9818766481655536,0.13819976621619717,1.0009882073884626,6.470635697977768,0.04584551205366923,0.026146419951729616,0.01673370876910697,0.013435237329042638,0.008045052292839916,0.006838294448913929,0.008125502815768315,0.000482703137570395,0.0030571198712791682,0.0006436041834271932,0.0006436041834271932,0.0008849557522123908,0.0014481094127111848,0.00096540627514079,0.0002413515687851975,-0.0008045052292839916,-0.0001609010458567983,-0.0007240547063555924,-0.0001609010458567983,-0.0001609010458567983,-0.0003218020917135966,0.0005631536604987942,-0.002413515687851975,-0.000482703137570395,0.0,-0.0006436041834271932,-0.0005631536604987942,-0.0011263073209975883,-0.0005631536604987942
154,154,0.9790828640386162,0.9790974199558167,0.976379114164103,0.9962312541013708,2.1313833109308105,0.2297726573818131,0.4815607907159758,5.656963757863719,0.8021892397258885,0.043443282381335435,0.020434432823813287,0.01641190667739334,0.011182622687047472,0.005711987127916341,0.00772325020112632,0.005631536604987941,0.004424778761061954,0.0012872083668543865,-0.0003218020917135966,0.0011263073209975883,-0.000482703137570395,0.0016894609814963823,-0.0015285599356395841,-0.003539823008849563,-0.0004022526146419958,0.00096540627514079,0.0006436041834271932,0.0008849557522123908,-0.0007240547063555924,0.0006436041834271932,-0.0022526146419951766,-0.0016894609814963823,-8.045052292839915e-05,-0.0003218020917135966,0.0005631536604987942,0.0016894609814963823,-0.0008849557522123908
155,155,0.9871279163314561,0.9870965988549267,0.9831902032853136,0.9980025664698267,1.6633118706457306,-0.2867769963566196,1.0637640802477977,6.437012004987519,0.8328934415587672,0.032984714400643544,0.023813354786806074,0.01625100563153663,0.008286403861625113,0.00096540627514079,0.004987932421560748,0.004263877715205156,0.0015285599356395841,0.002091713596138378,0.0008849557522123908,0.0001609010458567983,0.0007240547063555924,-8.045052292839915e-05,0.0006436041834271932,0.0008849557522123908,-0.0001609010458567983,0.0,8.045052292839915e-05,0.0004022526146419958,-8.045052292839915e-05,-0.0004022526146419958,-0.0007240547063555924,-0.000482703137570395,0.0001609010458567983,-0.0016894609814963823,-0.0002413515687851975,0.001045856798069189,0.0
156,156,0.9863234111021721,0.9863423185623995,0.9862258003344424,0.9967819975750054,2.1339310241002774,-0.22273679994811135,0.8412874183187331,5.7497322234371815,0.897198582677642,0.031858407079645955,0.020032180209171357,0.01641190667739343,0.007079646017699126,0.004344328238133554,0.002413515687851975,0.00482703137570395,0.0053901850362027435,0.0,-0.0002413515687851975,8.045052292839915e-05,-0.0008045052292839916,-0.0001609010458567983,-0.0014481094127111848,0.0,0.002413515687851975,-0.0013676588897827858,-0.00096540627514079,0.0,0.0006436041834271932,-0.0012067578439259874,-0.0004022526146419958,0.0,-0.0006436041834271932,-0.0003218020917135966,-0.0006436041834271932,-0.00096540627514079,-0.0016894609814963823
157,157,0.9814963797264682,0.9815525221900036,0.9816589219888813,0.996520898622768,1.6293735782771972,0.313948631748689,1.0327573802151648,5.661215717983616,0.9459386182421092,0.035800482703137515,0.009251810136765903,0.01681415929203538,0.004907481898632349,0.004666130329847151,0.007320997586484324,0.0041029766693483575,0.003459372485921164,0.0014481094127111848,0.0001609010458567983,0.0014481094127111848,0.0005631536604987942,0.0016090104585679832,-0.0002413515687851975,-0.0003218020917135966,-0.0002413515687851975,-0.0002413515687851975,-0.00096540627514079,0.002091713596138378,0.0016894609814963823,8.045052292839915e-05,-0.000482703137570395,-0.001045856798069189,8.045052292839915e-05,0.0008045052292839916,-0.0012067578439259874,-0.0002413515687851975,0.0002413515687851975
158,158,0.9823008849557522,0.9822899243876267,0.9793918444693992,0.9986957233763804,2.1254702374383747,-0.09910341819464119,0.7936511506198626,6.232201132871138,0.5554585046093904,0.0374094931617055,0.014883346741753834,0.01882542236524535,0.012148028962188273,0.002172164119066777,0.00386162510056316,0.0033789219629927645,0.0015285599356395841,0.00096540627514079,-0.0002413515687851975,0.0004022526146419958,-0.0008045052292839916,0.0003218020917135966,-0.002493966210780374,-0.000482703137570395,-0.0016090104585679832,-0.0016090104585679832,-0.0014481094127111848,-0.0001609010458567983,-0.0022526146419951766,-0.0003218020917135966,-0.0018503620273531806,0.0012872083668543865,0.0002413515687851975,-0.00096540627514079,-0.0001609010458567983,-0.0003218020917135966,-0.00096540627514079
159,159,0.9847144006436042,0.9846892254056094,0.9809129146183471,0.9976632887879271,1.6324867806343306,-0.6216267823482263,0.930963761784296,6.267181707546612,1.6631447398968375,0.030329847144006373,0.017216411906677408,0.014159292035398252,0.00667739340305713,0.005470635559131143,0.006275140788415135,0.007160096540627525,0.004987932421560748,0.0006436041834271932,0.0016090104585679832,-0.000482703137570395,0.000482703137570395,-0.0004022526146419958,-0.0003218020917135966,0.0005631536604987942,0.0011263073209975883,-8.045052292839915e-05,0.002172164119066777,0.002091713596138378,0.0014481094127111848,-0.0005631536604987942,-0.000482703137570395,0.0006436041834271932,0.0016090104585679832,0.002091713596138378,0.0005631536604987942,0.0004022526146419958,-0.001045856798069189
160,160,0.9887369267900241,0.9887369267900241,0.9871150508526783,0.9968043075209838,1.6679852078752881,-0.8648720149882921,0.9641244774511799,6.330054684494802,1.5120248450973157,0.04078841512469826,0.021319388576025767,0.015929203539823033,0.014802896218825445,0.006516492357200332,0.009090909090909104,0.004183427192276756,0.00667739340305713,0.0006436041834271932,0.0012872083668543865,0.0016090104585679832,0.00193081255028158,0.0011263073209975883,-8.045052292839915e-05,0.001045856798069189,0.004505229283990353,0.001045856798069189,0.0004022526146419958,0.002493966210780374,0.00096540627514079,0.0006436041834271932,0.0008849557522123908,0.0022526146419951766,0.000482703137570395,0.0028962188254223697,0.0006436041834271932,0.0012872083668543865,8.045052292839915e-05
161,161,0.9798873692679002,0.9799303149614563,0.9794052288731362,0.9962944070171735,1.7935817652814166,-0.18783779057792654,1.0876533164656603,6.187561517705114,0.7395632401660601,0.03419147224456953,0.025020112630732026,0.013596138374899435,0.010860820595333887,0.005711987127916341,0.002574416733708773,0.009090909090909104,0.002574416733708773,0.0017699115044247816,-0.0008045052292839916,0.0001609010458567983,0.0018503620273531806,0.0018503620273531806,-0.0015285599356395841,-0.00096540627514079,0.0004022526146419958,-0.0008849557522123908,-0.001045856798069189,0.0012872083668543865,0.0,0.0004022526146419958,-0.0011263073209975883,-0.0008045052292839916,0.000482703137570395,-0.0007240547063555924,-0.0011263073209975883,-0.0003218020917135966,-0.0013676588897827858
162,162,0.9831053901850362,0.9831105127750808,0.9812669564456373,0.9982409055106625,1.8670865929082368,-0.1565257860019511,0.7517873375969188,5.300233810353664,1.7911580360503816,0.04102976669348346,0.01689460981496379,0.01866452131938856,0.015768302493966223,0.01238938053097347,0.01150442477876108,0.0074014481094127225,0.007803700724054718,0.0015285599356395841,0.0006436041834271932,-0.0008849557522123908,0.0012872083668543865,0.00193081255028158,-0.0003218020917135966,0.0012067578439259874,0.0041029766693483575,0.0003218020917135966,0.0017699115044247816,0.0022526146419951766,0.0008045052292839916,0.0011263073209975883,0.0005631536604987942,-0.0001609010458567983,0.0012872083668543865,0.00193081255028158,0.0015285599356395841,-0.001045856798069189,-0.0008849557522123908
163,163,0.9855189058728882,0.9855093935290296,0.9827805782455974,0.9975358515824453,1.5360015564428762,-0.1094811215232313,1.0850777303636088,6.5009168370271775,0.5626054194130566,0.029283990345937195,0.01971037811745775,0.020032180209171347,0.01536604987932424,0.004907481898632349,0.004585679806918752,0.007884151246983117,0.00482703137570395,0.002574416733708773,8.045052292839915e-05,-0.0008849557522123908,0.0017699115044247816,0.0008849557522123908,-0.0005631536604987942,0.0,0.0016894609814963823,0.0007240547063555924,-0.001045856798069189,-0.0022526146419951766,0.0,0.0008849557522123908,-0.0007240547063555924,0.000482703137570395,-0.0005631536604987942,0.0,-8.045052292839915e-05,-0.002011263073209979,-0.0003218020917135966
164,164,0.9895414320193081,0.9895509454008196,0.989118561097286,0.9983439066278784,2.071841637967383,-0.691347481831904,0.8716468150424542,5.900871826770714,1.010635946831283,0.03572003218020912,0.018825422365245405,0.022204344328238135,0.01150442477876108,0.004424778761061954,0.005229283990345945,0.007803700724054718,0.003459372485921164,0.004263877715205156,0.001045856798069189,0.0013676588897827858,8.045052292839915e-05,0.0014481094127111848,0.0001609010458567983,0.0001609010458567983,0.0006436041834271932,-0.0001609010458567983,0.0006436041834271932,0.0014481094127111848,0.0001609010458567983,0.002011263073209979,0.0008045052292839916,-0.0007240547063555924,0.0011263073209975883,0.0011263073209975883,-0.00096540627514079,-0.0002413515687851975,-0.0005631536604987942
165,165,0.9831053901850362,0.9831448008247007,0.982871757158317,0.9977937615468782,1.946381457927766,-0.32173081834662515,0.113479192255954,5.6393839568831226,1.7853376910413497,0.038616251005631486,0.017216411906677387,0.013032984714400665,0.006436041834271933,0.005068382944489147,0.005711987127916341,0.007160096540627525,0.0028157683024939706,0.0018503620273531806,0.0002413515687851975,0.0003218020917135966,-0.0018503620273531806,0.00096540627514079,-0.0002413515687851975,-0.0011263073209975883,-0.0016090104585679832,0.0,0.0001609010458567983,0.0015285599356395841,8.045052292839915e-05,0.0015285599356395841,-0.0013676588897827858,-0.0005631536604987942,-8.045052292839915e-05,-0.002091713596138378,0.0004022526146419958,8.045052292839915e-05,-0.0005631536604987942
166,166,0.9839098954143202,0.9839098954143202,0.9820199039518602,0.9973731412370537,1.34986674403462,-0.34225041608495327,0.9636560517300353,6.072244942074296,1.706377680809454,0.05140788415124695,0.025261464199517226,0.01713596138374899,0.0096540627514079,0.00772325020112632,0.007160096540627525,0.006033789219629937,0.0039420756234915585,0.0008849557522123908,-0.0014481094127111848,0.0012067578439259874,0.0003218020917135966,0.0002413515687851975,0.0003218020917135966,-0.0008849557522123908,0.0029766693483507687,0.0,0.0002413515687851975,0.0002413515687851975,0.0006436041834271932,0.0004022526146419958,-0.0017699115044247816,-0.0012067578439259874,8.045052292839915e-05,0.0016894609814963823,0.000482703137570395,-0.001045856798069189,-0.00096540627514079
167,167,0.9871279163314561,0.9871366204362775,0.985816397912145,0.9986188588545496,1.753171738238155,0.3888952563479018,1.0195536686947726,5.9492583593925525,0.38709753913955264,0.04786806114239739,0.017618664521319417,0.016572807723250215,0.01641190667739343,0.007240547063555924,0.00772325020112632,0.005068382944489147,0.005872888173773139,0.002574416733708773,0.0012067578439259874,-0.0001609010458567983,0.0037811745776347603,0.0012872083668543865,0.0030571198712791682,0.0011263073209975883,0.0018503620273531806,-8.045052292839915e-05,0.0017699115044247816,0.0015285599356395841,0.00096540627514079,0.003539823008849563,0.0011263073209975883,0.0013676588897827858,0.0012067578439259874,0.0023330651649235757,8.045052292839915e-05,0.0,0.0008849557522123908
168,168,0.9806918744971842,0.9806804805475254,0.9778121162267999,0.9967241698913271,1.8338257472427242,-0.06242928679799575,1.3369850090933924,6.137578811504153,0.5803844224768332,0.0373290426387771,0.015526950925181004,0.017055510860820567,0.011021721641190686,0.0096540627514079,0.006516492357200332,0.005148833467417546,0.006194690265486735,0.001045856798069189,-0.0001609010458567983,-0.0005631536604987942,0.001045856798069189,0.0015285599356395841,8.045052292839915e-05,0.0002413515687851975,0.0023330651649235757,-0.0004022526146419958,0.0006436041834271932,0.002091713596138378,0.0006436041834271932,0.0008849557522123908,0.0007240547063555924,-0.0001609010458567983,0.0005631536604987942,0.0008849557522123908,-0.000482703137570395,0.0005631536604987942,-0.0003218020917135966
169,169,0.9798873692679002,0.9798681808920762,0.9762220354325617,0.9960793764621516,1.785815637400181,0.24094117156988565,0.4727139631392363,5.783531334729908,1.2250088673861654,0.032984714400643544,0.02292839903459365,0.020434432823813277,0.011826226870474677,0.006275140788415135,0.0074014481094127225,0.0061142397425583365,0.0037007240547063613,0.0015285599356395841,0.0004022526146419958,0.0012067578439259874,0.0011263073209975883,0.0023330651649235757,-0.0002413515687851975,0.00096540627514079,0.0005631536604987942,-0.0002413515687851975,-0.0005631536604987942,0.002011263073209979,0.00193081255028158,0.0012872083668543865,-0.0007240547063555924,-0.0002413515687851975,0.0002413515687851975,0.0011263073209975883,8.045052292839915e-05,0.0002413515687851975,0.0003218020917135966
170,170,0.9871279163314561,0.9871197534284347,0.9847568860726755,0.9982277841129515,1.8301334239693705,-0.9825173961004969,1.2116476913679495,6.046227352235075,1.7004296275926525,0.04102976669348346,0.016894609814963824,0.024135156878519692,0.01697506033789222,0.011182622687047483,0.006918744971842328,0.007884151246983117,0.006918744971842328,0.0013676588897827858,-0.0015285599356395841,-0.0004022526146419958,0.0001609010458567983,0.0007240547063555924,-0.0002413515687851975,0.0007240547063555924,0.0023330651649235757,0.0001609010458567983,-0.0018503620273531806,0.001045856798069189,-0.0008849557522123908,0.0016894609814963823,0.0004022526146419958,8.045052292839915e-05,-8.045052292839915e-05,0.00386162510056316,0.0007240547063555924,0.0008045052292839916,-0.0008045052292839916
171,171,0.9782783588093322,0.9783244621197335,0.9776007964161274,0.9962375193980031,2.525212234132482,-0.2921946260520314,1.0349323189724036,6.0311952235034,0.26211879152577994,0.02574416733708762,0.013435237329042615,0.014320193081254994,0.006757843925985529,0.007562349155269521,0.007481898632341122,0.0032984714400643655,0.002413515687851975,0.0012067578439259874,-0.0008849557522123908,-0.0016090104585679832,0.000482703137570395,0.0007240547063555924,0.000482703137570395,-0.0004022526146419958,-0.0004022526146419958,-0.0001609010458567983,-0.0006436041834271932,0.0016090104585679832,-0.0002413515687851975,0.0006436041834271932,-8.045052292839915e-05,-0.0004022526146419958,0.0002413515687851975,0.0,0.0,0.0005631536604987942,-0.0002413515687851975
172,172,0.9895414320193081,0.9895558906653644,0.9897972083828963,0.9993937513288625,1.6794197662343118,0.22082927633025864,0.9615978928331389,6.094984156854213,0.37815726574379077,0.03250201126307315,0.017538213998391016,0.01150442477876108,0.011263073209975882,0.010056315366049895,0.0074014481094127225,0.00772325020112632,0.002493966210780374,0.0015285599356395841,0.0008045052292839916,0.0014481094127111848,0.0002413515687851975,0.000482703137570395,-0.0016090104585679832,0.0011263073209975883,0.0004022526146419958,8.045052292839915e-05,0.0,8.045052292839915e-05,0.0007240547063555924,0.0013676588897827858,8.045052292839915e-05,-0.0012872083668543865,0.0007240547063555924,0.0018503620273531806,-8.045052292839915e-05,0.0013676588897827858,0.0005631536604987942
173,173,0.9823008849557522,0.9823436880113128,0.9824598131935701,0.9971949755511962,1.7183411905106278,-0.27227942028184166,0.9056383414820959,6.297781560710964,0.867453794114681,0.034111021721641134,0.023974255832662838,0.01609010458567981,0.010056315366049895,0.007160096540627525,0.011987127916331474,0.0039420756234915585,0.0016894609814963823,0.0013676588897827858,-0.0001609010458567983,-0.0022526146419951766,0.0023330651649235757,0.00096540627514079,0.0001609010458567983,0.0006436041834271932,0.0004022526146419958,-0.00096540627514079,-0.0005631536604987942,0.0008849557522123908,-0.000482703137570395,0.0012872083668543865,0.0,-0.0007240547063555924,0.0002413515687851975,0.000482703137570395,-0.002011263073209979,-0.0008849557522123908,-0.0016090104585679832
174,174,0.9831053901850362,0.983163449520028,0.984272716530781,0.997926267281106,1.5615107538716304,-0.48372785136875635,1.123955440149576,5.734299833334905,1.4568129952607067,0.032662912308929946,0.01600965406275141,0.016411906677393395,0.006516492357200332,0.004344328238133554,0.0016090104585679832,0.004022526146419958,0.0033789219629927645,-0.0001609010458567983,-0.0001609010458567983,0.0006436041834271932,-0.00096540627514079,0.0,-0.002574416733708773,0.0005631536604987942,-0.0008045052292839916,-0.0012067578439259874,-0.0002413515687851975,-0.0001609010458567983,-0.001045856798069189,-0.001045856798069189,-0.0002413515687851975,0.0005631536604987942,-0.0005631536604987942,8.045052292839915e-05,-0.0003218020917135966,-0.0004022526146419958,-8.045052292839915e-05
175,175,0.9871279163314561,0.9871279163314561,0.9853125369254402,0.9968569065343259,2.1349377589786696,-0.08397036393593237,1.205197673458225,6.253638286803644,-0.07526568129324374,0.037731295253419096,0.021078037007240546,0.012791633145615466,0.0074014481094127225,0.005631536604987941,0.00667739340305713,0.0037007240547063613,0.005068382944489147,-0.0005631536604987942,0.0001609010458567983,0.0006436041834271932,0.003459372485921164,-0.0002413515687851975,-0.000482703137570395,0.002172164119066777,0.004263877715205156,8.045052292839915e-05,-0.0003218020917135966,0.0007240547063555924,0.0008849557522123908,0.001045856798069189,0.0018503620273531806,0.0023330651649235757,-0.0008849557522123908,0.0013676588897827858,0.0007240547063555924,0.0016090104585679832,0.0008045052292839916
176,176,0.9855189058728882,0.9855634774840173,0.9867106897140268,0.9978076757832041,2.0245081815262114,-0.15158327384341225,1.07550838759824,6.09005109505621,0.15790815732921845,0.027514078841512413,0.0276749798873692,0.021802091713596095,0.011263073209975882,0.009895414320193096,0.008286403861625113,0.007562349155269521,0.0053901850362027435,0.0037007240547063613,0.0012872083668543865,-0.0012872083668543865,0.0018503620273531806,0.0016090104585679832,-0.00096540627514079,0.0015285599356395841,0.0026548672566371724,-0.0006436041834271932,-0.0022526146419951766,0.0015285599356395841,0.0018503620273531806,0.0007240547063555924,0.0004022526146419958,-0.0001609010458567983,0.0016894609814963823,0.0013676588897827858,-0.0002413515687851975,0.0012872083668543865,-0.0002413515687851975
177,177,0.9839098954143202,0.9839288853304181,0.9831294763277834,0.9951167333271324,1.9624833511585995,-0.09501916480980735,0.9108553560419786,5.699471991057393,0.9433874408523995,0.032662912308929946,0.03443282381335473,0.02687047465808521,0.0181818181818182,0.009412711182622702,0.01255028157683027,0.0096540627514079,0.008447304907481912,0.0041029766693483575,0.0027353177795655715,0.0016894609814963823,0.0037811745776347603,0.004585679806918752,0.001045856798069189,0.004907481898632349,0.005309734513274345,-0.0002413515687851975,0.0008045052292839916,0.0037007240547063613,0.002091713596138378,0.0023330651649235757,0.00096540627514079,0.0028157683024939706,0.0016894609814963823,0.0039420756234915585,0.002172164119066777,0.0012872083668543865,0.0008849557522123908
178,178,0.9903459372485921,0.9903512590560056,0.9898643999770655,0.9992488962788831,1.7534914187403876,-0.7007148840879084,0.7483272558076383,6.781564231031191,1.0443032376091048,0.036363636363636306,0.02542236524537409,0.016572807723250225,0.01230893000804507,0.007160096540627525,0.004505229283990353,0.006275140788415135,0.0032180209171359664,0.002493966210780374,-0.0011263073209975883,0.0001609010458567983,-0.0013676588897827858,0.0012872083668543865,-0.0005631536604987942,0.0007240547063555924,0.0018503620273531806,0.000482703137570395,-0.0001609010458567983,0.0003218020917135966,-0.0001609010458567983,0.0003218020917135966,-0.0001609010458567983,0.0029766693483507687,0.0017699115044247816,0.000482703137570395,0.0005631536604987942,0.0016090104585679832,0.0011263073209975883
179,179,0.9839098954143202,0.9839361703585177,0.9838469697838427,0.9954073734304225,1.7733817366062294,-0.14061800302265182,1.365586604921455,6.038470375556887,0.40508667649181124,0.02952534191472238,0.010780370072405487,0.01802091713596139,0.009895414320193096,0.005309734513274345,0.002413515687851975,0.005792437650844739,0.0032180209171359664,0.002493966210780374,0.0004022526146419958,0.0,0.0011263073209975883,0.0008045052292839916,-0.000482703137570395,0.0006436041834271932,0.00096540627514079,0.0005631536604987942,-0.0003218020917135966,0.0005631536604987942,-8.045052292839915e-05,0.0,0.0003218020917135966,-0.0003218020917135966,0.0001609010458567983,0.002493966210780374,-0.0002413515687851975,-0.0002413515687851975,0.0
180,180,0.9895414320193081,0.9895566272179904,0.9897607655502392,0.9984051036682616,1.4759932568748442,-0.05827575547675648,1.504907749982476,5.5060883844871835,1.268858468824431,0.04070796460176986,0.02614641995172965,0.019388576025744196,0.013032984714400665,0.007320997586484324,0.0095736122284795,0.006999195494770727,0.004263877715205156,0.0008045052292839916,0.0005631536604987942,0.0013676588897827858,0.0026548672566371724,0.0013676588897827858,0.0004022526146419958,-0.0002413515687851975,0.003539823008849563,0.0005631536604987942,-8.045052292839915e-05,0.0018503620273531806,0.0007240547063555924,0.0001609010458567983,0.0018503620273531806,0.0006436041834271932,0.0008849557522123908,0.0015285599356395841,0.0,0.0001609010458567983,-0.0002413515687851975
181,181,0.9814963797264682,0.9814910029638575,0.9790572209604059,0.9979974686616849,2.0846604050110744,0.064571761297131,0.6572838783459315,6.0816880671229985,0.4838678394910267,0.03620273531777951,0.019790828640386105,0.015285599356395818,0.010780370072405487,0.007160096540627525,0.007964601769911516,0.004907481898632349,0.005148833467417546,-0.0016090104585679832,0.0005631536604987942,-0.0004022526146419958,-0.0001609010458567983,-0.001045856798069189,0.0004022526146419958,-0.000482703137570395,0.0013676588897827858,0.0,-8.045052292839915e-05,8.045052292839915e-05,0.0003218020917135966,-0.0006436041834271932,0.0001609010458567983,-0.0002413515687851975,-0.0004022526146419958,0.0008849557522123908,-0.0007240547063555924,-0.001045856798069189,0.0002413515687851975
182,182,0.9823008849557522,0.9823113931662102,0.9807256301739373,0.9966660078132267,1.6594887081866299,-0.14218709502684002,0.6602340986472554,6.102946402347135,1.2493987168325738,0.046339501206757804,0.025985518905872817,0.014722445695897046,0.009251810136765903,0.008688656476267109,0.00860820595333871,0.004666130329847151,0.004505229283990353,0.002011263073209979,0.000482703137570395,0.0006436041834271932,0.0008849557522123908,0.0004022526146419958,0.0,0.0002413515687851975,0.0012067578439259874,0.0,0.001045856798069189,0.0005631536604987942,-0.000482703137570395,0.0006436041834271932,-0.0004022526146419958,0.0001609010458567983,0.0002413515687851975,0.0011263073209975883,-0.0002413515687851975,0.0016090104585679832,0.0
183,183,0.9847144006436042,0.9846874265650657,0.9805122193164397,0.9980340878347912,1.9544025567077998,0.3949895259156348,1.1128713533511543,6.14857611254759,0.05085620432518242,0.03507642799678192,0.025824617860016042,0.011423974255832681,0.013917940466613054,0.005711987127916341,0.004907481898632349,0.003459372485921164,0.004183427192276756,0.003539823008849563,0.001045856798069189,0.0002413515687851975,-0.000482703137570395,-0.000482703137570395,-0.0013676588897827858,-0.0018503620273531806,0.0004022526146419958,-0.0007240547063555924,-0.001045856798069189,0.0002413515687851975,-0.000482703137570395,-0.0005631536604987942,-0.002091713596138378,-0.0005631536604987942,-0.0007240547063555924,-0.0016090104585679832,0.000482703137570395,-0.0004022526146419958,-0.0006436041834271932
184,184,0.9823008849557522,0.982344466086634,0.9824291995344627,0.996026474495374,1.9566782373173313,0.05005180708653953,1.216483692674835,5.7581669683260435,0.8205860951755861,0.037489943684633896,0.01954947707160094,0.019308125502815743,0.016894609814963803,0.010056315366049895,0.006918744971842328,0.0074014481094127225,0.00482703137570395,0.0017699115044247816,0.0007240547063555924,0.0006436041834271932,0.0,0.0014481094127111848,0.0003218020917135966,-0.0006436041834271932,0.002574416733708773,0.0,-0.0005631536604987942,0.0016090104585679832,0.0001609010458567983,0.0001609010458567983,0.0002413515687851975,-0.0002413515687851975,0.0011263073209975883,0.00096540627514079,-0.0004022526146419958,8.045052292839915e-05,-8.045052292839915e-05
185,185,0.9806918744971842,0.9807040466311332,0.9786873716239679,0.9972132469351602,2.015969971664236,-0.6921135956970712,1.1884200929164617,6.399803950177386,0.9450412529346417,0.02888173773129519,0.022284794851166457,0.022123893805309658,0.008045052292839916,0.007160096540627525,0.0074014481094127225,0.0016090104585679832,0.0029766693483507687,8.045052292839915e-05,-0.0011263073209975883,-0.0008849557522123908,-0.0004022526146419958,0.0013676588897827858,-0.0004022526146419958,0.0008849557522123908,-8.045052292839915e-05,-0.0008849557522123908,-0.0023330651649235757,-0.0005631536604987942,-0.0031375703942075673,-0.0013676588897827858,-0.0008849557522123908,8.045052292839915e-05,-0.0008045052292839916,0.0002413515687851975,-0.001045856798069189,-0.0023330651649235757,-0.0022526146419951766
186,186,0.9839098954143202,0.9839199788865787,0.9823645415750679,0.996434995238823,1.948569157568599,-0.2987126844592479,1.343693959573328,6.120735833727052,0.5086472109957896,0.034915526950925126,0.013515687851971058,0.010136765888978294,0.01343523732904266,0.005068382944489147,0.004666130329847151,0.001045856798069189,0.003459372485921164,0.0003218020917135966,-0.0011263073209975883,-0.002091713596138378,-0.0012872083668543865,-0.0001609010458567983,-0.0008849557522123908,8.045052292839915e-05,-0.0004022526146419958,-0.0004022526146419958,-0.0012067578439259874,-0.0004022526146419958,-0.0013676588897827858,-0.00096540627514079,-0.0022526146419951766,-0.000482703137570395,-0.0001609010458567983,-0.0008849557522123908,-0.0012872083668543865,-0.0013676588897827858,-0.000482703137570395
187,187,0.9887369267900241,0.9887369267900241,0.9874139327663021,0.9979662095700977,1.8938540960135741,-0.21986705451010313,1.2481546343861862,6.1595739050225955,0.5030489545365616,0.03588093322606591,0.017377312952534217,0.015124698310539041,0.013032984714400665,0.006275140788415135,0.004666130329847151,0.0012067578439259874,0.0029766693483507687,0.0012067578439259874,-0.0012067578439259874,0.0014481094127111848,-0.0018503620273531806,8.045052292839915e-05,-0.00096540627514079,0.000482703137570395,0.002172164119066777,-0.0001609010458567983,0.0,-0.0005631536604987942,0.000482703137570395,-8.045052292839915e-05,-0.0004022526146419958,-0.0001609010458567983,0.0006436041834271932,-0.0007240547063555924,0.0,0.0004022526146419958,0.0
188,188,0.9823008849557522,0.9823316482805295,0.9819457735247209,0.9944149630274031,1.8789367601130895,-0.04677727376672393,1.4461077276507492,6.081745461183126,0.33338287603859845,0.02855993563958159,0.02469831053901843,0.013596138374899458,0.008527755430410311,0.005711987127916341,0.005470635559131143,0.0059533386967015375,0.0027353177795655715,0.00096540627514079,0.0003218020917135966,0.0002413515687851975,0.0008045052292839916,0.0004022526146419958,-8.045052292839915e-05,-0.0002413515687851975,0.0007240547063555924,-0.0004022526146419958,-0.0008045052292839916,0.0012067578439259874,-0.001045856798069189,-8.045052292839915e-05,-0.0007240547063555924,0.0006436041834271932,-0.00096540627514079,0.0,-0.0004022526146419958,-0.0013676588897827858,-0.000482703137570395
189,189,0.9798873692679002,0.979924601509,0.979718968351829,0.9981675571996165,1.6131916671942923,0.2121023554219329,0.8556024044449912,5.7520837262700875,1.1034857359803332,0.03499597747385352,0.025824617860016018,0.01842316975060331,0.013676588897827835,0.006194690265486735,0.008286403861625113,0.006596942880128731,0.0028962188254223697,-0.0005631536604987942,0.0003218020917135966,-0.0003218020917135966,0.0004022526146419958,-0.0001609010458567983,-0.003620273531777962,0.0014481094127111848,-0.0005631536604987942,-0.0007240547063555924,-0.0011263073209975883,0.0022526146419951766,-8.045052292839915e-05,0.0004022526146419958,0.000482703137570395,-0.0002413515687851975,-0.0013676588897827858,0.0008849557522123908,0.0001609010458567983,0.0002413515687851975,-8.045052292839915e-05
190,190,0.9855189058728882,0.9855290407120679,0.9838427684331102,0.9982154699463435,1.7190714832048493,-0.11768761525543338,0.880087656723148,6.400967822887648,0.6198250774706032,0.04770716009654059,0.01906677393403059,0.011745776347546278,0.007562349155269521,0.006033789219629937,0.005551086082059542,0.004666130329847151,0.0027353177795655715,0.0012067578439259874,0.0005631536604987942,-0.0013676588897827858,0.0027353177795655715,0.001045856798069189,-0.0018503620273531806,0.0014481094127111848,0.003539823008849563,-0.002172164119066777,8.045052292839915e-05,0.002091713596138378,-0.0016894609814963823,0.0002413515687851975,-0.0002413515687851975,0.0007240547063555924,-0.0002413515687851975,0.0004022526146419958,-0.0011263073209975883,-0.0016894609814963823,-0.0007240547063555924
191,191,0.9814963797264682,0.9815468738283363,0.9818502166481973,0.9969188463410201,1.7925341055079544,0.013996492225717722,0.9819386925029931,5.450372750897797,1.147635108872425,0.036363636363636306,0.017055510860820577,0.013757039420756245,0.013837489943684644,0.008849557522123908,0.010297666934835092,0.009010458567980707,0.006355591311343533,0.00096540627514079,0.0,-0.001045856798069189,0.0032180209171359664,0.0012067578439259874,-0.002413515687851975,0.002493966210780374,0.003539823008849563,-0.0016894609814963823,-8.045052292839915e-05,0.0003218020917135966,0.0,0.0006436041834271932,0.002172164119066777,0.0005631536604987942,0.0006436041834271932,0.002091713596138378,-0.001045856798069189,0.000482703137570395,0.0002413515687851975
192,192,0.9814963797264682,0.9814676472495352,0.9775945462829905,0.9981920250487774,1.9120426368689407,-0.08131049970231986,1.24219631903422,6.0729159339666845,0.5489766491316889,0.03193885760257435,0.018825422365245325,0.013193885760257451,0.01053901850362029,0.004585679806918752,0.006999195494770727,0.0031375703942075673,0.0032984714400643655,0.00096540627514079,-0.000482703137570395,-0.0015285599356395841,0.000482703137570395,0.0005631536604987942,-0.0012872083668543865,0.0016894609814963823,0.0008045052292839916,-0.0006436041834271932,-0.0007240547063555924,0.0002413515687851975,-0.001045856798069189,-0.0006436041834271932,-0.0008849557522123908,0.0011263073209975883,-0.000482703137570395,0.0002413515687851975,-0.0018503620273531806,-0.0004022526146419958,-0.0003218020917135966
193,193,0.9903459372485921,0.9903337651146433,0.9878219673649833,0.998302580429544,1.8207725303102236,0.17619608155566452,0.5771444834073359,6.07041311323395,0.6103836371077007,0.03081255028157679,0.014883346741753845,0.015124698310539041,0.008286403861625113,0.007884151246983117,0.006999195494770727,0.0096540627514079,0.003459372485921164,0.002493966210780374,0.0005631536604987942,-8.045052292839915e-05,0.0011263073209975883,0.0016894609814963823,8.045052292839915e-05,0.0016090104585679832,0.002493966210780374,-0.0008045052292839916,-0.0006436041834271932,-0.00096540627514079,0.0001609010458567983,0.0017699115044247816,0.0013676588897827858,8.045052292839915e-05,0.0006436041834271932,0.0032984714400643655,-0.0004022526146419958,-0.0013676588897827858,-0.0006436041834271932
194,194,0.9903459372485921,0.9903511922374316,0.9898810034611973,0.998810034611974,1.7225546037381652,0.19297237231992356,1.011832990410625,5.9491085869350435,0.6314900137193182,0.04585679806918741,0.0256637168141593,0.020353982300884987,0.013032984714400665,0.007884151246983117,0.008286403861625113,0.008286403861625113,0.006516492357200332,0.003539823008849563,0.0001609010458567983,0.0003218020917135966,0.00096540627514079,0.001045856798069189,-0.0001609010458567983,0.0012067578439259874,0.002413515687851975,-0.0005631536604987942,0.0003218020917135966,0.00193081255028158,-0.0001609010458567983,0.0012067578439259874,0.0008849557522123908,0.001045856798069189,0.0012067578439259874,0.00193081255028158,-0.0002413515687851975,0.0001609010458567983,0.0006436041834271932
195,195,0.9831053901850362,0.9831002983834943,0.980708340608812,0.9979861474885047,1.6243075170044616,0.3791753422077808,0.7484513814540118,6.240321938603801,0.6413332982830612,0.03226065969428795,0.024537409493161633,0.016411906677393416,0.008286403861625113,0.00474658085277555,0.007562349155269521,0.0028962188254223697,0.0033789219629927645,0.0017699115044247816,-0.0001609010458567983,-0.0011263073209975883,0.002574416733708773,0.0016894609814963823,8.045052292839915e-05,0.0015285599356395841,0.0008849557522123908,-0.0004022526146419958,0.0003218020917135966,0.0016090104585679832,0.0016894609814963823,0.000482703137570395,-0.0002413515687851975,0.0004022526146419958,0.0012067578439259874,0.0022526146419951766,0.0007240547063555924,-0.0003218020917135966,0.000482703137570395
196,196,0.9839098954143202,0.9839098954143202,0.9821429597577304,0.9961929882025733,1.8960826822074044,-0.46621658256948695,0.7743508918939046,6.354824503973975,1.029967845834542,0.04046661303298467,0.028479485116653193,0.020595333869670107,0.015848753016894625,0.009412711182622702,0.008769106999195508,0.003620273531777962,0.0031375703942075673,0.0012872083668543865,-0.0005631536604987942,-0.0002413515687851975,0.0012872083668543865,0.0013676588897827858,0.0005631536604987942,0.0007240547063555924,0.0016894609814963823,8.045052292839915e-05,8.045052292839915e-05,0.0008849557522123908,0.0002413515687851975,8.045052292839915e-05,0.0002413515687851975,8.045052292839915e-05,0.0012872083668543865,0.0027353177795655715,0.0001609010458567983,-8.045052292839915e-05,0.0
197,197,0.9814963797264682,0.9815641499330708,0.9831110827907408,0.9974598558750608,2.567029333261823,-0.5844004212638384,0.5345984616269727,6.072431841146789,0.8143452418651238,0.036041834271922715,0.0275945293644408,0.02373290426387764,0.01061946902654869,0.010217216411906694,0.007160096540627525,0.00482703137570395,0.007079646017699126,0.0011263073209975883,0.0002413515687851975,0.0002413515687851975,0.0008849557522123908,0.0014481094127111848,0.00096540627514079,-0.0013676588897827858,-0.0005631536604987942,8.045052292839915e-05,-0.00096540627514079,0.002091713596138378,0.0,0.00096540627514079,-0.0004022526146419958,-0.001045856798069189,0.0007240547063555924,8.045052292839915e-05,-0.00096540627514079,-0.00193081255028158,-0.0013676588897827858
198,198,0.9863234111021721,0.9863271925942175,0.9851327332148385,0.9984633908606158,1.586353849988766,-0.14607203202538782,0.796676341884544,5.973420810089178,1.1391819744986045,0.027272727272727216,0.020434432823813353,0.013032984714400665,0.008930008045052307,0.0041029766693483575,0.005872888173773139,0.0059533386967015375,0.005792437650844739,-0.0008045052292839916,-0.0012872083668543865,0.0001609010458567983,-0.00193081255028158,-0.0007240547063555924,-0.0012067578439259874,-0.0017699115044247816,-0.0016090104585679832,-0.0007240547063555924,-0.0012067578439259874,-0.0006436041834271932,-0.0003218020917135966,-0.0001609010458567983,-0.0013676588897827858,-0.0012872083668543865,-0.0012067578439259874,-0.0030571198712791682,-0.0013676588897827858,-0.0003218020917135966,-0.0008045052292839916
199,199,0.9847144006436042,0.9847093362277457,0.9821369181246956,0.9973363503545594,1.5149431678303213,0.08271499121282101,1.1841631367127876,6.153093432814516,0.36525059042242797,0.044328238133547825,0.02139983909895411,0.01962992759452934,0.012148028962188273,0.010136765888978294,0.00860820595333871,0.007160096540627525,0.003459372485921164,0.0011263073209975883,-0.0002413515687851975,0.001045856798069189,0.0026548672566371724,0.00096540627514079,-0.0002413515687851975,0.0006436041834271932,0.0016894609814963823,0.0,8.045052292839915e-05,0.002172164119066777,0.0004022526146419958,0.00096540627514079,0.0008045052292839916,-0.0013676588897827858,0.0012872083668543865,0.0006436041834271932,8.045052292839915e-05,0.0007240547063555924,-8.045052292839915e-05
200,200,0.9798873692679002,0.9799345591930396,0.9791378536147284,0.996066457117198,1.8264719821565778,-0.275833409204201,1.0528840873441483,5.683656924241932,1.0636416398359685,0.03161705551086076,0.015205148833467397,0.013596138374899447,0.013596138374899447,0.00860820595333871,0.007481898632341122,0.005631536604987941,0.003459372485921164,0.0029766693483507687,-0.0008045052292839916,-0.0002413515687851975,0.00193081255028158,0.0017699115044247816,-0.0012872083668543865,0.0008045052292839916,0.0032180209171359664,0.0008045052292839916,-0.0003218020917135966,0.0023330651649235757,-0.0005631536604987942,0.0005631536604987942,-0.0004022526146419958,0.000482703137570395,0.000482703137570395,0.0007240547063555924,0.0012067578439259874,0.0004022526146419958,0.0003218020917135966
201,201,0.9823008849557522,0.9823698319405466,0.9836514495605404,0.9967413211214864,1.9392032220613766,0.17454723009769033,1.0023180123846926,5.687713088365907,0.5029094046492035,0.03282381335478675,0.018101367658889735,0.021158487530168878,0.009814963797264698,0.006275140788415135,0.007803700724054718,0.003459372485921164,0.005309734513274345,0.0017699115044247816,-0.0027353177795655715,0.001045856798069189,0.001045856798069189,0.0011263073209975883,-0.0012872083668543865,-0.0012872083668543865,0.0017699115044247816,-0.0008045052292839916,0.0001609010458567983,0.0007240547063555924,-0.0011263073209975883,0.0013676588897827858,0.0,-0.001045856798069189,-0.0002413515687851975,0.002172164119066777,0.0001609010458567983,-0.0002413515687851975,-0.0008045052292839916
202,202,0.9839098954143202,0.9838927103214433,0.9812819026181463,0.9986329479440219,1.680325980802275,0.5171911918922976,0.5741831690021496,6.299812970906062,0.4400014507198265,0.03234111021721635,0.01794046661303299,0.006194690265486735,0.0095736122284795,0.0041029766693483575,0.0026548672566371724,0.004022526146419958,0.0018503620273531806,-0.0011263073209975883,-0.000482703137570395,0.0008045052292839916,-0.0004022526146419958,-0.0023330651649235757,-0.000482703137570395,-0.002091713596138378,-0.0001609010458567983,-0.001045856798069189,-0.0008045052292839916,-0.0002413515687851975,-0.0016090104585679832,-0.0016894609814963823,-0.00096540627514079,-0.0022526146419951766,-0.00193081255028158,-0.0012872083668543865,-0.0006436041834271932,-0.00096540627514079,-0.000482703137570395
203,203,0.9895414320193081,0.9895495700425588,0.9893163970450455,0.9981801250347793,1.8559711823697282,-0.26891826015194487,0.7897935504153692,5.953900476828979,1.0314981308683833,0.044569589702333025,0.021560740144810964,0.016653258246178627,0.011987127916331474,0.0061142397425583365,0.005711987127916341,0.008045052292839916,0.0053901850362027435,0.00096540627514079,-0.000482703137570395,0.002574416733708773,0.0008849557522123908,0.0027353177795655715,-0.00193081255028158,0.0027353177795655715,0.0017699115044247816,-0.0001609010458567983,0.0,0.0,0.0002413515687851975,0.0001609010458567983,-0.000482703137570395,0.0006436041834271932,0.0003218020917135966,0.001045856798069189,-8.045052292839915e-05,0.001045856798069189,-0.0001609010458567983
204,204,0.9879324215607401,0.987936080553629,0.9867061466203799,0.9971265206102862,1.7057481876588017,-0.03892124712584069,1.180928957345084,6.249863947237784,0.558034884918499,0.03057119871279158,0.014641995172968648,0.01061946902654869,0.013757039420756257,0.006194690265486735,0.004666130329847151,0.00193081255028158,0.0037811745776347603,0.001045856798069189,-0.0008045052292839916,0.0005631536604987942,-0.0003218020917135966,-0.0004022526146419958,-0.001045856798069189,0.0003218020917135966,0.0006436041834271932,0.0003218020917135966,-0.00096540627514079,0.0003218020917135966,0.0,-0.0012872083668543865,-0.0013676588897827858,-0.0012872083668543865,0.0011263073209975883,0.001045856798069189,0.0012067578439259874,-0.0001609010458567983,-0.0016894609814963823
205,205,0.9790828640386162,0.9791810108058192,0.9812970826314804,0.9957128485869362,1.6207454820578062,0.7789936630409239,0.6568891889109387,5.84944740778066,0.3946040238427999,0.0371681415929203,0.01641190667739336,0.015607401448109359,0.012148028962188261,0.006757843925985529,0.00667739340305713,0.005309734513274345,0.004907481898632349,0.0014481094127111848,-0.0002413515687851975,-0.0016090104585679832,0.0007240547063555924,0.0002413515687851975,-0.002413515687851975,-0.0005631536604987942,0.0015285599356395841,-0.0013676588897827858,-0.002413515687851975,0.0008045052292839916,0.0003218020917135966,0.0001609010458567983,-0.0016894609814963823,0.0001609010458567983,8.045052292839915e-05,0.001045856798069189,-0.0023330651649235757,-0.0013676588897827858,-0.00096540627514079
206,206,0.9863234111021721,0.9863193140076179,0.984345932936471,0.9974944191238024,2.109214056895233,0.16813784675368254,0.9745185745494901,5.827098491784935,0.3857996788654461,0.027674979887369222,0.026387771520514823,0.01617055510860823,0.01230893000804507,0.006516492357200332,0.009734513274336299,0.006194690265486735,0.00474658085277555,0.0030571198712791682,0.0002413515687851975,-0.0005631536604987942,0.0,0.002091713596138378,0.0006436041834271932,0.0007240547063555924,0.0015285599356395841,0.0001609010458567983,-0.0002413515687851975,0.0016894609814963823,0.0004022526146419958,0.00096540627514079,-0.0003218020917135966,-0.0008849557522123908,-0.0002413515687851975,8.045052292839915e-05,0.0008849557522123908,-0.0006436041834271932,-0.0001609010458567983
207,207,0.9823008849557522,0.9823127842033715,0.9802663004537855,0.997363864342011,1.383734942556194,-0.0802965197952904,0.8373703833515669,6.337214837941879,1.138227103256478,0.038374899436846285,0.01866452131938854,0.009251810136765903,0.005631536604987941,0.0041029766693483575,0.006355591311343533,0.0028157683024939706,0.0014481094127111848,0.0006436041834271932,0.0008045052292839916,0.0023330651649235757,8.045052292839915e-05,-0.0006436041834271932,-0.0012067578439259874,-0.0003218020917135966,0.0008849557522123908,-0.0001609010458567983,-0.0003218020917135966,-0.0001609010458567983,0.0008045052292839916,-0.0008849557522123908,-0.0017699115044247816,-0.0006436041834271932,0.0004022526146419958,-0.0006436041834271932,-0.0027353177795655715,0.0012067578439259874,0.0002413515687851975
208,208,0.9863234111021721,0.9863358516779948,0.9854880071968501,0.996901031626418,1.948095846520803,-0.34155010824769716,0.8962057614855341,6.22518383843214,0.8559613085444326,0.0468222043443282,0.02316975060337889,0.012228479485116673,0.011102172164119083,0.004585679806918752,0.004666130329847151,0.005470635559131143,0.00386162510056316,0.0016894609814963823,0.0006436041834271932,0.0008045052292839916,0.004666130329847151,0.0018503620273531806,0.002011263073209979,0.0002413515687851975,0.0008849557522123908,0.0004022526146419958,0.0008045052292839916,0.0011263073209975883,0.000482703137570395,8.045052292839915e-05,0.0018503620273531806,0.000482703137570395,0.0004022526146419958,0.0004022526146419958,8.045052292839915e-05,0.0,0.0
209,209,0.9847144006436042,0.9847278075794784,0.9837639553429027,0.9984080034797739,1.972851832232918,-0.21211271626323835,1.0191576758468732,6.322027294140032,0.44490768032203387,0.034674175382139925,0.019871279163314548,0.012791633145615466,0.008688656476267109,0.0028157683024939706,0.005631536604987941,0.0029766693483507687,0.002493966210780374,0.0011263073209975883,-0.002011263073209979,-0.000482703137570395,-0.0008849557522123908,0.0004022526146419958,-0.0026548672566371724,-0.0031375703942075673,-8.045052292839915e-05,-0.0015285599356395841,-0.0015285599356395841,0.0,-0.0008045052292839916,-0.0007240547063555924,-0.0018503620273531806,-0.0014481094127111848,-0.0012872083668543865,-0.0016894609814963823,-0.002091713596138378,-0.0011263073209975883,-0.0008849557522123908
210,210,0.9911504424778761,0.9911536918154948,0.9899448069768859,0.9992681588095383,1.7944794124432555,-0.3480749388207431,1.0766152827853483,6.068588625630684,0.8216268816229726,0.03845534995977469,0.027514078841512447,0.0190667739340306,0.01061946902654869,0.008366854384553512,0.01061946902654869,0.004505229283990353,0.0037811745776347603,0.0008849557522123908,0.0006436041834271932,0.0001609010458567983,0.0028962188254223697,0.0023330651649235757,0.0001609010458567983,0.0026548672566371724,0.003539823008849563,0.0003218020917135966,0.0001609010458567983,0.0005631536604987942,-0.0008045052292839916,0.0022526146419951766,-8.045052292839915e-05,0.0008849557522123908,0.0001609010458567983,0.002493966210780374,0.0003218020917135966,0.0013676588897827858,0.0008045052292839916
211,211,0.9790828640386162,0.9791097080954944,0.9774004531445033,0.9968764974177862,1.7772990945839715,-0.5898726921061647,0.8183337424409814,6.6192972490106365,0.7663385579086432,0.034674175382139925,0.023008849557522047,0.013757039420756224,0.014320193081255006,0.005551086082059542,0.0032180209171359664,0.006596942880128731,0.0037007240547063613,8.045052292839915e-05,-0.0018503620273531806,-0.0012872083668543865,0.00096540627514079,-0.0011263073209975883,-0.002574416733708773,-0.0005631536604987942,0.0,-0.0008045052292839916,-0.002011263073209979,0.0002413515687851975,-0.0015285599356395841,-0.0006436041834271932,-0.0005631536604987942,-0.0007240547063555924,-0.0008045052292839916,-0.0003218020917135966,-0.002413515687851975,-0.0012872083668543865,-0.001045856798069189
212,212,0.9935639581657281,0.9935597304573464,0.9919841133508271,0.9988538155798152,1.748063226567122,0.052534748832294295,0.8054913896776733,6.143987949432675,0.6502846483183399,0.03547868061142392,0.020756234915526982,0.01745776347546262,0.016653258246178627,0.009975864843121495,0.007160096540627525,0.005792437650844739,0.0030571198712791682,0.002011263073209979,-0.0004022526146419958,8.045052292839915e-05,0.002011263073209979,0.002091713596138378,-0.0002413515687851975,0.000482703137570395,0.002011263073209979,0.0002413515687851975,-8.045052292839915e-05,0.0008849557522123908,-0.000482703137570395,0.0018503620273531806,0.00096540627514079,8.045052292839915e-05,0.0004022526146419958,0.0016090104585679832,-0.0001609010458567983,-0.0011263073209975883,-0.0005631536604987942
213,213,0.9863234111021721,0.9862918758040524,0.982135472054827,0.9986825002954035,1.6360143030059655,-0.37097885072454756,1.0690951469312502,6.869660836185508,0.38126307683272764,0.03169750603378916,0.02051488334674174,0.017940466613033,0.008447304907481912,0.004987932421560748,0.006194690265486735,0.005711987127916341,0.0012067578439259874,0.0017699115044247816,0.0006436041834271932,0.002011263073209979,0.00096540627514079,0.002172164119066777,0.0003218020917135966,0.0005631536604987942,-0.0008045052292839916,-0.0001609010458567983,0.0003218020917135966,0.001045856798069189,0.0003218020917135966,0.0023330651649235757,0.0012872083668543865,0.0002413515687851975,0.0008045052292839916,0.0002413515687851975,0.0003218020917135966,0.0006436041834271932,0.0008045052292839916
214,214,0.9823008849557522,0.9823297873943696,0.9820652485522618,0.9973080671979818,1.8581672609689017,-0.04535925335445713,0.8100243670851548,5.868338086389198,1.0531114870204221,0.042880128720836644,0.016331456154465008,0.01898632341110216,0.008849557522123908,0.004344328238133554,0.008930008045052307,0.004022526146419958,0.004344328238133554,0.0030571198712791682,0.0008849557522123908,0.0017699115044247816,0.002091713596138378,0.0018503620273531806,0.0002413515687851975,0.0007240547063555924,0.0012067578439259874,0.0,-8.045052292839915e-05,0.0006436041834271932,0.0005631536604987942,0.000482703137570395,0.0016894609814963823,0.0014481094127111848,0.0,0.0002413515687851975,0.0007240547063555924,0.0012067578439259874,0.000482703137570395
215,215,0.9798873692679002,0.9799342866960722,0.979155829790796,0.9961345984825385,1.902832835035771,0.0043823095040600585,0.9432581716519585,6.037097642661608,0.5073354331662467,0.03427192276749793,0.01045856798069189,0.013676588897827824,0.0096540627514079,0.005309734513274345,0.0029766693483507687,0.003620273531777962,0.00096540627514079,-0.0008045052292839916,-0.0022526146419951766,-0.0016894609814963823,8.045052292839915e-05,-0.0003218020917135966,-0.002172164119066777,-0.0005631536604987942,0.0011263073209975883,-0.002011263073209979,-0.000482703137570395,-0.001045856798069189,-0.0008045052292839916,-0.00096540627514079,8.045052292839915e-05,-0.0015285599356395841,-8.045052292839915e-05,-0.0003218020917135966,-0.00193081255028158,-0.0013676588897827858,-0.0002413515687851975
216,216,0.9831053901850362,0.9831320956497333,0.9823516916649948,0.9971058190443597,1.670064071455054,-0.21617590910343673,1.195725748771903,6.055531523718709,1.058646498381777,0.031053901850361963,0.01850362027353176,0.015607401448109426,0.007803700724054718,0.01045856798069189,0.007160096540627525,0.004505229283990353,0.008125502815768315,0.0005631536604987942,0.0004022526146419958,-0.000482703137570395,0.0039420756234915585,0.0013676588897827858,0.0006436041834271932,0.0017699115044247816,0.0033789219629927645,0.0004022526146419958,0.001045856798069189,0.0018503620273531806,0.0013676588897827858,0.0001609010458567983,0.002413515687851975,0.0012872083668543865,0.0013676588897827858,0.0031375703942075673,-0.0004022526146419958,-0.0005631536604987942,-8.045052292839915e-05
217,217,0.9855189058728882,0.9855189058728882,0.9838738972496108,0.9978406273424436,1.9025075467822834,0.05385806802173071,0.9782312776246652,6.166988092541416,0.3669936001943986,0.0374094931617055,0.02405470635559126,0.014641995172968648,0.013113435237329062,0.0096540627514079,0.009171359613837504,0.007160096540627525,0.005229283990345945,0.000482703137570395,0.0,-0.000482703137570395,0.0005631536604987942,0.0005631536604987942,-0.001045856798069189,0.0004022526146419958,0.001045856798069189,8.045052292839915e-05,-0.0014481094127111848,0.00096540627514079,0.0008849557522123908,-0.000482703137570395,-0.000482703137570395,-0.00096540627514079,-0.0003218020917135966,-0.0004022526146419958,-0.0006436041834271932,0.0,0.0
218,218,0.9855189058728882,0.9855092822383326,0.982729335186307,0.9977906852439155,2.0968380721651765,-0.5452394316935395,1.1514938672421176,5.681861903971925,1.0366265631486555,0.03966210780370068,0.02574416733708762,0.01617055510860823,0.01335478680611426,0.007562349155269521,0.006355591311343533,0.0032180209171359664,0.005792437650844739,0.0007240547063555924,0.0005631536604987942,0.0011263073209975883,0.002091713596138378,0.002011263073209979,-0.0007240547063555924,0.00096540627514079,0.002011263073209979,0.0,-0.0001609010458567983,0.0030571198712791682,0.0,-0.0005631536604987942,-0.0002413515687851975,0.0006436041834271932,0.002091713596138378,0.0008849557522123908,0.0008849557522123908,-0.0001609010458567983,0.0008045052292839916
219,219,0.9903459372485921,0.9903669572039501,0.9915306286449006,0.9979795196767232,1.8739683230707351,-0.851182922789547,0.7315448872869613,5.8902761256075005,1.797430444526932,0.03515687851971032,0.025583266291230877,0.01528559935639584,0.007803700724054718,0.006516492357200332,0.007079646017699126,0.006596942880128731,0.005792437650844739,0.0013676588897827858,0.000482703137570395,0.0011263073209975883,0.0008045052292839916,0.0012067578439259874,-0.0004022526146419958,-0.0007240547063555924,-0.0001609010458567983,0.0004022526146419958,0.0007240547063555924,0.0016894609814963823,0.0003218020917135966,0.0001609010458567983,0.0018503620273531806,-0.0006436041834271932,0.0003218020917135966,0.002413515687851975,0.0018503620273531806,0.0,-0.0004022526146419958
220,220,0.9814963797264682,0.9814644637502073,0.9769331491811806,0.9971749385661244,1.6245260167377276,0.6189929734989132,0.6474259938826125,5.344531962075961,1.047478533506091,0.042558326629123046,0.01922767497988732,0.014883346741753812,0.009895414320193096,0.004666130329847151,0.005470635559131143,0.002413515687851975,0.0015285599356395841,0.0008045052292839916,-0.0022526146419951766,-0.0002413515687851975,-0.0008045052292839916,0.0,-0.00096540627514079,-0.0016090104585679832,0.0011263073209975883,-8.045052292839915e-05,-0.0005631536604987942,-0.0004022526146419958,-0.0012067578439259874,-0.000482703137570395,-0.0001609010458567983,0.0001609010458567983,-0.0006436041834271932,-0.0001609010458567983,0.0001609010458567983,-0.0016894609814963823,-0.0001609010458567983
221,221,0.9927594529364441,0.9927667336677513,0.992664795796513,0.9988744924767137,1.644781765032144,-0.5288918566245042,0.8492438564083389,6.120579143637953,1.2542587023957315,0.03563958165728072,0.02292839903459375,0.019388576025744196,0.016653258246178627,0.010780370072405487,0.009251810136765903,0.006194690265486735,0.0061142397425583365,0.003539823008849563,-0.0008045052292839916,0.0016894609814963823,0.0013676588897827858,0.002172164119066777,0.0007240547063555924,0.0022526146419951766,0.002493966210780374,-0.0002413515687851975,0.000482703137570395,0.0022526146419951766,0.0005631536604987942,0.00193081255028158,-0.0001609010458567983,0.0005631536604987942,0.001045856798069189,0.0027353177795655715,0.0006436041834271932,0.0006436041834271932,0.0
222,222,0.9766693483507642,0.9767956921232764,0.9780040614493608,0.9967575891432918,1.7661757018380349,-0.3002909904392366,0.9148411090201495,6.021693103296675,1.0292719164133113,0.029364440868865582,0.020353982300884876,0.01922767497988729,0.011423974255832647,0.008447304907481901,0.006918744971842328,0.004907481898632349,0.0027353177795655715,0.00193081255028158,-0.0004022526146419958,-0.0031375703942075673,0.0005631536604987942,0.0005631536604987942,-0.0026548672566371724,8.045052292839915e-05,0.0003218020917135966,-0.0013676588897827858,-0.0018503620273531806,0.0008849557522123908,-0.0002413515687851975,-0.0002413515687851975,-0.0002413515687851975,0.0013676588897827858,0.0002413515687851975,-0.0001609010458567983,8.045052292839915e-05,-0.0012067578439259874,-0.0007240547063555924
223,223,0.9823008849557522,0.9823008849557522,0.9804655801035511,0.9969111814659458,1.8065968896853202,0.16228807011748508,1.0710516155298024,6.407970999181461,0.23667622543080608,0.02888173773129519,0.021480289621882476,0.017296862429605785,0.010217216411906694,0.007160096540627525,0.005229283990345945,0.004424778761061954,0.0017699115044247816,0.0023330651649235757,-0.0005631536604987942,-0.0005631536604987942,0.002413515687851975,0.0005631536604987942,-0.0012067578439259874,8.045052292839915e-05,-0.0006436041834271932,-0.000482703137570395,-0.002091713596138378,-0.0017699115044247816,-0.0003218020917135966,-0.000482703137570395,0.002413515687851975,0.0007240547063555924,-0.0008849557522123908,0.00096540627514079,-0.0005631536604987942,-0.0008849557522123908,-0.0008045052292839916
224,224,0.9871279163314561,0.9871346589524077,0.9863962688857815,0.9986755795050192,1.7216841135133503,0.359882721635231,0.6562741441933622,5.900452165141541,0.5832690752311622,0.03853580048270309,0.01697506033789222,0.014481094127111849,0.011343523732904282,0.007964601769911516,0.007320997586484324,0.0039420756234915585,0.005229283990345945,0.0011263073209975883,-8.045052292839915e-05,8.045052292839915e-05,0.000482703137570395,0.0018503620273531806,0.0,-8.045052292839915e-05,0.00096540627514079,0.0,-8.045052292839915e-05,0.0008045052292839916,-0.0004022526146419958,-0.0001609010458567983,-0.0006436041834271932,-0.0011263073209975883,-0.0003218020917135966,-0.0001609010458567983,-8.045052292839915e-05,0.0007240547063555924,-0.0001609010458567983
225,225,0.9863234111021721,0.9863382238203288,0.9850304954059264,0.9977652917890435,2.025364685284229,-0.1486656537831886,0.9117284506295177,6.180176205505187,0.5927832281694805,0.02598551890587284,0.018503620273531786,0.010860820595333887,0.0095736122284795,0.005711987127916341,0.0074014481094127225,0.0032180209171359664,0.004424778761061954,0.0008045052292839916,-8.045052292839915e-05,-0.001045856798069189,0.0016090104585679832,0.0008849557522123908,-0.0001609010458567983,-0.0004022526146419958,-0.0004022526146419958,0.0,8.045052292839915e-05,0.0002413515687851975,-0.0006436041834271932,0.0004022526146419958,-0.0012872083668543865,0.0004022526146419958,0.0001609010458567983,0.0,-0.0002413515687851975,-8.045052292839915e-05,0.000482703137570395
226,226,0.9726468222043443,0.9726785177510846,0.9705711124498922,0.9947980628866696,2.1700052439574358,-0.24591902163912907,0.9699770091593725,5.495572906915817,1.1762031976423493,0.028077232502011197,0.025100563153660427,0.02011263073209968,0.01150442477876098,0.005631536604987941,0.007079646017699104,0.0028157683024939706,0.0001609010458567983,-8.045052292839915e-05,-0.000482703137570395,-0.0011263073209975883,-0.0015285599356395841,-8.045052292839915e-05,-0.00096540627514079,-0.0029766693483507687,-0.00096540627514079,-0.001045856798069189,-0.0001609010458567983,-0.0014481094127111848,-0.0004022526146419958,0.0,-0.0022526146419951766,-0.0018503620273531806,0.00096540627514079,-0.0013676588897827858,-0.0018503620273531806,-0.0016894609814963823,0.0
227,227,0.9839098954143202,0.983900458225166,0.9814369611757219,0.9973413180582075,1.4784230277325798,-0.07512230315774508,1.5283892432417046,6.134147244428299,0.6640559813954432,0.04593724859211581,0.020032180209171347,0.01866452131938857,0.01729686242960581,0.009412711182622702,0.010217216411906694,0.0037007240547063613,0.0059533386967015375,0.0033789219629927645,0.000482703137570395,0.0017699115044247816,0.004022526146419958,0.0027353177795655715,8.045052292839915e-05,0.0028157683024939706,0.0027353177795655715,-0.0003218020917135966,0.002172164119066777,0.0037007240547063613,0.002413515687851975,0.0037007240547063613,-0.0001609010458567983,0.00193081255028158,0.0018503620273531806,0.00096540627514079,0.0007240547063555924,0.0004022526146419958,0.0008849557522123908
228,228,0.9879324215607401,0.9879287405012924,0.9860979025059073,0.9988301875784008,1.8221136791106052,0.22193433387127492,0.639893469888534,5.856179571948642,0.8869571646373126,0.036363636363636306,0.0236524537409493,0.01882542236524539,0.012228479485116673,0.005470635559131143,0.006918744971842328,0.0061142397425583365,0.0016894609814963823,0.0022526146419951766,-0.002091713596138378,-0.002091713596138378,0.0003218020917135966,0.0006436041834271932,0.0003218020917135966,0.0016090104585679832,0.0027353177795655715,-8.045052292839915e-05,-0.0008849557522123908,0.0001609010458567983,-0.001045856798069189,-0.0004022526146419958,0.0006436041834271932,0.0002413515687851975,-0.0002413515687851975,0.0007240547063555924,-0.0011263073209975883,-0.0008849557522123908,-0.002172164119066777
229,229,0.9798873692679002,0.9799671255559328,0.9812607777012672,0.9969719441354592,1.9250815503547503,-0.427684845904423,0.6426679667119999,5.856676458922852,1.4649361911805316,0.031858407079645955,0.012711182622687046,0.01343523732904266,0.009412711182622702,0.0028962188254223697,0.004666130329847151,0.004344328238133554,0.0018503620273531806,0.0011263073209975883,-0.00096540627514079,-0.0033789219629927645,0.0013676588897827858,-0.0006436041834271932,-0.0013676588897827858,-0.0002413515687851975,0.0001609010458567983,-0.0011263073209975883,-0.0032984714400643655,0.0008849557522123908,-0.002413515687851975,-0.0001609010458567983,-0.001045856798069189,-0.0013676588897827858,-0.0008045052292839916,0.0002413515687851975,-0.0027353177795655715,-0.0023330651649235757,-0.0006436041834271932
230,230,0.9839098954143202,0.9839098954143202,0.9817110134129043,0.9962862910582599,1.9463508430178913,-0.5806120451592622,1.0103694282665574,5.835737464465896,1.4661911603360185,0.046983105390185,0.024296057924376436,0.01536604987932424,0.013757039420756257,0.010780370072405487,0.006194690265486735,0.006918744971842328,0.005551086082059542,0.00386162510056316,0.0001609010458567983,0.0,0.0006436041834271932,0.00193081255028158,0.0006436041834271932,0.000482703137570395,0.0005631536604987942,-0.0004022526146419958,-0.0006436041834271932,0.0012067578439259874,0.0007240547063555924,0.0018503620273531806,-0.0003218020917135966,-0.0012067578439259874,0.0014481094127111848,0.0007240547063555924,0.000482703137570395,-0.0005631536604987942,8.045052292839915e-05
231,231,0.9887369267900241,0.9887431747249652,0.9880722780915645,0.9989467098314736,2.0967134259753832,0.31131950486772086,1.1287137023355864,5.660684997790919,0.41573518880293947,0.0373290426387771,0.021882542236524537,0.014239742558326652,0.011343523732904282,0.004424778761061954,0.004424778761061954,0.006436041834271933,0.00474658085277555,0.002493966210780374,0.0007240547063555924,0.0008849557522123908,0.00193081255028158,-0.000482703137570395,0.0012872083668543865,0.0013676588897827858,0.0011263073209975883,0.001045856798069189,0.0013676588897827858,0.0017699115044247816,0.0008045052292839916,0.0014481094127111848,-0.0002413515687851975,0.000482703137570395,0.0001609010458567983,-0.0004022526146419958,-0.0006436041834271932,0.000482703137570395,0.0007240547063555924
232,232,0.9871279163314561,0.9871279163314561,0.9855130737807614,0.9982372103051811,1.874987077256847,-0.398165884626352,1.3148027426450537,6.483457887375243,0.3058558837273023,0.032662912308929946,0.02260659694288012,0.02252614641995171,0.0096540627514079,0.004263877715205156,0.006999195494770727,0.0011263073209975883,0.0029766693483507687,-0.0007240547063555924,-0.0004022526146419958,0.0007240547063555924,0.0006436041834271932,0.00096540627514079,0.0002413515687851975,-0.0004022526146419958,-8.045052292839915e-05,-0.0006436041834271932,-0.0011263073209975883,0.0002413515687851975,-0.0005631536604987942,-0.00096540627514079,-0.0016090104585679832,-0.0006436041834271932,8.045052292839915e-05,-0.000482703137570395,-0.0003218020917135966,8.045052292839915e-05,-0.001045856798069189
233,233,0.9871279163314561,0.9871356987051945,0.9861037369818256,0.9976049476355786,2.186547608380264,0.24695639821334542,0.8924884427092338,5.741352629976941,0.4731963709808552,0.02888173773129519,0.020273531777956565,0.01713596138374902,0.011665325824617878,0.009171359613837504,0.008769106999195508,0.002574416733708773,0.0008849557522123908,0.0,-0.000482703137570395,-0.00096540627514079,0.0007240547063555924,-0.0001609010458567983,0.0003218020917135966,-0.0012067578439259874,-0.0008045052292839916,0.0,-0.0001609010458567983,-0.0015285599356395841,-0.0003218020917135966,-0.0006436041834271932,0.000482703137570395,-0.0013676588897827858,-0.0005631536604987942,-0.0002413515687851975,-0.000482703137570395,-0.0007240547063555924,-0.0008849557522123908
234,234,0.9871279163314561,0.9871649763942029,0.9885336283031686,0.9984264404457064,2.0839708107200225,0.3256906491339803,0.9721673677039108,5.612570279421522,0.38987509988058056,0.027755430410297634,0.02083668543845536,0.019549477071600985,0.012952534191472265,0.006918744971842328,0.0094931617055511,0.006596942880128731,0.004183427192276756,0.0030571198712791682,-0.0004022526146419958,-0.0007240547063555924,0.002493966210780374,0.0026548672566371724,0.0016894609814963823,0.0006436041834271932,0.0026548672566371724,0.0012067578439259874,0.001045856798069189,0.001045856798069189,0.000482703137570395,0.0015285599356395841,0.0014481094127111848,0.002011263073209979,0.0005631536604987942,0.000482703137570395,0.0012872083668543865,0.0005631536604987942,0.0004022526146419958
235,235,0.9855189058728882,0.9855359967973764,0.9849359943261091,0.9982850432517906,1.667735461687925,0.08220034313317967,1.066071226249513,6.308473271063767,0.5352816133289912,0.03515687851971032,0.027514078841512413,0.012630732099758669,0.010056315366049895,0.009814963797264698,0.008366854384553512,0.004505229283990353,0.005711987127916341,0.0029766693483507687,-8.045052292839915e-05,0.0,0.0022526146419951766,8.045052292839915e-05,-0.0013676588897827858,0.0003218020917135966,0.0012067578439259874,0.0005631536604987942,-0.0001609010458567983,0.001045856798069189,0.0013676588897827858,0.0004022526146419958,0.002091713596138378,8.045052292839915e-05,0.0005631536604987942,0.001045856798069189,0.0011263073209975883,0.0013676588897827858,-0.0001609010458567983
236,236,0.9903459372485921,0.9903342636879846,0.9879662356990047,0.9984885126964934,1.558819979076767,0.024374331505810656,0.7942443328390402,5.9456275438997075,1.0199079874284918,0.037570394207562294,0.020675784392598585,0.01625100563153663,0.011584875301689479,0.006757843925985529,0.006194690265486735,0.008447304907481912,0.00386162510056316,0.0039420756234915585,0.002574416733708773,0.0017699115044247816,0.002413515687851975,0.002011263073209979,0.0005631536604987942,0.0007240547063555924,0.0016894609814963823,8.045052292839915e-05,-0.0001609010458567983,0.002172164119066777,0.0012067578439259874,0.0014481094127111848,0.0016090104585679832,0.0003218020917135966,0.0012872083668543865,0.0023330651649235757,0.0008849557522123908,0.0016090104585679832,0.0003218020917135966
237,237,0.9831053901850362,0.9830882045166212,0.9795356158992523,0.9972183463919002,1.6068302804516041,-0.2629508243450504,1.4039467446337093,5.975118356675703,0.8806098580460957,0.025502815768302423,0.02204344328238127,0.017135961383749,0.01335478680611426,0.00764279967819792,0.008849557522123908,0.006194690265486735,0.004424778761061954,0.0007240547063555924,-0.0005631536604987942,-0.0016894609814963823,0.00096540627514079,0.002011263073209979,-0.00096540627514079,0.00096540627514079,0.0016090104585679832,0.0,-0.0008849557522123908,0.0011263073209975883,-0.0003218020917135966,0.0003218020917135966,-0.0003218020917135966,0.00096540627514079,0.0007240547063555924,0.000482703137570395,0.0002413515687851975,-0.0002413515687851975,0.0004022526146419958
238,238,0.9887369267900241,0.9887434523437648,0.9879968755424406,0.9985968871145057,1.928670245107417,-0.1506455422263615,0.971814600005969,5.96178773484663,0.5945974733976608,0.030329847144006373,0.01440064360418345,0.01520514883346744,0.009895414320193096,0.005229283990345945,0.007240547063555924,0.002413515687851975,0.002493966210780374,0.0007240547063555924,-0.00193081255028158,-0.0012872083668543865,0.0011263073209975883,0.0008045052292839916,-0.0005631536604987942,0.0,-0.0006436041834271932,0.0,-0.0003218020917135966,-8.045052292839915e-05,0.0005631536604987942,-0.0002413515687851975,-0.0008045052292839916,-0.0008849557522123908,-0.0005631536604987942,-0.0007240547063555924,-0.0018503620273531806,-0.0022526146419951766,-0.0016894609814963823
239,239,0.9814963797264682,0.9815453665339244,0.9818957127789141,0.9982663473249302,1.3205336779926695,-0.045871014811263634,1.2289843285711024,5.817387861265196,1.1789732437117966,0.04006436041834267,0.01874497184231696,0.018262268704746554,0.011826226870474677,0.008849557522123908,0.008527755430410311,0.0028962188254223697,0.0039420756234915585,0.0026548672566371724,-0.0017699115044247816,-0.0017699115044247816,0.0002413515687851975,0.0002413515687851975,-0.004344328238133554,-0.0008849557522123908,0.0016090104585679832,-0.002172164119066777,-0.0007240547063555924,0.0013676588897827858,-0.002493966210780374,-0.0002413515687851975,-0.0008045052292839916,-0.0017699115044247816,-0.0015285599356395841,-0.0027353177795655715,-0.001045856798069189,-0.0008045052292839916,-0.0028962188254223697
240,240,0.9879324215607401,0.9879427485614568,0.9874098746760106,0.9982941852208901,1.8146640481622778,0.5996504746598228,1.2665377190822058,5.630677793240517,0.22944170118029875,0.030651649235719967,0.019227674979887387,0.016572807723250225,0.013113435237329062,0.010217216411906694,0.005309734513274345,0.009332260659694303,0.002172164119066777,0.0041029766693483575,0.002091713596138378,-0.0003218020917135966,0.0,0.00096540627514079,-0.001045856798069189,0.0008045052292839916,0.0029766693483507687,-0.0003218020917135966,-0.001045856798069189,0.0022526146419951766,-0.0001609010458567983,0.0027353177795655715,-8.045052292839915e-05,-0.0003218020917135966,0.0001609010458567983,0.002011263073209979,-0.0001609010458567983,-0.0008849557522123908,-0.000482703137570395
241,241,0.9847144006436042,0.9847560472318889,0.9861145703611458,0.9976819879995472,1.5419283829807853,-0.004777272714708639,0.6799371857709666,6.591238949070487,0.5341356106205516,0.04207562349155265,0.016492357200321817,0.016733708769107014,0.014963797264682244,0.007320997586484324,0.004424778761061954,0.0039420756234915585,0.0028962188254223697,0.002493966210780374,-0.0002413515687851975,-0.002011263073209979,-0.0007240547063555924,0.0023330651649235757,0.0004022526146419958,-0.001045856798069189,0.0012872083668543865,0.0014481094127111848,0.0002413515687851975,-0.0003218020917135966,-0.0001609010458567983,-8.045052292839915e-05,-0.00193081255028158,0.0008045052292839916,0.000482703137570395,0.0007240547063555924,0.0,0.0003218020917135966,0.000482703137570395
242,242,0.9750603378921963,0.9751255254044947,0.9730251133825222,0.9954216229854218,2.405116632757183,-0.34445413437254596,0.9981479548114799,5.5937245512228975,0.832584476257503,0.02679002413515681,0.02075623491552687,0.011423974255832636,0.013998390989541355,0.0032180209171359664,0.004344328238133554,0.001045856798069189,0.002493966210780374,0.0012067578439259874,-0.0022526146419951766,-0.0033789219629927645,-0.002172164119066777,0.0008045052292839916,-0.002493966210780374,-0.0015285599356395841,-0.0016090104585679832,-8.045052292839915e-05,-0.0003218020917135966,-0.000482703137570395,-0.001045856798069189,-0.0005631536604987942,-0.002091713596138378,-0.0031375703942075673,-8.045052292839915e-05,-0.0037811745776347603,-0.0005631536604987942,-0.001045856798069189,-0.0007240547063555924
243,243,0.9879324215607401,0.9879537651077245,0.988603395324063,0.9991585353415157,1.760638389239354,-0.3160459252691833,0.7114101596049047,6.527670880874089,0.741794213960721,0.03451327433628313,0.014481094127111849,0.018423169750603395,0.007964601769911516,0.005551086082059542,0.008045052292839916,0.003620273531777962,0.0031375703942075673,0.0014481094127111848,0.001045856798069189,0.002172164119066777,0.0032984714400643655,0.0027353177795655715,0.0005631536604987942,0.0028962188254223697,0.0026548672566371724,0.0001609010458567983,0.0012872083668543865,0.0029766693483507687,0.0013676588897827858,0.0027353177795655715,0.0005631536604987942,0.00096540627514079,0.0008849557522123908,0.002413515687851975,0.000482703137570395,8.045052292839915e-05,0.0001609010458567983
244,244,0.9782783588093322,0.9782731568771733,0.9762718649913772,0.9966684584201213,2.568054858106527,0.09978513040012985,0.22281338117941213,5.713255063917066,0.6575992436172957,0.02855993563958159,0.025100563153660427,0.015607401448109338,0.009010458567980707,0.005792437650844739,0.004907481898632349,0.01053901850362029,0.002011263073209979,0.0012067578439259874,-0.0001609010458567983,0.0006436041834271932,0.0014481094127111848,-0.0003218020917135966,0.0002413515687851975,0.0002413515687851975,0.0008849557522123908,-0.0007240547063555924,0.0007240547063555924,0.002091713596138378,0.001045856798069189,0.0005631536604987942,0.00096540627514079,-0.0007240547063555924,0.00096540627514079,-0.0017699115044247816,0.0003218020917135966,0.0004022526146419958,0.000482703137570395
245,245,0.9871279163314561,0.987134746431616,0.9863730611268392,0.9991398608967093,2.071364622115996,-0.3737420907211561,0.9642733868359588,6.706341918804799,0.21860176817794888,0.04014481094127107,0.018503620273531807,0.018342719227675008,0.011263073209975882,0.004987932421560748,0.003620273531777962,0.0014481094127111848,0.0022526146419951766,0.0007240547063555924,0.0008045052292839916,-0.0002413515687851975,0.0007240547063555924,0.0006436041834271932,-8.045052292839915e-05,0.0008849557522123908,0.0,-0.0002413515687851975,0.0007240547063555924,-0.0001609010458567983,0.0004022526146419958,0.0,-0.0005631536604987942,0.0002413515687851975,0.0004022526146419958,-0.0006436041834271932,-0.0005631536604987942,-0.0002413515687851975,-8.045052292839915e-05
246,246,0.9887369267900241,0.9887432534138585,0.9880512009204659,0.9990852869265066,1.9702536741483403,0.4326502061772073,0.7449611331905309,5.820826857751813,0.5463092747788378,0.038053097345132694,0.02011263073209978,0.012791633145615466,0.0074014481094127225,0.005792437650844739,0.004907481898632349,0.008447304907481912,0.005068382944489147,0.0022526146419951766,-0.000482703137570395,0.0016090104585679832,0.002011263073209979,-0.0001609010458567983,-0.0002413515687851975,-0.001045856798069189,0.0016894609814963823,-0.0008045052292839916,-0.0001609010458567983,0.0014481094127111848,0.0004022526146419958,0.0,-0.0013676588897827858,-0.0016090104585679832,-0.0005631536604987942,8.045052292839915e-05,-0.0008045052292839916,0.0001609010458567983,-0.0003218020917135966
247,247,0.9871279163314561,0.987108722931376,0.984578560197664,0.9970378481581311,1.775348233334577,-0.23732669436005138,1.2194044857479518,6.0793160484734,0.8227766759727771,0.04078841512469826,0.01818181818181821,0.022687047465808508,0.010699919549477088,0.007964601769911516,0.008125502815768315,0.011021721641190686,0.004907481898632349,0.0028157683024939706,0.0012067578439259874,-0.0011263073209975883,0.0028157683024939706,0.0014481094127111848,0.0002413515687851975,-8.045052292839915e-05,0.00193081255028158,8.045052292839915e-05,-0.0006436041834271932,0.0005631536604987942,-8.045052292839915e-05,0.0014481094127111848,8.045052292839915e-05,0.00096540627514079,0.0005631536604987942,-0.0006436041834271932,0.0,-0.0001609010458567983,8.045052292839915e-05
248,248,0.9855189058728882,0.9855370561229536,0.9848082231285791,0.9974280652812355,1.6471932387340504,-0.24151842671254475,0.7497813996031614,5.884878757616686,1.45520089706242,0.04207562349155265,0.018423169750603385,0.01802091713596139,0.007320997586484324,0.009251810136765903,0.005229283990345945,0.006918744971842328,0.0017699115044247816,8.045052292839915e-05,-0.0001609010458567983,-0.00193081255028158,0.001045856798069189,-8.045052292839915e-05,-0.001045856798069189,-0.0014481094127111848,0.0005631536604987942,-0.0008045052292839916,-0.0007240547063555924,-0.0002413515687851975,-8.045052292839915e-05,-0.002091713596138378,8.045052292839915e-05,8.045052292839915e-05,-0.0002413515687851975,0.0003218020917135966,-0.0013676588897827858,8.045052292839915e-05,-0.00096540627514079
249,249,0.9871279163314561,0.9871354200196445,0.9861856129944158,0.9990036378802974,1.78348684724998,0.4871555772461897,0.831798319467897,5.770868418079835,0.4729292117087323,0.027514078841512413,0.022284794851166523,0.024939662107803663,0.01536604987932424,0.007079646017699126,0.008849557522123908,0.007160096540627525,0.004907481898632349,0.0032180209171359664,-0.0017699115044247816,0.0014481094127111848,0.0008849557522123908,0.0016894609814963823,0.0,0.001045856798069189,-0.0007240547063555924,0.0,0.0003218020917135966,0.0013676588897827858,0.0,0.0016090104585679832,0.0005631536604987942,0.00096540627514079,0.0002413515687851975,0.0029766693483507687,-0.0002413515687851975,-8.045052292839915e-05,-0.0012872083668543865
