,random_seed,accuracy,f1_weighted,balanced_acc,auc,model_weights.random_forest,model_weights.bagging_svc,model_weights.bagging_knn,model_weights.gradient_boosting,model_weights.mlp,feature_importance.A_top_CO2_fd3_scaled,feature_importance.A_CO2_vd_scaled,feature_importance.A_top_CO2_fd1_scaled,feature_importance.A_low_CO2_fd3_scaled,feature_importance.A_top_CO2_fd2_scaled,feature_importance.A_low_CO2_fd1_scaled,feature_importance.A_low_CO2_fd2_scaled,feature_importance.A_top_CO2_scaled,feature_importance.A_low_CO2_scaled,feature_importance.A_CO2_vd_fd2_scaled,feature_importance.A_CO2_vd_fd1_scaled,feature_importance.A_CO2_vd_fd3_scaled
0,0,0.914722445695897,0.914817057282147,0.9064811143482683,0.9739830250372081,1.1115547818196387,-0.49959144021437324,-0.5487029009585893,4.274322152234494,2.2564867392817862,0.07683024939662109,0.04875301689460978,0.04843121480289618,0.04191472244569585,0.04183427192276745,0.03073209975864838,0.012711182622687067,0.009251810136765903,0.008205953338696715,0.0015285599356395841,0.0012067578439259874,0.0008849557522123908
1,1,0.9283990345937249,0.9280365965303821,0.9156421688479792,0.9726103840069034,1.5599069934958365,0.07832234011151912,-0.48608440073709386,4.159999520294683,1.2089370589207726,0.058970233306516476,0.05776347546259049,0.050281576830249364,0.02960579243765089,0.038938053097345125,0.04054706355591309,0.02381335478680615,0.010136765888978294,0.007562349155269521,0.0008045052292839916,0.0013676588897827858,0.0037007240547063613
2,2,0.917940466613033,0.917586865164743,0.9039553429027114,0.9630042047266928,1.7156614214478645,-0.3448919891219819,-0.40853503307034145,4.365584087911479,1.3681622399542739,0.08262268704746581,0.05293644408688654,0.03427192276749793,0.03258246178600155,0.040386162510056264,0.038857602574416686,0.0243765084473049,0.0094931617055511,0.01544650040225264,0.002172164119066777,0.0,-0.0008045052292839916
3,3,0.9251810136765889,0.9252373529172173,0.919132475807955,0.9723394399534517,1.2461819979505586,-0.465049594304326,-0.27742880614526333,4.003557167013197,2.127311627154959,0.0743362831858407,0.058728881737731276,0.05526950925181011,0.055913113435237305,0.046500402252614606,0.03572003218020914,0.03950120675784389,0.011665325824617878,0.017860016090104614,0.004344328238133554,0.0016894609814963823,0.0001609010458567983
4,4,0.9348350764279968,0.9348976143275001,0.9266129032258064,0.9694139194139193,1.6362928798576435,-0.0984567964137086,-0.16252103418898506,3.8073074306590473,1.4441451938227565,0.07674979887369268,0.06065969428801286,0.03137570394207567,0.049477071600965386,0.041110217216411914,0.033869670152856024,0.01713596138374902,0.006918744971842328,0.015526950925181037,8.045052292839915e-05,0.0006436041834271932,0.0037007240547063613
5,5,0.9356395816572808,0.9357664129087303,0.9279867921944132,0.9760228903537762,0.9058965132180367,-0.5500938978625429,-0.3031168614751779,4.418187872648895,2.135463909121564,0.09195494770716013,0.05808527755430408,0.0363636363636364,0.04786806114239741,0.045615446500402224,0.04666130329847144,0.02574416733708773,0.011826226870474677,0.015848753016894635,0.0004022526146419958,0.005229283990345945,0.0
6,6,0.9340305711987128,0.9337720797956761,0.9213274279063752,0.9742631931627147,1.435073470359268,-0.28536689593517905,-0.548896403703489,4.274639702398038,1.7728331393949286,0.07224456958970234,0.056476267095736096,0.032582461786001646,0.048189863234110994,0.025020112630732137,0.037248592115848814,0.02099758648431218,0.009895414320193096,0.014722445695897046,-0.0001609010458567983,0.0012872083668543865,-0.0013676588897827858
7,7,0.913113435237329,0.9127485810268574,0.8957487461189395,0.9687037258180081,0.7356615799490633,-0.17968458968421064,-0.33327977584642743,4.180989791540234,2.1753098702318816,0.06379726468222043,0.0565567176186645,0.05374094931617053,0.04561544650040221,0.046017699115044206,0.04609814963797261,0.022445695897023287,0.006033789219629937,0.010136765888978294,-0.0001609010458567983,-0.0029766693483507687,0.001045856798069189
8,8,0.9332260659694288,0.9332518464356625,0.9206613665026335,0.9780780929300923,1.5685188766271496,-0.18659599229678359,-0.4456834449827657,3.979637993308856,1.7091296378282128,0.0758648431214803,0.06331456154465002,0.05325824617860013,0.03805309734513277,0.04963797264682218,0.04392598551890588,0.02180209171359617,0.012872083668543866,0.013274336283185861,0.0006436041834271932,0.0001609010458567983,0.0015285599356395841
9,9,0.914722445695897,0.9146777758320921,0.9060580277375989,0.9646217986896962,1.4082839804389906,-0.37595305337814144,-0.507005018884037,4.092241889184255,2.01301351425737,0.06749798873692678,0.04585679806918741,0.04786806114239739,0.052775543041029736,0.04070796460176986,0.04022526146419947,0.04215607401448105,0.013274336283185861,0.010136765888978294,0.002011263073209979,0.00193081255028158,-0.0011263073209975883
10,10,0.9211584875301689,0.9209701105092807,0.9095657582595614,0.966487299658624,1.4461936349349511,-0.4739358690115812,-0.1658264796391807,4.535203154094437,1.4409038942836805,0.06798069187449718,0.052212389380530945,0.033789219629927536,0.03958165728077227,0.028962188254223642,0.02992759452936441,0.011906677393403075,0.012148028962188273,0.01544650040225264,-0.000482703137570395,-0.0006436041834271932,0.0011263073209975883
11,11,0.9235720032180209,0.9228682620260801,0.90472649683176,0.9733667987256505,1.0181798778257798,0.12803926959050108,-0.20870007561871964,4.182090461833492,1.4700063816287487,0.06830249396621077,0.05092518101367656,0.03250201126307317,0.03386967015285597,0.04296057924376504,0.025502815768302524,0.016733708769107025,0.00860820595333871,0.013274336283185861,-0.00096540627514079,-0.0001609010458567983,-0.003459372485921164
12,12,0.9243765084473049,0.9240525863673393,0.91128901452835,0.9670708112241352,1.1952654444213153,-0.441763217691565,-0.1385236961441715,4.2535689633262175,1.812466275882253,0.07039420756234915,0.06218825422365244,0.0468222043443282,0.028157683024939685,0.06540627514078841,0.03153660498793241,0.011102172164119083,0.017699115044247815,0.015124698310539041,-0.0004022526146419958,0.0004022526146419958,0.0017699115044247816
13,13,0.9203539823008849,0.9203781316539523,0.9105574841739841,0.9680591615858106,1.3903051440064924,-0.10257231183238798,-0.41250368411896177,3.9321392856730792,1.8109447158441148,0.07288817377312953,0.05189058728881735,0.04304102976669344,0.03853580048270309,0.052855993563958134,0.025905068382944475,0.039501206757843875,0.008205953338696715,0.01520514883346744,0.000482703137570395,0.0014481094127111848,0.0037811745776347603
14,14,0.9219629927594529,0.921786181807528,0.9090788707028974,0.9727857525410362,1.5648560557190927,-0.20717962437854145,-0.298845377338537,4.19284281868774,1.5044533674389076,0.06218825422365244,0.04223652453740945,0.03966210780370068,0.03990345937248587,0.02735317779565567,0.02719227674979887,0.024859211584875307,0.008527755430410311,0.015526950925181037,-0.0001609010458567983,0.0006436041834271932,8.045052292839915e-05
15,15,0.9203539823008849,0.9200922616465808,0.9037974377422143,0.9694953476702075,1.1781972975383332,-0.32958904944092526,-0.29750076979169426,4.504971785525539,1.5751447938055063,0.05969428801287206,0.044569589702333025,0.03901850362027348,0.027755430410297644,0.03395012067578433,0.03193885760257439,0.01641190667739343,0.011343523732904282,0.007884151246983117,0.0008849557522123908,-0.0004022526146419958,0.00096540627514079
16,16,0.912308930008045,0.9124818686957971,0.9042506826145436,0.965978952958766,1.1684671102705686,-0.5712710011918244,-0.28584514939872635,4.523096765443265,1.8228184169617339,0.062429605792437635,0.04328238133547864,0.04971842316975057,0.04376508447304903,0.034915526950925126,0.04931617055510858,0.022043443282381302,0.013515687851971048,0.014963797264682244,-0.0002413515687851975,0.0003218020917135966,0.0011263073209975883
17,17,0.915526950925181,0.9155021025445873,0.9052007785527261,0.9740685172741387,1.0748722957802888,-0.5579277056314552,-0.22948366008663015,4.191488384537969,2.2327485639773688,0.0755430410297667,0.04473049074818982,0.031053901850361977,0.0288817377312952,0.032019308125502764,0.02670957361222842,0.01882542236524539,0.0032984714400643655,0.006918744971842328,-0.0028157683024939706,-0.003539823008849563,-0.0016090104585679832
18,18,0.9324215607401448,0.9320626513258938,0.9200604422096708,0.972990425678468,1.3143414266445212,-0.17455939981073748,-0.3562393342324641,3.921586957281742,1.9341562773802556,0.07860016090104587,0.07087691069991955,0.04577634754625902,0.03765084473049078,0.060418342719227656,0.03716814159292039,0.03250201126307324,0.012952534191472265,0.010941271118262286,0.0005631536604987942,0.0023330651649235757,0.003539823008849563
19,19,0.9235720032180209,0.9235012202470407,0.9128564835909478,0.9748314698631898,1.261773729503628,-0.33880628338436397,-0.41789870694855724,3.869577281196035,2.228708544761092,0.06918744971842317,0.04899436846339498,0.04440868865647622,0.02493966210780372,0.04971842316975057,0.04199517296862425,0.01729686242960582,0.009412711182622702,0.020193081255028188,0.0008045052292839916,0.0026548672566371724,-0.0017699115044247816
20,20,0.9267900241351569,0.9268492326538624,0.9200150297738104,0.9713805675882642,1.9518781892783497,-0.3154302406735036,-0.72610988082013,4.076915173172548,1.7202537843108607,0.06669348350764279,0.04843121480289618,0.04239742558326626,0.05543041029766691,0.044408688656476236,0.03274336283185843,0.02180209171359617,0.008930008045052307,0.012148028962188273,0.0015285599356395841,0.0031375703942075673,0.0029766693483507687
21,21,0.9219629927594529,0.92202853952281,0.9141435351646772,0.9679677836904933,1.3040904705086258,-0.049241481196957364,-0.12281660242882861,4.141272698497319,1.4209417317672521,0.07063555913113435,0.049155269509251774,0.04408688656476263,0.04609814963797261,0.0255832662912309,0.03539823008849553,0.0192276749798874,0.012067578439259874,0.010860820595333887,0.0,-8.045052292839915e-05,0.0007240547063555924
22,22,0.9308125502815768,0.9309023902920666,0.9220596085409252,0.9680931198102019,1.3288139315319139,-0.651831600701594,-0.41514522532234027,4.015813930857982,2.3193254548474838,0.08431214802896221,0.048270313757039385,0.050281576830249364,0.05438455349959772,0.03966210780370072,0.04223652453740947,0.018020917135961413,0.012952534191472265,0.02091713596138378,0.002011263073209979,0.0005631536604987942,0.005068382944489147
23,23,0.9203539823008849,0.919796603254202,0.9031172948221204,0.9659034871433603,0.9416292907585987,0.2416059821594779,-0.11864436148442975,3.739304093291001,1.7089438771727947,0.06798069187449718,0.052855993563958134,0.03378921962992755,0.04497184231697502,0.04497184231697502,0.03330651649235715,0.01906677393403059,0.012952534191472265,0.007481898632341122,-0.0011263073209975883,-0.0003218020917135966,0.0
24,24,0.9227674979887369,0.9227216439794659,0.912902711323764,0.9687922285051472,1.0123334824323535,-0.766542348316333,-0.6297410971420034,4.96434419527665,2.187773441523221,0.057683024939662084,0.058728881737731276,0.048833467417538176,0.04006436041834267,0.052775543041029736,0.02912308930008045,0.01536604987932424,0.011343523732904282,0.009251810136765903,0.0016090104585679832,0.0028157683024939706,0.0011263073209975883
25,25,0.918744971842317,0.9183798484158665,0.9052225681831286,0.970622153030041,1.0332565899266366,-0.11870056078079179,-0.1413239101090021,4.272739229878603,1.5933696355013045,0.06838294448913917,0.053982300884955724,0.03869670152855988,0.03797264682220429,0.031697506033789166,0.03684633950120671,0.015044247787610644,0.010136765888978294,0.0074014481094127225,-0.0002413515687851975,-0.0027353177795655715,-0.0022526146419951766
26,26,0.919549477071601,0.9190513519513684,0.9020871218628014,0.9632539790665853,1.6119396333368143,-0.22565338301387403,-0.44474171568657717,4.056446902443845,1.6781567899033336,0.06902654867256637,0.05100563153660496,0.04553499597747381,0.03362831858407076,0.025905068382944485,0.03016894609814961,0.022365245374094945,0.005551086082059542,0.011182622687047483,0.0,-0.00193081255028158,0.002493966210780374
27,27,0.9259855189058729,0.9257966608351357,0.913695449508364,0.9737911382385533,1.7928480330936878,-0.6427670438704242,-0.3085102087320176,4.48725393951614,1.3512023251615626,0.060981496379726455,0.050040225261464163,0.024537409493161744,0.023411102172164154,0.0393403057119871,0.020595333869670183,0.014159292035398252,0.00764279967819792,0.014641995172968648,0.0001609010458567983,0.0006436041834271932,-0.002493966210780374
28,28,0.9300080450522928,0.9297237805160339,0.9174160409754961,0.9794947907572319,1.0809515267368295,-0.31772971904740654,-0.1141184823296152,4.071527336607591,1.862482625882386,0.08302493966210782,0.06347546259050682,0.0353177795655672,0.034835076427996825,0.032984714400643635,0.04143201930812549,0.017055510860820623,0.010941271118262286,0.012791633145615466,0.0016090104585679832,0.0029766693483507687,0.0005631536604987942
29,29,0.9396621078037007,0.9396408124785388,0.9293935009344667,0.9754114668113583,1.7591739891867773,-0.4988459671336952,-0.4344398401686946,4.111009199879932,1.6696116205850384,0.0760257441673371,0.06138374899436845,0.03708769106999201,0.04038616251005637,0.03966210780370076,0.03805309734513279,0.03226065969428806,0.016894609814963824,0.017618664521319417,0.00474658085277555,0.004907481898632349,0.0032984714400643655
30,30,0.914722445695897,0.9145553719841782,0.9008956914761799,0.9647741889802806,1.3299124136047111,-0.3245384126783607,-0.3221308485957377,4.2070004101480345,1.8510144148138614,0.06299275945293643,0.033789219629927536,0.037570394207562294,0.03242156074014475,0.04360418342719223,0.02413515687851967,0.019308125502815777,0.01053901850362029,0.012067578439259874,0.0015285599356395841,0.0016090104585679832,0.0032180209171359664
31,31,0.917940466613033,0.9179950005421815,0.9062948472884698,0.9717086184206609,1.8351390993842758,-0.30330991427407394,-0.488447086649891,3.5907792666897596,2.0587518905062665,0.05526950925181011,0.031214802896218762,0.04239742558326624,0.041512469831053854,0.0376508447304907,0.02783588093322603,0.019549477071600985,0.006999195494770727,0.017779565567176213,-0.002091713596138378,0.0008045052292839916,0.002493966210780374
32,32,0.9243765084473049,0.924273644257555,0.9115669683851502,0.9738083312463477,1.527981661242911,-0.0811356256506999,-0.17430907792137024,4.482938686932523,0.8630889896994447,0.06082059533386965,0.06090104585679805,0.03459372485921158,0.023411102172164154,0.01617055510860823,0.03153660498793241,0.013917940466613054,0.002091713596138378,0.014078841512469853,0.0001609010458567983,-0.0015285599356395841,-8.045052292839915e-05
33,33,0.9356395816572808,0.9355044504682172,0.9234139307897071,0.9776853161946331,0.8492584460305257,-0.5761862754954674,-0.22432603735645681,3.8703612087077337,2.658783774489054,0.06910699919549476,0.05454545454545452,0.04577634754625903,0.040225261464199545,0.04119066773934034,0.03869670152855996,0.03145615446500407,0.012228479485116673,0.02107803700724058,0.0008045052292839916,-0.002011263073209979,0.0007240547063555924
34,34,0.9082864038616251,0.9084133204226873,0.894762587069469,0.9672672980018422,1.3855558702039685,0.03945221146659284,-0.5081905821027957,4.104179705800481,1.616457972516182,0.0654867256637168,0.03877715205148828,0.03797264682220429,0.02952534191472239,0.04006436041834267,0.03073209975864837,0.01657280772325016,-0.000482703137570395,0.0014481094127111848,-0.0012067578439259874,-0.0032180209171359664,-0.0029766693483507687
35,35,0.918744971842317,0.9183687044702641,0.9045614035087719,0.970738002029868,1.5742739877502017,-0.5062650710172888,-0.3251893974155508,4.375929497310584,1.557073096643415,0.04867256637168138,0.061303298471440046,0.031295253419147184,0.026629123089300065,0.04135156878519706,0.04127111826226866,0.025100563153660493,0.009010458567980707,0.013998390989541453,0.00096540627514079,0.0014481094127111848,0.0008045052292839916
36,36,0.9211584875301689,0.9211166531666899,0.9129207735070428,0.9616173845821537,1.773377620105637,-0.05856457750386347,-0.17147714888008006,3.5475998195360563,1.6389614879017904,0.0758648431214803,0.052212389380530945,0.048511665325824585,0.05808527755430408,0.05293644408688654,0.041512469831053854,0.034191472244569546,0.018905872888173803,0.017860016090104614,0.004022526146419958,0.0029766693483507687,0.004022526146419958
37,37,0.9219629927594529,0.9216553934239192,0.9090074061216225,0.9672886651622982,1.3273137655338623,-0.3491140184337336,-0.29740533228736077,4.427931687755284,1.5181196772179355,0.0666130329847144,0.05124698310539015,0.0316170555108608,0.028077232502011263,0.028479485116653235,0.027594529364440866,0.016733708769107025,0.01335478680611426,0.011826226870474677,-0.0008849557522123908,0.002413515687851975,0.002413515687851975
38,38,0.9219629927594529,0.9217851436639259,0.9089528271310292,0.9683019535048174,1.0212812884537417,0.3889230919318573,0.07913586537809972,4.385994875581574,0.9861132406847359,0.07345132743362832,0.06138374899436845,0.041914722445695864,0.03596138374899434,0.0386967015285599,0.03459372485921154,0.026146419951729706,0.010297666934835092,0.006999195494770727,-0.002493966210780374,0.0041029766693483575,0.0013676588897827858
39,39,0.9283990345937249,0.9280039489165651,0.9171219632839814,0.9768557552864996,1.2709435078245297,-0.26271801381988585,-0.46039926573122936,4.3047740696636385,1.7349045976570578,0.06910699919549476,0.06009654062751406,0.042477876106194655,0.028399034593724892,0.030973451327433666,0.04223652453740945,0.01335478680611426,0.010297666934835092,0.015848753016894635,0.0017699115044247816,0.0031375703942075673,0.0012067578439259874
40,40,0.917940466613033,0.917601496610685,0.9048698403566806,0.9687703149719544,1.337674276155319,-0.08040292789521562,-0.5347274275048612,4.193964005054992,1.7298244580941768,0.06991150442477875,0.046017699115044206,0.04102976669348346,0.038857602574416686,0.04102976669348346,0.035800482703137515,0.01641190667739343,0.009814963797264698,0.01335478680611426,8.045052292839915e-05,0.0,0.002091713596138378
41,41,0.9243765084473049,0.9239384441389603,0.9067801952379237,0.9699248346000985,2.0991176451651157,-0.21837251519774964,-0.2564417370741004,3.8307726354589504,1.1806527439059245,0.05374094931617053,0.045213193885760214,0.030893000804505244,0.03386967015285598,0.03370876910699918,0.018020917135961413,0.015607401448109437,0.0032180209171359664,0.008527755430410311,-0.0018503620273531806,-0.0003218020917135966,0.002172164119066777
42,42,0.9259855189058729,0.9256591147178437,0.9146419019822725,0.9700728517809791,1.8117855863552879,-0.39851340653257833,-0.6736842348035,4.126360136450796,1.8246478111351296,0.0755430410297667,0.05929203539823007,0.03797264682220429,0.045374094931617016,0.05164923572003215,0.027192276749798905,0.02670957361222851,0.016009654062751434,0.018744971842317004,0.0016894609814963823,-0.0002413515687851975,-0.0003218020917135966
43,43,0.9235720032180209,0.9239709882333447,0.9201325001446508,0.9756147659549846,0.7783928926063288,-0.32404518212100425,-0.45944881658217723,4.0266449495421535,2.549185455534233,0.09155269509251814,0.05526950925181011,0.06387771520514882,0.05374094931617053,0.07457763475462591,0.050281576830249364,0.036846339501206714,0.010217216411906694,0.004907481898632349,-0.0011263073209975883,0.0003218020917135966,0.0028962188254223697
44,44,0.9235720032180209,0.9230710611558389,0.9063623601329218,0.9724145692775188,2.272168264681176,-0.3073371639385705,-0.401690610830537,4.117494711892939,0.943953827782832,0.06991150442477875,0.05543041029766691,0.03628318584070792,0.023893805309734527,0.03000804505229283,0.042638777152051444,0.015929203539823033,0.006999195494770727,0.010056315366049895,0.0001609010458567983,0.0004022526146419958,-0.0004022526146419958
45,45,0.917135961383749,0.9170065217408018,0.9048594539584504,0.9721715328467153,0.6414892955945212,-0.2757821003473772,-0.5505385043207135,4.428891819391371,2.3090139223004438,0.066130329847144,0.06419951729686242,0.05744167337087689,0.04931617055510858,0.05301689460981494,0.025261464199517268,0.031134352373290364,0.00764279967819792,0.010297666934835092,-0.0023330651649235757,-0.0008045052292839916,0.0017699115044247816
46,46,0.918744971842317,0.9186692680117888,0.9072925439827813,0.9697384428223844,1.6194717885187087,-0.13061959524874336,-0.34720382779872444,4.138575261195217,1.3986728928800294,0.06371681415929202,0.04754625905068379,0.040386162510056264,0.030812550281576777,0.01633145615446503,0.046259050683829406,0.005711987127916341,0.006596942880128731,0.011343523732904282,-0.0011263073209975883,-0.0016894609814963823,-0.0006436041834271932
47,47,0.917940466613033,0.9174522344997722,0.9050225733634312,0.970268058690745,1.3545426300821635,-0.6013726003932821,-0.4946610317407798,4.459767799014759,1.9065367842751622,0.05406275140788412,0.05518905872888171,0.04304102976669344,0.024215607401448114,0.04304102976669344,0.017779565567176213,0.010297666934835092,0.010297666934835092,0.011584875301689479,-0.0005631536604987942,0.0029766693483507687,0.0013676588897827858
48,48,0.9332260659694288,0.9332478059914152,0.9239371879090872,0.9701873582078059,1.2099585477486643,-0.292469313473236,-0.3162915994721285,4.485846273222173,1.5684621056574075,0.06934835076427996,0.056154465004022505,0.029042638777152095,0.04722445695897022,0.05012067578439257,0.0365245374094932,0.03475462590506843,0.013998390989541453,0.014159292035398252,0.0037811745776347603,0.0012872083668543865,0.0029766693483507687
49,49,0.9235720032180209,0.923314013517862,0.9110271105149779,0.9721317377091063,1.5977836175023061,-0.7755255764473384,-0.5662241152623683,4.522141803228016,2.0319996165589913,0.06210780370072404,0.06315366049879323,0.044569589702333025,0.035720032180209124,0.027192276749798894,0.03740949316170551,0.018020917135961413,0.014561544650040248,0.011423974255832681,-0.0030571198712791682,-0.0039420756234915585,-0.0004022526146419958
50,50,0.9316170555108608,0.9316830687905774,0.9228456409983377,0.967880573352027,2.171315982446392,-0.376554961070146,-0.906362182541114,3.9752727603214204,1.789141348761229,0.07771520514883348,0.056798069187449694,0.05856798069187448,0.0419147224456959,0.02960579243765089,0.024698310539018543,0.015768302493966234,0.011987127916331474,0.018342719227675008,0.0013676588897827858,0.0033789219629927645,0.0014481094127111848
51,51,0.915526950925181,0.9155533415319954,0.9045379828578137,0.9648849360103322,1.3764786714929087,-0.3748396238674516,-0.27570383784959174,4.347723892864178,1.610355099820734,0.061786001609010446,0.050040225261464163,0.03507642799678192,0.03982300884955747,0.03901850362027348,0.03620273531777951,0.01343523732904266,0.006596942880128731,0.0074014481094127225,0.002091713596138378,0.0018503620273531806,0.000482703137570395
52,52,0.9235720032180209,0.9232629477632394,0.912593399750934,0.9695686629684139,1.8665075670471307,-0.2762945085599572,-0.9170976555300415,4.008552963859339,1.937062369310235,0.07803700724054707,0.058165728077232484,0.03829444891391789,0.04818986323411099,0.022526146419951754,0.030490748189863227,0.013515687851971058,0.015768302493966234,0.013596138374899458,0.0012872083668543865,0.0007240547063555924,0.0012872083668543865
53,53,0.918744971842317,0.9186656076656681,0.9063172043010752,0.9678453267162944,1.6624057746332592,-0.8052974237544315,-0.5178183481963845,3.7619804776619143,2.614818633436363,0.08061142397425584,0.04754625905068379,0.03395012067578433,0.03378921962992756,0.061625100563153644,0.03041029766693478,0.02429605792437649,0.009171359613837504,0.011987127916331474,0.0003218020917135966,-0.0003218020917135966,0.000482703137570395
54,54,0.9203539823008849,0.9203315433361569,0.9113267938926911,0.9678803132955219,0.8983556820189375,-0.08709457571654577,-0.3222818424122707,4.145518378973365,1.9290498094061546,0.07699115044247788,0.055671761866452105,0.03169750603378918,0.03475462590506834,0.03660498793242152,0.0379726468222043,0.01544650040225264,0.008366854384553512,0.015526950925181037,0.0008045052292839916,-0.0003218020917135966,0.0016090104585679832
55,55,0.9380530973451328,0.9381150283503198,0.9296700773973501,0.9773323554315291,1.8195116273120415,-0.4893510041193551,-0.5624257851178582,4.388682387204132,1.4751169082327338,0.056798069187449694,0.05720032180209169,0.04875301689460978,0.03901850362027359,0.029364440868865693,0.03354786806114245,0.01053901850362029,0.014561544650040248,0.018342719227675008,0.0007240547063555924,0.002011263073209979,0.0012067578439259874
56,56,0.9356395816572808,0.9358126616226522,0.9282296937576441,0.9740491378690137,1.66769632747863,-0.15007265795405128,-0.10869208679680983,3.886190090240519,1.3777318142025292,0.07329042638777153,0.06323411102172163,0.04432823813354787,0.049557522123893784,0.04432823813354787,0.036524537409493206,0.029203539823008894,0.008205953338696715,0.007079646017699126,-0.0003218020917135966,0.0033789219629927645,0.0007240547063555924
57,57,0.9211584875301689,0.9211584875301689,0.9102698959898641,0.9675329267214708,1.434003963188997,-0.3218069443039999,-0.3036747424716458,4.012968103131746,1.8429013549375837,0.06427996781979081,0.04022526146419948,0.0565567176186645,0.0317779565567176,0.0367658889782783,0.03435237329042634,0.01641190667739343,0.008045052292839916,0.01625100563153663,0.0003218020917135966,-0.000482703137570395,0.0015285599356395841
58,58,0.9332260659694288,0.9329150056756748,0.9206658885966288,0.9749072412771962,1.6824720603035477,-0.10564590842658544,-0.2659389076339026,3.79459954683795,1.483111303332537,0.0650844730490748,0.047144006436041816,0.045856798069187424,0.05269509251810134,0.03716814159292038,0.032984714400643655,0.00764279967819792,0.007481898632341122,0.016492357200321828,0.0003218020917135966,-0.00096540627514079,0.002493966210780374
59,59,0.916331456154465,0.9164795775000288,0.9077512950352133,0.9681217624119668,1.2719222105590888,-0.3349767989372806,-0.26799011811240886,3.938396923352933,2.0818831505191113,0.04891391794046658,0.04304102976669344,0.0470635559131134,0.05776347546259049,0.06436041834271922,0.03596138374899431,0.029766693483507578,0.009251810136765903,0.011423974255832681,0.003539823008849563,0.0005631536604987942,0.0017699115044247816
60,60,0.9267900241351569,0.9268098862068312,0.9194707005131839,0.9727663927399905,1.4650537532912082,-0.3622964033101872,-0.6145655560617133,4.260271231542962,2.007064339413491,0.0660498793242156,0.05510860820595331,0.049396621078036974,0.044006436041834227,0.05711987127916329,0.028077232502011308,0.018825422365245405,0.01246983105390187,0.015848753016894635,0.0004022526146419958,0.0006436041834271932,0.0014481094127111848
61,61,0.9364440868865648,0.9362269693000008,0.9252517315639369,0.971299691519702,2.0144984222586237,-0.3019299837969504,-0.7152795786765588,3.9270730579032915,1.6890381829673844,0.06540627514078841,0.04440868865647628,0.03781174577634759,0.04159292035398232,0.03515687851971042,0.02510056315366054,0.02687047465808532,0.009814963797264698,0.007964601769911516,-0.0004022526146419958,0.0008045052292839916,0.0003218020917135966
62,62,0.910699919549477,0.9109320270703098,0.9025293082725103,0.962484249888225,1.7544751223233948,-0.5054588087607933,-0.3739103013186268,4.320194013416371,1.5692244135603717,0.08125502815768301,0.05752212389380529,0.0376508447304907,0.026226870474658014,0.03877715205148828,0.038616251005631486,0.02236524537409488,0.007160096540627525,0.010699919549477088,-0.0029766693483507687,-0.0005631536604987942,-0.0028157683024939706
63,63,0.9259855189058729,0.9257282256440983,0.9146002663360426,0.9703615052578407,1.5339080849122615,-0.7131506200815042,-0.7016615159353303,4.378990954458344,2.1291040835227513,0.07087691069991955,0.06773934030571198,0.024456958970233346,0.037168141592920326,0.032984714400643635,0.03016894609814965,0.013596138374899458,0.013274336283185861,0.008045052292839916,-0.0001609010458567983,-0.0012872083668543865,-0.0006436041834271932
64,64,0.9308125502815768,0.9309008209015953,0.9223457993619284,0.976450431289141,1.3400832072471955,-0.32786290141619984,-0.1904928687873328,3.7703659784367227,2.0217507749645636,0.06934835076427996,0.04545454545454543,0.06387771520514882,0.040788415124698316,0.04497184231697504,0.05261464199517294,0.022606596942880162,0.00772325020112632,0.013998390989541453,-0.0002413515687851975,0.0003218020917135966,0.0005631536604987942
65,65,0.917940466613033,0.9176391895416971,0.9045454545454545,0.9703668261562999,1.702019004697504,-0.08933419145881993,-0.13927405461938414,4.158872907860946,1.090030110255586,0.06251005631536603,0.05044247787610616,0.04505229283990342,0.03314561544650034,0.027514078841512433,0.024698310539018498,0.01625100563153663,0.0028157683024939706,0.009975864843121495,-0.0001609010458567983,0.00096540627514079,-0.000482703137570395
66,66,0.914722445695897,0.9141852992193694,0.8960750498052392,0.9658559067526986,1.4680137580424601,-0.21678992684966247,-0.44695797672249804,4.001168404715049,1.8367008605355237,0.053982300884955724,0.053338696701528535,0.03411102172164114,0.03483507642799673,0.04465004022526142,0.03234111021721635,0.016251005631536607,0.01230893000804507,0.01150442477876108,-0.0023330651649235757,0.0012067578439259874,8.045052292839915e-05
67,67,0.9243765084473049,0.9244630636169596,0.9167504666793811,0.9689650987395322,1.7346703051349792,-0.3457089940926229,-0.31954264267635135,3.7080818136524827,1.915571722066938,0.07683024939662109,0.06138374899436845,0.04778761061946899,0.03740949316170551,0.05720032180209169,0.03966210780370068,0.025261464199517324,0.010136765888978294,0.011826226870474677,0.002493966210780374,0.0033789219629927645,0.0008045052292839916
68,68,0.9316170555108608,0.9313376719426383,0.919108348921639,0.9730686526459327,1.2849828144066344,-0.3413234925259686,-0.6362763119085777,4.536643579861392,1.7000393638664475,0.061544650040225246,0.06347546259050682,0.03515687851971039,0.04175382139983909,0.04038616251005631,0.051086082059533355,0.014883346741753845,0.01255028157683027,0.019790828640386192,0.0033789219629927645,0.002493966210780374,0.0039420756234915585
69,69,0.9227674979887369,0.9225340267765882,0.9106619436012697,0.9675950598975831,1.3852001045338491,0.05864926743538454,-0.0501494851341088,4.209901320391933,0.9744537306184584,0.06983105390185036,0.048028962188254185,0.04416733708769103,0.04223652453740945,0.031536604987932405,0.027916331456154464,0.020032180209171378,0.012148028962188273,0.013274336283185861,0.0005631536604987942,0.002574416733708773,-0.0001609010458567983
70,70,0.909895414320193,0.9095071460632471,0.8949441786283892,0.9600985935914166,1.6266144017946194,-0.4311029068102146,-0.07574337011128236,4.048879994061234,1.5926823784058588,0.06001609010458566,0.04392598551890583,0.03684633950120671,0.029042638777151984,0.04304102976669344,0.021560740144810873,0.017779565567176157,0.009814963797264698,0.013354786806114249,0.0012872083668543865,0.002413515687851975,0.0012067578439259874
71,71,0.9227674979887369,0.9223255141436917,0.909568614033587,0.9677387163915263,1.8860808347728915,-0.6388913630212585,-0.5189390549858063,4.268118240015243,1.7304632598435248,0.06452131938857601,0.04875301689460978,0.032180209171359574,0.03459372485921155,0.02365245374094934,0.0320193081255028,0.013596138374899458,0.00860820595333871,0.012630732099758669,-0.0017699115044247816,0.0008045052292839916,0.0004022526146419958
72,72,0.919549477071601,0.9194963221423598,0.9071871293001186,0.9619988137603797,1.177290369366915,0.10677358084277296,-0.09625862393355392,3.575459629965786,1.861725933141075,0.07932421560740147,0.04835076427996778,0.0370876910699919,0.056798069187449694,0.04135156878519706,0.04223652453740945,0.02308930008045055,0.00860820595333871,0.010860820595333887,0.0026548672566371724,0.0015285599356395841,0.003459372485921164
73,73,0.9340305711987128,0.9340759559318895,0.9242012175353913,0.9733529051547134,1.7052177688424321,-0.8938864515865952,-0.6041567147226312,4.919459855763393,1.6651282165405483,0.066130329847144,0.06009654062751406,0.0365245374094932,0.029364440868865693,0.030249396621078083,0.033628318584070824,0.01995172968624299,0.013676588897827857,0.013596138374899458,-0.0002413515687851975,0.004424778761061954,0.0023330651649235757
74,74,0.918744971842317,0.9180956789875528,0.9029708090932989,0.9696147120341057,1.3507146551454885,-0.1088280144264802,-0.2639586434429648,4.061828255584226,1.560513138158947,0.05430410297666932,0.056476267095736096,0.039742558326629075,0.031214802896218787,0.038616251005631486,0.024215607401448104,0.014159292035398252,0.012148028962188273,0.015607401448109437,-0.0012872083668543865,-0.0003218020917135966,0.0018503620273531806
75,75,0.9219629927594529,0.9211679882327592,0.9042797446847592,0.9715181154428985,1.9002351717349648,0.14814853542988074,-0.2611673807616555,3.7912797795774256,0.9727075223410306,0.05921158487530167,0.055671761866452105,0.03322606596942877,0.024698310539018508,0.030732099758648424,0.028559935639581667,0.006757843925985529,0.005711987127916341,0.012228479485116673,-0.002574416733708773,-0.002011263073209979,-0.003539823008849563
76,76,0.9235720032180209,0.9233124656577602,0.9109050902241652,0.9781154078690355,1.8033020050141662,0.03894593294371466,-0.4302518122647436,3.6999886188564703,1.446725779255095,0.05116653258246175,0.05559131134352371,0.028801287208366867,0.026548672566371712,0.03660498793242152,0.030088495575221242,0.027353177795655693,0.01238938053097347,0.011021721641190686,0.000482703137570395,8.045052292839915e-05,0.001045856798069189
77,77,0.9219629927594529,0.9222991100435406,0.9141136478092999,0.9732937240701215,0.9356886497732095,-0.15425379039076687,-0.22823110034181068,4.400957291887033,1.6624586038132845,0.06629123089300079,0.05711987127916329,0.05752212389380529,0.03925985518905868,0.04593724859211581,0.033226065969428766,0.028077232502011263,0.01246983105390187,0.016009654062751434,0.0006436041834271932,0.002493966210780374,0.0016894609814963823
78,78,0.913917940466613,0.9137182985225362,0.9040213555232328,0.9636595293666633,1.4187450517903177,0.24079015963738543,-0.4480606978314931,4.1552683022871,1.243563344295177,0.09340305711987126,0.051327433628318556,0.037570394207562294,0.03451327433628313,0.03282381335478675,0.046339501206757804,0.01802091713596139,0.012067578439259874,0.011906677393403075,0.002172164119066777,0.0003218020917135966,0.0008849557522123908
79,79,0.9243765084473049,0.9243293970157999,0.9138523702163792,0.9704476912716306,1.2994392600733755,-0.5037181922152987,-0.5636079441115521,4.159935686430065,2.27698233894568,0.07868061142397427,0.05583266291230891,0.04111021721641186,0.05189058728881735,0.05116653258246175,0.03813354786806111,0.029847144006436056,0.02091713596138378,0.02011263073209979,0.0018503620273531806,0.0014481094127111848,0.002091713596138378
80,80,0.9219629927594529,0.9218911506515619,0.9111540593366201,0.9673677761895038,1.441356571604432,-0.8070302033301435,-0.3460186405513396,4.443293625815108,2.007576893736041,0.06082059533386965,0.041512469831053854,0.042558326629123046,0.022526146419951765,0.026548672566371702,0.04102976669348346,0.012791633145615466,0.012067578439259874,0.011745776347546278,0.0,0.0003218020917135966,0.0004022526146419958
81,81,0.916331456154465,0.9163814337314352,0.9065493859495954,0.9633752400907981,1.4339011472489647,-0.07867698368158081,-0.3998645974188525,3.9171791337293245,1.8222248792749212,0.061866452131938844,0.04392598551890583,0.04553499597747381,0.042638777152051444,0.03821399839098949,0.04279967819790824,0.03443282381335474,0.008527755430410311,0.013757039420756257,0.0012872083668543865,0.0004022526146419958,-0.0012872083668543865
82,82,0.9203539823008849,0.9199701399950865,0.9077167621817352,0.9691671656259802,1.4821178701521929,0.0725188103958388,-0.3472399225973635,4.189060477858749,1.1654434376976754,0.05583266291230891,0.05164923572003215,0.03572003218020912,0.02719227674979887,0.034915526950925126,0.03330651649235716,0.02011263073209977,0.015848753016894635,0.011745776347546278,0.0007240547063555924,0.0027353177795655715,0.002172164119066777
83,83,0.909895414320193,0.9092056718009788,0.8918308452511599,0.9636920003948416,0.7854564092424736,-0.054074905062164946,-0.7266593660968961,4.499859914782424,2.017910683647379,0.06347546259050682,0.055028157683024916,0.04465004022526142,0.029766693483507578,0.04328238133547864,0.024698310539018442,0.01415929203539822,0.011665325824617856,0.008045052292839916,0.0008045052292839916,-0.0006436041834271932,-0.0014481094127111848
84,84,0.9300080450522928,0.9300886652163517,0.9175934741215164,0.9726779841242364,1.6137044887880934,-0.37862274630849013,-0.7310789869778488,3.8926279149385965,2.1901850751479652,0.07642799678197909,0.05494770716009652,0.052855993563958134,0.03925985518905871,0.05543041029766691,0.04014481094127111,0.02461786001609014,0.012872083668543866,0.020756234915526982,0.0018503620273531806,0.002011263073209979,0.006757843925985529
85,85,0.917940466613033,0.9180753194461541,0.9107056757129082,0.9698994351839096,0.5597793082527844,-0.37937728033696994,-0.22322324975085894,4.699267122522165,1.9712969582103308,0.05430410297666932,0.04271922767497984,0.032180209171359574,0.037731295253419096,0.033226065969428745,0.028640386162510013,0.009332260659694303,0.00764279967819792,0.0059533386967015375,-0.004344328238133554,-0.004344328238133554,-0.003539823008849563
86,86,0.917135961383749,0.9171108362992447,0.9064381158837549,0.9681386689043898,1.5381988810357488,0.018213107838078314,-0.3802304441105357,3.6949641629626933,1.7591804656055317,0.0563958165728077,0.04987932421560737,0.042638777152051444,0.05728077232502009,0.037489943684633896,0.03547868061142392,0.025663716814159264,0.0074014481094127225,0.011343523732904282,-0.0008045052292839916,-0.0001609010458567983,0.0
87,87,0.9219629927594529,0.9215079617073743,0.9051747116768648,0.9683866343642082,1.6184801614528115,-0.18214754611974165,-0.42423861886903463,3.98898068814127,1.6394301413195747,0.066130329847144,0.04875301689460978,0.041512469831053854,0.036122284794851134,0.025422365245374112,0.0312952534191472,0.01721641190667742,0.006275140788415135,0.008769106999195508,-0.0016090104585679832,-0.001045856798069189,0.0002413515687851975
88,88,0.9227674979887369,0.9226712703839608,0.9115285186224967,0.974461327905671,0.9780306302566648,-0.2619459471005411,-0.5837769746524536,4.455413972940968,1.9663221327945373,0.06065969428801286,0.049396621078036974,0.035156878519710354,0.050201126307320966,0.034111021721641176,0.03942075623491548,0.02292839903459375,0.007884151246983117,0.01343523732904266,0.0004022526146419958,-0.004183427192276756,-0.004022526146419958
89,89,0.9219629927594529,0.9221236789539589,0.9143821663465457,0.9692654676677726,1.7142487338858576,-0.27651798623047497,-0.3984511759973403,4.156828382553065,1.4349633097193553,0.07731295253419149,0.052775543041029736,0.03563958165728074,0.046339501206757804,0.045374094931617016,0.03161705551086082,0.024698310539018543,0.009090909090909104,0.014481094127111849,0.0008849557522123908,0.0015285599356395841,0.0037007240547063613
90,90,0.9300080450522928,0.9297254673878466,0.9175338340619477,0.9700580178588039,1.8277206810258382,-0.24307802657793973,-0.5383826064602218,3.710010821445473,1.86570285902751,0.061625100563153644,0.04786806114239739,0.036685438455349974,0.0405470635559131,0.04400643604183424,0.04633950120675782,0.030168946098149674,0.007803700724054718,0.006999195494770727,0.0041029766693483575,-0.0004022526146419958,0.0017699115044247816
91,91,0.9340305711987128,0.9334871269084883,0.9154458310725266,0.9746427925483813,1.0204043810121353,-0.20356626196648162,-0.7209181262312804,4.320159542448258,2.0999135502777397,0.07015285599356395,0.05390185036202734,0.04778761061946899,0.03177795655671767,0.053338696701528535,0.03588093322606599,0.017538213998391016,0.009734513274336299,0.012228479485116673,0.0001609010458567983,-0.0005631536604987942,0.002413515687851975
92,92,0.9283990345937249,0.9285190318319367,0.9190208845282297,0.9709541831835603,1.859587835207601,-0.1982009213360342,-0.6113427613210085,4.15038777633743,1.4424627789016335,0.08149637972646824,0.06516492357200321,0.04400643604183424,0.03845534995977473,0.04489139179404663,0.044569589702333025,0.022445695897023367,0.016894609814963824,0.012148028962188273,0.0014481094127111848,0.0012872083668543865,0.002574416733708773
93,93,0.9292035398230089,0.929241347027338,0.9225686425455478,0.9732899951529667,1.6357921404122164,-0.523740795078536,-0.474119209426553,4.438425040570403,1.5844582684381616,0.06934835076427996,0.055028157683024916,0.046259050683829406,0.044730490748189834,0.03113435237329044,0.03563958165728078,0.025341914722445735,0.007562349155269521,0.017699115044247815,0.0007240547063555924,-0.00096540627514079,0.0
94,94,0.919549477071601,0.9194975497430538,0.907679757844676,0.9681876113713874,1.4912757893539939,-0.22641224947732963,-0.16082908095058285,3.996799638190347,1.5074164109026635,0.06411906677393402,0.0563153660498793,0.0376508447304907,0.03362831858407075,0.02091713596138377,0.026387771520514892,0.022204344328238156,0.010217216411906694,0.007320997586484324,0.0001609010458567983,8.045052292839915e-05,0.0003218020917135966
95,95,0.915526950925181,0.9155507498271652,0.9064274413922049,0.9733438803394218,1.493952232941992,-0.4943906600441338,-0.4374232696376115,4.281504385892583,1.8483784060610564,0.07369267900241352,0.05189058728881735,0.03378921962992755,0.025824617860016042,0.05454545454545452,0.030490748189863182,0.010780370072405487,0.005631536604987941,0.008930008045052307,0.0002413515687851975,-0.0006436041834271932,-0.0007240547063555924
96,96,0.9267900241351569,0.9266659054188258,0.9141328879122973,0.9730901382115273,1.2706940426883733,-0.4901249259713818,-0.5797924073459092,4.247365381534584,2.2176278668753397,0.06862429605792437,0.05543041029766691,0.049959774738535766,0.039662107803700684,0.04843121480289618,0.038374899436846285,0.022847948511665363,0.0059533386967015375,0.01150442477876108,-0.0007240547063555924,0.0015285599356395841,0.002493966210780374
97,97,0.9275945293644409,0.9274592092952243,0.9164768146927903,0.974004883576928,0.6979175745104689,0.07007043595935349,-0.3434679721873935,3.99390268538898,2.1123278745478653,0.08053097345132745,0.056154465004022505,0.06226870474658084,0.0464199517296862,0.056154465004022505,0.044730490748189834,0.02123893805309738,0.010217216411906694,0.011665325824617878,0.00474658085277555,0.00193081255028158,0.0017699115044247816
98,98,0.9235720032180209,0.9234982236701024,0.9120598721235157,0.9695866112731666,1.508901127466006,-0.31216509498007955,-0.5041179560355746,3.8903143920624728,1.9903928523495944,0.06540627514078841,0.038213998390989504,0.0469026548672566,0.042638777152051444,0.04593724859211581,0.02864038616251008,0.025422365245374133,0.006436041834271933,0.012872083668543866,-0.001045856798069189,-0.0012872083668543865,-0.0026548672566371724
99,99,0.9316170555108608,0.9317194828747166,0.9244654161439949,0.9725896321362932,0.7174312545673522,0.2430499953744595,-0.38031829363645614,4.559389725898331,1.331010992875453,0.07119871279163315,0.06669348350764279,0.03169750603378927,0.04585679806918743,0.046661303298471415,0.04247787610619469,0.018744971842317004,0.016814159292035426,0.011987127916331474,-0.0005631536604987942,0.0004022526146419958,-0.0012872083668543865
100,100,0.916331456154465,0.9154875215340136,0.8976705298967883,0.965672029060716,1.7348698446899002,-0.1402655954561118,-0.2776620815989559,3.7348201534243572,1.5934802017591683,0.05374094931617053,0.037731295253419096,0.03435237329042633,0.03250201126307315,0.03145615446500396,0.02268704746580852,0.020193081255028167,0.012148028962188273,0.011423974255832681,0.0003218020917135966,-0.001045856798069189,0.000482703137570395
101,101,0.9211584875301689,0.9208980283768867,0.9069466243406223,0.9677480262924981,1.0257676012385384,-0.38526805170450623,-0.40786831191821443,4.388840309635822,2.041973760710804,0.07441673370876911,0.05446500402252612,0.03032984714400643,0.05092518101367656,0.05977473853580047,0.025020112630732106,0.011343523732904282,0.007481898632341122,0.011182622687047483,-0.001045856798069189,-0.0023330651649235757,0.002574416733708773
102,102,0.917940466613033,0.917787103867921,0.9055851529914829,0.9676784316474478,1.1173551255741134,-0.2377709330948945,-0.23637264610933806,3.797675213658751,2.153607891694642,0.06886564762670958,0.04609814963797261,0.03716814159292031,0.03507642799678192,0.05744167337087689,0.03547868061142392,0.01882542236524539,0.010860820595333887,0.00764279967819792,-0.0005631536604987942,0.003620273531777962,0.0008045052292839916
103,103,0.917940466613033,0.9174956874648281,0.8978468972688626,0.9680704651802918,1.8924369543124357,-0.6801967273892418,-0.02822981709571876,4.365797961499322,1.2590889227752884,0.050844730490748155,0.04279967819790824,0.030088495575221186,0.02646822204344327,0.02534191472244568,0.025100563153660483,0.008366854384553512,0.01061946902654869,0.014883346741753845,0.002011263073209979,0.0004022526146419958,0.0006436041834271932
104,104,0.9275945293644409,0.9277903717229188,0.9188144639362175,0.9741874091951538,1.7860573823280042,-0.2948751166197746,-0.12383489204825285,3.989765103955275,1.3255788006911249,0.06411906677393402,0.05301689460981494,0.021882542236524572,0.03153660498793245,0.03411102172164121,0.04408688656476264,0.01045856798069189,0.011021721641190686,0.0095736122284795,-0.00096540627514079,-0.0015285599356395841,-0.0016090104585679832
105,105,0.914722445695897,0.9146683664633795,0.9025604551920341,0.961040640466478,1.69272057870349,-0.10651744497833646,-0.22421364841613955,4.259369040826326,1.058758250932107,0.053660498793242126,0.051086082059533355,0.04078841512469826,0.032984714400643544,0.035076427996781935,0.018905872888173803,0.011343523732904282,0.012952534191472265,0.014159292035398252,0.0018503620273531806,0.000482703137570395,0.0017699115044247816
106,106,0.9340305711987128,0.9337325083328509,0.9210552513688401,0.9749597399935583,1.773615024427841,-0.4748285152659702,-0.5891474227831373,3.6493110948745153,2.275901330967265,0.08028962188254225,0.0489139179404666,0.040064360418342736,0.029686242960579277,0.057039420756234895,0.029203539823008894,0.032099758648431266,0.011665325824617878,0.01544650040225264,0.002091713596138378,0.002011263073209979,0.0012067578439259874
107,107,0.9227674979887369,0.922675789970195,0.9124215075190583,0.9747028292049957,1.2291791155313514,-0.7241072490593683,-0.33486155802361556,4.075418140035166,2.4922121251674416,0.06065969428801286,0.046500402252614606,0.038777152051488295,0.05888978278358807,0.059050683829444874,0.03604183427192272,0.04030571198712787,0.006436041834271933,0.011906677393403075,0.0008849557522123908,0.0026548672566371724,0.00096540627514079
108,108,0.9275945293644409,0.9270864600980554,0.9121360803646172,0.9717816947260719,1.8216350540295034,-0.5698996129455269,-0.5052591229637923,3.879924523253958,2.0468561722481273,0.06822204344328238,0.06347546259050682,0.03467417538213998,0.03209975864843123,0.04400643604183424,0.03628318584070794,0.01440064360418345,0.01255028157683027,0.01255028157683027,-0.00096540627514079,0.0008045052292839916,-8.045052292839915e-05
109,109,0.9292035398230089,0.9286551872335486,0.9132064489843432,0.9725627146266225,1.840574283938189,-0.26614024317018536,-0.6039405944877202,3.764242524993373,1.8557848455870085,0.07160096540627514,0.05374094931617053,0.03314561544650043,0.03829444891391792,0.021721641190667773,0.03089300080450528,0.028399034593724903,0.01432019308125505,0.01150442477876108,0.0016090104585679832,0.0016894609814963823,0.0023330651649235757
110,110,0.9203539823008849,0.9202212730040555,0.9071233689205219,0.9629329774614472,1.4877929630622655,-0.3722311806586132,-0.27667503653183734,4.046459008251895,1.8328123065436495,0.06532582461786,0.05687851971037809,0.04247787610619465,0.03218020917135955,0.02904263877715202,0.022526146419951754,0.024296057924376512,0.01255028157683027,0.009251810136765903,-0.0005631536604987942,-0.0008849557522123908,0.0
111,111,0.9275945293644409,0.9275945293644409,0.9181111468977835,0.9713729394196704,1.5405858743079124,-0.43738098461129243,-0.336110332689048,3.9708947372415033,1.9460004280191467,0.06983105390185036,0.06516492357200321,0.04577634754625901,0.040627514078841506,0.04818986323411099,0.027192276749798905,0.014641995172968648,0.014481094127111849,0.013837489943684656,0.0001609010458567983,-8.045052292839915e-05,0.0022526146419951766
112,112,0.9251810136765889,0.9249731352670785,0.9131918980268902,0.9697049065828532,1.6187324935106722,-0.348418282000298,-0.13454114202257772,3.9874055783589166,1.5225848906951107,0.07135961383748994,0.061544650040225246,0.03362831858407077,0.030812550281576846,0.05349959774738533,0.0377312952534191,0.026387771520514924,0.011102172164119083,0.012228479485116673,0.0016090104585679832,0.0006436041834271932,0.00193081255028158
113,113,0.9227674979887369,0.9224082156319927,0.9076357582721942,0.9702613512478269,0.8167501103941543,-0.41371465694879767,-0.10890227044490179,4.066104335638117,2.311207566076734,0.058728881737731276,0.0379726468222043,0.03821399839098949,0.043201930812550235,0.03201930812550281,0.026226870474658093,0.026870474658085296,0.0061142397425583365,0.0096540627514079,-0.0006436041834271932,-0.0007240547063555924,-0.0014481094127111848
114,114,0.9219629927594529,0.9216365506193644,0.9077167452346793,0.970474043275847,1.150070182910575,-0.3768330337303878,-0.3539485283478133,3.881344345946073,2.3269179828552478,0.06967015285599357,0.0563958165728077,0.03917940466613029,0.0466613032984714,0.044006436041834227,0.0329847144006436,0.02349155269509253,0.009412711182622702,0.009010458567980707,-0.0002413515687851975,-0.0018503620273531806,-0.0004022526146419958
115,115,0.9275945293644409,0.9275085530970579,0.917821848135876,0.9736919850777395,1.2886427868420303,-0.2919211901979322,-0.3154936786965471,3.782507974121385,2.206611083683035,0.0753821399839099,0.04561544650040221,0.04497184231697503,0.0333065164923572,0.05148833467417535,0.036926790024135146,0.025341914722445725,0.008688656476267109,0.018584070796460204,0.001045856798069189,0.0027353177795655715,0.002493966210780374
116,116,0.9356395816572808,0.9355525406090683,0.9246446457175864,0.9748468120835343,1.5210664573291934,-0.6839068809968217,-0.40267912080541873,4.149338073511808,2.138664134990936,0.06315366049879323,0.06468222043443281,0.03934030571198717,0.055349959774738514,0.05261464199517295,0.037972646822204394,0.017377312952534217,0.01536604987932424,0.010217216411906694,0.00193081255028158,0.0002413515687851975,0.0014481094127111848
117,117,0.9243765084473049,0.9241754814143648,0.9110023603741104,0.9733496607331948,1.4618361574585998,-0.1997661726935396,-0.3555515859697838,4.24133423034151,1.5195093419498544,0.062429605792437635,0.0470635559131134,0.029927594529364453,0.03129525341914722,0.0390989541432019,0.03950120675784389,0.028559935639581667,0.005872888173773139,0.011102172164119083,0.000482703137570395,-0.0018503620273531806,0.002574416733708773
118,118,0.9219629927594529,0.9218205297770315,0.9068184298603027,0.9665581344586727,0.894958212503603,-0.25823322247914443,-0.11614906170451578,4.154903367979617,2.000586684878208,0.0668543845534996,0.05880933226065967,0.042638777152051444,0.04754625905068379,0.04296057924376504,0.04183427192276745,0.025100563153660528,0.010860820595333887,0.01045856798069189,0.0015285599356395841,-0.0003218020917135966,0.002413515687851975
119,119,0.9267900241351569,0.9265853989298681,0.9148849379090109,0.9723955874897292,1.688109609512563,-0.08247772718926605,-0.5551920140499954,3.8299039472911915,1.700564737349283,0.0749798873692679,0.060740144810941255,0.04239742558326626,0.038696701528559904,0.03716814159292031,0.033386967015285596,0.028962188254223663,0.013274336283185861,0.015768302493966234,0.0008849557522123908,-0.0006436041834271932,0.0029766693483507687
120,120,0.917940466613033,0.9182115567521634,0.9086443890393595,0.9659766939905413,1.9204450091429897,-0.08733846909978565,-0.37678029702853233,3.9407961083506455,1.2998940881000638,0.06283185840707964,0.05245374094931614,0.048270313757039385,0.031053901850361987,0.028479485116653224,0.034674175382139925,0.015124698310539041,0.006436041834271933,0.009975864843121495,-0.0023330651649235757,0.0003218020917135966,0.00096540627514079
121,121,0.9348350764279968,0.9344848533338275,0.9216401839241022,0.9711367207962284,1.5238204585641724,-0.4366123246355517,-0.48234203281653015,4.317072427165533,1.7172276013347614,0.06725663716814159,0.05486725663716813,0.036846339501206804,0.04279967819790829,0.04312148028962189,0.03145615446500407,0.021480289621882576,0.008447304907481912,0.014561544650040248,-0.0016894609814963823,0.0007240547063555924,-0.0008849557522123908
122,122,0.917940466613033,0.9176463677947078,0.9050588520530389,0.9688190912711928,1.4885920041750873,-0.11875540254332913,-0.1515618472175076,4.216742986274772,1.2555131742125656,0.06468222043443281,0.05358004827031373,0.036041834271922715,0.03266291230892997,0.03177795655671757,0.041753821399839054,0.015929203539823033,0.011584875301689479,0.010860820595333887,0.0012067578439259874,0.0001609010458567983,0.0029766693483507687
123,123,0.915526950925181,0.9153110534157383,0.8987179487179486,0.9673114764023856,2.09957453767177,-0.8784089748519615,-0.5013828264852732,4.011175509938977,2.0205178914097,0.07256637168141593,0.05148833467417535,0.043443282381335435,0.03065164923571999,0.037489943684633896,0.03057119871279157,0.019549477071600964,0.010860820595333887,0.008286403861625113,-0.0008045052292839916,-0.0002413515687851975,-0.0001609010458567983
124,124,0.9074818986323411,0.9067419955003583,0.8888274368398743,0.9572090511610083,1.8097995187490268,0.2784863770281435,-0.4362141289278145,3.440214252284899,1.4997440756500868,0.05977473853580047,0.039742558326629075,0.03789219629927589,0.04360418342719223,0.031858407079645955,0.030008045052292775,0.018744971842316917,0.011021721641190673,0.01214802896218824,0.0002413515687851975,0.002172164119066777,0.0028962188254223697
125,125,0.917940466613033,0.9174553370762389,0.9014705106330583,0.9694757641319708,1.4326819651808311,-0.5072697365946032,-0.4865482134215008,4.618919841088616,1.6402775192482273,0.06033789219629926,0.05526950925181011,0.028479485116653214,0.03419147224456955,0.03958165728077227,0.02735317779565566,0.012791633145615466,0.007079646017699126,0.015044247787610644,0.0005631536604987942,0.002011263073209979,0.002413515687851975
126,126,0.9316170555108608,0.9315474944720379,0.9202413747868293,0.9728602435214004,1.8371010090650128,-0.6689606662928828,-0.45490298154282427,4.201814459207746,1.8726944492660296,0.08165728077232504,0.0565567176186645,0.04609814963797262,0.04899436846339498,0.03805309734513275,0.03708769106999199,0.017538213998391016,0.014561544650040248,0.020514883346741786,0.005470635559131143,0.005309734513274345,0.005470635559131143
127,127,0.9259855189058729,0.9256392047737609,0.9111639858860737,0.9717219934150746,1.1294280313792688,-0.4212321808253345,-0.6539161152834819,4.6525057624295565,1.9022070298141185,0.06894609814963797,0.055349959774738514,0.05068382944489136,0.04127111826226867,0.04424778761061944,0.029927594529364453,0.01842316975060341,0.014159292035398252,0.011263073209975882,0.0018503620273531806,0.002011263073209979,0.0002413515687851975
128,128,0.9300080450522928,0.9297603010966508,0.9173160249306667,0.9758520811712488,1.5048724399260551,-0.2423434884706178,-0.6367584586500362,4.134948447273028,1.8087769289089473,0.06781979082864038,0.05172968624296055,0.035398230088495596,0.022687047465808564,0.035478680611423966,0.04223652453740945,0.02180209171359617,0.011423974255832681,0.01713596138374902,-0.0012067578439259874,0.0018503620273531806,0.00096540627514079
129,129,0.9251810136765889,0.9248219998090702,0.9110003154463566,0.9677543724369984,1.6910933317227081,-0.0692657481751285,-0.45758994780885753,4.35112260930162,1.0492806583952563,0.06210780370072404,0.05213193885760255,0.04279967819790824,0.0382944489139179,0.019469026548672597,0.02389380530973455,0.02180209171359617,0.019388576025744196,0.018503620273531807,0.0041029766693483575,0.001045856798069189,0.004987932421560748
130,130,0.9211584875301689,0.9213632391819828,0.912106389937855,0.9671880110612231,1.0321936067945146,-0.4000086900449852,-0.4145457620268227,4.449426245487594,1.9827280038014208,0.05293644408688654,0.053660498793242126,0.042558326629123046,0.04577634754625901,0.05076427996781976,0.03596138374899431,0.020434432823813388,0.008527755430410311,0.009814963797264698,-0.0014481094127111848,0.0003218020917135966,0.0013676588897827858
131,131,0.9211584875301689,0.9206375692236046,0.904491565671668,0.9728852614729732,1.127496768646816,0.15416670797426815,-0.3484115463764669,4.129656442578925,1.5612549796858495,0.05776347546259049,0.042316975060337846,0.025824617860016108,0.03395012067578433,0.04489139179404662,0.03934030571198708,0.013193885760257462,0.008205953338696715,0.00860820595333871,-8.045052292839915e-05,-0.0007240547063555924,0.0014481094127111848
132,132,0.9267900241351569,0.9268627917945986,0.9168066050937587,0.976794040409454,1.7237606748351357,-0.11571683703018908,-0.37971849111809425,4.029836433959452,1.3328065808546252,0.07803700724054707,0.04818986323411099,0.03716814159292033,0.03660498793242155,0.031617055510860824,0.03113435237329045,0.013113435237329062,0.008447304907481912,0.01061946902654869,-0.00096540627514079,-0.0002413515687851975,-0.0039420756234915585
133,133,0.9292035398230089,0.9290414790798256,0.9192841070854572,0.9729559856729577,1.4827904795140823,0.01912861099736557,-0.421702401152933,3.866702973881104,1.6210780481853115,0.07329042638777153,0.04867256637168138,0.05374094931617053,0.041834271922767466,0.049316170555108584,0.036444086886564774,0.024456958970233346,0.01520514883346744,0.013193885760257462,0.0008045052292839916,0.0023330651649235757,0.0016090104585679832
134,134,0.9227674979887369,0.9227182306659358,0.9115787088534586,0.9658379975398884,1.6313637749625554,-0.9306561150605059,-0.6580915932245712,4.33576682875508,2.3891214834289913,0.0761061946902655,0.04561544650040221,0.0379726468222043,0.04022526146419947,0.04328238133547864,0.022204344328238156,0.016894609814963824,0.010378117457763491,0.011826226870474677,-0.0005631536604987942,-0.002493966210780374,-0.0002413515687851975
135,135,0.9316170555108608,0.9319759375917956,0.9273903964127046,0.9710454860063535,2.3380891283651923,-0.3833296157960434,-0.5003528505762267,3.8106507121889908,1.4403669062174493,0.06717618664521319,0.04891391794046658,0.03604183427192279,0.04513274336283183,0.032743362831858434,0.05301689460981494,0.0286403861625101,0.014159292035398252,0.019469026548672597,0.0022526146419951766,0.003459372485921164,0.005631536604987941
136,136,0.910699919549477,0.9106703326989349,0.8972416230148832,0.9615211013315278,1.7828171470863887,-0.34600310966680176,-0.2928127542870921,4.07545224151547,1.4798310504271517,0.07168141592920355,0.0566371681415929,0.024376508447304844,0.031214802896218762,0.037489943684633896,0.02791633145615441,0.021560740144810908,0.0096540627514079,0.009251810136765903,-0.0008849557522123908,-0.0002413515687851975,-0.0037007240547063613
137,137,0.916331456154465,0.9159292082223516,0.9022487458917142,0.9657469872571066,1.6815768707182541,-0.3302017865617046,-0.4477341723873767,4.21022848164715,1.5035971906418906,0.05913113435237327,0.052212389380530945,0.048511665325824585,0.036041834271922715,0.021560740144810953,0.037811745776347494,0.023089300080450514,0.006194690265486735,0.004666130329847151,0.0012872083668543865,0.00096540627514079,0.002011263073209979
138,138,0.9300080450522928,0.9300720954866821,0.9218618402582819,0.9731629000561484,1.5507150430831518,-0.3536235906120097,-0.21800269334444072,4.123797854585844,1.5964118423891285,0.07071600965406274,0.06653258246178599,0.03781174577634756,0.027111826226870517,0.033547868061142426,0.02461786001609014,0.016572807723250225,0.01842316975060341,0.008045052292839916,0.0013676588897827858,0.0005631536604987942,0.0030571198712791682
139,139,0.9243765084473049,0.924326542813818,0.9127164887307235,0.9715658362989325,1.7272463322380989,-0.6074253451596039,-0.39169118018042876,4.464158783843976,1.5118958357264047,0.07465808527755431,0.06106194690265485,0.03266291230892998,0.03748994368463392,0.045374094931617016,0.03684633950120671,0.01842316975060341,0.014883346741753845,0.014159292035398252,0.0028157683024939706,0.003459372485921164,0.003459372485921164
140,140,0.9267900241351569,0.9268534529171262,0.9190649771451715,0.9705577735346873,1.5491798393349536,-0.21712592091549862,-0.4983132912908354,4.2059020808479275,1.5424127978240245,0.06468222043443281,0.05543041029766691,0.03869670152855992,0.030249396621078062,0.05156878519710376,0.04070796460176988,0.018584070796460204,0.011665325824617878,0.01713596138374902,0.0012067578439259874,0.0014481094127111848,0.0008849557522123908
141,141,0.9243765084473049,0.9240853536765492,0.9107560097209615,0.9716159634585542,2.041576719184686,-0.8626850197750323,-0.7577449593709009,4.271622694096558,2.072084269511884,0.07240547063555913,0.05486725663716811,0.04384553499597743,0.02775543041029769,0.04923572003218017,0.02493966210780373,0.018825422365245405,0.009412711182622702,0.01528559935639584,0.0003218020917135966,0.0001609010458567983,-0.00096540627514079
142,142,0.9292035398230089,0.92887539769205,0.9172809172809173,0.9763434763434763,1.6651218089739341,-0.1705292562417343,-0.4828929959472626,4.136776349734669,1.4024968342619786,0.06910699919549476,0.06251005631536603,0.03443282381335481,0.034754625905068406,0.04714400643604181,0.03942075623491551,0.01230893000804507,0.010941271118262286,0.013193885760257462,-0.0013676588897827858,-0.002091713596138378,-0.0008045052292839916
143,143,0.9267900241351569,0.9270461249911554,0.9197508896797153,0.9699733096085409,1.0999523236124837,-0.9133894239232973,-0.5777549625925644,5.249238794424395,1.9008515898614005,0.08326629123089302,0.06234915526950924,0.032743362831858414,0.031295253419147254,0.06476267095736121,0.030571198712791625,0.020675784392598585,0.010780370072405487,0.013757039420756257,-0.0007240547063555924,0.0030571198712791682,-0.0002413515687851975
144,144,0.9243765084473049,0.9240564583273178,0.9115360831296127,0.9739902098467905,1.649566816780858,-0.11955161000599701,-0.4179035199051099,4.0941831420016035,1.4237420794973155,0.06210780370072404,0.050281576830249364,0.028881737731295244,0.029042638777152054,0.02864038616251008,0.0380530973451327,0.010941271118262286,0.014802896218825445,0.013837489943684656,-0.00193081255028158,-0.0014481094127111848,0.0016894609814963823
145,145,0.9292035398230089,0.9289959216616178,0.9184074573225516,0.9741055590112194,0.6760708005318745,-0.34522205475962664,-0.4583744245019276,4.664371110242785,2.023734047303397,0.06427996781979081,0.0468222043443282,0.04408688656476264,0.04698310539018501,0.039823008849557515,0.036926790024135146,0.023491552695092555,0.013676588897827857,0.01335478680611426,0.0023330651649235757,0.0002413515687851975,0.002091713596138378
146,146,0.9251810136765889,0.9249513718139554,0.9110775772352888,0.9651452528916775,1.8264485823643017,-0.44897284925787917,-0.3077484340894166,4.362862486582551,1.2413347344690822,0.06886564762670958,0.053982300884955724,0.0275945293644409,0.039501206757843875,0.028881737731295275,0.027996781979082907,0.03306516492357198,0.011745776347546278,0.014239742558326652,0.0008849557522123908,0.0029766693483507687,0.0013676588897827858
147,147,0.9308125502815768,0.9306328702605974,0.9188207355615587,0.9726386166875599,1.6631357802685862,-0.4009853269556844,-0.3465814962575128,4.111084633736767,1.5775451724660379,0.07071600965406274,0.06194690265486724,0.04392598551890585,0.03901850362027354,0.03604183427192278,0.023652453740949354,0.02477876106194694,0.011906677393403075,0.014078841512469853,0.0033789219629927645,0.0030571198712791682,0.0006436041834271932
148,148,0.919549477071601,0.9196551697811421,0.9089292616930809,0.9689809996729208,2.0105430597228136,0.2553986064339851,-0.2884459925899456,3.8303487748974883,0.8232703709055992,0.061786001609010446,0.04835076427996778,0.04127111826226866,0.050844730490748155,0.03218020917135957,0.024215607401448125,0.017538213998391016,0.009734513274336299,0.019147224456959,0.0012067578439259874,0.0008045052292839916,0.0012872083668543865
149,149,0.918744971842317,0.9181829015287712,0.9016001522560244,0.956428425028548,0.9266051134468739,-0.03126692444695585,-0.0962137936725408,4.055467914235729,1.7644612931840546,0.05205148833467414,0.04102976669348346,0.042316975060337846,0.03242156074014476,0.04424778761061943,0.04505229283990342,0.026387771520514868,0.01343523732904266,0.019790828640386192,0.0003218020917135966,0.002172164119066777,0.0011263073209975883
150,150,0.9251810136765889,0.9248807448628518,0.9122377642680045,0.9700326905545782,1.8695693339293442,-0.731225381775549,-0.5734466121218202,4.492999835645039,1.720421848478764,0.07851971037811747,0.06202735317779564,0.035156878519710354,0.03226065969428803,0.04054706355591307,0.019871279163314593,0.021882542236524572,0.014722445695897046,0.011584875301689479,0.0003218020917135966,8.045052292839915e-05,0.002493966210780374
151,151,0.9211584875301689,0.920802266056334,0.9064972330395573,0.969882587181214,1.4919818884035503,-0.4341204142983195,-0.3158462639490028,4.397943648866232,1.5011056611808284,0.07658889782783589,0.057843925985518886,0.035800482703137515,0.024215607401448146,0.045695897023330614,0.03081255028157679,0.019469026548672597,0.007562349155269521,0.007884151246983117,-0.0012067578439259874,-0.0004022526146419958,0.0008849557522123908
152,152,0.917940466613033,0.9178908539804513,0.9071561608753855,0.9701123333915371,1.588928471821092,-0.004060553322569278,-0.44625635109585604,4.421771169023258,1.038580429556404,0.08278358809332262,0.04553499597747381,0.03515687851971032,0.037811745776347494,0.03395012067578433,0.02349155269509252,0.015607401448109437,0.0028962188254223697,0.005229283990345945,-0.002172164119066777,-0.0011263073209975883,-0.002172164119066777
153,153,0.9324215607401448,0.9321613798811716,0.9198547711767634,0.9730623956899833,1.6750276439822256,-0.23516283979593433,-0.34492471497493316,3.8192981936515342,1.7142446672676885,0.09251810136765892,0.05221238938053095,0.06138374899436845,0.046983105390185,0.061544650040225246,0.042960579243765076,0.028157683024939706,0.014159292035398252,0.018342719227675008,0.005068382944489147,0.0030571198712791682,0.003620273531777962
154,154,0.913917940466613,0.9140075389094795,0.9009605485752816,0.9612649982239936,1.824190659025003,-0.37812269666608345,-0.6463053466776201,4.120539651559867,1.7424985508478419,0.06057924376508446,0.04867256637168138,0.03596138374899431,0.059855189058728865,0.04392598551890583,0.025502815768302455,0.020434432823813343,0.0095736122284795,0.009010458567980707,0.0027353177795655715,0.0018503620273531806,0.00193081255028158
155,155,0.9356395816572808,0.9354426685387606,0.9248567247896597,0.9731565836918843,0.9071238637577308,-0.8003814204950847,-0.5522304166652487,5.091304849128379,1.9332106955279957,0.07409493161705552,0.06854384553499597,0.03515687851971043,0.03314561544650045,0.04416733708769109,0.03604183427192281,0.017618664521319417,0.011906677393403075,0.013113435237329062,-0.0015285599356395841,0.0028962188254223697,0.0028962188254223697
156,156,0.9300080450522928,0.9296992151791996,0.9181090213250125,0.9668718143212601,1.575013914523363,-0.0286117216679078,-0.4587146133291873,4.026840097867215,1.4452972504021158,0.08728881737731298,0.05736122284794849,0.03789219629927595,0.03636363636363636,0.038857602574416714,0.051327433628318556,0.018905872888173803,0.013917940466613054,0.01520514883346744,0.005470635559131143,0.003459372485921164,0.0030571198712791682
157,157,0.9292035398230089,0.9293479874086149,0.9199881728564052,0.9678595871906631,1.9242970408067848,-0.8792244779322473,-0.3052286786562212,4.308010414452986,1.813656772404567,0.07184231697506034,0.05856798069187448,0.038374899436846334,0.04810941271118259,0.04786806114239739,0.03089300080450528,0.017618664521319417,0.015607401448109437,0.012630732099758669,0.0023330651649235757,0.004585679806918752,0.0030571198712791682
158,158,0.915526950925181,0.9155528733352449,0.904888697828935,0.9691330947033502,1.7794389811443123,0.05379276999796707,-0.3977558063694523,3.952992292583974,1.291255300476042,0.05993563958165726,0.046580852775543004,0.029444891391793994,0.02703137570394204,0.02799678197908282,0.03266291230892996,0.01520514883346743,0.004987932421560748,0.00772325020112632,-0.00096540627514079,-0.0008045052292839916,-0.0016090104585679832
159,159,0.9251810136765889,0.925007490796382,0.9122461414686378,0.971613395566756,1.9847603632003743,-0.23764651808938833,-0.5169109362790346,4.0710315118410305,1.3152761857522508,0.05374094931617053,0.05969428801287206,0.030651649235720023,0.029364440868865648,0.02325020112630736,0.01818181818181821,0.009332260659694303,0.013193885760257462,0.01150442477876108,-0.0005631536604987942,-0.0007240547063555924,-0.0012872083668543865
160,160,0.9308125502815768,0.9305799740781091,0.917584305270079,0.9761700262408113,1.5998080179965075,-0.07697432943291804,-0.474139781694668,4.2704862795733876,1.2582800977954458,0.06942880128720837,0.05349959774738533,0.032582461786001646,0.04207562349155266,0.028238133547868104,0.03049074818986327,0.021641190667739375,0.0094931617055511,0.014641995172968648,0.0001609010458567983,-0.0003218020917135966,-0.0017699115044247816
161,161,0.9219629927594529,0.9219386128655387,0.9113208210937362,0.9681272097236636,1.556024532578738,-0.07865616703378554,-0.5491419642544317,4.0885032618205805,1.623353358827634,0.07401448109412712,0.05092518101367656,0.03893805309734509,0.059855189058728865,0.06170555108608204,0.04786806114239739,0.02180209171359617,0.011343523732904282,0.010217216411906694,0.0005631536604987942,0.0013676588897827858,0.0023330651649235757
162,162,0.917135961383749,0.9169029700264438,0.9038901368184603,0.9655036611336387,1.884915627539386,-0.2461998468753607,-0.5980752446298595,3.776376598401618,1.7983474637705825,0.07039420756234915,0.057602574416733686,0.04465004022526142,0.04899436846339498,0.031053901850361977,0.038374899436846285,0.018664521319388595,0.013998390989541453,0.012791633145615466,0.0008849557522123908,-0.0002413515687851975,0.002011263073209979
163,163,0.9227674979887369,0.9226654405245935,0.910339945859816,0.9673263397326162,1.8700390946036172,-0.3791578822766292,-0.2274318696310095,4.205900289460326,1.279202898925159,0.05382139983909893,0.04424778761061943,0.02815768302493966,0.020675784392598585,0.04786806114239739,0.03201930812550281,0.019388576025744196,0.01045856798069189,0.01641190667739343,0.0012872083668543865,0.0008045052292839916,8.045052292839915e-05
164,164,0.9283990345937249,0.9285491810588593,0.9213618520206092,0.9730030493147804,1.646141940928579,0.25928953015630063,-0.1386101906708067,3.2309543065626256,1.4873576039985024,0.10394207562349159,0.05044247787610616,0.06017699115044246,0.04835076427996778,0.04561544650040221,0.04424778761061944,0.02695092518101372,0.014963797264682244,0.016492357200321828,0.0026548672566371724,0.00386162510056316,0.005551086082059542
165,165,0.9203539823008849,0.9201605501485283,0.905650421816051,0.9694265573711682,1.9276884682016657,-0.49634608895038823,-0.19948342850548473,3.981504510268303,1.5073507553463155,0.056717618664521297,0.05253419147224454,0.04835076427996778,0.03161705551086078,0.03507642799678192,0.03459372485921153,0.01713596138374902,0.008688656476267109,0.008769106999195508,0.001045856798069189,-8.045052292839915e-05,0.001045856798069189
166,166,0.9227674979887369,0.9222892186523571,0.907866111207545,0.9677891569750622,1.7681653668686637,-0.825159657484065,-0.7771892865088705,4.31610735512683,2.2471218481828603,0.07449718423169752,0.04891391794046658,0.036846339501206714,0.03338696701528558,0.03563958165728072,0.04006436041834267,0.012952534191472265,0.006275140788415135,0.008366854384553512,-0.0008045052292839916,-0.0001609010458567983,-0.0011263073209975883
167,167,0.9219629927594529,0.9218826931620273,0.9088686002642703,0.9724309877849726,1.093676696789061,-0.1013473982359699,-0.732586550195617,4.353814238622118,1.9034586142594316,0.07216411906677393,0.04553499597747381,0.054143201930812526,0.04247787610619465,0.05293644408688654,0.04191472244569585,0.02276749798873695,0.008366854384553512,0.014078841512469853,0.0,0.00096540627514079,-0.000482703137570395
168,168,0.913113435237329,0.9125144769851713,0.8963421345320574,0.9660252102787497,1.0021338320317608,-0.3081876057883524,-0.2090821587442977,4.643972839940827,1.5754579153050625,0.06106194690265485,0.052775543041029736,0.018181818181818188,0.03499597747385352,0.029042638777151984,0.019871279163314527,0.01609010458567981,0.0011263073209975883,0.0053901850362027435,-0.0026548672566371724,-0.0011263073209975883,-0.0041029766693483575
169,169,0.918744971842317,0.9182304887299624,0.9017683951894478,0.9701926807189966,1.614832464314053,-0.5926623446941691,-0.4813464135323465,3.8976793123819107,2.2868586215293862,0.06717618664521319,0.053901850362027326,0.04352373290426383,0.027594529364440845,0.041753821399839054,0.03990345937248587,0.026709573612228456,0.0074014481094127225,0.011102172164119083,0.0023330651649235757,-0.0002413515687851975,0.0004022526146419958
170,170,0.9243765084473049,0.924230931061927,0.9122591491012544,0.9700339748186638,1.6904230240523614,-0.5044094740024755,-0.5193009927915253,4.168547826814107,1.8331097269200967,0.06194690265486724,0.05341914722445693,0.034835076427996756,0.029927594529364433,0.03250201126307319,0.027916331456154474,0.011826226870474677,0.011263073209975882,0.013596138374899458,0.004183427192276756,0.00193081255028158,0.002011263073209979
171,171,0.9275945293644409,0.9275945293644409,0.9181111468977835,0.9706321553011449,1.3986645382687808,-0.5626936714048181,-0.2795729600250703,4.499170991966569,1.6106388671580578,0.07079646017699115,0.045213193885760214,0.03660498793242155,0.022847948511665363,0.030008045052292875,0.025985518905872928,0.013998390989541453,0.008930008045052307,0.011102172164119083,0.0008045052292839916,-0.0001609010458567983,0.0012067578439259874
172,172,0.9372485921158488,0.9370291092363372,0.9269872601582567,0.9768706075703507,1.2860799172036232,-0.42022421412264266,-0.2463511547541916,3.4920384558795203,2.5020622762476035,0.08069187449718425,0.043604183427192286,0.04810941271118262,0.043282381335478716,0.052855993563958134,0.04577634754625907,0.027433628318584112,0.012791633145615466,0.020675784392598585,0.002172164119066777,0.0012872083668543865,0.0029766693483507687
173,173,0.9251810136765889,0.9251108900641961,0.9144526103124176,0.9733054197288672,1.699919224730653,-0.6598166730176172,-0.34518229461579397,3.9281127935390656,2.077726487215161,0.06878519710378117,0.049959774738535766,0.04529364440868862,0.03982300884955749,0.039340305711987086,0.02582461786001612,0.014239742558326652,0.007079646017699126,0.011021721641190686,0.0003218020917135966,0.002011263073209979,-0.0008045052292839916
174,174,0.915526950925181,0.9159676318962658,0.9090999054708733,0.9715999054708733,1.2999093868298288,-0.5964605509045496,-0.37460708725426567,4.48921461318034,1.8995577955826353,0.07095736122284795,0.0565567176186645,0.0473049074818986,0.0371681415929203,0.03258246178600156,0.022767497988736906,0.028479485116653214,0.00772325020112632,0.0030571198712791682,-8.045052292839915e-05,0.0002413515687851975,0.0014481094127111848
175,175,0.9300080450522928,0.9297514737450896,0.91658690771594,0.9730355665839536,1.801784880957627,-0.3030156071298808,-0.8010910150689733,3.8936889920612874,2.067084311604885,0.066130329847144,0.060740144810941255,0.025422365245374133,0.03837489943684634,0.04175382139983906,0.025181013676588936,0.030329847144006484,0.012711182622687067,0.008527755430410311,-0.0004022526146419958,-0.0003218020917135966,0.0022526146419951766
176,176,0.9203539823008849,0.9203286536447973,0.9091524386296355,0.9674712055134748,1.8271678648916674,0.004783230927429942,-0.12001440113794441,3.8498790643900853,1.1104792414336102,0.07216411906677393,0.05012067578439257,0.02920353982300884,0.024135156878519713,0.05454545454545452,0.030973451327433586,0.0182622687047466,0.007079646017699126,0.014078841512469853,-0.0002413515687851975,0.0013676588897827858,-0.0027353177795655715
177,177,0.919549477071601,0.9195011299643758,0.9090767719281927,0.9693284345642266,1.339271823077507,-0.3304899495564929,-0.487934564657655,3.7070728818487715,2.4317774526311,0.08753016894609818,0.058728881737731276,0.05454545454545452,0.06701528559935639,0.055349959774738514,0.04553499597747381,0.0377312952534191,0.013274336283185861,0.01440064360418345,-8.045052292839915e-05,0.0007240547063555924,0.004585679806918752
178,178,0.9235720032180209,0.9233757902044051,0.9128719683504386,0.972088756378648,1.7432761310227403,-0.5474178400137348,-0.7219994141440107,4.494960335595167,1.6917204123753158,0.06725663716814159,0.046983105390185,0.03934030571198708,0.03105390185036201,0.03789219629927591,0.03032984714400643,0.014078841512469853,0.006918744971842328,0.013998390989541453,-0.0023330651649235757,-0.0004022526146419958,0.002172164119066777
179,179,0.9275945293644409,0.9276344429200422,0.920377271945416,0.9712029126770254,1.5279594275200905,-0.24500600082839785,-0.37288515397111804,3.6104942446083466,2.04590224189749,0.07481898632341111,0.05840707964601768,0.053660498793242126,0.03435237329042638,0.03113435237329044,0.04030571198712787,0.023330651649235756,0.014561544650040248,0.009412711182622702,0.002574416733708773,-0.0011263073209975883,0.002091713596138378
180,180,0.9348350764279968,0.9347768659525226,0.9261244019138757,0.9720487168334058,1.280729911620596,-0.6876383262853881,-0.35756948005520733,4.643291534788965,1.8643589946106596,0.07739340305711988,0.06259050683829444,0.032743362831858455,0.050844730490748155,0.044489139179404655,0.02679002413515692,0.01697506033789222,0.01536604987932424,0.025422365245374133,0.0016894609814963823,0.0028962188254223697,0.0011263073209975883
181,181,0.9380530973451328,0.9381064380356267,0.9317261068825817,0.9750362651779161,1.7933284436309163,-0.7836796928616586,-0.24308648567744798,4.3440786103169255,1.5597039389690164,0.08270313757039423,0.06090104585679805,0.04094931617055515,0.03346741753821405,0.05470635559131132,0.038053097345132805,0.021319388576025777,0.015929203539823033,0.01625100563153663,0.0002413515687851975,0.0018503620273531806,0.002574416733708773
182,182,0.9227674979887369,0.9227210847658007,0.9126898079248442,0.9707265603199702,1.646288748951081,-0.1974080642549588,-0.40970019891182025,4.210743779939222,1.3632369638547863,0.07095736122284795,0.0753821399839099,0.052212389380530945,0.04843121480289618,0.06291230893000803,0.03950120675784389,0.017779565567176213,0.013596138374899458,0.01335478680611426,0.0012872083668543865,-0.002493966210780374,-0.0008849557522123908
183,183,0.9211584875301689,0.9209910571284976,0.9063696756545525,0.967637598821655,1.1357312436555793,-0.13539605796016696,-0.38833462832192167,4.317023739555874,1.6551721301787468,0.06307320997586482,0.06331456154465002,0.046017699115044206,0.035961383748994324,0.04810941271118259,0.0367658889782783,0.0256637168141593,0.010780370072405487,0.016492357200321828,0.0023330651649235757,0.002493966210780374,0.0
184,184,0.9300080450522928,0.9299412695044249,0.9195978274925644,0.9699663778611147,1.6621380907293826,-0.70420075871179,-0.6030861197897799,4.380216581891226,1.9632486793722197,0.06138374899436845,0.05470635559131132,0.0562349155269509,0.05124698310539015,0.051971037811745745,0.026226870474658125,0.019388576025744196,0.011102172164119083,0.017538213998391016,0.00096540627514079,0.0012067578439259874,0.0028962188254223697
185,185,0.9235720032180209,0.923738151888982,0.9153468580609849,0.9631866094602468,1.8036492164295117,-0.5148178844426423,-0.552714262792313,4.369403720738975,1.6326315919126295,0.07980691874497185,0.05181013676588895,0.041029766693483474,0.03732904263877712,0.026870474658085296,0.04778761061946899,0.022204344328238167,0.011182622687047483,0.019388576025744196,-0.0008045052292839916,0.0007240547063555924,0.0013676588897827858
186,186,0.9235720032180209,0.9233998509395442,0.9110306478727531,0.9668422228230841,1.6404728618645925,-0.2972850345428031,-0.5260519817347946,4.618829153698423,1.2652642431212164,0.06886564762670958,0.05301689460981494,0.03982300884955749,0.027111826226870472,0.03000804505229282,0.02679002413515691,0.01536604987932424,0.006194690265486735,0.005148833467417546,0.0007240547063555924,-8.045052292839915e-05,0.0006436041834271932
187,187,0.9388576025744167,0.9387486993023982,0.9299268066886536,0.9754845802233408,1.329081366600881,-0.529528908531177,-0.6336288206536265,4.010349397198819,2.421749816727277,0.08753016894609818,0.06307320997586482,0.056717618664521297,0.04730490748189865,0.04111021721641196,0.03563958165728083,0.03934030571198718,0.011906677393403075,0.021399839098954175,0.004263877715205156,0.0037811745776347603,0.004907481898632349
188,188,0.9211584875301689,0.9211584875301689,0.9116905901116428,0.9670117442366246,1.825738744953522,-0.56405579629928,-0.15830718263341212,4.059546360382001,1.5219400037525923,0.06025744167337086,0.047385358004826995,0.03925985518905868,0.03362831858407076,0.029525341914722412,0.032984714400643565,0.0096540627514079,0.006275140788415135,0.005792437650844739,0.0007240547063555924,-0.00193081255028158,-0.00193081255028158
189,189,0.915526950925181,0.9156833263377995,0.9087617596017719,0.972775951043522,1.2486164236311443,-0.1713425616493471,-0.24186270556844772,3.804053044908458,1.9887947270282242,0.07666934835076429,0.05076427996781976,0.04561544650040221,0.03660498793242151,0.04159292035398225,0.03845534995977469,0.02952534191472238,0.012067578439259874,0.009975864843121495,-0.00193081255028158,-0.00096540627514079,0.0016090104585679832
190,190,0.9283990345937249,0.9283227913905636,0.9155754506541267,0.969828781575933,1.205789638288456,-0.24522511839229746,-0.40451049203628175,4.0657992948565,1.9638107306918104,0.06838294448913917,0.04923572003218017,0.04939662107803698,0.041592920353982266,0.05583266291230891,0.034432823813354774,0.02461786001609014,0.010378117457763491,0.011102172164119083,0.00386162510056316,0.004183427192276756,0.0032984714400643655
191,191,0.9082864038616251,0.9078695879990042,0.8917843720133918,0.9631170369328008,1.5994580491281316,-0.21882404858497342,-0.39665012338814143,4.200814290021742,1.5052254777945058,0.06564762670957361,0.06524537409493161,0.03161705551086076,0.04609814963797261,0.03427192276749793,0.027031375703942005,0.014722445695897013,0.010136765888978294,0.009895414320193096,0.0006436041834271932,0.0032180209171359664,0.0017699115044247816
192,192,0.915526950925181,0.9153422166774794,0.9025562838082553,0.9654819903496781,1.1030656264191228,-0.5765475803996638,-0.5280084721501422,4.375207896671968,2.305963820253317,0.08616251005631538,0.055671761866452105,0.044006436041834227,0.038616251005631486,0.05156878519710375,0.017377312952534217,0.01995172968624297,0.010297666934835092,0.01440064360418345,0.0007240547063555924,-0.0023330651649235757,0.0014481094127111848
193,193,0.9251810136765889,0.9251576391391245,0.9149648496361835,0.9741077553605038,1.0303663910645422,-0.42099219871037236,-0.4341518715373742,4.380108487303529,1.9803024126310729,0.06886564762670958,0.0466613032984714,0.04465004022526142,0.034111021721641176,0.0468222043443282,0.035961383748994345,0.0193081255028158,0.014159292035398252,0.012148028962188273,0.0012872083668543865,0.0028962188254223697,0.0037811745776347603
194,194,0.9316170555108608,0.931521922892255,0.9230741726021912,0.9771703996109727,1.5826024539340013,-0.3322116445807016,-0.694012240448632,3.9642301307757024,2.021085682199974,0.06363636363636363,0.048028962188254185,0.0479485116653258,0.047385358004827,0.029847144006436087,0.036524537409493185,0.020032180209171392,0.01536604987932424,0.0190667739340306,0.005068382944489147,0.0037007240547063613,0.0011263073209975883
195,195,0.9259855189058729,0.9259855189058729,0.9168005354752342,0.9702229206681801,1.274332915108409,-0.4029593811032973,-0.3128306571565045,3.9951615369894444,2.1211863013841574,0.06669348350764279,0.0380530973451327,0.04489139179404662,0.043201930812550235,0.04448913917940463,0.05124698310539015,0.02695092518101372,0.010136765888978294,0.013113435237329062,0.0014481094127111848,0.0008045052292839916,0.0012872083668543865
196,196,0.919549477071601,0.9195040045338317,0.9101530849725034,0.970698938633843,1.861074613301058,-0.20464534886382804,-0.3947145135869789,4.183951191725739,1.2218109683781018,0.05856798069187448,0.0560740144810941,0.04135156878519706,0.02365245374094932,0.016572807723250215,0.03177795655671757,0.018584070796460204,0.012067578439259874,0.006999195494770727,0.0004022526146419958,8.045052292839915e-05,-0.0016090104585679832
197,197,0.918744971842317,0.9189082266829195,0.9111470908543227,0.9700743795907963,1.6717054612452182,-0.269567817793016,-0.2622659683798696,3.9711047547915355,1.5462591758892512,0.07208366854384554,0.043201930812550235,0.045374094931617016,0.03242156074014475,0.034352373290426355,0.023411102172164144,0.021319388576025767,0.011987127916331474,0.009412711182622702,0.0023330651649235757,0.0001609010458567983,0.0012067578439259874
198,198,0.918744971842317,0.9182908381055616,0.9047531678229459,0.9721231580757984,1.5798517550926954,-0.5054390096968248,-0.31117952109180835,4.403779120820195,1.537601673609207,0.05752212389380529,0.053901850362027326,0.026790024135156854,0.026950925181013642,0.03515687851971032,0.03258246178600157,0.015687851971037826,0.007562349155269521,0.016090104585679832,-0.000482703137570395,-0.0032180209171359664,-0.0008045052292839916
199,199,0.9275945293644409,0.9275464111916626,0.9162895390134103,0.9757034767012318,1.1761720840591294,-0.553853743445972,-0.5648775771049712,4.041794836416204,2.5436815311652436,0.0953338696701529,0.060740144810941255,0.037972646822204324,0.038616251005631506,0.06122284794851165,0.03853580048270311,0.031214802896218842,0.008045052292839916,0.011665325824617878,-0.00096540627514079,0.003620273531777962,0.00474658085277555
200,200,0.910699919549477,0.9106075019834348,0.8957162101481815,0.9667654542733124,1.037176229870583,-0.32517347750166176,-0.19674903430126953,4.72076199877594,1.4575800059652573,0.056154465004022505,0.045132743362831816,0.040868865647626665,0.029847144006435976,0.027353177795655603,0.02212389380530967,0.018986323411102145,0.0039420756234915585,0.00764279967819792,0.0003218020917135966,-0.0012872083668543865,-0.002493966210780374
201,201,0.918744971842317,0.9187175786596258,0.9060901219992129,0.9694912525491037,1.7274775476817592,-0.21081949295463873,-0.7468759309460709,3.6653888203204366,2.2003820205953524,0.07111826226870474,0.062429605792437635,0.04481094127111822,0.03660498793242151,0.046983105390185,0.036202735317779525,0.036685438455349904,0.008045052292839916,0.011343523732904282,0.0028962188254223697,0.00096540627514079,0.0001609010458567983
202,202,0.9292035398230089,0.9289708525815449,0.9191165603719746,0.9730653797619454,1.5604650851229431,-0.7165608177861658,-0.7061474155004016,4.410443833082563,2.0947941672616515,0.05937248592115847,0.04778761061946899,0.03314561544650042,0.026870474658085307,0.0337087691069992,0.03234111021721645,0.01432019308125505,0.0074014481094127225,0.012228479485116673,-0.0017699115044247816,-0.000482703137570395,-0.000482703137570395
203,203,0.9332260659694288,0.9329890611582821,0.9233679327242478,0.9750469874113483,0.36079552934139153,-0.7451713359683465,-0.153545063502472,4.589459425977085,2.53271117913514,0.07715205148833468,0.05752212389380529,0.029283990345937295,0.050844730490748155,0.0565567176186645,0.035961383748994394,0.02477876106194694,0.01432019308125505,0.01440064360418345,0.0016894609814963823,0.00193081255028158,0.0032984714400643655
204,204,0.9356395816572808,0.9356784935259723,0.9280857084512384,0.9751801394439744,1.694428210007901,0.10901590949755367,-0.8295763207254897,4.321035303015723,1.46860033817658,0.07312952534191472,0.05752212389380529,0.03338696701528565,0.030008045052292886,0.03427192276749804,0.035398230088495616,0.015607401448109437,0.011263073209975882,0.009171359613837504,-0.0008849557522123908,-0.0012872083668543865,0.00096540627514079
205,205,0.9058728881737731,0.9054185614839592,0.8890589907355418,0.9634480862811156,1.7680347461858614,-0.3178027448555413,-0.29109989287107885,4.088213635971418,1.574843228597445,0.0868061142397425,0.0470635559131134,0.04794851166532579,0.0275945293644408,0.038374899436846285,0.017779565567176116,0.008608205953338699,0.0014481094127111848,0.002091713596138378,-0.0032984714400643655,-0.00386162510056316,-0.0012872083668543865
206,206,0.919549477071601,0.9194026764003685,0.9078821156171519,0.9703719421449166,0.5668806390666246,-0.14701212902101304,-0.30714926857609426,4.437062892443818,1.9594756241708995,0.054786806114239715,0.04875301689460978,0.05406275140788412,0.057924376508447284,0.041512469831053854,0.043443282381335435,0.02027353177795658,0.015848753016894635,0.020756234915526982,0.002091713596138378,-0.0001609010458567983,0.0014481094127111848
207,207,0.9324215607401448,0.9321864266930613,0.918690291378075,0.9745760687843324,0.7331936214735741,-0.19223600752168707,-0.45652874536085336,4.458226181026573,1.9281493626199873,0.07055510860820595,0.057924376508447284,0.039501206757843924,0.031938857602574464,0.05181013676588895,0.032823813354786846,0.02325020112630736,0.017538213998391016,0.014963797264682244,0.0014481094127111848,0.0002413515687851975,-0.0003218020917135966
208,208,0.916331456154465,0.9160131029366266,0.9019341534938605,0.970964331195308,0.6392474596357236,-0.2585917435462468,-0.08858578333872645,4.293070175546594,2.0580674792553584,0.08085277554304104,0.056717618664521297,0.03901850362027348,0.038616251005631486,0.05189058728881735,0.03218020917135957,0.02333065164923571,0.014481094127111849,0.008286403861625113,0.0022526146419951766,0.0008045052292839916,0.0002413515687851975
209,209,0.9283990345937249,0.9282917871186288,0.9183253588516747,0.9740814847034944,0.8910751749151165,-0.21268401908119888,-0.43610540476777987,4.327205253064553,1.9583455040556121,0.07827835880933227,0.07079646017699115,0.0392598551890587,0.03451327433628319,0.049155269509251774,0.03757039420756235,0.021480289621882576,0.02099758648431218,0.015929203539823033,0.0006436041834271932,0.0018503620273531806,0.0029766693483507687
210,210,0.9227674979887369,0.9229352672983157,0.9112413856193207,0.9716960419588949,1.4128232683889008,-0.22510788810042984,-0.3405180399336378,4.148212524941479,1.6636193777225954,0.07200321802091714,0.06082059533386965,0.03958165728077229,0.03612228479485111,0.04794851166532579,0.03700724054706352,0.025181013676588905,0.006275140788415135,0.010941271118262286,0.0014481094127111848,0.0032180209171359664,0.002011263073209979
211,211,0.9211584875301689,0.9215023007430672,0.9144674960512539,0.9677593009979827,1.280502437117595,-0.4335789850669524,-0.3729632713201172,3.825787277598732,2.4183587296334657,0.07843925985518907,0.03588093322606591,0.05832662912308928,0.03644408688656471,0.06226870474658084,0.03813354786806109,0.02365245374094934,0.009975864843121495,0.018664521319388606,0.00386162510056316,-0.0001609010458567983,0.004666130329847151
212,212,0.9348350764279968,0.9348562925940317,0.9257778949301331,0.974549967124943,1.5204641722582957,-0.18124935370607512,-0.1734655530555306,4.159804738349174,1.3202747369619952,0.0757039420756235,0.04151246983105393,0.03419147224456963,0.03419147224456964,0.02405470635559135,0.029364440868865693,0.019388576025744196,0.009251810136765903,0.016814159292035426,-0.0001609010458567983,0.0001609010458567983,0.0015285599356395841
213,213,0.9316170555108608,0.9316826817016977,0.9229410374571665,0.9744682736618221,1.4161776745961228,-0.3999754758513185,-0.37089508204681576,4.741635508533775,1.2390434310829737,0.0655671761866452,0.05720032180209169,0.04070796460176991,0.042880128720836685,0.030973451327433656,0.03322606596942882,0.019147224456959,0.011182622687047483,0.014802896218825445,0.0032180209171359664,0.0007240547063555924,0.0014481094127111848
214,214,0.914722445695897,0.9145778430257914,0.9039045926265696,0.9761395562181068,1.646824826872626,-0.2382570714620238,-0.45916956623744276,4.103669528651027,1.5314400505281192,0.07481898632341111,0.04794851166532579,0.02614641995172965,0.028399034593724802,0.020997586484312124,0.03193885760257435,0.006275140788415135,0.009734513274336299,0.006838294448913929,-0.0028157683024939706,-0.0008045052292839916,-0.0017699115044247816
215,215,0.9275945293644409,0.9277870020555536,0.9191120637596935,0.9692651252892325,1.3558753667468684,-0.09525831770617654,-0.30093640350041195,4.0971981220014815,1.5270674756461529,0.07964601769911506,0.05382139983909893,0.044650040225261436,0.04296057924376504,0.05116653258246175,0.0393403057119871,0.020032180209171392,0.009090909090909104,0.013998390989541453,-0.002413515687851975,0.0023330651649235757,0.0018503620273531806
216,216,0.9324215607401448,0.9321983100373314,0.9197816235735612,0.9742060916461134,1.1640776561704549,-0.4969243136281148,-0.5136883261587458,4.372320711950009,2.1180796531626918,0.06170555108608204,0.06146419951729685,0.03765084473049076,0.044006436041834254,0.04963797264682218,0.03137570394207566,0.014641995172968648,0.010056315366049895,0.013113435237329062,0.000482703137570395,0.002413515687851975,0.0028157683024939706
217,217,0.9251810136765889,0.9248913985949092,0.9129620019604452,0.9674133656230179,1.4703571224662384,-0.5653429708082406,-0.38010178906634806,4.277193762926429,1.9057802733188094,0.07892196299275947,0.05913113435237327,0.03620273531777953,0.04006436041834268,0.03660498793242154,0.040868865647626665,0.016572807723250225,0.010217216411906694,0.01238938053097347,0.0003218020917135966,-0.0005631536604987942,0.0028962188254223697
218,218,0.9235720032180209,0.923065300680309,0.9060595802301963,0.9684846001259071,1.5124793885331755,-0.3370553996797756,-0.4156165237035834,3.8168355812676826,2.014930002288596,0.061786001609010446,0.06275140788415123,0.052212389380530945,0.06025744167337086,0.03129525341914722,0.034352373290426355,0.028640386162510044,0.016894609814963824,0.012630732099758669,0.0017699115044247816,0.0008849557522123908,-8.045052292839915e-05
219,219,0.9324215607401448,0.9321458001992201,0.9211768723882996,0.9773987463837994,1.9567655372183161,-0.15654781117021832,-0.7317478360352699,4.344143115315127,1.1368234333454414,0.06057924376508446,0.06226870474658084,0.02968624296057929,0.03459372485921162,0.04794851166532579,0.032421560740144864,0.0193081255028158,0.012148028962188273,0.01528559935639584,0.0,0.0016090104585679832,0.0011263073209975883
220,220,0.9243765084473049,0.924324779760522,0.9119955994810257,0.9724010929549844,1.5143185909074455,-0.3599282897014127,-0.5205727832154213,4.64567332777677,1.3240369115597839,0.06427996781979081,0.05776347546259049,0.029042638777152064,0.03129525341914722,0.027111826226870517,0.02815768302493967,0.006436041834271933,0.004263877715205156,0.006918744971842328,0.0002413515687851975,-0.0012067578439259874,-0.00193081255028158
221,221,0.9275945293644409,0.927445091828371,0.9144763553857177,0.9745611416288512,1.6793999242538797,-0.5124553624627604,-0.4568393382631357,4.07684014517507,1.8698547078040089,0.08600160901045859,0.04923572003218017,0.04360418342719223,0.03153660498793245,0.04127111826226866,0.04473049074818982,0.018020917135961413,0.011263073209975882,0.015929203539823033,0.0016090104585679832,0.0011263073209975883,0.002493966210780374
222,222,0.9090909090909091,0.9091250448728786,0.8926599425752779,0.9603855309332744,1.9490594026897183,-0.05230854344879084,-0.3510277492190672,3.736560380523153,1.4538247327478837,0.06886564762670958,0.04843121480289618,0.030651649235719967,0.04078841512469826,0.042638777152051444,0.03660498793242151,0.02019308125502809,0.009090909090909104,0.014641995172968625,0.0007240547063555924,-0.0016090104585679832,-0.0017699115044247816
223,223,0.917135961383749,0.9167814010258117,0.9044609283028356,0.9619283828420558,2.023479397796544,-0.6268879480372781,-0.25252643207589287,4.2640405318449845,1.4114441052437727,0.06114239742558325,0.0566371681415929,0.02099758648431217,0.03073209975864838,0.03547868061142393,0.030249396621077985,0.013596138374899458,0.007160096540627525,0.011423974255832681,0.00096540627514079,8.045052292839915e-05,0.0017699115044247816
224,224,0.9300080450522928,0.9296769835395446,0.9186817184498028,0.9745574843968486,1.5636348575779935,-0.46731302282702625,-0.2754512969541275,4.263997463669023,1.5519544677142474,0.06387771520514882,0.060981496379726455,0.04078841512469831,0.03692679002413516,0.030088495575221273,0.026307320997586526,0.01343523732904266,0.012711182622687067,0.012067578439259874,0.0,8.045052292839915e-05,0.00193081255028158
225,225,0.9308125502815768,0.9314637636512865,0.9289408395205867,0.9736000389173675,1.0125189407234774,-0.22798313324438904,-0.09643789459402374,4.246279184361915,1.572907304134026,0.0854384553499598,0.0559935639581657,0.04698310539018501,0.03885760257441673,0.0479485116653258,0.03427192276749802,0.031697506033789256,0.01246983105390187,0.017618664521319417,0.004585679806918752,0.0008849557522123908,0.0032984714400643655
226,226,0.916331456154465,0.9166152047901442,0.9099132238107376,0.9686754176610979,0.7834206308362064,-0.4370012607405839,-0.14818250380717587,4.7222006013197095,1.8117792156230155,0.057602574416733686,0.06009654062751406,0.03483507642799673,0.04207562349155265,0.01962992759452936,0.03250201126307316,0.017860016090104604,0.014159292035398252,0.012872083668543866,0.0008849557522123908,-0.0023330651649235757,0.0001609010458567983
227,227,0.914722445695897,0.9147718534599335,0.9052884337209974,0.9662587513741827,1.6542554650313381,-0.7032875346095893,-0.17340273017996238,4.289986084139604,1.7322566692648185,0.06894609814963797,0.05189058728881735,0.027674979887369222,0.03041029766693478,0.03475462590506832,0.025422365245374036,0.009814963797264698,0.011987127916331474,0.009975864843121495,0.002091713596138378,-0.002091713596138378,0.0006436041834271932
228,228,0.9348350764279968,0.9344806949974785,0.92140085766796,0.9739023892178884,1.5682578580262552,-0.32504125910961423,-0.4270418777804184,4.154642742414172,1.592097667979816,0.06082059533386965,0.05325824617860013,0.0361222847948512,0.033226065969428856,0.04698310539018502,0.03145615446500407,0.02582461786001613,0.0095736122284795,0.013515687851971058,0.004424778761061954,0.002413515687851975,0.0028962188254223697
229,229,0.9251810136765889,0.925157220090567,0.9146391346057642,0.9694045706281524,1.4601144636171188,-0.3057273086929361,-0.4694641308193709,4.393559978796035,1.5754777259811388,0.08197908286403863,0.042558326629123046,0.048270313757039385,0.04931617055510858,0.05824617860016088,0.02325020112630736,0.03386967015285599,0.0094931617055511,0.010699919549477088,0.0002413515687851975,-0.0005631536604987942,0.0004022526146419958
230,230,0.9211584875301689,0.9206841877405372,0.9046765659668885,0.9665118797488097,1.6670805909735904,-0.259268276367806,-0.5822855339483218,3.7102224643051107,2.0821445011018107,0.07047465808527756,0.06251005631536603,0.05140788415124695,0.030732099758648424,0.04143201930812547,0.03443282381335473,0.04481094127111822,0.011102172164119083,0.010297666934835092,0.0012067578439259874,0.0011263073209975883,0.0006436041834271932
231,231,0.9292035398230089,0.9286006783998149,0.913701956192313,0.9731769757083161,1.960433610864133,-0.2796913445922436,-0.4710908009991449,3.978518675903919,1.446481035159172,0.06347546259050682,0.04392598551890584,0.02606596942880133,0.041190667739340284,0.03523732904263878,0.026307320997586515,0.021721641190667773,0.00764279967819792,0.01440064360418345,-0.0004022526146419958,-0.0006436041834271932,-0.002172164119066777
232,232,0.9316170555108608,0.931836976301079,0.9263634668391578,0.974318630793168,1.9734593179525612,-0.34834198803413413,-0.29494566620926627,4.129077371934052,1.1781569114967014,0.06950925181013676,0.049959774738535766,0.05060337892196296,0.036283185840707985,0.025583266291230932,0.018905872888173803,0.01440064360418345,0.006999195494770727,0.009010458567980707,-0.0016090104585679832,0.0016894609814963823,-0.000482703137570395
233,233,0.9332260659694288,0.9334798569134347,0.9287114559934654,0.9733218588640277,1.6673806382713472,0.09856249323717099,-0.4990421446582486,4.10255882177779,1.0995829202213534,0.06733708769106998,0.054143201930812526,0.037489943684633986,0.05913113435237327,0.04408688656476265,0.03950120675784393,0.015768302493966234,0.020193081255028188,0.016814159292035426,0.002493966210780374,0.0,0.004987932421560748
234,234,0.919549477071601,0.9198257169747543,0.9133439011502662,0.9707672118963425,0.618390360099862,-0.2968611977193018,-0.047226149432661166,4.243291024757436,2.0534277179288285,0.07457763475462591,0.05325824617860013,0.04094931617055506,0.049396621078036974,0.04875301689460978,0.037570394207562294,0.020193081255028177,0.008045052292839916,0.009171359613837504,0.0012067578439259874,-0.0001609010458567983,0.0005631536604987942
235,235,0.914722445695897,0.9144599684303595,0.9012679053111339,0.9628377592782067,1.1811281428325637,-0.5792749883298141,-0.38538975373532663,3.9689426715804723,2.504954729742549,0.05164923572003215,0.059050683829444874,0.027272727272727226,0.037570394207562294,0.041753821399839054,0.0370072405470635,0.017618664521319403,0.014883346741753834,0.011021721641190686,0.0002413515687851975,0.0007240547063555924,-0.0004022526146419958
236,236,0.9267900241351569,0.9268118231197995,0.9181020951539391,0.9743483164356804,1.3571382554095455,-0.3306804063303767,-0.148008316743426,4.408297850037505,1.3285699404606774,0.07240547063555913,0.05711987127916329,0.05245374094931614,0.037329042638777135,0.032662912308930016,0.04416733708769103,0.012067578439259874,0.011584875301689479,0.008286403861625113,0.0012872083668543865,0.0012067578439259874,0.0012067578439259874
237,237,0.9235720032180209,0.923494258527572,0.9109766496130133,0.969082799661312,1.5829991066081048,0.04375095344847942,-0.1276738553636701,4.266528158440112,0.8266182497083314,0.05406275140788412,0.055028157683024916,0.03765084473049072,0.03644408688656473,0.04111021721641187,0.035317779565567156,0.02920353982300885,0.010217216411906694,0.013917940466613054,0.0,-0.0012872083668543865,0.0012067578439259874
238,238,0.9316170555108608,0.9315567094437046,0.9227101776311983,0.9738095238095238,1.7421642232974588,-0.042106425246007446,-0.3048322200546597,3.998947548165807,1.1812247623722778,0.08415124698310542,0.04794851166532579,0.04859211584875299,0.025663716814159333,0.053499597747385344,0.03942075623491553,0.008125502815768315,0.0095736122284795,0.013193885760257462,-0.0031375703942075673,-0.002172164119066777,0.00096540627514079
239,239,0.9251810136765889,0.9252035630834172,0.9160970379305723,0.9707697417877309,1.0031601368177143,-0.3464462437924418,-0.2508843985269418,4.043332176022213,2.1684117364949174,0.07763475462590508,0.060498793242156054,0.034030571198712764,0.03676588897827835,0.053982300884955724,0.04931617055510858,0.04529364440868862,0.018342719227675008,0.023572003218020953,0.004183427192276756,0.0030571198712791682,0.006355591311343533
240,240,0.9235720032180209,0.923460278752402,0.9133526909155982,0.9684207791907915,1.7991532186867858,-0.6591644173253919,-0.3442790924468883,4.121343195493249,1.836054251940095,0.061786001609010446,0.05583266291230891,0.04529364440868862,0.041753821399839054,0.04400643604183424,0.02831858407079647,0.025824617860016098,0.013837489943684656,0.005229283990345945,-0.0002413515687851975,0.0001609010458567983,-0.0022526146419951766
241,241,0.909895414320193,0.9095055248607619,0.897384806973848,0.9713715611909883,1.1238787601321867,-0.5662298573062698,-0.2037254643296347,3.872182015746028,2.461459326562473,0.06275140788415123,0.05269509251810134,0.033547868061142336,0.045454545454545414,0.03137570394207556,0.033789219629927536,0.00941271118262269,0.006999195494770727,0.005551086082059542,-0.0001609010458567983,-0.0039420756234915585,-0.0003218020917135966
242,242,0.9243765084473049,0.9245464100990158,0.9124077709334597,0.9716897534199369,1.7161247557868267,-0.31664802859250385,-0.1644842799538193,4.0447013353869625,1.3661634313423767,0.05518905872888171,0.05736122284794849,0.032260659694287985,0.024296057924376547,0.03644408688656473,0.033950120675784366,0.01818181818181821,0.0074014481094127225,0.010297666934835092,0.0005631536604987942,0.0041029766693483575,8.045052292839915e-05
243,243,0.9259855189058729,0.9257878903377886,0.9164159271977244,0.9747022291730415,1.6987107228980751,-0.802617229992548,-0.600635720901059,4.55960139923557,1.8157818301323607,0.0762670957361223,0.05720032180209169,0.03708769106999192,0.03740949316170553,0.024537409493161733,0.02662912308930012,0.020756234915526982,0.014159292035398252,0.012711182622687067,8.045052292839915e-05,0.0006436041834271932,-0.0012067578439259874
244,244,0.912308930008045,0.9117891975534238,0.8996828036462183,0.9653659656431274,1.28797737874486,-0.3388421627046876,-0.49815880267466756,4.036525257286401,2.086507623229349,0.08125502815768303,0.05575221238938051,0.043684633950120635,0.03129525341914716,0.03515687851971032,0.042880128720836644,0.018262268704746565,0.011182622687047483,0.013515687851971058,-0.0003218020917135966,-0.0005631536604987942,0.0011263073209975883
245,245,0.9332260659694288,0.933208179325463,0.9262729773914431,0.9791515952447408,1.7302921510187848,-0.7444410307020921,-0.50217324251018,4.0293496774698,2.151691368267052,0.0751407884151247,0.05993563958165726,0.03604183427192281,0.027353177795655714,0.02759452936444091,0.04328238133547866,0.013113435237329062,0.017377312952534217,0.01343523732904266,0.0016090104585679832,0.0015285599356395841,-8.045052292839915e-05
246,246,0.9203539823008849,0.9205931836348413,0.9146167122105566,0.9718481231123256,1.1008904072909633,0.0003103542548655771,-0.15926196819939992,4.374286102466615,1.3191771365144849,0.056717618664521297,0.053982300884955724,0.0566371681415929,0.033386967015285554,0.04006436041834268,0.037811745776347494,0.0190667739340306,0.013515687851971058,0.013032984714400665,0.0033789219629927645,0.0008849557522123908,0.0016090104585679832
247,247,0.916331456154465,0.915849358756419,0.9039013364779874,0.9689016172506739,1.569575457377564,-0.2787921317688398,-0.4646430212722088,4.258765948641836,1.624283866713865,0.07087691069991955,0.060498793242156054,0.03370876910699914,0.03411102172164114,0.04553499597747381,0.027433628318584046,0.012067578439259874,0.00764279967819792,0.010297666934835092,0.0004022526146419958,-0.001045856798069189,0.0006436041834271932
248,248,0.917940466613033,0.917727357750941,0.9041895462918822,0.9687130321168143,1.6901462349054126,-0.42630081424213767,-0.34363589255308424,4.409236772273682,1.3753592085611912,0.06460176991150442,0.05744167337087689,0.04762670957361219,0.027433628318584036,0.03829444891391789,0.022928399034593726,0.01053901850362029,0.01335478680611426,0.012630732099758669,0.0032180209171359664,0.0032984714400643655,0.004344328238133554
249,249,0.9235720032180209,0.923504145328909,0.9136148249414927,0.9736861922747179,1.385060154208701,-0.4476689495794833,-0.27546192757695576,3.803147991252704,2.2298820590891264,0.08374899436846342,0.03555913113435233,0.037570394207562294,0.04022526146419948,0.0560740144810941,0.036363636363636334,0.027674979887369278,0.009010458567980707,0.016653258246178627,0.0023330651649235757,0.0023330651649235757,0.0003218020917135966
