,random_seed,accuracy,f1,balanced_acc,auc,feature_importance.B_CO2_vd_scaled,feature_importance.B_CO2_vd_fd1_scaled,feature_importance.B_CO2_vd_fd2_scaled,feature_importance.B_CO2_vd_fd3_scaled,feature_importance.B_low_CO2_scaled,feature_importance.B_low_CO2_fd1_scaled,feature_importance.B_low_CO2_fd2_scaled,feature_importance.B_low_CO2_fd3_scaled,feature_importance.B_top_CO2_scaled,feature_importance.B_top_CO2_fd1_scaled,feature_importance.B_top_CO2_fd2_scaled,feature_importance.B_top_CO2_fd3_scaled,feature_importance.B_low_temperature_scaled,feature_importance.B_low_temperature_fd1_scaled,feature_importance.B_low_temperature_fd2_scaled,feature_importance.B_low_temperature_fd3_scaled,feature_importance.B_low_humidity_scaled,feature_importance.B_low_humidity_fd1_scaled,feature_importance.B_low_humidity_fd2_scaled,feature_importance.B_low_humidity_fd3_scaled,feature_importance.B_top_temperature_scaled,feature_importance.B_top_temperature_fd1_scaled,feature_importance.B_top_temperature_fd2_scaled,feature_importance.B_top_temperature_fd3_scaled,feature_importance.B_top_humidity_scaled,feature_importance.B_top_humidity_fd1_scaled,feature_importance.B_top_humidity_fd2_scaled,feature_importance.B_top_humidity_fd3_scaled
0,0,0.9652029826014913,0.9632867132867133,0.9660508809284776,0.9815622828017607,0.0014084507042252392,-0.009113504556752416,0.006545153272576543,0.005219552609776246,0.0024855012427507095,-0.006959403479701809,-0.008782104391052203,0.0012427506213753547,-0.00016570008284988447,-0.004308202154100993,-0.0002485501242749377,-0.0018227009113505055,-0.0022369511184755497,0.00894780447390231,-0.01068765534382754,0.007290803645401911,0.005882352941176561,0.0014084507042252392,-0.0017398508699254522,-0.0004971002485502085,-0.005219552609776357,0.01292460646230309,0.005136702568351192,0.019221209610604806,0.008782104391052425,-0.0021541010770504965,-0.0014913007456504035,-0.0022369511184755497
1,1,0.9511184755592378,0.9483814523184602,0.9518468055999911,0.9835425791291109,0.0048053024026512015,-0.00024855012427504874,0.0010770505385252482,0.016735708367854207,-0.002651201325600705,-0.005965202982601503,-0.009030654515327363,0.0004971002485500975,-0.001657000828500288,-0.013256006628003414,-0.005633802816901401,-0.0025683512841755407,-0.005302402651201299,0.0012427506213752437,0.006296603148301605,-0.00165700082850051,0.00033140016570032405,0.0014913007456502925,-0.0017398508699253412,-0.0018227009113503945,0.001657000828500399,0.001325600662800297,0.007042253521126751,-0.009113504556752305,-0.0014084507042252392,0.0011599005799503015,-0.0027340513670257582,-0.0012427506213752437
2,2,0.9188069594034797,0.9180602006688964,0.9223492161556877,0.9819373807133479,-0.008533554266777266,-0.0024026512013257673,0.0,-0.003976801988401002,-0.020298260149130165,-0.0014913007456502925,0.009196354598177359,-0.023612261806130852,-0.017812758906379567,-0.01035625517812766,0.002319801159900492,0.009362054681027243,0.040265120132560006,0.03811101905550962,0.04730737365368698,-0.018641259320629766,-0.005053852526926472,-0.006710853355426649,-0.01565865782932896,-0.0008285004142501995,-0.02270091135045582,0.028748964374482155,0.0021541010770504965,-0.025434962717481358,-0.009113504556752305,-0.009610604805302403,-0.0061309030654514984,-0.0031483015741509135
3,3,0.9378624689312345,0.9361702127659575,0.9403180609644429,0.9763688315700054,0.0009113504556753638,-0.010853355426677758,-0.017564208782104407,0.006628003314001818,-0.0041425020712511085,-0.009196354598177137,-0.006710853355426649,-0.003314001657000798,-0.0009113504556752527,-0.005385252692626352,0.002734051367025536,0.014913007456503813,-0.0034797017398507935,-0.01176470588235301,0.004639602319801206,0.0030654515327258602,0.0021541010770506075,-0.006296603148301605,-0.003314001657000798,-0.0051367025683513035,0.0038939519469760597,-0.006379453189726547,-0.0051367025683513035,0.0,0.0,0.000994200497100195,0.0002485501242749377,0.0031483015741508025
4,4,0.9734879867439934,0.9717813051146384,0.9738148560837572,0.9908266496033892,-0.000994200497100195,0.002319801159900603,0.0018227009113503945,0.0041425020712511085,0.0037282518641260642,-0.0011599005799501905,-0.001325600662800408,0.002734051367025536,0.0010770505385252482,8.285004142505326e-05,-0.0008285004142503105,0.000662800331400204,0.0005799502899751507,0.0004971002485500975,0.0010770505385253593,-0.0005799502899750397,-0.00024855012427504874,0.0017398508699253412,-0.0009113504556751417,0.004308202154100993,-0.00016570008285021753,0.004059652029825944,0.009942004971002394,0.0004971002485502085,0.0024855012427505985,0.00016570008284988447,0.002651201325600594,0.001657000828500177
5,5,0.9494614747307374,0.9472774416594641,0.9509642222786094,0.9730646602605827,-0.006213753106876552,-0.0038111019055510065,-0.002071251035625443,-0.0018227009113506165,-0.0019055509527754477,0.0005799502899751507,0.000662800331400315,0.00024855012427504874,-0.0014913007456502925,-0.011847555923777953,-0.008036454018226946,-0.0030654515327258602,-0.001325600662800297,0.0009113504556753638,-0.002651201325600594,-0.001657000828500399,-0.004473902236950988,-0.0025683512841757627,-0.004888152444076255,0.0007456503728251462,8.285004142505326e-05,0.01433305716652844,0.004556752278376153,-0.0024855012427505985,-0.003976801988400891,0.0012427506213752437,0.0005799502899751507,0.0010770505385252482
6,6,0.9444904722452361,0.9425878320479862,0.9465292410886665,0.9746174552916388,-0.01599005799502906,0.0001657000828499955,-0.001988400994200501,-0.0008285004142503105,0.001325600662800186,-0.0038111019055508955,-0.011599005799502904,-0.002651201325600816,-0.004473902236950988,-0.006296603148301383,0.0015741507870754567,-0.0028997514498758648,0.0030654515327257492,-0.0010770505385252482,-0.0020712510356255542,0.001988400994200612,0.000331400165699991,-0.0012427506213753547,-0.00024855012427515977,0.0,-0.007373653686827075,0.0010770505385251372,-0.0017398508699254522,0.0004971002485500975,0.0010770505385253593,-1.1102230246251565e-16,-0.0011599005799503015,-0.0034797017398510155
7,7,0.9536039768019884,0.9515570934256056,0.955069613759474,0.987059122050241,0.0038111019055508955,-0.00041425020712515526,-0.001988400994200501,-0.000331400165700213,-0.005385252692626463,-0.004971002485501197,-0.0014913007456504035,-0.01342170671085341,-0.0021541010770504965,-0.0024855012427505985,0.004639602319801095,0.0014913007456504035,0.0036454018227009,-0.0035625517812758467,-0.00836785418392716,0.018558409279204713,0.0008285004142503105,-0.0028997514498757537,-0.0002485501242749377,-0.0034797017398509045,-0.0028169014084504784,0.018309859154929553,-0.009444904722452296,-0.005633802816901512,0.004639602319801095,-0.002651201325600594,0.008533554266777155,0.002319801159900381
8,8,0.9569179784589892,0.9545454545454546,0.9577283960151364,0.9805914411482408,-0.01284175642087837,-2.220446049250313e-16,-0.006876553438276645,0.0014084507042253502,-0.005633802816901623,-0.007207953603976747,0.0015741507870753457,-0.0004971002485503195,-0.006048053024026556,0.009610604805302403,0.004142502071250886,0.013504556752278463,-0.004059652029825833,-0.0022369511184756607,0.022535211267605382,0.0005799502899751507,-0.0071251035625519155,-0.000662800331400093,-0.000331400165700102,0.001657000828500399,0.004225352112676051,-0.0022369511184756607,0.013090306545153196,0.010273405136702385,0.003065451532725638,0.0019055509527754477,-0.00869925434962704,-0.00952775476387746
9,9,0.9660314830157415,0.9641921397379912,0.9669389803956179,0.9898034045651622,0.0017398508699252302,0.0015741507870754567,0.002319801159900603,0.009693454846727456,0.008036454018226835,-0.0019055509527754477,-0.002982601491300696,0.004639602319801206,0.00041425020712504423,0.000994200497100195,0.0028997514498755317,0.002982601491300807,-0.00530240265120141,-8.285004142516428e-05,-0.0004971002485500975,-0.0008285004142501995,-0.0038939519469760597,-0.0017398508699254522,0.0025683512841756517,-0.001325600662800297,0.004225352112676051,0.008450704225352212,0.0019055509527755587,0.009776304888152398,0.002734051367025536,0.004556752278376153,0.0031483015741505804,0.0020712510356255542
10,10,0.9685169842584921,0.9665492957746479,0.9689330670873648,0.9951678563154353,-0.0024855012427507095,-0.0032311516155758557,0.0005799502899751507,0.0030654515327258602,0.0032311516155757447,-0.00165700082850051,0.002982601491300696,0.0010770505385252482,0.008699254349627261,-0.0038111019055510065,0.005965202982601281,0.015492957746478742,0.002071251035625443,0.00505385252692625,0.00422535211267594,0.0035625517812757357,0.010521955260977656,0.0014913007456504035,-0.0007456503728251462,0.000662800331400093,-0.0014084507042254613,0.0017398508699254522,0.002982601491300696,0.0022369511184755497,0.000331400165700102,0.0038111019055510065,-0.00024855012427504874,0.002651201325600594
11,11,0.9345484672742337,0.9329940627650551,0.9372124709023311,0.9715035910108889,-0.005302402651201299,-0.003976801988401002,-0.01151615575807774,0.001325600662800297,0.001657000828500399,-0.010604805302402598,-0.005385252692626241,-0.008285004142502106,-0.000994200497100084,-0.008782104391052203,-0.0057995028997513964,-0.0001657000828499955,0.000331400165700102,-0.0035625517812759577,-0.00704225352112664,0.0057995028997515075,-0.002734051367025536,-0.0028997514498755317,-0.000662800331400093,-0.0020712510356255542,0.0009113504556754748,-0.0034797017398506824,8.285004142505326e-05,0.00480530240265109,-0.005302402651201299,0.00024855012427504874,-0.0022369511184754387,0.004308202154100993
12,12,0.9569179784589892,0.9545454545454546,0.9577283960151364,0.9786994031530288,-0.0011599005799503015,0.0010770505385252482,0.005302402651201299,-0.0015741507870753457,0.003314001657000687,0.002071251035625443,0.001657000828500399,0.000331400165699991,0.00198840099420039,0.009527754763877239,0.001325600662800186,-0.0011599005799503015,-0.0014084507042253502,-0.0011599005799503015,-0.0012427506213754658,0.0007456503728251462,0.004308202154101104,-0.005633802816901623,0.0012427506213752437,-0.0038111019055510065,0.003314001657000687,-0.0004971002485503195,0.009362054681027354,0.004142502071250886,0.007125103562551693,0.001325600662800297,0.0025683512841755407,-0.0019055509527754477
13,13,0.9527754763877382,0.9503051438535309,0.9537347064858841,0.9721351897002527,0.0038111019055508955,-0.0004971002485502085,0.002071251035625443,0.013835956917978343,-8.285004142494223e-05,-0.0004971002485502085,-0.0009113504556753638,0.0002485501242749377,-0.0005799502899750397,-0.0028169014084507005,-0.001988400994200501,-0.0004971002485499865,-0.0038111019055510065,0.0012427506213753547,0.0004971002485502085,-0.0024855012427505985,-0.009113504556752305,-0.0022369511184755497,-0.0028169014084507005,-0.0027340513670257582,-0.000662800331400093,0.0009113504556752527,0.011433305716652908,0.008782104391052092,0.000331400165700102,-0.0007456503728252573,-0.000662800331400315,0.0004142502071249332
14,14,0.9386909693454847,0.936426116838488,0.9405359487219089,0.9441931533598844,0.029908864954432568,0.00041425020712504423,0.0009113504556753638,0.0030654515327258602,-0.0032311516155757447,0.004308202154101104,0.0018227009113503945,0.0025683512841757627,0.009279204639602412,0.0014913007456502925,-0.0008285004142501995,-0.0038111019055510065,-0.00033140016569987996,-0.002319801159900492,0.0048053024026512015,0.0014084507042252392,-0.002982601491300696,0.001325600662800519,0.000994200497100195,0.006379453189726547,-0.003728251864125842,0.01151615575807785,0.0036454018227009,-0.0014084507042253502,0.002651201325600705,0.0009113504556753638,0.004391052195526157,-0.0011599005799501905
15,15,0.9411764705882353,0.938950988822012,0.9429768432201053,0.9750863276811226,0.06785418392709197,0.0014084507042253502,-8.285004142516428e-05,0.003065451532725638,-0.0028997514498757537,0.001988400994200501,-0.000662800331400093,0.018392709196354606,-0.006379453189726547,0.0008285004142501995,0.004888152444076255,0.005633802816901401,-0.006379453189726547,-0.007290803645401911,-0.002982601491300585,0.004971002485501086,0.010936205468102811,0.0028997514498756427,-0.0025683512841756517,0.000662800331400204,0.0011599005799503015,-0.004059652029826055,0.01035625517812766,0.005716652858326454,0.0051367025683513035,0.002319801159900492,0.003728251864125842,0.0021541010770504965
16,16,0.9270919635459818,0.9258010118043845,0.9301131913109673,0.9807817481769139,0.004556752278376042,-0.0024855012427505985,-1.1102230246251565e-16,-0.003976801988400891,0.0008285004142503105,-0.009362054681027465,-0.014995857497928866,-0.01201325600662806,-0.009030654515327141,-0.005633802816901401,-0.007539353769676849,-0.01176470588235301,-0.0015741507870754567,0.004556752278376153,-0.009113504556752416,0.006296603148301494,-0.0009113504556752527,-0.003976801988401113,-0.0030654515327257492,-0.003976801988400891,0.0014913007456505145,0.0012427506213752437,0.015078707539353808,0.0038939519469759487,0.0017398508699253412,-0.002319801159900492,-0.002982601491300696,-0.003976801988401113
17,17,0.951946975973488,0.9498269896193772,0.9534051167768057,0.9860386350848934,-0.0011599005799501905,-0.000331400165700213,0.0015741507870754567,0.0031483015741506915,-0.004722452361226148,-0.00165700082850051,0.0,-0.0025683512841756517,-0.0004971002485500975,-0.000331400165700213,-0.0028169014084507005,-0.000994200497100195,-0.000331400165700213,-0.00024855012427504874,-0.002319801159900603,-0.0048053024026512015,0.0021541010770507185,-0.0024855012427504874,-0.0009113504556751417,-0.0021541010770506075,-0.0012427506213754658,0.00024855012427504874,0.0033968516984259622,0.0032311516155757447,0.00041425020712515526,-0.0011599005799504125,0.0012427506213753547,0.000331400165700102
18,18,0.9353769676884839,0.9333333333333333,0.9375420606114095,0.976912171927231,0.0025683512841756517,-0.006876553438276867,-0.004971002485501197,0.0014913007456504035,-0.004639602319801095,-0.002402651201325434,-0.0001657000828499955,-0.0030654515327257492,-0.007953603976802004,-0.006213753106876441,-0.001657000828500288,-0.01035625517812755,0.0025683512841756517,-0.007622203811101902,0.002734051367025647,0.0044739022369512105,-0.0038111019055510065,-0.0004971002485499865,-0.0004971002485499865,-0.0009113504556751417,-0.0011599005799501905,0.009693454846727345,-0.0019055509527755587,-0.01176470588235301,0.0015741507870754567,-0.0031483015741508025,-0.0022369511184755497,0.0014913007456506255
19,19,0.9196354598177299,0.9188284518828452,0.9231256136712156,0.9628515163884691,-0.007539353769677071,0.0004142502071249332,0.0025683512841756517,0.007373653686826853,0.01317315658657825,-0.0035625517812759577,-0.007373653686826742,-0.00588235294117645,0.0038111019055508955,-0.011267605633802802,-0.009859154929577674,-0.0036454018227009,-0.00836785418392716,-0.003645401822701011,0.0024026512013257673,0.008616404308202097,-0.0025683512841757627,0.001988400994200501,0.000994200497100195,-0.0038111019055510065,0.005302402651201188,-0.01930405965202986,0.02187241093620551,0.001325600662800297,-0.0027340513670257582,0.0005799502899751507,-0.0024855012427507095,8.285004142516428e-05
20,20,0.9552609776304888,0.9525483304042179,0.9557287931776309,0.9781726112330793,0.0017398508699253412,0.0030654515327257492,0.0001657000828499955,0.004225352112675829,0.000994200497100195,0.0038939519469759487,-0.0011599005799503015,0.013256006628003192,-0.004639602319801317,0.0014913007456502925,0.020961060480530258,0.0024855012427504874,0.010687655343827651,0.0024855012427504874,0.0019055509527755587,0.0009113504556753638,0.0028997514498757537,0.0012427506213754658,0.000662800331400093,0.0041425020712509975,-0.000331400165700102,0.0024855012427507095,0.011267605633802691,0.03927091963545992,0.004639602319801095,0.0034797017398506824,-0.00016570008284988447,0.0024026512013256562
21,21,0.9328914664457332,0.9303525365434222,0.9346543583067639,0.9659819291064947,0.00024855012427515977,-0.004639602319801317,-0.009444904722452296,8.285004142516428e-05,0.001988400994200501,-0.0036454018227009,-0.0030654515327257492,-0.0020712510356255542,-0.0067937033968517024,-0.0044739022369513215,-0.0015741507870754567,-0.0004971002485502085,-0.0018227009113505055,1.1102230246251565e-16,-0.0007456503728252573,0.011516155758077962,-0.0035625517812758467,-0.006959403479701698,-0.0038939519469759487,-0.0007456503728252573,-0.0057995028997515075,0.015907207953603897,0.0007456503728252573,-0.00041425020712515526,0.004391052195526046,-0.004639602319801095,-0.004308202154101215,0.0002485501242749377
22,22,0.9337199668599834,0.931740614334471,0.9359892655803537,0.9755938130909172,0.0031483015741508025,-0.0004142502071253773,0.004308202154101104,-0.0004971002485502085,0.009113504556752305,-0.00024855012427515977,0.006296603148301494,0.010521955260977656,0.0027340513670257582,0.00198840099420039,0.011930405965203117,-0.004391052195526157,-0.0035625517812758467,0.014333057166528329,0.007290803645401689,-0.002319801159900603,-0.0008285004142503105,-0.0057995028997515075,0.006710853355426538,0.004556752278376042,-0.004308202154100993,0.003976801988401002,-0.0025683512841756517,-0.0033968516984259622,-0.001325600662800408,-0.0004971002485502085,0.007290803645401689,0.000331400165699991
23,23,0.9353769676884839,0.9336734693877551,0.9378771664662467,0.9797254062641351,-0.005219552609776135,-0.0007456503728252573,-0.0031483015741508025,-0.000662800331400093,-0.000331400165699991,-0.005136702568351192,-0.009113504556752305,-0.008367854183927048,-0.0038111019055508955,-0.008202154101077053,-0.004556752278376042,-0.0028997514498757537,-0.0022369511184755497,-0.0009113504556753638,-0.0004971002485502085,0.000994200497100084,-0.0014084507042252392,-0.005302402651201299,-0.002651201325600705,-0.0020712510356255542,-0.001325600662800186,0.005882352941176561,-0.004722452361226037,-0.0022369511184756607,-0.008285004142502106,-8.285004142494223e-05,-0.0015741507870752347,-0.003314001657000798
24,24,0.9527754763877382,0.9503916449086162,0.9538464084374966,0.9769094138543517,0.009776304888152398,-0.0014084507042252392,0.0009113504556750307,0.01342170671085341,0.0012427506213753547,-0.0061309030654516095,-0.006379453189726658,-0.0038111019055508955,-0.0019055509527753367,-0.003976801988401002,-0.007705053852526733,0.004142502071250886,-0.001657000828500288,-0.0010770505385253593,-8.285004142516428e-05,0.004308202154100993,0.0007456503728250352,-0.004639602319801095,-0.0007456503728252573,-0.000994200497100306,-0.0024855012427505985,0.014664457332228653,-0.0038939519469761708,0.008119304059652,-0.0028997514498757537,0.002651201325600705,0.002982601491300696,-0.0017398508699255633
25,25,0.9502899751449876,0.9475524475524476,0.9510704080844632,0.9770804143728694,0.006213753106876552,0.0048053024026512015,0.007870753935377062,0.0021541010770504965,-0.0032311516155758557,0.002402651201325545,-0.003645401822701011,-0.00041425020712504423,-0.0008285004142501995,0.007125103562551693,0.01118475559237786,0.007042253521126751,-0.0014913007456505145,0.00041425020712515526,0.010770505385252704,0.0014913007456502925,0.001988400994200612,0.023363711681855803,-0.002402651201325545,0.01035625517812755,0.0007456503728251462,0.0024026512013257673,0.001657000828500399,0.0054681027340514055,0.006959403479701698,0.004059652029826055,0.010190555095277554,0.006296603148301605
26,26,0.9536039768019884,0.9509632224168126,0.9542877000981874,0.9827427379941087,-0.004308202154101215,-0.006545153272576654,0.004971002485501197,0.0017398508699254522,-0.00041425020712515526,-0.00530240265120141,-0.007622203811101902,-0.00563380281690129,0.005550952775476459,0.0004971002485499865,0.0022369511184756607,0.0072908036454018,0.009693454846727345,0.0007456503728252573,0.005385252692626241,0.008202154101077053,-0.0018227009113505055,-0.001657000828500399,-1.1102230246251565e-16,0.008782104391052203,0.002651201325600705,0.008450704225352101,-8.285004142516428e-05,-0.009196354598177248,-0.0031483015741506915,-0.0034797017398507935,0.001325600662800186,0.0077879038939520084
27,27,0.9345484672742337,0.9307624890446976,0.9350901338216961,0.9698873603036086,0.0032311516155757447,-0.0004142502071249332,-0.0012427506213752437,-0.0057995028997513964,-0.0001657000828499955,-0.0015741507870754567,0.001988400994200501,-0.0011599005799504125,0.000994200497100306,0.003976801988400891,0.0030654515327257492,0.012261806130903108,-0.002402651201325434,0.0025683512841758738,0.0020712510356255542,0.0057995028997515075,-0.00563380281690129,0.008285004142501995,0.002651201325600816,0.001325600662800408,-0.0028997514498757537,0.006876553438276645,-0.004556752278376042,0.007207953603976747,0.0018227009113505055,-0.0001657000828499955,0.0007456503728251462,0.008616404308202319
28,28,0.9362054681027341,0.9343563512361467,0.9385418620301622,0.9800618911554119,-0.0034797017398509045,-0.002319801159900603,-0.000662800331400204,-0.001988400994200501,-0.00753935376967696,-0.0077879038939520084,-0.015824357912179066,-0.011101905550952695,0.0018227009113505055,-0.012758906379453205,0.002734051367025647,-0.012841756420878259,0.0008285004142503105,-0.009196354598177248,0.008450704225352101,-0.0021541010770504965,-0.0014913007456504035,-0.0017398508699252302,-0.0020712510356255542,-0.0031483015741508025,-0.00671085335542676,0.010521955260977767,0.004556752278376264,-0.004391052195526046,-0.0035625517812758467,-0.0008285004142500885,0.00041425020712515526,0.0028169014084507005
29,29,0.9254349627174814,0.9242424242424242,0.9285603962799114,0.9767080745341615,-0.006213753106876441,0.00041425020712515526,0.0001657000828501065,0.004556752278376264,-0.0014084507042253502,-0.0025683512841756517,-0.00563380281690129,-0.0028997514498757537,-0.000994200497100306,-0.0021541010770504965,0.0011599005799503015,-0.0038939519469759487,0.0014913007456504035,0.0024855012427507095,-0.0014084507042253502,-0.0030654515327257492,0.0014913007456504035,-0.002651201325600705,-0.0022369511184755497,-0.0001657000828501065,0.0014913007456504035,0.004556752278376042,0.0061309030654516095,0.0037282518641259532,0.002319801159900603,0.0011599005799503015,-0.0017398508699254522,0.002402651201325545
30,30,0.9469759734879868,0.9445407279029463,0.9482999238771885,0.9810189424445351,-0.0061309030654516095,-0.00016570008284988447,0.007622203811102013,0.014664457332228653,-0.0034797017398507935,-0.003314001657000798,-0.0017398508699252302,-0.0021541010770506075,-0.0008285004142500885,-8.285004142494223e-05,0.0057995028997515075,0.008616404308202097,0.000662800331400204,-0.005136702568351192,0.0025683512841754297,0.002402651201325545,-0.0032311516155757447,-0.002319801159900381,-0.003976801988400891,0.004391052195526046,-0.0007456503728252573,0.03106876553438298,-0.0028997514498756427,0.0035625517812760688,-8.285004142494223e-05,-0.0015741507870752347,0.001325600662800408,-0.0041425020712509975
31,31,0.9395194697597349,0.9375534644995723,0.9416474520922741,0.9766032677647474,0.0001657000828499955,-0.0035625517812759577,-0.0032311516155756337,-0.0035625517812759577,0.005716652858326343,-0.00505385252692625,-0.0038111019055510065,-0.008699254349627261,-0.0027340513670257582,-0.006048053024026445,-0.00505385252692625,-0.0018227009113502834,-0.000994200497100195,-0.0012427506213752437,0.0007456503728251462,0.004888152444076033,-0.00588235294117645,-8.285004142505326e-05,0.000662800331400204,-0.0004971002485503195,-0.0010770505385252482,0.005965202982601392,0.006876553438276867,-0.0048053024026512015,-0.002982601491300807,0.0031483015741506915,0.0,0.0012427506213754658
32,32,0.951946975973488,0.9498269896193772,0.9534051167768057,0.981816025506658,0.0018227009113503945,0.006213753106876663,0.0014913007456502925,-0.0012427506213752437,0.007953603976802004,-0.0030654515327257492,-0.0022369511184756607,0.002402651201325545,-0.0011599005799504125,0.004473902236950988,0.0048053024026513125,0.004639602319801206,0.001657000828500399,0.0028997514498758648,0.007456503728251795,0.011184755592377638,0.00836785418392727,-0.0020712510356255542,-0.000662800331400093,0.004722452361226259,0.005633802816901512,-0.002982601491300585,0.017481358740679354,0.0041425020712511085,0.0024855012427505985,0.002982601491300696,0.0028997514498756427,0.000994200497100195
33,33,0.8972659486329743,0.8981937602627258,0.9019394768487363,0.9698570215019363,-0.00165700082850051,-0.019718309859154792,-0.0014084507042252392,-0.00041425020712504423,-0.04432477216238628,-0.021955260977630675,-0.02601491300745662,-0.0165700082850041,-0.04150787075393547,-0.018061309030654615,-0.0004971002485500975,-0.011930405965203117,-0.0074565037282520175,-0.005219552609776357,-0.0048053024026512015,-0.028334714167357,-0.009030654515327363,-0.006048053024026667,-0.000994200497100195,-0.002319801159900492,-0.0037282518641259532,0.0031483015741509135,0.013421706710853298,0.013918806959403396,-0.0044739022369512105,0.000662800331400093,-0.008699254349627261,-0.0061309030654514984
34,34,0.9610604805302403,0.958590308370044,0.9613869796895513,0.988013415266485,-0.00588235294117645,-0.0014084507042253502,0.0014913007456502925,-0.00041425020712515526,0.0009113504556752527,-0.002319801159900492,-0.00041425020712504423,-0.00024855012427504874,0.007539353769676849,-8.285004142505326e-05,0.002402651201325545,0.00024855012427504874,0.0019055509527754477,-0.004888152444076255,0.006628003314001818,0.000331400165700102,-0.000331400165700102,0.000662800331400204,-0.006213753106876552,-0.002402651201325545,-0.0005799502899750397,0.0072908036454018,0.01317315658657825,0.006545153272576654,0.001325600662800297,0.0001657000828499955,-0.00041425020712504423,-0.001657000828500399
35,35,0.9378624689312345,0.9361702127659575,0.9403180609644429,0.9769066557814724,-0.00869925434962715,-0.011681855840927735,-0.0067937033968517024,-0.0018227009113503945,0.00024855012427504874,-0.0037282518641260642,-0.0014913007456502925,-0.008285004142501995,0.010273405136702607,-0.0008285004142501995,-0.011516155758077962,-0.004059652029825944,-0.0028997514498756427,-0.008947804473902199,-0.007539353769676849,-0.0031483015741506915,0.0028169014084507005,-0.00869925434962715,-0.0067937033968517024,-0.012427506213753103,-0.0022369511184754387,0.0022369511184756607,0.00198840099420039,0.016072908036454003,-0.002982601491300696,-0.000994200497100306,0.0014084507042254613,-0.004722452361226259
36,36,0.9304059652029826,0.9283276450511946,0.9326602716150172,0.9774665445759739,-0.0038939519469760597,-0.0032311516155756337,-0.004059652029826055,-0.0028169014084507005,0.0007456503728252573,-0.0038111019055508955,-0.007705053852527066,-0.01350455675227824,-0.007705053852526955,-0.006876553438276867,-0.012178956089478166,0.0024855012427505985,0.003976801988400891,-0.016155758077879057,0.00016570008284988447,0.007207953603976747,-0.004308202154101104,-0.0017398508699253412,0.000662800331399982,-0.0018227009113505055,-0.009610604805302625,0.004639602319801206,-0.0054681027340515165,0.00845070422535199,-0.00016570008285021753,-0.002651201325600705,-0.0017398508699253412,0.0033968516984259622
37,37,0.8409279204639603,0.8518518518518519,0.8497029555508975,0.9642471012654038,0.00894780447390231,0.006545153272576876,0.0071251035625518044,0.0028169014084508115,-0.09014084507042242,0.0009113504556752527,-0.0001657000828499955,0.005965202982601503,-0.08384424192212081,0.0020712510356256653,0.0028169014084508115,0.005385252692626352,-0.02808616404308195,0.021955260977630453,0.014581607290803711,-0.005219552609776246,0.008119304059652,-0.0021541010770506075,-0.009942004971002505,0.0071251035625518044,0.013587406793703516,0.014913007456503813,0.04432477216238606,0.0038111019055510065,0.010936205468102811,-0.002651201325600705,0.0030654515327258602,0.0032311516155757447
38,38,0.9635459817729909,0.961335676625659,0.9640512780909722,0.9866757499200159,-0.0035625517812758467,0.002651201325600594,0.006296603148301605,-0.0019055509527753367,0.0008285004142503105,-0.00024855012427515977,-0.0017398508699254522,-0.004971002485501086,-0.0004971002485502085,-0.0021541010770506075,0.0019055509527754477,-0.0007456503728252573,0.0030654515327257492,-0.0017398508699254522,-0.0005799502899752618,0.0025683512841756517,0.0022369511184755497,-8.285004142494223e-05,0.002402651201325545,0.0031483015741506915,-0.0007456503728252573,0.0024026512013256562,0.0012427506213753547,0.002071251035625443,0.0012427506213753547,-0.000662800331400093,-0.0061309030654516095,0.0041425020712509975
39,39,0.9362054681027341,0.9339055793991416,0.9380950542237128,0.9684090332402944,0.005219552609776246,0.006876553438276867,0.001988400994200501,0.007042253521126862,0.01764705882352957,0.000331400165699991,-0.00671085335542676,-0.002071251035625332,0.027009113504556703,0.006959403479701587,-0.0011599005799503015,0.009610604805302403,0.00041425020712515526,-0.002402651201325545,0.001325600662800408,0.0037282518641259532,0.001325600662800408,0.0028169014084507005,0.0015741507870754567,0.0021541010770506075,0.0012427506213754658,0.002734051367025647,0.019469759734879855,0.0022369511184755497,0.0022369511184756607,0.0035625517812760688,0.002734051367025647,0.0014084507042253502
40,40,0.8906379453189727,0.8932038834951457,0.8962868064825744,0.9660674293657535,0.08069594034797023,0.03189726594863285,0.05095277547638777,0.010273405136702607,-0.018061309030654615,0.06603148301574158,0.021623860811930462,0.08666114333057173,-0.008036454018227057,0.052775476387738274,0.029826014913007404,0.03587406793703407,0.022038111019055506,0.053935376967688575,0.007539353769676849,-0.020546810273405214,0.021209610604805307,0.04639602319801173,0.059237779618889874,0.012593206296603321,-0.014581607290803711,0.08773819386909698,0.014830157415078538,0.04573322286661141,-0.0007456503728251462,0.020629660314830045,0.054183927091963624,-0.0031483015741508025
41,41,0.9544324772162386,0.9517966695880806,0.9550640976137154,0.9830213033549198,-0.004059652029825944,0.0004971002485502085,-0.004888152444076144,0.000994200497100306,-0.003314001657000798,-0.0017398508699254522,0.0019055509527753367,0.000994200497100306,-0.0009113504556752527,0.0005799502899752618,0.0007456503728252573,-0.0028997514498757537,0.010024855012427447,-0.0024026512013256562,0.00704225352112664,-0.0011599005799500794,-0.0024855012427505985,0.0022369511184755497,0.004888152444076366,0.0010770505385251372,-0.004059652029826166,0.0014913007456504035,-0.0018227009113505055,0.003976801988401002,-0.0022369511184755497,0.0011599005799501905,0.0017398508699254522,0.002651201325600705
42,42,0.947804473902237,0.9454545454545454,0.9491880233443288,0.9722730933442185,-0.0031483015741506915,-0.0010770505385252482,-0.001988400994200279,0.004308202154101104,0.004556752278376153,-0.000331400165700102,0.001325600662800408,0.004556752278376042,0.004639602319801095,-0.004722452361226037,-0.007953603976801893,8.285004142516428e-05,-0.005716652858326454,0.013670256835128458,0.006628003314001707,0.006710853355426871,0.008202154101077053,0.009776304888152398,0.030157415078707617,-0.002651201325600594,0.0032311516155758557,0.012924606462303312,-0.0004142502071249332,0.009444904722452407,0.007207953603976858,0.011847555923778064,0.01060480530240282,-0.0001657000828501065
43,43,0.9585749792874897,0.956369982547993,0.959504594949417,0.9746753748221043,0.013256006628003303,-0.0018227009113503945,0.007290803645401911,0.016321458160729052,0.0061309030654516095,-0.004308202154100993,0.0007456503728252573,-0.002734051367025647,0.001325600662800408,0.00024855012427515977,0.0007456503728252573,0.004391052195526268,-0.0004142502071249332,0.0020712510356255542,-0.004225352112676162,-0.0004142502071249332,0.014581607290803711,0.0022369511184756607,0.0015741507870754567,0.0002485501242749377,0.004888152444076144,0.009279204639602523,0.001988400994200612,0.01176470588235301,0.002651201325600927,0.005385252692626241,0.0022369511184756607,-0.0002485501242748267
44,44,0.9610604805302403,0.9588801399825022,0.9618337874960008,0.9815209117085709,-0.0025683512841757627,0.0027340513670257582,0.0007456503728253683,-0.002651201325600594,-8.285004142494223e-05,0.006296603148301494,0.0027340513670257582,-0.0005799502899751507,0.005385252692626574,-0.0008285004142501995,0.0038939519469760597,0.0017398508699255633,-0.0002485501242752708,0.0051367025683513035,0.0,0.002651201325600816,0.007953603976801893,-0.0014913007456502925,0.002402651201325545,0.00339685169842574,0.003976801988401002,0.008036454018227168,0.0022369511184754387,0.011019055509527753,0.0021541010770504965,0.0010770505385254703,0.0032311516155758557,0.0044739022369512105
45,45,0.9494614747307374,0.9467248908296944,0.9502940105689353,0.9761316373023841,-0.004473902236950988,-0.0021541010770504965,0.0010770505385254703,8.285004142505326e-05,0.00588235294117645,-0.0004971002485502085,0.0024855012427504874,0.005716652858326454,0.024026512013255896,-0.001988400994200501,0.001325600662800297,0.002319801159900492,0.0036454018227009,0.0,0.0017398508699253412,0.005385252692626352,-0.0009113504556752527,0.011599005799502904,-0.003645401822701011,-0.0005799502899751507,0.000662800331400093,0.0004971002485500975,-0.000994200497100306,0.003065451532725638,-0.0011599005799503015,0.0014913007456502925,-0.0030654515327258602,0.0017398508699253412
46,46,0.9469759734879868,0.9451114922813036,0.9489701355868627,0.9661667199894091,-0.001325600662800186,-0.003645401822700789,-8.285004142494223e-05,0.0033968516984258512,0.00165700082850051,-0.006379453189726436,-0.0051367025683514145,-0.0061309030654516095,-0.0008285004142500885,-0.0044739022369510995,-0.010604805302402487,-0.0025683512841756517,-0.0032311516155757447,0.006213753106876663,-0.005468102734051294,-8.285004142494223e-05,0.0014913007456504035,-0.004391052195526046,-0.002319801159900603,-0.005468102734051294,-0.000662800331400204,-0.00339685169842574,0.008947804473902421,-0.002734051367025647,0.0008285004142503105,-0.002319801159900603,-0.002734051367025425,-0.0015741507870754567
47,47,0.9345484672742337,0.9294012511170688,0.93386141235396,0.9647794093311121,0.0017398508699254522,0.010521955260977656,-0.0022369511184754387,0.0037282518641261753,0.0067937033968517024,0.010024855012427558,-0.004059652029826055,0.0041425020712511085,-0.012427506213752992,0.007953603976801893,-0.012676056338028263,0.009859154929577563,0.0020712510356255542,0.00977630488815262,0.0028169014084507005,-0.002071251035625332,0.004971002485501308,0.00198840099420039,0.016570008285004212,0.0009113504556754748,-0.005385252692626352,0.0011599005799503015,0.009444904722452518,0.01507870753935392,0.0009113504556752527,0.0028169014084507005,0.000331400165700102,0.012261806130903108
48,48,0.9362054681027341,0.934468085106383,0.9386535639817747,0.961602109374138,0.001657000828500399,-0.0033968516984258512,-0.00530240265120141,-0.004888152444076366,-0.0020712510356255542,-0.0034797017398509045,-0.0057995028997515075,-0.000994200497100084,-0.0004971002485502085,0.0028997514498757537,-0.0001657000828501065,-0.003728251864125842,0.003314001657000798,-0.006296603148301605,0.014415907207953604,-0.006628003314001485,0.0011599005799504125,-0.0004971002485502085,-0.002734051367025647,0.0009113504556753638,-0.0019055509527755587,-0.0018227009113505055,0.0157415078707539,0.0009113504556752527,-0.0024855012427505985,0.0004971002485502085,0.005550952775476459,-0.0017398508699254522
49,49,0.9569179784589892,0.9537366548042705,0.9566113764990125,0.9780733206094238,0.0012427506213754658,-0.004639602319801206,0.00927920463960219,0.0031483015741506915,-0.0014084507042253502,0.009610604805302403,-0.004059652029826055,-0.0014084507042253502,-0.00530240265120141,0.0017398508699255633,0.0054681027340514055,0.0051367025683513035,-0.0007456503728251462,-0.0031483015741506915,0.00198840099420039,0.003314001657000687,0.0018227009113503945,0.0035625517812759577,-0.002319801159900492,0.002071251035625443,-0.000331400165700102,0.0064623032311516004,-0.0024855012427507095,0.000662800331400093,0.0011599005799503015,0.00198840099420039,-8.285004142494223e-05,0.004391052195525935
50,50,0.927920463960232,0.9253218884120171,0.9297725693103714,0.9689165186500889,-0.0022369511184754387,-0.005219552609776357,-0.006628003314001596,0.0004971002485500975,-0.003314001657000687,-0.00198840099420039,-0.001325600662800297,-0.0007456503728251462,-0.0009113504556751417,-0.009610604805302292,-0.007373653686826853,-0.002071251035625443,-0.0018227009113503945,0.000994200497100195,-0.0019055509527753367,-0.005468102734051183,-0.0028169014084505895,-0.005385252692626352,-0.0034797017398507935,-0.003645401822700789,-0.0022369511184755497,0.0067937033968518135,-0.001988400994200501,0.0109362054681027,-0.0014084507042252392,-0.0012427506213753547,-0.0022369511184755497,-0.006710853355426649
51,51,0.8989229494614748,0.9004893964110929,0.904050781637854,0.9793475502796686,-0.001988400994200501,0.007207953603976858,0.000994200497100195,-0.006545153272576432,-0.008036454018226946,-0.0072908036454018,-0.002651201325600594,-0.0051367025683513035,0.030737365368682767,0.00861640430820243,-0.007207953603976747,0.0041425020712509975,0.0017398508699253412,-0.0238608119304059,-0.000662800331400204,0.011350455675227966,-0.0004142502071249332,-0.002651201325600594,-0.005053852526926361,-0.007953603976801893,0.0038111019055510065,-0.008285004142501995,-0.00588235294117645,-0.004142502071250886,0.000994200497100195,0.0020712510356255542,-0.0031483015741509135,0.0021541010770506075
52,52,0.951946975973488,0.9500860585197934,0.9537402226316427,0.9815071213441744,0.004391052195526157,0.004639602319801206,0.00480530240265109,0.002071251035625443,0.0004971002485502085,-0.002982601491300585,0.004473902236950988,0.00041425020712515526,0.0009113504556752527,0.0004142502071249332,0.001988400994200501,-0.0007456503728251462,0.0011599005799505235,-0.007207953603976858,0.01234465617232805,0.004888152444076366,0.0037282518641260642,0.0030654515327257492,-0.00165700082850051,-0.0044739022369510995,-0.0008285004142503105,0.013670256835128347,0.0024855012427505985,-0.002651201325600705,0.006379453189726658,-0.00024855012427504874,0.0034797017398507935,0.0009113504556750307
53,53,0.9527754763877382,0.950477845351868,0.9539581103891089,0.97861390289377,-0.00041425020712504423,-0.008864954432477257,-0.00836785418392716,0.013338856669428245,-0.003976801988401002,-0.009859154929577452,0.0021541010770504965,0.0014084507042253502,0.0031483015741506915,-0.008285004142502106,-0.005385252692626241,0.0038939519469759487,-0.0035625517812758467,-0.011930405965203117,0.003314001657000798,0.0011599005799503015,0.002651201325600594,-0.00563380281690129,-0.005550952775476348,-0.0004971002485502085,1.1102230246251565e-16,0.0004971002485502085,0.002071251035625443,0.002734051367025647,-0.006379453189726658,-8.285004142516428e-05,-0.0031483015741508025,0.007125103562551582
54,54,0.947804473902237,0.9455488331892826,0.9492997252959412,0.9819677195150205,0.0071251035625519155,-0.0004142502071252663,-0.0067937033968517024,0.004391052195526268,0.020961060480530147,0.0002485501242749377,0.002319801159900714,-0.0028997514498757537,-0.002402651201325323,-8.285004142505326e-05,0.0014084507042252392,0.006379453189726658,-0.0009113504556752527,-0.0004971002485499865,-0.007953603976801893,-0.0009113504556750307,0.001325600662800408,0.0017398508699254522,-0.003645401822700789,-0.007373653686826853,-0.000662800331399982,0.00671085335542676,0.000662800331400093,0.0028169014084507005,-0.0012427506213753547,-0.004059652029825944,-0.0009113504556752527,-0.004639602319801095
55,55,0.9502899751449876,0.9479166666666666,0.9515172158909126,0.9849023090586145,-0.0035625517812759577,-0.00505385252692625,-0.0038111019055510065,0.0015741507870753457,-0.002319801159900492,-0.0010770505385252482,0.0009113504556752527,0.0002485501242748267,0.016404308202154105,-0.0028997514498756427,-0.001325600662800297,-0.00024855012427504874,-0.0032311516155758557,0.0038939519469758377,0.000331400165700102,-8.285004142505326e-05,-0.002734051367025536,-0.0024026512013257673,-0.0034797017398509045,-0.004888152444076033,-8.285004142494223e-05,0.012427506213753103,-0.0035625517812759577,0.009610604805302403,0.0001657000828499955,-0.00588235294117645,-0.005219552609776246,0.001657000828500399
56,56,0.8674399337199669,0.8728139904610492,0.8742125701929548,0.9656095892677867,0.046396023198011505,0.005965202982601503,0.003065451532725638,-0.006379453189726658,-0.05882352941176461,0.0157415078707539,0.012261806130902997,-0.013256006628003303,-0.05376967688483847,-0.023032311516155812,0.0,0.029080364540182146,0.008036454018227057,0.020215410107705112,-0.026263463131731446,0.06048053024026512,0.0117647058823529,0.0035625517812759577,0.012593206296603099,0.015078707539353808,-0.014415907207953493,0.0468931234465616,0.01880695940347954,0.02999171499585762,0.005965202982601392,0.008533554266777155,0.0031483015741508025,0.0017398508699255633
57,57,0.9295774647887324,0.9271636675235647,0.9315487682446522,0.9569161435521772,-0.0025683512841755407,-0.0022369511184756607,-0.0009113504556753638,0.007622203811101791,0.013918806959403618,-0.002734051367025536,0.005550952775476348,-0.004888152444076144,-0.00041425020712504423,-0.004722452361226148,0.004971002485501086,-0.0018227009113503945,0.004888152444076255,0.005219552609776135,0.0001657000828501065,0.005302402651201299,0.0022369511184755497,-0.002651201325600705,-0.001988400994200612,0.0019055509527754477,-0.0061309030654514984,0.00024855012427504874,0.010190555095277554,0.001657000828500399,0.00041425020712504423,0.002982601491300585,-0.0009113504556753638,-0.0009113504556751417
58,58,0.947804473902237,0.9459227467811159,0.9497465331023907,0.9817663801948302,-0.000331400165700102,0.002734051367025647,0.0007456503728250352,0.004308202154100993,0.0027340513670257582,-0.0019055509527754477,-8.285004142505326e-05,-0.0038111019055508955,0.02999171499585762,-0.008616404308202097,-0.007705053852526955,-0.008036454018227057,-0.0034797017398510155,0.0019055509527755587,-0.0035625517812758467,0.005302402651201188,0.0035625517812759577,-0.005302402651201188,-0.00787075393537695,-0.006959403479701698,0.010024855012427447,0.006379453189726658,0.003976801988401002,0.020629660314830156,-0.0005799502899751507,-0.00024855012427515977,-0.005716652858326454,-0.00985915492957734
59,59,0.9378624689312345,0.9362786745964317,0.9404297629160553,0.9710733316417154,0.06735708367854176,-0.006628003314001596,0.00024855012427504874,0.0024855012427504874,-0.0041425020712511085,-0.011350455675227855,-0.0034797017398507935,0.004639602319801095,-0.004556752278376042,-0.0018227009113503945,-0.010936205468102811,-0.006213753106876552,0.0028169014084507005,-0.00024855012427515977,0.027506213753107023,-0.0032311516155757447,0.0008285004142503105,0.009113504556752305,-0.0010770505385252482,0.00041425020712504423,-0.0010770505385253593,0.012593206296602988,0.01143330571665302,0.0025683512841756517,-0.000994200497100195,0.00165700082850051,-0.0004142502071249332,0.000994200497100417
60,60,0.9527754763877382,0.9502183406113537,0.9536230045342718,0.9793392760610307,0.016570008285004212,-8.285004142516428e-05,0.0008285004142503105,-0.0022369511184755497,0.0007456503728252573,0.0014084507042253502,0.001988400994200501,0.0028169014084507005,0.0012427506213751327,0.0015741507870753457,0.004639602319801095,0.005882352941176339,0.0057995028997515075,0.002651201325600594,0.0014084507042253502,0.0007456503728250352,-0.00041425020712504423,0.0032311516155757447,-0.00024855012427515977,0.00016570008284988447,0.0009113504556752527,0.01681855840927926,0.004639602319801095,-0.0001657000828499955,0.004556752278376042,0.0024855012427505985,0.0036454018227009,-0.0014084507042252392
61,61,0.9204639602319801,0.919732441471572,0.9240137131383559,0.9744188740443277,-0.018309859154929664,0.001657000828500399,-0.0001657000828499955,0.00339685169842574,0.0014084507042253502,-0.010439105219552824,-0.0038939519469759487,-0.000331400165699991,-0.010107705053852722,-0.004225352112676273,0.0008285004142501995,-0.006628003314001707,-0.0033968516984258512,-0.007622203811102013,-0.004556752278376375,0.009859154929577563,-0.0032311516155758557,-0.01259320629660321,-0.007622203811101902,-0.003314001657000909,0.001657000828500399,-0.0038939519469759487,0.02974316487158246,-0.0035625517812759577,-0.0028169014084508115,-0.003314001657000909,-0.004556752278376153,-0.0019055509527755587
62,62,0.9188069594034797,0.9115523465703971,0.9174343302847434,0.9755882969451585,0.000662800331400204,0.004639602319801206,0.0077879038939521195,0.009279204639602412,-0.023446561723280968,0.001325600662800297,-0.0024855012427507095,0.0021541010770504965,-0.0157415078707539,0.031234465617232865,0.0017398508699254522,0.018558409279204602,-0.007622203811101791,0.024855012427506318,0.025103562551781367,0.011019055509527531,0.03198011599005801,0.023777961888980848,-0.004308202154101104,0.003065451532725638,-0.005965202982601503,0.0190555095277547,0.05352112676056342,0.00588235294117645,-0.0030654515327258602,0.014084507042253613,0.0034797017398507935,0.005716652858326454
63,63,0.9420049710024855,0.9397590361445783,0.9437532407356333,0.9871859934026896,-0.017232808616404194,-0.00811930405965211,-0.016984258492129367,0.006876553438276756,0.0004971002485499865,-0.012841756420878259,-0.009444904722452296,-0.010770505385252815,-0.010770505385252815,-0.0024855012427505985,0.0012427506213753547,0.00530240265120141,-0.002319801159900603,0.0012427506213751327,-0.005882352941176561,-0.004888152444076366,-0.0035625517812759577,-0.0035625517812759577,-0.0027340513670257582,-0.006545153272576543,-0.005716652858326565,0.001657000828500399,0.00041425020712515526,0.010439105219552491,-0.009362054681027354,-0.0145816072908036,0.004308202154100993,-0.009444904722452296
64,64,0.9494614747307374,0.9475494411006019,0.9512993281334465,0.9765177675054886,-0.003645401822700789,-0.0038939519469760597,0.0004971002485500975,0.0010770505385251372,0.0008285004142501995,-0.012593206296603099,0.003314001657000909,0.005550952775476348,-0.002071251035625443,-0.0030654515327258602,0.0014084507042254613,-0.002402651201325545,0.0041425020712511085,0.007705053852526844,0.007042253521126862,0.004639602319801206,0.0014913007456502925,-0.007787903893951897,-0.0064623032311516004,-0.009527754763877239,-0.005633802816901401,0.011847555923777953,0.0004971002485500975,0.00198840099420039,-0.004308202154101104,-0.0022369511184755497,0.0007456503728253683,-0.0038939519469760597
65,65,0.932062966031483,0.9296740994854202,0.9339896627428483,0.9575780810432135,-0.005716652858326565,-0.0057995028997516185,-0.012676056338028263,-0.0030654515327259713,-0.0041425020712509975,-0.0034797017398511265,-0.0019055509527755587,-0.008450704225352101,-8.285004142494223e-05,-0.000331400165699991,-0.010190555095277665,-0.007042253521126751,-0.0024855012427505985,-0.000994200497100306,-0.002319801159900603,-0.005882352941176561,0.004888152444076144,-0.0008285004142503105,-0.003976801988401002,-0.000331400165699991,-0.00041425020712515526,0.011847555923777842,-0.007622203811102013,0.019801159900579846,-0.005219552609776246,0.000662800331400204,-0.0009113504556752527,-0.0019055509527754477
66,66,0.923777961888981,0.9224283305227656,0.9267841973456307,0.9754779740299858,0.002319801159900492,-0.0031483015741505804,0.001325600662800297,0.0018227009113505055,0.0001657000828501065,-0.014913007456503702,-0.019966859983430063,-0.010439105219552491,-0.010273405136702496,-0.006213753106876441,-0.004888152444076255,-0.019386909693454912,-0.0009113504556753638,-0.0041425020712509975,-0.01681855840927915,0.004888152444076366,0.0007456503728252573,-0.005302402651201299,-0.0008285004142503105,-0.007539353769676738,-0.007705053852526955,0.01259320629660321,-0.00869925434962715,0.008699254349627372,-0.0014913007456502925,-0.000662800331400093,-0.009859154929577452,-0.009362054681027132
67,67,0.9552609776304888,0.9526315789473684,0.9558404951292433,0.9750421985150536,0.005385252692626241,-0.005219552609776357,0.0038939519469759487,0.0057995028997513964,-0.0030654515327257492,-0.004888152444076255,-0.009527754763877572,0.0001657000828499955,-0.004971002485501419,-0.0044739022369512105,-0.0038111019055511175,-0.0012427506213753547,0.004308202154101104,0.00198840099420039,0.00563380281690129,-0.0027340513670258693,-0.00422535211267594,0.001657000828500288,0.0024026512013256562,0.0044739022369510995,-0.0005799502899752618,0.014498757249378436,0.001325600662800408,0.004391052195526046,-0.0007456503728251462,0.002734051367025536,0.0008285004142503105,0.003976801988401224
68,68,0.927920463960232,0.9253218884120171,0.9297725693103714,0.9724827068830466,-0.009196354598177137,-0.0019055509527756698,0.0019055509527753367,0.004308202154100882,-0.013338856669428245,-0.007953603976801893,0.0014084507042254613,-0.013090306545153418,-0.008450704225352212,-0.004059652029826055,0.008036454018227057,-0.008036454018226946,-0.003065451532725638,0.0034797017398506824,-0.003645401822701011,-0.007042253521126751,0.00165700082850051,-0.003976801988400891,-0.0011599005799503015,-0.0030654515327258602,0.008864954432477257,0.000662800331400315,-0.00952775476387746,0.012924606462303312,0.0028997514498757537,-0.0011599005799503015,-0.008036454018226946,0.001988400994200612
69,69,0.8947804473902237,0.8958162428219852,0.89949858235054,0.9789724523680814,-0.0255178127589063,-0.008616404308202097,0.0033968516984258512,0.006628003314001596,-0.022038111019055506,-0.008450704225352101,-0.010439105219552713,-0.014167357083678667,-0.026097763048881673,0.01035625517812755,-0.01673570836785432,-0.01963545981772985,0.03678541839270921,-0.0014913007456504035,0.04125932062966031,-0.015492957746478964,-0.005716652858326454,-0.004059652029826166,0.004059652029826055,0.0020712510356256653,-0.0033968516984260733,0.017564208782104296,0.03305716652858326,-0.022286661143330555,-0.004722452361226037,-0.003976801988401113,0.009113504556752305,0.007207953603976858
70,70,0.9469759734879868,0.9432624113475178,0.9468477985062278,0.9768459781781275,0.0030654515327257492,0.00952775476387735,-0.0014084507042253502,-0.006296603148301605,-0.014084507042253502,-0.000994200497100084,-0.005882352941176339,0.0024855012427505985,-0.006213753106876441,0.0014913007456504035,0.0028169014084507005,0.008450704225352101,0.000662800331400204,0.018061309030654615,-0.02046396023198005,0.0038939519469761708,-0.006876553438276756,0.001988400994200612,-0.00041425020712515526,-0.000994200497100306,-0.0027340513670257582,-0.006296603148301605,0.022038111019055395,0.02154101077050552,0.0033968516984258512,-0.0014913007456504035,-0.0036454018227009,0.004639602319801317
71,71,0.9212924606462303,0.91324200913242,0.9192050130732654,0.9682766457420872,0.006213753106876441,-0.0012427506213754658,-0.000662800331400204,0.0057995028997515075,-0.02518641259320653,-0.0022369511184755497,0.0033968516984258512,0.0017398508699254522,-0.01201325600662806,-0.008285004142502106,0.0004142502071249332,-0.0061309030654516095,0.0011599005799503015,-0.011681855840927957,0.011681855840927957,-0.01259320629660321,-0.000662800331400204,-0.00041425020712515526,-0.001325600662800408,0.0024855012427505985,-0.015741507870754123,0.010190555095277443,0.030903065451532652,0.0028997514498757537,-0.0004971002485502085,0.00041425020712515526,0.0014913007456504035,0.0031483015741506915
72,72,0.9453189726594863,0.9434931506849316,0.9474173405558068,0.985296713480357,0.036868268434134044,-0.0010770505385252482,-0.0028997514498756427,-0.0033968516984259622,0.0031483015741505804,-0.013587406793703516,-0.011184755592377749,-0.0035625517812760688,0.009279204639602301,0.0028997514498757537,-0.008699254349627261,-0.007705053852527177,-0.0022369511184755497,0.009942004971002505,0.015327257663628857,-0.0022369511184754387,0.007290803645401689,0.0019055509527753367,0.003728251864125731,0.0009113504556751417,0.005716652858326454,0.005468102734051294,0.006710853355426649,0.0033968516984258512,0.005633802816901401,0.0024855012427504874,-0.0008285004142501995,0.004308202154101104
73,73,0.9494614747307374,0.9471861471861471,0.9508525203269971,0.989375903268868,-0.007456503728251795,-0.0021541010770504965,-0.0019055509527753367,-0.002651201325600594,-0.004556752278376153,-0.01184755592377773,-0.017232808616404305,-0.008450704225352212,-0.0032311516155757447,-0.001325600662800519,-0.003645401822700789,-0.0015741507870755678,-0.0001657000828501065,-0.00787075393537695,0.0004142502071252663,-0.0025683512841755407,0.000994200497100195,-0.0028169014084508115,-0.002651201325600594,-0.00041425020712515526,-0.01151615575807785,-0.019552609776304797,0.004225352112676162,-0.007622203811101791,-0.000662800331400204,-0.007125103562551693,-0.004059652029826055,0.0005799502899751507
74,74,0.9295774647887324,0.928390901432182,0.9326657877607758,0.9812726851494324,0.000994200497100195,0.0015741507870753457,0.0001657000828501065,-0.0009113504556751417,0.010770505385252704,-0.0018227009113503945,-0.0032311516155756337,-0.0030654515327258602,0.00845070422535199,0.0012427506213753547,-0.003314001657000909,-0.00198840099420039,-0.00024855012427504874,0.0001657000828501065,-0.0048053024026512015,-0.0007456503728251462,-0.0005799502899751507,0.0015741507870753457,-0.004639602319801206,-0.004391052195526157,0.0014084507042253502,0.004059652029826055,8.285004142505326e-05,0.0031483015741506915,-0.0044739022369510995,-0.00165700082850051,-0.0004971002485500975,-0.0021541010770506075
75,75,0.9536039768019884,0.9516407599309153,0.9551813157110863,0.9833495140275587,0.001325600662800186,-0.00041425020712515526,0.008864954432477146,-0.0001657000828501065,8.285004142494223e-05,-0.0057995028997515075,-0.0018227009113505055,-0.00753935376967696,8.285004142516428e-05,-0.010439105219552713,-0.0057995028997515075,-0.0024026512013256562,0.006462303231151489,-0.004059652029826166,0.0021541010770504965,0.0101077050538525,0.004722452361226148,-0.003645401822700789,-0.0001657000828501065,0.002982601491300696,-0.009362054681027354,-0.0048053024026513125,0.0030654515327257492,0.0020712510356255542,0.008616404308202208,-0.004308202154101215,0.0067937033968517024,0.005633802816901512
76,76,0.9096934548467275,0.9087866108786611,0.913138631775206,0.9724578842271328,0.010190555095277554,0.008450704225352212,0.0030654515327258602,-0.0018227009113503945,-0.015410107705053688,0.007870753935377062,-0.011019055509527864,0.021872410936205622,-0.014167357083678445,0.0011599005799504125,0.00977630488815251,0.005716652858326343,-0.0004971002485500975,-0.009279204639602412,0.0032311516155758557,-0.02220381110190539,0.006379453189726547,0.012013256006627948,0.00671085335542676,0.00977630488815251,-0.005965202982601281,0.005302402651201299,0.007705053852526955,0.05401822700911352,0.004059652029826055,0.0021541010770506075,0.014747307373653928,0.019801159900579957
77,77,0.9444904722452361,0.9418907198612315,0.94574732742738,0.9656799201262094,-0.0034797017398510155,-0.00024855012427515977,-0.005219552609776468,0.0005799502899752618,0.001988400994200279,-0.0030654515327257492,-0.008450704225352101,-0.011019055509527753,-0.010273405136702607,-0.016652858326429154,-0.0038111019055508955,-0.0067937033968517024,0.000662800331400093,0.004059652029826055,-0.002319801159900603,-0.0025683512841756517,-0.0024855012427508205,-0.0009113504556752527,-0.00952775476387746,0.003314001657000798,-0.0024855012427505985,0.00024855012427504874,0.0007456503728251462,-0.0015741507870754567,-0.000331400165700102,-0.004391052195526157,-0.0008285004142501995,0.0033968516984258512
78,78,0.9486329743164872,0.9458987783595113,0.9495176130534073,0.9847051068477434,-0.0025683512841756517,0.000994200497100195,-0.004888152444076255,0.00836785418392716,-0.004391052195525935,0.0051367025683513035,0.00704225352112664,-0.00016570008284988447,0.0009113504556753638,-0.0028997514498756427,-0.0009113504556750307,0.012924606462303312,0.005550952775476348,0.005550952775476348,0.007207953603976858,-0.008036454018226946,-0.007539353769677071,-0.0009113504556750307,0.0020712510356255542,-0.0028997514498756427,-0.0014084507042253502,0.011930405965202895,-0.006710853355426649,0.031814415907208016,0.002982601491300807,0.003976801988401002,-0.0033968516984259622,-0.0005799502899749287
79,79,0.927920463960232,0.9254498714652957,0.9298842712619839,0.9846347759893207,-0.01284175642087837,-0.012096106048053001,-0.019552609776304797,-0.011101905550952584,-0.014664457332228764,0.000331400165699991,-0.006710853355426649,-0.014664457332228764,-0.016155758077879168,-0.019469759734879966,-0.016072908036454003,-0.021126760563380143,0.0021541010770506075,-0.02071251035625521,-0.006379453189726658,0.010853355426677647,-0.004971002485501086,-0.0067937033968517024,-0.009610604805302292,-0.006296603148301494,-0.004971002485501308,0.00704225352112664,-0.009942004971002283,-0.00695940347970192,-0.005385252692626463,-0.010687655343827762,-0.0032311516155756337,-0.0025683512841755407
80,80,0.8699254349627175,0.8752978554408261,0.8767651666427634,0.9805804088567236,0.014167357083678445,-0.001325600662800408,-0.010604805302402598,0.00339685169842574,-0.06064623032311511,-0.005385252692626352,-0.020546810273405103,-0.03554266777133397,-0.027589063794532076,-0.01938690969345469,-0.00952775476387746,-0.00165700082850051,0.0034797017398507935,0.014415907207953493,0.016072908036454114,-0.012841756420878259,-0.00671085335542676,-0.00165700082850051,0.0,0.0038939519469760597,-0.0038111019055510065,-0.0101077050538525,0.0038939519469758377,0.007373653686826853,-0.001657000828500288,0.0022369511184755497,-0.010604805302402598,-0.00024855012427504874
81,81,0.9312344656172328,0.9298393913778529,0.9341068808402193,0.9722758514170978,-0.009527754763877572,0.000994200497100084,0.004888152444076144,0.0035625517812758467,-0.0012427506213753547,0.00016570008284988447,-0.005219552609776468,-0.006379453189726658,-0.0014913007456505145,0.0025683512841756517,-0.004971002485501419,-0.002651201325600705,-0.00472245236122637,-0.00563380281690129,-0.0012427506213753547,-0.00505385252692625,-0.002982601491300807,-0.0025683512841756517,-0.0054681027340515165,-0.003314001657000909,0.0009113504556750307,0.014913007456503702,-0.0010770505385253593,0.003065451532725638,0.003976801988401113,-0.001988400994200501,-0.0028169014084507005,0.004556752278376042
82,82,0.9453189726594863,0.9401088929219601,0.9437311761525986,0.9826048343501429,0.10538525269262633,0.0009113504556751417,0.0004971002485500975,0.0028997514498755317,-0.006545153272576654,0.004888152444076255,-0.0190555095277547,-0.016238608119304332,0.004888152444076144,-0.0030654515327258602,-0.010936205468102811,0.006462303231151489,-0.0035625517812759577,0.0032311516155758557,0.038773819386909714,0.0018227009113503945,0.0014084507042254613,0.0031483015741508025,-0.0034797017398510155,0.005965202982601503,0.018392709196354495,-0.0022369511184755497,0.017812758906379567,0.011350455675227744,0.0018227009113503945,-0.003728251864125842,-0.0022369511184755497,0.002071251035625443
83,83,0.9411764705882353,0.938950988822012,0.9429768432201053,0.9833991593393865,-0.009942004971002505,0.00016570008284988447,-0.00041425020712504423,0.0030654515327257492,-0.0012427506213752437,-0.0011599005799504125,-0.0077879038939520084,0.002982601491300696,0.0010770505385253593,-0.008202154101077164,-0.004971002485501419,-0.003728251864125731,0.001988400994200501,0.016487158243578937,-0.013090306545153307,0.004142502071250886,-0.0001657000828499955,0.0025683512841756517,-0.0007456503728253683,-0.002982601491300807,-0.000331400165699991,0.006296603148301605,-0.00811930405965211,0.0007456503728251462,0.0009113504556750307,0.00024855012427515977,0.004556752278376264,0.0051367025683513035
84,84,0.9552609776304888,0.953125,0.9565107068389176,0.9819677195150205,0.006793703396851591,0.004722452361226148,-0.0005799502899751507,0.008119304059651888,0.0035625517812758467,0.0007456503728251462,-0.0010770505385252482,0.0014913007456502925,0.006296603148301494,0.001325600662800186,0.0018227009113505055,-0.005716652858326454,-0.004722452361226259,-0.0012427506213752437,0.004308202154100993,-0.002319801159900603,-0.0007456503728252573,8.285004142516428e-05,-0.0018227009113505055,-0.0008285004142501995,0.004391052195526046,0.010853355426677647,0.0024855012427504874,0.021458160729080356,0.0030654515327257492,0.0011599005799504125,0.0051367025683513035,0.002982601491300585
85,85,0.9453189726594863,0.9403254972875226,0.9439545800558233,0.9822628333131074,0.004391052195526046,0.0028169014084505895,0.005550952775476348,-0.00787075393537695,-0.015244407622203915,0.011433305716652797,0.003728251864125731,0.013090306545153196,-0.010273405136702385,0.0034797017398506824,0.008036454018227057,0.011019055509527642,0.0015741507870753457,0.001657000828500288,0.002071251035625443,0.0004971002485500975,0.003314001657000909,-0.000662800331400426,0.008036454018226835,0.000994200497100084,0.004639602319801095,0.015907207953603897,0.005965202982601392,0.010687655343827429,0.004888152444076144,0.0017398508699253412,0.003065451532725638,0.007787903893951786
86,86,0.9461474730737366,0.9439171699741156,0.9477469302648853,0.9877100272497602,-0.008533554266777155,-0.0038111019055508955,-0.000662800331400093,-0.0038111019055508955,-0.0025683512841756517,-0.005302402651201299,-0.00845070422535188,-0.014167357083678334,-0.001988400994200501,-0.007622203811101902,-0.003314001657000798,-0.0038111019055508955,0.0019055509527754477,-0.010190555095277443,0.005550952775476459,-0.0057995028997513964,0.0004971002485502085,-0.0028169014084507005,-0.002734051367025647,-0.0018227009113505055,0.0030654515327257492,0.001988400994200723,0.0004971002485502085,0.0002485501242749377,-0.0001657000828499955,0.003314001657000798,-0.0048053024026512015,-0.0032311516155757447
87,87,0.9386909693454847,0.9370748299319728,0.9412061604315832,0.9584634224374745,-0.001657000828500399,-0.0011599005799503015,0.0008285004142501995,-0.0033968516984259622,-0.0021541010770504965,0.0028997514498757537,-0.0021541010770504965,0.0009113504556751417,0.002071251035625443,-0.001988400994200501,-0.0230323115161557,-0.007539353769676849,-0.0030654515327258602,-0.0018227009113503945,0.0036454018227009,-0.002982601491300696,0.0018227009113503945,-0.0017398508699254522,-0.0019055509527754477,-0.006296603148301605,-0.005219552609776135,-0.000331400165700102,0.0024855012427507095,0.0024855012427507095,0.0030654515327258602,-0.000994200497100306,-0.002982601491300696,-0.0024855012427505985
88,88,0.9693454846727423,0.9672276350752879,0.9693743587480557,0.9908873272067341,0.0018227009113503945,0.0022369511184754387,0.004142502071250886,0.0067937033968517024,-0.000331400165700213,0.0014084507042253502,0.002734051367025647,0.0012427506213753547,0.018061309030654504,0.002319801159900492,0.0024855012427504874,-0.001988400994200612,0.005799502899751285,-0.0017398508699253412,0.012593206296603099,0.0173985086992543,0.0032311516155757447,0.0033968516984259622,0.004971002485501086,-0.0015741507870754567,0.0030654515327257492,0.0051367025683514145,0.01151615575807785,0.004308202154100993,0.00024855012427515977,0.007456503728251795,-0.00041425020712504423,0.002651201325600594
89,89,0.9005799502899752,0.8952879581151832,0.9012472005560275,0.9605402513156007,-0.013587406793703294,-0.008450704225352212,-0.0064623032311516004,-0.019221209610604695,-0.0351284175642087,-0.017895608947804398,-0.01516155758077864,-0.010521955260977434,-0.022203811101905502,-0.014167357083678445,-0.014167357083678445,-0.016155758077879057,-0.004473902236950877,-0.0034797017398509045,0.006710853355426649,0.006296603148301827,-0.004225352112676051,0.000662800331400204,-0.010853355426677758,-0.0028997514498756427,-0.006876553438276645,0.0024855012427504874,-0.01234465617232805,-0.005302402651201299,-0.0005799502899751507,-0.0028169014084505895,-0.0037282518641259532,-0.0011599005799503015
90,90,0.9386909693454847,0.9327272727272727,0.9369614862703133,0.9884574650000552,0.011599005799502904,-0.002402651201325545,0.012841756420878148,0.0117647058823529,-0.02775476387738196,0.013338856669428467,0.0012427506213754658,0.013835956917978343,-0.01681855840927915,0.0044739022369510995,0.005385252692626352,0.011267605633802802,-0.002319801159900714,0.0005799502899751507,0.004391052195526157,0.014995857497928533,-0.002734051367025536,0.016072908036454003,0.0001657000828499955,0.010273405136702607,0.0018227009113503945,0.01681855840927937,0.010439105219552824,0.003314001657000909,0.0005799502899750397,0.011930405965202895,0.0031483015741509135,0.020381110190555107
91,91,0.9585749792874897,0.9565217391304348,0.9597279988526417,0.9856635371733062,0.000331400165700213,0.002982601491300807,-0.0017398508699254522,0.0014913007456504035,-0.001988400994200501,0.008533554266777155,0.002651201325600705,0.001325600662800408,0.001657000828500288,0.008119304059652,0.0028169014084507005,0.007622203811102013,0.000331400165700213,0.0009113504556751417,0.0028169014084507005,-8.285004142483121e-05,0.002319801159900714,-0.0009113504556750307,0.0038111019055510065,-0.0004971002485499865,0.0020712510356255542,0.010273405136702718,0.004639602319801317,0.007373653686826964,0.0015741507870754567,-0.0014913007456504035,0.0007456503728252573,0.0041425020712512195
92,92,0.9494614747307374,0.9474590869939707,0.9511876261818342,0.9740934214445682,-0.0021541010770504965,0.0057995028997513964,0.003314001657000909,0.011847555923777953,-0.003314001657000687,-0.0031483015741509135,0.0020712510356256653,-0.00339685169842574,0.00198840099420039,-0.0038111019055510065,0.014995857497928755,-0.004722452361226037,0.003976801988401002,0.0031483015741508025,0.010521955260977545,0.002982601491300807,0.0051367025683513035,0.008782104391052203,0.007125103562551693,-0.004722452361226037,-0.002319801159900714,0.010687655343827651,0.02435791217895622,0.0008285004142501995,0.0034797017398510155,0.004556752278375931,-0.0017398508699254522,0.006710853355426649
93,93,0.9527754763877382,0.9505637467476149,0.9540698123407213,0.9791379367408405,-0.0037282518641259532,0.00041425020712515526,0.002402651201325545,0.010687655343827762,-0.0012427506213754658,-0.0038111019055508955,-0.0024855012427505985,-0.0028169014084507005,-0.002319801159900603,-0.004225352112676051,0.000662800331400204,0.006959403479701698,0.0064623032311516004,-0.0007456503728252573,-0.0035625517812758467,0.0010770505385252482,-0.000662800331400093,-0.0024855012427505985,-0.001988400994200501,-0.00165700082850051,-0.006545153272576765,-0.002734051367025647,0.023032311516155812,0.013256006628003303,-0.0020712510356255542,-0.0012427506213753547,-0.0030654515327257492,0.0018227009113503945
94,94,0.956089478044739,0.9531388152077808,0.9561700848383218,0.986962589499465,-0.007207953603976747,-0.006959403479701698,-0.006296603148301605,0.004639602319801095,-0.005716652858326454,-0.0034797017398507935,0.000662800331400093,-0.004391052195526157,-0.0007456503728251462,-0.0014913007456504035,0.00041425020712504423,-0.004308202154101104,0.00588235294117645,-0.0025683512841757627,0.004308202154100882,0.0010770505385252482,0.0037282518641259532,-0.0037282518641260642,-0.0015741507870753457,0.00198840099420039,-0.001325600662800297,-0.005302402651201632,0.009196354598177359,0.007207953603976747,0.0061309030654514984,0.004308202154101104,-0.0021541010770504965,-0.004556752278376264
95,95,0.9328914664457332,0.931063829787234,0.9353245700164381,0.9722565449069426,0.011184755592377749,0.002651201325600705,0.0033968516984258512,-0.011350455675227855,-0.0022369511184755497,-0.0015741507870754567,0.006296603148301494,0.0038111019055508955,-0.0019055509527754477,-0.0028997514498757537,-0.004888152444076366,0.000994200497100306,-0.0014913007456504035,0.0036454018227009,-0.0028997514498756427,-0.009693454846727567,-0.001325600662800297,0.000662800331400093,-0.0034797017398510155,-8.285004142516428e-05,-0.0020712510356255542,0.01632145816072894,0.026014913007456508,-0.0024855012427508205,0.019801159900579957,-0.002982601491300918,-0.000994200497100084,0.004473902236950988
96,96,0.9453189726594863,0.9431034482758621,0.9469705327493574,0.9793227276237547,-0.004722452361226259,-0.0028997514498756427,-0.0054681027340514055,-0.008202154101077164,-0.0004971002485502085,-0.00894780447390231,0.000662800331400315,-0.0020712510356256653,0.0012427506213752437,-0.0030654515327258602,-0.001657000828500621,0.0018227009113503945,-0.0024026512013257673,-0.004971002485501308,-0.002982601491300918,0.0009113504556751417,-0.000994200497100306,-0.0031483015741509135,-0.004639602319801317,-0.0074565037282520175,-0.0017398508699254522,-0.001657000828500621,0.005633802816901401,0.005219552609776024,0.007125103562551693,-0.0024855012427505985,-0.006379453189726547,0.0025683512841755407
97,97,0.9378624689312345,0.9361702127659575,0.9403180609644429,0.9812395882748804,-0.003065451532725638,-0.005716652858326232,-0.006545153272576432,-0.001325600662800297,-0.0018227009113505055,-0.0030654515327257492,-0.010604805302402709,-0.001657000828500177,0.0028169014084507005,-0.0022369511184754387,0.0018227009113505055,-0.005965202982601503,0.0041425020712511085,0.007207953603976858,0.008036454018227168,-0.009196354598177248,-0.010521955260977656,-0.005302402651201188,-0.00480530240265109,-0.003065451532725638,-0.00869925434962704,0.0266777133388566,0.004391052195526157,-0.008616404308202097,-0.0038939519469760597,-0.0012427506213753547,-0.0017398508699253412,-0.0028169014084505895
98,98,0.9420049710024855,0.9402730375426621,0.9443117504936951,0.9786883708615115,-0.004639602319801095,0.00041425020712515526,-0.0057995028997516185,0.000331400165700102,0.009196354598177248,-0.0064623032311517115,-0.009113504556752305,-0.0041425020712509975,0.02518641259320631,-0.009610604805302625,-0.009859154929577452,-0.004971002485501197,-0.002319801159900603,-0.0034797017398509045,0.013918806959403507,0.0028169014084505895,-0.003976801988401002,-0.0008285004142503105,-0.006048053024026445,-0.003314001657000798,-0.007705053852526955,0.004059652029825944,-0.008450704225352101,-0.012344656172328161,-0.001325600662800408,-0.0014084507042252392,-0.004391052195526046,-0.000662800331400093
99,99,0.9105219552609777,0.9102990033222591,0.9144735390487958,0.9801308429773947,-0.013421706710853298,-0.0014913007456504035,-0.0017398508699254522,-0.0015741507870753457,-0.007456503728251795,-0.00894780447390231,-0.006048053024026445,-0.011267605633802802,-0.0025683512841755407,-0.010190555095277554,-0.0028997514498756427,-0.00505385252692625,-0.0015741507870753457,0.003314001657000909,-0.015575807787903906,0.007456503728251795,-0.0010770505385254703,0.0005799502899751507,-0.0004971002485500975,-0.002982601491300696,-0.001657000828500399,-0.0004971002485500975,0.0041425020712511085,-0.010024855012427558,-0.000662800331400093,0.001988400994200612,0.00695940347970192,0.0019055509527753367
100,100,0.8848384424192212,0.8876313662085691,0.8905169180190418,0.970185232174575,0.006876553438276645,-0.0064623032311516004,-0.0022369511184755497,-0.00497100248550153,-0.016072908036454114,-0.0074565037282520175,-0.008119304059652,-0.013007456503728254,-0.04399337199668596,-0.01201325600662806,-0.009030654515327141,-0.00024855012427515977,0.00198840099420039,0.004722452361226148,-0.006213753106876552,-0.021209610604805307,-0.008036454018227168,-0.005965202982601725,0.0032311516155756337,-0.003314001657000909,-0.0008285004142501995,0.0018227009113503945,0.024357912178955998,-0.001325600662800297,-0.003976801988401113,-0.0027340513670258693,-0.004639602319801206,-0.0024026512013257673
101,101,0.9461474730737366,0.944206008583691,0.9480820361197224,0.9749539401829154,-0.008285004142502106,8.285004142516428e-05,0.004556752278376264,-0.006379453189726658,-0.0009113504556753638,0.0044739022369512105,-0.001657000828500288,-0.006793703396851591,-0.0005799502899752618,-0.005965202982601392,0.005716652858326565,0.0028169014084507005,0.004556752278376042,-0.002651201325600483,0.0018227009113505055,0.010439105219552491,0.0019055509527754477,-0.005965202982601392,-0.004556752278376153,-0.0035625517812758467,0.0032311516155759668,-0.0014084507042254613,0.0067937033968517024,0.0018227009113505055,-0.000662800331400093,0.002651201325600705,-0.006462303231151489,0.0064623032311517115
102,102,0.9544324772162386,0.9518810148731408,0.9551757995653277,0.9735473230144633,0.004556752278376153,-0.000331400165700102,0.002982601491300696,0.005302402651201188,0.006959403479701809,0.0025683512841756517,-0.0018227009113503945,0.0064623032311517115,0.0012427506213753547,-0.00787075393537695,-0.00480530240265109,0.006296603148301494,-0.0015741507870754567,0.0038111019055508955,0.008285004142501884,0.00480530240265109,1.1102230246251565e-16,0.001325600662800408,0.0015741507870752347,0.0028169014084507005,0.003314001657000798,-0.00024855012427515977,0.005550952775476348,0.012924606462303312,0.0021541010770503854,0.0024026512013256562,0.002319801159900603,0.004556752278376153
103,103,0.9005799502899752,0.9008264462809917,0.9048216630076233,0.9722151738137529,-0.004142502071250886,-0.0025683512841755407,-0.0008285004142500885,-0.0010770505385252482,-0.04730737365368687,-0.0028169014084508115,-0.0027340513670257582,0.007705053852527066,-0.047721623860812024,0.006379453189726547,0.007539353769676738,0.0038111019055511175,0.0027340513670257582,-0.005633802816901179,-0.018558409279204602,0.000331400165700102,-0.0012427506213754658,0.005053852526926361,0.0007456503728251462,-8.285004142505326e-05,-0.000662800331400204,0.0025683512841757627,0.022038111019055506,0.01317315658657825,-0.00024855012427504874,0.0010770505385251372,-0.004888152444076033,0.0007456503728251462
104,104,0.9196354598177299,0.912375790424571,0.9182107278002714,0.9694957139547455,-0.005136702568351192,-0.002982601491300807,0.005716652858326454,0.007622203811101902,-0.022949461474730648,-0.006048053024026445,-0.013338856669428356,-0.0014084507042254613,-0.03024026512013267,-0.013835956917978565,-0.005385252692626352,-0.0024855012427504874,-0.010853355426677869,0.007373653686826742,-0.014250207125103609,-0.0028997514498757537,0.0011599005799503015,0.009362054681027243,0.003645401822700789,-0.0024026512013256562,0.005053852526926361,0.0,0.010273405136702607,0.020049710024855116,-0.00165700082850051,-0.009776304888152398,-0.0010770505385253593,0.0038111019055511175
105,105,0.9602319801159901,0.957968476357268,0.9609456880288605,0.9879334311529847,0.0005799502899750397,0.004225352112676051,-0.004142502071250886,-0.009362054681027132,-0.0038111019055510065,-0.004059652029826055,0.0027340513670257582,0.0008285004142501995,0.013587406793703516,0.0041425020712511085,0.000662800331400093,0.011350455675227855,-0.005550952775476459,-0.004391052195526157,0.0035625517812759577,0.004722452361226259,0.0010770505385252482,-0.005965202982601503,-0.006628003314001596,-0.004391052195525935,0.007953603976801893,0.007042253521126862,-0.003314001657000909,-0.0038939519469758377,0.000994200497100195,-0.0033968516984259622,-0.000994200497100195,-0.0011599005799503015
106,106,0.908036454018227,0.9050470487596236,0.910022009421577,0.9716856238209237,-0.0012427506213754658,-0.0002485501242752708,-0.006545153272576543,-0.010024855012427447,-0.016321458160729274,-0.010853355426677758,-0.023777961888980848,-0.02941176470588225,-0.021209610604805307,-0.014830157415078538,-0.0077879038939520084,-0.013670256835128458,-0.006296603148301494,-0.013918806959403507,-0.008699254349627261,0.005633802816901179,-0.0037282518641259532,-0.005302402651201299,-0.0032311516155756337,-0.0034797017398509045,-0.0018227009113506165,-0.0035625517812759577,-0.005385252692626352,-0.01118475559237797,-8.285004142505326e-05,-0.000994200497100417,-0.005550952775476348,0.004971002485501308
107,107,0.9047224523612262,0.9051937345424568,0.9091504583917125,0.9797060997539799,-0.04424192212096112,-0.010107705053852611,0.01342170671085341,-8.285004142505326e-05,-0.03479701739850871,0.013835956917978454,-0.012841756420878259,-0.006213753106876663,-0.03695111847555943,-0.016735708367854207,-0.015575807787904017,-0.0011599005799503015,0.009030654515327252,0.006793703396851591,-0.018641259320629877,0.04821872410936201,0.005882352941176339,-0.000994200497100306,0.02071251035625521,0.010356255178127771,-0.03985086992543496,0.01739850869925441,0.03670256835128416,0.08309859154929589,-0.0035625517812758467,0.021789560894780347,-0.012676056338028152,-0.0005799502899751507
108,108,0.9221209610604806,0.9212730318257957,0.9255665081694119,0.9741761636309477,-0.009527754763877239,0.0,-0.010936205468102811,0.006545153272576654,0.0032311516155758557,-0.008036454018226946,-0.00588235294117645,-0.0109362054681027,0.015161557580778862,-0.005550952775476348,-0.022535211267605382,-0.006379453189726547,-0.000662800331400204,0.000994200497100195,-0.0014084507042252392,-0.000994200497100195,-0.0008285004142501995,-0.009279204639602079,-0.0024855012427504874,-0.0025683512841755407,0.002982601491300807,-0.015327257663628857,0.008864954432477257,0.013090306545153418,-0.0010770505385251372,8.285004142505326e-05,8.285004142505326e-05,0.0001657000828499955
109,109,0.9486329743164872,0.9462738301559792,0.9499644208598568,0.984306565316682,-0.0014913007456504035,-1.1102230246251565e-16,0.0009113504556751417,0.0027340513670257582,0.0009113504556751417,-0.006296603148301383,-0.0021541010770504965,-0.01176470588235301,-0.001657000828500177,-0.0008285004142501995,-0.0011599005799500794,-0.005550952775476237,0.000331400165700213,0.0024855012427507095,0.00041425020712504423,0.006048053024026667,0.0032311516155758557,-0.0008285004142499774,-0.000331400165700102,0.000331400165700213,0.0,0.005053852526926472,0.000994200497100195,-0.0007456503728251462,-0.0024855012427505985,0.000994200497100195,0.0005799502899750397,-0.0011599005799500794
110,110,0.9494614747307374,0.9467248908296944,0.9502940105689353,0.982753770285626,-0.004059652029825833,-0.005716652858326454,-0.004639602319801206,0.000662800331400315,0.0064623032311516004,0.005716652858326454,0.0021541010770506075,-0.0014913007456504035,-0.007042253521126751,-0.0001657000828499955,0.0010770505385252482,-0.002402651201325545,-0.000662800331400204,0.001325600662800297,0.0010770505385252482,-0.004639602319801206,0.00024855012427504874,0.0012427506213754658,-0.00198840099420039,-0.000662800331400204,0.0017398508699255633,-0.00041425020712515526,-0.0001657000828501065,0.0077879038939520084,-0.00024855012427504874,-0.0008285004142501995,0.0008285004142501995,-0.001988400994200501
111,111,0.9635459817729909,0.9616724738675958,0.9646097878490341,0.9914582482927528,0.0017398508699254522,-0.0061309030654516095,0.0032311516155757447,0.0030654515327257492,-0.0028997514498759758,-0.009942004971002394,-0.002071251035625332,-0.0034797017398509045,0.005219552609776135,-0.002651201325600705,-0.004391052195526046,0.0061309030654516095,-0.0005799502899750397,-0.0034797017398509045,-0.0024855012427505985,-0.006793703396851591,-0.0022369511184755497,-0.0015741507870754567,-0.009196354598177359,-0.005882352941176339,-0.0037282518641259532,0.000331400165700213,0.011101905550952917,-0.0031483015741508025,-0.003976801988401002,-0.006545153272576543,-0.0044739022369510995,0.002319801159900603
112,112,0.9469759734879868,0.9448275862068966,0.9486350297320256,0.9745733261255696,0.00024855012427515977,0.0014913007456504035,0.005219552609776246,-1.1102230246251565e-16,0.0036454018227009,-0.002071251035625332,0.0012427506213754658,0.0024026512013256562,0.0038111019055511175,-0.0002485501242749377,-0.004473902236950988,0.003314001657000798,-0.0018227009113505055,-0.005136702568351192,0.01789560894780451,-0.005219552609776246,0.0004971002485502085,-0.004971002485501197,-0.008202154101077053,-0.004888152444076366,-0.0004971002485502085,0.00671085335542676,0.005385252692626463,0.027589063794531965,0.0035625517812760688,0.0024855012427505985,-0.004556752278376042,-0.004888152444076366
113,113,0.9461474730737366,0.9443969204448246,0.9483054400229471,0.982866851273678,-0.003976801988401002,-0.0022369511184755497,-0.00845070422535188,-0.0061309030654516095,-0.0004971002485502085,-0.0031483015741508025,-0.0028997514498757537,-0.0024855012427505985,0.0009113504556752527,-0.005385252692626241,-0.005550952775476237,0.000662800331400204,-0.006048053024026445,0.006213753106876663,-0.008782104391051981,-0.0011599005799501905,0.000662800331400204,-0.004391052195526046,-0.008285004142501884,-0.0041425020712512195,-0.000994200497100306,0.007870753935377173,0.0064623032311517115,0.000994200497100306,-0.0022369511184755497,-0.0010770505385253593,0.000662800331400204,0.0007456503728252573
114,114,0.9610604805302403,0.9590235396687009,0.9620571913992255,0.9909342144456825,0.006296603148301605,0.002402651201325545,0.025020712510356313,0.007787903893951897,0.0027340513670257582,-0.009942004971002505,0.0007456503728253683,0.00845070422535199,0.009444904722452407,0.010770505385252704,0.006545153272576654,0.010190555095277665,0.00977630488815251,-0.0037282518641259532,0.004391052195526157,0.008864954432477257,-0.0022369511184756607,-0.000662800331400204,0.0064623032311516004,0.0054681027340514055,0.0014913007456505145,0.002651201325600816,0.002319801159900714,-0.002982601491300807,0.011930405965202895,0.0017398508699253412,0.004391052195526157,0.008036454018226946
115,115,0.951946975973488,0.9499136442141624,0.9535168187284181,0.9727199011506681,-0.004225352112676051,-0.0014084507042254613,-0.00977630488815251,0.005882352941176561,0.0033968516984259622,0.0014084507042253502,0.0005799502899749287,0.0011599005799500794,0.005219552609776357,-0.0010770505385253593,0.0054681027340514055,0.004639602319801206,0.0071251035625518044,0.002402651201325545,-0.0014084507042254613,-0.003314001657000798,0.008864954432477146,0.0012427506213752437,-0.0041425020712511085,-0.002651201325600705,0.007787903893951897,0.003645401822700789,0.01367025683512857,0.003314001657000798,-0.0028997514498757537,-0.0009113504556751417,-0.0010770505385253593,-0.006628003314001596
116,116,0.9378624689312345,0.9359521776259607,0.9400946570612182,0.9790248557527884,-0.015907207953604008,-0.0030654515327257492,-0.006876553438276645,-0.0007456503728251462,-0.0038939519469758377,-0.0021541010770504965,-0.009030654515327141,-0.003314001657000798,-0.009444904722452518,-0.01010770505385239,-0.013256006628003303,-0.0044739022369512105,-0.009610604805302292,-0.0025683512841756517,-0.0024855012427505985,-0.0038111019055508955,-0.008202154101077053,-0.002402651201325545,-0.01234465617232805,-0.002734051367025536,-0.003645401822701011,-0.0010770505385253593,0.004888152444076255,0.0020712510356255542,-0.000331400165700102,-0.00041425020712515526,-0.009693454846727345,-0.0005799502899751507
117,117,0.9378624689312345,0.9349522983521249,0.9390893394967068,0.97283298213872,-0.00869925434962715,0.0044739022369510995,-0.0032311516155757447,-0.0038111019055508955,-0.004308202154100993,0.0051367025683513035,-0.008616404308202097,-0.000994200497100306,0.012178956089477944,0.0032311516155758557,0.000331400165699991,-0.005302402651201188,0.0019055509527753367,0.0001657000828499955,0.002982601491300807,8.285004142516428e-05,0.0061309030654514984,-0.009196354598177248,-0.006213753106876663,-0.0031483015741506915,-0.005550952775476237,-0.0074565037282519064,-8.285004142483121e-05,0.02502071251035609,0.007539353769676738,-0.005716652858326232,-0.0015741507870753457,-0.007622203811101902
118,118,0.9436619718309859,0.9412780656303973,0.9451943338150768,0.9683897267301391,0.005385252692626463,-0.000662800331400204,0.0014913007456504035,-0.0030654515327259713,0.0028169014084507005,-0.003314001657000798,-0.0037282518641260642,-0.0001657000828501065,8.285004142494223e-05,-0.000331400165700213,-0.002734051367025647,-0.006628003314001707,-0.0007456503728252573,-0.004473902236950988,-0.0011599005799503015,0.005302402651201188,0.001657000828500288,-0.0024855012427505985,-0.000662800331400204,-0.0033968516984258512,-0.006710853355426649,0.005136702568351192,-0.0024026512013256562,-0.00024855012427515977,-0.0038939519469759487,0.001325600662800408,-0.0007456503728252573,-0.0024026512013256562
119,119,0.9502899751449876,0.9482758620689655,0.9519640236973621,0.9754834901757443,-0.003065451532725638,-0.0027340513670257582,0.004556752278376153,0.008699254349627261,0.01151615575807785,-0.007539353769676849,-0.009776304888152287,-0.008782104391052314,-0.0032311516155758557,-0.006296603148301605,-0.0005799502899751507,0.005550952775476348,-0.005219552609776246,-0.00024855012427504874,-0.0012427506213752437,0.0035625517812759577,0.007870753935377062,0.006876553438276867,0.000662800331400093,0.0011599005799501905,-0.0012427506213754658,0.0027340513670257582,0.002734051367025536,0.012096106048053001,-0.0025683512841755407,-0.0010770505385252482,-0.005302402651201299,0.0038111019055510065
120,120,0.9486329743164872,0.946551724137931,0.9502995267146939,0.9778278521231645,-0.004059652029825944,-0.001988400994200501,-0.003976801988400891,-0.0028997514498756427,-0.001988400994200501,-0.006959403479701698,-0.005053852526926139,-0.0030654515327257492,0.002319801159900714,0.0015741507870754567,-0.003728251864125731,-0.0021541010770502744,0.0021541010770506075,-0.0017398508699254522,0.0048053024026512015,0.0028997514498757537,0.0033968516984258512,0.0044739022369510995,0.0005799502899752618,0.0014084507042254613,0.0014084507042254613,0.014167357083678667,0.007539353769676738,0.012676056338028263,-0.002734051367025647,0.000331400165699991,-0.0031483015741506915,-0.0032311516155757447
121,121,0.8044739022369511,0.8236173393124065,0.8154297629160553,0.9572388380790574,-0.10248550124275058,-0.0004971002485502085,-0.0038111019055508955,-0.004308202154100993,-0.09395194697597353,-0.026926263463131872,-0.0036454018227009,-0.006628003314001485,-0.05666942833471422,-0.003976801988401002,-0.022203811101905613,-0.04316487158243576,-0.014084507042253724,0.004888152444076366,0.01209610604805289,-0.06951118475559237,-0.0007456503728250352,-0.0011599005799503015,-0.015575807787903795,-0.006462303231151489,-0.030240265120132337,-0.043910521955260906,0.022286661143330555,0.023612261806130852,0.0015741507870754567,-0.010853355426677647,-0.0024026512013256562,-0.0007456503728252573
122,122,0.927920463960232,0.926829268292683,0.9311129927297199,0.9789476297121674,-0.011267605633802802,-0.013090306545153418,0.004722452361226148,-0.01599005799502884,-0.009196354598177359,-0.01541010770505391,-0.01681855840927915,-0.014084507042253613,-0.0021541010770504965,-0.008616404308202097,-0.005053852526926361,-0.0028169014084505895,8.285004142505326e-05,-0.009030654515327363,0.0004971002485500975,-0.004473902236950988,0.00165700082850051,-0.0051367025683513035,-0.004142502071250886,-0.010273405136702385,-0.002319801159900714,-0.009362054681027243,0.009859154929577452,0.0024855012427507095,0.0014084507042254613,-0.00198840099420039,-0.014084507042253391,-0.00024855012427504874
123,123,0.9635459817729909,0.9614711033274956,0.964274681994197,0.9794220182474103,-0.0009113504556751417,0.0005799502899751507,-0.00041425020712504423,0.00869925434962715,0.005716652858326565,-0.0014084507042252392,-0.0032311516155757447,0.0001657000828501065,-8.285004142494223e-05,0.001988400994200723,-0.0004971002485502085,-0.00024855012427515977,-0.0014084507042254613,0.004059652029825944,-0.0004142502071252663,0.002651201325600594,0.0004971002485502085,0.004888152444076144,0.0019055509527754477,-0.000331400165699991,0.007207953603976858,0.005633802816901512,0.01880695940347976,0.003314001657000798,0.006048053024026556,0.0054681027340514055,0.005385252692626463,0.004059652029825944
124,124,0.9469759734879868,0.9448275862068966,0.9486350297320256,0.9764653641207816,0.002319801159900603,-0.000994200497100306,0.0014913007456505145,0.0001657000828501065,0.005550952775476459,0.0010770505385253593,-0.00041425020712515526,0.003314001657000798,0.0025683512841756517,0.0028169014084507005,0.007622203811101902,0.004639602319801095,8.285004142494223e-05,0.0004971002485502085,-0.0008285004142500885,0.007207953603976858,0.0010770505385253593,0.002734051367025647,0.0034797017398509045,0.0010770505385251372,0.0009113504556752527,0.01930405965202986,0.004639602319801317,0.00977630488815262,0.0004971002485502085,0.004059652029826166,-0.0010770505385253593,0.002402651201325545
125,125,0.956089478044739,0.9540329575021682,0.9573988063060579,0.9772679633286631,0.03976801988400991,0.003314001657000909,0.0012427506213752437,-0.0035625517812759577,0.0021541010770506075,-0.002319801159900492,0.008036454018227057,-0.0027340513670258693,-0.0024855012427505985,-0.0012427506213752437,0.000662800331400315,0.005965202982601503,-0.000994200497100306,0.004971002485501197,0.001325600662800297,0.003065451532725638,0.00985915492957723,0.012178956089477944,0.007705053852526844,-0.001325600662800297,-0.002319801159900492,0.01706710853355442,0.0005799502899750397,0.0051367025683513035,-0.0009113504556752527,-0.00024855012427504874,0.008533554266777155,0.004059652029826055
126,126,0.9552609776304888,0.9532871972318339,0.9567341107421423,0.9812423463477601,-0.008533554266777266,-0.0004142502071249332,-0.0041425020712511085,0.002651201325600483,0.008864954432477257,-0.0028997514498756427,-0.000331400165700102,0.006959403479701809,0.0036454018227009,0.0038939519469757267,0.005219552609776246,-0.0008285004142501995,-0.0022369511184755497,0.005716652858326565,0.003976801988401002,0.008450704225352101,0.0044739022369510995,-0.0038111019055511175,-0.005219552609776357,-0.0038939519469760597,0.009693454846727456,0.007787903893951786,-0.0007456503728252573,0.011599005799503015,0.009859154929577452,-0.00024855012427504874,-0.001988400994200501,0.0009113504556751417
127,127,0.9353769676884839,0.933786078098472,0.937988868417859,0.9743830190968966,0.009610604805302514,0.000331400165700102,-0.0014084507042252392,0.0028997514498757537,0.0008285004142503105,0.000331400165700102,-0.003728251864125842,-0.005219552609776246,-0.0028997514498757537,-0.0012427506213753547,0.0001657000828501065,-0.003314001657000798,-1.1102230246251565e-16,-0.004308202154100993,-0.0022369511184755497,0.0017398508699254522,-0.0008285004142500885,0.0007456503728252573,-0.007705053852526733,-0.000994200497100306,-0.0004971002485502085,0.004391052195526046,0.0057995028997515075,0.0067937033968517024,-0.0008285004142500885,-0.0009113504556751417,0.003976801988401113,0.0011599005799503015
128,128,0.9287489643744822,0.9248251748251748,0.9294319473097756,0.9776265128029743,-0.0051367025683513035,-0.006048053024026556,-0.010604805302402709,-0.0024855012427507095,-0.01930405965202997,-0.00041425020712504423,-0.005965202982601503,-0.00811930405965211,-0.009527754763877239,-0.007870753935377062,0.004722452361226259,0.002651201325600594,0.006710853355426649,-0.005302402651201299,0.006959403479701698,-0.0032311516155759668,-0.007373653686826742,-0.0015741507870753457,0.005136702568351081,0.00869925434962704,-0.008864954432477257,0.009279204639602412,0.011019055509527753,0.006793703396851591,0.0028169014084508115,0.0018227009113503945,-0.00041425020712515526,-0.0014084507042253502
129,129,0.9420049710024855,0.9397590361445783,0.9437532407356333,0.9768128813035756,-0.008285004142502106,-0.0041425020712509975,-0.003645401822701122,-0.0015741507870754567,0.000331400165700102,-0.002982601491300807,-0.0028169014084508115,-0.01201325600662806,-0.002402651201325434,-0.0057995028997516185,-0.011599005799502793,-0.0036454018227009,-0.0028997514498757537,-0.00165700082850051,-0.001988400994200501,0.0024855012427505985,-0.005716652858326343,-0.0032311516155757447,-0.0005799502899750397,0.001657000828500399,-0.005136702568351192,0.004722452361226037,0.0005799502899751507,0.0035625517812758467,-0.0015741507870754567,-0.0007456503728253683,-0.0008285004142503105,-0.001988400994200501
130,130,0.9337199668599834,0.9323181049069373,0.9365477753384155,0.976495702922454,-0.0011599005799505235,-0.0012427506213753547,0.0011599005799501905,0.007207953603976858,-0.011350455675227855,-0.0025683512841756517,-0.0017398508699254522,0.000662800331400315,-0.009444904722452296,0.006545153272576765,0.0021541010770506075,-0.0009113504556752527,0.0034797017398509045,-0.0032311516155759668,-0.0004971002485500975,-0.02294946147473076,0.003314001657000909,0.0031483015741505804,-0.004722452361226259,-0.0032311516155757447,-0.0012427506213753547,0.010024855012427447,0.024937862468931038,0.03371996685998335,0.0036454018227009,0.00480530240265109,0.006959403479701587,-8.285004142516428e-05
131,131,0.9328914664457332,0.9311809685641461,0.9354362719680505,0.9798357291793078,-0.011267605633802691,-0.009942004971002394,-0.005053852526926361,-0.0002485501242749377,-0.00563380281690129,-0.012924606462303201,-0.0017398508699254522,-0.0064623032311517115,-0.0061309030654516095,-0.014415907207953604,-0.004639602319801317,-0.018061309030654615,-0.0031483015741508025,-0.007456503728251795,-0.0057995028997515075,0.0012427506213753547,8.285004142494223e-05,-0.00024855012427515977,-0.0034797017398510155,-0.004556752278376264,-0.0011599005799503015,0.0022369511184755497,-0.00671085335542676,-0.0004971002485499865,-0.0005799502899751507,0.0012427506213753547,-0.0031483015741510245,-0.0021541010770504965
132,132,0.9362054681027341,0.9329852045256745,0.9372014386108138,0.9821276877420209,-0.0021541010770504965,0.0017398508699254522,-0.0009113504556752527,0.000331400165700213,-0.009776304888152287,-0.001988400994200501,-0.004639602319801095,-0.0028169014084507005,-0.008450704225352101,0.009693454846727345,-0.009113504556752194,-0.007539353769676849,0.00331400165700102,-0.001657000828500399,-0.0025683512841756517,-0.003314001657000576,0.0034797017398509045,-0.005882352941176339,-0.0025683512841756517,0.001657000828500399,-0.008782104391052092,-0.003728251864125842,0.009859154929577452,-0.005716652858326343,0.00787075393537695,-0.001325600662800186,-0.0022369511184755497,-0.0015741507870752347
133,133,0.9378624689312345,0.9357326478149101,0.9398712531579935,0.9766308484935406,0.006462303231151489,-0.0034797017398507935,-0.0064623032311517115,-0.006710853355426649,-0.00041425020712515526,-0.004722452361226259,-0.012841756420878259,-0.000994200497100195,-0.0022369511184755497,-0.006545153272576432,-0.008782104391052092,-0.011101905550952806,0.0015741507870754567,-0.006379453189726547,0.007870753935377062,0.0004971002485500975,0.004888152444076144,-0.0021541010770504965,-0.001988400994200501,0.0004971002485500975,0.0012427506213752437,0.015327257663628857,0.01714995857497914,-0.009444904722452296,0.0020712510356255542,0.0018227009113505055,-0.0007456503728251462,0.002982601491300585
134,134,0.923777961888981,0.9222972972972973,0.9266724953940183,0.979733680482773,-0.006793703396851591,-0.0001657000828499955,0.0004142502071249332,-8.285004142516428e-05,-0.010439105219552491,-0.009279204639602301,-0.012096106048053112,-0.010439105219552602,0.0012427506213753547,-0.010770505385252704,-0.012510356255178268,-0.006545153272576543,0.0004971002485500975,0.000331400165700102,-0.00704225352112664,-0.00024855012427504874,0.0005799502899751507,0.00024855012427504874,0.0015741507870754567,-0.0017398508699253412,0.0018227009113505055,0.006876553438276978,0.0035625517812758467,0.005882352941176783,0.0012427506213752437,0.0010770505385253593,-0.0014913007456502925,0.001988400994200501
135,135,0.9353769676884839,0.9333333333333333,0.9375420606114095,0.9757979104839867,-0.002402651201325434,-0.0004971002485502085,-0.0005799502899750397,0.002651201325600705,0.000331400165700102,0.0010770505385253593,-0.007373653686826853,-0.0008285004142500885,-0.0010770505385253593,-0.0017398508699254522,-0.0025683512841756517,-0.006213753106876441,0.0009113504556753638,0.0028169014084507005,-0.002319801159900603,-0.0010770505385251372,-0.001657000828500288,-0.0025683512841756517,0.0005799502899752618,-0.00024855012427515977,-0.011184755592377638,0.0011599005799503015,0.029494614747307413,0.011847555923777953,0.0010770505385252482,0.0015741507870754567,0.00024855012427515977,0.0015741507870754567
136,136,0.903893951946976,0.888030888030888,0.8984325871826837,0.9860910384696006,0.006545153272576654,-0.0019055509527752257,-0.008119304059652,-0.0015741507870754567,-0.011101905550952917,-0.004059652029825944,-0.012261806130903108,-0.0054681027340515165,-0.04714167357083676,0.0019055509527755587,-0.014664457332228653,-0.0072908036454018,0.00836785418392716,0.006628003314001707,0.0007456503728252573,-0.003645401822700789,0.0004971002485502085,-0.00480530240265109,-0.005965202982601392,0.0077879038939520084,-0.000331400165699991,0.008533554266777155,0.03786246893123457,0.01706710853355431,-0.0012427506213753547,-0.0024855012427507095,0.0038111019055511175,0.0004142502071249332
137,137,0.9676884838442419,0.9658792650918635,0.9684917754266739,0.9813733548095275,-0.006048053024026556,0.0004971002485500975,0.007207953603976747,0.0007456503728251462,0.0012427506213754658,0.0057995028997513964,0.0007456503728251462,0.010853355426677758,0.008616404308201986,0.002982601491300585,0.007953603976801893,0.0109362054681027,-0.0010770505385252482,0.008533554266777044,-0.0044739022369512105,0.010439105219552713,0.000662800331400093,-0.0044739022369512105,0.000331400165700102,0.0011599005799503015,0.0064623032311516004,0.01151615575807785,0.0001657000828499955,0.011019055509527753,0.0,0.000662800331400093,-0.0014084507042253502,-0.000331400165700102
138,138,0.9063794531897266,0.9068425391591096,0.9108149553743808,0.9694295202056419,-0.002734051367025647,-0.0009113504556751417,0.002071251035625443,-0.0010770505385252482,0.003645401822701011,-0.0014084507042255723,-0.0007456503728252573,0.0001657000828499955,0.015907207953603897,-0.0014913007456502925,0.007207953603976747,-0.0035625517812759577,-0.0017398508699254522,0.009279204639602412,0.002071251035625443,0.0036454018227009,-0.005633802816901401,0.0014084507042254613,-0.0015741507870753457,-0.0038939519469760597,-0.00198840099420039,-0.004059652029826166,0.0004971002485500975,0.022286661143330555,-0.0010770505385252482,0.0036454018227009,0.002982601491300807,0.0
139,139,0.9337199668599834,0.9324324324324325,0.9366594772900279,0.9813195723883809,0.009942004971002505,-0.009030654515327474,0.00198840099420039,0.00588235294117645,0.009196354598177248,-0.0021541010770504965,-0.002071251035625443,-0.0033968516984259622,-0.01342170671085352,-0.0015741507870753457,-0.008036454018227168,-0.0032311516155759668,-0.0005799502899752618,-0.006876553438276645,-0.009859154929577563,-0.007705053852526955,-0.006379453189726658,-0.004225352112676162,0.0015741507870754567,8.285004142516428e-05,-0.0044739022369512105,0.0004142502071249332,0.016072908036454003,0.008119304059651888,-0.000331400165700213,0.0017398508699253412,-0.001325600662800297,0.0004971002485499865
140,140,0.9552609776304888,0.9533678756476683,0.9568458126937546,0.9859310702426001,-0.006545153272576654,-0.0008285004142501995,0.00563380281690129,0.0109362054681027,0.00024855012427504874,-0.009444904722452296,-0.014001657000828671,0.0010770505385253593,0.0011599005799501905,-0.006959403479701698,-0.009196354598177248,-0.0025683512841756517,0.0038111019055510065,0.0048053024026512015,-0.009113504556752194,0.012178956089477944,0.0020712510356255542,0.0018227009113505055,0.00588235294117645,0.0020712510356255542,-0.000662800331400204,0.0034797017398506824,0.009859154929577452,-0.002651201325600594,-0.0024855012427505985,0.0012427506213751327,0.0012427506213752437,0.008699254349627261
141,141,0.9370339685169843,0.9345955249569707,0.9387597497876283,0.9707478790419558,0.007373653686826853,0.0014913007456505145,0.003976801988401002,0.01739850869925441,-0.003728251864125842,-0.013421706710853298,-0.009610604805302514,-0.01739850869925419,-0.00787075393537695,-0.012676056338028152,0.0024855012427505985,0.012841756420878259,0.0002485501242752708,0.0001657000828499955,0.0019055509527755587,0.005716652858326565,0.00024855012427515977,0.0015741507870754567,0.013504556752278352,0.000331400165700213,0.009693454846727345,0.040513670256835166,0.007373653686826853,-0.0007456503728250352,0.000331400165700213,0.002319801159900603,0.0074565037282519064,0.0030654515327258602
142,142,0.9436619718309859,0.9416809605488851,0.9456411416215262,0.9739306951446886,0.01963545981772985,-0.001325600662800408,0.0022369511184755497,0.0015741507870754567,-0.000331400165700213,-0.003728251864125842,-0.0048053024026513125,-0.0077879038939520084,-0.004391052195526268,-0.004059652029826166,-0.0041425020712509975,0.001657000828500288,0.0008285004142500885,0.0015741507870754567,0.00041425020712504423,0.0014084507042252392,-0.0011599005799503015,-0.008285004142501995,-0.0032311516155759668,0.0033968516984258512,-0.011350455675227855,0.007705053852526955,0.002319801159900603,0.0012427506213753547,0.0012427506213753547,-0.0014084507042253502,0.0017398508699254522,-0.005053852526926139
143,143,0.9461474730737366,0.944206008583691,0.9480820361197224,0.9836859989188353,0.05277547638773816,0.0014084507042253502,0.0030654515327257492,0.000331400165700102,0.0022369511184755497,0.00165700082850051,-0.0038939519469759487,0.0012427506213753547,-0.000994200497100084,-0.002734051367025647,-0.0021541010770503854,-1.1102230246251565e-16,0.0034797017398510155,0.014913007456503702,-0.002319801159900603,0.00016570008285021753,0.0007456503728250352,0.0007456503728252573,0.0008285004142501995,-0.003645401822701122,0.044407622203811115,0.007373653686826853,0.020629660314830267,0.014995857497928866,0.0009113504556752527,-0.0018227009113505055,0.002319801159900603,0.000662800331400204
144,144,0.9511184755592378,0.9488291413703382,0.952405315358053,0.9779795461315269,-0.003976801988401002,0.00041425020712515526,-0.0028997514498757537,0.010853355426677536,-0.0031483015741508025,-0.0030654515327258602,0.001988400994200501,0.000994200497100195,0.022866611433305706,-0.0028997514498755317,-0.004805302402650979,0.006710853355426649,-0.0033968516984258512,-0.0008285004142501995,-0.0036454018227009,0.003728251864125842,-0.0014084507042252392,-0.003976801988401002,0.001325600662800297,-0.005468102734051294,-0.002982601491300585,0.0117647058823529,0.012427506213753103,0.0019055509527756698,0.0017398508699254522,8.285004142505326e-05,0.0054681027340514055,-0.000994200497100417
145,145,0.9444904722452361,0.94229112833764,0.9461941352338294,0.9601003386913496,0.00704225352112664,0.006959403479701809,-0.000994200497100195,0.01714995857497925,0.001988400994200612,0.0034797017398506824,0.005219552609776246,0.0011599005799501905,0.0007456503728251462,0.022286661143330555,0.008864954432477035,-0.0054681027340515165,-0.004639602319801317,-0.00024855012427515977,-1.1102230246251565e-16,0.010604805302402598,0.011101905550952695,0.0017398508699253412,0.005716652858326343,0.00480530240265109,0.0011599005799501905,0.011433305716652797,0.01657000828500399,-0.0007456503728252573,0.0057995028997513964,0.000662800331400315,0.0024855012427504874,-0.0018227009113505055
146,146,0.9486329743164872,0.9460869565217391,0.949741016956632,0.9749953112761053,0.06545153272576654,-0.0025683512841755407,-0.001325600662800408,0.008202154101077164,-0.0030654515327257492,0.009113504556752305,0.0005799502899752618,0.008119304059651888,-0.006379453189726547,-0.00024855012427504874,-0.0004142502071249332,-0.0028169014084507005,0.0021541010770503854,-0.004059652029825944,-0.0028997514498756427,-0.0037282518641260642,0.0001657000828499955,-0.005716652858326454,-0.0033968516984259622,0.00024855012427504874,0.0007456503728251462,0.00165700082850051,0.030985915492957816,0.003314001657000909,0.000331400165700213,-0.0007456503728251462,0.0001657000828499955,-0.002734051367025647
147,147,0.9444904722452361,0.9418907198612315,0.94574732742738,0.9751525214302262,-0.0009113504556752527,-0.0005799502899752618,-0.0051367025683514145,-0.00952775476387746,-0.001325600662800408,-0.012758906379453205,0.0004971002485500975,-0.0061309030654514984,-0.001988400994200501,0.0020712510356255542,-0.0030654515327257492,0.0017398508699253412,-0.011930405965203006,-0.006213753106876663,0.0048053024026512015,-0.0009113504556754748,-0.006296603148301827,0.00024855012427504874,-0.0001657000828501065,-0.0019055509527754477,-0.002071251035625443,-0.0010770505385253593,0.004059652029826055,0.0041425020712509975,0.0009113504556751417,-0.0010770505385253593,-0.0009113504556752527,0.0010770505385253593
148,148,0.956089478044739,0.9535495179666958,0.9567285945963836,0.9858097150359102,0.00505385252692625,-0.00041425020712515526,-0.0034797017398507935,0.006710853355426649,0.004971002485501197,-0.0024855012427505985,-0.0032311516155757447,-0.0021541010770504965,-0.008119304059652221,0.0044739022369510995,-0.0028169014084508115,0.00165700082850051,-0.014167357083678667,0.005468102734051294,-0.006628003314001596,-0.002651201325600816,-0.0054681027340514055,-0.002651201325600816,-0.0007456503728251462,-0.0028997514498758648,0.00024855012427504874,0.0007456503728251462,0.0028997514498757537,0.0024026512013256562,-0.004308202154101104,-0.010107705053852611,0.001657000828500288,-0.007373653686826853
149,149,0.9312344656172328,0.9292412617220801,0.9335483710821575,0.9792868726763236,-0.004971002485501197,-0.000331400165699991,0.0008285004142501995,0.0007456503728252573,0.01599005799502884,-0.009444904722452296,-0.0061309030654517205,-0.0109362054681027,0.13131731565865778,-0.007953603976802004,-0.0038939519469761708,-0.007042253521126862,0.007042253521126529,0.014167357083678445,-0.004556752278376153,-0.000331400165699991,0.004556752278376264,0.005302402651201188,0.0018227009113503945,0.00985915492957734,-0.00671085335542676,-0.002319801159900381,0.025849212924606402,-0.008367854183927048,-0.0020712510356255542,0.008119304059652221,0.0004142502071249332,0.005550952775476237
150,150,0.9196354598177299,0.9192339716902581,0.9234607195260527,0.9683428394911907,-0.016155758077879057,0.000994200497100195,-0.009610604805302625,-0.005385252692626352,-0.03247721623860811,-0.013338856669428356,0.0004971002485500975,0.009693454846727345,-0.02966031483015752,-0.0020712510356255542,0.009030654515327141,0.011681855840927957,0.000331400165700102,-0.03222866611433306,0.024606462303231158,0.004888152444076255,0.005550952775476459,0.007042253521126751,-0.0008285004142503105,0.0,0.00041425020712515526,-0.013338856669428356,0.0415907207953603,0.003976801988401113,-0.0012427506213752437,0.011184755592377638,0.008285004142501995,0.000662800331400204
151,151,0.9353769676884839,0.9338983050847458,0.9381005703694714,0.9808672484361727,-0.006379453189726658,0.0031483015741508025,-0.00422535211267594,-0.009942004971002505,-0.0007456503728252573,-0.003314001657000798,-0.005965202982601392,-0.011764705882352788,-0.00422535211267594,-0.009693454846727456,-0.010770505385252815,-0.0018227009113505055,-0.005219552609776246,0.0072908036454018,-0.003314001657000798,0.0025683512841756517,0.0014084507042253502,-0.004888152444076144,-0.000994200497100084,-0.002319801159900603,0.004225352112676162,0.0054681027340515165,0.010024855012427447,0.019221209610604806,-0.0038111019055508955,-0.0005799502899752618,-0.0007456503728252573,-0.0031483015741508025
152,152,0.9461474730737366,0.9431321084864392,0.9468533146519864,0.9787683549750119,-0.004888152444076144,-0.003314001657000798,-0.00024855012427515977,-0.0014913007456504035,-0.001988400994200501,-0.0014913007456504035,0.0005799502899752618,0.000331400165700102,-0.0017398508699254522,-1.1102230246251565e-16,-8.285004142483121e-05,-0.0008285004142500885,0.0015741507870754567,-0.0009113504556751417,0.0011599005799504125,0.0011599005799503015,0.0009113504556753638,-0.0038939519469759487,0.0019055509527755587,-0.0021541010770503854,-0.000662800331400093,-0.0002485501242749377,0.0027340513670258693,-0.000662800331400093,0.000331400165700213,0.0015741507870754567,-0.0010770505385253593,-0.004308202154100993
153,153,0.9511184755592378,0.9486510008703221,0.9521819114548282,0.9823428174266077,-0.005468102734051294,-0.006296603148301494,0.000331400165700102,0.004473902236950988,-0.0009113504556751417,-0.0035625517812759577,-0.004888152444076144,0.011433305716652908,-0.007622203811101791,-0.005219552609776246,-0.0008285004142501995,0.0035625517812759577,0.0038111019055510065,0.0014084507042252392,-0.004556752278375931,8.285004142505326e-05,0.004059652029826055,-0.0032311516155758557,-0.003314001657000909,-0.0031483015741509135,0.0009113504556751417,0.0071251035625518044,0.003314001657000909,0.0137531068765534,0.004391052195526157,-0.001988400994200612,-0.0008285004142504215,-0.0021541010770503854
154,154,0.9295774647887324,0.9277824978759558,0.932107278002714,0.9780347075891133,-0.009776304888152398,-0.005633802816901401,-8.285004142505326e-05,-0.006379453189726547,-0.006876553438276645,-0.006296603148301716,0.019138359569179753,0.006628003314001596,8.285004142505326e-05,-0.01151615575807785,0.017729908864954402,0.021375310687655413,-0.0051367025683513035,-0.010024855012427558,-0.00811930405965211,0.005468102734051183,0.008782104391052092,-0.0028169014084505895,0.010604805302402487,0.0034797017398507935,0.010273405136702607,0.018641259320629655,0.007539353769676849,0.02137531068765519,0.0037282518641260642,0.005716652858326232,-0.000662800331400315,0.005633802816901401
155,155,0.9403479701739851,0.9378238341968912,0.9418653398497402,0.9716056397074238,-0.0024026512013256562,-0.000331400165700102,-0.0001657000828499955,0.0028169014084508115,-0.004556752278376153,-0.0024855012427507095,-0.0031483015741509135,0.0014913007456504035,0.0,0.000662800331400093,-0.0028997514498757537,-0.004888152444076255,-0.0028169014084505895,0.00198840099420039,-0.00198840099420039,0.0010770505385252482,-0.008699254349627261,-0.002071251035625443,0.008782104391052314,0.0035625517812759577,-0.00041425020712504423,0.001657000828500399,0.0048053024026512015,0.0005799502899751507,-0.0012427506213752437,0.00024855012427504874,0.0035625517812759577,0.0044739022369512105
156,156,0.9370339685169843,0.9352640545144804,0.9394299614973026,0.9837163377205079,-0.004059652029826166,-0.004059652029825944,0.005385252692626463,0.001657000828500288,-0.004971002485501086,-0.018144159072079558,-0.009693454846727345,-0.011019055509527642,-0.0044739022369512105,-0.0025683512841755407,-0.003645401822700789,-0.001325600662800297,-0.004971002485501308,-0.011599005799503015,-0.0015741507870753457,-0.005882352941176339,0.0015741507870754567,-0.0017398508699252302,-0.0011599005799500794,0.0038939519469761708,0.004556752278376153,-0.007373653686826853,0.016984258492129367,0.007953603976802004,-0.001988400994200501,-0.0004971002485502085,0.0014084507042252392,0.0007456503728250352
157,157,0.9246064623032312,0.9217540842648323,0.9263318733934225,0.9754310867910375,0.007705053852526955,0.007622203811101902,0.0064623032311517115,0.01118475559237786,-0.007622203811101902,-0.007622203811101902,0.0014084507042253502,-0.011350455675227633,-0.012344656172328161,-0.000662800331400315,-0.011599005799502793,-0.004722452361226148,0.0034797017398507935,-0.014001657000828449,0.0010770505385253593,0.0004142502071249332,-0.0019055509527755587,0.0061309030654516095,0.0011599005799503015,0.0008285004142501995,0.003728251864125842,0.022866611433305817,-0.007539353769676738,-0.013173156586578139,-0.004888152444076144,0.0014913007456501814,0.0012427506213753547,0.0051367025683514145
158,158,0.9602319801159901,0.9582608695652174,0.96139249583531,0.9840279999558708,0.0028997514498758648,0.00041425020712504423,-0.0018227009113506165,0.004059652029826055,0.0010770505385252482,-0.0037282518641260642,-0.006628003314001707,0.006959403479701698,-0.0028169014084508115,-0.007373653686826853,-0.008367854183926937,-0.0021541010770504965,0.0014084507042254613,0.0038939519469760597,-0.005385252692626352,0.007705053852527066,0.0024026512013256562,0.0019055509527756698,0.006959403479701698,0.0035625517812759577,0.003645401822701011,0.01541010770505391,0.01209610604805289,0.0022369511184756607,-0.0035625517812759577,0.0033968516984259622,0.00041425020712504423,0.0015741507870753457
159,159,0.9370339685169843,0.9345955249569707,0.9387597497876283,0.9782967245126485,-0.006628003314001707,-0.0022369511184755497,-0.0028169014084507005,0.002982601491300807,-0.007125103562551582,-0.006379453189726658,-0.000662800331399982,-0.0027340513670258693,-0.006130903065451387,-0.0015741507870753457,-0.004888152444076144,-8.285004142505326e-05,-0.0015741507870754567,-0.0035625517812758467,-0.006213753106876552,-0.004556752278376264,0.000331400165699991,-0.004888152444076144,-0.006545153272576654,-0.0018227009113503945,-0.0019055509527755587,0.021209610604805307,0.0033968516984258512,-0.0004971002485499865,-0.002982601491300918,-0.00033140016569987996,-0.0018227009113503945,-0.0021541010770504965
160,160,0.951946975973488,0.9496527777777778,0.953181712873581,0.9774141411912668,-0.005716652858326565,0.0044739022369512105,0.004225352112676162,0.012510356255178157,-0.00016570008285021753,0.006710853355426649,-0.0025683512841756517,-0.00024855012427504874,-0.004971002485501419,0.004473902236950988,-0.0020712510356256653,0.0011599005799503015,-0.000994200497100195,-0.0018227009113505055,0.0030654515327257492,0.0009113504556752527,0.002651201325600816,0.00016570008284988447,-0.005965202982601392,0.014995857497928866,-0.0015741507870754567,-0.0031483015741508025,0.0012427506213753547,0.016404308202154105,0.002319801159900603,0.0004971002485502085,-0.00016570008285021753,0.0051367025683513035
161,161,0.9453189726594863,0.9433962264150944,0.9473056386041945,0.9700004412916607,-0.00505385252692625,0.005550952775476348,-0.0033968516984259622,0.0044739022369510995,0.000331400165699991,0.004722452361226148,0.009444904722452407,0.002982601491300807,0.02808616404308195,-0.004556752278376264,0.0001657000828499955,0.001325600662800297,0.002651201325600705,0.0028169014084505895,0.00977630488815251,0.0012427506213752437,0.019138359569179864,-0.0024855012427505985,0.0025683512841755407,-0.0009113504556752527,-0.004308202154101215,0.0012427506213754658,0.00165700082850051,0.015658657829328848,8.285004142494223e-05,0.006628003314001596,0.013421706710853187,0.004888152444076144
162,162,0.9328914664457332,0.93071000855432,0.934989464161601,0.9669279481041007,-0.007042253521126751,-0.0015741507870754567,-0.0033968516984258512,0.022038111019055395,0.0054681027340515165,0.004473902236950988,-0.005882352941176561,0.014498757249378547,-0.0028997514498757537,0.0008285004142503105,0.0030654515327257492,0.0015741507870754567,0.000994200497100306,0.005716652858326565,-0.0034797017398510155,-0.0005799502899751507,0.0064623032311517115,0.0024855012427505985,0.00869925434962715,-0.0014084507042254613,0.006876553438276756,0.023198011599005697,0.008450704225352101,-0.005302402651201188,0.0010770505385251372,-0.0041425020712509975,0.0030654515327257492,0.006628003314001707
163,163,0.9328914664457332,0.9287598944591029,0.9332022329358032,0.9849988416093907,-0.004888152444076144,0.0004142502071249332,-0.0005799502899751507,-0.005550952775476459,-0.01764705882352946,0.005550952775476237,-0.009030654515327252,-0.005716652858326454,0.0005799502899750397,0.010770505385252593,0.003314001657000798,-0.002651201325600705,-0.00041425020712515526,-0.002319801159900603,-0.005882352941176561,-0.008947804473902199,-0.0037282518641260642,-0.0012427506213753547,0.008450704225352101,-0.003976801988400891,-0.000331400165700102,0.004556752278376153,0.005468102734051294,8.285004142494223e-05,-0.0005799502899751507,-0.007373653686826853,-0.002982601491300918,0.00016570008284988447
164,164,0.9403479701739851,0.9384615384615385,0.9425355515594145,0.9845410015114239,0.000331400165700102,-0.0036454018227009,0.0028997514498756427,0.005385252692626352,0.0061309030654514984,0.00339685169842574,0.003065451532725638,0.0034797017398510155,-0.0024855012427504874,0.002982601491300696,-0.005302402651201299,0.0005799502899751507,-0.0033968516984259622,-0.0008285004142504215,-0.0028997514498758648,-0.00704225352112664,-0.0017398508699253412,-0.0028169014084505895,-0.0015741507870753457,-0.004308202154101104,-0.005550952775476348,0.004059652029826055,0.015741507870754012,0.004308202154101104,0.00041425020712504423,0.0,-0.00024855012427504874,0.0012427506213752437
165,165,0.9602319801159901,0.9581151832460733,0.9611690919320852,0.9740768730072923,0.011184755592377749,0.003314001657000909,0.00952775476387746,0.0028169014084508115,0.0032311516155759668,0.0007456503728251462,0.001325600662800297,0.004722452361226259,0.006379453189726769,-0.001325600662800297,-0.001325600662800297,0.0025683512841757627,0.0001657000828499955,0.000331400165700102,0.0008285004142500885,-0.0015741507870753457,0.0012427506213752437,0.002651201325600705,0.0028169014084508115,0.0005799502899751507,0.000662800331400093,0.004639602319801428,0.0005799502899751507,0.005716652858326454,0.0012427506213752437,0.0004971002485500975,0.0015741507870753457,0.0020712510356256653
166,166,0.9337199668599834,0.9316239316239316,0.9358775636287413,0.9758999591805214,-0.012427506213753325,-0.0012427506213753547,-0.00671085335542676,0.0019055509527753367,-0.004639602319801206,0.006545153272576543,-0.007290803645402022,-0.007539353769676849,-0.005550952775476459,-0.000994200497100528,-0.002651201325600594,-0.008947804473902199,0.000331400165700213,0.0028997514498757537,0.00016570008284988447,-0.0028997514498758648,0.0010770505385253593,-0.007042253521126751,-0.0038111019055508955,-0.004722452361226259,-0.000331400165700102,0.013587406793703183,0.0005799502899752618,0.011847555923778064,-0.001325600662800408,-8.285004142516428e-05,0.00016570008284988447,0.0005799502899750397
167,167,0.9138359569179785,0.9126050420168067,0.9170206193528458,0.9741899539953444,0.04681027340513666,-0.009693454846727456,-0.0005799502899752618,-0.008450704225352101,-0.0227009113504556,-0.008864954432477146,-0.014664457332228653,-0.011599005799502793,-0.017812758906379567,-0.009113504556752194,-0.0034797017398509045,-0.01772990886495429,-0.0018227009113505055,0.0022369511184755497,-0.013256006628003414,-0.0009113504556750307,-0.008119304059652,-0.0061309030654516095,0.000662800331400204,-0.003314001657000798,0.010107705053852611,0.012344656172328161,0.00919635459817747,-0.004308202154101104,-0.008450704225352101,-0.002071251035625332,-0.007207953603976858,-0.006545153272576543
168,168,0.9395194697597349,0.9375534644995723,0.9416474520922741,0.9830350937193164,0.004225352112676051,-0.007953603976802115,-0.005385252692626352,-0.0025683512841757627,-0.0101077050538525,-0.012261806130903219,-0.0019055509527754477,-0.016652858326429154,-0.013421706710853298,-0.01764705882352957,-0.010190555095277665,0.0028169014084508115,8.285004142494223e-05,0.009030654515327141,-0.0051367025683513035,0.007042253521126751,-0.0022369511184756607,-0.00538525269262613,-0.012096106048053001,-0.011681855840927957,-0.009859154929577452,0.04399337199668596,-0.011350455675227855,-0.0238608119304059,-0.0008285004142501995,-0.008202154101077164,8.285004142505326e-05,-0.011267605633802802
169,169,0.9486329743164872,0.9444444444444444,0.9478420837792217,0.9802301336010502,-0.00530240265120141,-0.0017398508699253412,-0.006959403479701476,-0.0022369511184755497,-0.010770505385252704,-0.005965202982601503,-0.004059652029825944,0.000994200497100195,-0.01317315658657825,0.0041425020712509975,0.0012427506213752437,0.008285004142502106,0.0012427506213752437,-0.0007456503728252573,0.001988400994200612,0.002734051367025536,0.0008285004142500885,0.00024855012427504874,0.004639602319801206,-0.001657000828500399,-0.0025683512841755407,0.008202154101077164,-0.0022369511184755497,0.02046396023198005,-0.0019055509527754477,-0.0020712510356255542,0.0005799502899750397,-0.0017398508699253412
170,170,0.9544324772162386,0.9524632670700086,0.9559577132266143,0.9820228809726068,-0.0022369511184755497,-0.0071251035625520265,0.004722452361226148,0.016321458160729052,0.008864954432477146,-0.008616404308202319,-0.007705053852526955,-0.0064623032311517115,0.005385252692626463,-0.001988400994200501,-0.005219552609776357,0.00903065451532703,0.0061309030654516095,0.011433305716652797,0.0014913007456504035,-0.0034797017398510155,0.006296603148301494,0.004888152444076144,-0.0002485501242749377,0.009196354598177248,-0.004722452361226259,0.01483015741507876,0.014084507042253502,0.007953603976801782,-0.0009113504556752527,0.004639602319801095,-0.0041425020712509975,0.00704225352112664
171,171,0.9544324772162386,0.9517966695880806,0.9550640976137154,0.9844610173979238,-0.000331400165700102,-0.0019055509527755587,0.0008285004142503105,0.0048053024026512015,-0.001988400994200501,-0.0061309030654516095,8.285004142494223e-05,-0.0018227009113503945,-0.0034797017398510155,-0.006213753106876552,0.0005799502899752618,0.0025683512841756517,-0.008533554266777155,0.0018227009113505055,8.285004142494223e-05,-0.005882352941176561,0.003728251864125842,-0.0030654515327257492,-0.0008285004142501995,-0.004971002485501308,0.0031483015741508025,0.0077879038939520084,0.0015741507870754567,0.0033968516984258512,-0.0071251035625518044,-0.002319801159900603,-0.0001657000828501065,-0.0004142502071249332
172,172,0.947804473902237,0.9454545454545454,0.9491880233443288,0.9772210760897146,-0.018392709196354606,-0.0028997514498756427,-0.0028169014084507005,0.00016570008284988447,-0.006628003314001485,-0.01599005799502884,-0.012841756420878148,-0.011267605633802913,-0.000331400165700213,-0.016072908036453892,-0.009113504556752194,-0.0064623032311516004,0.001988400994200501,-0.011433305716652908,0.005053852526926472,0.0024026512013256562,-0.004391052195526046,-0.007705053852526955,-0.004391052195525935,-0.0009113504556750307,-0.002651201325600594,-0.0034797017398510155,-0.0054681027340514055,0.0024855012427507095,-0.0037282518641260642,-0.002734051367025647,-0.011599005799502904,-0.0028997514498757537
173,173,0.9221209610604806,0.9212730318257957,0.9255665081694119,0.9756737972044174,0.0014084507042253502,-0.002982601491300807,0.0014913007456502925,0.0001657000828499955,-0.0011599005799503015,-0.010770505385252704,-0.013587406793703294,-0.01317315658657825,0.0009113504556752527,-0.013338856669428467,-0.013587406793703294,-0.0028169014084508115,-0.0064623032311516004,-0.007373653686826742,0.0009113504556754748,0.0002485501242752708,-0.003645401822700678,-0.0028169014084508115,-0.000994200497100195,-0.0007456503728253683,-0.000331400165700102,-0.0017398508699253412,0.0024855012427507095,0.005633802816901623,0.0012427506213754658,-0.0025683512841757627,-8.285004142494223e-05,-0.001988400994200612
174,174,0.9395194697597349,0.9374464438731791,0.9415357501406617,0.9747112297695354,-0.0028169014084508115,0.00041425020712504423,-0.004722452361226148,0.002071251035625443,-0.001988400994200612,0.0005799502899751507,-0.004888152444076255,0.004308202154101104,-0.007953603976801782,-0.004308202154100882,-0.004639602319801206,0.004308202154101104,0.003976801988401113,-0.005302402651201299,-0.00538525269262613,-0.0014913007456502925,0.007207953603976747,0.00894780447390231,-0.00024855012427504874,-0.004722452361226148,-0.005633802816901401,0.006876553438276645,0.00894780447390231,0.005633802816901623,-0.001657000828500399,0.0005799502899751507,-0.001657000828500288,0.0024855012427507095
175,175,0.9544324772162386,0.9522983521248916,0.9557343093233897,0.978213982326269,-0.0011599005799503015,-0.0009113504556752527,0.0024855012427505985,0.001657000828500288,-0.0017398508699254522,0.00041425020712504423,0.0014084507042252392,8.285004142494223e-05,-0.0030654515327257492,-0.0009113504556753638,0.0005799502899750397,0.000662800331400093,-0.0008285004142503105,-0.0008285004142503105,-0.003314001657000687,0.011350455675227966,-0.0030654515327257492,0.00041425020712504423,0.001988400994200279,-0.0007456503728252573,-0.0031483015741506915,0.013090306545153307,0.012924606462303312,0.0001657000828499955,0.000994200497100306,0.0019055509527755587,-0.0001657000828501065,-0.0019055509527754477
176,176,0.9618889809444905,0.9597197898423818,0.9626101850115287,0.9786276932581666,-0.0019055509527755587,-0.0004971002485500975,-0.00198840099420039,0.000662800331400204,-0.0004142502071252663,0.0034797017398510155,-0.0030654515327258602,0.0015741507870753457,-0.0017398508699255633,0.006048053024026556,0.002071251035625443,0.0009113504556751417,-0.003314001657000687,-0.0027340513670257582,-0.0021541010770506075,-0.0038939519469759487,0.002734051367025647,-0.000331400165700102,0.0033968516984259622,0.0004971002485500975,0.001325600662800519,0.005219552609776357,0.0018227009113506165,-0.0009113504556751417,-0.0010770505385252482,0.002982601491300918,0.0041425020712511085,-0.0012427506213754658
177,177,0.9337199668599834,0.9322033898305084,0.9364360733868031,0.9696942952020563,-0.0009113504556752527,-0.009030654515327363,-0.0009113504556754748,-0.003645401822701011,-0.008119304059652,-0.011019055509527753,-0.01118475559237786,-0.01118475559237786,-0.004556752278376264,-0.004308202154100993,-0.002982601491300918,-0.006959403479701809,-0.011433305716652908,0.0035625517812758467,-0.008947804473902199,0.0005799502899750397,0.000331400165699991,-0.007207953603976858,-0.005882352941176561,-0.0057995028997515075,-0.000331400165700102,0.017895608947804398,-0.001988400994200501,0.0028169014084507005,-0.0005799502899752618,-0.0030654515327257492,-0.0015741507870754567,-0.0048053024026513125
178,178,0.9444904722452361,0.942390369733448,0.9463058371854418,0.9688723894840198,0.01930405965202986,0.005219552609776468,0.007705053852526955,0.0271748135874067,-0.005882352941176561,0.0017398508699253412,-0.007870753935377173,-0.0071251035625518044,-0.0145816072908036,-0.00530240265120141,-0.004888152444076366,0.029577464788732244,0.001325600662800186,0.012758906379453094,-0.007042253521126751,0.0024855012427507095,-0.005385252692626463,0.002982601491300585,0.006876553438276645,0.0014084507042252392,0.008782104391052203,0.002982601491300585,0.025932062966031233,0.022866611433305595,0.022618061309030768,0.0038111019055508955,0.004556752278376042,0.005468102734051072
179,179,0.9411764705882353,0.9395744680851064,0.9436470549297795,0.9870425736129652,-0.011681855840927846,-0.002651201325600705,-0.002982601491300807,-0.00165700082850051,-0.00198840099420039,-0.010687655343827651,-0.013670256835128458,-0.0028169014084508115,-0.0032311516155758557,-0.008782104391052314,-0.0037282518641261753,-0.008450704225352101,0.005716652858326454,0.0015741507870753457,-0.0030654515327257492,-0.0028169014084507005,0.00016570008284988447,-0.007207953603976636,-0.006379453189726547,-0.005633802816901401,-0.0035625517812759577,0.010439105219552491,0.0008285004142501995,-0.005136702568351192,0.002734051367025647,-0.007207953603976858,-0.005219552609776468,0.0009113504556752527
180,180,0.9030654515327258,0.9033856317093312,0.9073742594574319,0.9793475502796686,-0.014913007456503702,0.0008285004142501995,0.010024855012427447,0.00041425020712515526,-0.019801159900579957,0.00165700082850051,0.0011599005799503015,0.009610604805302514,-0.0207125103562551,-0.011516155758077962,-0.016735708367853985,-0.00753935376967696,0.013338856669428245,-0.014333057166528662,0.011019055509527642,0.0004971002485499865,-0.005385252692626463,0.0014913007456504035,0.0030654515327257492,0.0021541010770504965,-0.0033968516984258512,-0.022452361226180773,0.05327257663628826,-0.005136702568351192,-0.0109362054681027,-0.006379453189726769,-0.0011599005799501905,0.0019055509527754477
181,181,0.9494614747307374,0.9474590869939707,0.9511876261818342,0.9793944375186169,-0.006710853355426649,-0.0019055509527756698,0.0028997514498757537,0.005302402651201299,-0.0008285004142499774,-0.005219552609776357,-0.002402651201325434,-0.004888152444076255,0.0007456503728251462,-0.002651201325600816,-0.0015741507870753457,-0.002651201325600594,-0.001988400994200501,0.0017398508699255633,0.0014913007456505145,0.0012427506213752437,-0.0024855012427505985,-0.0024855012427505985,-0.004142502071250886,-0.003976801988400891,0.0005799502899751507,-0.0015741507870753457,-0.0033968516984259622,0.0051367025683513035,8.285004142505326e-05,-0.002071251035625443,-0.0038939519469758377,-0.00041425020712515526
182,182,0.9386909693454847,0.9370748299319728,0.9412061604315832,0.9790248557527885,-0.0007456503728251462,-0.007539353769676849,0.0018227009113503945,0.0032311516155758557,-0.004308202154101215,0.0034797017398509045,-0.002402651201325545,0.0031483015741508025,0.0015741507870753457,0.0077879038939520084,0.012593206296603321,0.01988400994200501,0.000331400165700102,-0.006048053024026445,0.00505385252692625,0.0018227009113503945,-0.0001657000828501065,-0.00538525269262613,-0.0015741507870753457,-0.005385252692626352,-0.0028997514498756427,0.03256006628003316,-0.001657000828500399,0.018641259320629766,-0.0024855012427505985,-0.0034797017398507935,0.0018227009113503945,-0.0027340513670258693
183,183,0.9254349627174814,0.924496644295302,0.9287838001831361,0.9820435665192018,-0.014830157415078649,0.0014084507042253502,-0.002651201325600705,-0.006296603148301383,-0.002319801159900603,-0.016570008285004212,-0.009942004971002394,-0.01739850869925419,-0.005550952775476237,-0.012510356255178157,-0.021458160729080467,-0.019552609776304797,-0.0024855012427505985,-0.0033968516984258512,-0.015658657829328848,0.011019055509527864,0.005633802816901512,-0.007207953603976636,-0.008533554266777155,-0.016404308202153994,0.0030654515327257492,0.0034797017398509045,-0.0025683512841756517,0.01317315658657836,0.0024026512013256562,-0.008947804473902199,-0.0012427506213753547,-0.001325600662800186
184,184,0.951946975973488,0.9493891797556719,0.9528466070187438,0.9799929393334289,-0.0007456503728253683,0.0015741507870754567,0.004059652029825944,0.00952775476387746,-0.0038111019055508955,0.000331400165700102,-0.013504556752278463,-0.0004971002485500975,0.0072908036454018,-0.006379453189726547,-0.0012427506213752437,-0.004971002485501197,-0.00869925434962715,-0.0028169014084508115,-0.008782104391052203,0.000994200497100306,0.0038939519469758377,0.0057995028997515075,0.0044739022369512105,-0.00198840099420039,0.0004971002485500975,-0.006462303231151489,0.012178956089478277,0.010190555095277665,-0.0001657000828499955,-0.0012427506213752437,-0.0020712510356256653,-0.002319801159900603
185,185,0.947804473902237,0.9461077844311377,0.9499699370056154,0.9927903974934633,-0.015078707539353697,0.0010770505385253593,0.0010770505385251372,0.003976801988401002,0.005882352941176561,-0.011847555923777953,-0.015658657829328848,-0.017232808616404305,0.0017398508699255633,-0.01234465617232805,-0.007705053852526955,0.004391052195526268,0.004722452361226148,0.006048053024026667,0.011516155758077962,-0.011681855840927735,0.0037282518641259532,0.0007456503728250352,-0.0031483015741508025,-0.002319801159900603,-0.008036454018226946,0.01789560894780462,0.0014913007456504035,-0.000994200497100306,0.00472245236122637,-0.003976801988400891,-0.004971002485501308,-0.006876553438276756
186,186,0.9436619718309859,0.9416809605488851,0.9456411416215262,0.9636072283574021,0.017812758906379567,0.0010770505385251372,-0.0028169014084507005,0.003645401822700678,-0.001988400994200501,-0.002319801159900603,0.0021541010770506075,0.003314001657000798,0.000994200497100306,-0.007953603976802004,0.002319801159900381,-0.005053852526926139,-0.0014084507042253502,-1.1102230246251565e-16,0.0001657000828499955,0.005468102734051294,-0.0031483015741508025,0.000662800331400093,-0.002402651201325545,-0.0007456503728252573,-0.000331400165700102,0.0061309030654516095,-0.0014913007456504035,-0.0011599005799504125,-0.0008285004142503105,0.0001657000828499955,0.0011599005799501905,0.0044739022369510995
187,187,0.9411764705882353,0.9390557939914163,0.9430885451717177,0.9734287258806527,0.02104391052195531,0.004556752278376042,0.005716652858326454,0.021955260977630564,-8.285004142516428e-05,-0.008616404308201986,0.002319801159900603,0.008036454018227168,0.011433305716652908,-0.002734051367025536,0.013256006628003525,0.016735708367853985,-0.005385252692626241,-0.0044739022369510995,-0.006048053024026445,-0.0010770505385253593,0.009444904722452518,-0.0021541010770503854,0.014084507042253502,-0.002982601491300807,0.014664457332228542,-0.0057995028997516185,-0.01872410936205482,0.0207125103562551,0.0034797017398507935,-0.0015741507870754567,0.006876553438276645,-0.000331400165700213
188,188,0.9353769676884839,0.9338983050847458,0.9381005703694714,0.9776623677504055,0.0054681027340515165,-0.0012427506213753547,-0.0005799502899750397,0.0011599005799503015,0.0015741507870753457,-0.008202154101077053,-0.006379453189726436,-0.009859154929577452,0.009362054681027465,-0.0014913007456504035,-0.0018227009113502834,0.005965202982601614,0.0015741507870754567,0.0007456503728252573,-0.0014913007456504035,-0.004556752278376042,0.005633802816901512,-0.0019055509527753367,-0.0018227009113502834,-0.006213753106876441,-0.0028169014084507005,0.010521955260977545,0.016652858326429265,0.005965202982601503,0.0061309030654516095,0.000994200497100306,-0.004888152444076144,0.007373653686826853
189,189,0.9536039768019884,0.9511343804537522,0.9545111040014121,0.9775437706165948,-0.0057995028997515075,8.285004142494223e-05,-0.000994200497100306,0.009776304888152398,-0.001657000828500399,0.0025683512841754297,0.0032311516155757447,0.002319801159900381,-0.002402651201325545,0.004225352112676051,-8.285004142494223e-05,0.00165700082850051,-0.0024855012427505985,0.010190555095277665,0.0034797017398509045,0.0012427506213753547,0.0012427506213753547,0.006213753106876441,1.1102230246251565e-16,-0.000331400165700213,0.00041425020712515526,0.0030654515327257492,0.004722452361226148,0.001657000828500399,0.0028997514498756427,-0.0010770505385253593,0.0021541010770506075,0.0001657000828501065
190,190,0.9411764705882353,0.9395744680851064,0.9436470549297795,0.9873928488686383,-0.002651201325600705,0.008285004142502217,-0.0004971002485500975,-0.0021541010770506075,0.003314001657000798,-0.0032311516155756337,-0.0033968516984258512,-0.009362054681027132,0.005219552609776135,-0.002734051367025536,-0.0033968516984258512,-0.0025683512841757627,0.0,-0.0025683512841756517,-0.0030654515327257492,0.0041425020712511085,0.004059652029825944,-0.0018227009113505055,-0.0020712510356255542,-0.0014084507042252392,-0.00016570008285021753,0.001325600662800297,0.0010770505385253593,0.0044739022369512105,-0.0022369511184756607,0.0,0.0019055509527754477,-0.0010770505385253593
191,191,0.9469759734879868,0.9444444444444444,0.9481882219255762,0.9768046070849377,0.0041425020712509975,0.005385252692626241,0.002651201325600594,0.0007456503728252573,0.0072908036454018,-0.0032311516155757447,-0.008533554266777155,-0.000662800331399982,-8.285004142494223e-05,-0.004225352112676051,-0.004391052195526046,0.00530240265120141,-0.0014913007456504035,0.006213753106876441,0.010521955260977767,0.009693454846727567,-0.002651201325600594,-0.0019055509527754477,0.005302402651201188,-0.0011599005799503015,-0.0033968516984258512,-0.0024855012427505985,0.006628003314001707,0.011433305716652908,0.0010770505385251372,-0.002734051367025647,-1.1102230246251565e-16,0.002319801159900825
192,192,0.9527754763877382,0.950477845351868,0.9539581103891089,0.9703617488388513,0.0020712510356257763,-0.0017398508699254522,0.0002485501242749377,0.0017398508699254522,-1.1102230246251565e-16,-1.1102230246251565e-16,-0.00753935376967696,-0.0035625517812758467,0.005716652858326454,0.0012427506213751327,0.0005799502899751507,0.004722452361226037,-0.0037282518641259532,0.00033140016569987996,0.003314001657000798,0.0033968516984258512,-0.000662800331400093,-0.0020712510356255542,0.0038939519469759487,0.0022369511184755497,0.0011599005799503015,0.009610604805302514,0.0009113504556752527,0.012178956089478055,-0.002071251035625332,-0.001325600662800408,1.1102230246251565e-16,-0.0018227009113505055
193,193,0.9569179784589892,0.9548611111111112,0.9581752038215858,0.9773396732235252,0.009196354598177359,0.0028997514498756427,-0.0002485501242752708,0.012924606462303201,0.003728251864125731,-0.001657000828500621,-0.001657000828500399,-0.0019055509527754477,0.006048053024026556,-0.0038939519469760597,0.001657000828500399,0.005716652858326343,0.0007456503728251462,0.0001657000828499955,0.004888152444076033,0.006710853355426538,0.006379453189726547,-0.0022369511184756607,-0.0004971002485503195,-0.0010770505385252482,0.003645401822701011,0.010439105219552602,0.0054681027340514055,0.0072908036454018,0.003314001657000687,0.00041425020712515526,0.0034797017398509045,0.0038111019055507844
194,194,0.9660314830157415,0.9639401934916447,0.9664921725891684,0.9799267455843254,-0.00041425020712515526,0.0011599005799504125,-0.000331400165700102,0.0020712510356255542,0.003314001657000909,0.0044739022369510995,0.00588235294117645,0.010853355426677647,0.005965202982601614,0.0033968516984258512,0.0036454018227009,0.00753935376967696,-8.285004142516428e-05,0.008036454018227057,0.008036454018226835,0.004059652029825944,-0.002319801159900603,0.006213753106876441,0.0009113504556751417,0.0032311516155756337,0.0011599005799501905,0.004639602319801206,0.006213753106876663,0.008450704225352101,0.005302402651201299,0.010770505385252704,0.005302402651201188,0.00671085335542676
195,195,0.9486329743164872,0.9466437177280551,0.9504112286663062,0.9767880586476618,-0.0009113504556750307,-0.0008285004142501995,-0.0025683512841755407,0.00024855012427504874,-0.0014084507042253502,-0.004971002485501308,-0.002982601491300696,-0.001325600662800408,-0.007207953603976747,-0.005799502899751285,-0.004971002485501086,-0.005302402651201188,-0.0004971002485500975,0.004308202154101104,-0.0038939519469758377,-0.0021541010770504965,-0.0054681027340514055,-0.005302402651201188,-0.004391052195526157,-0.0025683512841756517,-0.004308202154100993,-0.0019055509527754477,0.007705053852527066,0.007290803645401911,-0.0010770505385252482,-0.001657000828500177,-0.0041425020712511085,-0.0014913007456504035
196,196,0.9436619718309859,0.9419795221843004,0.9459762474763633,0.9843313879725958,-0.008119304059652,0.0022369511184755497,-0.003976801988401113,0.006876553438276867,0.00563380281690129,0.0041425020712512195,0.0009113504556753638,-0.000662800331400204,-0.0028997514498757537,-0.004639602319801095,-0.009859154929577563,-0.00753935376967696,0.002734051367025647,0.001657000828500288,-0.0024855012427508205,-0.0014913007456504035,0.005219552609776468,-0.0035625517812758467,-0.00041425020712515526,0.000662800331400093,0.003314001657000798,-0.007622203811102124,0.0255178127589063,0.014001657000828449,-0.004722452361226259,0.0019055509527753367,0.005633802816901512,0.0004971002485502085
197,197,0.9420049710024855,0.940068493150685,0.9440883465904704,0.9849519543704424,0.0019055509527755587,-0.001988400994200501,-0.00422535211267594,0.006710853355426649,0.0007456503728250352,-0.0044739022369510995,-0.007953603976802004,-0.0014913007456504035,-0.0028997514498757537,0.0022369511184755497,0.001657000828500399,-0.0025683512841756517,0.0009113504556753638,-0.001325600662800408,-0.000994200497100306,0.007539353769676627,0.005302402651201188,-0.0009113504556751417,-0.0015741507870754567,-0.004308202154101104,-0.0024855012427507095,0.0145816072908036,0.011267605633802691,0.0002485501242749377,0.0001657000828501065,0.001657000828500399,-8.285004142516428e-05,0.0038939519469758377
198,198,0.9502899751449876,0.9480069324090121,0.951628917842525,0.9769507849475416,0.024772162386081042,-8.285004142505326e-05,0.004971002485501197,0.0010770505385252482,-0.0019055509527754477,0.00041425020712515526,0.004225352112676162,0.0005799502899751507,-0.0008285004142501995,0.0004971002485503195,0.0032311516155758557,0.004059652029826055,0.0004971002485500975,-0.000331400165700102,0.008616404308201986,-0.0019055509527754477,-0.0001657000828499955,-0.00024855012427504874,0.0,0.000994200497100417,-0.0004971002485498754,0.018972659486329646,0.0024855012427504874,0.00869925434962704,0.0001657000828499955,-0.000662800331400204,-0.0008285004142500885,0.00024855012427504874
199,199,0.9544324772162386,0.9524632670700086,0.9559577132266143,0.9786828547157531,0.004639602319801095,-0.0018227009113505055,0.002651201325600483,0.002734051367025647,0.0004971002485499865,8.285004142494223e-05,-0.000331400165700102,-0.0005799502899752618,0.002982601491300696,0.0028169014084507005,-0.0014913007456501814,0.000662800331400093,-0.0014084507042253502,-0.0035625517812760688,0.005468102734051294,0.000662800331400093,-0.0024855012427508205,0.0020712510356255542,0.0011599005799501905,-0.0017398508699254522,-0.0033968516984258512,0.0001657000828499955,0.0002485501242749377,0.012427506213752992,0.00024855012427515977,0.004971002485501197,0.0018227009113505055,-0.0015741507870753457
200,200,0.923777961888981,0.9212328767123288,0.9257788797811193,0.9774886091590084,-0.0154101077050538,-0.0018227009113502834,-0.018392709196354495,-0.0004971002485500975,-0.013173156586578139,-0.020961060480530258,-0.022618061309030546,-0.02212096106048067,-0.014830157415078649,-0.017812758906379345,-0.007787903893951786,-0.005468102734051294,-0.0002485501242749377,-0.002651201325600483,-0.005219552609776468,0.003976801988401113,-0.006213753106876441,-0.005136702568351192,-0.006296603148301494,-0.0074565037282519064,-0.0018227009113505055,-8.285004142494223e-05,-0.00041425020712504423,-0.00563380281690129,-0.0030654515327257492,-0.009693454846727456,-0.010604805302402598,-0.009610604805302403
201,201,0.8028169014084507,0.8221225710014948,0.813765265933387,0.9595721677349602,-0.010024855012427447,-0.0019055509527755587,0.0022369511184755497,-0.01151615575807785,-0.016321458160729052,-0.008533554266777155,-0.008202154101077053,-0.0004971002485499865,-0.060149130074565016,-0.009693454846727456,-0.0017398508699253412,0.013090306545153307,-0.002651201325600483,0.0034797017398509045,-0.0227009113504556,-0.012924606462303312,0.013256006628003303,-0.005302402651201299,-0.0004971002485500975,-0.005550952775476348,-0.019801159900579957,0.012096106048053112,0.009196354598177248,0.024275062137531056,0.004225352112676051,-0.0012427506213752437,-0.0005799502899752618,0.00041425020712515526
202,202,0.9453189726594863,0.9435897435897436,0.9475290425074192,0.9763522831327296,0.006213753106876552,0.00165700082850051,0.002651201325600705,-0.003645401822701011,0.0014084507042254613,-0.0038111019055510065,-0.0028169014084505895,-0.007953603976801893,-0.001325600662800297,0.009776304888152398,-0.0048053024026512015,-0.0017398508699254522,0.0011599005799501905,0.0019055509527753367,-0.00041425020712515526,0.0041425020712509975,0.002651201325600705,0.0004971002485499865,-0.0034797017398507935,-0.0019055509527756698,0.003976801988401002,0.006793703396851591,0.022866611433305706,-0.0030654515327258602,0.007207953603976747,-0.0041425020712511085,0.006710853355426649,0.0012427506213751327
203,203,0.9063794531897266,0.9052808046940486,0.9096979358582571,0.9749042948710877,0.07622203811101902,0.001325600662800186,0.0037282518641259532,0.005550952775476126,-0.03918806959403476,-0.010273405136702607,0.007373653686826964,0.024772162386081265,-0.035211267605633756,0.005385252692626241,-0.0038939519469760597,0.01623860811930411,0.0038111019055510065,-0.010936205468102811,0.03164871582435791,-0.017315658657829358,0.006545153272576543,0.004308202154101104,0.007290803645401689,-0.005965202982601725,-0.002982601491300696,0.060397680198840065,0.03554266777133375,-0.01425020712510372,0.0044739022369510995,-0.001325600662800297,0.006296603148301494,0.003314001657000687
204,204,0.9469759734879868,0.9448275862068966,0.9486350297320256,0.9667983186787729,0.009610604805302403,-0.008947804473901977,-0.004971002485501197,-0.0041425020712509975,0.01118475559237786,-0.003314001657000798,-0.0031483015741508025,-0.012593206296602988,-0.002319801159900381,-0.0038939519469758377,-0.0038939519469759487,-0.001325600662800186,-0.001325600662800186,0.002319801159900603,0.002651201325600705,-0.005219552609776246,-0.0031483015741508025,-0.0031483015741506915,-0.0025683512841756517,-0.002982601491300696,0.0032311516155758557,-0.0014084507042254613,-0.0031483015741508025,0.009113504556752194,-0.0024026512013256562,8.285004142494223e-05,0.0004971002485502085,-0.0014913007456504035
205,205,0.9436619718309859,0.9411764705882353,0.9450826318634644,0.975610361528193,-0.012427506213753103,-0.0034797017398510155,-0.009942004971002616,0.00704225352112664,0.008285004142501884,-0.004556752278376042,0.001988400994200501,0.0001657000828499955,-0.0038111019055508955,-0.0034797017398507935,-0.000331400165700102,-0.00041425020712515526,-0.006959403479701809,-0.002651201325600705,0.0011599005799501905,0.0015741507870752347,-0.0014084507042253502,-0.0030654515327257492,-0.010439105219552491,-0.005053852526926361,-0.0009113504556752527,0.0028169014084507005,0.007705053852527066,0.005219552609776135,-0.0021541010770506075,0.002734051367025647,-0.005882352941176561,-0.004308202154101215
206,206,0.9386909693454847,0.9356521739130435,0.9397540350606224,0.9740272276954647,0.002982601491300807,-0.0001657000828499955,-0.00041425020712515526,-0.001657000828500399,-0.003314001657000909,-0.013504556752278352,-0.014995857497928644,-0.010853355426677758,-0.01872410936205482,-0.007456503728251795,-0.008036454018226946,0.0008285004142501995,-0.000331400165700102,-0.0028997514498758648,0.000331400165700102,0.004391052195526046,0.000662800331400093,-0.0014913007456502925,0.002651201325600705,-0.0012427506213753547,-0.003314001657000909,-0.0041425020712511085,-0.000331400165700102,0.000662800331400093,-0.003314001657000909,-0.0032311516155757447,-0.0021541010770504965,-0.0009113504556751417
207,207,0.9287489643744822,0.9259896729776248,0.930437264874287,0.9725957878710988,0.0041425020712511085,0.0019055509527754477,-0.0038939519469760597,0.001657000828500621,-0.0038939519469760597,-0.0024855012427507095,0.0022369511184756607,0.001325600662800297,-0.002071251035625443,-0.0009113504556751417,-0.00530240265120141,-0.0009113504556752527,-0.005136702568351081,0.000331400165699991,-0.001325600662800519,-0.0033968516984259622,0.0030654515327258602,-0.004722452361226259,0.0007456503728251462,-0.0038111019055510065,0.002402651201325545,0.0030654515327258602,0.0025683512841755407,-8.285004142505326e-05,-0.0044739022369510995,0.001657000828500399,-0.002651201325600594,0.0018227009113503945
208,208,0.9527754763877382,0.9502183406113537,0.9536230045342718,0.9811099588495528,-0.004225352112676051,0.0025683512841756517,-0.0009113504556751417,-0.002734051367025647,-0.003314001657000798,-0.006545153272576543,0.0038939519469759487,0.0011599005799503015,-0.00041425020712504423,0.00016570008284988447,-0.0014084507042254613,0.00480530240265109,-0.001325600662800186,-0.00016570008285021753,-0.0004971002485499865,0.0012427506213751327,0.0028997514498756427,-0.005136702568351192,0.001657000828500399,0.002651201325600594,0.000662800331400204,0.0051367025683514145,0.02270091135045571,0.007953603976801893,-0.0017398508699254522,0.002734051367025647,-0.0048053024026512015,-0.0077879038939520084
209,209,0.9055509527754764,0.9060955518945635,0.9100385578588528,0.9742451154529308,-0.01234465617232805,-0.006959403479701809,0.01681855840927915,0.006545153272576765,-0.0033968516984259622,-0.002651201325600594,0.031814415907207905,-0.011267605633802802,-0.01599005799502906,0.00041425020712504423,0.01035625517812755,0.02079536039768015,-0.005550952775476237,-0.015327257663628746,-0.0067937033968517024,0.0,-0.0054681027340515165,-0.001657000828500177,-0.0033968516984259622,-0.0010770505385252482,0.032062966031483064,0.011681855840927846,0.012593206296602988,0.004391052195526046,-0.004059652029826166,-0.0032311516155757447,0.002319801159900603,-0.0015741507870753457
210,210,0.9270919635459818,0.9260504201680673,0.930336595214192,0.9829495934600576,-0.0018227009113503945,-0.0038939519469760597,-0.0031483015741506915,0.0011599005799504125,0.011681855840927846,-0.0021541010770504965,-0.002734051367025647,-0.001657000828500399,0.07332228666114338,-0.000662800331400204,0.006296603148301494,-0.0038939519469760597,-0.0011599005799500794,-0.001657000828500399,0.005633802816901401,-0.006048053024026334,0.00198840099420039,-0.0024855012427508205,-0.0035625517812758467,-0.0035625517812758467,-0.0025683512841755407,-0.003728251864125842,0.018309859154929442,-0.0009113504556752527,0.005716652858326565,0.0035625517812759577,0.00041425020712504423,-0.0011599005799500794
211,211,0.927920463960232,0.9267059814658803,0.9310012907781076,0.9764129607360744,0.004722452361226148,0.010604805302402598,0.0017398508699253412,-0.002071251035625443,-0.0038939519469760597,-0.0064623032311516004,-0.019221209610604917,-0.002734051367025647,-0.0038939519469760597,0.0027340513670257582,-0.016652858326429154,0.0048053024026512015,-8.285004142505326e-05,-0.008450704225352212,0.0027340513670257582,0.040265120132560006,0.00024855012427504874,0.00704225352112664,-0.0015741507870753457,-0.0025683512841755407,-0.0004971002485500975,0.007373653686826742,-0.008533554266777044,0.058409279204639675,0.0024026512013256562,-0.0001657000828501065,-0.0009113504556752527,0.0035625517812759577
212,212,0.9295774647887324,0.9281487743026204,0.9324423838575511,0.9771273016118179,-0.012841756420878148,-0.0067937033968518135,-0.000662800331400093,-0.00588235294117645,-0.0018227009113503945,-0.00845070422535199,-0.01541010770505391,-0.01814415907207967,-0.0021541010770503854,-0.008782104391052314,-0.014250207125103609,-0.004971002485501308,0.005219552609776135,0.012676056338028152,-0.0005799502899751507,0.001657000828500399,-0.0021541010770506075,-0.0038111019055507844,-0.013670256835128458,-0.002319801159900492,-0.007705053852527066,0.002982601491300696,0.01565865782932896,-0.01541010770505391,-0.0061309030654514984,-0.0024855012427507095,-0.0027340513670257582,-0.000662800331400093
213,213,0.9179784589892295,0.9177057356608479,0.9219079244949968,0.9722234480323908,-0.014250207125103609,0.012096106048053001,-0.00811930405965211,0.007042253521126751,0.004308202154101104,0.006379453189726547,-0.002982601491300807,-0.00339685169842574,0.03504556752278387,0.003645401822701011,0.004391052195525935,-0.002402651201325545,0.0022369511184756607,-0.005219552609776246,-0.00530240265120141,0.018724109362054597,-0.0011599005799505235,0.0011599005799501905,0.000331400165700102,0.0009113504556752527,0.003314001657000909,0.006048053024026445,0.0034797017398509045,0.010853355426677647,0.001657000828500399,0.004308202154101104,0.0009113504556751417,0.0032311516155756337
214,214,0.9204639602319801,0.9198664440734557,0.9241254150899683,0.9752214732522091,-0.023446561723280968,0.008864954432477146,0.008533554266777044,0.00985915492957734,-0.019138359569179864,0.0067937033968517024,-0.003976801988401224,0.012841756420878148,-0.013338856669428134,-0.018558409279204713,0.02493786246893126,0.01681855840927926,0.00869925434962704,-0.014167357083678778,-0.017149958574979363,0.05749792874896431,-0.009444904722452296,0.011101905550952806,0.006130903065451387,0.007456503728251795,-0.022038111019055617,0.030903065451532652,-0.027671913835957018,-0.0011599005799504125,0.007622203811101902,0.013504556752278352,0.0014084507042253502,0.000994200497100306
215,215,0.951946975973488,0.9495652173913044,0.9530700109219686,0.9884298842712619,0.004225352112676162,-0.006048053024026445,-0.001325600662800408,-0.0051367025683513035,-0.0004971002485500975,-0.005053852526926472,-0.008202154101077164,-0.012096106048053112,0.002402651201325545,-0.00480530240265109,0.000331400165700102,-0.007373653686826964,0.0011599005799503015,0.019138359569179753,0.012344656172328161,-0.000994200497100084,0.006628003314001707,0.014913007456503813,0.0007456503728251462,0.0,-0.001988400994200612,0.0072908036454018,0.021955260977630564,0.018392709196354606,0.0072908036454018,0.006048053024026556,0.004391052195526157,-0.004888152444076144
216,216,0.9627174813587407,0.9606299212598425,0.963498284478669,0.9778306101960438,-0.0004971002485500975,0.002402651201325545,0.003645401822701122,0.0014084507042253502,0.0011599005799500794,0.0018227009113505055,0.0012427506213753547,0.0005799502899751507,0.010273405136702718,0.006379453189726658,0.006296603148301605,0.0014084507042253502,0.0061309030654516095,0.004059652029825944,0.013007456503728254,0.007705053852526955,0.0044739022369512105,0.013670256835128347,0.011930405965203006,0.0004971002485500975,0.001325600662800408,0.0057995028997515075,-0.002319801159900603,0.015327257663628968,0.002319801159900492,0.008616404308202097,0.008782104391052314,0.012510356255178046
217,217,0.9502899751449876,0.9479166666666666,0.9515172158909126,0.9833053848614896,-0.008450704225352212,-0.0044739022369510995,-0.0008285004142501995,0.0064623032311516004,-0.007373653686826964,-0.005302402651201299,-0.010273405136702385,-0.010521955260977656,-0.004308202154101104,-0.002402651201325545,0.0019055509527754477,0.004391052195526157,-0.004391052195526157,0.001657000828500399,-0.0067937033968517024,0.0017398508699255633,-0.005219552609776246,-0.000994200497100195,-0.007953603976802115,-0.002071251035625443,-0.005385252692626574,0.02104391052195531,-0.005633802816901401,-0.003976801988401113,0.0019055509527754477,0.0038939519469758377,-0.0030654515327258602,-0.0031483015741506915
218,218,0.9461474730737366,0.9437229437229437,0.9475235263616606,0.9726730139117197,-0.0015741507870754567,-0.0033968516984258512,-0.004225352112676051,0.00041425020712515526,-0.004308202154100993,0.0011599005799503015,-0.0034797017398509045,-0.005302402651201188,-0.00165700082850051,-0.0004971002485502085,0.004391052195526046,0.0035625517812758467,-0.004308202154101104,-0.001988400994200501,-0.0017398508699254522,-0.0028997514498757537,0.0028169014084507005,-0.0019055509527755587,-0.0002485501242749377,-0.0031483015741505804,0.007207953603976858,0.007622203811101902,0.011516155758077962,-0.0005799502899750397,0.0010770505385253593,-0.0028997514498757537,-0.0014084507042252392,8.285004142516428e-05
219,219,0.947804473902237,0.9455488331892826,0.9492997252959412,0.9780264333704755,-0.0024855012427505985,0.0004971002485502085,0.001325600662800186,-0.001325600662800297,0.0019055509527753367,-0.0014084507042253502,-0.0032311516155759668,-0.0014913007456504035,0.000662800331400093,-0.0035625517812758467,-0.005716652858326454,0.0014913007456504035,-0.0030654515327257492,0.0014084507042254613,0.0008285004142500885,0.002651201325600705,0.0031483015741510245,-0.003976801988401113,-0.0020712510356255542,-0.004722452361226259,-0.0038111019055508955,-0.004722452361226259,0.0165700082850041,8.285004142516428e-05,0.0028997514498757537,0.00505385252692625,-0.000331400165700102,0.00480530240265109
220,220,0.9469759734879868,0.9450171821305842,0.9488584336352504,0.9674381915867746,-0.0005799502899752618,0.0008285004142503105,1.1102230246251565e-16,0.005302402651201521,0.0022369511184755497,-0.0033968516984258512,0.012758906379453316,-0.003645401822700789,0.006379453189726658,-0.002651201325600594,0.006876553438276534,-0.0005799502899750397,0.00671085335542676,-0.001988400994200501,0.0051367025683514145,8.285004142516428e-05,0.0037282518641259532,0.0014084507042254613,0.0005799502899752618,-0.00024855012427515977,-0.0034797017398509045,0.001988400994200501,0.004059652029825944,0.016404308202153994,-0.0017398508699252302,-0.0010770505385251372,-0.0011599005799503015,-0.0002485501242749377
221,221,0.9403479701739851,0.9379310344827586,0.9419770418013526,0.9584882450933884,0.0035625517812759577,-0.0005799502899751507,0.005716652858326454,0.006710853355426649,-0.002319801159900714,-0.00869925434962704,0.002319801159900492,-0.006710853355426538,-0.0031483015741508025,-0.0057995028997513964,-0.008202154101077164,0.003645401822700789,0.003728251864125842,0.0038111019055510065,-0.006048053024026445,-0.0077879038939521195,-0.00165700082850051,-0.0014084507042254613,-0.000662800331400093,0.0017398508699254522,-0.008782104391052314,0.004391052195526157,0.010107705053852611,0.0054681027340514055,-0.0037282518641259532,-0.001325600662800297,-8.285004142505326e-05,0.001988400994200501
222,222,0.9428334714167357,0.9407725321888412,0.9447530421543859,0.9694929558818661,-0.008947804473902421,-0.002402651201325545,-0.0021541010770506075,0.006959403479701809,0.001657000828500177,-0.008533554266777044,-0.007042253521126862,-0.01035625517812755,-0.0061309030654516095,-0.0021541010770504965,0.0025683512841754297,0.00563380281690129,-0.0010770505385251372,0.00952775476387735,-0.001325600662800408,0.0004971002485499865,0.0011599005799503015,-0.0004142502071252663,0.0002485501242749377,0.00016570008284988447,-0.0004971002485502085,0.008202154101077053,0.00041425020712515526,0.002982601491300696,-0.0038939519469761708,0.0032311516155757447,-0.0034797017398509045,0.000662800331400204
223,223,0.9270919635459818,0.9260504201680673,0.930336595214192,0.9837025473561113,-0.00041425020712515526,-0.00422535211267594,0.009030654515327252,0.013256006628003414,0.09270919635459818,-0.007787903893951897,-0.01847555923777955,0.00753935376967696,0.034548467274233774,0.009859154929577452,-0.001657000828500399,-0.011433305716652908,0.04225352112676051,0.011599005799502793,-0.026760563380281766,0.004225352112676051,0.0077879038939520084,0.01483015741507876,-0.0022369511184755497,-0.0031483015741509135,0.02013256006628006,0.011019055509527753,0.012510356255178046,0.07696768848384417,-0.002982601491300696,0.001325600662800408,0.0034797017398506824,0.0018227009113505055
224,224,0.9594034797017399,0.9571303587051618,0.9601692905133326,0.991607184228236,0.00505385252692625,0.000662800331400093,0.005550952775476348,0.0021541010770506075,-0.000662800331399982,-0.002071251035625443,-0.004556752278376264,-0.0028997514498756427,-0.0004142502071249332,-0.0028169014084505895,0.0,-0.0009113504556752527,0.0037282518641259532,-0.001988400994200501,0.0015741507870754567,0.0021541010770506075,0.006048053024026667,0.0009113504556751417,-0.001988400994200501,-0.0001657000828501065,0.0004142502071252663,-0.003976801988400891,-0.0011599005799500794,0.0018227009113505055,0.0025683512841757627,0.0019055509527755587,-0.00024855012427515977,-0.0030654515327257492
225,225,0.9246064623032312,0.9235936188077246,0.9278957007159958,0.9793668567898238,-0.0031483015741508025,0.000994200497100306,-0.0024026512013256562,-0.0009113504556753638,0.03637116818558406,0.000662800331400204,-0.0028169014084507005,-0.010687655343827651,-0.003065451532725527,-0.002734051367025647,-0.0074565037282519064,-0.0207125103562551,-0.009444904722452296,0.0035625517812758467,-0.0005799502899752618,-0.002651201325600483,-0.006462303231151489,-0.0005799502899750397,-0.0008285004142503105,-0.0024026512013256562,0.012676056338028152,-0.001325600662800186,-0.0010770505385251372,0.009693454846727345,8.285004142505326e-05,-0.0019055509527753367,-0.000662800331400315,0.001325600662800408
226,226,0.9444904722452361,0.9427839453458582,0.9467526449918913,0.9776458193131295,-0.011516155758077962,-0.0009113504556752527,-0.0064623032311517115,0.0028997514498757537,-0.003645401822701011,-0.008947804473902421,-0.006213753106876663,-0.0028169014084507005,-0.002982601491300918,0.0007456503728251462,-0.0014913007456504035,-0.001988400994200501,-0.004639602319801317,-0.00869925434962715,0.0031483015741508025,-0.0009113504556754748,-0.0004971002485500975,-0.00977630488815251,-0.009693454846727567,-0.008782104391052314,0.00041425020712504423,-0.00016570008284988447,-0.0017398508699254522,0.006048053024026445,-0.000331400165700102,-0.001325600662800408,-0.01176470588235301,-0.00952775476387746
227,227,0.9403479701739851,0.9378238341968912,0.9418653398497402,0.9726178524541331,-0.0057995028997513964,-0.003314001657000909,-0.0025683512841755407,0.0,-0.002071251035625443,-0.0064623032311516004,-0.0044739022369510995,0.004142502071250886,-0.004888152444076255,-0.0061309030654514984,-0.002319801159900714,-0.0027340513670257582,-0.0028169014084505895,8.285004142483121e-05,-0.005219552609776246,-0.0018227009113503945,0.0031483015741506915,0.011019055509527864,0.0022369511184754387,0.013338856669428467,0.00024855012427515977,0.00024855012427515977,-0.0021541010770506075,0.008450704225352212,0.014001657000828449,-0.0044739022369510995,0.0028169014084508115,0.009942004971002505
228,228,0.9436619718309859,0.9416809605488851,0.9456411416215262,0.985252584314288,0.05824357912178957,-0.002319801159900603,-0.010190555095277443,0.000331400165699991,0.0034797017398509045,-1.1102230246251565e-16,-0.020049710024855227,-0.005136702568351192,0.03579121789560902,-0.0037282518641260642,0.002319801159900603,0.00165700082850051,-0.0010770505385253593,-0.0022369511184757718,-0.0064623032311517115,-0.008947804473902199,0.007373653686826853,0.005219552609776246,-0.0033968516984258512,-0.0028997514498757537,-0.0028169014084507005,0.00952775476387735,-0.0009113504556752527,-0.0014084507042253502,-0.002319801159900603,-0.003645401822701122,-0.0001657000828501065,-0.000994200497100306
229,229,0.9337199668599834,0.9323181049069373,0.9365477753384155,0.9747967300287943,-0.0019055509527754477,-0.0034797017398510155,0.004391052195526046,-0.003314001657000798,-0.0014913007456504035,-0.009693454846727345,-0.016901408450704314,-0.00480530240265109,0.009362054681027132,0.0001657000828499955,-0.008450704225352101,0.0028169014084507005,0.000994200497100195,0.0035625517812758467,-0.005882352941176561,0.013670256835128458,-0.0018227009113505055,-0.0028169014084507005,-0.002982601491300918,0.0007456503728250352,-0.00041425020712515526,0.01673570836785432,-0.002319801159900603,0.0034797017398506824,-0.006213753106876663,-0.00024855012427515977,-0.0001657000828501065,0.0038111019055510065
230,230,0.9386909693454847,0.9363166953528399,0.9404242467702967,0.9762860893836258,-0.007787903893951897,-0.008367854183927048,-0.0007456503728251462,-0.0028169014084508115,0.014830157415078538,-0.0071251035625518044,-0.005550952775476348,-0.007705053852527066,-0.0035625517812759577,-0.001325600662800297,-0.007622203811101902,0.0017398508699255633,-0.0022369511184754387,-0.0004971002485500975,-0.0022369511184755497,-0.0021541010770504965,-0.0014913007456502925,-0.00024855012427504874,-0.0024026512013257673,0.0008285004142501995,0.0002485501242749377,0.004059652029825833,-0.000331400165700102,-0.008036454018226946,-0.0044739022369512105,0.0014913007456505145,0.0014913007456502925,-0.002734051367025536
231,231,0.9552609776304888,0.953125,0.9565107068389176,0.9844913561995963,0.0010770505385253593,0.0012427506213752437,0.0027340513670257582,-0.004888152444076255,-0.0030654515327257492,-0.0010770505385252482,0.0007456503728251462,-0.0051367025683514145,0.0012427506213752437,-0.007622203811101902,-0.0021541010770504965,0.0024855012427504874,-8.285004142505326e-05,0.0036454018227009,-0.007622203811101902,0.012924606462303312,0.005550952775476348,-0.002982601491300696,-0.005716652858326565,-0.004391052195526157,8.285004142494223e-05,0.016155758077878946,0.027671913835956907,-0.001657000828500399,0.005302402651201299,-0.0024855012427508205,-0.005385252692626463,-0.0024855012427508205
232,232,0.9370339685169843,0.9354838709677419,0.9396533654005274,0.974802246174553,-0.008202154101076942,0.0011599005799504125,0.0020712510356255542,0.0001657000828499955,0.00041425020712504423,-0.000994200497100306,-0.011764705882352788,-0.008864954432477146,-0.002319801159900603,-0.0015741507870753457,-0.004059652029825944,-0.0054681027340514055,-0.006628003314001707,-0.011350455675227855,-0.0014913007456504035,0.005219552609776468,-0.0011599005799503015,-0.001988400994200279,0.0036454018227009,0.0027340513670257582,-0.0007456503728252573,-0.0014913007456501814,0.03595691797845901,-0.0054681027340514055,-0.0030654515327257492,0.0007456503728252573,-0.0004971002485502085,-0.0012427506213753547
233,233,0.9428334714167357,0.9403630077787382,0.9443062343479365,0.9778995620180267,-0.004391052195526268,-0.0022369511184755497,-0.0014913007456504035,0.0036454018227009,-0.0025683512841756517,0.0024855012427505985,0.0005799502899750397,0.00339685169842574,-0.0007456503728250352,0.000994200497100084,0.0024855012427505985,0.0011599005799503015,-0.00331400165700102,0.004391052195526268,0.001657000828500399,0.0004971002485502085,-8.285004142516428e-05,-0.002651201325600705,0.0028169014084507005,-0.002982601491300807,0.0028997514498756427,0.0017398508699254522,0.0032311516155757447,-0.001988400994200501,0.0021541010770504965,-0.00041425020712515526,-0.0008285004142503105,-0.003065451532725527
234,234,0.9494614747307374,0.9474590869939707,0.9511876261818342,0.9707533951877144,0.0028169014084508115,0.0004142502071252663,-0.006545153272576543,0.004059652029826055,-0.0010770505385254703,-0.008947804473902088,-0.004722452361226037,-0.007125103562551693,0.0019055509527755587,-0.010853355426677758,-0.0009113504556752527,0.004639602319801095,-0.000994200497100306,-0.002651201325600594,-0.004225352112676162,0.0035625517812759577,0.0017398508699255633,-0.0011599005799503015,-0.0032311516155757447,-0.0034797017398507935,0.0004971002485500975,0.009196354598177359,0.004556752278376153,0.003314001657000687,8.285004142505326e-05,0.0004971002485499865,0.0038939519469760597,0.0001657000828499955
235,235,0.9585749792874897,0.9559859154929577,0.9589460851913552,0.9784842734684421,0.004639602319801095,0.001325600662800408,-0.0004142502071249332,0.00505385252692625,-0.000662800331399982,-0.0030654515327257492,0.0014084507042254613,0.0004142502071252663,0.0015741507870754567,0.006379453189726658,0.0028169014084508115,-0.000331400165700102,0.006628003314001707,-0.000994200497100084,0.0024026512013258783,0.000331400165700213,-0.002982601491300918,-0.0005799502899751507,-0.003728251864125842,0.001988400994200612,-0.0022369511184755497,-0.0001657000828501065,-0.0018227009113505055,0.0030654515327257492,0.0010770505385253593,-0.0008285004142501995,-0.00041425020712515526,0.0004971002485502085
236,236,0.9494614747307374,0.9466316710411199,0.9501823086173229,0.977502399523405,0.0017398508699255633,0.0,0.005965202982601725,0.01035625517812766,-0.004473902236950988,0.0004142502071252663,0.005716652858326343,-0.012676056338028152,-0.000994200497100195,0.006959403479701698,0.006213753106876552,0.01342170671085341,-0.0028997514498756427,-0.0024026512013257673,0.016735708367854207,0.009610604805302403,0.0011599005799501905,0.008119304059651888,0.0019055509527755587,0.007290803645401911,0.012178956089478166,-0.0012427506213753547,0.01599005799502906,-0.0048053024026512015,0.0008285004142500885,0.0038111019055507844,0.010439105219552824,-0.001657000828500399
237,237,0.9420049710024855,0.9402730375426621,0.9443117504936951,0.9619275619738976,0.011267605633802913,0.002734051367025647,0.006379453189726436,0.007207953603976747,-0.0024855012427505985,0.004059652029825944,-0.010190555095277554,-0.009859154929577452,-0.006130903065451387,0.005385252692626463,-0.009859154929577452,-0.0007456503728250352,-0.0037282518641259532,0.0014913007456501814,-0.0038939519469761708,0.017564208782104407,-0.0071251035625519155,0.0001657000828501065,-0.0025683512841756517,-0.002651201325600927,-0.0048053024026512015,-0.005385252692626574,0.008947804473902199,-0.004473902236950988,-0.0038939519469759487,-1.1102230246251565e-16,-0.0038111019055508955,-0.001325600662800408
238,238,0.9552609776304888,0.9529616724738676,0.9562873029356929,0.9842183069845438,-0.003645401822701011,-0.009444904722452296,-0.000994200497100195,-0.0033968516984259622,0.000994200497100195,0.004308202154101104,0.007705053852526733,8.285004142516428e-05,-0.0005799502899751507,-0.0022369511184755497,0.0024855012427504874,-0.0021541010770507185,-8.285004142505326e-05,0.0,-0.001657000828500399,-0.0005799502899751507,0.0,-0.0012427506213753547,-0.0038111019055508955,-0.0017398508699254522,-0.000662800331400204,0.0004971002485500975,0.006213753106876441,-0.0009113504556752527,0.0038111019055508955,-0.0017398508699254522,-0.0018227009113505055,8.285004142516428e-05
239,239,0.9221209610604806,0.9212730318257957,0.9255665081694119,0.9841852101099919,0.006710853355426649,0.007870753935377062,0.003645401822701011,-0.00588235294117645,-0.012178956089477944,0.0010770505385252482,-0.003645401822700789,-0.006462303231151489,-0.009444904722452185,0.0035625517812759577,-0.007953603976801893,-0.002402651201325545,0.0038111019055510065,-0.017895608947804398,0.01234465617232805,-0.005633802816901401,-0.004888152444076033,0.009693454846727456,0.00836785418392716,-0.006130903065451276,0.0002485501242752708,0.04084507042253516,0.0035625517812760688,0.032891466445733264,-0.003314001657000687,0.012676056338028152,8.285004142505326e-05,-0.0012427506213752437
240,240,0.956089478044739,0.9535495179666958,0.9567285945963836,0.9804756020873096,-0.000994200497100195,-0.0007456503728252573,-0.007622203811102124,-0.003314001657000909,0.004308202154101104,0.0001657000828499955,0.0008285004142501995,0.00165700082850051,-0.0004971002485502085,-0.002734051367025647,-0.0038111019055507844,-8.285004142483121e-05,0.0001657000828499955,0.002734051367025536,-0.000662800331400204,0.0048053024026512015,-0.000994200497100195,0.0,-0.0010770505385252482,0.0009113504556751417,-0.0004971002485500975,0.0008285004142501995,0.0028169014084508115,0.0008285004142501995,-0.0014084507042253502,0.0009113504556751417,0.0025683512841755407,0.0005799502899751507
241,241,0.9362054681027341,0.9336778639104221,0.937871650320488,0.969768763169798,-0.0004142502071249332,-0.0034797017398507935,-0.0002485501242749377,-0.0012427506213753547,-0.0038111019055511175,-0.006710853355426538,-0.002982601491300696,-0.0028997514498756427,-0.0021541010770504965,-0.00787075393537695,-0.004556752278376042,-0.0038111019055511175,-0.005882352941176339,-0.000662800331400204,0.013753106876553511,0.005716652858326343,-0.0004971002485502085,-0.000994200497100306,-0.00787075393537695,-0.001988400994200501,-0.001325600662800186,-0.007705053852526733,0.01880695940347976,-0.005550952775476459,0.002651201325600705,-0.004391052195526046,-0.0009113504556752527,-0.0014913007456504035
242,242,0.9536039768019884,0.9511343804537522,0.9545111040014121,0.9759882175126594,-0.005302402651201188,-0.00016570008284988447,0.004971002485501197,-0.005550952775476459,0.0004142502071249332,-0.005716652858326565,-0.0011599005799504125,-0.0041425020712512195,-0.012344656172328161,-0.001325600662800408,-0.007705053852526955,0.0034797017398509045,-0.0005799502899752618,0.0007456503728252573,-0.0022369511184755497,0.03396851698425851,-0.01764705882352946,-0.0007456503728250352,-0.0031483015741508025,0.0033968516984258512,0.0032311516155757447,0.023115161557580866,0.0032311516155758557,0.003976801988401002,-0.007622203811102013,-0.005219552609776246,-0.0007456503728252573,-0.0035625517812758467
243,243,0.9602319801159901,0.9581881533101045,0.9612807938836976,0.9855035689463059,-0.006710853355426649,-0.0012427506213752437,-0.0024855012427504874,0.00024855012427504874,-0.0011599005799503015,-0.004971002485501086,-0.0032311516155757447,-0.0033968516984259622,0.005882352941176672,-0.0030654515327258602,-0.004142502071250886,-0.0010770505385252482,-0.0037282518641260642,-0.0015741507870753457,0.0028997514498757537,0.002982601491300807,0.0005799502899753728,0.00753935376967696,0.0015741507870753457,0.007705053852526844,0.006710853355426871,0.00787075393537684,0.006379453189726547,0.0004971002485499865,0.0012427506213752437,-0.0025683512841755407,-0.0022369511184755497,0.003065451532725638
244,244,0.9204639602319801,0.9198664440734557,0.9241254150899683,0.9750311662235362,-0.002651201325600705,-0.005302402651201299,-0.0032311516155758557,-0.002982601491300807,0.06975973487986731,-0.006048053024026445,-0.00811930405965211,-0.005965202982601614,0.048632974316487054,-0.012924606462303312,-0.0007456503728253683,-0.0035625517812759577,-0.004308202154101104,-0.012427506213753214,-0.012510356255178157,0.00480530240265109,0.0004142502071249332,-0.0031483015741508025,-0.0014913007456505145,-0.0036454018227009,0.0015741507870753457,0.0067937033968517024,-0.000662800331400315,-0.005882352941176561,-0.002319801159900603,0.0009113504556752527,-0.0015741507870754567,-0.0034797017398509045
245,245,0.9428334714167357,0.9392070484581497,0.9430775128802003,0.9742616638902066,-0.0015741507870754567,0.0048053024026513125,-0.0014084507042253502,0.0015741507870752347,-0.015244407622203693,0.01151615575807774,0.0010770505385253593,-0.0038939519469759487,-0.0002485501242749377,-0.0035625517812758467,0.005882352941176339,-0.00331400165700102,0.005965202982601614,0.0015741507870752347,0.006130903065451387,0.001657000828500399,-0.000331400165699991,0.0031483015741508025,0.0030654515327257492,0.026180613090306504,0.0031483015741508025,0.016404308202153994,0.012510356255177935,0.01259320629660321,-0.0028169014084507005,-0.0014084507042254613,-0.0005799502899752618,0.010024855012427447
246,246,0.9428334714167357,0.9405684754521964,0.9445296382511612,0.9804976666703441,-0.0027340513670257582,-0.0035625517812760688,-0.0010770505385253593,0.0007456503728252573,0.0008285004142499774,-0.00977630488815262,-0.014084507042253724,-0.0010770505385251372,-0.00869925434962715,-0.009444904722452518,-0.0014913007456504035,-0.004391052195526046,-0.007290803645401911,0.0021541010770504965,-0.017978458989229562,-0.004556752278376264,0.006545153272576654,-0.0027340513670257582,-0.0019055509527755587,-0.0014913007456504035,0.00563380281690129,0.010604805302402598,0.02518641259320631,-0.005633802816901512,-0.0028997514498757537,-0.005219552609776246,-0.0015741507870754567,-0.0027340513670257582
247,247,0.9552609776304888,0.9533678756476683,0.9568458126937546,0.9889346116081772,-0.000331400165700102,0.003976801988401002,0.0007456503728251462,0.0014913007456502925,-0.0019055509527754477,-0.003976801988401113,0.0014084507042252392,-0.0009113504556752527,-0.002734051367025647,-0.0014913007456504035,-0.0011599005799503015,-0.002734051367025647,0.01292460646230309,0.0005799502899752618,-0.003645401822701011,0.00016570008285021753,0.0032311516155756337,0.0022369511184756607,-0.0014913007456504035,-0.0001657000828501065,0.015078707539353697,0.0028997514498757537,-0.0014913007456502925,0.0012427506213752437,0.009776304888152398,-0.000331400165700102,0.006959403479701809,-0.0011599005799505235
248,248,0.9676884838442419,0.9655781112091791,0.967933265668612,0.9821800911267279,-0.0025683512841755407,0.0014084507042252392,-0.004391052195526157,0.0017398508699253412,0.0001657000828499955,-0.0034797017398509045,-0.0037282518641259532,0.0015741507870752347,-0.0010770505385252482,8.285004142505326e-05,0.0037282518641259532,0.008119304059651888,-0.00198840099420039,-0.0008285004142501995,-0.000994200497100195,0.003645401822700789,-0.002071251035625443,0.000662800331400093,0.002071251035625443,0.0014084507042253502,-0.000662800331400093,0.00894780447390231,0.0010770505385252482,0.0018227009113502834,0.003314001657000909,-0.0012427506213752437,-0.000331400165700102,0.0012427506213752437
249,249,0.9544324772162386,0.9521322889469104,0.9555109054201648,0.9815926216034332,-0.0064623032311517115,-0.0004971002485502085,0.005385252692626463,0.005302402651201299,0.0271748135874067,0.0034797017398507935,0.005965202982601614,-0.001988400994200723,0.008533554266777155,-0.0021541010770504965,-0.0018227009113505055,0.0008285004142503105,0.007290803645401689,0.0028169014084507005,0.0008285004142500885,0.0022369511184755497,0.004308202154100993,0.004225352112676051,0.002319801159900603,0.004308202154101104,0.010439105219552602,0.006545153272576543,-0.001988400994200279,0.0266777133388566,-0.001657000828500399,8.285004142516428e-05,0.000662800331400093,0.0018227009113505055
